trial,lap,entrant,lap_time,cumulative_time,weather,wetness
1,1,Hamilton (Mercedes),39.86214,39.86214,Foggy,0.4
1,2,Hamilton (Mercedes),40.26583,80.12797,Foggy,0.4
1,3,Hamilton (Mercedes),40.93992,121.06789,Foggy,0.4
1,4,Hamilton (Mercedes),40.50476,161.57266,Foggy,0.4
1,5,Hamilton (Mercedes),40.54287,202.11552,Foggy,0.4
1,1,Verstappen (Red Bull),40.26756,40.26756,Foggy,0.4
1,2,Verstappen (Red Bull),39.134,79.40156,Foggy,0.4
1,3,Verstappen (Red Bull),40.42202,119.82359,Foggy,0.4
1,4,Verstappen (Red Bull),39.49793,159.32152,Foggy,0.4
1,5,Verstappen (Red Bull),39.70671,199.02823,Foggy,0.4
1,1,Norris (McLaren),40.68711,40.68711,Foggy,0.4
1,2,Norris (McLaren),40.63741,81.32452,Foggy,0.4
1,3,Norris (McLaren),40.74341,122.06793,Foggy,0.4
1,4,Norris (McLaren),39.98632,162.05425,Foggy,0.4
1,5,Norris (McLaren),39.12974,201.18399,Foggy,0.4
1,1,Leclerc (Ferrari),39.94985,39.94985,Foggy,0.4
1,2,Leclerc (Ferrari),40.06979,80.01964,Foggy,0.4
1,3,Leclerc (Ferrari),39.47956,119.4992,Foggy,0.4
1,4,Leclerc (Ferrari),39.98324,159.48244,Foggy,0.4
1,5,Leclerc (Ferrari),38.64361,198.12606,Foggy,0.4
2,1,Hamilton (Mercedes),39.1913,39.1913,Foggy,0.4
2,2,Hamilton (Mercedes),41.13672,80.32803,Foggy,0.4
2,3,Hamilton (Mercedes),40.21729,120.54532,Foggy,0.4
2,4,Hamilton (Mercedes),40.6296,161.17492,Foggy,0.4
2,5,Hamilton (Mercedes),39.87049,201.04541,Foggy,0.4
2,1,Verstappen (Red Bull),38.95563,38.95563,Foggy,0.4
2,2,Verstappen (Red Bull),40.90555,79.86117,Foggy,0.4
2,3,Verstappen (Red Bull),39.31151,119.17268,Foggy,0.4
2,4,Verstappen (Red Bull),39.4265,158.59918,Foggy,0.4
2,5,Verstappen (Red Bull),40.11473,198.71391,Foggy,0.4
2,1,Norris (McLaren),38.97849,38.97849,Foggy,0.4
2,2,Norris (McLaren),38.77941,77.7579,Foggy,0.4
2,3,Norris (McLaren),39.96422,117.72212,Foggy,0.4
2,4,Norris (McLaren),38.87869,156.60081,Foggy,0.4
2,5,Norris (McLaren),39.35046,195.95128,Foggy,0.4
2,1,Leclerc (Ferrari),40.15414,40.15414,Foggy,0.4
2,2,Leclerc (Ferrari),39.83262,79.98676,Foggy,0.4
2,3,Leclerc (Ferrari),39.28229,119.26906,Foggy,0.4
2,4,Leclerc (Ferrari),40.01086,159.27992,Foggy,0.4
2,5,Leclerc (Ferrari),39.6648,198.94472,Foggy,0.4
3,1,Hamilton (Mercedes),39.69518,39.69518,Foggy,0.4
3,2,Hamilton (Mercedes),39.72824,79.42343,Foggy,0.4
3,3,Hamilton (Mercedes),40.05996,119.48339,Foggy,0.4
3,4,Hamilton (Mercedes),40.52837,160.01176,Foggy,0.4
3,5,Hamilton (Mercedes),39.94983,199.96159,Foggy,0.4
3,1,Verstappen (Red Bull),39.4727,39.4727,Foggy,0.4
3,2,Verstappen (Red Bull),39.50719,78.97988,Foggy,0.4
3,3,Verstappen (Red Bull),38.84365,117.82353,Foggy,0.4
3,4,Verstappen (Red Bull),40.50128,158.32481,Foggy,0.4
3,5,Verstappen (Red Bull),38.8916,197.21641,Foggy,0.4
3,1,Norris (McLaren),40.03827,40.03827,Foggy,0.4
3,2,Norris (McLaren),39.84079,79.87906,Foggy,0.4
3,3,Norris (McLaren),40.52599,120.40505,Foggy,0.4
3,4,Norris (McLaren),39.56614,159.97119,Foggy,0.4
3,5,Norris (McLaren),39.78761,199.7588,Foggy,0.4
3,1,Leclerc (Ferrari),39.34814,39.34814,Foggy,0.4
3,2,Leclerc (Ferrari),38.74526,78.0934,Foggy,0.4
3,3,Leclerc (Ferrari),38.42434,116.51774,Foggy,0.4
3,4,Leclerc (Ferrari),40.62596,157.1437,Foggy,0.4
3,5,Leclerc (Ferrari),39.14491,196.28861,Foggy,0.4
4,1,Hamilton (Mercedes),40.67975,40.67975,Foggy,0.4
4,2,Hamilton (Mercedes),40.92324,81.60299,Foggy,0.4
4,3,Hamilton (Mercedes),41.01742,122.62041,Foggy,0.4
4,4,Hamilton (Mercedes),40.3002,162.92061,Foggy,0.4
4,5,Hamilton (Mercedes),41.7073,204.62792,Foggy,0.4
4,1,Verstappen (Red Bull),39.40263,39.40263,Foggy,0.4
4,2,Verstappen (Red Bull),39.45279,78.85542,Foggy,0.4
4,3,Verstappen (Red Bull),39.74478,118.60021,Foggy,0.4
4,4,Verstappen (Red Bull),39.51885,158.11906,Foggy,0.4
4,5,Verstappen (Red Bull),39.5819,197.70096,Foggy,0.4
4,1,Norris (McLaren),39.59407,39.59407,Foggy,0.4
4,2,Norris (McLaren),39.56936,79.16343,Foggy,0.4
4,3,Norris (McLaren),39.35259,118.51602,Foggy,0.4
4,4,Norris (McLaren),39.74055,158.25657,Foggy,0.4
4,5,Norris (McLaren),39.56947,197.82605,Foggy,0.4
4,1,Leclerc (Ferrari),40.84771,40.84771,Foggy,0.4
4,2,Leclerc (Ferrari),38.90392,79.75163,Foggy,0.4
4,3,Leclerc (Ferrari),40.22799,119.97963,Foggy,0.4
4,4,Leclerc (Ferrari),39.56041,159.54004,Foggy,0.4
4,5,Leclerc (Ferrari),39.39559,198.93563,Foggy,0.4
5,1,Hamilton (Mercedes),41.36282,41.36282,Foggy,0.4
5,2,Hamilton (Mercedes),40.16367,81.52649,Foggy,0.4
5,3,Hamilton (Mercedes),40.85521,122.3817,Foggy,0.4
5,4,Hamilton (Mercedes),40.19923,162.58093,Foggy,0.4
5,5,Hamilton (Mercedes),40.1906,202.77153,Foggy,0.4
5,1,Verstappen (Red Bull),39.10271,39.10271,Foggy,0.4
5,2,Verstappen (Red Bull),38.56619,77.66891,Foggy,0.4
5,3,Verstappen (Red Bull),38.88882,116.55773,Foggy,0.4
5,4,Verstappen (Red Bull),39.87786,156.43559,Foggy,0.4
5,5,Verstappen (Red Bull),39.04997,195.48556,Foggy,0.4
5,1,Norris (McLaren),39.7927,39.7927,Foggy,0.4
5,2,Norris (McLaren),40.47262,80.26532,Foggy,0.4
5,3,Norris (McLaren),39.78433,120.04966,Foggy,0.4
5,4,Norris (McLaren),39.13605,159.1857,Foggy,0.4
5,5,Norris (McLaren),39.53876,198.72446,Foggy,0.4
5,1,Leclerc (Ferrari),39.32665,39.32665,Foggy,0.4
5,2,Leclerc (Ferrari),40.24382,79.57047,Foggy,0.4
5,3,Leclerc (Ferrari),38.13184,117.70231,Foggy,0.4
5,4,Leclerc (Ferrari),39.19055,156.89286,Foggy,0.4
5,5,Leclerc (Ferrari),39.59851,196.49137,Foggy,0.4
6,1,Hamilton (Mercedes),40.92952,40.92952,Foggy,0.4
6,2,Hamilton (Mercedes),39.78011,80.70963,Foggy,0.4
6,3,Hamilton (Mercedes),39.16043,119.87006,Foggy,0.4
6,4,Hamilton (Mercedes),40.20539,160.07545,Foggy,0.4
6,5,Hamilton (Mercedes),40.90311,200.97856,Foggy,0.4
6,1,Verstappen (Red Bull),39.41367,39.41367,Foggy,0.4
6,2,Verstappen (Red Bull),40.07317,79.48684,Foggy,0.4
6,3,Verstappen (Red Bull),39.31502,118.80186,Foggy,0.4
6,4,Verstappen (Red Bull),39.36084,158.1627,Foggy,0.4
6,5,Verstappen (Red Bull),38.74805,196.91075,Foggy,0.4
6,1,Norris (McLaren),39.1817,39.1817,Foggy,0.4
6,2,Norris (McLaren),39.08087,78.26257,Foggy,0.4
6,3,Norris (McLaren),40.63623,118.8988,Foggy,0.4
6,4,Norris (McLaren),40.34003,159.23883,Foggy,0.4
6,5,Norris (McLaren),40.06905,199.30788,Foggy,0.4
6,1,Leclerc (Ferrari),39.57352,39.57352,Foggy,0.4
6,2,Leclerc (Ferrari),40.44285,80.01636,Foggy,0.4
6,3,Leclerc (Ferrari),40.02468,120.04104,Foggy,0.4
6,4,Leclerc (Ferrari),39.56346,159.6045,Foggy,0.4
6,5,Leclerc (Ferrari),39.89306,199.49756,Foggy,0.4
7,1,Hamilton (Mercedes),39.41819,39.41819,Foggy,0.4
7,2,Hamilton (Mercedes),40.46,79.87819,Foggy,0.4
7,3,Hamilton (Mercedes),39.81376,119.69195,Foggy,0.4
7,4,Hamilton (Mercedes),40.47906,160.17101,Foggy,0.4
7,5,Hamilton (Mercedes),40.4448,200.61581,Foggy,0.4
7,1,Verstappen (Red Bull),40.2125,40.2125,Foggy,0.4
7,2,Verstappen (Red Bull),39.34052,79.55302,Foggy,0.4
7,3,Verstappen (Red Bull),39.75913,119.31215,Foggy,0.4
7,4,Verstappen (Red Bull),40.07303,159.38518,Foggy,0.4
7,5,Verstappen (Red Bull),40.46977,199.85495,Foggy,0.4
7,1,Norris (McLaren),39.06301,39.06301,Foggy,0.4
7,2,Norris (McLaren),40.6079,79.67091,Foggy,0.4
7,3,Norris (McLaren),39.75443,119.42534,Foggy,0.4
7,4,Norris (McLaren),40.31047,159.73581,Foggy,0.4
7,5,Norris (McLaren),40.72367,200.45948,Foggy,0.4
7,1,Leclerc (Ferrari),39.85361,39.85361,Foggy,0.4
7,2,Leclerc (Ferrari),38.52468,78.37829,Foggy,0.4
7,3,Leclerc (Ferrari),39.458,117.83629,Foggy,0.4
7,4,Leclerc (Ferrari),39.7404,157.57669,Foggy,0.4
7,5,Leclerc (Ferrari),39.14248,196.71917,Foggy,0.4
8,1,Hamilton (Mercedes),40.55476,40.55476,Foggy,0.4
8,2,Hamilton (Mercedes),39.71715,80.27191,Foggy,0.4
8,3,Hamilton (Mercedes),39.96847,120.24038,Foggy,0.4
8,4,Hamilton (Mercedes),39.65311,159.8935,Foggy,0.4
8,5,Hamilton (Mercedes),40.34201,200.23551,Foggy,0.4
8,1,Verstappen (Red Bull),38.71037,38.71037,Foggy,0.4
8,2,Verstappen (Red Bull),39.18415,77.89453,Foggy,0.4
8,3,Verstappen (Red Bull),39.73515,117.62967,Foggy,0.4
8,4,Verstappen (Red Bull),38.73734,156.36701,Foggy,0.4
8,5,Verstappen (Red Bull),40.13322,196.50023,Foggy,0.4
8,1,Norris (McLaren),38.99179,38.99179,Foggy,0.4
8,2,Norris (McLaren),41.28578,80.27757,Foggy,0.4
8,3,Norris (McLaren),38.74905,119.02662,Foggy,0.4
8,4,Norris (McLaren),39.94468,158.9713,Foggy,0.4
8,5,Norris (McLaren),40.2602,199.2315,Foggy,0.4
8,1,Leclerc (Ferrari),40.47128,40.47128,Foggy,0.4
8,2,Leclerc (Ferrari),39.3948,79.86607,Foggy,0.4
8,3,Leclerc (Ferrari),39.96746,119.83354,Foggy,0.4
8,4,Leclerc (Ferrari),38.89585,158.72939,Foggy,0.4
8,5,Leclerc (Ferrari),39.16674,197.89613,Foggy,0.4
9,1,Hamilton (Mercedes),39.65884,39.65884,Foggy,0.4
9,2,Hamilton (Mercedes),40.41378,80.07263,Foggy,0.4
9,3,Hamilton (Mercedes),40.29573,120.36835,Foggy,0.4
9,4,Hamilton (Mercedes),40.41881,160.78716,Foggy,0.4
9,5,Hamilton (Mercedes),40.50057,201.28773,Foggy,0.4
9,1,Verstappen (Red Bull),40.23635,40.23635,Foggy,0.4
9,2,Verstappen (Red Bull),39.6596,79.89595,Foggy,0.4
9,3,Verstappen (Red Bull),40.5861,120.48205,Foggy,0.4
9,4,Verstappen (Red Bull),39.80088,160.28293,Foggy,0.4
9,5,Verstappen (Red Bull),39.24156,199.52449,Foggy,0.4
9,1,Norris (McLaren),39.6841,39.6841,Foggy,0.4
9,2,Norris (McLaren),38.43987,78.12397,Foggy,0.4
9,3,Norris (McLaren),39.9922,118.11617,Foggy,0.4
9,4,Norris (McLaren),39.41521,157.53137,Foggy,0.4
9,5,Norris (McLaren),40.79415,198.32553,Foggy,0.4
9,1,Leclerc (Ferrari),38.90103,38.90103,Foggy,0.4
9,2,Leclerc (Ferrari),39.20147,78.1025,Foggy,0.4
9,3,Leclerc (Ferrari),39.31765,117.42015,Foggy,0.4
9,4,Leclerc (Ferrari),39.63499,157.05515,Foggy,0.4
9,5,Leclerc (Ferrari),40.10609,197.16124,Foggy,0.4
10,1,Hamilton (Mercedes),40.35067,40.35067,Foggy,0.4
10,2,Hamilton (Mercedes),39.76955,80.12022,Foggy,0.4
10,3,Hamilton (Mercedes),40.29337,120.41359,Foggy,0.4
10,4,Hamilton (Mercedes),39.28326,159.69685,Foggy,0.4
10,5,Hamilton (Mercedes),40.3525,200.04936,Foggy,0.4
10,1,Verstappen (Red Bull),40.0635,40.0635,Foggy,0.4
10,2,Verstappen (Red Bull),38.98383,79.04733,Foggy,0.4
10,3,Verstappen (Red Bull),40.48645,119.53378,Foggy,0.4
10,4,Verstappen (Red Bull),39.35082,158.8846,Foggy,0.4
10,5,Verstappen (Red Bull),40.55967,199.44427,Foggy,0.4
10,1,Norris (McLaren),39.57412,39.57412,Foggy,0.4
10,2,Norris (McLaren),39.42982,79.00394,Foggy,0.4
10,3,Norris (McLaren),39.56874,118.57267,Foggy,0.4
10,4,Norris (McLaren),38.14403,156.7167,Foggy,0.4
10,5,Norris (McLaren),39.33512,196.05183,Foggy,0.4
10,1,Leclerc (Ferrari),39.78789,39.78789,Foggy,0.4
10,2,Leclerc (Ferrari),39.32794,79.11583,Foggy,0.4
10,3,Leclerc (Ferrari),38.49972,117.61555,Foggy,0.4
10,4,Leclerc (Ferrari),38.81963,156.43518,Foggy,0.4
10,5,Leclerc (Ferrari),40.02586,196.46104,Foggy,0.4
11,1,Hamilton (Mercedes),39.66844,39.66844,Foggy,0.4
11,2,Hamilton (Mercedes),39.74634,79.41477,Foggy,0.4
11,3,Hamilton (Mercedes),40.6545,120.06928,Foggy,0.4
11,4,Hamilton (Mercedes),39.99566,160.06494,Foggy,0.4
11,5,Hamilton (Mercedes),39.78597,199.85091,Foggy,0.4
11,1,Verstappen (Red Bull),40.28428,40.28428,Foggy,0.4
11,2,Verstappen (Red Bull),40.14343,80.42771,Foggy,0.4
11,3,Verstappen (Red Bull),39.81774,120.24545,Foggy,0.4
11,4,Verstappen (Red Bull),40.59189,160.83733,Foggy,0.4
11,5,Verstappen (Red Bull),40.5839,201.42123,Foggy,0.4
11,1,Norris (McLaren),39.2506,39.2506,Foggy,0.4
11,2,Norris (McLaren),39.94317,79.19377,Foggy,0.4
11,3,Norris (McLaren),40.32949,119.52326,Foggy,0.4
11,4,Norris (McLaren),39.69858,159.22184,Foggy,0.4
11,5,Norris (McLaren),40.76679,199.98863,Foggy,0.4
11,1,Leclerc (Ferrari),40.11886,40.11886,Foggy,0.4
11,2,Leclerc (Ferrari),39.15377,79.27263,Foggy,0.4
11,3,Leclerc (Ferrari),39.8126,119.08523,Foggy,0.4
11,4,Leclerc (Ferrari),38.65131,157.73654,Foggy,0.4
11,5,Leclerc (Ferrari),40.37541,198.11195,Foggy,0.4
12,1,Hamilton (Mercedes),39.92893,39.92893,Foggy,0.4
12,2,Hamilton (Mercedes),40.33776,80.26669,Foggy,0.4
12,3,Hamilton (Mercedes),39.64793,119.91462,Foggy,0.4
12,4,Hamilton (Mercedes),39.89451,159.80912,Foggy,0.4
12,5,Hamilton (Mercedes),40.67459,200.48371,Foggy,0.4
12,1,Verstappen (Red Bull),39.78651,39.78651,Foggy,0.4
12,2,Verstappen (Red Bull),39.26616,79.05267,Foggy,0.4
12,3,Verstappen (Red Bull),39.28793,118.3406,Foggy,0.4
12,4,Verstappen (Red Bull),39.43391,157.77451,Foggy,0.4
12,5,Verstappen (Red Bull),39.18038,196.95489,Foggy,0.4
12,1,Norris (McLaren),39.00712,39.00712,Foggy,0.4
12,2,Norris (McLaren),40.58901,79.59614,Foggy,0.4
12,3,Norris (McLaren),39.05321,118.64935,Foggy,0.4
12,4,Norris (McLaren),39.96074,158.61009,Foggy,0.4
12,5,Norris (McLaren),39.76886,198.37894,Foggy,0.4
12,1,Leclerc (Ferrari),40.25909,40.25909,Foggy,0.4
12,2,Leclerc (Ferrari),39.46199,79.72108,Foggy,0.4
12,3,Leclerc (Ferrari),40.5638,120.28487,Foggy,0.4
12,4,Leclerc (Ferrari),39.45272,159.73759,Foggy,0.4
12,5,Leclerc (Ferrari),39.50566,199.24325,Foggy,0.4
13,1,Hamilton (Mercedes),40.92117,40.92117,Foggy,0.4
13,2,Hamilton (Mercedes),40.06112,80.9823,Foggy,0.4
13,3,Hamilton (Mercedes),41.11169,122.09399,Foggy,0.4
13,4,Hamilton (Mercedes),39.84063,161.93462,Foggy,0.4
13,5,Hamilton (Mercedes),39.86373,201.79836,Foggy,0.4
13,1,Verstappen (Red Bull),39.97592,39.97592,Foggy,0.4
13,2,Verstappen (Red Bull),39.71521,79.69113,Foggy,0.4
13,3,Verstappen (Red Bull),40.11185,119.80297,Foggy,0.4
13,4,Verstappen (Red Bull),39.88841,159.69139,Foggy,0.4
13,5,Verstappen (Red Bull),40.22437,199.91576,Foggy,0.4
13,1,Norris (McLaren),40.35283,40.35283,Foggy,0.4
13,2,Norris (McLaren),40.20682,80.55966,Foggy,0.4
13,3,Norris (McLaren),39.05543,119.61508,Foggy,0.4
13,4,Norris (McLaren),40.03006,159.64514,Foggy,0.4
13,5,Norris (McLaren),39.71999,199.36513,Foggy,0.4
13,1,Leclerc (Ferrari),39.1986,39.1986,Foggy,0.4
13,2,Leclerc (Ferrari),40.03672,79.23532,Foggy,0.4
13,3,Leclerc (Ferrari),38.97436,118.20968,Foggy,0.4
13,4,Leclerc (Ferrari),39.38697,157.59665,Foggy,0.4
13,5,Leclerc (Ferrari),40.00629,197.60294,Foggy,0.4
14,1,Hamilton (Mercedes),39.5594,39.5594,Foggy,0.4
14,2,Hamilton (Mercedes),40.07969,79.63909,Foggy,0.4
14,3,Hamilton (Mercedes),40.99577,120.63486,Foggy,0.4
14,4,Hamilton (Mercedes),40.10863,160.74349,Foggy,0.4
14,5,Hamilton (Mercedes),40.15422,200.89771,Foggy,0.4
14,1,Verstappen (Red Bull),39.32052,39.32052,Foggy,0.4
14,2,Verstappen (Red Bull),39.91218,79.23271,Foggy,0.4
14,3,Verstappen (Red Bull),40.07698,119.30969,Foggy,0.4
14,4,Verstappen (Red Bull),38.5471,157.85679,Foggy,0.4
14,5,Verstappen (Red Bull),39.10911,196.9659,Foggy,0.4
14,1,Norris (McLaren),40.80812,40.80812,Foggy,0.4
14,2,Norris (McLaren),38.40242,79.21054,Foggy,0.4
14,3,Norris (McLaren),39.31155,118.52209,Foggy,0.4
14,4,Norris (McLaren),39.85065,158.37274,Foggy,0.4
14,5,Norris (McLaren),39.67999,198.05274,Foggy,0.4
14,1,Leclerc (Ferrari),39.74155,39.74155,Foggy,0.4
14,2,Leclerc (Ferrari),40.93598,80.67753,Foggy,0.4
14,3,Leclerc (Ferrari),40.60379,121.28132,Foggy,0.4
14,4,Leclerc (Ferrari),39.53729,160.81861,Foggy,0.4
14,5,Leclerc (Ferrari),38.52797,199.34658,Foggy,0.4
15,1,Hamilton (Mercedes),41.39089,41.39089,Foggy,0.4
15,2,Hamilton (Mercedes),41.27331,82.66419,Foggy,0.4
15,3,Hamilton (Mercedes),40.45633,123.12052,Foggy,0.4
15,4,Hamilton (Mercedes),39.16062,162.28114,Foggy,0.4
15,5,Hamilton (Mercedes),40.75885,203.04,Foggy,0.4
15,1,Verstappen (Red Bull),40.83979,40.83979,Foggy,0.4
15,2,Verstappen (Red Bull),39.04223,79.88202,Foggy,0.4
15,3,Verstappen (Red Bull),38.29398,118.176,Foggy,0.4
15,4,Verstappen (Red Bull),40.14289,158.31888,Foggy,0.4
15,5,Verstappen (Red Bull),39.62775,197.94663,Foggy,0.4
15,1,Norris (McLaren),41.16788,41.16788,Foggy,0.4
15,2,Norris (McLaren),40.15585,81.32373,Foggy,0.4
15,3,Norris (McLaren),39.74651,121.07024,Foggy,0.4
15,4,Norris (McLaren),39.4218,160.49204,Foggy,0.4
15,5,Norris (McLaren),39.01702,199.50906,Foggy,0.4
15,1,Leclerc (Ferrari),39.66388,39.66388,Foggy,0.4
15,2,Leclerc (Ferrari),39.90013,79.56401,Foggy,0.4
15,3,Leclerc (Ferrari),39.88298,119.44699,Foggy,0.4
15,4,Leclerc (Ferrari),38.88672,158.33371,Foggy,0.4
15,5,Leclerc (Ferrari),39.38429,197.71801,Foggy,0.4
16,1,Hamilton (Mercedes),40.0668,40.0668,Foggy,0.4
16,2,Hamilton (Mercedes),39.82035,79.88716,Foggy,0.4
16,3,Hamilton (Mercedes),40.44621,120.33336,Foggy,0.4
16,4,Hamilton (Mercedes),40.18632,160.51968,Foggy,0.4
16,5,Hamilton (Mercedes),40.0834,200.60308,Foggy,0.4
16,1,Verstappen (Red Bull),38.5003,38.5003,Foggy,0.4
16,2,Verstappen (Red Bull),40.42798,78.92828,Foggy,0.4
16,3,Verstappen (Red Bull),38.59588,117.52417,Foggy,0.4
16,4,Verstappen (Red Bull),40.24287,157.76704,Foggy,0.4
16,5,Verstappen (Red Bull),39.12443,196.89147,Foggy,0.4
16,1,Norris (McLaren),38.61284,38.61284,Foggy,0.4
16,2,Norris (McLaren),40.32538,78.93822,Foggy,0.4
16,3,Norris (McLaren),39.34868,118.2869,Foggy,0.4
16,4,Norris (McLaren),40.46697,158.75387,Foggy,0.4
16,5,Norris (McLaren),39.66367,198.41754,Foggy,0.4
16,1,Leclerc (Ferrari),39.01158,39.01158,Foggy,0.4
16,2,Leclerc (Ferrari),39.23913,78.25071,Foggy,0.4
16,3,Leclerc (Ferrari),39.04481,117.29552,Foggy,0.4
16,4,Leclerc (Ferrari),39.90463,157.20015,Foggy,0.4
16,5,Leclerc (Ferrari),38.67989,195.88004,Foggy,0.4
17,1,Hamilton (Mercedes),39.74424,39.74424,Foggy,0.4
17,2,Hamilton (Mercedes),39.93772,79.68196,Foggy,0.4
17,3,Hamilton (Mercedes),39.40559,119.08755,Foggy,0.4
17,4,Hamilton (Mercedes),38.89601,157.98356,Foggy,0.4
17,5,Hamilton (Mercedes),39.57824,197.56179,Foggy,0.4
17,1,Verstappen (Red Bull),39.68273,39.68273,Foggy,0.4
17,2,Verstappen (Red Bull),39.63768,79.32042,Foggy,0.4
17,3,Verstappen (Red Bull),40.93477,120.25518,Foggy,0.4
17,4,Verstappen (Red Bull),38.92533,159.18052,Foggy,0.4
17,5,Verstappen (Red Bull),39.83813,199.01865,Foggy,0.4
17,1,Norris (McLaren),40.05138,40.05138,Foggy,0.4
17,2,Norris (McLaren),40.14392,80.1953,Foggy,0.4
17,3,Norris (McLaren),40.59965,120.79495,Foggy,0.4
17,4,Norris (McLaren),39.78506,160.58001,Foggy,0.4
17,5,Norris (McLaren),39.47003,200.05004,Foggy,0.4
17,1,Leclerc (Ferrari),41.05602,41.05602,Foggy,0.4
17,2,Leclerc (Ferrari),40.6713,81.72732,Foggy,0.4
17,3,Leclerc (Ferrari),41.25491,122.98223,Foggy,0.4
17,4,Leclerc (Ferrari),39.03823,162.02045,Foggy,0.4
17,5,Leclerc (Ferrari),39.2637,201.28415,Foggy,0.4
18,1,Hamilton (Mercedes),40.33202,40.33202,Foggy,0.4
18,2,Hamilton (Mercedes),40.60895,80.94097,Foggy,0.4
18,3,Hamilton (Mercedes),39.9321,120.87308,Foggy,0.4
18,4,Hamilton (Mercedes),40.18979,161.06287,Foggy,0.4
18,5,Hamilton (Mercedes),40.33657,201.39944,Foggy,0.4
18,1,Verstappen (Red Bull),38.82965,38.82965,Foggy,0.4
18,2,Verstappen (Red Bull),38.77891,77.60856,Foggy,0.4
18,3,Verstappen (Red Bull),39.60131,117.20987,Foggy,0.4
18,4,Verstappen (Red Bull),39.86558,157.07545,Foggy,0.4
18,5,Verstappen (Red Bull),40.87972,197.95517,Foggy,0.4
18,1,Norris (McLaren),38.90658,38.90658,Foggy,0.4
18,2,Norris (McLaren),38.02606,76.93264,Foggy,0.4
18,3,Norris (McLaren),39.51615,116.44879,Foggy,0.4
18,4,Norris (McLaren),40.43106,156.87984,Foggy,0.4
18,5,Norris (McLaren),39.83901,196.71885,Foggy,0.4
18,1,Leclerc (Ferrari),39.81273,39.81273,Foggy,0.4
18,2,Leclerc (Ferrari),39.79044,79.60317,Foggy,0.4
18,3,Leclerc (Ferrari),39.5772,119.18037,Foggy,0.4
18,4,Leclerc (Ferrari),39.39496,158.57534,Foggy,0.4
18,5,Leclerc (Ferrari),39.74515,198.32049,Foggy,0.4
19,1,Hamilton (Mercedes),40.18349,40.18349,Foggy,0.4
19,2,Hamilton (Mercedes),40.40485,80.58834,Foggy,0.4
19,3,Hamilton (Mercedes),40.33067,120.91901,Foggy,0.4
19,4,Hamilton (Mercedes),40.39157,161.31058,Foggy,0.4
19,5,Hamilton (Mercedes),40.26324,201.57382,Foggy,0.4
19,1,Verstappen (Red Bull),38.23239,38.23239,Foggy,0.4
19,2,Verstappen (Red Bull),40.34003,78.57242,Foggy,0.4
19,3,Verstappen (Red Bull),40.64877,119.22118,Foggy,0.4
19,4,Verstappen (Red Bull),39.92797,159.14916,Foggy,0.4
19,5,Verstappen (Red Bull),38.86552,198.01468,Foggy,0.4
19,1,Norris (McLaren),40.00559,40.00559,Foggy,0.4
19,2,Norris (McLaren),40.24991,80.2555,Foggy,0.4
19,3,Norris (McLaren),39.67705,119.93254,Foggy,0.4
19,4,Norris (McLaren),38.54211,158.47465,Foggy,0.4
19,5,Norris (McLaren),39.78408,198.25873,Foggy,0.4
19,1,Leclerc (Ferrari),39.39927,39.39927,Foggy,0.4
19,2,Leclerc (Ferrari),38.49497,77.89423,Foggy,0.4
19,3,Leclerc (Ferrari),38.23996,116.13419,Foggy,0.4
19,4,Leclerc (Ferrari),39.47221,155.60639,Foggy,0.4
19,5,Leclerc (Ferrari),39.63352,195.23991,Foggy,0.4
20,1,Hamilton (Mercedes),40.28116,40.28116,Foggy,0.4
20,2,Hamilton (Mercedes),39.54107,79.82223,Foggy,0.4
20,3,Hamilton (Mercedes),39.53861,119.36084,Foggy,0.4
20,4,Hamilton (Mercedes),40.00086,159.3617,Foggy,0.4
20,5,Hamilton (Mercedes),39.84605,199.20775,Foggy,0.4
20,1,Verstappen (Red Bull),39.35566,39.35566,Foggy,0.4
20,2,Verstappen (Red Bull),39.822,79.17766,Foggy,0.4
20,3,Verstappen (Red Bull),39.47587,118.65353,Foggy,0.4
20,4,Verstappen (Red Bull),40.15021,158.80374,Foggy,0.4
20,5,Verstappen (Red Bull),39.18775,197.99148,Foggy,0.4
20,1,Norris (McLaren),39.24153,39.24153,Foggy,0.4
20,2,Norris (McLaren),39.85519,79.09672,Foggy,0.4
20,3,Norris (McLaren),39.67168,118.7684,Foggy,0.4
20,4,Norris (McLaren),38.78169,157.55009,Foggy,0.4
20,5,Norris (McLaren),40.24494,197.79503,Foggy,0.4
20,1,Leclerc (Ferrari),39.36056,39.36056,Foggy,0.4
20,2,Leclerc (Ferrari),41.08055,80.44111,Foggy,0.4
20,3,Leclerc (Ferrari),39.51326,119.95437,Foggy,0.4
20,4,Leclerc (Ferrari),38.86945,158.82382,Foggy,0.4
20,5,Leclerc (Ferrari),39.37911,198.20293,Foggy,0.4
21,1,Hamilton (Mercedes),40.63447,40.63447,Foggy,0.4
21,2,Hamilton (Mercedes),39.63905,80.27352,Foggy,0.4
21,3,Hamilton (Mercedes),41.13616,121.40968,Foggy,0.4
21,4,Hamilton (Mercedes),40.23369,161.64337,Foggy,0.4
21,5,Hamilton (Mercedes),39.68351,201.32688,Foggy,0.4
21,1,Verstappen (Red Bull),39.50845,39.50845,Foggy,0.4
21,2,Verstappen (Red Bull),39.19654,78.70499,Foggy,0.4
21,3,Verstappen (Red Bull),40.02814,118.73313,Foggy,0.4
21,4,Verstappen (Red Bull),39.57335,158.30648,Foggy,0.4
21,5,Verstappen (Red Bull),39.38662,197.6931,Foggy,0.4
21,1,Norris (McLaren),39.30374,39.30374,Foggy,0.4
21,2,Norris (McLaren),40.2204,79.52415,Foggy,0.4
21,3,Norris (McLaren),38.41772,117.94187,Foggy,0.4
21,4,Norris (McLaren),40.19183,158.1337,Foggy,0.4
21,5,Norris (McLaren),39.7179,197.8516,Foggy,0.4
21,1,Leclerc (Ferrari),39.58836,39.58836,Foggy,0.4
21,2,Leclerc (Ferrari),39.82469,79.41305,Foggy,0.4
21,3,Leclerc (Ferrari),38.36908,117.78213,Foggy,0.4
21,4,Leclerc (Ferrari),40.08045,157.86258,Foggy,0.4
21,5,Leclerc (Ferrari),38.67348,196.53606,Foggy,0.4
22,1,Hamilton (Mercedes),39.87183,39.87183,Foggy,0.4
22,2,Hamilton (Mercedes),40.02856,79.90039,Foggy,0.4
22,3,Hamilton (Mercedes),40.05664,119.95703,Foggy,0.4
22,4,Hamilton (Mercedes),40.18766,160.14469,Foggy,0.4
22,5,Hamilton (Mercedes),40.64423,200.78892,Foggy,0.4
22,1,Verstappen (Red Bull),39.16168,39.16168,Foggy,0.4
22,2,Verstappen (Red Bull),40.76183,79.9235,Foggy,0.4
22,3,Verstappen (Red Bull),39.20829,119.1318,Foggy,0.4
22,4,Verstappen (Red Bull),38.71417,157.84596,Foggy,0.4
22,5,Verstappen (Red Bull),40.68867,198.53463,Foggy,0.4
22,1,Norris (McLaren),40.81636,40.81636,Foggy,0.4
22,2,Norris (McLaren),39.33311,80.14947,Foggy,0.4
22,3,Norris (McLaren),40.47877,120.62824,Foggy,0.4
22,4,Norris (McLaren),39.71262,160.34086,Foggy,0.4
22,5,Norris (McLaren),38.28417,198.62503,Foggy,0.4
22,1,Leclerc (Ferrari),39.41364,39.41364,Foggy,0.4
22,2,Leclerc (Ferrari),39.00547,78.41912,Foggy,0.4
22,3,Leclerc (Ferrari),39.5883,118.00742,Foggy,0.4
22,4,Leclerc (Ferrari),39.31329,157.32071,Foggy,0.4
22,5,Leclerc (Ferrari),39.05047,196.37117,Foggy,0.4
23,1,Hamilton (Mercedes),40.21663,40.21663,Foggy,0.4
23,2,Hamilton (Mercedes),39.71668,79.93331,Foggy,0.4
23,3,Hamilton (Mercedes),40.38704,120.32035,Foggy,0.4
23,4,Hamilton (Mercedes),40.85724,161.17759,Foggy,0.4
23,5,Hamilton (Mercedes),39.53801,200.7156,Foggy,0.4
23,1,Verstappen (Red Bull),39.53634,39.53634,Foggy,0.4
23,2,Verstappen (Red Bull),39.39381,78.93015,Foggy,0.4
23,3,Verstappen (Red Bull),39.51035,118.4405,Foggy,0.4
23,4,Verstappen (Red Bull),39.52986,157.97036,Foggy,0.4
23,5,Verstappen (Red Bull),39.96999,197.94036,Foggy,0.4
23,1,Norris (McLaren),39.26314,39.26314,Foggy,0.4
23,2,Norris (McLaren),40.94773,80.21086,Foggy,0.4
23,3,Norris (McLaren),38.35211,118.56297,Foggy,0.4
23,4,Norris (McLaren),40.35661,158.91958,Foggy,0.4
23,5,Norris (McLaren),40.05479,198.97436,Foggy,0.4
23,1,Leclerc (Ferrari),39.47897,39.47897,Foggy,0.4
23,2,Leclerc (Ferrari),40.33482,79.81379,Foggy,0.4
23,3,Leclerc (Ferrari),39.54794,119.36173,Foggy,0.4
23,4,Leclerc (Ferrari),39.2997,158.66143,Foggy,0.4
23,5,Leclerc (Ferrari),39.86307,198.5245,Foggy,0.4
24,1,Hamilton (Mercedes),40.69565,40.69565,Foggy,0.4
24,2,Hamilton (Mercedes),41.10682,81.80247,Foggy,0.4
24,3,Hamilton (Mercedes),39.00177,120.80424,Foggy,0.4
24,4,Hamilton (Mercedes),40.27058,161.07482,Foggy,0.4
24,5,Hamilton (Mercedes),40.75312,201.82794,Foggy,0.4
24,1,Verstappen (Red Bull),40.91409,40.91409,Foggy,0.4
24,2,Verstappen (Red Bull),39.19916,80.11324,Foggy,0.4
24,3,Verstappen (Red Bull),40.79895,120.91219,Foggy,0.4
24,4,Verstappen (Red Bull),39.62822,160.54041,Foggy,0.4
24,5,Verstappen (Red Bull),39.46602,200.00643,Foggy,0.4
24,1,Norris (McLaren),39.63667,39.63667,Foggy,0.4
24,2,Norris (McLaren),39.6131,79.24976,Foggy,0.4
24,3,Norris (McLaren),38.57963,117.8294,Foggy,0.4
24,4,Norris (McLaren),39.79995,157.62934,Foggy,0.4
24,5,Norris (McLaren),39.43552,197.06486,Foggy,0.4
24,1,Leclerc (Ferrari),39.94404,39.94404,Foggy,0.4
24,2,Leclerc (Ferrari),37.76994,77.71398,Foggy,0.4
24,3,Leclerc (Ferrari),38.82319,116.53717,Foggy,0.4
24,4,Leclerc (Ferrari),40.51735,157.05452,Foggy,0.4
24,5,Leclerc (Ferrari),38.15619,195.21071,Foggy,0.4
25,1,Hamilton (Mercedes),40.61381,40.61381,Foggy,0.4
25,2,Hamilton (Mercedes),40.23711,80.85092,Foggy,0.4
25,3,Hamilton (Mercedes),40.49082,121.34174,Foggy,0.4
25,4,Hamilton (Mercedes),39.17808,160.51981,Foggy,0.4
25,5,Hamilton (Mercedes),39.97557,200.49538,Foggy,0.4
25,1,Verstappen (Red Bull),39.41665,39.41665,Foggy,0.4
25,2,Verstappen (Red Bull),39.2786,78.69525,Foggy,0.4
25,3,Verstappen (Red Bull),39.13838,117.83363,Foggy,0.4
25,4,Verstappen (Red Bull),38.84786,156.68148,Foggy,0.4
25,5,Verstappen (Red Bull),38.7722,195.45368,Foggy,0.4
25,1,Norris (McLaren),39.51192,39.51192,Foggy,0.4
25,2,Norris (McLaren),39.90209,79.41401,Foggy,0.4
25,3,Norris (McLaren),40.58704,120.00105,Foggy,0.4
25,4,Norris (McLaren),39.92377,159.92482,Foggy,0.4
25,5,Norris (McLaren),39.95456,199.87938,Foggy,0.4
25,1,Leclerc (Ferrari),40.4665,40.4665,Foggy,0.4
25,2,Leclerc (Ferrari),39.47971,79.9462,Foggy,0.4
25,3,Leclerc (Ferrari),39.84852,119.79472,Foggy,0.4
25,4,Leclerc (Ferrari),39.64216,159.43688,Foggy,0.4
25,5,Leclerc (Ferrari),39.31086,198.74774,Foggy,0.4
26,1,Hamilton (Mercedes),40.33787,40.33787,Foggy,0.4
26,2,Hamilton (Mercedes),39.77696,80.11482,Foggy,0.4
26,3,Hamilton (Mercedes),40.05587,120.1707,Foggy,0.4
26,4,Hamilton (Mercedes),40.51461,160.68531,Foggy,0.4
26,5,Hamilton (Mercedes),39.97025,200.65556,Foggy,0.4
26,1,Verstappen (Red Bull),40.37241,40.37241,Foggy,0.4
26,2,Verstappen (Red Bull),38.90382,79.27623,Foggy,0.4
26,3,Verstappen (Red Bull),39.7122,118.98844,Foggy,0.4
26,4,Verstappen (Red Bull),39.57956,158.568,Foggy,0.4
26,5,Verstappen (Red Bull),39.35498,197.92298,Foggy,0.4
26,1,Norris (McLaren),40.11208,40.11208,Foggy,0.4
26,2,Norris (McLaren),40.44389,80.55597,Foggy,0.4
26,3,Norris (McLaren),38.45964,119.01561,Foggy,0.4
26,4,Norris (McLaren),38.49267,157.50827,Foggy,0.4
26,5,Norris (McLaren),40.3485,197.85677,Foggy,0.4
26,1,Leclerc (Ferrari),39.65453,39.65453,Foggy,0.4
26,2,Leclerc (Ferrari),39.61848,79.27301,Foggy,0.4
26,3,Leclerc (Ferrari),39.45867,118.73169,Foggy,0.4
26,4,Leclerc (Ferrari),38.74385,157.47553,Foggy,0.4
26,5,Leclerc (Ferrari),40.05113,197.52666,Foggy,0.4
27,1,Hamilton (Mercedes),40.49998,40.49998,Foggy,0.4
27,2,Hamilton (Mercedes),40.31288,80.81286,Foggy,0.4
27,3,Hamilton (Mercedes),41.17599,121.98885,Foggy,0.4
27,4,Hamilton (Mercedes),39.97261,161.96146,Foggy,0.4
27,5,Hamilton (Mercedes),40.52198,202.48344,Foggy,0.4
27,1,Verstappen (Red Bull),40.19107,40.19107,Foggy,0.4
27,2,Verstappen (Red Bull),40.58882,80.77989,Foggy,0.4
27,3,Verstappen (Red Bull),38.50001,119.27989,Foggy,0.4
27,4,Verstappen (Red Bull),40.26649,159.54638,Foggy,0.4
27,5,Verstappen (Red Bull),40.4757,200.02209,Foggy,0.4
27,1,Norris (McLaren),40.91398,40.91398,Foggy,0.4
27,2,Norris (McLaren),39.12332,80.0373,Foggy,0.4
27,3,Norris (McLaren),40.51234,120.54964,Foggy,0.4
27,4,Norris (McLaren),38.89395,159.44359,Foggy,0.4
27,5,Norris (McLaren),39.53485,198.97844,Foggy,0.4
27,1,Leclerc (Ferrari),39.48475,39.48475,Foggy,0.4
27,2,Leclerc (Ferrari),39.68359,79.16834,Foggy,0.4
27,3,Leclerc (Ferrari),38.86674,118.03508,Foggy,0.4
27,4,Leclerc (Ferrari),39.02389,157.05897,Foggy,0.4
27,5,Leclerc (Ferrari),40.77592,197.83489,Foggy,0.4
28,1,Hamilton (Mercedes),40.30779,40.30779,Foggy,0.4
28,2,Hamilton (Mercedes),39.73186,80.03964,Foggy,0.4
28,3,Hamilton (Mercedes),40.61543,120.65507,Foggy,0.4
28,4,Hamilton (Mercedes),40.13706,160.79213,Foggy,0.4
28,5,Hamilton (Mercedes),40.25072,201.04285,Foggy,0.4
28,1,Verstappen (Red Bull),40.31285,40.31285,Foggy,0.4
28,2,Verstappen (Red Bull),39.2736,79.58645,Foggy,0.4
28,3,Verstappen (Red Bull),39.88386,119.47031,Foggy,0.4
28,4,Verstappen (Red Bull),40.2325,159.7028,Foggy,0.4
28,5,Verstappen (Red Bull),40.18834,199.89114,Foggy,0.4
28,1,Norris (McLaren),38.49751,38.49751,Foggy,0.4
28,2,Norris (McLaren),38.78285,77.28036,Foggy,0.4
28,3,Norris (McLaren),39.78375,117.06411,Foggy,0.4
28,4,Norris (McLaren),39.41263,156.47674,Foggy,0.4
28,5,Norris (McLaren),40.26308,196.73983,Foggy,0.4
28,1,Leclerc (Ferrari),39.62452,39.62452,Foggy,0.4
28,2,Leclerc (Ferrari),39.06715,78.69167,Foggy,0.4
28,3,Leclerc (Ferrari),39.70633,118.398,Foggy,0.4
28,4,Leclerc (Ferrari),39.77848,158.17648,Foggy,0.4
28,5,Leclerc (Ferrari),39.77398,197.95046,Foggy,0.4
29,1,Hamilton (Mercedes),40.24482,40.24482,Foggy,0.4
29,2,Hamilton (Mercedes),39.85131,80.09614,Foggy,0.4
29,3,Hamilton (Mercedes),40.62169,120.71783,Foggy,0.4
29,4,Hamilton (Mercedes),40.49062,161.20845,Foggy,0.4
29,5,Hamilton (Mercedes),39.80001,201.00845,Foggy,0.4
29,1,Verstappen (Red Bull),39.10518,39.10518,Foggy,0.4
29,2,Verstappen (Red Bull),39.92731,79.03248,Foggy,0.4
29,3,Verstappen (Red Bull),40.44451,119.47699,Foggy,0.4
29,4,Verstappen (Red Bull),39.86965,159.34664,Foggy,0.4
29,5,Verstappen (Red Bull),39.38613,198.73277,Foggy,0.4
29,1,Norris (McLaren),39.04403,39.04403,Foggy,0.4
29,2,Norris (McLaren),40.44845,79.49247,Foggy,0.4
29,3,Norris (McLaren),39.79903,119.2915,Foggy,0.4
29,4,Norris (McLaren),38.84335,158.13486,Foggy,0.4
29,5,Norris (McLaren),39.41571,197.55057,Foggy,0.4
29,1,Leclerc (Ferrari),40.46429,40.46429,Foggy,0.4
29,2,Leclerc (Ferrari),39.70604,80.17034,Foggy,0.4
29,3,Leclerc (Ferrari),40.36128,120.53162,Foggy,0.4
29,4,Leclerc (Ferrari),39.51302,160.04464,Foggy,0.4
29,5,Leclerc (Ferrari),38.00379,198.04843,Foggy,0.4
30,1,Hamilton (Mercedes),39.6073,39.6073,Foggy,0.4
30,2,Hamilton (Mercedes),40.21099,79.81829,Foggy,0.4
30,3,Hamilton (Mercedes),39.39291,119.2112,Foggy,0.4
30,4,Hamilton (Mercedes),40.67835,159.88955,Foggy,0.4
30,5,Hamilton (Mercedes),40.05136,199.94091,Foggy,0.4
30,1,Verstappen (Red Bull),39.50443,39.50443,Foggy,0.4
30,2,Verstappen (Red Bull),39.89875,79.40319,Foggy,0.4
30,3,Verstappen (Red Bull),39.48925,118.89244,Foggy,0.4
30,4,Verstappen (Red Bull),40.16281,159.05525,Foggy,0.4
30,5,Verstappen (Red Bull),39.40556,198.46081,Foggy,0.4
30,1,Norris (McLaren),38.13894,38.13894,Foggy,0.4
30,2,Norris (McLaren),39.52938,77.66831,Foggy,0.4
30,3,Norris (McLaren),39.49423,117.16255,Foggy,0.4
30,4,Norris (McLaren),40.27341,157.43596,Foggy,0.4
30,5,Norris (McLaren),41.07277,198.50872,Foggy,0.4
30,1,Leclerc (Ferrari),38.96886,38.96886,Foggy,0.4
30,2,Leclerc (Ferrari),39.2969,78.26576,Foggy,0.4
30,3,Leclerc (Ferrari),40.46524,118.731,Foggy,0.4
30,4,Leclerc (Ferrari),39.26067,157.99167,Foggy,0.4
30,5,Leclerc (Ferrari),39.90106,197.89273,Foggy,0.4
31,1,Hamilton (Mercedes),40.22888,40.22888,Foggy,0.4
31,2,Hamilton (Mercedes),39.54161,79.77049,Foggy,0.4
31,3,Hamilton (Mercedes),40.11351,119.884,Foggy,0.4
31,4,Hamilton (Mercedes),40.37444,160.25845,Foggy,0.4
31,5,Hamilton (Mercedes),39.63518,199.89363,Foggy,0.4
31,1,Verstappen (Red Bull),38.27348,38.27348,Foggy,0.4
31,2,Verstappen (Red Bull),39.30699,77.58047,Foggy,0.4
31,3,Verstappen (Red Bull),39.37025,116.95072,Foggy,0.4
31,4,Verstappen (Red Bull),39.48109,156.43181,Foggy,0.4
31,5,Verstappen (Red Bull),39.66191,196.09372,Foggy,0.4
31,1,Norris (McLaren),38.9994,38.9994,Foggy,0.4
31,2,Norris (McLaren),39.45873,78.45814,Foggy,0.4
31,3,Norris (McLaren),39.51516,117.97329,Foggy,0.4
31,4,Norris (McLaren),39.117,157.09029,Foggy,0.4
31,5,Norris (McLaren),40.70523,197.79552,Foggy,0.4
31,1,Leclerc (Ferrari),40.81958,40.81958,Foggy,0.4
31,2,Leclerc (Ferrari),40.38145,81.20103,Foggy,0.4
31,3,Leclerc (Ferrari),39.35535,120.55639,Foggy,0.4
31,4,Leclerc (Ferrari),38.94902,159.50541,Foggy,0.4
31,5,Leclerc (Ferrari),40.32401,199.82942,Foggy,0.4
32,1,Hamilton (Mercedes),39.73802,39.73802,Foggy,0.4
32,2,Hamilton (Mercedes),41.21938,80.9574,Foggy,0.4
32,3,Hamilton (Mercedes),39.86705,120.82445,Foggy,0.4
32,4,Hamilton (Mercedes),39.91775,160.7422,Foggy,0.4
32,5,Hamilton (Mercedes),40.80594,201.54814,Foggy,0.4
32,1,Verstappen (Red Bull),40.32467,40.32467,Foggy,0.4
32,2,Verstappen (Red Bull),39.51953,79.8442,Foggy,0.4
32,3,Verstappen (Red Bull),40.83676,120.68096,Foggy,0.4
32,4,Verstappen (Red Bull),39.02849,159.70945,Foggy,0.4
32,5,Verstappen (Red Bull),39.69529,199.40474,Foggy,0.4
32,1,Norris (McLaren),39.31637,39.31637,Foggy,0.4
32,2,Norris (McLaren),39.67963,78.996,Foggy,0.4
32,3,Norris (McLaren),39.85749,118.85348,Foggy,0.4
32,4,Norris (McLaren),40.94184,159.79532,Foggy,0.4
32,5,Norris (McLaren),39.07109,198.86641,Foggy,0.4
32,1,Leclerc (Ferrari),39.70083,39.70083,Foggy,0.4
32,2,Leclerc (Ferrari),40.79939,80.50022,Foggy,0.4
32,3,Leclerc (Ferrari),39.77631,120.27652,Foggy,0.4
32,4,Leclerc (Ferrari),41.00714,161.28367,Foggy,0.4
32,5,Leclerc (Ferrari),39.53982,200.82349,Foggy,0.4
33,1,Hamilton (Mercedes),39.91311,39.91311,Foggy,0.4
33,2,Hamilton (Mercedes),40.25056,80.16367,Foggy,0.4
33,3,Hamilton (Mercedes),40.10176,120.26544,Foggy,0.4
33,4,Hamilton (Mercedes),40.11445,160.37989,Foggy,0.4
33,5,Hamilton (Mercedes),39.80858,200.18847,Foggy,0.4
33,1,Verstappen (Red Bull),39.8095,39.8095,Foggy,0.4
33,2,Verstappen (Red Bull),38.6426,78.45209,Foggy,0.4
33,3,Verstappen (Red Bull),39.21367,117.66576,Foggy,0.4
33,4,Verstappen (Red Bull),40.27041,157.93617,Foggy,0.4
33,5,Verstappen (Red Bull),40.72076,198.65693,Foggy,0.4
33,1,Norris (McLaren),40.49874,40.49874,Foggy,0.4
33,2,Norris (McLaren),39.46514,79.96388,Foggy,0.4
33,3,Norris (McLaren),39.80584,119.76972,Foggy,0.4
33,4,Norris (McLaren),40.55941,160.32913,Foggy,0.4
33,5,Norris (McLaren),39.68365,200.01278,Foggy,0.4
33,1,Leclerc (Ferrari),39.0609,39.0609,Foggy,0.4
33,2,Leclerc (Ferrari),39.40133,78.46223,Foggy,0.4
33,3,Leclerc (Ferrari),39.02493,117.48716,Foggy,0.4
33,4,Leclerc (Ferrari),39.59524,157.0824,Foggy,0.4
33,5,Leclerc (Ferrari),39.273,196.3554,Foggy,0.4
34,1,Hamilton (Mercedes),40.7931,40.7931,Foggy,0.4
34,2,Hamilton (Mercedes),40.63532,81.42842,Foggy,0.4
34,3,Hamilton (Mercedes),40.34823,121.77665,Foggy,0.4
34,4,Hamilton (Mercedes),39.66767,161.44432,Foggy,0.4
34,5,Hamilton (Mercedes),41.36957,202.81389,Foggy,0.4
34,1,Verstappen (Red Bull),38.86958,38.86958,Foggy,0.4
34,2,Verstappen (Red Bull),40.0467,78.91628,Foggy,0.4
34,3,Verstappen (Red Bull),40.84431,119.76059,Foggy,0.4
34,4,Verstappen (Red Bull),39.77362,159.53421,Foggy,0.4
34,5,Verstappen (Red Bull),39.26959,198.8038,Foggy,0.4
34,1,Norris (McLaren),40.01184,40.01184,Foggy,0.4
34,2,Norris (McLaren),38.96155,78.97339,Foggy,0.4
34,3,Norris (McLaren),38.9657,117.93908,Foggy,0.4
34,4,Norris (McLaren),40.13866,158.07775,Foggy,0.4
34,5,Norris (McLaren),39.78025,197.858,Foggy,0.4
34,1,Leclerc (Ferrari),39.91307,39.91307,Foggy,0.4
34,2,Leclerc (Ferrari),39.29082,79.20389,Foggy,0.4
34,3,Leclerc (Ferrari),39.2449,118.44879,Foggy,0.4
34,4,Leclerc (Ferrari),39.22493,157.67372,Foggy,0.4
34,5,Leclerc (Ferrari),38.89544,196.56916,Foggy,0.4
35,1,Hamilton (Mercedes),40.38772,40.38772,Foggy,0.4
35,2,Hamilton (Mercedes),39.58518,79.97291,Foggy,0.4
35,3,Hamilton (Mercedes),40.3368,120.3097,Foggy,0.4
35,4,Hamilton (Mercedes),39.3829,159.6926,Foggy,0.4
35,5,Hamilton (Mercedes),39.8866,199.5792,Foggy,0.4
35,1,Verstappen (Red Bull),39.7983,39.7983,Foggy,0.4
35,2,Verstappen (Red Bull),40.07437,79.87267,Foggy,0.4
35,3,Verstappen (Red Bull),39.40357,119.27624,Foggy,0.4
35,4,Verstappen (Red Bull),40.51401,159.79026,Foggy,0.4
35,5,Verstappen (Red Bull),40.0783,199.86855,Foggy,0.4
35,1,Norris (McLaren),39.54752,39.54752,Foggy,0.4
35,2,Norris (McLaren),39.18756,78.73508,Foggy,0.4
35,3,Norris (McLaren),39.44166,118.17674,Foggy,0.4
35,4,Norris (McLaren),39.82721,158.00396,Foggy,0.4
35,5,Norris (McLaren),40.37743,198.38138,Foggy,0.4
35,1,Leclerc (Ferrari),39.81333,39.81333,Foggy,0.4
35,2,Leclerc (Ferrari),39.7336,79.54692,Foggy,0.4
35,3,Leclerc (Ferrari),39.07381,118.62073,Foggy,0.4
35,4,Leclerc (Ferrari),39.14838,157.76912,Foggy,0.4
35,5,Leclerc (Ferrari),40.09779,197.86691,Foggy,0.4
36,1,Hamilton (Mercedes),39.89085,39.89085,Foggy,0.4
36,2,Hamilton (Mercedes),40.42141,80.31226,Foggy,0.4
36,3,Hamilton (Mercedes),39.41373,119.72599,Foggy,0.4
36,4,Hamilton (Mercedes),41.30168,161.02766,Foggy,0.4
36,5,Hamilton (Mercedes),39.73275,200.76041,Foggy,0.4
36,1,Verstappen (Red Bull),38.97159,38.97159,Foggy,0.4
36,2,Verstappen (Red Bull),39.07273,78.04432,Foggy,0.4
36,3,Verstappen (Red Bull),39.11467,117.15899,Foggy,0.4
36,4,Verstappen (Red Bull),38.90779,156.06678,Foggy,0.4
36,5,Verstappen (Red Bull),39.25701,195.32379,Foggy,0.4
36,1,Norris (McLaren),40.40272,40.40272,Foggy,0.4
36,2,Norris (McLaren),40.24207,80.64479,Foggy,0.4
36,3,Norris (McLaren),39.48939,120.13418,Foggy,0.4
36,4,Norris (McLaren),39.09898,159.23316,Foggy,0.4
36,5,Norris (McLaren),41.14784,200.381,Foggy,0.4
36,1,Leclerc (Ferrari),40.3046,40.3046,Foggy,0.4
36,2,Leclerc (Ferrari),39.52879,79.83339,Foggy,0.4
36,3,Leclerc (Ferrari),39.65662,119.49001,Foggy,0.4
36,4,Leclerc (Ferrari),39.74557,159.23557,Foggy,0.4
36,5,Leclerc (Ferrari),41.01692,200.2525,Foggy,0.4
37,1,Hamilton (Mercedes),40.0119,40.0119,Foggy,0.4
37,2,Hamilton (Mercedes),39.60829,79.62019,Foggy,0.4
37,3,Hamilton (Mercedes),40.30314,119.92333,Foggy,0.4
37,4,Hamilton (Mercedes),40.13488,160.05821,Foggy,0.4
37,5,Hamilton (Mercedes),40.9301,200.98831,Foggy,0.4
37,1,Verstappen (Red Bull),39.31617,39.31617,Foggy,0.4
37,2,Verstappen (Red Bull),39.31879,78.63496,Foggy,0.4
37,3,Verstappen (Red Bull),40.24663,118.88159,Foggy,0.4
37,4,Verstappen (Red Bull),40.92954,159.81113,Foggy,0.4
37,5,Verstappen (Red Bull),39.86922,199.68036,Foggy,0.4
37,1,Norris (McLaren),39.21842,39.21842,Foggy,0.4
37,2,Norris (McLaren),39.34759,78.56601,Foggy,0.4
37,3,Norris (McLaren),40.23515,118.80116,Foggy,0.4
37,4,Norris (McLaren),41.07294,159.87411,Foggy,0.4
37,5,Norris (McLaren),39.71038,199.58449,Foggy,0.4
37,1,Leclerc (Ferrari),39.89828,39.89828,Foggy,0.4
37,2,Leclerc (Ferrari),40.42395,80.32222,Foggy,0.4
37,3,Leclerc (Ferrari),39.26679,119.58901,Foggy,0.4
37,4,Leclerc (Ferrari),38.94539,158.5344,Foggy,0.4
37,5,Leclerc (Ferrari),40.07234,198.60674,Foggy,0.4
38,1,Hamilton (Mercedes),40.25601,40.25601,Foggy,0.4
38,2,Hamilton (Mercedes),40.28024,80.53625,Foggy,0.4
38,3,Hamilton (Mercedes),39.2212,119.75745,Foggy,0.4
38,4,Hamilton (Mercedes),40.33749,160.09493,Foggy,0.4
38,5,Hamilton (Mercedes),40.69251,200.78745,Foggy,0.4
38,1,Verstappen (Red Bull),39.85596,39.85596,Foggy,0.4
38,2,Verstappen (Red Bull),39.94323,79.79919,Foggy,0.4
38,3,Verstappen (Red Bull),38.88865,118.68784,Foggy,0.4
38,4,Verstappen (Red Bull),39.24466,157.93251,Foggy,0.4
38,5,Verstappen (Red Bull),39.17082,197.10333,Foggy,0.4
38,1,Norris (McLaren),38.98499,38.98499,Foggy,0.4
38,2,Norris (McLaren),41.00732,79.9923,Foggy,0.4
38,3,Norris (McLaren),40.26896,120.26127,Foggy,0.4
38,4,Norris (McLaren),40.77946,161.04072,Foggy,0.4
38,5,Norris (McLaren),38.49756,199.53828,Foggy,0.4
38,1,Leclerc (Ferrari),38.85957,38.85957,Foggy,0.4
38,2,Leclerc (Ferrari),40.1241,78.98367,Foggy,0.4
38,3,Leclerc (Ferrari),39.67501,118.65868,Foggy,0.4
38,4,Leclerc (Ferrari),40.21916,158.87784,Foggy,0.4
38,5,Leclerc (Ferrari),39.38457,198.2624,Foggy,0.4
39,1,Hamilton (Mercedes),38.74723,38.74723,Foggy,0.4
39,2,Hamilton (Mercedes),39.93523,78.68247,Foggy,0.4
39,3,Hamilton (Mercedes),40.33286,119.01533,Foggy,0.4
39,4,Hamilton (Mercedes),39.91871,158.93404,Foggy,0.4
39,5,Hamilton (Mercedes),40.83624,199.77028,Foggy,0.4
39,1,Verstappen (Red Bull),39.47134,39.47134,Foggy,0.4
39,2,Verstappen (Red Bull),40.0139,79.48524,Foggy,0.4
39,3,Verstappen (Red Bull),39.75864,119.24388,Foggy,0.4
39,4,Verstappen (Red Bull),40.39276,159.63664,Foggy,0.4
39,5,Verstappen (Red Bull),39.75965,199.3963,Foggy,0.4
39,1,Norris (McLaren),39.3795,39.3795,Foggy,0.4
39,2,Norris (McLaren),41.11393,80.49343,Foggy,0.4
39,3,Norris (McLaren),38.85027,119.3437,Foggy,0.4
39,4,Norris (McLaren),40.70896,160.05266,Foggy,0.4
39,5,Norris (McLaren),40.22556,200.27822,Foggy,0.4
39,1,Leclerc (Ferrari),39.97582,39.97582,Foggy,0.4
39,2,Leclerc (Ferrari),39.29104,79.26686,Foggy,0.4
39,3,Leclerc (Ferrari),38.82554,118.09239,Foggy,0.4
39,4,Leclerc (Ferrari),39.3335,157.4259,Foggy,0.4
39,5,Leclerc (Ferrari),40.35723,197.78312,Foggy,0.4
40,1,Hamilton (Mercedes),40.5398,40.5398,Foggy,0.4
40,2,Hamilton (Mercedes),40.96234,81.50215,Foggy,0.4
40,3,Hamilton (Mercedes),40.26423,121.76638,Foggy,0.4
40,4,Hamilton (Mercedes),40.59319,162.35957,Foggy,0.4
40,5,Hamilton (Mercedes),40.44777,202.80734,Foggy,0.4
40,1,Verstappen (Red Bull),39.48358,39.48358,Foggy,0.4
40,2,Verstappen (Red Bull),39.92554,79.40913,Foggy,0.4
40,3,Verstappen (Red Bull),40.00749,119.41661,Foggy,0.4
40,4,Verstappen (Red Bull),38.54363,157.96024,Foggy,0.4
40,5,Verstappen (Red Bull),40.57465,198.5349,Foggy,0.4
40,1,Norris (McLaren),40.53283,40.53283,Foggy,0.4
40,2,Norris (McLaren),39.23825,79.77109,Foggy,0.4
40,3,Norris (McLaren),38.76203,118.53311,Foggy,0.4
40,4,Norris (McLaren),38.45283,156.98595,Foggy,0.4
40,5,Norris (McLaren),39.25247,196.23842,Foggy,0.4
40,1,Leclerc (Ferrari),39.65464,39.65464,Foggy,0.4
40,2,Leclerc (Ferrari),39.41472,79.06936,Foggy,0.4
40,3,Leclerc (Ferrari),39.30816,118.37751,Foggy,0.4
40,4,Leclerc (Ferrari),41.02137,159.39888,Foggy,0.4
40,5,Leclerc (Ferrari),40.15831,199.55719,Foggy,0.4
41,1,Hamilton (Mercedes),40.2772,40.2772,Foggy,0.4
41,2,Hamilton (Mercedes),39.30547,79.58267,Foggy,0.4
41,3,Hamilton (Mercedes),40.62396,120.20663,Foggy,0.4
41,4,Hamilton (Mercedes),40.17265,160.37928,Foggy,0.4
41,5,Hamilton (Mercedes),40.29483,200.6741,Foggy,0.4
41,1,Verstappen (Red Bull),39.04653,39.04653,Foggy,0.4
41,2,Verstappen (Red Bull),39.81746,78.86398,Foggy,0.4
41,3,Verstappen (Red Bull),39.2322,118.09619,Foggy,0.4
41,4,Verstappen (Red Bull),39.78508,157.88127,Foggy,0.4
41,5,Verstappen (Red Bull),39.5991,197.48037,Foggy,0.4
41,1,Norris (McLaren),40.02119,40.02119,Foggy,0.4
41,2,Norris (McLaren),39.79007,79.81126,Foggy,0.4
41,3,Norris (McLaren),40.02899,119.84025,Foggy,0.4
41,4,Norris (McLaren),39.3672,159.20745,Foggy,0.4
41,5,Norris (McLaren),39.91749,199.12493,Foggy,0.4
41,1,Leclerc (Ferrari),39.39171,39.39171,Foggy,0.4
41,2,Leclerc (Ferrari),39.56877,78.96049,Foggy,0.4
41,3,Leclerc (Ferrari),38.92195,117.88243,Foggy,0.4
41,4,Leclerc (Ferrari),38.86933,156.75176,Foggy,0.4
41,5,Leclerc (Ferrari),39.87963,196.63139,Foggy,0.4
42,1,Hamilton (Mercedes),40.64522,40.64522,Foggy,0.4
42,2,Hamilton (Mercedes),40.98723,81.63245,Foggy,0.4
42,3,Hamilton (Mercedes),40.84073,122.47319,Foggy,0.4
42,4,Hamilton (Mercedes),41.27771,163.7509,Foggy,0.4
42,5,Hamilton (Mercedes),40.81604,204.56694,Foggy,0.4
42,1,Verstappen (Red Bull),39.08088,39.08088,Foggy,0.4
42,2,Verstappen (Red Bull),39.77687,78.85775,Foggy,0.4
42,3,Verstappen (Red Bull),39.04387,117.90162,Foggy,0.4
42,4,Verstappen (Red Bull),40.16071,158.06233,Foggy,0.4
42,5,Verstappen (Red Bull),41.05975,199.12208,Foggy,0.4
42,1,Norris (McLaren),40.2613,40.2613,Foggy,0.4
42,2,Norris (McLaren),40.90827,81.16956,Foggy,0.4
42,3,Norris (McLaren),40.5457,121.71527,Foggy,0.4
42,4,Norris (McLaren),40.34097,162.05624,Foggy,0.4
42,5,Norris (McLaren),41.31132,203.36756,Foggy,0.4
42,1,Leclerc (Ferrari),39.58451,39.58451,Foggy,0.4
42,2,Leclerc (Ferrari),39.8236,79.40812,Foggy,0.4
42,3,Leclerc (Ferrari),38.89789,118.306,Foggy,0.4
42,4,Leclerc (Ferrari),41.00858,159.31458,Foggy,0.4
42,5,Leclerc (Ferrari),39.72709,199.04167,Foggy,0.4
43,1,Hamilton (Mercedes),40.43769,40.43769,Foggy,0.4
43,2,Hamilton (Mercedes),40.09011,80.52779,Foggy,0.4
43,3,Hamilton (Mercedes),39.79173,120.31953,Foggy,0.4
43,4,Hamilton (Mercedes),40.70369,161.02322,Foggy,0.4
43,5,Hamilton (Mercedes),40.153,201.17622,Foggy,0.4
43,1,Verstappen (Red Bull),38.87479,38.87479,Foggy,0.4
43,2,Verstappen (Red Bull),39.19973,78.07452,Foggy,0.4
43,3,Verstappen (Red Bull),39.52257,117.59709,Foggy,0.4
43,4,Verstappen (Red Bull),39.86063,157.45772,Foggy,0.4
43,5,Verstappen (Red Bull),40.08832,197.54604,Foggy,0.4
43,1,Norris (McLaren),39.42844,39.42844,Foggy,0.4
43,2,Norris (McLaren),40.26664,79.69507,Foggy,0.4
43,3,Norris (McLaren),39.52065,119.21572,Foggy,0.4
43,4,Norris (McLaren),40.0424,159.25812,Foggy,0.4
43,5,Norris (McLaren),38.52909,197.78721,Foggy,0.4
43,1,Leclerc (Ferrari),39.62478,39.62478,Foggy,0.4
43,2,Leclerc (Ferrari),38.60759,78.23236,Foggy,0.4
43,3,Leclerc (Ferrari),39.44902,117.68138,Foggy,0.4
43,4,Leclerc (Ferrari),39.90339,157.58477,Foggy,0.4
43,5,Leclerc (Ferrari),39.28667,196.87144,Foggy,0.4
44,1,Hamilton (Mercedes),41.32826,41.32826,Foggy,0.4
44,2,Hamilton (Mercedes),40.31441,81.64268,Foggy,0.4
44,3,Hamilton (Mercedes),39.9509,121.59358,Foggy,0.4
44,4,Hamilton (Mercedes),40.71789,162.31148,Foggy,0.4
44,5,Hamilton (Mercedes),39.68413,201.9956,Foggy,0.4
44,1,Verstappen (Red Bull),39.90226,39.90226,Foggy,0.4
44,2,Verstappen (Red Bull),38.8047,78.70696,Foggy,0.4
44,3,Verstappen (Red Bull),38.39632,117.10329,Foggy,0.4
44,4,Verstappen (Red Bull),39.4907,156.59399,Foggy,0.4
44,5,Verstappen (Red Bull),39.92148,196.51547,Foggy,0.4
44,1,Norris (McLaren),39.20162,39.20162,Foggy,0.4
44,2,Norris (McLaren),40.06252,79.26414,Foggy,0.4
44,3,Norris (McLaren),39.42554,118.68968,Foggy,0.4
44,4,Norris (McLaren),40.50205,159.19173,Foggy,0.4
44,5,Norris (McLaren),39.94735,199.13908,Foggy,0.4
44,1,Leclerc (Ferrari),41.06971,41.06971,Foggy,0.4
44,2,Leclerc (Ferrari),40.70809,81.7778,Foggy,0.4
44,3,Leclerc (Ferrari),39.77253,121.55033,Foggy,0.4
44,4,Leclerc (Ferrari),39.52231,161.07265,Foggy,0.4
44,5,Leclerc (Ferrari),40.91151,201.98415,Foggy,0.4
45,1,Hamilton (Mercedes),40.52256,40.52256,Foggy,0.4
45,2,Hamilton (Mercedes),40.70992,81.23248,Foggy,0.4
45,3,Hamilton (Mercedes),40.11069,121.34317,Foggy,0.4
45,4,Hamilton (Mercedes),39.95768,161.30085,Foggy,0.4
45,5,Hamilton (Mercedes),41.22182,202.52267,Foggy,0.4
45,1,Verstappen (Red Bull),40.13407,40.13407,Foggy,0.4
45,2,Verstappen (Red Bull),39.55638,79.69045,Foggy,0.4
45,3,Verstappen (Red Bull),39.09377,118.78422,Foggy,0.4
45,4,Verstappen (Red Bull),39.71794,158.50216,Foggy,0.4
45,5,Verstappen (Red Bull),40.72542,199.22758,Foggy,0.4
45,1,Norris (McLaren),39.31206,39.31206,Foggy,0.4
45,2,Norris (McLaren),38.52411,77.83617,Foggy,0.4
45,3,Norris (McLaren),39.41462,117.25078,Foggy,0.4
45,4,Norris (McLaren),39.32202,156.5728,Foggy,0.4
45,5,Norris (McLaren),39.84108,196.41388,Foggy,0.4
45,1,Leclerc (Ferrari),39.59776,39.59776,Foggy,0.4
45,2,Leclerc (Ferrari),40.06536,79.66312,Foggy,0.4
45,3,Leclerc (Ferrari),39.71388,119.37699,Foggy,0.4
45,4,Leclerc (Ferrari),40.16987,159.54687,Foggy,0.4
45,5,Leclerc (Ferrari),39.39312,198.93998,Foggy,0.4
46,1,Hamilton (Mercedes),41.05232,41.05232,Foggy,0.4
46,2,Hamilton (Mercedes),40.8756,81.92792,Foggy,0.4
46,3,Hamilton (Mercedes),39.4243,121.35221,Foggy,0.4
46,4,Hamilton (Mercedes),39.21975,160.57196,Foggy,0.4
46,5,Hamilton (Mercedes),40.39239,200.96435,Foggy,0.4
46,1,Verstappen (Red Bull),40.04016,40.04016,Foggy,0.4
46,2,Verstappen (Red Bull),40.07596,80.11613,Foggy,0.4
46,3,Verstappen (Red Bull),39.40706,119.52319,Foggy,0.4
46,4,Verstappen (Red Bull),39.94653,159.46972,Foggy,0.4
46,5,Verstappen (Red Bull),39.09932,198.56904,Foggy,0.4
46,1,Norris (McLaren),39.95018,39.95018,Foggy,0.4
46,2,Norris (McLaren),39.84476,79.79494,Foggy,0.4
46,3,Norris (McLaren),39.06817,118.86312,Foggy,0.4
46,4,Norris (McLaren),39.86176,158.72488,Foggy,0.4
46,5,Norris (McLaren),40.27457,198.99945,Foggy,0.4
46,1,Leclerc (Ferrari),39.45156,39.45156,Foggy,0.4
46,2,Leclerc (Ferrari),41.21499,80.66655,Foggy,0.4
46,3,Leclerc (Ferrari),38.35342,119.01997,Foggy,0.4
46,4,Leclerc (Ferrari),38.59586,157.61582,Foggy,0.4
46,5,Leclerc (Ferrari),40.51628,198.13211,Foggy,0.4
47,1,Hamilton (Mercedes),39.79584,39.79584,Foggy,0.4
47,2,Hamilton (Mercedes),40.31343,80.10927,Foggy,0.4
47,3,Hamilton (Mercedes),41.00079,121.11006,Foggy,0.4
47,4,Hamilton (Mercedes),39.80407,160.91413,Foggy,0.4
47,5,Hamilton (Mercedes),39.30605,200.22018,Foggy,0.4
47,1,Verstappen (Red Bull),39.39848,39.39848,Foggy,0.4
47,2,Verstappen (Red Bull),39.69934,79.09782,Foggy,0.4
47,3,Verstappen (Red Bull),39.60618,118.704,Foggy,0.4
47,4,Verstappen (Red Bull),39.14611,157.85011,Foggy,0.4
47,5,Verstappen (Red Bull),39.54646,197.39657,Foggy,0.4
47,1,Norris (McLaren),40.79088,40.79088,Foggy,0.4
47,2,Norris (McLaren),39.26864,80.05952,Foggy,0.4
47,3,Norris (McLaren),39.62053,119.68005,Foggy,0.4
47,4,Norris (McLaren),40.08258,159.76264,Foggy,0.4
47,5,Norris (McLaren),39.82151,199.58415,Foggy,0.4
47,1,Leclerc (Ferrari),39.34244,39.34244,Foggy,0.4
47,2,Leclerc (Ferrari),39.6663,79.00874,Foggy,0.4
47,3,Leclerc (Ferrari),40.09356,119.10229,Foggy,0.4
47,4,Leclerc (Ferrari),39.23703,158.33933,Foggy,0.4
47,5,Leclerc (Ferrari),39.38997,197.7293,Foggy,0.4
48,1,Hamilton (Mercedes),39.99473,39.99473,Foggy,0.4
48,2,Hamilton (Mercedes),39.31649,79.31122,Foggy,0.4
48,3,Hamilton (Mercedes),40.25975,119.57096,Foggy,0.4
48,4,Hamilton (Mercedes),40.73666,160.30763,Foggy,0.4
48,5,Hamilton (Mercedes),40.17102,200.47864,Foggy,0.4
48,1,Verstappen (Red Bull),38.92904,38.92904,Foggy,0.4
48,2,Verstappen (Red Bull),39.34051,78.26955,Foggy,0.4
48,3,Verstappen (Red Bull),39.31255,117.58209,Foggy,0.4
48,4,Verstappen (Red Bull),40.43553,158.01763,Foggy,0.4
48,5,Verstappen (Red Bull),39.11102,197.12864,Foggy,0.4
48,1,Norris (McLaren),40.12346,40.12346,Foggy,0.4
48,2,Norris (McLaren),40.03392,80.15738,Foggy,0.4
48,3,Norris (McLaren),40.50697,120.66436,Foggy,0.4
48,4,Norris (McLaren),39.6071,160.27145,Foggy,0.4
48,5,Norris (McLaren),39.36564,199.6371,Foggy,0.4
48,1,Leclerc (Ferrari),39.66732,39.66732,Foggy,0.4
48,2,Leclerc (Ferrari),40.01891,79.68622,Foggy,0.4
48,3,Leclerc (Ferrari),39.5922,119.27842,Foggy,0.4
48,4,Leclerc (Ferrari),39.48018,158.7586,Foggy,0.4
48,5,Leclerc (Ferrari),39.05911,197.81771,Foggy,0.4
49,1,Hamilton (Mercedes),40.25395,40.25395,Foggy,0.4
49,2,Hamilton (Mercedes),40.3624,80.61635,Foggy,0.4
49,3,Hamilton (Mercedes),39.67046,120.28681,Foggy,0.4
49,4,Hamilton (Mercedes),41.62054,161.90735,Foggy,0.4
49,5,Hamilton (Mercedes),40.11201,202.01937,Foggy,0.4
49,1,Verstappen (Red Bull),40.83741,40.83741,Foggy,0.4
49,2,Verstappen (Red Bull),39.90435,80.74177,Foggy,0.4
49,3,Verstappen (Red Bull),39.13903,119.8808,Foggy,0.4
49,4,Verstappen (Red Bull),39.40962,159.29042,Foggy,0.4
49,5,Verstappen (Red Bull),39.74136,199.03178,Foggy,0.4
49,1,Norris (McLaren),39.30841,39.30841,Foggy,0.4
49,2,Norris (McLaren),39.05181,78.36022,Foggy,0.4
49,3,Norris (McLaren),39.33197,117.69219,Foggy,0.4
49,4,Norris (McLaren),39.5164,157.20859,Foggy,0.4
49,5,Norris (McLaren),41.04804,198.25663,Foggy,0.4
49,1,Leclerc (Ferrari),38.81541,38.81541,Foggy,0.4
49,2,Leclerc (Ferrari),39.89632,78.71173,Foggy,0.4
49,3,Leclerc (Ferrari),40.34638,119.0581,Foggy,0.4
49,4,Leclerc (Ferrari),38.52831,157.58642,Foggy,0.4
49,5,Leclerc (Ferrari),39.99867,197.58509,Foggy,0.4
50,1,Hamilton (Mercedes),40.27095,40.27095,Foggy,0.4
50,2,Hamilton (Mercedes),40.75403,81.02498,Foggy,0.4
50,3,Hamilton (Mercedes),41.51269,122.53767,Foggy,0.4
50,4,Hamilton (Mercedes),40.90949,163.44716,Foggy,0.4
50,5,Hamilton (Mercedes),40.56143,204.00859,Foggy,0.4
50,1,Verstappen (Red Bull),39.12497,39.12497,Foggy,0.4
50,2,Verstappen (Red Bull),40.24265,79.36762,Foggy,0.4
50,3,Verstappen (Red Bull),39.36484,118.73246,Foggy,0.4
50,4,Verstappen (Red Bull),39.98892,158.72138,Foggy,0.4
50,5,Verstappen (Red Bull),39.90751,198.62889,Foggy,0.4
50,1,Norris (McLaren),39.66144,39.66144,Foggy,0.4
50,2,Norris (McLaren),38.99559,78.65703,Foggy,0.4
50,3,Norris (McLaren),40.45034,119.10737,Foggy,0.4
50,4,Norris (McLaren),39.01065,158.11802,Foggy,0.4
50,5,Norris (McLaren),39.25494,197.37296,Foggy,0.4
50,1,Leclerc (Ferrari),39.90383,39.90383,Foggy,0.4
50,2,Leclerc (Ferrari),39.75251,79.65634,Foggy,0.4
50,3,Leclerc (Ferrari),40.35171,120.00805,Foggy,0.4
50,4,Leclerc (Ferrari),40.25263,160.26068,Foggy,0.4
50,5,Leclerc (Ferrari),39.82629,200.08697,Foggy,0.4
51,1,Hamilton (Mercedes),40.21805,40.21805,Foggy,0.4
51,2,Hamilton (Mercedes),40.47072,80.68877,Foggy,0.4
51,3,Hamilton (Mercedes),40.33909,121.02786,Foggy,0.4
51,4,Hamilton (Mercedes),39.86138,160.88924,Foggy,0.4
51,5,Hamilton (Mercedes),39.91899,200.80823,Foggy,0.4
51,1,Verstappen (Red Bull),38.80009,38.80009,Foggy,0.4
51,2,Verstappen (Red Bull),41.39272,80.19281,Foggy,0.4
51,3,Verstappen (Red Bull),38.89291,119.08572,Foggy,0.4
51,4,Verstappen (Red Bull),40.16661,159.25233,Foggy,0.4
51,5,Verstappen (Red Bull),39.54129,198.79362,Foggy,0.4
51,1,Norris (McLaren),39.24418,39.24418,Foggy,0.4
51,2,Norris (McLaren),40.61767,79.86185,Foggy,0.4
51,3,Norris (McLaren),39.12515,118.987,Foggy,0.4
51,4,Norris (McLaren),38.71551,157.70251,Foggy,0.4
51,5,Norris (McLaren),38.80645,196.50896,Foggy,0.4
51,1,Leclerc (Ferrari),40.05451,40.05451,Foggy,0.4
51,2,Leclerc (Ferrari),38.55613,78.61064,Foggy,0.4
51,3,Leclerc (Ferrari),40.49756,119.1082,Foggy,0.4
51,4,Leclerc (Ferrari),39.79773,158.90593,Foggy,0.4
51,5,Leclerc (Ferrari),39.98025,198.88618,Foggy,0.4
52,1,Hamilton (Mercedes),39.73101,39.73101,Foggy,0.4
52,2,Hamilton (Mercedes),40.308,80.03901,Foggy,0.4
52,3,Hamilton (Mercedes),40.94738,120.98639,Foggy,0.4
52,4,Hamilton (Mercedes),40.8745,161.8609,Foggy,0.4
52,5,Hamilton (Mercedes),39.92483,201.78573,Foggy,0.4
52,1,Verstappen (Red Bull),40.43354,40.43354,Foggy,0.4
52,2,Verstappen (Red Bull),39.59051,80.02406,Foggy,0.4
52,3,Verstappen (Red Bull),39.74916,119.77322,Foggy,0.4
52,4,Verstappen (Red Bull),40.02169,159.79491,Foggy,0.4
52,5,Verstappen (Red Bull),40.06818,199.86309,Foggy,0.4
52,1,Norris (McLaren),40.0441,40.0441,Foggy,0.4
52,2,Norris (McLaren),40.2429,80.287,Foggy,0.4
52,3,Norris (McLaren),39.44724,119.73424,Foggy,0.4
52,4,Norris (McLaren),39.90535,159.63959,Foggy,0.4
52,5,Norris (McLaren),39.76674,199.40633,Foggy,0.4
52,1,Leclerc (Ferrari),39.1704,39.1704,Foggy,0.4
52,2,Leclerc (Ferrari),40.38885,79.55925,Foggy,0.4
52,3,Leclerc (Ferrari),39.84419,119.40344,Foggy,0.4
52,4,Leclerc (Ferrari),39.33722,158.74065,Foggy,0.4
52,5,Leclerc (Ferrari),40.30332,199.04398,Foggy,0.4
53,1,Hamilton (Mercedes),40.17399,40.17399,Foggy,0.4
53,2,Hamilton (Mercedes),40.37403,80.54803,Foggy,0.4
53,3,Hamilton (Mercedes),39.57233,120.12036,Foggy,0.4
53,4,Hamilton (Mercedes),40.10056,160.22092,Foggy,0.4
53,5,Hamilton (Mercedes),40.43405,200.65496,Foggy,0.4
53,1,Verstappen (Red Bull),39.25525,39.25525,Foggy,0.4
53,2,Verstappen (Red Bull),39.37679,78.63204,Foggy,0.4
53,3,Verstappen (Red Bull),39.56832,118.20036,Foggy,0.4
53,4,Verstappen (Red Bull),38.37202,156.57238,Foggy,0.4
53,5,Verstappen (Red Bull),39.48843,196.06081,Foggy,0.4
53,1,Norris (McLaren),39.73774,39.73774,Foggy,0.4
53,2,Norris (McLaren),38.46376,78.2015,Foggy,0.4
53,3,Norris (McLaren),39.66395,117.86546,Foggy,0.4
53,4,Norris (McLaren),38.82745,156.69291,Foggy,0.4
53,5,Norris (McLaren),39.2833,195.97621,Foggy,0.4
53,1,Leclerc (Ferrari),39.72421,39.72421,Foggy,0.4
53,2,Leclerc (Ferrari),40.52996,80.25417,Foggy,0.4
53,3,Leclerc (Ferrari),39.44541,119.69958,Foggy,0.4
53,4,Leclerc (Ferrari),39.59898,159.29856,Foggy,0.4
53,5,Leclerc (Ferrari),38.71107,198.00964,Foggy,0.4
54,1,Hamilton (Mercedes),39.30774,39.30774,Foggy,0.4
54,2,Hamilton (Mercedes),39.73886,79.04659,Foggy,0.4
54,3,Hamilton (Mercedes),39.04194,118.08853,Foggy,0.4
54,4,Hamilton (Mercedes),40.06529,158.15382,Foggy,0.4
54,5,Hamilton (Mercedes),40.38345,198.53727,Foggy,0.4
54,1,Verstappen (Red Bull),39.24969,39.24969,Foggy,0.4
54,2,Verstappen (Red Bull),39.03178,78.28147,Foggy,0.4
54,3,Verstappen (Red Bull),38.30371,116.58518,Foggy,0.4
54,4,Verstappen (Red Bull),39.74847,156.33365,Foggy,0.4
54,5,Verstappen (Red Bull),39.69073,196.02438,Foggy,0.4
54,1,Norris (McLaren),39.33121,39.33121,Foggy,0.4
54,2,Norris (McLaren),40.02728,79.35849,Foggy,0.4
54,3,Norris (McLaren),39.29273,118.65122,Foggy,0.4
54,4,Norris (McLaren),39.10465,157.75588,Foggy,0.4
54,5,Norris (McLaren),38.97456,196.73043,Foggy,0.4
54,1,Leclerc (Ferrari),38.71596,38.71596,Foggy,0.4
54,2,Leclerc (Ferrari),38.77975,77.49571,Foggy,0.4
54,3,Leclerc (Ferrari),38.97264,116.46835,Foggy,0.4
54,4,Leclerc (Ferrari),39.23702,155.70537,Foggy,0.4
54,5,Leclerc (Ferrari),40.15397,195.85934,Foggy,0.4
55,1,Hamilton (Mercedes),40.25287,40.25287,Foggy,0.4
55,2,Hamilton (Mercedes),39.99771,80.25059,Foggy,0.4
55,3,Hamilton (Mercedes),40.09943,120.35002,Foggy,0.4
55,4,Hamilton (Mercedes),40.81099,161.16101,Foggy,0.4
55,5,Hamilton (Mercedes),40.37798,201.53899,Foggy,0.4
55,1,Verstappen (Red Bull),39.77874,39.77874,Foggy,0.4
55,2,Verstappen (Red Bull),39.69121,79.46995,Foggy,0.4
55,3,Verstappen (Red Bull),39.88148,119.35143,Foggy,0.4
55,4,Verstappen (Red Bull),39.51851,158.86993,Foggy,0.4
55,5,Verstappen (Red Bull),40.17495,199.04489,Foggy,0.4
55,1,Norris (McLaren),40.45347,40.45347,Foggy,0.4
55,2,Norris (McLaren),39.57383,80.02731,Foggy,0.4
55,3,Norris (McLaren),40.37991,120.40721,Foggy,0.4
55,4,Norris (McLaren),39.17962,159.58683,Foggy,0.4
55,5,Norris (McLaren),39.30484,198.89168,Foggy,0.4
55,1,Leclerc (Ferrari),39.34513,39.34513,Foggy,0.4
55,2,Leclerc (Ferrari),40.12878,79.47391,Foggy,0.4
55,3,Leclerc (Ferrari),39.43501,118.90891,Foggy,0.4
55,4,Leclerc (Ferrari),40.01328,158.92219,Foggy,0.4
55,5,Leclerc (Ferrari),39.23959,198.16179,Foggy,0.4
56,1,Hamilton (Mercedes),39.89648,39.89648,Foggy,0.4
56,2,Hamilton (Mercedes),39.78856,79.68504,Foggy,0.4
56,3,Hamilton (Mercedes),40.22047,119.90552,Foggy,0.4
56,4,Hamilton (Mercedes),39.6078,159.51331,Foggy,0.4
56,5,Hamilton (Mercedes),39.89952,199.41283,Foggy,0.4
56,1,Verstappen (Red Bull),40.03535,40.03535,Foggy,0.4
56,2,Verstappen (Red Bull),39.73285,79.7682,Foggy,0.4
56,3,Verstappen (Red Bull),38.8873,118.6555,Foggy,0.4
56,4,Verstappen (Red Bull),40.41352,159.06902,Foggy,0.4
56,5,Verstappen (Red Bull),40.26946,199.33848,Foggy,0.4
56,1,Norris (McLaren),39.23419,39.23419,Foggy,0.4
56,2,Norris (McLaren),39.694,78.92819,Foggy,0.4
56,3,Norris (McLaren),39.69694,118.62512,Foggy,0.4
56,4,Norris (McLaren),39.06148,157.6866,Foggy,0.4
56,5,Norris (McLaren),38.14707,195.83367,Foggy,0.4
56,1,Leclerc (Ferrari),38.82481,38.82481,Foggy,0.4
56,2,Leclerc (Ferrari),39.00606,77.83087,Foggy,0.4
56,3,Leclerc (Ferrari),39.37878,117.20966,Foggy,0.4
56,4,Leclerc (Ferrari),39.13863,156.34829,Foggy,0.4
56,5,Leclerc (Ferrari),39.41057,195.75886,Foggy,0.4
57,1,Hamilton (Mercedes),40.07958,40.07958,Foggy,0.4
57,2,Hamilton (Mercedes),40.06123,80.14082,Foggy,0.4
57,3,Hamilton (Mercedes),40.42105,120.56186,Foggy,0.4
57,4,Hamilton (Mercedes),40.15405,160.71591,Foggy,0.4
57,5,Hamilton (Mercedes),40.75242,201.46833,Foggy,0.4
57,1,Verstappen (Red Bull),39.46726,39.46726,Foggy,0.4
57,2,Verstappen (Red Bull),38.84993,78.31718,Foggy,0.4
57,3,Verstappen (Red Bull),39.63236,117.94955,Foggy,0.4
57,4,Verstappen (Red Bull),39.83262,157.78217,Foggy,0.4
57,5,Verstappen (Red Bull),40.45998,198.24215,Foggy,0.4
57,1,Norris (McLaren),39.39465,39.39465,Foggy,0.4
57,2,Norris (McLaren),38.62726,78.02191,Foggy,0.4
57,3,Norris (McLaren),40.4171,118.43902,Foggy,0.4
57,4,Norris (McLaren),40.05784,158.49685,Foggy,0.4
57,5,Norris (McLaren),39.33487,197.83173,Foggy,0.4
57,1,Leclerc (Ferrari),39.07955,39.07955,Foggy,0.4
57,2,Leclerc (Ferrari),40.21563,79.29518,Foggy,0.4
57,3,Leclerc (Ferrari),39.26887,118.56405,Foggy,0.4
57,4,Leclerc (Ferrari),39.93144,158.49548,Foggy,0.4
57,5,Leclerc (Ferrari),39.64694,198.14242,Foggy,0.4
58,1,Hamilton (Mercedes),40.58823,40.58823,Foggy,0.4
58,2,Hamilton (Mercedes),40.76958,81.35781,Foggy,0.4
58,3,Hamilton (Mercedes),39.89661,121.25442,Foggy,0.4
58,4,Hamilton (Mercedes),40.41522,161.66963,Foggy,0.4
58,5,Hamilton (Mercedes),40.71273,202.38236,Foggy,0.4
58,1,Verstappen (Red Bull),38.94143,38.94143,Foggy,0.4
58,2,Verstappen (Red Bull),39.87448,78.81591,Foggy,0.4
58,3,Verstappen (Red Bull),38.36033,117.17624,Foggy,0.4
58,4,Verstappen (Red Bull),39.15855,156.3348,Foggy,0.4
58,5,Verstappen (Red Bull),40.16824,196.50304,Foggy,0.4
58,1,Norris (McLaren),39.99354,39.99354,Foggy,0.4
58,2,Norris (McLaren),39.19138,79.18493,Foggy,0.4
58,3,Norris (McLaren),38.61522,117.80015,Foggy,0.4
58,4,Norris (McLaren),39.91919,157.71934,Foggy,0.4
58,5,Norris (McLaren),39.17657,196.89592,Foggy,0.4
58,1,Leclerc (Ferrari),38.23558,38.23558,Foggy,0.4
58,2,Leclerc (Ferrari),38.72549,76.96107,Foggy,0.4
58,3,Leclerc (Ferrari),39.40658,116.36765,Foggy,0.4
58,4,Leclerc (Ferrari),40.205,156.57265,Foggy,0.4
58,5,Leclerc (Ferrari),39.14878,195.72143,Foggy,0.4
59,1,Hamilton (Mercedes),39.51355,39.51355,Foggy,0.4
59,2,Hamilton (Mercedes),39.99222,79.50578,Foggy,0.4
59,3,Hamilton (Mercedes),40.29944,119.80522,Foggy,0.4
59,4,Hamilton (Mercedes),39.44727,159.25249,Foggy,0.4
59,5,Hamilton (Mercedes),40.57242,199.82492,Foggy,0.4
59,1,Verstappen (Red Bull),40.80025,40.80025,Foggy,0.4
59,2,Verstappen (Red Bull),39.39541,80.19566,Foggy,0.4
59,3,Verstappen (Red Bull),39.819,120.01466,Foggy,0.4
59,4,Verstappen (Red Bull),39.17161,159.18626,Foggy,0.4
59,5,Verstappen (Red Bull),40.54467,199.73094,Foggy,0.4
59,1,Norris (McLaren),39.81947,39.81947,Foggy,0.4
59,2,Norris (McLaren),39.26616,79.08564,Foggy,0.4
59,3,Norris (McLaren),39.50245,118.58809,Foggy,0.4
59,4,Norris (McLaren),40.4701,159.05819,Foggy,0.4
59,5,Norris (McLaren),40.17982,199.23802,Foggy,0.4
59,1,Leclerc (Ferrari),39.46276,39.46276,Foggy,0.4
59,2,Leclerc (Ferrari),39.72483,79.18759,Foggy,0.4
59,3,Leclerc (Ferrari),39.09191,118.2795,Foggy,0.4
59,4,Leclerc (Ferrari),39.08423,157.36373,Foggy,0.4
59,5,Leclerc (Ferrari),39.42378,196.78751,Foggy,0.4
60,1,Hamilton (Mercedes),40.4472,40.4472,Foggy,0.4
60,2,Hamilton (Mercedes),39.69601,80.14321,Foggy,0.4
60,3,Hamilton (Mercedes),40.82098,120.96419,Foggy,0.4
60,4,Hamilton (Mercedes),40.04234,161.00653,Foggy,0.4
60,5,Hamilton (Mercedes),40.86807,201.8746,Foggy,0.4
60,1,Verstappen (Red Bull),39.77811,39.77811,Foggy,0.4
60,2,Verstappen (Red Bull),40.13899,79.9171,Foggy,0.4
60,3,Verstappen (Red Bull),39.04569,118.96279,Foggy,0.4
60,4,Verstappen (Red Bull),40.35478,159.31757,Foggy,0.4
60,5,Verstappen (Red Bull),39.13434,198.45191,Foggy,0.4
60,1,Norris (McLaren),39.8807,39.8807,Foggy,0.4
60,2,Norris (McLaren),39.80605,79.68675,Foggy,0.4
60,3,Norris (McLaren),40.56743,120.25417,Foggy,0.4
60,4,Norris (McLaren),40.39981,160.65399,Foggy,0.4
60,5,Norris (McLaren),40.61086,201.26484,Foggy,0.4
60,1,Leclerc (Ferrari),39.08446,39.08446,Foggy,0.4
60,2,Leclerc (Ferrari),39.17389,78.25835,Foggy,0.4
60,3,Leclerc (Ferrari),39.28311,117.54146,Foggy,0.4
60,4,Leclerc (Ferrari),39.84926,157.39072,Foggy,0.4
60,5,Leclerc (Ferrari),39.31226,196.70298,Foggy,0.4
61,1,Hamilton (Mercedes),41.02353,41.02353,Foggy,0.4
61,2,Hamilton (Mercedes),40.29821,81.32173,Foggy,0.4
61,3,Hamilton (Mercedes),40.40359,121.72533,Foggy,0.4
61,4,Hamilton (Mercedes),40.33048,162.0558,Foggy,0.4
61,5,Hamilton (Mercedes),39.67018,201.72598,Foggy,0.4
61,1,Verstappen (Red Bull),40.15519,40.15519,Foggy,0.4
61,2,Verstappen (Red Bull),39.681,79.83619,Foggy,0.4
61,3,Verstappen (Red Bull),40.27569,120.11188,Foggy,0.4
61,4,Verstappen (Red Bull),38.74781,158.85969,Foggy,0.4
61,5,Verstappen (Red Bull),39.00461,197.8643,Foggy,0.4
61,1,Norris (McLaren),40.24106,40.24106,Foggy,0.4
61,2,Norris (McLaren),39.8848,80.12586,Foggy,0.4
61,3,Norris (McLaren),40.30338,120.42923,Foggy,0.4
61,4,Norris (McLaren),40.36036,160.78959,Foggy,0.4
61,5,Norris (McLaren),39.91167,200.70126,Foggy,0.4
61,1,Leclerc (Ferrari),40.02223,40.02223,Foggy,0.4
61,2,Leclerc (Ferrari),39.55006,79.57229,Foggy,0.4
61,3,Leclerc (Ferrari),38.28559,117.85789,Foggy,0.4
61,4,Leclerc (Ferrari),39.16138,157.01927,Foggy,0.4
61,5,Leclerc (Ferrari),40.85533,197.8746,Foggy,0.4
62,1,Hamilton (Mercedes),39.87135,39.87135,Foggy,0.4
62,2,Hamilton (Mercedes),39.8208,79.69216,Foggy,0.4
62,3,Hamilton (Mercedes),41.01821,120.71036,Foggy,0.4
62,4,Hamilton (Mercedes),40.40699,161.11735,Foggy,0.4
62,5,Hamilton (Mercedes),40.05252,201.16987,Foggy,0.4
62,1,Verstappen (Red Bull),39.80048,39.80048,Foggy,0.4
62,2,Verstappen (Red Bull),39.56135,79.36183,Foggy,0.4
62,3,Verstappen (Red Bull),40.20533,119.56716,Foggy,0.4
62,4,Verstappen (Red Bull),40.16876,159.73592,Foggy,0.4
62,5,Verstappen (Red Bull),39.76694,199.50286,Foggy,0.4
62,1,Norris (McLaren),41.47138,41.47138,Foggy,0.4
62,2,Norris (McLaren),39.84279,81.31416,Foggy,0.4
62,3,Norris (McLaren),38.66285,119.97701,Foggy,0.4
62,4,Norris (McLaren),40.22819,160.2052,Foggy,0.4
62,5,Norris (McLaren),39.92704,200.13224,Foggy,0.4
62,1,Leclerc (Ferrari),40.49241,40.49241,Foggy,0.4
62,2,Leclerc (Ferrari),39.86759,80.36,Foggy,0.4
62,3,Leclerc (Ferrari),39.11213,119.47213,Foggy,0.4
62,4,Leclerc (Ferrari),38.87187,158.344,Foggy,0.4
62,5,Leclerc (Ferrari),37.61513,195.95912,Foggy,0.4
63,1,Hamilton (Mercedes),40.47142,40.47142,Foggy,0.4
63,2,Hamilton (Mercedes),40.52289,80.9943,Foggy,0.4
63,3,Hamilton (Mercedes),41.47746,122.47176,Foggy,0.4
63,4,Hamilton (Mercedes),39.9167,162.38847,Foggy,0.4
63,5,Hamilton (Mercedes),40.28491,202.67337,Foggy,0.4
63,1,Verstappen (Red Bull),39.93924,39.93924,Foggy,0.4
63,2,Verstappen (Red Bull),39.50745,79.44669,Foggy,0.4
63,3,Verstappen (Red Bull),39.68033,119.12702,Foggy,0.4
63,4,Verstappen (Red Bull),39.16644,158.29346,Foggy,0.4
63,5,Verstappen (Red Bull),38.88135,197.17481,Foggy,0.4
63,1,Norris (McLaren),40.62649,40.62649,Foggy,0.4
63,2,Norris (McLaren),38.27085,78.89735,Foggy,0.4
63,3,Norris (McLaren),40.21537,119.11272,Foggy,0.4
63,4,Norris (McLaren),39.33585,158.44857,Foggy,0.4
63,5,Norris (McLaren),38.59863,197.04719,Foggy,0.4
63,1,Leclerc (Ferrari),40.25446,40.25446,Foggy,0.4
63,2,Leclerc (Ferrari),39.67421,79.92867,Foggy,0.4
63,3,Leclerc (Ferrari),40.05275,119.98142,Foggy,0.4
63,4,Leclerc (Ferrari),39.57461,159.55603,Foggy,0.4
63,5,Leclerc (Ferrari),38.75384,198.30987,Foggy,0.4
64,1,Hamilton (Mercedes),40.00173,40.00173,Foggy,0.4
64,2,Hamilton (Mercedes),39.72375,79.72548,Foggy,0.4
64,3,Hamilton (Mercedes),40.1784,119.90388,Foggy,0.4
64,4,Hamilton (Mercedes),39.62762,159.5315,Foggy,0.4
64,5,Hamilton (Mercedes),40.79815,200.32965,Foggy,0.4
64,1,Verstappen (Red Bull),39.34051,39.34051,Foggy,0.4
64,2,Verstappen (Red Bull),39.40724,78.74775,Foggy,0.4
64,3,Verstappen (Red Bull),39.20729,117.95504,Foggy,0.4
64,4,Verstappen (Red Bull),39.4598,157.41484,Foggy,0.4
64,5,Verstappen (Red Bull),39.63752,197.05236,Foggy,0.4
64,1,Norris (McLaren),38.78112,38.78112,Foggy,0.4
64,2,Norris (McLaren),39.29978,78.08091,Foggy,0.4
64,3,Norris (McLaren),39.26567,117.34657,Foggy,0.4
64,4,Norris (McLaren),39.04079,156.38737,Foggy,0.4
64,5,Norris (McLaren),39.02817,195.41553,Foggy,0.4
64,1,Leclerc (Ferrari),40.59585,40.59585,Foggy,0.4
64,2,Leclerc (Ferrari),39.62427,80.22012,Foggy,0.4
64,3,Leclerc (Ferrari),38.5842,118.80432,Foggy,0.4
64,4,Leclerc (Ferrari),39.89916,158.70348,Foggy,0.4
64,5,Leclerc (Ferrari),39.3049,198.00838,Foggy,0.4
65,1,Hamilton (Mercedes),40.28545,40.28545,Foggy,0.4
65,2,Hamilton (Mercedes),40.1041,80.38955,Foggy,0.4
65,3,Hamilton (Mercedes),39.93127,120.32082,Foggy,0.4
65,4,Hamilton (Mercedes),39.51357,159.83439,Foggy,0.4
65,5,Hamilton (Mercedes),40.85759,200.69198,Foggy,0.4
65,1,Verstappen (Red Bull),39.76901,39.76901,Foggy,0.4
65,2,Verstappen (Red Bull),39.6394,79.40841,Foggy,0.4
65,3,Verstappen (Red Bull),40.50557,119.91398,Foggy,0.4
65,4,Verstappen (Red Bull),39.10893,159.02291,Foggy,0.4
65,5,Verstappen (Red Bull),39.7384,198.76131,Foggy,0.4
65,1,Norris (McLaren),39.79879,39.79879,Foggy,0.4
65,2,Norris (McLaren),40.16205,79.96084,Foggy,0.4
65,3,Norris (McLaren),39.53831,119.49915,Foggy,0.4
65,4,Norris (McLaren),39.19827,158.69742,Foggy,0.4
65,5,Norris (McLaren),39.54344,198.24086,Foggy,0.4
65,1,Leclerc (Ferrari),38.46087,38.46087,Foggy,0.4
65,2,Leclerc (Ferrari),39.96833,78.4292,Foggy,0.4
65,3,Leclerc (Ferrari),39.88396,118.31316,Foggy,0.4
65,4,Leclerc (Ferrari),38.39632,156.70949,Foggy,0.4
65,5,Leclerc (Ferrari),39.70175,196.41124,Foggy,0.4
66,1,Hamilton (Mercedes),39.63542,39.63542,Foggy,0.4
66,2,Hamilton (Mercedes),40.32436,79.95978,Foggy,0.4
66,3,Hamilton (Mercedes),39.37754,119.33732,Foggy,0.4
66,4,Hamilton (Mercedes),39.77782,159.11514,Foggy,0.4
66,5,Hamilton (Mercedes),40.84716,199.9623,Foggy,0.4
66,1,Verstappen (Red Bull),40.40439,40.40439,Foggy,0.4
66,2,Verstappen (Red Bull),39.68889,80.09328,Foggy,0.4
66,3,Verstappen (Red Bull),40.30543,120.39871,Foggy,0.4
66,4,Verstappen (Red Bull),39.84235,160.24105,Foggy,0.4
66,5,Verstappen (Red Bull),39.6055,199.84656,Foggy,0.4
66,1,Norris (McLaren),40.33824,40.33824,Foggy,0.4
66,2,Norris (McLaren),39.91356,80.2518,Foggy,0.4
66,3,Norris (McLaren),39.06639,119.3182,Foggy,0.4
66,4,Norris (McLaren),39.58309,158.90128,Foggy,0.4
66,5,Norris (McLaren),39.27929,198.18057,Foggy,0.4
66,1,Leclerc (Ferrari),39.29903,39.29903,Foggy,0.4
66,2,Leclerc (Ferrari),40.08869,79.38771,Foggy,0.4
66,3,Leclerc (Ferrari),39.53024,118.91796,Foggy,0.4
66,4,Leclerc (Ferrari),38.87662,157.79457,Foggy,0.4
66,5,Leclerc (Ferrari),40.83063,198.62521,Foggy,0.4
67,1,Hamilton (Mercedes),39.61189,39.61189,Foggy,0.4
67,2,Hamilton (Mercedes),39.84999,79.46188,Foggy,0.4
67,3,Hamilton (Mercedes),39.83584,119.29772,Foggy,0.4
67,4,Hamilton (Mercedes),39.63743,158.93514,Foggy,0.4
67,5,Hamilton (Mercedes),39.78406,198.7192,Foggy,0.4
67,1,Verstappen (Red Bull),39.0346,39.0346,Foggy,0.4
67,2,Verstappen (Red Bull),40.00169,79.03629,Foggy,0.4
67,3,Verstappen (Red Bull),39.48995,118.52624,Foggy,0.4
67,4,Verstappen (Red Bull),39.9198,158.44604,Foggy,0.4
67,5,Verstappen (Red Bull),39.72347,198.16951,Foggy,0.4
67,1,Norris (McLaren),39.67591,39.67591,Foggy,0.4
67,2,Norris (McLaren),39.7798,79.45571,Foggy,0.4
67,3,Norris (McLaren),39.57351,119.02922,Foggy,0.4
67,4,Norris (McLaren),38.6919,157.72113,Foggy,0.4
67,5,Norris (McLaren),40.12084,197.84196,Foggy,0.4
67,1,Leclerc (Ferrari),39.41558,39.41558,Foggy,0.4
67,2,Leclerc (Ferrari),38.45733,77.87291,Foggy,0.4
67,3,Leclerc (Ferrari),39.35217,117.22508,Foggy,0.4
67,4,Leclerc (Ferrari),39.67102,156.8961,Foggy,0.4
67,5,Leclerc (Ferrari),41.18317,198.07926,Foggy,0.4
68,1,Hamilton (Mercedes),39.47466,39.47466,Foggy,0.4
68,2,Hamilton (Mercedes),40.7427,80.21736,Foggy,0.4
68,3,Hamilton (Mercedes),40.04335,120.26071,Foggy,0.4
68,4,Hamilton (Mercedes),40.8017,161.06241,Foggy,0.4
68,5,Hamilton (Mercedes),40.28173,201.34414,Foggy,0.4
68,1,Verstappen (Red Bull),38.70165,38.70165,Foggy,0.4
68,2,Verstappen (Red Bull),39.06122,77.76287,Foggy,0.4
68,3,Verstappen (Red Bull),38.87937,116.64224,Foggy,0.4
68,4,Verstappen (Red Bull),39.38251,156.02475,Foggy,0.4
68,5,Verstappen (Red Bull),39.9407,195.96545,Foggy,0.4
68,1,Norris (McLaren),40.36876,40.36876,Foggy,0.4
68,2,Norris (McLaren),39.46375,79.83251,Foggy,0.4
68,3,Norris (McLaren),39.18972,119.02223,Foggy,0.4
68,4,Norris (McLaren),39.86589,158.88812,Foggy,0.4
68,5,Norris (McLaren),39.53292,198.42104,Foggy,0.4
68,1,Leclerc (Ferrari),38.89136,38.89136,Foggy,0.4
68,2,Leclerc (Ferrari),40.27748,79.16884,Foggy,0.4
68,3,Leclerc (Ferrari),39.08113,118.24997,Foggy,0.4
68,4,Leclerc (Ferrari),39.22801,157.47799,Foggy,0.4
68,5,Leclerc (Ferrari),39.69185,197.16984,Foggy,0.4
69,1,Hamilton (Mercedes),39.83201,39.83201,Foggy,0.4
69,2,Hamilton (Mercedes),40.06676,79.89877,Foggy,0.4
69,3,Hamilton (Mercedes),40.56836,120.46713,Foggy,0.4
69,4,Hamilton (Mercedes),40.29732,160.76445,Foggy,0.4
69,5,Hamilton (Mercedes),41.68937,202.45382,Foggy,0.4
69,1,Verstappen (Red Bull),39.77886,39.77886,Foggy,0.4
69,2,Verstappen (Red Bull),38.94317,78.72203,Foggy,0.4
69,3,Verstappen (Red Bull),39.58726,118.30929,Foggy,0.4
69,4,Verstappen (Red Bull),39.26436,157.57365,Foggy,0.4
69,5,Verstappen (Red Bull),39.64292,197.21657,Foggy,0.4
69,1,Norris (McLaren),40.26427,40.26427,Foggy,0.4
69,2,Norris (McLaren),40.53404,80.79831,Foggy,0.4
69,3,Norris (McLaren),39.85393,120.65224,Foggy,0.4
69,4,Norris (McLaren),39.48283,160.13507,Foggy,0.4
69,5,Norris (McLaren),40.31692,200.45199,Foggy,0.4
69,1,Leclerc (Ferrari),39.77518,39.77518,Foggy,0.4
69,2,Leclerc (Ferrari),37.77939,77.55457,Foggy,0.4
69,3,Leclerc (Ferrari),38.84789,116.40246,Foggy,0.4
69,4,Leclerc (Ferrari),39.10023,155.50269,Foggy,0.4
69,5,Leclerc (Ferrari),39.25474,194.75743,Foggy,0.4
70,1,Hamilton (Mercedes),40.24615,40.24615,Foggy,0.4
70,2,Hamilton (Mercedes),39.58617,79.83232,Foggy,0.4
70,3,Hamilton (Mercedes),40.81304,120.64536,Foggy,0.4
70,4,Hamilton (Mercedes),40.86338,161.50874,Foggy,0.4
70,5,Hamilton (Mercedes),40.1936,201.70234,Foggy,0.4
70,1,Verstappen (Red Bull),39.48529,39.48529,Foggy,0.4
70,2,Verstappen (Red Bull),38.68579,78.17108,Foggy,0.4
70,3,Verstappen (Red Bull),39.0059,117.17698,Foggy,0.4
70,4,Verstappen (Red Bull),38.94958,156.12656,Foggy,0.4
70,5,Verstappen (Red Bull),40.49953,196.62609,Foggy,0.4
70,1,Norris (McLaren),40.37211,40.37211,Foggy,0.4
70,2,Norris (McLaren),39.01738,79.3895,Foggy,0.4
70,3,Norris (McLaren),40.17841,119.56791,Foggy,0.4
70,4,Norris (McLaren),38.52569,158.0936,Foggy,0.4
70,5,Norris (McLaren),40.14883,198.24243,Foggy,0.4
70,1,Leclerc (Ferrari),39.06468,39.06468,Foggy,0.4
70,2,Leclerc (Ferrari),39.63196,78.69664,Foggy,0.4
70,3,Leclerc (Ferrari),38.98695,117.68359,Foggy,0.4
70,4,Leclerc (Ferrari),39.84512,157.52872,Foggy,0.4
70,5,Leclerc (Ferrari),39.55156,197.08028,Foggy,0.4
71,1,Hamilton (Mercedes),39.76751,39.76751,Foggy,0.4
71,2,Hamilton (Mercedes),40.84262,80.61014,Foggy,0.4
71,3,Hamilton (Mercedes),40.44658,121.05672,Foggy,0.4
71,4,Hamilton (Mercedes),41.49986,162.55657,Foggy,0.4
71,5,Hamilton (Mercedes),40.7645,203.32108,Foggy,0.4
71,1,Verstappen (Red Bull),39.81772,39.81772,Foggy,0.4
71,2,Verstappen (Red Bull),39.55002,79.36775,Foggy,0.4
71,3,Verstappen (Red Bull),39.6186,118.98634,Foggy,0.4
71,4,Verstappen (Red Bull),39.2886,158.27494,Foggy,0.4
71,5,Verstappen (Red Bull),39.83203,198.10697,Foggy,0.4
71,1,Norris (McLaren),39.23639,39.23639,Foggy,0.4
71,2,Norris (McLaren),39.62354,78.85992,Foggy,0.4
71,3,Norris (McLaren),40.65887,119.51879,Foggy,0.4
71,4,Norris (McLaren),40.33322,159.85201,Foggy,0.4
71,5,Norris (McLaren),39.41295,199.26496,Foggy,0.4
71,1,Leclerc (Ferrari),39.75876,39.75876,Foggy,0.4
71,2,Leclerc (Ferrari),39.97742,79.73617,Foggy,0.4
71,3,Leclerc (Ferrari),39.64001,119.37619,Foggy,0.4
71,4,Leclerc (Ferrari),38.97558,158.35176,Foggy,0.4
71,5,Leclerc (Ferrari),38.93056,197.28232,Foggy,0.4
72,1,Hamilton (Mercedes),40.45863,40.45863,Foggy,0.4
72,2,Hamilton (Mercedes),39.99919,80.45782,Foggy,0.4
72,3,Hamilton (Mercedes),39.69959,120.15741,Foggy,0.4
72,4,Hamilton (Mercedes),40.35073,160.50814,Foggy,0.4
72,5,Hamilton (Mercedes),40.83412,201.34225,Foggy,0.4
72,1,Verstappen (Red Bull),39.22577,39.22577,Foggy,0.4
72,2,Verstappen (Red Bull),38.70654,77.93232,Foggy,0.4
72,3,Verstappen (Red Bull),39.38633,117.31865,Foggy,0.4
72,4,Verstappen (Red Bull),38.88295,156.20159,Foggy,0.4
72,5,Verstappen (Red Bull),39.41479,195.61638,Foggy,0.4
72,1,Norris (McLaren),39.25562,39.25562,Foggy,0.4
72,2,Norris (McLaren),38.79887,78.05449,Foggy,0.4
72,3,Norris (McLaren),39.06456,117.11904,Foggy,0.4
72,4,Norris (McLaren),39.2791,156.39814,Foggy,0.4
72,5,Norris (McLaren),40.27471,196.67286,Foggy,0.4
72,1,Leclerc (Ferrari),39.26873,39.26873,Foggy,0.4
72,2,Leclerc (Ferrari),40.28362,79.55235,Foggy,0.4
72,3,Leclerc (Ferrari),40.62465,120.177,Foggy,0.4
72,4,Leclerc (Ferrari),40.00053,160.17753,Foggy,0.4
72,5,Leclerc (Ferrari),38.47678,198.65431,Foggy,0.4
73,1,Hamilton (Mercedes),40.06225,40.06225,Foggy,0.4
73,2,Hamilton (Mercedes),40.8603,80.92255,Foggy,0.4
73,3,Hamilton (Mercedes),39.98754,120.91009,Foggy,0.4
73,4,Hamilton (Mercedes),39.64234,160.55244,Foggy,0.4
73,5,Hamilton (Mercedes),40.53413,201.08657,Foggy,0.4
73,1,Verstappen (Red Bull),39.98585,39.98585,Foggy,0.4
73,2,Verstappen (Red Bull),40.70822,80.69407,Foggy,0.4
73,3,Verstappen (Red Bull),39.38841,120.08248,Foggy,0.4
73,4,Verstappen (Red Bull),40.12451,160.20699,Foggy,0.4
73,5,Verstappen (Red Bull),39.84647,200.05346,Foggy,0.4
73,1,Norris (McLaren),39.02563,39.02563,Foggy,0.4
73,2,Norris (McLaren),40.53497,79.5606,Foggy,0.4
73,3,Norris (McLaren),40.43782,119.99842,Foggy,0.4
73,4,Norris (McLaren),40.11303,160.11146,Foggy,0.4
73,5,Norris (McLaren),39.4433,199.55476,Foggy,0.4
73,1,Leclerc (Ferrari),40.15641,40.15641,Foggy,0.4
73,2,Leclerc (Ferrari),39.7048,79.86121,Foggy,0.4
73,3,Leclerc (Ferrari),38.14054,118.00175,Foggy,0.4
73,4,Leclerc (Ferrari),39.17693,157.17868,Foggy,0.4
73,5,Leclerc (Ferrari),38.6613,195.83998,Foggy,0.4
74,1,Hamilton (Mercedes),39.76641,39.76641,Foggy,0.4
74,2,Hamilton (Mercedes),39.79596,79.56237,Foggy,0.4
74,3,Hamilton (Mercedes),40.14991,119.71228,Foggy,0.4
74,4,Hamilton (Mercedes),39.73058,159.44286,Foggy,0.4
74,5,Hamilton (Mercedes),41.3016,200.74446,Foggy,0.4
74,1,Verstappen (Red Bull),39.2275,39.2275,Foggy,0.4
74,2,Verstappen (Red Bull),39.78159,79.00909,Foggy,0.4
74,3,Verstappen (Red Bull),39.55321,118.5623,Foggy,0.4
74,4,Verstappen (Red Bull),39.88212,158.44442,Foggy,0.4
74,5,Verstappen (Red Bull),39.8992,198.34362,Foggy,0.4
74,1,Norris (McLaren),40.85901,40.85901,Foggy,0.4
74,2,Norris (McLaren),39.67206,80.53108,Foggy,0.4
74,3,Norris (McLaren),38.38171,118.91279,Foggy,0.4
74,4,Norris (McLaren),38.63829,157.55108,Foggy,0.4
74,5,Norris (McLaren),38.79603,196.34711,Foggy,0.4
74,1,Leclerc (Ferrari),38.57152,38.57152,Foggy,0.4
74,2,Leclerc (Ferrari),39.83095,78.40246,Foggy,0.4
74,3,Leclerc (Ferrari),38.97978,117.38224,Foggy,0.4
74,4,Leclerc (Ferrari),39.20661,156.58886,Foggy,0.4
74,5,Leclerc (Ferrari),40.50159,197.09045,Foggy,0.4
75,1,Hamilton (Mercedes),40.56406,40.56406,Foggy,0.4
75,2,Hamilton (Mercedes),40.25244,80.8165,Foggy,0.4
75,3,Hamilton (Mercedes),40.16729,120.98379,Foggy,0.4
75,4,Hamilton (Mercedes),39.40519,160.38898,Foggy,0.4
75,5,Hamilton (Mercedes),40.5833,200.97228,Foggy,0.4
75,1,Verstappen (Red Bull),38.74098,38.74098,Foggy,0.4
75,2,Verstappen (Red Bull),39.04872,77.7897,Foggy,0.4
75,3,Verstappen (Red Bull),40.33426,118.12397,Foggy,0.4
75,4,Verstappen (Red Bull),39.6039,157.72787,Foggy,0.4
75,5,Verstappen (Red Bull),39.80801,197.53589,Foggy,0.4
75,1,Norris (McLaren),39.30222,39.30222,Foggy,0.4
75,2,Norris (McLaren),39.66306,78.96528,Foggy,0.4
75,3,Norris (McLaren),40.35389,119.31917,Foggy,0.4
75,4,Norris (McLaren),39.35425,158.67342,Foggy,0.4
75,5,Norris (McLaren),40.76405,199.43747,Foggy,0.4
75,1,Leclerc (Ferrari),39.84678,39.84678,Foggy,0.4
75,2,Leclerc (Ferrari),40.67296,80.51975,Foggy,0.4
75,3,Leclerc (Ferrari),40.68047,121.20021,Foggy,0.4
75,4,Leclerc (Ferrari),39.98945,161.18967,Foggy,0.4
75,5,Leclerc (Ferrari),39.08109,200.27075,Foggy,0.4
76,1,Hamilton (Mercedes),38.3721,38.3721,Foggy,0.4
76,2,Hamilton (Mercedes),39.29632,77.66843,Foggy,0.4
76,3,Hamilton (Mercedes),40.71253,118.38095,Foggy,0.4
76,4,Hamilton (Mercedes),40.43256,158.81352,Foggy,0.4
76,5,Hamilton (Mercedes),39.58279,198.3963,Foggy,0.4
76,1,Verstappen (Red Bull),39.30345,39.30345,Foggy,0.4
76,2,Verstappen (Red Bull),40.30371,79.60716,Foggy,0.4
76,3,Verstappen (Red Bull),40.26009,119.86724,Foggy,0.4
76,4,Verstappen (Red Bull),39.62034,159.48758,Foggy,0.4
76,5,Verstappen (Red Bull),39.61287,199.10045,Foggy,0.4
76,1,Norris (McLaren),39.91684,39.91684,Foggy,0.4
76,2,Norris (McLaren),39.99919,79.91604,Foggy,0.4
76,3,Norris (McLaren),40.4059,120.32194,Foggy,0.4
76,4,Norris (McLaren),38.13919,158.46113,Foggy,0.4
76,5,Norris (McLaren),40.02332,198.48445,Foggy,0.4
76,1,Leclerc (Ferrari),39.80702,39.80702,Foggy,0.4
76,2,Leclerc (Ferrari),39.49041,79.29743,Foggy,0.4
76,3,Leclerc (Ferrari),40.6536,119.95103,Foggy,0.4
76,4,Leclerc (Ferrari),40.25342,160.20445,Foggy,0.4
76,5,Leclerc (Ferrari),40.08633,200.29078,Foggy,0.4
77,1,Hamilton (Mercedes),39.36928,39.36928,Foggy,0.4
77,2,Hamilton (Mercedes),40.71342,80.0827,Foggy,0.4
77,3,Hamilton (Mercedes),40.47965,120.56235,Foggy,0.4
77,4,Hamilton (Mercedes),40.08753,160.64988,Foggy,0.4
77,5,Hamilton (Mercedes),40.6819,201.33178,Foggy,0.4
77,1,Verstappen (Red Bull),39.00944,39.00944,Foggy,0.4
77,2,Verstappen (Red Bull),39.39713,78.40657,Foggy,0.4
77,3,Verstappen (Red Bull),39.67638,118.08295,Foggy,0.4
77,4,Verstappen (Red Bull),40.61473,158.69768,Foggy,0.4
77,5,Verstappen (Red Bull),39.3069,198.00458,Foggy,0.4
77,1,Norris (McLaren),37.73294,37.73294,Foggy,0.4
77,2,Norris (McLaren),39.01406,76.74701,Foggy,0.4
77,3,Norris (McLaren),39.78785,116.53485,Foggy,0.4
77,4,Norris (McLaren),38.3253,154.86015,Foggy,0.4
77,5,Norris (McLaren),39.41401,194.27416,Foggy,0.4
77,1,Leclerc (Ferrari),39.79478,39.79478,Foggy,0.4
77,2,Leclerc (Ferrari),40.26426,80.05904,Foggy,0.4
77,3,Leclerc (Ferrari),39.08197,119.14101,Foggy,0.4
77,4,Leclerc (Ferrari),39.78371,158.92472,Foggy,0.4
77,5,Leclerc (Ferrari),39.18801,198.11273,Foggy,0.4
78,1,Hamilton (Mercedes),40.11397,40.11397,Foggy,0.4
78,2,Hamilton (Mercedes),39.32731,79.44128,Foggy,0.4
78,3,Hamilton (Mercedes),40.39646,119.83774,Foggy,0.4
78,4,Hamilton (Mercedes),41.30297,161.14071,Foggy,0.4
78,5,Hamilton (Mercedes),39.85329,200.994,Foggy,0.4
78,1,Verstappen (Red Bull),39.35826,39.35826,Foggy,0.4
78,2,Verstappen (Red Bull),39.30905,78.66731,Foggy,0.4
78,3,Verstappen (Red Bull),40.13412,118.80143,Foggy,0.4
78,4,Verstappen (Red Bull),39.88181,158.68324,Foggy,0.4
78,5,Verstappen (Red Bull),40.13906,198.8223,Foggy,0.4
78,1,Norris (McLaren),40.90573,40.90573,Foggy,0.4
78,2,Norris (McLaren),39.70285,80.60857,Foggy,0.4
78,3,Norris (McLaren),39.5933,120.20188,Foggy,0.4
78,4,Norris (McLaren),38.53026,158.73214,Foggy,0.4
78,5,Norris (McLaren),39.46717,198.1993,Foggy,0.4
78,1,Leclerc (Ferrari),40.11633,40.11633,Foggy,0.4
78,2,Leclerc (Ferrari),39.28509,79.40142,Foggy,0.4
78,3,Leclerc (Ferrari),39.21782,118.61923,Foggy,0.4
78,4,Leclerc (Ferrari),39.01403,157.63326,Foggy,0.4
78,5,Leclerc (Ferrari),40.0164,197.64966,Foggy,0.4
79,1,Hamilton (Mercedes),39.55072,39.55072,Foggy,0.4
79,2,Hamilton (Mercedes),40.50542,80.05615,Foggy,0.4
79,3,Hamilton (Mercedes),40.4489,120.50505,Foggy,0.4
79,4,Hamilton (Mercedes),41.25785,161.76291,Foggy,0.4
79,5,Hamilton (Mercedes),40.67034,202.43324,Foggy,0.4
79,1,Verstappen (Red Bull),39.02516,39.02516,Foggy,0.4
79,2,Verstappen (Red Bull),39.32474,78.3499,Foggy,0.4
79,3,Verstappen (Red Bull),40.12845,118.47836,Foggy,0.4
79,4,Verstappen (Red Bull),39.8988,158.37716,Foggy,0.4
79,5,Verstappen (Red Bull),40.20593,198.58309,Foggy,0.4
79,1,Norris (McLaren),39.66697,39.66697,Foggy,0.4
79,2,Norris (McLaren),40.04137,79.70834,Foggy,0.4
79,3,Norris (McLaren),38.9037,118.61204,Foggy,0.4
79,4,Norris (McLaren),39.49187,158.1039,Foggy,0.4
79,5,Norris (McLaren),39.8392,197.94311,Foggy,0.4
79,1,Leclerc (Ferrari),39.24263,39.24263,Foggy,0.4
79,2,Leclerc (Ferrari),40.41847,79.66111,Foggy,0.4
79,3,Leclerc (Ferrari),39.34805,119.00916,Foggy,0.4
79,4,Leclerc (Ferrari),39.81131,158.82047,Foggy,0.4
79,5,Leclerc (Ferrari),40.05875,198.87923,Foggy,0.4
80,1,Hamilton (Mercedes),40.9549,40.9549,Foggy,0.4
80,2,Hamilton (Mercedes),40.64864,81.60354,Foggy,0.4
80,3,Hamilton (Mercedes),40.847,122.45054,Foggy,0.4
80,4,Hamilton (Mercedes),39.73938,162.18992,Foggy,0.4
80,5,Hamilton (Mercedes),40.13726,202.32719,Foggy,0.4
80,1,Verstappen (Red Bull),39.84645,39.84645,Foggy,0.4
80,2,Verstappen (Red Bull),39.22645,79.0729,Foggy,0.4
80,3,Verstappen (Red Bull),39.59083,118.66373,Foggy,0.4
80,4,Verstappen (Red Bull),40.00416,158.66789,Foggy,0.4
80,5,Verstappen (Red Bull),40.01044,198.67832,Foggy,0.4
80,1,Norris (McLaren),38.09928,38.09928,Foggy,0.4
80,2,Norris (McLaren),39.5237,77.62297,Foggy,0.4
80,3,Norris (McLaren),40.06569,117.68866,Foggy,0.4
80,4,Norris (McLaren),39.29697,156.98563,Foggy,0.4
80,5,Norris (McLaren),40.29264,197.27826,Foggy,0.4
80,1,Leclerc (Ferrari),39.28678,39.28678,Foggy,0.4
80,2,Leclerc (Ferrari),40.67356,79.96033,Foggy,0.4
80,3,Leclerc (Ferrari),39.52965,119.48998,Foggy,0.4
80,4,Leclerc (Ferrari),40.96116,160.45114,Foggy,0.4
80,5,Leclerc (Ferrari),38.7213,199.17244,Foggy,0.4
81,1,Hamilton (Mercedes),40.0249,40.0249,Foggy,0.4
81,2,Hamilton (Mercedes),40.91615,80.94105,Foggy,0.4
81,3,Hamilton (Mercedes),40.38038,121.32143,Foggy,0.4
81,4,Hamilton (Mercedes),40.93036,162.25179,Foggy,0.4
81,5,Hamilton (Mercedes),40.36321,202.615,Foggy,0.4
81,1,Verstappen (Red Bull),38.99803,38.99803,Foggy,0.4
81,2,Verstappen (Red Bull),39.53749,78.53552,Foggy,0.4
81,3,Verstappen (Red Bull),39.07937,117.6149,Foggy,0.4
81,4,Verstappen (Red Bull),39.81717,157.43207,Foggy,0.4
81,5,Verstappen (Red Bull),40.06532,197.49739,Foggy,0.4
81,1,Norris (McLaren),39.80247,39.80247,Foggy,0.4
81,2,Norris (McLaren),38.82212,78.62459,Foggy,0.4
81,3,Norris (McLaren),39.46762,118.09221,Foggy,0.4
81,4,Norris (McLaren),39.64519,157.7374,Foggy,0.4
81,5,Norris (McLaren),40.71963,198.45703,Foggy,0.4
81,1,Leclerc (Ferrari),38.83941,38.83941,Foggy,0.4
81,2,Leclerc (Ferrari),38.5372,77.37662,Foggy,0.4
81,3,Leclerc (Ferrari),39.77763,117.15424,Foggy,0.4
81,4,Leclerc (Ferrari),38.91089,156.06514,Foggy,0.4
81,5,Leclerc (Ferrari),39.88362,195.94875,Foggy,0.4
82,1,Hamilton (Mercedes),40.34786,40.34786,Foggy,0.4
82,2,Hamilton (Mercedes),39.14258,79.49044,Foggy,0.4
82,3,Hamilton (Mercedes),39.79764,119.28808,Foggy,0.4
82,4,Hamilton (Mercedes),40.57628,159.86435,Foggy,0.4
82,5,Hamilton (Mercedes),40.64318,200.50754,Foggy,0.4
82,1,Verstappen (Red Bull),40.22481,40.22481,Foggy,0.4
82,2,Verstappen (Red Bull),39.17129,79.3961,Foggy,0.4
82,3,Verstappen (Red Bull),40.51109,119.90719,Foggy,0.4
82,4,Verstappen (Red Bull),39.0729,158.98009,Foggy,0.4
82,5,Verstappen (Red Bull),39.0672,198.0473,Foggy,0.4
82,1,Norris (McLaren),39.43545,39.43545,Foggy,0.4
82,2,Norris (McLaren),38.93926,78.37471,Foggy,0.4
82,3,Norris (McLaren),39.70142,118.07612,Foggy,0.4
82,4,Norris (McLaren),40.00002,158.07614,Foggy,0.4
82,5,Norris (McLaren),39.87104,197.94718,Foggy,0.4
82,1,Leclerc (Ferrari),39.78302,39.78302,Foggy,0.4
82,2,Leclerc (Ferrari),39.14683,78.92985,Foggy,0.4
82,3,Leclerc (Ferrari),40.13915,119.06899,Foggy,0.4
82,4,Leclerc (Ferrari),39.3738,158.4428,Foggy,0.4
82,5,Leclerc (Ferrari),39.59332,198.03611,Foggy,0.4
83,1,Hamilton (Mercedes),40.10631,40.10631,Foggy,0.4
83,2,Hamilton (Mercedes),40.49527,80.60158,Foggy,0.4
83,3,Hamilton (Mercedes),40.37532,120.9769,Foggy,0.4
83,4,Hamilton (Mercedes),40.60211,161.57902,Foggy,0.4
83,5,Hamilton (Mercedes),39.21554,200.79455,Foggy,0.4
83,1,Verstappen (Red Bull),39.87095,39.87095,Foggy,0.4
83,2,Verstappen (Red Bull),39.59407,79.46502,Foggy,0.4
83,3,Verstappen (Red Bull),39.79673,119.26175,Foggy,0.4
83,4,Verstappen (Red Bull),39.54043,158.80218,Foggy,0.4
83,5,Verstappen (Red Bull),39.37355,198.17573,Foggy,0.4
83,1,Norris (McLaren),40.91741,40.91741,Foggy,0.4
83,2,Norris (McLaren),39.89105,80.80846,Foggy,0.4
83,3,Norris (McLaren),39.77296,120.58142,Foggy,0.4
83,4,Norris (McLaren),39.10184,159.68326,Foggy,0.4
83,5,Norris (McLaren),39.84467,199.52794,Foggy,0.4
83,1,Leclerc (Ferrari),39.78262,39.78262,Foggy,0.4
83,2,Leclerc (Ferrari),40.14924,79.93186,Foggy,0.4
83,3,Leclerc (Ferrari),40.69088,120.62274,Foggy,0.4
83,4,Leclerc (Ferrari),39.98108,160.60382,Foggy,0.4
83,5,Leclerc (Ferrari),40.1694,200.77322,Foggy,0.4
84,1,Hamilton (Mercedes),40.10263,40.10263,Foggy,0.4
84,2,Hamilton (Mercedes),40.61438,80.71701,Foggy,0.4
84,3,Hamilton (Mercedes),40.43825,121.15525,Foggy,0.4
84,4,Hamilton (Mercedes),41.43743,162.59268,Foggy,0.4
84,5,Hamilton (Mercedes),39.46209,202.05477,Foggy,0.4
84,1,Verstappen (Red Bull),39.59811,39.59811,Foggy,0.4
84,2,Verstappen (Red Bull),39.33182,78.92993,Foggy,0.4
84,3,Verstappen (Red Bull),39.13928,118.0692,Foggy,0.4
84,4,Verstappen (Red Bull),40.04431,158.11351,Foggy,0.4
84,5,Verstappen (Red Bull),39.21583,197.32934,Foggy,0.4
84,1,Norris (McLaren),40.36547,40.36547,Foggy,0.4
84,2,Norris (McLaren),39.22866,79.59413,Foggy,0.4
84,3,Norris (McLaren),39.29986,118.89399,Foggy,0.4
84,4,Norris (McLaren),37.97785,156.87184,Foggy,0.4
84,5,Norris (McLaren),39.20042,196.07226,Foggy,0.4
84,1,Leclerc (Ferrari),39.74664,39.74664,Foggy,0.4
84,2,Leclerc (Ferrari),39.53973,79.28637,Foggy,0.4
84,3,Leclerc (Ferrari),40.00386,119.29023,Foggy,0.4
84,4,Leclerc (Ferrari),38.33109,157.62132,Foggy,0.4
84,5,Leclerc (Ferrari),39.89079,197.51211,Foggy,0.4
85,1,Hamilton (Mercedes),39.61438,39.61438,Foggy,0.4
85,2,Hamilton (Mercedes),40.17414,79.78852,Foggy,0.4
85,3,Hamilton (Mercedes),39.18859,118.97711,Foggy,0.4
85,4,Hamilton (Mercedes),40.44294,159.42005,Foggy,0.4
85,5,Hamilton (Mercedes),40.38743,199.80748,Foggy,0.4
85,1,Verstappen (Red Bull),39.41906,39.41906,Foggy,0.4
85,2,Verstappen (Red Bull),40.69604,80.1151,Foggy,0.4
85,3,Verstappen (Red Bull),40.0843,120.1994,Foggy,0.4
85,4,Verstappen (Red Bull),39.81231,160.01171,Foggy,0.4
85,5,Verstappen (Red Bull),38.44229,198.45399,Foggy,0.4
85,1,Norris (McLaren),39.58176,39.58176,Foggy,0.4
85,2,Norris (McLaren),40.81327,80.39503,Foggy,0.4
85,3,Norris (McLaren),38.82652,119.22155,Foggy,0.4
85,4,Norris (McLaren),40.15944,159.38099,Foggy,0.4
85,5,Norris (McLaren),39.96705,199.34804,Foggy,0.4
85,1,Leclerc (Ferrari),40.5326,40.5326,Foggy,0.4
85,2,Leclerc (Ferrari),41.02794,81.56054,Foggy,0.4
85,3,Leclerc (Ferrari),39.11609,120.67663,Foggy,0.4
85,4,Leclerc (Ferrari),39.86055,160.53718,Foggy,0.4
85,5,Leclerc (Ferrari),38.39766,198.93484,Foggy,0.4
86,1,Hamilton (Mercedes),40.35154,40.35154,Foggy,0.4
86,2,Hamilton (Mercedes),41.16767,81.51921,Foggy,0.4
86,3,Hamilton (Mercedes),38.80756,120.32677,Foggy,0.4
86,4,Hamilton (Mercedes),41.30454,161.63131,Foggy,0.4
86,5,Hamilton (Mercedes),39.82779,201.45909,Foggy,0.4
86,1,Verstappen (Red Bull),39.51186,39.51186,Foggy,0.4
86,2,Verstappen (Red Bull),38.61628,78.12813,Foggy,0.4
86,3,Verstappen (Red Bull),38.74722,116.87535,Foggy,0.4
86,4,Verstappen (Red Bull),40.33964,157.21499,Foggy,0.4
86,5,Verstappen (Red Bull),39.41406,196.62905,Foggy,0.4
86,1,Norris (McLaren),39.98917,39.98917,Foggy,0.4
86,2,Norris (McLaren),38.60415,78.59333,Foggy,0.4
86,3,Norris (McLaren),39.72225,118.31558,Foggy,0.4
86,4,Norris (McLaren),39.55344,157.86902,Foggy,0.4
86,5,Norris (McLaren),38.81074,196.67976,Foggy,0.4
86,1,Leclerc (Ferrari),40.08283,40.08283,Foggy,0.4
86,2,Leclerc (Ferrari),39.17218,79.25501,Foggy,0.4
86,3,Leclerc (Ferrari),38.72171,117.97672,Foggy,0.4
86,4,Leclerc (Ferrari),40.0195,157.99622,Foggy,0.4
86,5,Leclerc (Ferrari),39.64203,197.63825,Foggy,0.4
87,1,Hamilton (Mercedes),39.91591,39.91591,Foggy,0.4
87,2,Hamilton (Mercedes),40.65667,80.57258,Foggy,0.4
87,3,Hamilton (Mercedes),39.96214,120.53472,Foggy,0.4
87,4,Hamilton (Mercedes),39.71082,160.24554,Foggy,0.4
87,5,Hamilton (Mercedes),40.72631,200.97185,Foggy,0.4
87,1,Verstappen (Red Bull),40.03436,40.03436,Foggy,0.4
87,2,Verstappen (Red Bull),39.16891,79.20326,Foggy,0.4
87,3,Verstappen (Red Bull),39.00804,118.2113,Foggy,0.4
87,4,Verstappen (Red Bull),40.96845,159.17975,Foggy,0.4
87,5,Verstappen (Red Bull),39.0757,198.25545,Foggy,0.4
87,1,Norris (McLaren),39.69261,39.69261,Foggy,0.4
87,2,Norris (McLaren),40.69994,80.39256,Foggy,0.4
87,3,Norris (McLaren),40.90243,121.29499,Foggy,0.4
87,4,Norris (McLaren),40.17902,161.474,Foggy,0.4
87,5,Norris (McLaren),40.27267,201.74667,Foggy,0.4
87,1,Leclerc (Ferrari),38.31986,38.31986,Foggy,0.4
87,2,Leclerc (Ferrari),39.34518,77.66504,Foggy,0.4
87,3,Leclerc (Ferrari),39.54574,117.21077,Foggy,0.4
87,4,Leclerc (Ferrari),39.55068,156.76146,Foggy,0.4
87,5,Leclerc (Ferrari),38.90373,195.66519,Foggy,0.4
88,1,Hamilton (Mercedes),40.47571,40.47571,Foggy,0.4
88,2,Hamilton (Mercedes),39.07581,79.55152,Foggy,0.4
88,3,Hamilton (Mercedes),39.14049,118.69201,Foggy,0.4
88,4,Hamilton (Mercedes),40.79077,159.48278,Foggy,0.4
88,5,Hamilton (Mercedes),40.75332,200.2361,Foggy,0.4
88,1,Verstappen (Red Bull),39.57662,39.57662,Foggy,0.4
88,2,Verstappen (Red Bull),39.58637,79.16299,Foggy,0.4
88,3,Verstappen (Red Bull),39.71621,118.87921,Foggy,0.4
88,4,Verstappen (Red Bull),40.04802,158.92722,Foggy,0.4
88,5,Verstappen (Red Bull),39.71704,198.64426,Foggy,0.4
88,1,Norris (McLaren),38.83993,38.83993,Foggy,0.4
88,2,Norris (McLaren),39.19063,78.03056,Foggy,0.4
88,3,Norris (McLaren),39.64598,117.67654,Foggy,0.4
88,4,Norris (McLaren),40.4817,158.15824,Foggy,0.4
88,5,Norris (McLaren),38.83942,196.99766,Foggy,0.4
88,1,Leclerc (Ferrari),39.35214,39.35214,Foggy,0.4
88,2,Leclerc (Ferrari),38.78704,78.13917,Foggy,0.4
88,3,Leclerc (Ferrari),39.01992,117.15909,Foggy,0.4
88,4,Leclerc (Ferrari),40.33279,157.49188,Foggy,0.4
88,5,Leclerc (Ferrari),39.02976,196.52164,Foggy,0.4
89,1,Hamilton (Mercedes),40.39549,40.39549,Foggy,0.4
89,2,Hamilton (Mercedes),39.22703,79.62253,Foggy,0.4
89,3,Hamilton (Mercedes),40.04516,119.66769,Foggy,0.4
89,4,Hamilton (Mercedes),41.12241,160.79009,Foggy,0.4
89,5,Hamilton (Mercedes),39.91352,200.70361,Foggy,0.4
89,1,Verstappen (Red Bull),39.91641,39.91641,Foggy,0.4
89,2,Verstappen (Red Bull),39.64906,79.56547,Foggy,0.4
89,3,Verstappen (Red Bull),40.0642,119.62967,Foggy,0.4
89,4,Verstappen (Red Bull),38.99947,158.62914,Foggy,0.4
89,5,Verstappen (Red Bull),39.38449,198.01363,Foggy,0.4
89,1,Norris (McLaren),38.56512,38.56512,Foggy,0.4
89,2,Norris (McLaren),39.98819,78.55331,Foggy,0.4
89,3,Norris (McLaren),38.93441,117.48772,Foggy,0.4
89,4,Norris (McLaren),40.44531,157.93302,Foggy,0.4
89,5,Norris (McLaren),39.77476,197.70779,Foggy,0.4
89,1,Leclerc (Ferrari),39.60901,39.60901,Foggy,0.4
89,2,Leclerc (Ferrari),39.06751,78.67653,Foggy,0.4
89,3,Leclerc (Ferrari),39.64585,118.32238,Foggy,0.4
89,4,Leclerc (Ferrari),39.26454,157.58692,Foggy,0.4
89,5,Leclerc (Ferrari),39.50222,197.08914,Foggy,0.4
90,1,Hamilton (Mercedes),41.44587,41.44587,Foggy,0.4
90,2,Hamilton (Mercedes),39.68678,81.13264,Foggy,0.4
90,3,Hamilton (Mercedes),40.05652,121.18917,Foggy,0.4
90,4,Hamilton (Mercedes),40.18283,161.372,Foggy,0.4
90,5,Hamilton (Mercedes),39.76514,201.13714,Foggy,0.4
90,1,Verstappen (Red Bull),40.34851,40.34851,Foggy,0.4
90,2,Verstappen (Red Bull),40.45963,80.80814,Foggy,0.4
90,3,Verstappen (Red Bull),39.52288,120.33102,Foggy,0.4
90,4,Verstappen (Red Bull),39.68121,160.01223,Foggy,0.4
90,5,Verstappen (Red Bull),40.15145,200.16367,Foggy,0.4
90,1,Norris (McLaren),39.58537,39.58537,Foggy,0.4
90,2,Norris (McLaren),40.12489,79.71026,Foggy,0.4
90,3,Norris (McLaren),39.88385,119.59411,Foggy,0.4
90,4,Norris (McLaren),40.46845,160.06256,Foggy,0.4
90,5,Norris (McLaren),39.93638,199.99895,Foggy,0.4
90,1,Leclerc (Ferrari),40.16183,40.16183,Foggy,0.4
90,2,Leclerc (Ferrari),39.04332,79.20515,Foggy,0.4
90,3,Leclerc (Ferrari),38.52541,117.73057,Foggy,0.4
90,4,Leclerc (Ferrari),39.28939,157.01995,Foggy,0.4
90,5,Leclerc (Ferrari),39.07627,196.09622,Foggy,0.4
91,1,Hamilton (Mercedes),40.75907,40.75907,Foggy,0.4
91,2,Hamilton (Mercedes),39.60977,80.36884,Foggy,0.4
91,3,Hamilton (Mercedes),39.79468,120.16352,Foggy,0.4
91,4,Hamilton (Mercedes),40.80889,160.97241,Foggy,0.4
91,5,Hamilton (Mercedes),40.47154,201.44396,Foggy,0.4
91,1,Verstappen (Red Bull),39.83084,39.83084,Foggy,0.4
91,2,Verstappen (Red Bull),39.62974,79.46058,Foggy,0.4
91,3,Verstappen (Red Bull),39.43483,118.89541,Foggy,0.4
91,4,Verstappen (Red Bull),39.89307,158.78848,Foggy,0.4
91,5,Verstappen (Red Bull),39.38896,198.17744,Foggy,0.4
91,1,Norris (McLaren),38.90085,38.90085,Foggy,0.4
91,2,Norris (McLaren),39.32102,78.22187,Foggy,0.4
91,3,Norris (McLaren),39.82495,118.04682,Foggy,0.4
91,4,Norris (McLaren),39.31223,157.35905,Foggy,0.4
91,5,Norris (McLaren),38.85485,196.2139,Foggy,0.4
91,1,Leclerc (Ferrari),40.31452,40.31452,Foggy,0.4
91,2,Leclerc (Ferrari),39.4218,79.73632,Foggy,0.4
91,3,Leclerc (Ferrari),39.15725,118.89357,Foggy,0.4
91,4,Leclerc (Ferrari),39.04815,157.94172,Foggy,0.4
91,5,Leclerc (Ferrari),38.79414,196.73586,Foggy,0.4
92,1,Hamilton (Mercedes),40.76488,40.76488,Foggy,0.4
92,2,Hamilton (Mercedes),40.23208,80.99696,Foggy,0.4
92,3,Hamilton (Mercedes),40.13221,121.12918,Foggy,0.4
92,4,Hamilton (Mercedes),40.38552,161.51469,Foggy,0.4
92,5,Hamilton (Mercedes),40.42478,201.93947,Foggy,0.4
92,1,Verstappen (Red Bull),39.81116,39.81116,Foggy,0.4
92,2,Verstappen (Red Bull),38.39185,78.203,Foggy,0.4
92,3,Verstappen (Red Bull),40.17526,118.37826,Foggy,0.4
92,4,Verstappen (Red Bull),40.16782,158.54608,Foggy,0.4
92,5,Verstappen (Red Bull),39.09318,197.63926,Foggy,0.4
92,1,Norris (McLaren),39.3467,39.3467,Foggy,0.4
92,2,Norris (McLaren),39.73605,79.08274,Foggy,0.4
92,3,Norris (McLaren),39.11269,118.19543,Foggy,0.4
92,4,Norris (McLaren),40.49905,158.69448,Foggy,0.4
92,5,Norris (McLaren),38.4807,197.17519,Foggy,0.4
92,1,Leclerc (Ferrari),38.56168,38.56168,Foggy,0.4
92,2,Leclerc (Ferrari),38.71288,77.27456,Foggy,0.4
92,3,Leclerc (Ferrari),39.21409,116.48866,Foggy,0.4
92,4,Leclerc (Ferrari),39.3647,155.85336,Foggy,0.4
92,5,Leclerc (Ferrari),40.4488,196.30215,Foggy,0.4
93,1,Hamilton (Mercedes),40.28924,40.28924,Foggy,0.4
93,2,Hamilton (Mercedes),39.30354,79.59278,Foggy,0.4
93,3,Hamilton (Mercedes),41.42998,121.02276,Foggy,0.4
93,4,Hamilton (Mercedes),40.6847,161.70746,Foggy,0.4
93,5,Hamilton (Mercedes),40.13212,201.83958,Foggy,0.4
93,1,Verstappen (Red Bull),39.37941,39.37941,Foggy,0.4
93,2,Verstappen (Red Bull),38.68756,78.06697,Foggy,0.4
93,3,Verstappen (Red Bull),38.88867,116.95564,Foggy,0.4
93,4,Verstappen (Red Bull),39.29884,156.25447,Foggy,0.4
93,5,Verstappen (Red Bull),39.73312,195.98759,Foggy,0.4
93,1,Norris (McLaren),39.38062,39.38062,Foggy,0.4
93,2,Norris (McLaren),39.99274,79.37336,Foggy,0.4
93,3,Norris (McLaren),40.33423,119.70759,Foggy,0.4
93,4,Norris (McLaren),40.2603,159.96788,Foggy,0.4
93,5,Norris (McLaren),39.41599,199.38388,Foggy,0.4
93,1,Leclerc (Ferrari),38.74512,38.74512,Foggy,0.4
93,2,Leclerc (Ferrari),40.43615,79.18128,Foggy,0.4
93,3,Leclerc (Ferrari),39.73254,118.91382,Foggy,0.4
93,4,Leclerc (Ferrari),40.1363,159.05013,Foggy,0.4
93,5,Leclerc (Ferrari),39.90898,198.9591,Foggy,0.4
94,1,Hamilton (Mercedes),40.33066,40.33066,Foggy,0.4
94,2,Hamilton (Mercedes),39.68294,80.01359,Foggy,0.4
94,3,Hamilton (Mercedes),40.66928,120.68287,Foggy,0.4
94,4,Hamilton (Mercedes),39.74678,160.42965,Foggy,0.4
94,5,Hamilton (Mercedes),39.43418,199.86383,Foggy,0.4
94,1,Verstappen (Red Bull),39.09212,39.09212,Foggy,0.4
94,2,Verstappen (Red Bull),38.77343,77.86555,Foggy,0.4
94,3,Verstappen (Red Bull),40.44631,118.31185,Foggy,0.4
94,4,Verstappen (Red Bull),39.70252,158.01437,Foggy,0.4
94,5,Verstappen (Red Bull),40.53843,198.5528,Foggy,0.4
94,1,Norris (McLaren),40.28248,40.28248,Foggy,0.4
94,2,Norris (McLaren),39.42463,79.70711,Foggy,0.4
94,3,Norris (McLaren),40.31038,120.01749,Foggy,0.4
94,4,Norris (McLaren),39.10643,159.12393,Foggy,0.4
94,5,Norris (McLaren),40.26017,199.3841,Foggy,0.4
94,1,Leclerc (Ferrari),38.04117,38.04117,Foggy,0.4
94,2,Leclerc (Ferrari),39.39796,77.43913,Foggy,0.4
94,3,Leclerc (Ferrari),39.20814,116.64727,Foggy,0.4
94,4,Leclerc (Ferrari),39.14803,155.79529,Foggy,0.4
94,5,Leclerc (Ferrari),39.38523,195.18053,Foggy,0.4
95,1,Hamilton (Mercedes),40.09867,40.09867,Foggy,0.4
95,2,Hamilton (Mercedes),39.12771,79.22638,Foggy,0.4
95,3,Hamilton (Mercedes),40.51009,119.73648,Foggy,0.4
95,4,Hamilton (Mercedes),40.64498,160.38146,Foggy,0.4
95,5,Hamilton (Mercedes),39.61125,199.99271,Foggy,0.4
95,1,Verstappen (Red Bull),38.52877,38.52877,Foggy,0.4
95,2,Verstappen (Red Bull),39.56678,78.09555,Foggy,0.4
95,3,Verstappen (Red Bull),39.18413,117.27968,Foggy,0.4
95,4,Verstappen (Red Bull),39.05381,156.33349,Foggy,0.4
95,5,Verstappen (Red Bull),39.28838,195.62187,Foggy,0.4
95,1,Norris (McLaren),40.28396,40.28396,Foggy,0.4
95,2,Norris (McLaren),38.89786,79.18182,Foggy,0.4
95,3,Norris (McLaren),39.58939,118.7712,Foggy,0.4
95,4,Norris (McLaren),38.45162,157.22282,Foggy,0.4
95,5,Norris (McLaren),38.94669,196.16951,Foggy,0.4
95,1,Leclerc (Ferrari),39.43439,39.43439,Foggy,0.4
95,2,Leclerc (Ferrari),39.79887,79.23325,Foggy,0.4
95,3,Leclerc (Ferrari),39.91733,119.15058,Foggy,0.4
95,4,Leclerc (Ferrari),39.6824,158.83298,Foggy,0.4
95,5,Leclerc (Ferrari),40.02628,198.85925,Foggy,0.4
96,1,Hamilton (Mercedes),40.13497,40.13497,Foggy,0.4
96,2,Hamilton (Mercedes),40.16913,80.3041,Foggy,0.4
96,3,Hamilton (Mercedes),39.5792,119.8833,Foggy,0.4
96,4,Hamilton (Mercedes),41.13285,161.01615,Foggy,0.4
96,5,Hamilton (Mercedes),39.64694,200.66309,Foggy,0.4
96,1,Verstappen (Red Bull),40.22475,40.22475,Foggy,0.4
96,2,Verstappen (Red Bull),40.17643,80.40118,Foggy,0.4
96,3,Verstappen (Red Bull),40.04992,120.4511,Foggy,0.4
96,4,Verstappen (Red Bull),39.85673,160.30783,Foggy,0.4
96,5,Verstappen (Red Bull),40.43256,200.74039,Foggy,0.4
96,1,Norris (McLaren),39.58042,39.58042,Foggy,0.4
96,2,Norris (McLaren),39.09929,78.67971,Foggy,0.4
96,3,Norris (McLaren),40.26158,118.94129,Foggy,0.4
96,4,Norris (McLaren),39.8297,158.77099,Foggy,0.4
96,5,Norris (McLaren),39.5989,198.36989,Foggy,0.4
96,1,Leclerc (Ferrari),39.65621,39.65621,Foggy,0.4
96,2,Leclerc (Ferrari),40.17188,79.8281,Foggy,0.4
96,3,Leclerc (Ferrari),40.00793,119.83603,Foggy,0.4
96,4,Leclerc (Ferrari),38.98257,158.8186,Foggy,0.4
96,5,Leclerc (Ferrari),39.67704,198.49563,Foggy,0.4
97,1,Hamilton (Mercedes),40.10816,40.10816,Foggy,0.4
97,2,Hamilton (Mercedes),39.76592,79.87407,Foggy,0.4
97,3,Hamilton (Mercedes),39.92417,119.79824,Foggy,0.4
97,4,Hamilton (Mercedes),38.22191,158.02015,Foggy,0.4
97,5,Hamilton (Mercedes),40.18923,198.20938,Foggy,0.4
97,1,Verstappen (Red Bull),39.10865,39.10865,Foggy,0.4
97,2,Verstappen (Red Bull),39.61477,78.72343,Foggy,0.4
97,3,Verstappen (Red Bull),39.00938,117.73281,Foggy,0.4
97,4,Verstappen (Red Bull),39.58195,157.31477,Foggy,0.4
97,5,Verstappen (Red Bull),38.93056,196.24532,Foggy,0.4
97,1,Norris (McLaren),39.81985,39.81985,Foggy,0.4
97,2,Norris (McLaren),40.07894,79.89879,Foggy,0.4
97,3,Norris (McLaren),39.98515,119.88395,Foggy,0.4
97,4,Norris (McLaren),38.88997,158.77392,Foggy,0.4
97,5,Norris (McLaren),40.30433,199.07825,Foggy,0.4
97,1,Leclerc (Ferrari),39.24771,39.24771,Foggy,0.4
97,2,Leclerc (Ferrari),39.58057,78.82828,Foggy,0.4
97,3,Leclerc (Ferrari),40.14228,118.97056,Foggy,0.4
97,4,Leclerc (Ferrari),39.69069,158.66125,Foggy,0.4
97,5,Leclerc (Ferrari),39.64599,198.30724,Foggy,0.4
98,1,Hamilton (Mercedes),39.159,39.159,Foggy,0.4
98,2,Hamilton (Mercedes),40.23662,79.39562,Foggy,0.4
98,3,Hamilton (Mercedes),40.0884,119.48402,Foggy,0.4
98,4,Hamilton (Mercedes),41.16089,160.64491,Foggy,0.4
98,5,Hamilton (Mercedes),40.95575,201.60066,Foggy,0.4
98,1,Verstappen (Red Bull),39.03052,39.03052,Foggy,0.4
98,2,Verstappen (Red Bull),39.54855,78.57907,Foggy,0.4
98,3,Verstappen (Red Bull),38.8099,117.38897,Foggy,0.4
98,4,Verstappen (Red Bull),38.84473,156.2337,Foggy,0.4
98,5,Verstappen (Red Bull),39.39927,195.63297,Foggy,0.4
98,1,Norris (McLaren),38.88275,38.88275,Foggy,0.4
98,2,Norris (McLaren),39.46798,78.35073,Foggy,0.4
98,3,Norris (McLaren),41.03867,119.3894,Foggy,0.4
98,4,Norris (McLaren),38.6833,158.07269,Foggy,0.4
98,5,Norris (McLaren),41.20749,199.28018,Foggy,0.4
98,1,Leclerc (Ferrari),40.04077,40.04077,Foggy,0.4
98,2,Leclerc (Ferrari),38.6464,78.68717,Foggy,0.4
98,3,Leclerc (Ferrari),39.05208,117.73925,Foggy,0.4
98,4,Leclerc (Ferrari),39.81132,157.55057,Foggy,0.4
98,5,Leclerc (Ferrari),40.41833,197.96891,Foggy,0.4
99,1,Hamilton (Mercedes),39.21833,39.21833,Foggy,0.4
99,2,Hamilton (Mercedes),39.87872,79.09704,Foggy,0.4
99,3,Hamilton (Mercedes),39.80241,118.89945,Foggy,0.4
99,4,Hamilton (Mercedes),40.91063,159.81009,Foggy,0.4
99,5,Hamilton (Mercedes),41.3077,201.11779,Foggy,0.4
99,1,Verstappen (Red Bull),38.97357,38.97357,Foggy,0.4
99,2,Verstappen (Red Bull),40.11001,79.08358,Foggy,0.4
99,3,Verstappen (Red Bull),39.89505,118.97863,Foggy,0.4
99,4,Verstappen (Red Bull),39.22737,158.206,Foggy,0.4
99,5,Verstappen (Red Bull),39.44805,197.65405,Foggy,0.4
99,1,Norris (McLaren),39.57677,39.57677,Foggy,0.4
99,2,Norris (McLaren),40.18606,79.76284,Foggy,0.4
99,3,Norris (McLaren),40.30942,120.07226,Foggy,0.4
99,4,Norris (McLaren),39.62807,159.70033,Foggy,0.4
99,5,Norris (McLaren),39.81034,199.51066,Foggy,0.4
99,1,Leclerc (Ferrari),39.96085,39.96085,Foggy,0.4
99,2,Leclerc (Ferrari),38.89959,78.86044,Foggy,0.4
99,3,Leclerc (Ferrari),39.943,118.80344,Foggy,0.4
99,4,Leclerc (Ferrari),39.84212,158.64556,Foggy,0.4
99,5,Leclerc (Ferrari),38.64092,197.28647,Foggy,0.4
100,1,Hamilton (Mercedes),40.07742,40.07742,Foggy,0.4
100,2,Hamilton (Mercedes),39.45576,79.53317,Foggy,0.4
100,3,Hamilton (Mercedes),39.58563,119.11881,Foggy,0.4
100,4,Hamilton (Mercedes),41.17913,160.29794,Foggy,0.4
100,5,Hamilton (Mercedes),39.9594,200.25733,Foggy,0.4
100,1,Verstappen (Red Bull),39.82237,39.82237,Foggy,0.4
100,2,Verstappen (Red Bull),39.33345,79.15582,Foggy,0.4
100,3,Verstappen (Red Bull),38.83582,117.99164,Foggy,0.4
100,4,Verstappen (Red Bull),39.68137,157.67301,Foggy,0.4
100,5,Verstappen (Red Bull),39.6211,197.29411,Foggy,0.4
100,1,Norris (McLaren),38.88205,38.88205,Foggy,0.4
100,2,Norris (McLaren),39.92659,78.80864,Foggy,0.4
100,3,Norris (McLaren),39.00739,117.81603,Foggy,0.4
100,4,Norris (McLaren),39.56979,157.38582,Foggy,0.4
100,5,Norris (McLaren),40.30535,197.69117,Foggy,0.4
100,1,Leclerc (Ferrari),40.41289,40.41289,Foggy,0.4
100,2,Leclerc (Ferrari),39.88441,80.2973,Foggy,0.4
100,3,Leclerc (Ferrari),39.12827,119.42557,Foggy,0.4
100,4,Leclerc (Ferrari),38.63286,158.05843,Foggy,0.4
100,5,Leclerc (Ferrari),39.91529,197.97372,Foggy,0.4
101,1,Hamilton (Mercedes),40.55186,40.55186,Foggy,0.4
101,2,Hamilton (Mercedes),41.08626,81.63812,Foggy,0.4
101,3,Hamilton (Mercedes),39.71836,121.35648,Foggy,0.4
101,4,Hamilton (Mercedes),40.1801,161.53658,Foggy,0.4
101,5,Hamilton (Mercedes),39.75661,201.29319,Foggy,0.4
101,1,Verstappen (Red Bull),39.44973,39.44973,Foggy,0.4
101,2,Verstappen (Red Bull),38.56285,78.01258,Foggy,0.4
101,3,Verstappen (Red Bull),38.99605,117.00863,Foggy,0.4
101,4,Verstappen (Red Bull),39.69578,156.7044,Foggy,0.4
101,5,Verstappen (Red Bull),39.97099,196.67539,Foggy,0.4
101,1,Norris (McLaren),39.57086,39.57086,Foggy,0.4
101,2,Norris (McLaren),39.75384,79.32471,Foggy,0.4
101,3,Norris (McLaren),39.00375,118.32846,Foggy,0.4
101,4,Norris (McLaren),39.9193,158.24776,Foggy,0.4
101,5,Norris (McLaren),40.04413,198.29189,Foggy,0.4
101,1,Leclerc (Ferrari),40.36111,40.36111,Foggy,0.4
101,2,Leclerc (Ferrari),39.84464,80.20575,Foggy,0.4
101,3,Leclerc (Ferrari),39.28597,119.49171,Foggy,0.4
101,4,Leclerc (Ferrari),40.01932,159.51103,Foggy,0.4
101,5,Leclerc (Ferrari),39.51872,199.02974,Foggy,0.4
102,1,Hamilton (Mercedes),39.67616,39.67616,Foggy,0.4
102,2,Hamilton (Mercedes),40.38834,80.06449,Foggy,0.4
102,3,Hamilton (Mercedes),39.56517,119.62966,Foggy,0.4
102,4,Hamilton (Mercedes),39.86275,159.49242,Foggy,0.4
102,5,Hamilton (Mercedes),39.87766,199.37007,Foggy,0.4
102,1,Verstappen (Red Bull),39.09548,39.09548,Foggy,0.4
102,2,Verstappen (Red Bull),39.66105,78.75653,Foggy,0.4
102,3,Verstappen (Red Bull),38.28259,117.03912,Foggy,0.4
102,4,Verstappen (Red Bull),39.88207,156.92119,Foggy,0.4
102,5,Verstappen (Red Bull),39.23196,196.15315,Foggy,0.4
102,1,Norris (McLaren),40.59139,40.59139,Foggy,0.4
102,2,Norris (McLaren),39.19646,79.78784,Foggy,0.4
102,3,Norris (McLaren),40.26187,120.04971,Foggy,0.4
102,4,Norris (McLaren),38.98798,159.03769,Foggy,0.4
102,5,Norris (McLaren),39.12022,198.15792,Foggy,0.4
102,1,Leclerc (Ferrari),39.74857,39.74857,Foggy,0.4
102,2,Leclerc (Ferrari),39.4662,79.21477,Foggy,0.4
102,3,Leclerc (Ferrari),40.1777,119.39247,Foggy,0.4
102,4,Leclerc (Ferrari),39.95729,159.34977,Foggy,0.4
102,5,Leclerc (Ferrari),40.72907,200.07884,Foggy,0.4
103,1,Hamilton (Mercedes),40.17317,40.17317,Foggy,0.4
103,2,Hamilton (Mercedes),40.86517,81.03834,Foggy,0.4
103,3,Hamilton (Mercedes),39.986,121.02434,Foggy,0.4
103,4,Hamilton (Mercedes),40.72438,161.74872,Foggy,0.4
103,5,Hamilton (Mercedes),40.27573,202.02445,Foggy,0.4
103,1,Verstappen (Red Bull),40.71062,40.71062,Foggy,0.4
103,2,Verstappen (Red Bull),38.84351,79.55413,Foggy,0.4
103,3,Verstappen (Red Bull),40.21863,119.77276,Foggy,0.4
103,4,Verstappen (Red Bull),39.98404,159.7568,Foggy,0.4
103,5,Verstappen (Red Bull),39.41918,199.17598,Foggy,0.4
103,1,Norris (McLaren),38.94314,38.94314,Foggy,0.4
103,2,Norris (McLaren),40.45921,79.40235,Foggy,0.4
103,3,Norris (McLaren),40.24199,119.64434,Foggy,0.4
103,4,Norris (McLaren),39.49745,159.14178,Foggy,0.4
103,5,Norris (McLaren),39.35417,198.49595,Foggy,0.4
103,1,Leclerc (Ferrari),39.59343,39.59343,Foggy,0.4
103,2,Leclerc (Ferrari),39.58106,79.17449,Foggy,0.4
103,3,Leclerc (Ferrari),40.1201,119.29459,Foggy,0.4
103,4,Leclerc (Ferrari),39.12339,158.41798,Foggy,0.4
103,5,Leclerc (Ferrari),40.01983,198.43781,Foggy,0.4
104,1,Hamilton (Mercedes),40.25323,40.25323,Foggy,0.4
104,2,Hamilton (Mercedes),40.056,80.30923,Foggy,0.4
104,3,Hamilton (Mercedes),39.81375,120.12299,Foggy,0.4
104,4,Hamilton (Mercedes),40.82387,160.94686,Foggy,0.4
104,5,Hamilton (Mercedes),40.09058,201.03743,Foggy,0.4
104,1,Verstappen (Red Bull),38.77832,38.77832,Foggy,0.4
104,2,Verstappen (Red Bull),40.41066,79.18898,Foggy,0.4
104,3,Verstappen (Red Bull),39.36478,118.55376,Foggy,0.4
104,4,Verstappen (Red Bull),39.07879,157.63255,Foggy,0.4
104,5,Verstappen (Red Bull),39.22064,196.85319,Foggy,0.4
104,1,Norris (McLaren),39.50169,39.50169,Foggy,0.4
104,2,Norris (McLaren),40.45057,79.95226,Foggy,0.4
104,3,Norris (McLaren),40.16337,120.11563,Foggy,0.4
104,4,Norris (McLaren),40.58982,160.70545,Foggy,0.4
104,5,Norris (McLaren),38.84545,199.5509,Foggy,0.4
104,1,Leclerc (Ferrari),40.59727,40.59727,Foggy,0.4
104,2,Leclerc (Ferrari),39.27176,79.86902,Foggy,0.4
104,3,Leclerc (Ferrari),39.81204,119.68106,Foggy,0.4
104,4,Leclerc (Ferrari),39.91465,159.59571,Foggy,0.4
104,5,Leclerc (Ferrari),40.2054,199.80111,Foggy,0.4
105,1,Hamilton (Mercedes),39.62439,39.62439,Foggy,0.4
105,2,Hamilton (Mercedes),40.02427,79.64866,Foggy,0.4
105,3,Hamilton (Mercedes),40.97979,120.62845,Foggy,0.4
105,4,Hamilton (Mercedes),41.11317,161.74162,Foggy,0.4
105,5,Hamilton (Mercedes),40.58779,202.32941,Foggy,0.4
105,1,Verstappen (Red Bull),39.68874,39.68874,Foggy,0.4
105,2,Verstappen (Red Bull),39.43203,79.12077,Foggy,0.4
105,3,Verstappen (Red Bull),40.85306,119.97383,Foggy,0.4
105,4,Verstappen (Red Bull),40.00027,159.9741,Foggy,0.4
105,5,Verstappen (Red Bull),39.7993,199.7734,Foggy,0.4
105,1,Norris (McLaren),40.34124,40.34124,Foggy,0.4
105,2,Norris (McLaren),40.44989,80.79112,Foggy,0.4
105,3,Norris (McLaren),39.43651,120.22763,Foggy,0.4
105,4,Norris (McLaren),40.03847,160.2661,Foggy,0.4
105,5,Norris (McLaren),38.79757,199.06366,Foggy,0.4
105,1,Leclerc (Ferrari),40.5391,40.5391,Foggy,0.4
105,2,Leclerc (Ferrari),39.48143,80.02053,Foggy,0.4
105,3,Leclerc (Ferrari),38.94837,118.9689,Foggy,0.4
105,4,Leclerc (Ferrari),40.39386,159.36276,Foggy,0.4
105,5,Leclerc (Ferrari),39.37368,198.73644,Foggy,0.4
106,1,Hamilton (Mercedes),39.82729,39.82729,Foggy,0.4
106,2,Hamilton (Mercedes),40.91699,80.74428,Foggy,0.4
106,3,Hamilton (Mercedes),39.89535,120.63963,Foggy,0.4
106,4,Hamilton (Mercedes),39.90394,160.54357,Foggy,0.4
106,5,Hamilton (Mercedes),40.35855,200.90212,Foggy,0.4
106,1,Verstappen (Red Bull),39.51966,39.51966,Foggy,0.4
106,2,Verstappen (Red Bull),39.42354,78.9432,Foggy,0.4
106,3,Verstappen (Red Bull),39.86835,118.81155,Foggy,0.4
106,4,Verstappen (Red Bull),39.95247,158.76402,Foggy,0.4
106,5,Verstappen (Red Bull),39.67888,198.4429,Foggy,0.4
106,1,Norris (McLaren),39.49274,39.49274,Foggy,0.4
106,2,Norris (McLaren),38.78316,78.2759,Foggy,0.4
106,3,Norris (McLaren),40.11579,118.39169,Foggy,0.4
106,4,Norris (McLaren),38.93114,157.32283,Foggy,0.4
106,5,Norris (McLaren),39.00148,196.32431,Foggy,0.4
106,1,Leclerc (Ferrari),39.3711,39.3711,Foggy,0.4
106,2,Leclerc (Ferrari),39.15077,78.52187,Foggy,0.4
106,3,Leclerc (Ferrari),39.21219,117.73406,Foggy,0.4
106,4,Leclerc (Ferrari),40.41169,158.14575,Foggy,0.4
106,5,Leclerc (Ferrari),38.84632,196.99207,Foggy,0.4
107,1,Hamilton (Mercedes),40.30755,40.30755,Foggy,0.4
107,2,Hamilton (Mercedes),41.40155,81.7091,Foggy,0.4
107,3,Hamilton (Mercedes),40.6518,122.36091,Foggy,0.4
107,4,Hamilton (Mercedes),40.09973,162.46064,Foggy,0.4
107,5,Hamilton (Mercedes),39.99348,202.45411,Foggy,0.4
107,1,Verstappen (Red Bull),39.06421,39.06421,Foggy,0.4
107,2,Verstappen (Red Bull),39.0785,78.14271,Foggy,0.4
107,3,Verstappen (Red Bull),39.262,117.40471,Foggy,0.4
107,4,Verstappen (Red Bull),41.021,158.42571,Foggy,0.4
107,5,Verstappen (Red Bull),39.33238,197.75809,Foggy,0.4
107,1,Norris (McLaren),40.65494,40.65494,Foggy,0.4
107,2,Norris (McLaren),39.42283,80.07777,Foggy,0.4
107,3,Norris (McLaren),40.08488,120.16265,Foggy,0.4
107,4,Norris (McLaren),39.86843,160.03108,Foggy,0.4
107,5,Norris (McLaren),40.19139,200.22247,Foggy,0.4
107,1,Leclerc (Ferrari),40.61605,40.61605,Foggy,0.4
107,2,Leclerc (Ferrari),39.28165,79.8977,Foggy,0.4
107,3,Leclerc (Ferrari),39.46669,119.36438,Foggy,0.4
107,4,Leclerc (Ferrari),38.83378,158.19816,Foggy,0.4
107,5,Leclerc (Ferrari),39.44457,197.64273,Foggy,0.4
108,1,Hamilton (Mercedes),40.20811,40.20811,Foggy,0.4
108,2,Hamilton (Mercedes),39.91917,80.12728,Foggy,0.4
108,3,Hamilton (Mercedes),40.47105,120.59833,Foggy,0.4
108,4,Hamilton (Mercedes),40.11337,160.7117,Foggy,0.4
108,5,Hamilton (Mercedes),40.39225,201.10394,Foggy,0.4
108,1,Verstappen (Red Bull),40.07272,40.07272,Foggy,0.4
108,2,Verstappen (Red Bull),39.17623,79.24895,Foggy,0.4
108,3,Verstappen (Red Bull),41.20366,120.4526,Foggy,0.4
108,4,Verstappen (Red Bull),40.35107,160.80367,Foggy,0.4
108,5,Verstappen (Red Bull),38.67127,199.47495,Foggy,0.4
108,1,Norris (McLaren),40.33259,40.33259,Foggy,0.4
108,2,Norris (McLaren),39.62223,79.95482,Foggy,0.4
108,3,Norris (McLaren),38.10889,118.06371,Foggy,0.4
108,4,Norris (McLaren),40.36125,158.42496,Foggy,0.4
108,5,Norris (McLaren),38.67936,197.10431,Foggy,0.4
108,1,Leclerc (Ferrari),39.2064,39.2064,Foggy,0.4
108,2,Leclerc (Ferrari),39.47073,78.67713,Foggy,0.4
108,3,Leclerc (Ferrari),39.56649,118.24361,Foggy,0.4
108,4,Leclerc (Ferrari),39.43069,157.6743,Foggy,0.4
108,5,Leclerc (Ferrari),39.12797,196.80227,Foggy,0.4
109,1,Hamilton (Mercedes),40.0039,40.0039,Foggy,0.4
109,2,Hamilton (Mercedes),40.23232,80.23621,Foggy,0.4
109,3,Hamilton (Mercedes),39.79132,120.02754,Foggy,0.4
109,4,Hamilton (Mercedes),39.96198,159.98951,Foggy,0.4
109,5,Hamilton (Mercedes),39.85011,199.83962,Foggy,0.4
109,1,Verstappen (Red Bull),39.70744,39.70744,Foggy,0.4
109,2,Verstappen (Red Bull),39.34297,79.05041,Foggy,0.4
109,3,Verstappen (Red Bull),38.11785,117.16825,Foggy,0.4
109,4,Verstappen (Red Bull),39.63599,156.80425,Foggy,0.4
109,5,Verstappen (Red Bull),40.41898,197.22323,Foggy,0.4
109,1,Norris (McLaren),38.79915,38.79915,Foggy,0.4
109,2,Norris (McLaren),38.89462,77.69376,Foggy,0.4
109,3,Norris (McLaren),40.44851,118.14228,Foggy,0.4
109,4,Norris (McLaren),39.7734,157.91568,Foggy,0.4
109,5,Norris (McLaren),40.33286,198.24853,Foggy,0.4
109,1,Leclerc (Ferrari),39.17527,39.17527,Foggy,0.4
109,2,Leclerc (Ferrari),39.15273,78.328,Foggy,0.4
109,3,Leclerc (Ferrari),40.01818,118.34618,Foggy,0.4
109,4,Leclerc (Ferrari),39.20073,157.54692,Foggy,0.4
109,5,Leclerc (Ferrari),39.61328,197.1602,Foggy,0.4
110,1,Hamilton (Mercedes),39.7451,39.7451,Foggy,0.4
110,2,Hamilton (Mercedes),40.29686,80.04197,Foggy,0.4
110,3,Hamilton (Mercedes),39.46794,119.5099,Foggy,0.4
110,4,Hamilton (Mercedes),40.40868,159.91858,Foggy,0.4
110,5,Hamilton (Mercedes),38.70861,198.62719,Foggy,0.4
110,1,Verstappen (Red Bull),38.88778,38.88778,Foggy,0.4
110,2,Verstappen (Red Bull),39.93315,78.82093,Foggy,0.4
110,3,Verstappen (Red Bull),40.01257,118.83349,Foggy,0.4
110,4,Verstappen (Red Bull),38.62251,157.456,Foggy,0.4
110,5,Verstappen (Red Bull),38.28124,195.73724,Foggy,0.4
110,1,Norris (McLaren),40.57902,40.57902,Foggy,0.4
110,2,Norris (McLaren),38.54126,79.12028,Foggy,0.4
110,3,Norris (McLaren),41.46517,120.58545,Foggy,0.4
110,4,Norris (McLaren),40.04454,160.63,Foggy,0.4
110,5,Norris (McLaren),39.31256,199.94256,Foggy,0.4
110,1,Leclerc (Ferrari),38.62551,38.62551,Foggy,0.4
110,2,Leclerc (Ferrari),39.48621,78.11172,Foggy,0.4
110,3,Leclerc (Ferrari),40.87913,118.99084,Foggy,0.4
110,4,Leclerc (Ferrari),38.4749,157.46575,Foggy,0.4
110,5,Leclerc (Ferrari),39.61643,197.08218,Foggy,0.4
111,1,Hamilton (Mercedes),39.43872,39.43872,Foggy,0.4
111,2,Hamilton (Mercedes),40.83641,80.27513,Foggy,0.4
111,3,Hamilton (Mercedes),39.14177,119.4169,Foggy,0.4
111,4,Hamilton (Mercedes),38.72235,158.13925,Foggy,0.4
111,5,Hamilton (Mercedes),39.78227,197.92153,Foggy,0.4
111,1,Verstappen (Red Bull),39.46591,39.46591,Foggy,0.4
111,2,Verstappen (Red Bull),38.48352,77.94943,Foggy,0.4
111,3,Verstappen (Red Bull),39.63906,117.58849,Foggy,0.4
111,4,Verstappen (Red Bull),39.59536,157.18385,Foggy,0.4
111,5,Verstappen (Red Bull),39.83393,197.01778,Foggy,0.4
111,1,Norris (McLaren),39.17053,39.17053,Foggy,0.4
111,2,Norris (McLaren),40.27781,79.44834,Foggy,0.4
111,3,Norris (McLaren),38.93976,118.3881,Foggy,0.4
111,4,Norris (McLaren),39.97944,158.36754,Foggy,0.4
111,5,Norris (McLaren),41.29423,199.66176,Foggy,0.4
111,1,Leclerc (Ferrari),40.81507,40.81507,Foggy,0.4
111,2,Leclerc (Ferrari),40.02623,80.8413,Foggy,0.4
111,3,Leclerc (Ferrari),38.71364,119.55493,Foggy,0.4
111,4,Leclerc (Ferrari),39.04198,158.59692,Foggy,0.4
111,5,Leclerc (Ferrari),38.64873,197.24565,Foggy,0.4
112,1,Hamilton (Mercedes),40.46952,40.46952,Foggy,0.4
112,2,Hamilton (Mercedes),39.89797,80.36749,Foggy,0.4
112,3,Hamilton (Mercedes),39.56327,119.93076,Foggy,0.4
112,4,Hamilton (Mercedes),40.14632,160.07708,Foggy,0.4
112,5,Hamilton (Mercedes),40.09541,200.17248,Foggy,0.4
112,1,Verstappen (Red Bull),40.00254,40.00254,Foggy,0.4
112,2,Verstappen (Red Bull),39.71476,79.7173,Foggy,0.4
112,3,Verstappen (Red Bull),38.89233,118.60963,Foggy,0.4
112,4,Verstappen (Red Bull),39.88647,158.4961,Foggy,0.4
112,5,Verstappen (Red Bull),39.36601,197.86211,Foggy,0.4
112,1,Norris (McLaren),39.68054,39.68054,Foggy,0.4
112,2,Norris (McLaren),39.55428,79.23481,Foggy,0.4
112,3,Norris (McLaren),38.721,117.95582,Foggy,0.4
112,4,Norris (McLaren),39.43575,157.39157,Foggy,0.4
112,5,Norris (McLaren),40.05727,197.44883,Foggy,0.4
112,1,Leclerc (Ferrari),39.21279,39.21279,Foggy,0.4
112,2,Leclerc (Ferrari),40.12231,79.3351,Foggy,0.4
112,3,Leclerc (Ferrari),39.19093,118.52603,Foggy,0.4
112,4,Leclerc (Ferrari),39.45507,157.98111,Foggy,0.4
112,5,Leclerc (Ferrari),39.81149,197.7926,Foggy,0.4
113,1,Hamilton (Mercedes),40.18636,40.18636,Foggy,0.4
113,2,Hamilton (Mercedes),39.62204,79.8084,Foggy,0.4
113,3,Hamilton (Mercedes),40.36428,120.17268,Foggy,0.4
113,4,Hamilton (Mercedes),41.0831,161.25578,Foggy,0.4
113,5,Hamilton (Mercedes),39.66437,200.92015,Foggy,0.4
113,1,Verstappen (Red Bull),39.86392,39.86392,Foggy,0.4
113,2,Verstappen (Red Bull),39.98808,79.852,Foggy,0.4
113,3,Verstappen (Red Bull),39.45217,119.30417,Foggy,0.4
113,4,Verstappen (Red Bull),39.68032,158.98449,Foggy,0.4
113,5,Verstappen (Red Bull),39.15612,198.14061,Foggy,0.4
113,1,Norris (McLaren),39.72269,39.72269,Foggy,0.4
113,2,Norris (McLaren),38.91719,78.63988,Foggy,0.4
113,3,Norris (McLaren),39.73891,118.37879,Foggy,0.4
113,4,Norris (McLaren),39.74408,158.12287,Foggy,0.4
113,5,Norris (McLaren),40.20097,198.32384,Foggy,0.4
113,1,Leclerc (Ferrari),39.88283,39.88283,Foggy,0.4
113,2,Leclerc (Ferrari),40.21046,80.09329,Foggy,0.4
113,3,Leclerc (Ferrari),39.22566,119.31895,Foggy,0.4
113,4,Leclerc (Ferrari),38.23454,157.55348,Foggy,0.4
113,5,Leclerc (Ferrari),38.67203,196.22552,Foggy,0.4
114,1,Hamilton (Mercedes),39.76693,39.76693,Foggy,0.4
114,2,Hamilton (Mercedes),39.94277,79.7097,Foggy,0.4
114,3,Hamilton (Mercedes),39.706,119.4157,Foggy,0.4
114,4,Hamilton (Mercedes),40.2159,159.6316,Foggy,0.4
114,5,Hamilton (Mercedes),40.00362,199.63523,Foggy,0.4
114,1,Verstappen (Red Bull),40.57206,40.57206,Foggy,0.4
114,2,Verstappen (Red Bull),39.69063,80.26269,Foggy,0.4
114,3,Verstappen (Red Bull),38.84901,119.1117,Foggy,0.4
114,4,Verstappen (Red Bull),39.65349,158.76519,Foggy,0.4
114,5,Verstappen (Red Bull),40.08902,198.85421,Foggy,0.4
114,1,Norris (McLaren),38.85479,38.85479,Foggy,0.4
114,2,Norris (McLaren),39.76348,78.61827,Foggy,0.4
114,3,Norris (McLaren),39.05816,117.67643,Foggy,0.4
114,4,Norris (McLaren),38.70774,156.38417,Foggy,0.4
114,5,Norris (McLaren),39.1039,195.48807,Foggy,0.4
114,1,Leclerc (Ferrari),39.59228,39.59228,Foggy,0.4
114,2,Leclerc (Ferrari),39.10451,78.6968,Foggy,0.4
114,3,Leclerc (Ferrari),38.92686,117.62365,Foggy,0.4
114,4,Leclerc (Ferrari),39.54358,157.16724,Foggy,0.4
114,5,Leclerc (Ferrari),40.62546,197.7927,Foggy,0.4
115,1,Hamilton (Mercedes),40.08137,40.08137,Foggy,0.4
115,2,Hamilton (Mercedes),41.01427,81.09564,Foggy,0.4
115,3,Hamilton (Mercedes),40.01189,121.10753,Foggy,0.4
115,4,Hamilton (Mercedes),40.32413,161.43166,Foggy,0.4
115,5,Hamilton (Mercedes),39.74996,201.18163,Foggy,0.4
115,1,Verstappen (Red Bull),39.90943,39.90943,Foggy,0.4
115,2,Verstappen (Red Bull),39.95515,79.86458,Foggy,0.4
115,3,Verstappen (Red Bull),38.97454,118.83912,Foggy,0.4
115,4,Verstappen (Red Bull),40.65894,159.49806,Foggy,0.4
115,5,Verstappen (Red Bull),38.61022,198.10828,Foggy,0.4
115,1,Norris (McLaren),39.1829,39.1829,Foggy,0.4
115,2,Norris (McLaren),39.70507,78.88798,Foggy,0.4
115,3,Norris (McLaren),40.6247,119.51268,Foggy,0.4
115,4,Norris (McLaren),40.57631,160.08899,Foggy,0.4
115,5,Norris (McLaren),40.08768,200.17667,Foggy,0.4
115,1,Leclerc (Ferrari),39.79018,39.79018,Foggy,0.4
115,2,Leclerc (Ferrari),39.27671,79.0669,Foggy,0.4
115,3,Leclerc (Ferrari),39.78173,118.84862,Foggy,0.4
115,4,Leclerc (Ferrari),39.35101,158.19963,Foggy,0.4
115,5,Leclerc (Ferrari),39.65198,197.85162,Foggy,0.4
116,1,Hamilton (Mercedes),40.4751,40.4751,Foggy,0.4
116,2,Hamilton (Mercedes),40.78806,81.26315,Foggy,0.4
116,3,Hamilton (Mercedes),40.80431,122.06746,Foggy,0.4
116,4,Hamilton (Mercedes),40.35549,162.42295,Foggy,0.4
116,5,Hamilton (Mercedes),40.25503,202.67798,Foggy,0.4
116,1,Verstappen (Red Bull),39.74518,39.74518,Foggy,0.4
116,2,Verstappen (Red Bull),39.41965,79.16483,Foggy,0.4
116,3,Verstappen (Red Bull),39.91259,119.07741,Foggy,0.4
116,4,Verstappen (Red Bull),39.70615,158.78357,Foggy,0.4
116,5,Verstappen (Red Bull),39.66565,198.44922,Foggy,0.4
116,1,Norris (McLaren),39.40588,39.40588,Foggy,0.4
116,2,Norris (McLaren),40.79336,80.19923,Foggy,0.4
116,3,Norris (McLaren),39.85647,120.05571,Foggy,0.4
116,4,Norris (McLaren),38.60186,158.65757,Foggy,0.4
116,5,Norris (McLaren),39.1415,197.79907,Foggy,0.4
116,1,Leclerc (Ferrari),38.46041,38.46041,Foggy,0.4
116,2,Leclerc (Ferrari),40.10915,78.56956,Foggy,0.4
116,3,Leclerc (Ferrari),40.08826,118.65783,Foggy,0.4
116,4,Leclerc (Ferrari),40.32469,158.98251,Foggy,0.4
116,5,Leclerc (Ferrari),39.90388,198.8864,Foggy,0.4
117,1,Hamilton (Mercedes),41.18987,41.18987,Foggy,0.4
117,2,Hamilton (Mercedes),40.01426,81.20412,Foggy,0.4
117,3,Hamilton (Mercedes),39.60079,120.80491,Foggy,0.4
117,4,Hamilton (Mercedes),40.73957,161.54449,Foggy,0.4
117,5,Hamilton (Mercedes),40.06062,201.6051,Foggy,0.4
117,1,Verstappen (Red Bull),39.45348,39.45348,Foggy,0.4
117,2,Verstappen (Red Bull),40.10091,79.55439,Foggy,0.4
117,3,Verstappen (Red Bull),40.32089,119.87528,Foggy,0.4
117,4,Verstappen (Red Bull),39.49677,159.37206,Foggy,0.4
117,5,Verstappen (Red Bull),38.65064,198.02269,Foggy,0.4
117,1,Norris (McLaren),39.76768,39.76768,Foggy,0.4
117,2,Norris (McLaren),39.55647,79.32415,Foggy,0.4
117,3,Norris (McLaren),39.6134,118.93755,Foggy,0.4
117,4,Norris (McLaren),40.73034,159.66789,Foggy,0.4
117,5,Norris (McLaren),39.67524,199.34313,Foggy,0.4
117,1,Leclerc (Ferrari),38.47953,38.47953,Foggy,0.4
117,2,Leclerc (Ferrari),39.12589,77.60542,Foggy,0.4
117,3,Leclerc (Ferrari),38.92594,116.53136,Foggy,0.4
117,4,Leclerc (Ferrari),39.15675,155.68811,Foggy,0.4
117,5,Leclerc (Ferrari),39.42089,195.109,Foggy,0.4
118,1,Hamilton (Mercedes),39.0189,39.0189,Foggy,0.4
118,2,Hamilton (Mercedes),40.2843,79.30321,Foggy,0.4
118,3,Hamilton (Mercedes),40.29572,119.59892,Foggy,0.4
118,4,Hamilton (Mercedes),39.96423,159.56315,Foggy,0.4
118,5,Hamilton (Mercedes),41.05855,200.6217,Foggy,0.4
118,1,Verstappen (Red Bull),39.46457,39.46457,Foggy,0.4
118,2,Verstappen (Red Bull),39.66767,79.13224,Foggy,0.4
118,3,Verstappen (Red Bull),39.50852,118.64076,Foggy,0.4
118,4,Verstappen (Red Bull),39.7536,158.39436,Foggy,0.4
118,5,Verstappen (Red Bull),38.41393,196.80828,Foggy,0.4
118,1,Norris (McLaren),40.92973,40.92973,Foggy,0.4
118,2,Norris (McLaren),40.32793,81.25766,Foggy,0.4
118,3,Norris (McLaren),40.60892,121.86658,Foggy,0.4
118,4,Norris (McLaren),39.1382,161.00478,Foggy,0.4
118,5,Norris (McLaren),39.62294,200.62772,Foggy,0.4
118,1,Leclerc (Ferrari),38.69487,38.69487,Foggy,0.4
118,2,Leclerc (Ferrari),39.34162,78.03649,Foggy,0.4
118,3,Leclerc (Ferrari),38.99587,117.03236,Foggy,0.4
118,4,Leclerc (Ferrari),39.56794,156.6003,Foggy,0.4
118,5,Leclerc (Ferrari),39.46992,196.07022,Foggy,0.4
119,1,Hamilton (Mercedes),40.65663,40.65663,Foggy,0.4
119,2,Hamilton (Mercedes),40.44498,81.1016,Foggy,0.4
119,3,Hamilton (Mercedes),40.2352,121.33681,Foggy,0.4
119,4,Hamilton (Mercedes),40.73006,162.06687,Foggy,0.4
119,5,Hamilton (Mercedes),40.2374,202.30427,Foggy,0.4
119,1,Verstappen (Red Bull),39.01129,39.01129,Foggy,0.4
119,2,Verstappen (Red Bull),39.97033,78.98162,Foggy,0.4
119,3,Verstappen (Red Bull),40.26034,119.24196,Foggy,0.4
119,4,Verstappen (Red Bull),39.86864,159.11059,Foggy,0.4
119,5,Verstappen (Red Bull),38.80281,197.91341,Foggy,0.4
119,1,Norris (McLaren),39.3347,39.3347,Foggy,0.4
119,2,Norris (McLaren),40.85977,80.19447,Foggy,0.4
119,3,Norris (McLaren),39.82541,120.01988,Foggy,0.4
119,4,Norris (McLaren),39.50341,159.52329,Foggy,0.4
119,5,Norris (McLaren),38.96844,198.49173,Foggy,0.4
119,1,Leclerc (Ferrari),39.82266,39.82266,Foggy,0.4
119,2,Leclerc (Ferrari),39.66937,79.49203,Foggy,0.4
119,3,Leclerc (Ferrari),39.38715,118.87918,Foggy,0.4
119,4,Leclerc (Ferrari),39.85473,158.73391,Foggy,0.4
119,5,Leclerc (Ferrari),39.01191,197.74582,Foggy,0.4
120,1,Hamilton (Mercedes),39.52128,39.52128,Foggy,0.4
120,2,Hamilton (Mercedes),40.19791,79.71919,Foggy,0.4
120,3,Hamilton (Mercedes),40.75942,120.47861,Foggy,0.4
120,4,Hamilton (Mercedes),40.02161,160.50023,Foggy,0.4
120,5,Hamilton (Mercedes),39.98402,200.48424,Foggy,0.4
120,1,Verstappen (Red Bull),39.59289,39.59289,Foggy,0.4
120,2,Verstappen (Red Bull),39.51267,79.10556,Foggy,0.4
120,3,Verstappen (Red Bull),39.47792,118.58348,Foggy,0.4
120,4,Verstappen (Red Bull),39.05932,157.6428,Foggy,0.4
120,5,Verstappen (Red Bull),39.97348,197.61629,Foggy,0.4
120,1,Norris (McLaren),39.34301,39.34301,Foggy,0.4
120,2,Norris (McLaren),40.7052,80.04822,Foggy,0.4
120,3,Norris (McLaren),39.12526,119.17348,Foggy,0.4
120,4,Norris (McLaren),39.90993,159.08341,Foggy,0.4
120,5,Norris (McLaren),40.54057,199.62398,Foggy,0.4
120,1,Leclerc (Ferrari),40.48866,40.48866,Foggy,0.4
120,2,Leclerc (Ferrari),39.18797,79.67664,Foggy,0.4
120,3,Leclerc (Ferrari),39.3382,119.01483,Foggy,0.4
120,4,Leclerc (Ferrari),39.70648,158.72131,Foggy,0.4
120,5,Leclerc (Ferrari),39.08736,197.80867,Foggy,0.4
121,1,Hamilton (Mercedes),39.70084,39.70084,Foggy,0.4
121,2,Hamilton (Mercedes),40.74078,80.44162,Foggy,0.4
121,3,Hamilton (Mercedes),40.61519,121.05681,Foggy,0.4
121,4,Hamilton (Mercedes),40.05739,161.1142,Foggy,0.4
121,5,Hamilton (Mercedes),40.17233,201.28653,Foggy,0.4
121,1,Verstappen (Red Bull),39.48333,39.48333,Foggy,0.4
121,2,Verstappen (Red Bull),39.72469,79.20802,Foggy,0.4
121,3,Verstappen (Red Bull),39.33344,118.54146,Foggy,0.4
121,4,Verstappen (Red Bull),39.44393,157.9854,Foggy,0.4
121,5,Verstappen (Red Bull),39.84942,197.83482,Foggy,0.4
121,1,Norris (McLaren),39.64958,39.64958,Foggy,0.4
121,2,Norris (McLaren),40.7434,80.39298,Foggy,0.4
121,3,Norris (McLaren),40.10448,120.49747,Foggy,0.4
121,4,Norris (McLaren),39.31644,159.8139,Foggy,0.4
121,5,Norris (McLaren),39.50756,199.32146,Foggy,0.4
121,1,Leclerc (Ferrari),39.18591,39.18591,Foggy,0.4
121,2,Leclerc (Ferrari),39.79845,78.98436,Foggy,0.4
121,3,Leclerc (Ferrari),39.97613,118.96049,Foggy,0.4
121,4,Leclerc (Ferrari),39.40514,158.36563,Foggy,0.4
121,5,Leclerc (Ferrari),39.69952,198.06516,Foggy,0.4
122,1,Hamilton (Mercedes),40.19473,40.19473,Foggy,0.4
122,2,Hamilton (Mercedes),39.06759,79.26232,Foggy,0.4
122,3,Hamilton (Mercedes),41.24798,120.51029,Foggy,0.4
122,4,Hamilton (Mercedes),40.61469,161.12499,Foggy,0.4
122,5,Hamilton (Mercedes),40.7252,201.85019,Foggy,0.4
122,1,Verstappen (Red Bull),39.14937,39.14937,Foggy,0.4
122,2,Verstappen (Red Bull),39.0079,78.15727,Foggy,0.4
122,3,Verstappen (Red Bull),39.80299,117.96026,Foggy,0.4
122,4,Verstappen (Red Bull),38.64763,156.60789,Foggy,0.4
122,5,Verstappen (Red Bull),40.03323,196.64113,Foggy,0.4
122,1,Norris (McLaren),39.24835,39.24835,Foggy,0.4
122,2,Norris (McLaren),40.1937,79.44205,Foggy,0.4
122,3,Norris (McLaren),40.13765,119.57969,Foggy,0.4
122,4,Norris (McLaren),39.33127,158.91096,Foggy,0.4
122,5,Norris (McLaren),41.215,200.12596,Foggy,0.4
122,1,Leclerc (Ferrari),40.09298,40.09298,Foggy,0.4
122,2,Leclerc (Ferrari),41.24095,81.33393,Foggy,0.4
122,3,Leclerc (Ferrari),38.52486,119.85879,Foggy,0.4
122,4,Leclerc (Ferrari),39.36673,159.22552,Foggy,0.4
122,5,Leclerc (Ferrari),40.99989,200.22541,Foggy,0.4
123,1,Hamilton (Mercedes),40.27066,40.27066,Foggy,0.4
123,2,Hamilton (Mercedes),41.45552,81.72617,Foggy,0.4
123,3,Hamilton (Mercedes),39.52767,121.25385,Foggy,0.4
123,4,Hamilton (Mercedes),40.89224,162.14608,Foggy,0.4
123,5,Hamilton (Mercedes),40.49718,202.64326,Foggy,0.4
123,1,Verstappen (Red Bull),39.23819,39.23819,Foggy,0.4
123,2,Verstappen (Red Bull),39.13434,78.37253,Foggy,0.4
123,3,Verstappen (Red Bull),39.93682,118.30935,Foggy,0.4
123,4,Verstappen (Red Bull),39.50093,157.81028,Foggy,0.4
123,5,Verstappen (Red Bull),39.27356,197.08383,Foggy,0.4
123,1,Norris (McLaren),39.21813,39.21813,Foggy,0.4
123,2,Norris (McLaren),39.08015,78.29828,Foggy,0.4
123,3,Norris (McLaren),39.16203,117.46031,Foggy,0.4
123,4,Norris (McLaren),41.01897,158.47928,Foggy,0.4
123,5,Norris (McLaren),40.08711,198.56639,Foggy,0.4
123,1,Leclerc (Ferrari),39.6481,39.6481,Foggy,0.4
123,2,Leclerc (Ferrari),40.63951,80.28761,Foggy,0.4
123,3,Leclerc (Ferrari),39.28258,119.57018,Foggy,0.4
123,4,Leclerc (Ferrari),39.47299,159.04317,Foggy,0.4
123,5,Leclerc (Ferrari),39.9432,198.98637,Foggy,0.4
124,1,Hamilton (Mercedes),40.99487,40.99487,Foggy,0.4
124,2,Hamilton (Mercedes),39.79175,80.78661,Foggy,0.4
124,3,Hamilton (Mercedes),39.84668,120.63329,Foggy,0.4
124,4,Hamilton (Mercedes),40.52205,161.15533,Foggy,0.4
124,5,Hamilton (Mercedes),40.06854,201.22387,Foggy,0.4
124,1,Verstappen (Red Bull),40.14516,40.14516,Foggy,0.4
124,2,Verstappen (Red Bull),38.89703,79.04218,Foggy,0.4
124,3,Verstappen (Red Bull),39.39069,118.43288,Foggy,0.4
124,4,Verstappen (Red Bull),39.73259,158.16547,Foggy,0.4
124,5,Verstappen (Red Bull),39.2459,197.41137,Foggy,0.4
124,1,Norris (McLaren),39.54816,39.54816,Foggy,0.4
124,2,Norris (McLaren),39.50443,79.05259,Foggy,0.4
124,3,Norris (McLaren),40.13309,119.18568,Foggy,0.4
124,4,Norris (McLaren),39.3705,158.55618,Foggy,0.4
124,5,Norris (McLaren),39.97255,198.52873,Foggy,0.4
124,1,Leclerc (Ferrari),39.17517,39.17517,Foggy,0.4
124,2,Leclerc (Ferrari),40.2979,79.47306,Foggy,0.4
124,3,Leclerc (Ferrari),40.02956,119.50262,Foggy,0.4
124,4,Leclerc (Ferrari),38.734,158.23662,Foggy,0.4
124,5,Leclerc (Ferrari),39.17698,197.4136,Foggy,0.4
125,1,Hamilton (Mercedes),40.11368,40.11368,Foggy,0.4
125,2,Hamilton (Mercedes),40.53604,80.64973,Foggy,0.4
125,3,Hamilton (Mercedes),40.08565,120.73538,Foggy,0.4
125,4,Hamilton (Mercedes),39.77051,160.50589,Foggy,0.4
125,5,Hamilton (Mercedes),40.05968,200.56557,Foggy,0.4
125,1,Verstappen (Red Bull),39.77154,39.77154,Foggy,0.4
125,2,Verstappen (Red Bull),39.68228,79.45383,Foggy,0.4
125,3,Verstappen (Red Bull),39.01901,118.47283,Foggy,0.4
125,4,Verstappen (Red Bull),38.77633,157.24916,Foggy,0.4
125,5,Verstappen (Red Bull),38.95112,196.20028,Foggy,0.4
125,1,Norris (McLaren),39.35256,39.35256,Foggy,0.4
125,2,Norris (McLaren),39.86172,79.21427,Foggy,0.4
125,3,Norris (McLaren),40.86336,120.07764,Foggy,0.4
125,4,Norris (McLaren),39.48056,159.5582,Foggy,0.4
125,5,Norris (McLaren),39.20032,198.75852,Foggy,0.4
125,1,Leclerc (Ferrari),40.07728,40.07728,Foggy,0.4
125,2,Leclerc (Ferrari),38.67458,78.75186,Foggy,0.4
125,3,Leclerc (Ferrari),40.41333,119.16519,Foggy,0.4
125,4,Leclerc (Ferrari),40.23124,159.39643,Foggy,0.4
125,5,Leclerc (Ferrari),39.19226,198.58869,Foggy,0.4
126,1,Hamilton (Mercedes),39.62448,39.62448,Foggy,0.4
126,2,Hamilton (Mercedes),41.06874,80.69322,Foggy,0.4
126,3,Hamilton (Mercedes),39.90691,120.60013,Foggy,0.4
126,4,Hamilton (Mercedes),40.66644,161.26657,Foggy,0.4
126,5,Hamilton (Mercedes),39.47494,200.74151,Foggy,0.4
126,1,Verstappen (Red Bull),39.53627,39.53627,Foggy,0.4
126,2,Verstappen (Red Bull),39.60774,79.14401,Foggy,0.4
126,3,Verstappen (Red Bull),40.24646,119.39047,Foggy,0.4
126,4,Verstappen (Red Bull),40.07231,159.46278,Foggy,0.4
126,5,Verstappen (Red Bull),39.96534,199.42811,Foggy,0.4
126,1,Norris (McLaren),40.87126,40.87126,Foggy,0.4
126,2,Norris (McLaren),40.50047,81.37173,Foggy,0.4
126,3,Norris (McLaren),40.13351,121.50525,Foggy,0.4
126,4,Norris (McLaren),39.26473,160.76997,Foggy,0.4
126,5,Norris (McLaren),40.03072,200.80069,Foggy,0.4
126,1,Leclerc (Ferrari),41.802,41.802,Foggy,0.4
126,2,Leclerc (Ferrari),38.50345,80.30544,Foggy,0.4
126,3,Leclerc (Ferrari),39.91474,120.22019,Foggy,0.4
126,4,Leclerc (Ferrari),39.91626,160.13645,Foggy,0.4
126,5,Leclerc (Ferrari),39.95366,200.0901,Foggy,0.4
127,1,Hamilton (Mercedes),40.01316,40.01316,Foggy,0.4
127,2,Hamilton (Mercedes),39.67901,79.69216,Foggy,0.4
127,3,Hamilton (Mercedes),39.50383,119.196,Foggy,0.4
127,4,Hamilton (Mercedes),40.83875,160.03475,Foggy,0.4
127,5,Hamilton (Mercedes),40.96149,200.99623,Foggy,0.4
127,1,Verstappen (Red Bull),39.98926,39.98926,Foggy,0.4
127,2,Verstappen (Red Bull),39.86765,79.85691,Foggy,0.4
127,3,Verstappen (Red Bull),39.71697,119.57388,Foggy,0.4
127,4,Verstappen (Red Bull),39.35074,158.92462,Foggy,0.4
127,5,Verstappen (Red Bull),39.46964,198.39426,Foggy,0.4
127,1,Norris (McLaren),40.4629,40.4629,Foggy,0.4
127,2,Norris (McLaren),38.92489,79.38778,Foggy,0.4
127,3,Norris (McLaren),40.88443,120.27222,Foggy,0.4
127,4,Norris (McLaren),39.61822,159.89044,Foggy,0.4
127,5,Norris (McLaren),40.38103,200.27147,Foggy,0.4
127,1,Leclerc (Ferrari),38.93183,38.93183,Foggy,0.4
127,2,Leclerc (Ferrari),39.68285,78.61468,Foggy,0.4
127,3,Leclerc (Ferrari),40.04343,118.65811,Foggy,0.4
127,4,Leclerc (Ferrari),39.24583,157.90394,Foggy,0.4
127,5,Leclerc (Ferrari),38.61365,196.51758,Foggy,0.4
128,1,Hamilton (Mercedes),40.84484,40.84484,Foggy,0.4
128,2,Hamilton (Mercedes),40.05478,80.89962,Foggy,0.4
128,3,Hamilton (Mercedes),40.07306,120.97268,Foggy,0.4
128,4,Hamilton (Mercedes),40.29311,161.2658,Foggy,0.4
128,5,Hamilton (Mercedes),40.19832,201.46412,Foggy,0.4
128,1,Verstappen (Red Bull),39.14521,39.14521,Foggy,0.4
128,2,Verstappen (Red Bull),38.51135,77.65657,Foggy,0.4
128,3,Verstappen (Red Bull),39.44879,117.10536,Foggy,0.4
128,4,Verstappen (Red Bull),39.54612,156.65147,Foggy,0.4
128,5,Verstappen (Red Bull),38.66673,195.31821,Foggy,0.4
128,1,Norris (McLaren),40.64891,40.64891,Foggy,0.4
128,2,Norris (McLaren),38.46539,79.1143,Foggy,0.4
128,3,Norris (McLaren),40.00433,119.11863,Foggy,0.4
128,4,Norris (McLaren),39.14695,158.26558,Foggy,0.4
128,5,Norris (McLaren),38.42273,196.6883,Foggy,0.4
128,1,Leclerc (Ferrari),38.13809,38.13809,Foggy,0.4
128,2,Leclerc (Ferrari),39.93661,78.0747,Foggy,0.4
128,3,Leclerc (Ferrari),39.461,117.5357,Foggy,0.4
128,4,Leclerc (Ferrari),40.03249,157.56819,Foggy,0.4
128,5,Leclerc (Ferrari),38.81146,196.37964,Foggy,0.4
129,1,Hamilton (Mercedes),39.96766,39.96766,Foggy,0.4
129,2,Hamilton (Mercedes),39.35166,79.31932,Foggy,0.4
129,3,Hamilton (Mercedes),39.0989,118.41822,Foggy,0.4
129,4,Hamilton (Mercedes),40.23424,158.65246,Foggy,0.4
129,5,Hamilton (Mercedes),39.31743,197.96989,Foggy,0.4
129,1,Verstappen (Red Bull),39.24355,39.24355,Foggy,0.4
129,2,Verstappen (Red Bull),39.23489,78.47844,Foggy,0.4
129,3,Verstappen (Red Bull),39.60895,118.08739,Foggy,0.4
129,4,Verstappen (Red Bull),39.42467,157.51205,Foggy,0.4
129,5,Verstappen (Red Bull),39.65384,197.16589,Foggy,0.4
129,1,Norris (McLaren),39.50781,39.50781,Foggy,0.4
129,2,Norris (McLaren),40.67976,80.18757,Foggy,0.4
129,3,Norris (McLaren),40.14833,120.3359,Foggy,0.4
129,4,Norris (McLaren),39.28461,159.62051,Foggy,0.4
129,5,Norris (McLaren),40.62881,200.24933,Foggy,0.4
129,1,Leclerc (Ferrari),39.6287,39.6287,Foggy,0.4
129,2,Leclerc (Ferrari),39.19901,78.8277,Foggy,0.4
129,3,Leclerc (Ferrari),39.15755,117.98525,Foggy,0.4
129,4,Leclerc (Ferrari),39.42116,157.40641,Foggy,0.4
129,5,Leclerc (Ferrari),38.69325,196.09966,Foggy,0.4
130,1,Hamilton (Mercedes),39.56214,39.56214,Foggy,0.4
130,2,Hamilton (Mercedes),39.98271,79.54486,Foggy,0.4
130,3,Hamilton (Mercedes),40.19414,119.739,Foggy,0.4
130,4,Hamilton (Mercedes),40.28783,160.02683,Foggy,0.4
130,5,Hamilton (Mercedes),40.50924,200.53607,Foggy,0.4
130,1,Verstappen (Red Bull),40.07908,40.07908,Foggy,0.4
130,2,Verstappen (Red Bull),39.78092,79.86,Foggy,0.4
130,3,Verstappen (Red Bull),39.21043,119.07043,Foggy,0.4
130,4,Verstappen (Red Bull),39.99587,159.0663,Foggy,0.4
130,5,Verstappen (Red Bull),40.21978,199.28608,Foggy,0.4
130,1,Norris (McLaren),39.03648,39.03648,Foggy,0.4
130,2,Norris (McLaren),39.98003,79.01651,Foggy,0.4
130,3,Norris (McLaren),39.87271,118.88921,Foggy,0.4
130,4,Norris (McLaren),40.80148,159.6907,Foggy,0.4
130,5,Norris (McLaren),40.23175,199.92245,Foggy,0.4
130,1,Leclerc (Ferrari),39.6852,39.6852,Foggy,0.4
130,2,Leclerc (Ferrari),40.84552,80.53072,Foggy,0.4
130,3,Leclerc (Ferrari),40.12463,120.65535,Foggy,0.4
130,4,Leclerc (Ferrari),39.64804,160.30339,Foggy,0.4
130,5,Leclerc (Ferrari),40.18336,200.48675,Foggy,0.4
131,1,Hamilton (Mercedes),40.54615,40.54615,Foggy,0.4
131,2,Hamilton (Mercedes),39.8757,80.42185,Foggy,0.4
131,3,Hamilton (Mercedes),39.93798,120.35983,Foggy,0.4
131,4,Hamilton (Mercedes),40.24862,160.60845,Foggy,0.4
131,5,Hamilton (Mercedes),39.4582,200.06665,Foggy,0.4
131,1,Verstappen (Red Bull),39.31962,39.31962,Foggy,0.4
131,2,Verstappen (Red Bull),38.67763,77.99725,Foggy,0.4
131,3,Verstappen (Red Bull),38.41277,116.41002,Foggy,0.4
131,4,Verstappen (Red Bull),40.20704,156.61706,Foggy,0.4
131,5,Verstappen (Red Bull),40.86981,197.48688,Foggy,0.4
131,1,Norris (McLaren),39.92513,39.92513,Foggy,0.4
131,2,Norris (McLaren),39.35349,79.27862,Foggy,0.4
131,3,Norris (McLaren),40.20499,119.48361,Foggy,0.4
131,4,Norris (McLaren),39.15271,158.63632,Foggy,0.4
131,5,Norris (McLaren),40.68079,199.31711,Foggy,0.4
131,1,Leclerc (Ferrari),38.90496,38.90496,Foggy,0.4
131,2,Leclerc (Ferrari),39.46248,78.36744,Foggy,0.4
131,3,Leclerc (Ferrari),39.6163,117.98374,Foggy,0.4
131,4,Leclerc (Ferrari),39.30321,157.28696,Foggy,0.4
131,5,Leclerc (Ferrari),40.45717,197.74412,Foggy,0.4
132,1,Hamilton (Mercedes),41.13173,41.13173,Foggy,0.4
132,2,Hamilton (Mercedes),40.18078,81.3125,Foggy,0.4
132,3,Hamilton (Mercedes),39.70743,121.01993,Foggy,0.4
132,4,Hamilton (Mercedes),40.53205,161.55198,Foggy,0.4
132,5,Hamilton (Mercedes),40.038,201.58998,Foggy,0.4
132,1,Verstappen (Red Bull),39.54659,39.54659,Foggy,0.4
132,2,Verstappen (Red Bull),40.44096,79.98755,Foggy,0.4
132,3,Verstappen (Red Bull),39.21053,119.19808,Foggy,0.4
132,4,Verstappen (Red Bull),39.24788,158.44596,Foggy,0.4
132,5,Verstappen (Red Bull),39.6036,198.04956,Foggy,0.4
132,1,Norris (McLaren),39.98622,39.98622,Foggy,0.4
132,2,Norris (McLaren),38.48185,78.46808,Foggy,0.4
132,3,Norris (McLaren),40.15078,118.61886,Foggy,0.4
132,4,Norris (McLaren),39.08793,157.70679,Foggy,0.4
132,5,Norris (McLaren),39.19651,196.9033,Foggy,0.4
132,1,Leclerc (Ferrari),39.18879,39.18879,Foggy,0.4
132,2,Leclerc (Ferrari),39.15956,78.34834,Foggy,0.4
132,3,Leclerc (Ferrari),39.44935,117.79769,Foggy,0.4
132,4,Leclerc (Ferrari),38.58339,156.38108,Foggy,0.4
132,5,Leclerc (Ferrari),40.20437,196.58545,Foggy,0.4
133,1,Hamilton (Mercedes),40.20807,40.20807,Foggy,0.4
133,2,Hamilton (Mercedes),39.67758,79.88565,Foggy,0.4
133,3,Hamilton (Mercedes),40.09901,119.98466,Foggy,0.4
133,4,Hamilton (Mercedes),40.61831,160.60296,Foggy,0.4
133,5,Hamilton (Mercedes),39.35505,199.95802,Foggy,0.4
133,1,Verstappen (Red Bull),39.95238,39.95238,Foggy,0.4
133,2,Verstappen (Red Bull),39.22363,79.176,Foggy,0.4
133,3,Verstappen (Red Bull),38.90161,118.07762,Foggy,0.4
133,4,Verstappen (Red Bull),39.81282,157.89044,Foggy,0.4
133,5,Verstappen (Red Bull),38.92994,196.82038,Foggy,0.4
133,1,Norris (McLaren),40.08065,40.08065,Foggy,0.4
133,2,Norris (McLaren),39.08512,79.16577,Foggy,0.4
133,3,Norris (McLaren),39.81076,118.97654,Foggy,0.4
133,4,Norris (McLaren),39.90089,158.87743,Foggy,0.4
133,5,Norris (McLaren),38.85473,197.73216,Foggy,0.4
133,1,Leclerc (Ferrari),40.02743,40.02743,Foggy,0.4
133,2,Leclerc (Ferrari),39.87442,79.90185,Foggy,0.4
133,3,Leclerc (Ferrari),39.02214,118.92399,Foggy,0.4
133,4,Leclerc (Ferrari),39.47818,158.40217,Foggy,0.4
133,5,Leclerc (Ferrari),39.62715,198.02932,Foggy,0.4
134,1,Hamilton (Mercedes),41.00447,41.00447,Foggy,0.4
134,2,Hamilton (Mercedes),41.21664,82.22111,Foggy,0.4
134,3,Hamilton (Mercedes),39.88522,122.10633,Foggy,0.4
134,4,Hamilton (Mercedes),39.20284,161.30917,Foggy,0.4
134,5,Hamilton (Mercedes),40.36052,201.66969,Foggy,0.4
134,1,Verstappen (Red Bull),40.32874,40.32874,Foggy,0.4
134,2,Verstappen (Red Bull),39.71399,80.04274,Foggy,0.4
134,3,Verstappen (Red Bull),40.02254,120.06528,Foggy,0.4
134,4,Verstappen (Red Bull),39.03797,159.10325,Foggy,0.4
134,5,Verstappen (Red Bull),40.62015,199.7234,Foggy,0.4
134,1,Norris (McLaren),39.14996,39.14996,Foggy,0.4
134,2,Norris (McLaren),40.37653,79.52649,Foggy,0.4
134,3,Norris (McLaren),38.59217,118.11865,Foggy,0.4
134,4,Norris (McLaren),39.95728,158.07593,Foggy,0.4
134,5,Norris (McLaren),41.25063,199.32656,Foggy,0.4
134,1,Leclerc (Ferrari),39.81828,39.81828,Foggy,0.4
134,2,Leclerc (Ferrari),39.99469,79.81297,Foggy,0.4
134,3,Leclerc (Ferrari),39.07414,118.88711,Foggy,0.4
134,4,Leclerc (Ferrari),40.76485,159.65196,Foggy,0.4
134,5,Leclerc (Ferrari),38.33911,197.99107,Foggy,0.4
135,1,Hamilton (Mercedes),39.85089,39.85089,Foggy,0.4
135,2,Hamilton (Mercedes),39.40808,79.25896,Foggy,0.4
135,3,Hamilton (Mercedes),39.61028,118.86924,Foggy,0.4
135,4,Hamilton (Mercedes),41.18148,160.05072,Foggy,0.4
135,5,Hamilton (Mercedes),40.60732,200.65804,Foggy,0.4
135,1,Verstappen (Red Bull),39.51685,39.51685,Foggy,0.4
135,2,Verstappen (Red Bull),39.04226,78.55911,Foggy,0.4
135,3,Verstappen (Red Bull),39.06271,117.62182,Foggy,0.4
135,4,Verstappen (Red Bull),39.45566,157.07748,Foggy,0.4
135,5,Verstappen (Red Bull),39.34707,196.42454,Foggy,0.4
135,1,Norris (McLaren),39.96231,39.96231,Foggy,0.4
135,2,Norris (McLaren),38.69146,78.65377,Foggy,0.4
135,3,Norris (McLaren),39.56021,118.21398,Foggy,0.4
135,4,Norris (McLaren),39.91697,158.13095,Foggy,0.4
135,5,Norris (McLaren),39.76145,197.8924,Foggy,0.4
135,1,Leclerc (Ferrari),39.54961,39.54961,Foggy,0.4
135,2,Leclerc (Ferrari),39.08768,78.63729,Foggy,0.4
135,3,Leclerc (Ferrari),39.19219,117.82948,Foggy,0.4
135,4,Leclerc (Ferrari),39.60186,157.43134,Foggy,0.4
135,5,Leclerc (Ferrari),38.94142,196.37276,Foggy,0.4
136,1,Hamilton (Mercedes),40.08769,40.08769,Foggy,0.4
136,2,Hamilton (Mercedes),41.20422,81.29191,Foggy,0.4
136,3,Hamilton (Mercedes),39.38146,120.67336,Foggy,0.4
136,4,Hamilton (Mercedes),41.02646,161.69983,Foggy,0.4
136,5,Hamilton (Mercedes),40.82784,202.52767,Foggy,0.4
136,1,Verstappen (Red Bull),39.68446,39.68446,Foggy,0.4
136,2,Verstappen (Red Bull),39.05549,78.73995,Foggy,0.4
136,3,Verstappen (Red Bull),40.50357,119.24353,Foggy,0.4
136,4,Verstappen (Red Bull),39.9649,159.20843,Foggy,0.4
136,5,Verstappen (Red Bull),38.71033,197.91876,Foggy,0.4
136,1,Norris (McLaren),40.29463,40.29463,Foggy,0.4
136,2,Norris (McLaren),38.98414,79.27877,Foggy,0.4
136,3,Norris (McLaren),39.39666,118.67542,Foggy,0.4
136,4,Norris (McLaren),39.82891,158.50433,Foggy,0.4
136,5,Norris (McLaren),39.31368,197.81801,Foggy,0.4
136,1,Leclerc (Ferrari),39.93113,39.93113,Foggy,0.4
136,2,Leclerc (Ferrari),38.39745,78.32858,Foggy,0.4
136,3,Leclerc (Ferrari),40.29768,118.62626,Foggy,0.4
136,4,Leclerc (Ferrari),38.82164,157.4479,Foggy,0.4
136,5,Leclerc (Ferrari),40.12124,197.56914,Foggy,0.4
137,1,Hamilton (Mercedes),40.43812,40.43812,Foggy,0.4
137,2,Hamilton (Mercedes),39.85979,80.29792,Foggy,0.4
137,3,Hamilton (Mercedes),41.3081,121.60602,Foggy,0.4
137,4,Hamilton (Mercedes),39.92175,161.52777,Foggy,0.4
137,5,Hamilton (Mercedes),38.75925,200.28701,Foggy,0.4
137,1,Verstappen (Red Bull),39.22222,39.22222,Foggy,0.4
137,2,Verstappen (Red Bull),39.85365,79.07587,Foggy,0.4
137,3,Verstappen (Red Bull),39.50323,118.5791,Foggy,0.4
137,4,Verstappen (Red Bull),38.8455,157.42461,Foggy,0.4
137,5,Verstappen (Red Bull),38.29429,195.7189,Foggy,0.4
137,1,Norris (McLaren),40.27345,40.27345,Foggy,0.4
137,2,Norris (McLaren),40.03605,80.3095,Foggy,0.4
137,3,Norris (McLaren),38.59144,118.90095,Foggy,0.4
137,4,Norris (McLaren),38.78185,157.68279,Foggy,0.4
137,5,Norris (McLaren),40.48724,198.17003,Foggy,0.4
137,1,Leclerc (Ferrari),40.57589,40.57589,Foggy,0.4
137,2,Leclerc (Ferrari),39.75424,80.33013,Foggy,0.4
137,3,Leclerc (Ferrari),39.66802,119.99815,Foggy,0.4
137,4,Leclerc (Ferrari),40.68757,160.68572,Foggy,0.4
137,5,Leclerc (Ferrari),39.65477,200.34049,Foggy,0.4
138,1,Hamilton (Mercedes),39.29913,39.29913,Foggy,0.4
138,2,Hamilton (Mercedes),40.16416,79.46329,Foggy,0.4
138,3,Hamilton (Mercedes),40.49454,119.95784,Foggy,0.4
138,4,Hamilton (Mercedes),40.62628,160.58412,Foggy,0.4
138,5,Hamilton (Mercedes),40.62398,201.20809,Foggy,0.4
138,1,Verstappen (Red Bull),40.21575,40.21575,Foggy,0.4
138,2,Verstappen (Red Bull),40.02419,80.23994,Foggy,0.4
138,3,Verstappen (Red Bull),39.66689,119.90683,Foggy,0.4
138,4,Verstappen (Red Bull),39.46313,159.36996,Foggy,0.4
138,5,Verstappen (Red Bull),40.063,199.43296,Foggy,0.4
138,1,Norris (McLaren),39.57307,39.57307,Foggy,0.4
138,2,Norris (McLaren),39.41801,78.99108,Foggy,0.4
138,3,Norris (McLaren),40.23651,119.22758,Foggy,0.4
138,4,Norris (McLaren),39.67494,158.90253,Foggy,0.4
138,5,Norris (McLaren),39.79462,198.69715,Foggy,0.4
138,1,Leclerc (Ferrari),40.02451,40.02451,Foggy,0.4
138,2,Leclerc (Ferrari),39.36598,79.39049,Foggy,0.4
138,3,Leclerc (Ferrari),39.61659,119.00707,Foggy,0.4
138,4,Leclerc (Ferrari),38.95861,157.96568,Foggy,0.4
138,5,Leclerc (Ferrari),38.63754,196.60322,Foggy,0.4
139,1,Hamilton (Mercedes),39.98992,39.98992,Foggy,0.4
139,2,Hamilton (Mercedes),40.22359,80.21352,Foggy,0.4
139,3,Hamilton (Mercedes),40.82996,121.04347,Foggy,0.4
139,4,Hamilton (Mercedes),41.12396,162.16743,Foggy,0.4
139,5,Hamilton (Mercedes),41.11483,203.28226,Foggy,0.4
139,1,Verstappen (Red Bull),40.15132,40.15132,Foggy,0.4
139,2,Verstappen (Red Bull),38.52361,78.67493,Foggy,0.4
139,3,Verstappen (Red Bull),39.61882,118.29375,Foggy,0.4
139,4,Verstappen (Red Bull),38.97111,157.26486,Foggy,0.4
139,5,Verstappen (Red Bull),39.43031,196.69517,Foggy,0.4
139,1,Norris (McLaren),40.75413,40.75413,Foggy,0.4
139,2,Norris (McLaren),39.20077,79.9549,Foggy,0.4
139,3,Norris (McLaren),38.40554,118.36044,Foggy,0.4
139,4,Norris (McLaren),39.81043,158.17087,Foggy,0.4
139,5,Norris (McLaren),40.29055,198.46142,Foggy,0.4
139,1,Leclerc (Ferrari),39.92513,39.92513,Foggy,0.4
139,2,Leclerc (Ferrari),40.12254,80.04767,Foggy,0.4
139,3,Leclerc (Ferrari),38.9251,118.97277,Foggy,0.4
139,4,Leclerc (Ferrari),39.79886,158.77163,Foggy,0.4
139,5,Leclerc (Ferrari),39.22613,197.99777,Foggy,0.4
140,1,Hamilton (Mercedes),40.07506,40.07506,Foggy,0.4
140,2,Hamilton (Mercedes),39.99007,80.06513,Foggy,0.4
140,3,Hamilton (Mercedes),40.34799,120.41313,Foggy,0.4
140,4,Hamilton (Mercedes),40.36456,160.77769,Foggy,0.4
140,5,Hamilton (Mercedes),39.58553,200.36321,Foggy,0.4
140,1,Verstappen (Red Bull),37.76257,37.76257,Foggy,0.4
140,2,Verstappen (Red Bull),39.40721,77.16977,Foggy,0.4
140,3,Verstappen (Red Bull),39.92033,117.0901,Foggy,0.4
140,4,Verstappen (Red Bull),38.4643,155.5544,Foggy,0.4
140,5,Verstappen (Red Bull),40.19714,195.75154,Foggy,0.4
140,1,Norris (McLaren),39.16028,39.16028,Foggy,0.4
140,2,Norris (McLaren),40.91239,80.07267,Foggy,0.4
140,3,Norris (McLaren),40.2208,120.29348,Foggy,0.4
140,4,Norris (McLaren),40.73946,161.03294,Foggy,0.4
140,5,Norris (McLaren),39.67324,200.70618,Foggy,0.4
140,1,Leclerc (Ferrari),40.30153,40.30153,Foggy,0.4
140,2,Leclerc (Ferrari),39.16399,79.46552,Foggy,0.4
140,3,Leclerc (Ferrari),38.15187,117.61739,Foggy,0.4
140,4,Leclerc (Ferrari),39.42646,157.04385,Foggy,0.4
140,5,Leclerc (Ferrari),40.49345,197.5373,Foggy,0.4
141,1,Hamilton (Mercedes),39.58,39.58,Foggy,0.4
141,2,Hamilton (Mercedes),39.51205,79.09205,Foggy,0.4
141,3,Hamilton (Mercedes),39.50156,118.59361,Foggy,0.4
141,4,Hamilton (Mercedes),39.60958,158.20318,Foggy,0.4
141,5,Hamilton (Mercedes),41.257,199.46018,Foggy,0.4
141,1,Verstappen (Red Bull),39.12078,39.12078,Foggy,0.4
141,2,Verstappen (Red Bull),39.4465,78.56728,Foggy,0.4
141,3,Verstappen (Red Bull),39.51417,118.08145,Foggy,0.4
141,4,Verstappen (Red Bull),39.93498,158.01643,Foggy,0.4
141,5,Verstappen (Red Bull),40.86338,198.87981,Foggy,0.4
141,1,Norris (McLaren),40.43175,40.43175,Foggy,0.4
141,2,Norris (McLaren),39.90046,80.33221,Foggy,0.4
141,3,Norris (McLaren),38.96652,119.29874,Foggy,0.4
141,4,Norris (McLaren),40.15791,159.45664,Foggy,0.4
141,5,Norris (McLaren),39.28345,198.74009,Foggy,0.4
141,1,Leclerc (Ferrari),39.6974,39.6974,Foggy,0.4
141,2,Leclerc (Ferrari),39.60486,79.30226,Foggy,0.4
141,3,Leclerc (Ferrari),39.71728,119.01954,Foggy,0.4
141,4,Leclerc (Ferrari),39.78628,158.80582,Foggy,0.4
141,5,Leclerc (Ferrari),39.4415,198.24732,Foggy,0.4
142,1,Hamilton (Mercedes),40.27354,40.27354,Foggy,0.4
142,2,Hamilton (Mercedes),40.09761,80.37115,Foggy,0.4
142,3,Hamilton (Mercedes),40.73531,121.10646,Foggy,0.4
142,4,Hamilton (Mercedes),38.98298,160.08944,Foggy,0.4
142,5,Hamilton (Mercedes),40.69548,200.78492,Foggy,0.4
142,1,Verstappen (Red Bull),38.68014,38.68014,Foggy,0.4
142,2,Verstappen (Red Bull),39.65461,78.33476,Foggy,0.4
142,3,Verstappen (Red Bull),39.1118,117.44656,Foggy,0.4
142,4,Verstappen (Red Bull),39.02185,156.46841,Foggy,0.4
142,5,Verstappen (Red Bull),39.92458,196.39299,Foggy,0.4
142,1,Norris (McLaren),40.67592,40.67592,Foggy,0.4
142,2,Norris (McLaren),40.41302,81.08893,Foggy,0.4
142,3,Norris (McLaren),39.30676,120.3957,Foggy,0.4
142,4,Norris (McLaren),39.03349,159.42918,Foggy,0.4
142,5,Norris (McLaren),39.5795,199.00868,Foggy,0.4
142,1,Leclerc (Ferrari),40.45521,40.45521,Foggy,0.4
142,2,Leclerc (Ferrari),39.2534,79.70861,Foggy,0.4
142,3,Leclerc (Ferrari),40.21155,119.92016,Foggy,0.4
142,4,Leclerc (Ferrari),38.08678,158.00695,Foggy,0.4
142,5,Leclerc (Ferrari),38.90915,196.91609,Foggy,0.4
143,1,Hamilton (Mercedes),40.53144,40.53144,Foggy,0.4
143,2,Hamilton (Mercedes),39.71251,80.24395,Foggy,0.4
143,3,Hamilton (Mercedes),39.62528,119.86923,Foggy,0.4
143,4,Hamilton (Mercedes),40.13221,160.00144,Foggy,0.4
143,5,Hamilton (Mercedes),41.19323,201.19467,Foggy,0.4
143,1,Verstappen (Red Bull),39.11406,39.11406,Foggy,0.4
143,2,Verstappen (Red Bull),39.89808,79.01213,Foggy,0.4
143,3,Verstappen (Red Bull),39.90787,118.92,Foggy,0.4
143,4,Verstappen (Red Bull),39.48607,158.40607,Foggy,0.4
143,5,Verstappen (Red Bull),40.26243,198.66851,Foggy,0.4
143,1,Norris (McLaren),40.57966,40.57966,Foggy,0.4
143,2,Norris (McLaren),39.52814,80.1078,Foggy,0.4
143,3,Norris (McLaren),40.37482,120.48261,Foggy,0.4
143,4,Norris (McLaren),39.72249,160.2051,Foggy,0.4
143,5,Norris (McLaren),39.1278,199.33291,Foggy,0.4
143,1,Leclerc (Ferrari),39.35235,39.35235,Foggy,0.4
143,2,Leclerc (Ferrari),39.8633,79.21565,Foggy,0.4
143,3,Leclerc (Ferrari),39.36994,118.58559,Foggy,0.4
143,4,Leclerc (Ferrari),39.77567,158.36126,Foggy,0.4
143,5,Leclerc (Ferrari),39.42182,197.78308,Foggy,0.4
144,1,Hamilton (Mercedes),40.89208,40.89208,Foggy,0.4
144,2,Hamilton (Mercedes),40.30806,81.20014,Foggy,0.4
144,3,Hamilton (Mercedes),39.91928,121.11942,Foggy,0.4
144,4,Hamilton (Mercedes),40.64771,161.76712,Foggy,0.4
144,5,Hamilton (Mercedes),39.92735,201.69447,Foggy,0.4
144,1,Verstappen (Red Bull),39.34507,39.34507,Foggy,0.4
144,2,Verstappen (Red Bull),39.62639,78.97146,Foggy,0.4
144,3,Verstappen (Red Bull),38.31487,117.28632,Foggy,0.4
144,4,Verstappen (Red Bull),39.9332,157.21952,Foggy,0.4
144,5,Verstappen (Red Bull),39.10794,196.32746,Foggy,0.4
144,1,Norris (McLaren),38.95883,38.95883,Foggy,0.4
144,2,Norris (McLaren),40.16793,79.12676,Foggy,0.4
144,3,Norris (McLaren),39.41848,118.54524,Foggy,0.4
144,4,Norris (McLaren),40.48773,159.03298,Foggy,0.4
144,5,Norris (McLaren),38.88326,197.91624,Foggy,0.4
144,1,Leclerc (Ferrari),39.35627,39.35627,Foggy,0.4
144,2,Leclerc (Ferrari),39.26867,78.62494,Foggy,0.4
144,3,Leclerc (Ferrari),39.64186,118.26679,Foggy,0.4
144,4,Leclerc (Ferrari),38.50109,156.76788,Foggy,0.4
144,5,Leclerc (Ferrari),39.90901,196.6769,Foggy,0.4
145,1,Hamilton (Mercedes),39.95317,39.95317,Foggy,0.4
145,2,Hamilton (Mercedes),40.58626,80.53943,Foggy,0.4
145,3,Hamilton (Mercedes),39.11376,119.65319,Foggy,0.4
145,4,Hamilton (Mercedes),39.86436,159.51756,Foggy,0.4
145,5,Hamilton (Mercedes),39.96777,199.48533,Foggy,0.4
145,1,Verstappen (Red Bull),40.34833,40.34833,Foggy,0.4
145,2,Verstappen (Red Bull),39.14828,79.49661,Foggy,0.4
145,3,Verstappen (Red Bull),39.32203,118.81864,Foggy,0.4
145,4,Verstappen (Red Bull),39.55166,158.3703,Foggy,0.4
145,5,Verstappen (Red Bull),39.61275,197.98305,Foggy,0.4
145,1,Norris (McLaren),40.1793,40.1793,Foggy,0.4
145,2,Norris (McLaren),39.19003,79.36933,Foggy,0.4
145,3,Norris (McLaren),40.38987,119.7592,Foggy,0.4
145,4,Norris (McLaren),38.69568,158.45488,Foggy,0.4
145,5,Norris (McLaren),39.57739,198.03226,Foggy,0.4
145,1,Leclerc (Ferrari),38.92614,38.92614,Foggy,0.4
145,2,Leclerc (Ferrari),39.47668,78.40282,Foggy,0.4
145,3,Leclerc (Ferrari),40.50912,118.91194,Foggy,0.4
145,4,Leclerc (Ferrari),39.39061,158.30255,Foggy,0.4
145,5,Leclerc (Ferrari),39.7325,198.03505,Foggy,0.4
146,1,Hamilton (Mercedes),39.81367,39.81367,Foggy,0.4
146,2,Hamilton (Mercedes),41.61015,81.42381,Foggy,0.4
146,3,Hamilton (Mercedes),40.55603,121.97984,Foggy,0.4
146,4,Hamilton (Mercedes),40.47261,162.45246,Foggy,0.4
146,5,Hamilton (Mercedes),40.20761,202.66007,Foggy,0.4
146,1,Verstappen (Red Bull),38.36415,38.36415,Foggy,0.4
146,2,Verstappen (Red Bull),40.38831,78.75246,Foggy,0.4
146,3,Verstappen (Red Bull),40.16338,118.91584,Foggy,0.4
146,4,Verstappen (Red Bull),40.05579,158.97163,Foggy,0.4
146,5,Verstappen (Red Bull),39.0784,198.05003,Foggy,0.4
146,1,Norris (McLaren),39.89987,39.89987,Foggy,0.4
146,2,Norris (McLaren),38.71827,78.61815,Foggy,0.4
146,3,Norris (McLaren),39.49149,118.10964,Foggy,0.4
146,4,Norris (McLaren),39.99724,158.10688,Foggy,0.4
146,5,Norris (McLaren),40.33454,198.44142,Foggy,0.4
146,1,Leclerc (Ferrari),40.77608,40.77608,Foggy,0.4
146,2,Leclerc (Ferrari),39.68618,80.46226,Foggy,0.4
146,3,Leclerc (Ferrari),39.10414,119.5664,Foggy,0.4
146,4,Leclerc (Ferrari),39.17297,158.73937,Foggy,0.4
146,5,Leclerc (Ferrari),39.45763,198.19699,Foggy,0.4
147,1,Hamilton (Mercedes),40.48935,40.48935,Foggy,0.4
147,2,Hamilton (Mercedes),40.6292,81.11855,Foggy,0.4
147,3,Hamilton (Mercedes),40.99581,122.11436,Foggy,0.4
147,4,Hamilton (Mercedes),40.42094,162.53529,Foggy,0.4
147,5,Hamilton (Mercedes),40.82377,203.35906,Foggy,0.4
147,1,Verstappen (Red Bull),39.52659,39.52659,Foggy,0.4
147,2,Verstappen (Red Bull),38.98343,78.51002,Foggy,0.4
147,3,Verstappen (Red Bull),39.59539,118.10541,Foggy,0.4
147,4,Verstappen (Red Bull),39.30616,157.41157,Foggy,0.4
147,5,Verstappen (Red Bull),38.85113,196.2627,Foggy,0.4
147,1,Norris (McLaren),40.19492,40.19492,Foggy,0.4
147,2,Norris (McLaren),40.33729,80.5322,Foggy,0.4
147,3,Norris (McLaren),40.54456,121.07676,Foggy,0.4
147,4,Norris (McLaren),39.85021,160.92697,Foggy,0.4
147,5,Norris (McLaren),38.81977,199.74674,Foggy,0.4
147,1,Leclerc (Ferrari),39.36931,39.36931,Foggy,0.4
147,2,Leclerc (Ferrari),40.15906,79.52836,Foggy,0.4
147,3,Leclerc (Ferrari),39.70656,119.23492,Foggy,0.4
147,4,Leclerc (Ferrari),40.02185,159.25678,Foggy,0.4
147,5,Leclerc (Ferrari),39.17892,198.43569,Foggy,0.4
148,1,Hamilton (Mercedes),40.69848,40.69848,Foggy,0.4
148,2,Hamilton (Mercedes),40.193,80.89148,Foggy,0.4
148,3,Hamilton (Mercedes),40.28301,121.17449,Foggy,0.4
148,4,Hamilton (Mercedes),39.85749,161.03198,Foggy,0.4
148,5,Hamilton (Mercedes),40.89594,201.92791,Foggy,0.4
148,1,Verstappen (Red Bull),39.33421,39.33421,Foggy,0.4
148,2,Verstappen (Red Bull),38.7531,78.08732,Foggy,0.4
148,3,Verstappen (Red Bull),39.97604,118.06336,Foggy,0.4
148,4,Verstappen (Red Bull),39.8936,157.95696,Foggy,0.4
148,5,Verstappen (Red Bull),39.96016,197.91712,Foggy,0.4
148,1,Norris (McLaren),39.78685,39.78685,Foggy,0.4
148,2,Norris (McLaren),40.61167,80.39853,Foggy,0.4
148,3,Norris (McLaren),39.20655,119.60508,Foggy,0.4
148,4,Norris (McLaren),41.45203,161.05711,Foggy,0.4
148,5,Norris (McLaren),40.4596,201.5167,Foggy,0.4
148,1,Leclerc (Ferrari),40.11774,40.11774,Foggy,0.4
148,2,Leclerc (Ferrari),39.11591,79.23365,Foggy,0.4
148,3,Leclerc (Ferrari),39.23526,118.46891,Foggy,0.4
148,4,Leclerc (Ferrari),38.98268,157.45159,Foggy,0.4
148,5,Leclerc (Ferrari),40.40421,197.8558,Foggy,0.4
149,1,Hamilton (Mercedes),39.86123,39.86123,Foggy,0.4
149,2,Hamilton (Mercedes),40.30761,80.16883,Foggy,0.4
149,3,Hamilton (Mercedes),39.79566,119.96449,Foggy,0.4
149,4,Hamilton (Mercedes),40.24177,160.20626,Foggy,0.4
149,5,Hamilton (Mercedes),40.25039,200.45665,Foggy,0.4
149,1,Verstappen (Red Bull),40.20596,40.20596,Foggy,0.4
149,2,Verstappen (Red Bull),39.99539,80.20135,Foggy,0.4
149,3,Verstappen (Red Bull),40.54791,120.74925,Foggy,0.4
149,4,Verstappen (Red Bull),40.04943,160.79868,Foggy,0.4
149,5,Verstappen (Red Bull),39.88119,200.67987,Foggy,0.4
149,1,Norris (McLaren),41.04902,41.04902,Foggy,0.4
149,2,Norris (McLaren),39.61984,80.66887,Foggy,0.4
149,3,Norris (McLaren),40.0013,120.67016,Foggy,0.4
149,4,Norris (McLaren),38.9021,159.57227,Foggy,0.4
149,5,Norris (McLaren),39.85181,199.42408,Foggy,0.4
149,1,Leclerc (Ferrari),38.26577,38.26577,Foggy,0.4
149,2,Leclerc (Ferrari),38.77364,77.03942,Foggy,0.4
149,3,Leclerc (Ferrari),39.82088,116.86029,Foggy,0.4
149,4,Leclerc (Ferrari),40.12312,156.98341,Foggy,0.4
149,5,Leclerc (Ferrari),39.42428,196.40769,Foggy,0.4
150,1,Hamilton (Mercedes),40.56692,40.56692,Foggy,0.4
150,2,Hamilton (Mercedes),39.0802,79.64712,Foggy,0.4
150,3,Hamilton (Mercedes),40.41442,120.06154,Foggy,0.4
150,4,Hamilton (Mercedes),40.02739,160.08893,Foggy,0.4
150,5,Hamilton (Mercedes),39.98945,200.07838,Foggy,0.4
150,1,Verstappen (Red Bull),38.78993,38.78993,Foggy,0.4
150,2,Verstappen (Red Bull),39.8376,78.62753,Foggy,0.4
150,3,Verstappen (Red Bull),38.93436,117.56189,Foggy,0.4
150,4,Verstappen (Red Bull),39.97172,157.53361,Foggy,0.4
150,5,Verstappen (Red Bull),40.2743,197.80791,Foggy,0.4
150,1,Norris (McLaren),39.68329,39.68329,Foggy,0.4
150,2,Norris (McLaren),41.04697,80.73027,Foggy,0.4
150,3,Norris (McLaren),40.50775,121.23802,Foggy,0.4
150,4,Norris (McLaren),39.97948,161.2175,Foggy,0.4
150,5,Norris (McLaren),40.24534,201.46284,Foggy,0.4
150,1,Leclerc (Ferrari),40.23686,40.23686,Foggy,0.4
150,2,Leclerc (Ferrari),39.98007,80.21693,Foggy,0.4
150,3,Leclerc (Ferrari),39.72745,119.94438,Foggy,0.4
150,4,Leclerc (Ferrari),39.34837,159.29276,Foggy,0.4
150,5,Leclerc (Ferrari),39.14678,198.43954,Foggy,0.4
151,1,Hamilton (Mercedes),40.76734,40.76734,Foggy,0.4
151,2,Hamilton (Mercedes),40.06102,80.82836,Foggy,0.4
151,3,Hamilton (Mercedes),40.52902,121.35738,Foggy,0.4
151,4,Hamilton (Mercedes),40.51705,161.87443,Foggy,0.4
151,5,Hamilton (Mercedes),40.14379,202.01822,Foggy,0.4
151,1,Verstappen (Red Bull),39.89111,39.89111,Foggy,0.4
151,2,Verstappen (Red Bull),39.58888,79.48,Foggy,0.4
151,3,Verstappen (Red Bull),38.64229,118.12228,Foggy,0.4
151,4,Verstappen (Red Bull),40.98086,159.10315,Foggy,0.4
151,5,Verstappen (Red Bull),39.24565,198.3488,Foggy,0.4
151,1,Norris (McLaren),39.59457,39.59457,Foggy,0.4
151,2,Norris (McLaren),38.62346,78.21804,Foggy,0.4
151,3,Norris (McLaren),40.38009,118.59813,Foggy,0.4
151,4,Norris (McLaren),40.40369,159.00182,Foggy,0.4
151,5,Norris (McLaren),39.96701,198.96883,Foggy,0.4
151,1,Leclerc (Ferrari),38.09953,38.09953,Foggy,0.4
151,2,Leclerc (Ferrari),39.40625,77.50578,Foggy,0.4
151,3,Leclerc (Ferrari),39.52796,117.03374,Foggy,0.4
151,4,Leclerc (Ferrari),39.15534,156.18908,Foggy,0.4
151,5,Leclerc (Ferrari),39.59226,195.78134,Foggy,0.4
152,1,Hamilton (Mercedes),40.24347,40.24347,Foggy,0.4
152,2,Hamilton (Mercedes),39.73702,79.98049,Foggy,0.4
152,3,Hamilton (Mercedes),40.32562,120.30611,Foggy,0.4
152,4,Hamilton (Mercedes),41.00567,161.31178,Foggy,0.4
152,5,Hamilton (Mercedes),40.31629,201.62807,Foggy,0.4
152,1,Verstappen (Red Bull),39.90009,39.90009,Foggy,0.4
152,2,Verstappen (Red Bull),41.24132,81.14141,Foggy,0.4
152,3,Verstappen (Red Bull),39.69915,120.84056,Foggy,0.4
152,4,Verstappen (Red Bull),39.74583,160.58639,Foggy,0.4
152,5,Verstappen (Red Bull),38.98845,199.57484,Foggy,0.4
152,1,Norris (McLaren),39.78513,39.78513,Foggy,0.4
152,2,Norris (McLaren),39.29629,79.08142,Foggy,0.4
152,3,Norris (McLaren),39.91088,118.99229,Foggy,0.4
152,4,Norris (McLaren),39.94449,158.93678,Foggy,0.4
152,5,Norris (McLaren),39.83309,198.76988,Foggy,0.4
152,1,Leclerc (Ferrari),40.01999,40.01999,Foggy,0.4
152,2,Leclerc (Ferrari),38.6617,78.68169,Foggy,0.4
152,3,Leclerc (Ferrari),39.70591,118.3876,Foggy,0.4
152,4,Leclerc (Ferrari),39.22601,157.61361,Foggy,0.4
152,5,Leclerc (Ferrari),40.49824,198.11186,Foggy,0.4
153,1,Hamilton (Mercedes),39.43014,39.43014,Foggy,0.4
153,2,Hamilton (Mercedes),39.93477,79.36491,Foggy,0.4
153,3,Hamilton (Mercedes),39.89667,119.26158,Foggy,0.4
153,4,Hamilton (Mercedes),40.82951,160.09109,Foggy,0.4
153,5,Hamilton (Mercedes),39.95869,200.04979,Foggy,0.4
153,1,Verstappen (Red Bull),39.18745,39.18745,Foggy,0.4
153,2,Verstappen (Red Bull),39.94226,79.12972,Foggy,0.4
153,3,Verstappen (Red Bull),39.58437,118.71408,Foggy,0.4
153,4,Verstappen (Red Bull),39.97035,158.68443,Foggy,0.4
153,5,Verstappen (Red Bull),39.7571,198.44154,Foggy,0.4
153,1,Norris (McLaren),39.06114,39.06114,Foggy,0.4
153,2,Norris (McLaren),38.23854,77.29967,Foggy,0.4
153,3,Norris (McLaren),38.9684,116.26808,Foggy,0.4
153,4,Norris (McLaren),40.02331,156.29139,Foggy,0.4
153,5,Norris (McLaren),38.78004,195.07142,Foggy,0.4
153,1,Leclerc (Ferrari),39.55785,39.55785,Foggy,0.4
153,2,Leclerc (Ferrari),40.08493,79.64278,Foggy,0.4
153,3,Leclerc (Ferrari),40.23611,119.87889,Foggy,0.4
153,4,Leclerc (Ferrari),39.12412,159.003,Foggy,0.4
153,5,Leclerc (Ferrari),40.30347,199.30648,Foggy,0.4
154,1,Hamilton (Mercedes),40.61884,40.61884,Foggy,0.4
154,2,Hamilton (Mercedes),39.13387,79.7527,Foggy,0.4
154,3,Hamilton (Mercedes),40.00593,119.75863,Foggy,0.4
154,4,Hamilton (Mercedes),39.83224,159.59087,Foggy,0.4
154,5,Hamilton (Mercedes),39.48048,199.07135,Foggy,0.4
154,1,Verstappen (Red Bull),40.02289,40.02289,Foggy,0.4
154,2,Verstappen (Red Bull),39.5557,79.57859,Foggy,0.4
154,3,Verstappen (Red Bull),39.12242,118.70101,Foggy,0.4
154,4,Verstappen (Red Bull),39.72112,158.42213,Foggy,0.4
154,5,Verstappen (Red Bull),38.78084,197.20297,Foggy,0.4
154,1,Norris (McLaren),39.65381,39.65381,Foggy,0.4
154,2,Norris (McLaren),39.77463,79.42844,Foggy,0.4
154,3,Norris (McLaren),40.60666,120.0351,Foggy,0.4
154,4,Norris (McLaren),39.60431,159.63941,Foggy,0.4
154,5,Norris (McLaren),38.88134,198.52075,Foggy,0.4
154,1,Leclerc (Ferrari),39.82787,39.82787,Foggy,0.4
154,2,Leclerc (Ferrari),38.6055,78.43338,Foggy,0.4
154,3,Leclerc (Ferrari),39.26616,117.69954,Foggy,0.4
154,4,Leclerc (Ferrari),39.29219,156.99173,Foggy,0.4
154,5,Leclerc (Ferrari),38.207,195.19873,Foggy,0.4
155,1,Hamilton (Mercedes),40.89039,40.89039,Foggy,0.4
155,2,Hamilton (Mercedes),40.85758,81.74797,Foggy,0.4
155,3,Hamilton (Mercedes),41.33147,123.07944,Foggy,0.4
155,4,Hamilton (Mercedes),40.70349,163.78292,Foggy,0.4
155,5,Hamilton (Mercedes),40.19844,203.98137,Foggy,0.4
155,1,Verstappen (Red Bull),39.51062,39.51062,Foggy,0.4
155,2,Verstappen (Red Bull),38.82548,78.3361,Foggy,0.4
155,3,Verstappen (Red Bull),39.51162,117.84772,Foggy,0.4
155,4,Verstappen (Red Bull),39.96385,157.81157,Foggy,0.4
155,5,Verstappen (Red Bull),39.05106,196.86264,Foggy,0.4
155,1,Norris (McLaren),39.99657,39.99657,Foggy,0.4
155,2,Norris (McLaren),39.53609,79.53266,Foggy,0.4
155,3,Norris (McLaren),38.26485,117.79751,Foggy,0.4
155,4,Norris (McLaren),39.67417,157.47168,Foggy,0.4
155,5,Norris (McLaren),39.43746,196.90914,Foggy,0.4
155,1,Leclerc (Ferrari),39.77603,39.77603,Foggy,0.4
155,2,Leclerc (Ferrari),39.9601,79.73613,Foggy,0.4
155,3,Leclerc (Ferrari),39.72862,119.46475,Foggy,0.4
155,4,Leclerc (Ferrari),39.61879,159.08353,Foggy,0.4
155,5,Leclerc (Ferrari),40.03839,199.12193,Foggy,0.4
156,1,Hamilton (Mercedes),41.12092,41.12092,Foggy,0.4
156,2,Hamilton (Mercedes),39.84795,80.96887,Foggy,0.4
156,3,Hamilton (Mercedes),39.31071,120.27958,Foggy,0.4
156,4,Hamilton (Mercedes),40.07983,160.35942,Foggy,0.4
156,5,Hamilton (Mercedes),40.61544,200.97486,Foggy,0.4
156,1,Verstappen (Red Bull),39.19387,39.19387,Foggy,0.4
156,2,Verstappen (Red Bull),39.07209,78.26596,Foggy,0.4
156,3,Verstappen (Red Bull),39.0385,117.30446,Foggy,0.4
156,4,Verstappen (Red Bull),39.44663,156.75109,Foggy,0.4
156,5,Verstappen (Red Bull),39.26161,196.0127,Foggy,0.4
156,1,Norris (McLaren),40.28284,40.28284,Foggy,0.4
156,2,Norris (McLaren),40.1776,80.46044,Foggy,0.4
156,3,Norris (McLaren),39.33636,119.79679,Foggy,0.4
156,4,Norris (McLaren),40.82222,160.61902,Foggy,0.4
156,5,Norris (McLaren),40.35172,200.97073,Foggy,0.4
156,1,Leclerc (Ferrari),39.80352,39.80352,Foggy,0.4
156,2,Leclerc (Ferrari),38.28569,78.08922,Foggy,0.4
156,3,Leclerc (Ferrari),38.85654,116.94576,Foggy,0.4
156,4,Leclerc (Ferrari),39.46796,156.41373,Foggy,0.4
156,5,Leclerc (Ferrari),38.28211,194.69584,Foggy,0.4
157,1,Hamilton (Mercedes),40.22271,40.22271,Foggy,0.4
157,2,Hamilton (Mercedes),39.91668,80.13939,Foggy,0.4
157,3,Hamilton (Mercedes),40.57876,120.71815,Foggy,0.4
157,4,Hamilton (Mercedes),39.76555,160.48369,Foggy,0.4
157,5,Hamilton (Mercedes),39.66281,200.1465,Foggy,0.4
157,1,Verstappen (Red Bull),39.34903,39.34903,Foggy,0.4
157,2,Verstappen (Red Bull),39.09032,78.43935,Foggy,0.4
157,3,Verstappen (Red Bull),39.04743,117.48677,Foggy,0.4
157,4,Verstappen (Red Bull),39.56506,157.05184,Foggy,0.4
157,5,Verstappen (Red Bull),38.29776,195.34959,Foggy,0.4
157,1,Norris (McLaren),41.00507,41.00507,Foggy,0.4
157,2,Norris (McLaren),39.57495,80.58003,Foggy,0.4
157,3,Norris (McLaren),39.06062,119.64065,Foggy,0.4
157,4,Norris (McLaren),39.92979,159.57044,Foggy,0.4
157,5,Norris (McLaren),39.92288,199.49332,Foggy,0.4
157,1,Leclerc (Ferrari),40.37485,40.37485,Foggy,0.4
157,2,Leclerc (Ferrari),40.22675,80.6016,Foggy,0.4
157,3,Leclerc (Ferrari),39.31348,119.91508,Foggy,0.4
157,4,Leclerc (Ferrari),39.3764,159.29148,Foggy,0.4
157,5,Leclerc (Ferrari),38.58473,197.87621,Foggy,0.4
158,1,Hamilton (Mercedes),39.64607,39.64607,Foggy,0.4
158,2,Hamilton (Mercedes),40.03354,79.67961,Foggy,0.4
158,3,Hamilton (Mercedes),41.00374,120.68334,Foggy,0.4
158,4,Hamilton (Mercedes),40.63503,161.31838,Foggy,0.4
158,5,Hamilton (Mercedes),40.14938,201.46776,Foggy,0.4
158,1,Verstappen (Red Bull),39.61288,39.61288,Foggy,0.4
158,2,Verstappen (Red Bull),40.06945,79.68233,Foggy,0.4
158,3,Verstappen (Red Bull),39.93227,119.6146,Foggy,0.4
158,4,Verstappen (Red Bull),39.20527,158.81987,Foggy,0.4
158,5,Verstappen (Red Bull),40.24527,199.06514,Foggy,0.4
158,1,Norris (McLaren),39.44295,39.44295,Foggy,0.4
158,2,Norris (McLaren),39.1057,78.54865,Foggy,0.4
158,3,Norris (McLaren),40.03889,118.58754,Foggy,0.4
158,4,Norris (McLaren),40.67233,159.25987,Foggy,0.4
158,5,Norris (McLaren),39.92326,199.18312,Foggy,0.4
158,1,Leclerc (Ferrari),39.81116,39.81116,Foggy,0.4
158,2,Leclerc (Ferrari),39.44955,79.26071,Foggy,0.4
158,3,Leclerc (Ferrari),39.76579,119.0265,Foggy,0.4
158,4,Leclerc (Ferrari),39.20318,158.22968,Foggy,0.4
158,5,Leclerc (Ferrari),38.86274,197.09242,Foggy,0.4
159,1,Hamilton (Mercedes),40.03817,40.03817,Foggy,0.4
159,2,Hamilton (Mercedes),40.26099,80.29915,Foggy,0.4
159,3,Hamilton (Mercedes),40.56151,120.86066,Foggy,0.4
159,4,Hamilton (Mercedes),40.54078,161.40144,Foggy,0.4
159,5,Hamilton (Mercedes),40.05993,201.46137,Foggy,0.4
159,1,Verstappen (Red Bull),39.182,39.182,Foggy,0.4
159,2,Verstappen (Red Bull),40.33657,79.51857,Foggy,0.4
159,3,Verstappen (Red Bull),39.03072,118.5493,Foggy,0.4
159,4,Verstappen (Red Bull),39.88727,158.43656,Foggy,0.4
159,5,Verstappen (Red Bull),39.4099,197.84646,Foggy,0.4
159,1,Norris (McLaren),40.57096,40.57096,Foggy,0.4
159,2,Norris (McLaren),39.12686,79.69782,Foggy,0.4
159,3,Norris (McLaren),39.3882,119.08601,Foggy,0.4
159,4,Norris (McLaren),40.81276,159.89877,Foggy,0.4
159,5,Norris (McLaren),39.81925,199.71803,Foggy,0.4
159,1,Leclerc (Ferrari),38.79246,38.79246,Foggy,0.4
159,2,Leclerc (Ferrari),39.46415,78.25661,Foggy,0.4
159,3,Leclerc (Ferrari),39.5355,117.79211,Foggy,0.4
159,4,Leclerc (Ferrari),39.12954,156.92165,Foggy,0.4
159,5,Leclerc (Ferrari),39.5303,196.45195,Foggy,0.4
160,1,Hamilton (Mercedes),40.76962,40.76962,Foggy,0.4
160,2,Hamilton (Mercedes),40.36985,81.13947,Foggy,0.4
160,3,Hamilton (Mercedes),40.2714,121.41087,Foggy,0.4
160,4,Hamilton (Mercedes),39.9846,161.39547,Foggy,0.4
160,5,Hamilton (Mercedes),41.12398,202.51945,Foggy,0.4
160,1,Verstappen (Red Bull),39.37803,39.37803,Foggy,0.4
160,2,Verstappen (Red Bull),39.84908,79.22711,Foggy,0.4
160,3,Verstappen (Red Bull),40.00075,119.22786,Foggy,0.4
160,4,Verstappen (Red Bull),38.6208,157.84866,Foggy,0.4
160,5,Verstappen (Red Bull),39.9793,197.82795,Foggy,0.4
160,1,Norris (McLaren),40.92864,40.92864,Foggy,0.4
160,2,Norris (McLaren),39.27381,80.20245,Foggy,0.4
160,3,Norris (McLaren),40.80189,121.00435,Foggy,0.4
160,4,Norris (McLaren),39.68793,160.69228,Foggy,0.4
160,5,Norris (McLaren),40.21925,200.91153,Foggy,0.4
160,1,Leclerc (Ferrari),38.98515,38.98515,Foggy,0.4
160,2,Leclerc (Ferrari),39.17347,78.15862,Foggy,0.4
160,3,Leclerc (Ferrari),39.20065,117.35927,Foggy,0.4
160,4,Leclerc (Ferrari),39.58483,156.9441,Foggy,0.4
160,5,Leclerc (Ferrari),40.14733,197.09143,Foggy,0.4
161,1,Hamilton (Mercedes),39.79722,39.79722,Foggy,0.4
161,2,Hamilton (Mercedes),39.94117,79.73839,Foggy,0.4
161,3,Hamilton (Mercedes),40.44119,120.17958,Foggy,0.4
161,4,Hamilton (Mercedes),40.43461,160.61419,Foggy,0.4
161,5,Hamilton (Mercedes),40.82606,201.44026,Foggy,0.4
161,1,Verstappen (Red Bull),38.91891,38.91891,Foggy,0.4
161,2,Verstappen (Red Bull),40.1502,79.06911,Foggy,0.4
161,3,Verstappen (Red Bull),39.78202,118.85113,Foggy,0.4
161,4,Verstappen (Red Bull),39.22009,158.07123,Foggy,0.4
161,5,Verstappen (Red Bull),39.92567,197.9969,Foggy,0.4
161,1,Norris (McLaren),39.88953,39.88953,Foggy,0.4
161,2,Norris (McLaren),39.2052,79.09472,Foggy,0.4
161,3,Norris (McLaren),40.35893,119.45365,Foggy,0.4
161,4,Norris (McLaren),39.83299,159.28664,Foggy,0.4
161,5,Norris (McLaren),39.55826,198.8449,Foggy,0.4
161,1,Leclerc (Ferrari),38.70179,38.70179,Foggy,0.4
161,2,Leclerc (Ferrari),39.49992,78.20171,Foggy,0.4
161,3,Leclerc (Ferrari),39.50677,117.70848,Foggy,0.4
161,4,Leclerc (Ferrari),39.29,156.99848,Foggy,0.4
161,5,Leclerc (Ferrari),39.25809,196.25657,Foggy,0.4
162,1,Hamilton (Mercedes),40.87618,40.87618,Foggy,0.4
162,2,Hamilton (Mercedes),39.23326,80.10944,Foggy,0.4
162,3,Hamilton (Mercedes),41.39488,121.50432,Foggy,0.4
162,4,Hamilton (Mercedes),41.7285,163.23282,Foggy,0.4
162,5,Hamilton (Mercedes),40.55605,203.78887,Foggy,0.4
162,1,Verstappen (Red Bull),40.11629,40.11629,Foggy,0.4
162,2,Verstappen (Red Bull),39.84689,79.96318,Foggy,0.4
162,3,Verstappen (Red Bull),40.22122,120.1844,Foggy,0.4
162,4,Verstappen (Red Bull),39.49084,159.67523,Foggy,0.4
162,5,Verstappen (Red Bull),39.63496,199.31019,Foggy,0.4
162,1,Norris (McLaren),39.50921,39.50921,Foggy,0.4
162,2,Norris (McLaren),40.7482,80.25742,Foggy,0.4
162,3,Norris (McLaren),39.51334,119.77075,Foggy,0.4
162,4,Norris (McLaren),39.54803,159.31878,Foggy,0.4
162,5,Norris (McLaren),39.80493,199.12371,Foggy,0.4
162,1,Leclerc (Ferrari),39.27497,39.27497,Foggy,0.4
162,2,Leclerc (Ferrari),40.42722,79.70219,Foggy,0.4
162,3,Leclerc (Ferrari),39.16582,118.86801,Foggy,0.4
162,4,Leclerc (Ferrari),40.66523,159.53324,Foggy,0.4
162,5,Leclerc (Ferrari),40.56434,200.09759,Foggy,0.4
163,1,Hamilton (Mercedes),40.19554,40.19554,Foggy,0.4
163,2,Hamilton (Mercedes),40.41525,80.61079,Foggy,0.4
163,3,Hamilton (Mercedes),40.13767,120.74846,Foggy,0.4
163,4,Hamilton (Mercedes),40.40164,161.1501,Foggy,0.4
163,5,Hamilton (Mercedes),39.41383,200.56393,Foggy,0.4
163,1,Verstappen (Red Bull),40.24955,40.24955,Foggy,0.4
163,2,Verstappen (Red Bull),38.94643,79.19598,Foggy,0.4
163,3,Verstappen (Red Bull),39.10504,118.30102,Foggy,0.4
163,4,Verstappen (Red Bull),39.44249,157.74351,Foggy,0.4
163,5,Verstappen (Red Bull),39.74851,197.49202,Foggy,0.4
163,1,Norris (McLaren),38.71166,38.71166,Foggy,0.4
163,2,Norris (McLaren),40.96374,79.6754,Foggy,0.4
163,3,Norris (McLaren),40.1987,119.8741,Foggy,0.4
163,4,Norris (McLaren),40.09189,159.96599,Foggy,0.4
163,5,Norris (McLaren),39.45315,199.41913,Foggy,0.4
163,1,Leclerc (Ferrari),40.62739,40.62739,Foggy,0.4
163,2,Leclerc (Ferrari),39.93134,80.55873,Foggy,0.4
163,3,Leclerc (Ferrari),39.72704,120.28577,Foggy,0.4
163,4,Leclerc (Ferrari),39.18878,159.47454,Foggy,0.4
163,5,Leclerc (Ferrari),39.24228,198.71682,Foggy,0.4
164,1,Hamilton (Mercedes),40.97126,40.97126,Foggy,0.4
164,2,Hamilton (Mercedes),41.00834,81.9796,Foggy,0.4
164,3,Hamilton (Mercedes),39.73674,121.71635,Foggy,0.4
164,4,Hamilton (Mercedes),40.65672,162.37306,Foggy,0.4
164,5,Hamilton (Mercedes),41.37893,203.752,Foggy,0.4
164,1,Verstappen (Red Bull),39.61791,39.61791,Foggy,0.4
164,2,Verstappen (Red Bull),39.75765,79.37556,Foggy,0.4
164,3,Verstappen (Red Bull),40.1207,119.49626,Foggy,0.4
164,4,Verstappen (Red Bull),38.82183,158.31809,Foggy,0.4
164,5,Verstappen (Red Bull),39.27886,197.59695,Foggy,0.4
164,1,Norris (McLaren),39.89732,39.89732,Foggy,0.4
164,2,Norris (McLaren),39.59905,79.49637,Foggy,0.4
164,3,Norris (McLaren),39.91022,119.40659,Foggy,0.4
164,4,Norris (McLaren),40.10706,159.51365,Foggy,0.4
164,5,Norris (McLaren),39.36839,198.88205,Foggy,0.4
164,1,Leclerc (Ferrari),37.98702,37.98702,Foggy,0.4
164,2,Leclerc (Ferrari),39.3026,77.28962,Foggy,0.4
164,3,Leclerc (Ferrari),40.15462,117.44423,Foggy,0.4
164,4,Leclerc (Ferrari),39.41715,156.86139,Foggy,0.4
164,5,Leclerc (Ferrari),39.69365,196.55504,Foggy,0.4
165,1,Hamilton (Mercedes),40.97117,40.97117,Foggy,0.4
165,2,Hamilton (Mercedes),40.15799,81.12917,Foggy,0.4
165,3,Hamilton (Mercedes),38.97491,120.10407,Foggy,0.4
165,4,Hamilton (Mercedes),40.7469,160.85097,Foggy,0.4
165,5,Hamilton (Mercedes),40.46383,201.31481,Foggy,0.4
165,1,Verstappen (Red Bull),39.24254,39.24254,Foggy,0.4
165,2,Verstappen (Red Bull),39.16619,78.40874,Foggy,0.4
165,3,Verstappen (Red Bull),40.53173,118.94047,Foggy,0.4
165,4,Verstappen (Red Bull),39.30929,158.24975,Foggy,0.4
165,5,Verstappen (Red Bull),39.4312,197.68095,Foggy,0.4
165,1,Norris (McLaren),40.37245,40.37245,Foggy,0.4
165,2,Norris (McLaren),39.87823,80.25068,Foggy,0.4
165,3,Norris (McLaren),38.74819,118.99887,Foggy,0.4
165,4,Norris (McLaren),40.97134,159.97021,Foggy,0.4
165,5,Norris (McLaren),38.13885,198.10905,Foggy,0.4
165,1,Leclerc (Ferrari),39.65639,39.65639,Foggy,0.4
165,2,Leclerc (Ferrari),39.30365,78.96004,Foggy,0.4
165,3,Leclerc (Ferrari),39.68408,118.64412,Foggy,0.4
165,4,Leclerc (Ferrari),39.92953,158.57365,Foggy,0.4
165,5,Leclerc (Ferrari),38.68943,197.26308,Foggy,0.4
166,1,Hamilton (Mercedes),39.74861,39.74861,Foggy,0.4
166,2,Hamilton (Mercedes),40.21449,79.9631,Foggy,0.4
166,3,Hamilton (Mercedes),41.41581,121.37891,Foggy,0.4
166,4,Hamilton (Mercedes),40.57814,161.95704,Foggy,0.4
166,5,Hamilton (Mercedes),40.94169,202.89874,Foggy,0.4
166,1,Verstappen (Red Bull),39.58938,39.58938,Foggy,0.4
166,2,Verstappen (Red Bull),38.26637,77.85574,Foggy,0.4
166,3,Verstappen (Red Bull),40.08697,117.94271,Foggy,0.4
166,4,Verstappen (Red Bull),39.42153,157.36424,Foggy,0.4
166,5,Verstappen (Red Bull),38.38679,195.75104,Foggy,0.4
166,1,Norris (McLaren),39.51163,39.51163,Foggy,0.4
166,2,Norris (McLaren),41.05013,80.56176,Foggy,0.4
166,3,Norris (McLaren),39.69371,120.25547,Foggy,0.4
166,4,Norris (McLaren),37.95845,158.21393,Foggy,0.4
166,5,Norris (McLaren),39.06217,197.2761,Foggy,0.4
166,1,Leclerc (Ferrari),41.04919,41.04919,Foggy,0.4
166,2,Leclerc (Ferrari),39.61229,80.66148,Foggy,0.4
166,3,Leclerc (Ferrari),39.53334,120.19481,Foggy,0.4
166,4,Leclerc (Ferrari),40.47792,160.67274,Foggy,0.4
166,5,Leclerc (Ferrari),40.26062,200.93335,Foggy,0.4
167,1,Hamilton (Mercedes),39.93352,39.93352,Foggy,0.4
167,2,Hamilton (Mercedes),40.60542,80.53894,Foggy,0.4
167,3,Hamilton (Mercedes),39.50063,120.03957,Foggy,0.4
167,4,Hamilton (Mercedes),38.91984,158.95941,Foggy,0.4
167,5,Hamilton (Mercedes),39.74609,198.7055,Foggy,0.4
167,1,Verstappen (Red Bull),39.07826,39.07826,Foggy,0.4
167,2,Verstappen (Red Bull),39.61168,78.68994,Foggy,0.4
167,3,Verstappen (Red Bull),39.15843,117.84837,Foggy,0.4
167,4,Verstappen (Red Bull),39.39474,157.2431,Foggy,0.4
167,5,Verstappen (Red Bull),40.40921,197.65231,Foggy,0.4
167,1,Norris (McLaren),40.13643,40.13643,Foggy,0.4
167,2,Norris (McLaren),39.47267,79.6091,Foggy,0.4
167,3,Norris (McLaren),39.65279,119.26189,Foggy,0.4
167,4,Norris (McLaren),39.04576,158.30765,Foggy,0.4
167,5,Norris (McLaren),38.95946,197.26711,Foggy,0.4
167,1,Leclerc (Ferrari),40.61358,40.61358,Foggy,0.4
167,2,Leclerc (Ferrari),40.03388,80.64747,Foggy,0.4
167,3,Leclerc (Ferrari),39.14177,119.78924,Foggy,0.4
167,4,Leclerc (Ferrari),40.08841,159.87765,Foggy,0.4
167,5,Leclerc (Ferrari),40.37228,200.24992,Foggy,0.4
168,1,Hamilton (Mercedes),39.42164,39.42164,Foggy,0.4
168,2,Hamilton (Mercedes),40.33491,79.75655,Foggy,0.4
168,3,Hamilton (Mercedes),40.18811,119.94466,Foggy,0.4
168,4,Hamilton (Mercedes),40.75342,160.69807,Foggy,0.4
168,5,Hamilton (Mercedes),40.03218,200.73025,Foggy,0.4
168,1,Verstappen (Red Bull),39.6044,39.6044,Foggy,0.4
168,2,Verstappen (Red Bull),39.93043,79.53482,Foggy,0.4
168,3,Verstappen (Red Bull),39.30204,118.83686,Foggy,0.4
168,4,Verstappen (Red Bull),39.43254,158.2694,Foggy,0.4
168,5,Verstappen (Red Bull),39.35993,197.62933,Foggy,0.4
168,1,Norris (McLaren),39.31616,39.31616,Foggy,0.4
168,2,Norris (McLaren),40.14742,79.46358,Foggy,0.4
168,3,Norris (McLaren),39.7425,119.20608,Foggy,0.4
168,4,Norris (McLaren),39.58785,158.79393,Foggy,0.4
168,5,Norris (McLaren),39.94002,198.73394,Foggy,0.4
168,1,Leclerc (Ferrari),39.93323,39.93323,Foggy,0.4
168,2,Leclerc (Ferrari),39.01288,78.94611,Foggy,0.4
168,3,Leclerc (Ferrari),39.96041,118.90652,Foggy,0.4
168,4,Leclerc (Ferrari),39.10944,158.01596,Foggy,0.4
168,5,Leclerc (Ferrari),39.14331,197.15927,Foggy,0.4
169,1,Hamilton (Mercedes),39.61604,39.61604,Foggy,0.4
169,2,Hamilton (Mercedes),40.12441,79.74045,Foggy,0.4
169,3,Hamilton (Mercedes),41.15142,120.89187,Foggy,0.4
169,4,Hamilton (Mercedes),40.35385,161.24572,Foggy,0.4
169,5,Hamilton (Mercedes),40.56514,201.81086,Foggy,0.4
169,1,Verstappen (Red Bull),39.59793,39.59793,Foggy,0.4
169,2,Verstappen (Red Bull),39.35122,78.94915,Foggy,0.4
169,3,Verstappen (Red Bull),40.74887,119.69802,Foggy,0.4
169,4,Verstappen (Red Bull),40.41242,160.11044,Foggy,0.4
169,5,Verstappen (Red Bull),39.26309,199.37353,Foggy,0.4
169,1,Norris (McLaren),40.43081,40.43081,Foggy,0.4
169,2,Norris (McLaren),39.18498,79.61579,Foggy,0.4
169,3,Norris (McLaren),39.56436,119.18015,Foggy,0.4
169,4,Norris (McLaren),39.67694,158.8571,Foggy,0.4
169,5,Norris (McLaren),38.40941,197.26651,Foggy,0.4
169,1,Leclerc (Ferrari),39.26778,39.26778,Foggy,0.4
169,2,Leclerc (Ferrari),39.46352,78.7313,Foggy,0.4
169,3,Leclerc (Ferrari),39.83011,118.56142,Foggy,0.4
169,4,Leclerc (Ferrari),38.91436,157.47578,Foggy,0.4
169,5,Leclerc (Ferrari),39.30808,196.78385,Foggy,0.4
170,1,Hamilton (Mercedes),40.17731,40.17731,Foggy,0.4
170,2,Hamilton (Mercedes),41.09366,81.27098,Foggy,0.4
170,3,Hamilton (Mercedes),40.75165,122.02262,Foggy,0.4
170,4,Hamilton (Mercedes),40.91819,162.94082,Foggy,0.4
170,5,Hamilton (Mercedes),40.30402,203.24484,Foggy,0.4
170,1,Verstappen (Red Bull),40.20516,40.20516,Foggy,0.4
170,2,Verstappen (Red Bull),39.42747,79.63263,Foggy,0.4
170,3,Verstappen (Red Bull),39.01785,118.65048,Foggy,0.4
170,4,Verstappen (Red Bull),39.23675,157.88722,Foggy,0.4
170,5,Verstappen (Red Bull),39.36585,197.25307,Foggy,0.4
170,1,Norris (McLaren),39.91587,39.91587,Foggy,0.4
170,2,Norris (McLaren),39.34803,79.2639,Foggy,0.4
170,3,Norris (McLaren),38.32834,117.59225,Foggy,0.4
170,4,Norris (McLaren),39.19246,156.78471,Foggy,0.4
170,5,Norris (McLaren),39.11525,195.89996,Foggy,0.4
170,1,Leclerc (Ferrari),38.65736,38.65736,Foggy,0.4
170,2,Leclerc (Ferrari),38.74632,77.40368,Foggy,0.4
170,3,Leclerc (Ferrari),40.38256,117.78623,Foggy,0.4
170,4,Leclerc (Ferrari),39.17989,156.96612,Foggy,0.4
170,5,Leclerc (Ferrari),37.50488,194.471,Foggy,0.4
171,1,Hamilton (Mercedes),40.23165,40.23165,Foggy,0.4
171,2,Hamilton (Mercedes),40.45526,80.68691,Foggy,0.4
171,3,Hamilton (Mercedes),39.2018,119.88871,Foggy,0.4
171,4,Hamilton (Mercedes),40.65409,160.5428,Foggy,0.4
171,5,Hamilton (Mercedes),40.16509,200.70789,Foggy,0.4
171,1,Verstappen (Red Bull),39.27334,39.27334,Foggy,0.4
171,2,Verstappen (Red Bull),40.1647,79.43804,Foggy,0.4
171,3,Verstappen (Red Bull),39.28918,118.72722,Foggy,0.4
171,4,Verstappen (Red Bull),39.02774,157.75496,Foggy,0.4
171,5,Verstappen (Red Bull),38.70585,196.46081,Foggy,0.4
171,1,Norris (McLaren),41.19045,41.19045,Foggy,0.4
171,2,Norris (McLaren),39.73331,80.92376,Foggy,0.4
171,3,Norris (McLaren),38.97686,119.90062,Foggy,0.4
171,4,Norris (McLaren),39.88194,159.78256,Foggy,0.4
171,5,Norris (McLaren),39.77999,199.56255,Foggy,0.4
171,1,Leclerc (Ferrari),38.84579,38.84579,Foggy,0.4
171,2,Leclerc (Ferrari),40.20107,79.04686,Foggy,0.4
171,3,Leclerc (Ferrari),40.1174,119.16426,Foggy,0.4
171,4,Leclerc (Ferrari),41.11705,160.28131,Foggy,0.4
171,5,Leclerc (Ferrari),40.0645,200.34581,Foggy,0.4
172,1,Hamilton (Mercedes),41.01462,41.01462,Foggy,0.4
172,2,Hamilton (Mercedes),38.88425,79.89887,Foggy,0.4
172,3,Hamilton (Mercedes),40.63401,120.53288,Foggy,0.4
172,4,Hamilton (Mercedes),39.76208,160.29496,Foggy,0.4
172,5,Hamilton (Mercedes),40.5798,200.87475,Foggy,0.4
172,1,Verstappen (Red Bull),39.61591,39.61591,Foggy,0.4
172,2,Verstappen (Red Bull),39.87361,79.48952,Foggy,0.4
172,3,Verstappen (Red Bull),40.0618,119.55132,Foggy,0.4
172,4,Verstappen (Red Bull),39.12562,158.67694,Foggy,0.4
172,5,Verstappen (Red Bull),40.18013,198.85706,Foggy,0.4
172,1,Norris (McLaren),40.3127,40.3127,Foggy,0.4
172,2,Norris (McLaren),39.62633,79.93903,Foggy,0.4
172,3,Norris (McLaren),39.33118,119.27021,Foggy,0.4
172,4,Norris (McLaren),40.13821,159.40842,Foggy,0.4
172,5,Norris (McLaren),39.09084,198.49926,Foggy,0.4
172,1,Leclerc (Ferrari),39.70013,39.70013,Foggy,0.4
172,2,Leclerc (Ferrari),40.23842,79.93855,Foggy,0.4
172,3,Leclerc (Ferrari),40.76231,120.70085,Foggy,0.4
172,4,Leclerc (Ferrari),38.65007,159.35093,Foggy,0.4
172,5,Leclerc (Ferrari),39.79513,199.14606,Foggy,0.4
173,1,Hamilton (Mercedes),40.06755,40.06755,Foggy,0.4
173,2,Hamilton (Mercedes),40.47377,80.54131,Foggy,0.4
173,3,Hamilton (Mercedes),39.15791,119.69922,Foggy,0.4
173,4,Hamilton (Mercedes),40.81316,160.51239,Foggy,0.4
173,5,Hamilton (Mercedes),40.53349,201.04587,Foggy,0.4
173,1,Verstappen (Red Bull),40.04999,40.04999,Foggy,0.4
173,2,Verstappen (Red Bull),39.31187,79.36186,Foggy,0.4
173,3,Verstappen (Red Bull),38.70715,118.06902,Foggy,0.4
173,4,Verstappen (Red Bull),39.40932,157.47833,Foggy,0.4
173,5,Verstappen (Red Bull),39.54514,197.02348,Foggy,0.4
173,1,Norris (McLaren),39.75472,39.75472,Foggy,0.4
173,2,Norris (McLaren),40.53057,80.2853,Foggy,0.4
173,3,Norris (McLaren),39.75082,120.03612,Foggy,0.4
173,4,Norris (McLaren),40.37353,160.40964,Foggy,0.4
173,5,Norris (McLaren),39.6262,200.03584,Foggy,0.4
173,1,Leclerc (Ferrari),39.96931,39.96931,Foggy,0.4
173,2,Leclerc (Ferrari),38.80538,78.77469,Foggy,0.4
173,3,Leclerc (Ferrari),39.69083,118.46552,Foggy,0.4
173,4,Leclerc (Ferrari),40.27326,158.73877,Foggy,0.4
173,5,Leclerc (Ferrari),40.4224,199.16117,Foggy,0.4
174,1,Hamilton (Mercedes),40.31302,40.31302,Foggy,0.4
174,2,Hamilton (Mercedes),39.13658,79.4496,Foggy,0.4
174,3,Hamilton (Mercedes),40.20314,119.65274,Foggy,0.4
174,4,Hamilton (Mercedes),40.50992,160.16265,Foggy,0.4
174,5,Hamilton (Mercedes),40.23042,200.39308,Foggy,0.4
174,1,Verstappen (Red Bull),39.40521,39.40521,Foggy,0.4
174,2,Verstappen (Red Bull),39.90551,79.31072,Foggy,0.4
174,3,Verstappen (Red Bull),38.04096,117.35169,Foggy,0.4
174,4,Verstappen (Red Bull),38.70128,156.05297,Foggy,0.4
174,5,Verstappen (Red Bull),40.75428,196.80725,Foggy,0.4
174,1,Norris (McLaren),40.21957,40.21957,Foggy,0.4
174,2,Norris (McLaren),39.85898,80.07855,Foggy,0.4
174,3,Norris (McLaren),40.53853,120.61708,Foggy,0.4
174,4,Norris (McLaren),39.42003,160.0371,Foggy,0.4
174,5,Norris (McLaren),40.07957,200.11667,Foggy,0.4
174,1,Leclerc (Ferrari),39.32954,39.32954,Foggy,0.4
174,2,Leclerc (Ferrari),40.42428,79.75382,Foggy,0.4
174,3,Leclerc (Ferrari),38.95611,118.70993,Foggy,0.4
174,4,Leclerc (Ferrari),39.8936,158.60353,Foggy,0.4
174,5,Leclerc (Ferrari),39.26974,197.87327,Foggy,0.4
175,1,Hamilton (Mercedes),40.57795,40.57795,Foggy,0.4
175,2,Hamilton (Mercedes),39.37847,79.95642,Foggy,0.4
175,3,Hamilton (Mercedes),39.9709,119.92732,Foggy,0.4
175,4,Hamilton (Mercedes),40.76905,160.69637,Foggy,0.4
175,5,Hamilton (Mercedes),39.16935,199.86572,Foggy,0.4
175,1,Verstappen (Red Bull),40.22567,40.22567,Foggy,0.4
175,2,Verstappen (Red Bull),38.93569,79.16136,Foggy,0.4
175,3,Verstappen (Red Bull),39.85633,119.01768,Foggy,0.4
175,4,Verstappen (Red Bull),40.04695,159.06463,Foggy,0.4
175,5,Verstappen (Red Bull),39.3429,198.40754,Foggy,0.4
175,1,Norris (McLaren),40.00466,40.00466,Foggy,0.4
175,2,Norris (McLaren),40.71556,80.72022,Foggy,0.4
175,3,Norris (McLaren),39.58214,120.30236,Foggy,0.4
175,4,Norris (McLaren),40.60973,160.91209,Foggy,0.4
175,5,Norris (McLaren),40.41417,201.32626,Foggy,0.4
175,1,Leclerc (Ferrari),40.24853,40.24853,Foggy,0.4
175,2,Leclerc (Ferrari),39.99792,80.24645,Foggy,0.4
175,3,Leclerc (Ferrari),38.78787,119.03431,Foggy,0.4
175,4,Leclerc (Ferrari),40.50801,159.54232,Foggy,0.4
175,5,Leclerc (Ferrari),39.3459,198.88823,Foggy,0.4
176,1,Hamilton (Mercedes),39.94736,39.94736,Foggy,0.4
176,2,Hamilton (Mercedes),40.74479,80.69215,Foggy,0.4
176,3,Hamilton (Mercedes),41.03775,121.7299,Foggy,0.4
176,4,Hamilton (Mercedes),40.14794,161.87784,Foggy,0.4
176,5,Hamilton (Mercedes),39.80331,201.68116,Foggy,0.4
176,1,Verstappen (Red Bull),39.7313,39.7313,Foggy,0.4
176,2,Verstappen (Red Bull),39.34155,79.07285,Foggy,0.4
176,3,Verstappen (Red Bull),38.74109,117.81394,Foggy,0.4
176,4,Verstappen (Red Bull),39.94856,157.7625,Foggy,0.4
176,5,Verstappen (Red Bull),39.23276,196.99526,Foggy,0.4
176,1,Norris (McLaren),39.32802,39.32802,Foggy,0.4
176,2,Norris (McLaren),39.98807,79.31609,Foggy,0.4
176,3,Norris (McLaren),40.04994,119.36603,Foggy,0.4
176,4,Norris (McLaren),40.68745,160.05347,Foggy,0.4
176,5,Norris (McLaren),39.77324,199.82672,Foggy,0.4
176,1,Leclerc (Ferrari),39.5062,39.5062,Foggy,0.4
176,2,Leclerc (Ferrari),39.80735,79.31355,Foggy,0.4
176,3,Leclerc (Ferrari),39.98686,119.3004,Foggy,0.4
176,4,Leclerc (Ferrari),40.94223,160.24263,Foggy,0.4
176,5,Leclerc (Ferrari),39.44089,199.68353,Foggy,0.4
177,1,Hamilton (Mercedes),40.20058,40.20058,Foggy,0.4
177,2,Hamilton (Mercedes),40.15352,80.3541,Foggy,0.4
177,3,Hamilton (Mercedes),39.96179,120.31589,Foggy,0.4
177,4,Hamilton (Mercedes),40.64899,160.96488,Foggy,0.4
177,5,Hamilton (Mercedes),40.50891,201.47378,Foggy,0.4
177,1,Verstappen (Red Bull),40.06853,40.06853,Foggy,0.4
177,2,Verstappen (Red Bull),39.99044,80.05896,Foggy,0.4
177,3,Verstappen (Red Bull),39.48959,119.54856,Foggy,0.4
177,4,Verstappen (Red Bull),40.92358,160.47214,Foggy,0.4
177,5,Verstappen (Red Bull),40.02036,200.4925,Foggy,0.4
177,1,Norris (McLaren),40.04022,40.04022,Foggy,0.4
177,2,Norris (McLaren),41.02833,81.06856,Foggy,0.4
177,3,Norris (McLaren),39.51262,120.58117,Foggy,0.4
177,4,Norris (McLaren),39.88979,160.47096,Foggy,0.4
177,5,Norris (McLaren),39.35243,199.82339,Foggy,0.4
177,1,Leclerc (Ferrari),39.83976,39.83976,Foggy,0.4
177,2,Leclerc (Ferrari),39.85739,79.69714,Foggy,0.4
177,3,Leclerc (Ferrari),38.9824,118.67954,Foggy,0.4
177,4,Leclerc (Ferrari),39.72814,158.40769,Foggy,0.4
177,5,Leclerc (Ferrari),39.36356,197.77125,Foggy,0.4
178,1,Hamilton (Mercedes),40.39725,40.39725,Foggy,0.4
178,2,Hamilton (Mercedes),40.75436,81.15161,Foggy,0.4
178,3,Hamilton (Mercedes),39.27439,120.426,Foggy,0.4
178,4,Hamilton (Mercedes),39.79815,160.22415,Foggy,0.4
178,5,Hamilton (Mercedes),40.32997,200.55412,Foggy,0.4
178,1,Verstappen (Red Bull),39.97221,39.97221,Foggy,0.4
178,2,Verstappen (Red Bull),39.68007,79.65228,Foggy,0.4
178,3,Verstappen (Red Bull),39.58338,119.23565,Foggy,0.4
178,4,Verstappen (Red Bull),40.24434,159.47999,Foggy,0.4
178,5,Verstappen (Red Bull),39.44021,198.9202,Foggy,0.4
178,1,Norris (McLaren),38.30562,38.30562,Foggy,0.4
178,2,Norris (McLaren),39.16563,77.47125,Foggy,0.4
178,3,Norris (McLaren),39.65992,117.13117,Foggy,0.4
178,4,Norris (McLaren),39.62213,156.75331,Foggy,0.4
178,5,Norris (McLaren),40.01423,196.76754,Foggy,0.4
178,1,Leclerc (Ferrari),39.87245,39.87245,Foggy,0.4
178,2,Leclerc (Ferrari),38.63468,78.50713,Foggy,0.4
178,3,Leclerc (Ferrari),39.74718,118.25432,Foggy,0.4
178,4,Leclerc (Ferrari),39.9706,158.22492,Foggy,0.4
178,5,Leclerc (Ferrari),39.0083,197.23322,Foggy,0.4
179,1,Hamilton (Mercedes),38.96022,38.96022,Foggy,0.4
179,2,Hamilton (Mercedes),39.71014,78.67036,Foggy,0.4
179,3,Hamilton (Mercedes),39.94824,118.6186,Foggy,0.4
179,4,Hamilton (Mercedes),40.07497,158.69357,Foggy,0.4
179,5,Hamilton (Mercedes),40.86812,199.56169,Foggy,0.4
179,1,Verstappen (Red Bull),39.56059,39.56059,Foggy,0.4
179,2,Verstappen (Red Bull),39.62186,79.18245,Foggy,0.4
179,3,Verstappen (Red Bull),39.39987,118.58232,Foggy,0.4
179,4,Verstappen (Red Bull),39.7143,158.29662,Foggy,0.4
179,5,Verstappen (Red Bull),40.42758,198.72421,Foggy,0.4
179,1,Norris (McLaren),39.1083,39.1083,Foggy,0.4
179,2,Norris (McLaren),39.85718,78.96548,Foggy,0.4
179,3,Norris (McLaren),40.05751,119.02299,Foggy,0.4
179,4,Norris (McLaren),39.44271,158.4657,Foggy,0.4
179,5,Norris (McLaren),39.93428,198.39999,Foggy,0.4
179,1,Leclerc (Ferrari),39.59927,39.59927,Foggy,0.4
179,2,Leclerc (Ferrari),40.26929,79.86856,Foggy,0.4
179,3,Leclerc (Ferrari),38.53122,118.39978,Foggy,0.4
179,4,Leclerc (Ferrari),39.67378,158.07356,Foggy,0.4
179,5,Leclerc (Ferrari),38.57137,196.64494,Foggy,0.4
180,1,Hamilton (Mercedes),39.82356,39.82356,Foggy,0.4
180,2,Hamilton (Mercedes),40.17977,80.00333,Foggy,0.4
180,3,Hamilton (Mercedes),39.8433,119.84663,Foggy,0.4
180,4,Hamilton (Mercedes),40.67203,160.51866,Foggy,0.4
180,5,Hamilton (Mercedes),39.12504,199.6437,Foggy,0.4
180,1,Verstappen (Red Bull),40.07317,40.07317,Foggy,0.4
180,2,Verstappen (Red Bull),39.57133,79.6445,Foggy,0.4
180,3,Verstappen (Red Bull),39.14402,118.78852,Foggy,0.4
180,4,Verstappen (Red Bull),39.85507,158.64358,Foggy,0.4
180,5,Verstappen (Red Bull),39.20895,197.85254,Foggy,0.4
180,1,Norris (McLaren),39.17027,39.17027,Foggy,0.4
180,2,Norris (McLaren),40.55724,79.72752,Foggy,0.4
180,3,Norris (McLaren),38.54777,118.27529,Foggy,0.4
180,4,Norris (McLaren),39.8946,158.16989,Foggy,0.4
180,5,Norris (McLaren),39.91546,198.08535,Foggy,0.4
180,1,Leclerc (Ferrari),39.25315,39.25315,Foggy,0.4
180,2,Leclerc (Ferrari),39.6875,78.94064,Foggy,0.4
180,3,Leclerc (Ferrari),40.27014,119.21078,Foggy,0.4
180,4,Leclerc (Ferrari),39.40506,158.61584,Foggy,0.4
180,5,Leclerc (Ferrari),39.15935,197.7752,Foggy,0.4
181,1,Hamilton (Mercedes),40.2804,40.2804,Foggy,0.4
181,2,Hamilton (Mercedes),40.06095,80.34135,Foggy,0.4
181,3,Hamilton (Mercedes),40.55137,120.89272,Foggy,0.4
181,4,Hamilton (Mercedes),40.50599,161.39871,Foggy,0.4
181,5,Hamilton (Mercedes),40.58924,201.98794,Foggy,0.4
181,1,Verstappen (Red Bull),38.83717,38.83717,Foggy,0.4
181,2,Verstappen (Red Bull),38.51779,77.35496,Foggy,0.4
181,3,Verstappen (Red Bull),39.56559,116.92055,Foggy,0.4
181,4,Verstappen (Red Bull),39.56588,156.48643,Foggy,0.4
181,5,Verstappen (Red Bull),39.58288,196.06931,Foggy,0.4
181,1,Norris (McLaren),40.386,40.386,Foggy,0.4
181,2,Norris (McLaren),40.94905,81.33505,Foggy,0.4
181,3,Norris (McLaren),39.80984,121.14489,Foggy,0.4
181,4,Norris (McLaren),40.40675,161.55164,Foggy,0.4
181,5,Norris (McLaren),39.14575,200.6974,Foggy,0.4
181,1,Leclerc (Ferrari),39.40557,39.40557,Foggy,0.4
181,2,Leclerc (Ferrari),40.38585,79.79142,Foggy,0.4
181,3,Leclerc (Ferrari),41.3268,121.11822,Foggy,0.4
181,4,Leclerc (Ferrari),39.36302,160.48124,Foggy,0.4
181,5,Leclerc (Ferrari),39.9825,200.46374,Foggy,0.4
182,1,Hamilton (Mercedes),41.02892,41.02892,Foggy,0.4
182,2,Hamilton (Mercedes),40.70879,81.73772,Foggy,0.4
182,3,Hamilton (Mercedes),40.62873,122.36645,Foggy,0.4
182,4,Hamilton (Mercedes),39.94717,162.31362,Foggy,0.4
182,5,Hamilton (Mercedes),39.91777,202.23139,Foggy,0.4
182,1,Verstappen (Red Bull),40.98487,40.98487,Foggy,0.4
182,2,Verstappen (Red Bull),39.54153,80.52641,Foggy,0.4
182,3,Verstappen (Red Bull),39.55173,120.07814,Foggy,0.4
182,4,Verstappen (Red Bull),39.9778,160.05593,Foggy,0.4
182,5,Verstappen (Red Bull),39.55594,199.61188,Foggy,0.4
182,1,Norris (McLaren),40.17465,40.17465,Foggy,0.4
182,2,Norris (McLaren),40.07914,80.2538,Foggy,0.4
182,3,Norris (McLaren),39.30033,119.55413,Foggy,0.4
182,4,Norris (McLaren),40.10004,159.65417,Foggy,0.4
182,5,Norris (McLaren),38.98973,198.6439,Foggy,0.4
182,1,Leclerc (Ferrari),39.67596,39.67596,Foggy,0.4
182,2,Leclerc (Ferrari),40.07379,79.74975,Foggy,0.4
182,3,Leclerc (Ferrari),38.42676,118.1765,Foggy,0.4
182,4,Leclerc (Ferrari),39.16434,157.34084,Foggy,0.4
182,5,Leclerc (Ferrari),39.14922,196.49006,Foggy,0.4
183,1,Hamilton (Mercedes),40.61284,40.61284,Foggy,0.4
183,2,Hamilton (Mercedes),40.23894,80.85178,Foggy,0.4
183,3,Hamilton (Mercedes),39.72587,120.57765,Foggy,0.4
183,4,Hamilton (Mercedes),40.2926,160.87025,Foggy,0.4
183,5,Hamilton (Mercedes),39.39838,200.26862,Foggy,0.4
183,1,Verstappen (Red Bull),39.7511,39.7511,Foggy,0.4
183,2,Verstappen (Red Bull),39.19359,78.94469,Foggy,0.4
183,3,Verstappen (Red Bull),39.69232,118.63701,Foggy,0.4
183,4,Verstappen (Red Bull),39.76275,158.39976,Foggy,0.4
183,5,Verstappen (Red Bull),39.85464,198.2544,Foggy,0.4
183,1,Norris (McLaren),39.89195,39.89195,Foggy,0.4
183,2,Norris (McLaren),40.83153,80.72348,Foggy,0.4
183,3,Norris (McLaren),39.526,120.24948,Foggy,0.4
183,4,Norris (McLaren),38.92666,159.17614,Foggy,0.4
183,5,Norris (McLaren),39.41976,198.5959,Foggy,0.4
183,1,Leclerc (Ferrari),39.46507,39.46507,Foggy,0.4
183,2,Leclerc (Ferrari),38.97575,78.44081,Foggy,0.4
183,3,Leclerc (Ferrari),39.30647,117.74728,Foggy,0.4
183,4,Leclerc (Ferrari),39.22692,156.9742,Foggy,0.4
183,5,Leclerc (Ferrari),40.23739,197.2116,Foggy,0.4
184,1,Hamilton (Mercedes),39.30047,39.30047,Foggy,0.4
184,2,Hamilton (Mercedes),38.86775,78.16822,Foggy,0.4
184,3,Hamilton (Mercedes),39.97603,118.14425,Foggy,0.4
184,4,Hamilton (Mercedes),39.69118,157.83543,Foggy,0.4
184,5,Hamilton (Mercedes),40.65789,198.49332,Foggy,0.4
184,1,Verstappen (Red Bull),38.42482,38.42482,Foggy,0.4
184,2,Verstappen (Red Bull),39.50274,77.92755,Foggy,0.4
184,3,Verstappen (Red Bull),39.40515,117.33271,Foggy,0.4
184,4,Verstappen (Red Bull),39.56678,156.89949,Foggy,0.4
184,5,Verstappen (Red Bull),39.10918,196.00867,Foggy,0.4
184,1,Norris (McLaren),37.97169,37.97169,Foggy,0.4
184,2,Norris (McLaren),40.06305,78.03474,Foggy,0.4
184,3,Norris (McLaren),40.49678,118.53152,Foggy,0.4
184,4,Norris (McLaren),40.33415,158.86567,Foggy,0.4
184,5,Norris (McLaren),40.03166,198.89733,Foggy,0.4
184,1,Leclerc (Ferrari),39.64139,39.64139,Foggy,0.4
184,2,Leclerc (Ferrari),37.38411,77.0255,Foggy,0.4
184,3,Leclerc (Ferrari),40.14686,117.17236,Foggy,0.4
184,4,Leclerc (Ferrari),39.18341,156.35577,Foggy,0.4
184,5,Leclerc (Ferrari),39.49481,195.85058,Foggy,0.4
185,1,Hamilton (Mercedes),39.8929,39.8929,Foggy,0.4
185,2,Hamilton (Mercedes),39.21358,79.10648,Foggy,0.4
185,3,Hamilton (Mercedes),39.73753,118.84401,Foggy,0.4
185,4,Hamilton (Mercedes),39.49243,158.33644,Foggy,0.4
185,5,Hamilton (Mercedes),40.43378,198.77022,Foggy,0.4
185,1,Verstappen (Red Bull),40.49272,40.49272,Foggy,0.4
185,2,Verstappen (Red Bull),39.1362,79.62892,Foggy,0.4
185,3,Verstappen (Red Bull),39.91726,119.54618,Foggy,0.4
185,4,Verstappen (Red Bull),39.65149,159.19767,Foggy,0.4
185,5,Verstappen (Red Bull),38.85823,198.05591,Foggy,0.4
185,1,Norris (McLaren),39.53638,39.53638,Foggy,0.4
185,2,Norris (McLaren),38.81674,78.35312,Foggy,0.4
185,3,Norris (McLaren),39.06697,117.42009,Foggy,0.4
185,4,Norris (McLaren),39.01794,156.43802,Foggy,0.4
185,5,Norris (McLaren),39.96497,196.40299,Foggy,0.4
185,1,Leclerc (Ferrari),39.4841,39.4841,Foggy,0.4
185,2,Leclerc (Ferrari),38.82874,78.31284,Foggy,0.4
185,3,Leclerc (Ferrari),37.73597,116.04881,Foggy,0.4
185,4,Leclerc (Ferrari),39.46568,155.51449,Foggy,0.4
185,5,Leclerc (Ferrari),39.5242,195.03869,Foggy,0.4
186,1,Hamilton (Mercedes),38.99075,38.99075,Foggy,0.4
186,2,Hamilton (Mercedes),39.94263,78.93338,Foggy,0.4
186,3,Hamilton (Mercedes),40.3593,119.29268,Foggy,0.4
186,4,Hamilton (Mercedes),40.74195,160.03464,Foggy,0.4
186,5,Hamilton (Mercedes),40.08124,200.11587,Foggy,0.4
186,1,Verstappen (Red Bull),39.67438,39.67438,Foggy,0.4
186,2,Verstappen (Red Bull),40.02818,79.70256,Foggy,0.4
186,3,Verstappen (Red Bull),39.37524,119.07781,Foggy,0.4
186,4,Verstappen (Red Bull),40.1029,159.18071,Foggy,0.4
186,5,Verstappen (Red Bull),39.82732,199.00803,Foggy,0.4
186,1,Norris (McLaren),39.55019,39.55019,Foggy,0.4
186,2,Norris (McLaren),39.52143,79.07161,Foggy,0.4
186,3,Norris (McLaren),41.28546,120.35707,Foggy,0.4
186,4,Norris (McLaren),40.18374,160.54081,Foggy,0.4
186,5,Norris (McLaren),39.50948,200.05028,Foggy,0.4
186,1,Leclerc (Ferrari),39.55346,39.55346,Foggy,0.4
186,2,Leclerc (Ferrari),38.22549,77.77895,Foggy,0.4
186,3,Leclerc (Ferrari),39.22732,117.00627,Foggy,0.4
186,4,Leclerc (Ferrari),40.16514,157.17141,Foggy,0.4
186,5,Leclerc (Ferrari),38.85433,196.02574,Foggy,0.4
187,1,Hamilton (Mercedes),39.82398,39.82398,Foggy,0.4
187,2,Hamilton (Mercedes),39.70795,79.53193,Foggy,0.4
187,3,Hamilton (Mercedes),40.60762,120.13955,Foggy,0.4
187,4,Hamilton (Mercedes),40.27382,160.41337,Foggy,0.4
187,5,Hamilton (Mercedes),40.35937,200.77274,Foggy,0.4
187,1,Verstappen (Red Bull),39.33334,39.33334,Foggy,0.4
187,2,Verstappen (Red Bull),39.46281,78.79615,Foggy,0.4
187,3,Verstappen (Red Bull),39.79034,118.58649,Foggy,0.4
187,4,Verstappen (Red Bull),38.63768,157.22417,Foggy,0.4
187,5,Verstappen (Red Bull),40.49059,197.71476,Foggy,0.4
187,1,Norris (McLaren),40.11957,40.11957,Foggy,0.4
187,2,Norris (McLaren),41.13301,81.25258,Foggy,0.4
187,3,Norris (McLaren),38.97889,120.23147,Foggy,0.4
187,4,Norris (McLaren),39.68365,159.91513,Foggy,0.4
187,5,Norris (McLaren),39.31058,199.22571,Foggy,0.4
187,1,Leclerc (Ferrari),39.59406,39.59406,Foggy,0.4
187,2,Leclerc (Ferrari),39.47867,79.07273,Foggy,0.4
187,3,Leclerc (Ferrari),40.2992,119.37193,Foggy,0.4
187,4,Leclerc (Ferrari),40.03607,159.40801,Foggy,0.4
187,5,Leclerc (Ferrari),39.02131,198.42931,Foggy,0.4
188,1,Hamilton (Mercedes),40.10518,40.10518,Foggy,0.4
188,2,Hamilton (Mercedes),40.92771,81.03289,Foggy,0.4
188,3,Hamilton (Mercedes),39.99503,121.02792,Foggy,0.4
188,4,Hamilton (Mercedes),40.96487,161.99279,Foggy,0.4
188,5,Hamilton (Mercedes),39.75919,201.75198,Foggy,0.4
188,1,Verstappen (Red Bull),38.85738,38.85738,Foggy,0.4
188,2,Verstappen (Red Bull),40.81313,79.67051,Foggy,0.4
188,3,Verstappen (Red Bull),40.13665,119.80716,Foggy,0.4
188,4,Verstappen (Red Bull),40.18665,159.99381,Foggy,0.4
188,5,Verstappen (Red Bull),39.3815,199.3753,Foggy,0.4
188,1,Norris (McLaren),39.99909,39.99909,Foggy,0.4
188,2,Norris (McLaren),39.09584,79.09493,Foggy,0.4
188,3,Norris (McLaren),39.39892,118.49385,Foggy,0.4
188,4,Norris (McLaren),39.29652,157.79037,Foggy,0.4
188,5,Norris (McLaren),39.27631,197.06668,Foggy,0.4
188,1,Leclerc (Ferrari),38.88739,38.88739,Foggy,0.4
188,2,Leclerc (Ferrari),38.71322,77.60061,Foggy,0.4
188,3,Leclerc (Ferrari),39.547,117.14761,Foggy,0.4
188,4,Leclerc (Ferrari),39.60529,156.7529,Foggy,0.4
188,5,Leclerc (Ferrari),39.26731,196.02021,Foggy,0.4
189,1,Hamilton (Mercedes),39.85152,39.85152,Foggy,0.4
189,2,Hamilton (Mercedes),40.12181,79.97333,Foggy,0.4
189,3,Hamilton (Mercedes),39.21696,119.19029,Foggy,0.4
189,4,Hamilton (Mercedes),40.67064,159.86093,Foggy,0.4
189,5,Hamilton (Mercedes),40.12472,199.98565,Foggy,0.4
189,1,Verstappen (Red Bull),38.63053,38.63053,Foggy,0.4
189,2,Verstappen (Red Bull),39.32346,77.95399,Foggy,0.4
189,3,Verstappen (Red Bull),40.19143,118.14542,Foggy,0.4
189,4,Verstappen (Red Bull),39.01971,157.16514,Foggy,0.4
189,5,Verstappen (Red Bull),40.21713,197.38227,Foggy,0.4
189,1,Norris (McLaren),38.83813,38.83813,Foggy,0.4
189,2,Norris (McLaren),38.91669,77.75482,Foggy,0.4
189,3,Norris (McLaren),40.51362,118.26843,Foggy,0.4
189,4,Norris (McLaren),38.93956,157.208,Foggy,0.4
189,5,Norris (McLaren),40.20946,197.41746,Foggy,0.4
189,1,Leclerc (Ferrari),40.1479,40.1479,Foggy,0.4
189,2,Leclerc (Ferrari),39.05774,79.20564,Foggy,0.4
189,3,Leclerc (Ferrari),39.62354,118.82918,Foggy,0.4
189,4,Leclerc (Ferrari),39.57147,158.40065,Foggy,0.4
189,5,Leclerc (Ferrari),39.81815,198.2188,Foggy,0.4
190,1,Hamilton (Mercedes),40.49123,40.49123,Foggy,0.4
190,2,Hamilton (Mercedes),40.79571,81.28694,Foggy,0.4
190,3,Hamilton (Mercedes),39.96048,121.24743,Foggy,0.4
190,4,Hamilton (Mercedes),40.05583,161.30325,Foggy,0.4
190,5,Hamilton (Mercedes),40.88109,202.18435,Foggy,0.4
190,1,Verstappen (Red Bull),40.34369,40.34369,Foggy,0.4
190,2,Verstappen (Red Bull),40.44089,80.78459,Foggy,0.4
190,3,Verstappen (Red Bull),39.83793,120.62252,Foggy,0.4
190,4,Verstappen (Red Bull),39.45363,160.07615,Foggy,0.4
190,5,Verstappen (Red Bull),39.92403,200.00019,Foggy,0.4
190,1,Norris (McLaren),39.44876,39.44876,Foggy,0.4
190,2,Norris (McLaren),38.69722,78.14598,Foggy,0.4
190,3,Norris (McLaren),40.41148,118.55747,Foggy,0.4
190,4,Norris (McLaren),39.4634,158.02087,Foggy,0.4
190,5,Norris (McLaren),38.79523,196.8161,Foggy,0.4
190,1,Leclerc (Ferrari),38.60575,38.60575,Foggy,0.4
190,2,Leclerc (Ferrari),39.18689,77.79264,Foggy,0.4
190,3,Leclerc (Ferrari),39.69612,117.48876,Foggy,0.4
190,4,Leclerc (Ferrari),38.62665,156.11542,Foggy,0.4
190,5,Leclerc (Ferrari),39.57527,195.69069,Foggy,0.4
191,1,Hamilton (Mercedes),39.66295,39.66295,Foggy,0.4
191,2,Hamilton (Mercedes),40.50117,80.16412,Foggy,0.4
191,3,Hamilton (Mercedes),40.20067,120.3648,Foggy,0.4
191,4,Hamilton (Mercedes),39.76531,160.1301,Foggy,0.4
191,5,Hamilton (Mercedes),40.67238,200.80249,Foggy,0.4
191,1,Verstappen (Red Bull),39.52999,39.52999,Foggy,0.4
191,2,Verstappen (Red Bull),40.20449,79.73448,Foggy,0.4
191,3,Verstappen (Red Bull),39.9141,119.64858,Foggy,0.4
191,4,Verstappen (Red Bull),39.73257,159.38115,Foggy,0.4
191,5,Verstappen (Red Bull),40.18052,199.56166,Foggy,0.4
191,1,Norris (McLaren),39.39985,39.39985,Foggy,0.4
191,2,Norris (McLaren),39.23052,78.63037,Foggy,0.4
191,3,Norris (McLaren),40.19947,118.82984,Foggy,0.4
191,4,Norris (McLaren),40.73795,159.56779,Foggy,0.4
191,5,Norris (McLaren),40.15662,199.72441,Foggy,0.4
191,1,Leclerc (Ferrari),39.54481,39.54481,Foggy,0.4
191,2,Leclerc (Ferrari),39.64996,79.19478,Foggy,0.4
191,3,Leclerc (Ferrari),39.87905,119.07383,Foggy,0.4
191,4,Leclerc (Ferrari),39.84421,158.91803,Foggy,0.4
191,5,Leclerc (Ferrari),40.58275,199.50078,Foggy,0.4
192,1,Hamilton (Mercedes),40.78596,40.78596,Foggy,0.4
192,2,Hamilton (Mercedes),40.79264,81.5786,Foggy,0.4
192,3,Hamilton (Mercedes),39.82235,121.40095,Foggy,0.4
192,4,Hamilton (Mercedes),40.04865,161.4496,Foggy,0.4
192,5,Hamilton (Mercedes),40.9349,202.3845,Foggy,0.4
192,1,Verstappen (Red Bull),39.55798,39.55798,Foggy,0.4
192,2,Verstappen (Red Bull),39.30289,78.86088,Foggy,0.4
192,3,Verstappen (Red Bull),39.72622,118.5871,Foggy,0.4
192,4,Verstappen (Red Bull),39.95857,158.54567,Foggy,0.4
192,5,Verstappen (Red Bull),39.63932,198.185,Foggy,0.4
192,1,Norris (McLaren),38.42953,38.42953,Foggy,0.4
192,2,Norris (McLaren),39.79941,78.22893,Foggy,0.4
192,3,Norris (McLaren),39.81869,118.04762,Foggy,0.4
192,4,Norris (McLaren),40.82796,158.87558,Foggy,0.4
192,5,Norris (McLaren),38.72637,197.60195,Foggy,0.4
192,1,Leclerc (Ferrari),39.48273,39.48273,Foggy,0.4
192,2,Leclerc (Ferrari),38.88707,78.3698,Foggy,0.4
192,3,Leclerc (Ferrari),39.8943,118.2641,Foggy,0.4
192,4,Leclerc (Ferrari),39.24552,157.50962,Foggy,0.4
192,5,Leclerc (Ferrari),39.23845,196.74807,Foggy,0.4
193,1,Hamilton (Mercedes),40.29289,40.29289,Foggy,0.4
193,2,Hamilton (Mercedes),41.40636,81.69925,Foggy,0.4
193,3,Hamilton (Mercedes),40.02111,121.72036,Foggy,0.4
193,4,Hamilton (Mercedes),40.6816,162.40196,Foggy,0.4
193,5,Hamilton (Mercedes),40.48636,202.88832,Foggy,0.4
193,1,Verstappen (Red Bull),39.91299,39.91299,Foggy,0.4
193,2,Verstappen (Red Bull),40.38901,80.302,Foggy,0.4
193,3,Verstappen (Red Bull),39.70464,120.00664,Foggy,0.4
193,4,Verstappen (Red Bull),40.27755,160.28419,Foggy,0.4
193,5,Verstappen (Red Bull),39.34188,199.62608,Foggy,0.4
193,1,Norris (McLaren),40.13758,40.13758,Foggy,0.4
193,2,Norris (McLaren),40.713,80.85058,Foggy,0.4
193,3,Norris (McLaren),39.88185,120.73243,Foggy,0.4
193,4,Norris (McLaren),39.31191,160.04433,Foggy,0.4
193,5,Norris (McLaren),39.61691,199.66125,Foggy,0.4
193,1,Leclerc (Ferrari),39.65906,39.65906,Foggy,0.4
193,2,Leclerc (Ferrari),40.31175,79.97082,Foggy,0.4
193,3,Leclerc (Ferrari),38.76124,118.73206,Foggy,0.4
193,4,Leclerc (Ferrari),39.93783,158.66989,Foggy,0.4
193,5,Leclerc (Ferrari),38.6047,197.27459,Foggy,0.4
194,1,Hamilton (Mercedes),39.80753,39.80753,Foggy,0.4
194,2,Hamilton (Mercedes),39.95056,79.75808,Foggy,0.4
194,3,Hamilton (Mercedes),39.50142,119.2595,Foggy,0.4
194,4,Hamilton (Mercedes),40.11707,159.37657,Foggy,0.4
194,5,Hamilton (Mercedes),39.06258,198.43915,Foggy,0.4
194,1,Verstappen (Red Bull),39.14757,39.14757,Foggy,0.4
194,2,Verstappen (Red Bull),39.22724,78.37481,Foggy,0.4
194,3,Verstappen (Red Bull),38.97382,117.34862,Foggy,0.4
194,4,Verstappen (Red Bull),38.4223,155.77092,Foggy,0.4
194,5,Verstappen (Red Bull),39.98579,195.7567,Foggy,0.4
194,1,Norris (McLaren),39.37742,39.37742,Foggy,0.4
194,2,Norris (McLaren),38.41635,77.79377,Foggy,0.4
194,3,Norris (McLaren),39.25483,117.0486,Foggy,0.4
194,4,Norris (McLaren),39.13476,156.18336,Foggy,0.4
194,5,Norris (McLaren),38.62161,194.80497,Foggy,0.4
194,1,Leclerc (Ferrari),39.41373,39.41373,Foggy,0.4
194,2,Leclerc (Ferrari),39.27262,78.68635,Foggy,0.4
194,3,Leclerc (Ferrari),39.68545,118.3718,Foggy,0.4
194,4,Leclerc (Ferrari),39.07242,157.44422,Foggy,0.4
194,5,Leclerc (Ferrari),38.93844,196.38266,Foggy,0.4
195,1,Hamilton (Mercedes),40.98989,40.98989,Foggy,0.4
195,2,Hamilton (Mercedes),40.71972,81.7096,Foggy,0.4
195,3,Hamilton (Mercedes),40.63467,122.34427,Foggy,0.4
195,4,Hamilton (Mercedes),40.12032,162.46459,Foggy,0.4
195,5,Hamilton (Mercedes),39.59572,202.06031,Foggy,0.4
195,1,Verstappen (Red Bull),39.16973,39.16973,Foggy,0.4
195,2,Verstappen (Red Bull),38.92599,78.09571,Foggy,0.4
195,3,Verstappen (Red Bull),39.9142,118.00992,Foggy,0.4
195,4,Verstappen (Red Bull),39.71065,157.72057,Foggy,0.4
195,5,Verstappen (Red Bull),38.43748,196.15805,Foggy,0.4
195,1,Norris (McLaren),40.3408,40.3408,Foggy,0.4
195,2,Norris (McLaren),38.66844,79.00924,Foggy,0.4
195,3,Norris (McLaren),39.67529,118.68453,Foggy,0.4
195,4,Norris (McLaren),39.4245,158.10903,Foggy,0.4
195,5,Norris (McLaren),40.17469,198.28372,Foggy,0.4
195,1,Leclerc (Ferrari),39.9027,39.9027,Foggy,0.4
195,2,Leclerc (Ferrari),40.39563,80.29833,Foggy,0.4
195,3,Leclerc (Ferrari),39.51639,119.81472,Foggy,0.4
195,4,Leclerc (Ferrari),39.27804,159.09276,Foggy,0.4
195,5,Leclerc (Ferrari),39.13319,198.22595,Foggy,0.4
196,1,Hamilton (Mercedes),40.28787,40.28787,Foggy,0.4
196,2,Hamilton (Mercedes),40.07278,80.36065,Foggy,0.4
196,3,Hamilton (Mercedes),39.07982,119.44047,Foggy,0.4
196,4,Hamilton (Mercedes),40.40683,159.8473,Foggy,0.4
196,5,Hamilton (Mercedes),40.20775,200.05505,Foggy,0.4
196,1,Verstappen (Red Bull),40.0065,40.0065,Foggy,0.4
196,2,Verstappen (Red Bull),40.34536,80.35186,Foggy,0.4
196,3,Verstappen (Red Bull),39.94234,120.2942,Foggy,0.4
196,4,Verstappen (Red Bull),39.47579,159.76998,Foggy,0.4
196,5,Verstappen (Red Bull),39.94489,199.71487,Foggy,0.4
196,1,Norris (McLaren),40.49364,40.49364,Foggy,0.4
196,2,Norris (McLaren),38.67986,79.1735,Foggy,0.4
196,3,Norris (McLaren),39.16744,118.34094,Foggy,0.4
196,4,Norris (McLaren),40.34039,158.68133,Foggy,0.4
196,5,Norris (McLaren),40.59646,199.27778,Foggy,0.4
196,1,Leclerc (Ferrari),38.92399,38.92399,Foggy,0.4
196,2,Leclerc (Ferrari),39.47898,78.40297,Foggy,0.4
196,3,Leclerc (Ferrari),40.37426,118.77723,Foggy,0.4
196,4,Leclerc (Ferrari),38.85664,157.63387,Foggy,0.4
196,5,Leclerc (Ferrari),38.13839,195.77225,Foggy,0.4
197,1,Hamilton (Mercedes),39.18725,39.18725,Foggy,0.4
197,2,Hamilton (Mercedes),40.2681,79.45535,Foggy,0.4
197,3,Hamilton (Mercedes),39.83828,119.29362,Foggy,0.4
197,4,Hamilton (Mercedes),40.01489,159.30851,Foggy,0.4
197,5,Hamilton (Mercedes),39.60712,198.91564,Foggy,0.4
197,1,Verstappen (Red Bull),40.39824,40.39824,Foggy,0.4
197,2,Verstappen (Red Bull),40.04649,80.44473,Foggy,0.4
197,3,Verstappen (Red Bull),39.28519,119.72992,Foggy,0.4
197,4,Verstappen (Red Bull),39.61369,159.34361,Foggy,0.4
197,5,Verstappen (Red Bull),40.61472,199.95833,Foggy,0.4
197,1,Norris (McLaren),39.72443,39.72443,Foggy,0.4
197,2,Norris (McLaren),39.94944,79.67388,Foggy,0.4
197,3,Norris (McLaren),38.66083,118.33471,Foggy,0.4
197,4,Norris (McLaren),39.61343,157.94814,Foggy,0.4
197,5,Norris (McLaren),40.13667,198.0848,Foggy,0.4
197,1,Leclerc (Ferrari),39.50581,39.50581,Foggy,0.4
197,2,Leclerc (Ferrari),39.4442,78.95,Foggy,0.4
197,3,Leclerc (Ferrari),39.44906,118.39906,Foggy,0.4
197,4,Leclerc (Ferrari),40.14829,158.54735,Foggy,0.4
197,5,Leclerc (Ferrari),39.4852,198.03255,Foggy,0.4
198,1,Hamilton (Mercedes),40.81103,40.81103,Foggy,0.4
198,2,Hamilton (Mercedes),40.04082,80.85185,Foggy,0.4
198,3,Hamilton (Mercedes),40.73042,121.58226,Foggy,0.4
198,4,Hamilton (Mercedes),38.80765,160.38991,Foggy,0.4
198,5,Hamilton (Mercedes),40.39335,200.78326,Foggy,0.4
198,1,Verstappen (Red Bull),38.96477,38.96477,Foggy,0.4
198,2,Verstappen (Red Bull),39.99232,78.95708,Foggy,0.4
198,3,Verstappen (Red Bull),39.73003,118.68711,Foggy,0.4
198,4,Verstappen (Red Bull),39.31942,158.00653,Foggy,0.4
198,5,Verstappen (Red Bull),39.19369,197.20021,Foggy,0.4
198,1,Norris (McLaren),39.5481,39.5481,Foggy,0.4
198,2,Norris (McLaren),39.38334,78.93144,Foggy,0.4
198,3,Norris (McLaren),37.65272,116.58416,Foggy,0.4
198,4,Norris (McLaren),40.23119,156.81535,Foggy,0.4
198,5,Norris (McLaren),39.03702,195.85237,Foggy,0.4
198,1,Leclerc (Ferrari),40.68667,40.68667,Foggy,0.4
198,2,Leclerc (Ferrari),39.31158,79.99825,Foggy,0.4
198,3,Leclerc (Ferrari),39.92319,119.92144,Foggy,0.4
198,4,Leclerc (Ferrari),39.43869,159.36013,Foggy,0.4
198,5,Leclerc (Ferrari),39.79251,199.15264,Foggy,0.4
199,1,Hamilton (Mercedes),40.34224,40.34224,Foggy,0.4
199,2,Hamilton (Mercedes),40.20296,80.5452,Foggy,0.4
199,3,Hamilton (Mercedes),40.72239,121.26758,Foggy,0.4
199,4,Hamilton (Mercedes),40.25672,161.52431,Foggy,0.4
199,5,Hamilton (Mercedes),40.6803,202.2046,Foggy,0.4
199,1,Verstappen (Red Bull),38.96784,38.96784,Foggy,0.4
199,2,Verstappen (Red Bull),39.81538,78.78322,Foggy,0.4
199,3,Verstappen (Red Bull),39.95964,118.74286,Foggy,0.4
199,4,Verstappen (Red Bull),39.19235,157.93521,Foggy,0.4
199,5,Verstappen (Red Bull),39.08212,197.01733,Foggy,0.4
199,1,Norris (McLaren),39.38065,39.38065,Foggy,0.4
199,2,Norris (McLaren),39.5272,78.90785,Foggy,0.4
199,3,Norris (McLaren),38.67392,117.58177,Foggy,0.4
199,4,Norris (McLaren),38.80535,156.38712,Foggy,0.4
199,5,Norris (McLaren),40.23022,196.61734,Foggy,0.4
199,1,Leclerc (Ferrari),39.87183,39.87183,Foggy,0.4
199,2,Leclerc (Ferrari),39.58729,79.45912,Foggy,0.4
199,3,Leclerc (Ferrari),40.00643,119.46555,Foggy,0.4
199,4,Leclerc (Ferrari),39.06275,158.5283,Foggy,0.4
199,5,Leclerc (Ferrari),39.61404,198.14234,Foggy,0.4
200,1,Hamilton (Mercedes),40.72581,40.72581,Foggy,0.4
200,2,Hamilton (Mercedes),39.66849,80.3943,Foggy,0.4
200,3,Hamilton (Mercedes),40.46882,120.86312,Foggy,0.4
200,4,Hamilton (Mercedes),40.19315,161.05626,Foggy,0.4
200,5,Hamilton (Mercedes),39.59879,200.65506,Foggy,0.4
200,1,Verstappen (Red Bull),39.92622,39.92622,Foggy,0.4
200,2,Verstappen (Red Bull),39.75166,79.67788,Foggy,0.4
200,3,Verstappen (Red Bull),40.78608,120.46395,Foggy,0.4
200,4,Verstappen (Red Bull),40.37763,160.84159,Foggy,0.4
200,5,Verstappen (Red Bull),38.98302,199.82461,Foggy,0.4
200,1,Norris (McLaren),39.92766,39.92766,Foggy,0.4
200,2,Norris (McLaren),40.28062,80.20828,Foggy,0.4
200,3,Norris (McLaren),40.04578,120.25407,Foggy,0.4
200,4,Norris (McLaren),40.37376,160.62783,Foggy,0.4
200,5,Norris (McLaren),40.03865,200.66648,Foggy,0.4
200,1,Leclerc (Ferrari),38.95736,38.95736,Foggy,0.4
200,2,Leclerc (Ferrari),38.96667,77.92403,Foggy,0.4
200,3,Leclerc (Ferrari),38.95684,116.88087,Foggy,0.4
200,4,Leclerc (Ferrari),39.29163,156.17251,Foggy,0.4
200,5,Leclerc (Ferrari),39.40845,195.58096,Foggy,0.4
