trial,lap,entrant,lap_time,cumulative_time,weather,wetness
1,1,Hamilton (Mercedes),43.78869,43.78869,Sunny,1.0
1,2,Hamilton (Mercedes),44.0608,87.84949,Sunny,1.0
1,3,Hamilton (Mercedes),42.63671,130.4862,Sunny,1.0
1,4,Hamilton (Mercedes),42.62054,173.10674,Sunny,1.0
1,5,Hamilton (Mercedes),43.92887,217.03561,Sunny,1.0
1,1,Verstappen (Red Bull),44.25581,44.25581,Sunny,1.0
1,2,Verstappen (Red Bull),41.78506,86.04087,Sunny,1.0
1,3,Verstappen (Red Bull),42.5009,128.54177,Sunny,1.0
1,4,Verstappen (Red Bull),43.04475,171.58652,Sunny,1.0
1,5,Verstappen (Red Bull),42.60959,214.19611,Sunny,1.0
1,1,Norris (McLaren),42.97912,42.97912,Sunny,1.0
1,2,Norris (McLaren),42.90597,85.88509,Sunny,1.0
1,3,Norris (McLaren),43.87171,129.7568,Sunny,1.0
1,4,Norris (McLaren),43.21228,172.96907,Sunny,1.0
1,5,Norris (McLaren),43.31765,216.28673,Sunny,1.0
2,1,Hamilton (Mercedes),42.91777,42.91777,Sunny,1.0
2,2,Hamilton (Mercedes),43.96497,86.88274,Sunny,1.0
2,3,Hamilton (Mercedes),44.56421,131.44694,Sunny,1.0
2,4,Hamilton (Mercedes),43.94035,175.3873,Sunny,1.0
2,5,Hamilton (Mercedes),43.39927,218.78657,Sunny,1.0
2,1,Verstappen (Red Bull),42.1584,42.1584,Sunny,1.0
2,2,Verstappen (Red Bull),43.16178,85.32018,Sunny,1.0
2,3,Verstappen (Red Bull),43.14493,128.46511,Sunny,1.0
2,4,Verstappen (Red Bull),42.74212,171.20723,Sunny,1.0
2,5,Verstappen (Red Bull),41.5306,212.73783,Sunny,1.0
2,1,Norris (McLaren),42.59172,42.59172,Sunny,1.0
2,2,Norris (McLaren),42.34904,84.94076,Sunny,1.0
2,3,Norris (McLaren),42.50191,127.44266,Sunny,1.0
2,4,Norris (McLaren),43.31467,170.75733,Sunny,1.0
2,5,Norris (McLaren),42.38693,213.14426,Sunny,1.0
3,1,Hamilton (Mercedes),43.4252,43.4252,Sunny,1.0
3,2,Hamilton (Mercedes),44.29598,87.72117,Sunny,1.0
3,3,Hamilton (Mercedes),43.11897,130.84015,Sunny,1.0
3,4,Hamilton (Mercedes),43.51603,174.35618,Sunny,1.0
3,5,Hamilton (Mercedes),43.9123,218.26848,Sunny,1.0
3,1,Verstappen (Red Bull),42.49,42.49,Sunny,1.0
3,2,Verstappen (Red Bull),41.97295,84.46295,Sunny,1.0
3,3,Verstappen (Red Bull),43.00555,127.46849,Sunny,1.0
3,4,Verstappen (Red Bull),43.36462,170.83312,Sunny,1.0
3,5,Verstappen (Red Bull),41.83289,212.666,Sunny,1.0
3,1,Norris (McLaren),42.88624,42.88624,Sunny,1.0
3,2,Norris (McLaren),42.76428,85.65053,Sunny,1.0
3,3,Norris (McLaren),44.046,129.69653,Sunny,1.0
3,4,Norris (McLaren),41.96515,171.66167,Sunny,1.0
3,5,Norris (McLaren),42.93233,214.59401,Sunny,1.0
4,1,Hamilton (Mercedes),42.71056,42.71056,Sunny,1.0
4,2,Hamilton (Mercedes),42.98,85.69056,Sunny,1.0
4,3,Hamilton (Mercedes),43.54932,129.23988,Sunny,1.0
4,4,Hamilton (Mercedes),43.34015,172.58003,Sunny,1.0
4,5,Hamilton (Mercedes),43.45248,216.03251,Sunny,1.0
4,1,Verstappen (Red Bull),42.41326,42.41326,Sunny,1.0
4,2,Verstappen (Red Bull),41.92154,84.3348,Sunny,1.0
4,3,Verstappen (Red Bull),43.38361,127.7184,Sunny,1.0
4,4,Verstappen (Red Bull),43.70841,171.42682,Sunny,1.0
4,5,Verstappen (Red Bull),42.83187,214.25869,Sunny,1.0
4,1,Norris (McLaren),42.85477,42.85477,Sunny,1.0
4,2,Norris (McLaren),44.05901,86.91378,Sunny,1.0
4,3,Norris (McLaren),43.47538,130.38917,Sunny,1.0
4,4,Norris (McLaren),43.30114,173.69031,Sunny,1.0
4,5,Norris (McLaren),43.76422,217.45453,Sunny,1.0
5,1,Hamilton (Mercedes),43.03999,43.03999,Sunny,1.0
5,2,Hamilton (Mercedes),43.06641,86.10641,Sunny,1.0
5,3,Hamilton (Mercedes),43.59711,129.70351,Sunny,1.0
5,4,Hamilton (Mercedes),42.90829,172.61181,Sunny,1.0
5,5,Hamilton (Mercedes),43.55984,216.17165,Sunny,1.0
5,1,Verstappen (Red Bull),42.98486,42.98486,Sunny,1.0
5,2,Verstappen (Red Bull),43.18281,86.16767,Sunny,1.0
5,3,Verstappen (Red Bull),43.14739,129.31506,Sunny,1.0
5,4,Verstappen (Red Bull),42.03317,171.34823,Sunny,1.0
5,5,Verstappen (Red Bull),42.76833,214.11656,Sunny,1.0
5,1,Norris (McLaren),43.36009,43.36009,Sunny,1.0
5,2,Norris (McLaren),43.84355,87.20364,Sunny,1.0
5,3,Norris (McLaren),43.82354,131.02718,Sunny,1.0
5,4,Norris (McLaren),42.91969,173.94687,Sunny,1.0
5,5,Norris (McLaren),42.97116,216.91803,Sunny,1.0
6,1,Hamilton (Mercedes),42.87865,42.87865,Sunny,1.0
6,2,Hamilton (Mercedes),43.27502,86.15366,Sunny,1.0
6,3,Hamilton (Mercedes),43.08833,129.24199,Sunny,1.0
6,4,Hamilton (Mercedes),42.80348,172.04547,Sunny,1.0
6,5,Hamilton (Mercedes),43.36993,215.4154,Sunny,1.0
6,1,Verstappen (Red Bull),43.43566,43.43566,Sunny,1.0
6,2,Verstappen (Red Bull),43.75228,87.18794,Sunny,1.0
6,3,Verstappen (Red Bull),43.02897,130.21691,Sunny,1.0
6,4,Verstappen (Red Bull),42.78493,173.00184,Sunny,1.0
6,5,Verstappen (Red Bull),43.04314,216.04499,Sunny,1.0
6,1,Norris (McLaren),43.67659,43.67659,Sunny,1.0
6,2,Norris (McLaren),43.49858,87.17517,Sunny,1.0
6,3,Norris (McLaren),43.3972,130.57237,Sunny,1.0
6,4,Norris (McLaren),42.96777,173.54014,Sunny,1.0
6,5,Norris (McLaren),42.91685,216.45699,Sunny,1.0
7,1,Hamilton (Mercedes),44.78393,44.78393,Sunny,1.0
7,2,Hamilton (Mercedes),44.12973,88.91366,Sunny,1.0
7,3,Hamilton (Mercedes),43.05711,131.97076,Sunny,1.0
7,4,Hamilton (Mercedes),43.98837,175.95914,Sunny,1.0
7,5,Hamilton (Mercedes),43.11742,219.07656,Sunny,1.0
7,1,Verstappen (Red Bull),42.9911,42.9911,Sunny,1.0
7,2,Verstappen (Red Bull),42.5585,85.5496,Sunny,1.0
7,3,Verstappen (Red Bull),43.01216,128.56175,Sunny,1.0
7,4,Verstappen (Red Bull),42.53792,171.09967,Sunny,1.0
7,5,Verstappen (Red Bull),42.70561,213.80528,Sunny,1.0
7,1,Norris (McLaren),43.47316,43.47316,Sunny,1.0
7,2,Norris (McLaren),43.55721,87.03037,Sunny,1.0
7,3,Norris (McLaren),41.84492,128.87529,Sunny,1.0
7,4,Norris (McLaren),44.00851,172.8838,Sunny,1.0
7,5,Norris (McLaren),41.62253,214.50633,Sunny,1.0
8,1,Hamilton (Mercedes),42.73373,42.73373,Sunny,1.0
8,2,Hamilton (Mercedes),43.26467,85.9984,Sunny,1.0
8,3,Hamilton (Mercedes),43.84552,129.84392,Sunny,1.0
8,4,Hamilton (Mercedes),43.51738,173.3613,Sunny,1.0
8,5,Hamilton (Mercedes),43.26488,216.62617,Sunny,1.0
8,1,Verstappen (Red Bull),43.46141,43.46141,Sunny,1.0
8,2,Verstappen (Red Bull),42.90185,86.36327,Sunny,1.0
8,3,Verstappen (Red Bull),42.84931,129.21258,Sunny,1.0
8,4,Verstappen (Red Bull),43.34656,172.55914,Sunny,1.0
8,5,Verstappen (Red Bull),42.47056,215.0297,Sunny,1.0
8,1,Norris (McLaren),44.69704,44.69704,Sunny,1.0
8,2,Norris (McLaren),44.05873,88.75576,Sunny,1.0
8,3,Norris (McLaren),43.14521,131.90097,Sunny,1.0
8,4,Norris (McLaren),43.1988,175.09977,Sunny,1.0
8,5,Norris (McLaren),43.2828,218.38257,Sunny,1.0
9,1,Hamilton (Mercedes),43.99746,43.99746,Sunny,1.0
9,2,Hamilton (Mercedes),43.81965,87.81711,Sunny,1.0
9,3,Hamilton (Mercedes),43.13358,130.95069,Sunny,1.0
9,4,Hamilton (Mercedes),43.0151,173.96578,Sunny,1.0
9,5,Hamilton (Mercedes),44.2034,218.16918,Sunny,1.0
9,1,Verstappen (Red Bull),42.08767,42.08767,Sunny,1.0
9,2,Verstappen (Red Bull),42.40881,84.49648,Sunny,1.0
9,3,Verstappen (Red Bull),43.57324,128.06972,Sunny,1.0
9,4,Verstappen (Red Bull),42.06614,170.13586,Sunny,1.0
9,5,Verstappen (Red Bull),43.21589,213.35175,Sunny,1.0
9,1,Norris (McLaren),43.93757,43.93757,Sunny,1.0
9,2,Norris (McLaren),44.89857,88.83614,Sunny,1.0
9,3,Norris (McLaren),44.12374,132.95988,Sunny,1.0
9,4,Norris (McLaren),43.32321,176.28309,Sunny,1.0
9,5,Norris (McLaren),42.4529,218.73599,Sunny,1.0
10,1,Hamilton (Mercedes),44.37219,44.37219,Sunny,1.0
10,2,Hamilton (Mercedes),44.30127,88.67346,Sunny,1.0
10,3,Hamilton (Mercedes),44.48773,133.1612,Sunny,1.0
10,4,Hamilton (Mercedes),44.47572,177.63691,Sunny,1.0
10,5,Hamilton (Mercedes),43.62023,221.25714,Sunny,1.0
10,1,Verstappen (Red Bull),42.71803,42.71803,Sunny,1.0
10,2,Verstappen (Red Bull),42.27557,84.99361,Sunny,1.0
10,3,Verstappen (Red Bull),43.15765,128.15126,Sunny,1.0
10,4,Verstappen (Red Bull),43.39355,171.5448,Sunny,1.0
10,5,Verstappen (Red Bull),42.54586,214.09067,Sunny,1.0
10,1,Norris (McLaren),43.34308,43.34308,Sunny,1.0
10,2,Norris (McLaren),43.88351,87.22659,Sunny,1.0
10,3,Norris (McLaren),44.29908,131.52567,Sunny,1.0
10,4,Norris (McLaren),42.67226,174.19792,Sunny,1.0
10,5,Norris (McLaren),43.02187,217.21979,Sunny,1.0
11,1,Hamilton (Mercedes),43.06766,43.06766,Sunny,1.0
11,2,Hamilton (Mercedes),43.06483,86.13248,Sunny,1.0
11,3,Hamilton (Mercedes),44.0686,130.20108,Sunny,1.0
11,4,Hamilton (Mercedes),44.13834,174.33943,Sunny,1.0
11,5,Hamilton (Mercedes),43.37833,217.71775,Sunny,1.0
11,1,Verstappen (Red Bull),42.77226,42.77226,Sunny,1.0
11,2,Verstappen (Red Bull),42.56089,85.33315,Sunny,1.0
11,3,Verstappen (Red Bull),43.96072,129.29387,Sunny,1.0
11,4,Verstappen (Red Bull),42.56153,171.85539,Sunny,1.0
11,5,Verstappen (Red Bull),42.7205,214.57589,Sunny,1.0
11,1,Norris (McLaren),42.5957,42.5957,Sunny,1.0
11,2,Norris (McLaren),43.65631,86.25201,Sunny,1.0
11,3,Norris (McLaren),42.83706,129.08908,Sunny,1.0
11,4,Norris (McLaren),41.88043,170.96951,Sunny,1.0
11,5,Norris (McLaren),43.36778,214.33729,Sunny,1.0
12,1,Hamilton (Mercedes),43.68905,43.68905,Sunny,1.0
12,2,Hamilton (Mercedes),43.5021,87.19114,Sunny,1.0
12,3,Hamilton (Mercedes),43.64123,130.83237,Sunny,1.0
12,4,Hamilton (Mercedes),43.74617,174.57854,Sunny,1.0
12,5,Hamilton (Mercedes),43.81193,218.39047,Sunny,1.0
12,1,Verstappen (Red Bull),43.56971,43.56971,Sunny,1.0
12,2,Verstappen (Red Bull),43.31952,86.88923,Sunny,1.0
12,3,Verstappen (Red Bull),43.50161,130.39085,Sunny,1.0
12,4,Verstappen (Red Bull),43.31417,173.70502,Sunny,1.0
12,5,Verstappen (Red Bull),43.20736,216.91238,Sunny,1.0
12,1,Norris (McLaren),43.10882,43.10882,Sunny,1.0
12,2,Norris (McLaren),43.23894,86.34776,Sunny,1.0
12,3,Norris (McLaren),42.28618,128.63394,Sunny,1.0
12,4,Norris (McLaren),43.98976,172.62369,Sunny,1.0
12,5,Norris (McLaren),44.65078,217.27448,Sunny,1.0
13,1,Hamilton (Mercedes),43.55889,43.55889,Sunny,1.0
13,2,Hamilton (Mercedes),43.08108,86.63997,Sunny,1.0
13,3,Hamilton (Mercedes),43.79452,130.4345,Sunny,1.0
13,4,Hamilton (Mercedes),43.44048,173.87498,Sunny,1.0
13,5,Hamilton (Mercedes),44.11968,217.99466,Sunny,1.0
13,1,Verstappen (Red Bull),41.98491,41.98491,Sunny,1.0
13,2,Verstappen (Red Bull),43.82952,85.81443,Sunny,1.0
13,3,Verstappen (Red Bull),43.73088,129.54531,Sunny,1.0
13,4,Verstappen (Red Bull),43.17005,172.71537,Sunny,1.0
13,5,Verstappen (Red Bull),41.70418,214.41955,Sunny,1.0
13,1,Norris (McLaren),42.96827,42.96827,Sunny,1.0
13,2,Norris (McLaren),44.28275,87.25102,Sunny,1.0
13,3,Norris (McLaren),43.30505,130.55607,Sunny,1.0
13,4,Norris (McLaren),42.56802,173.12409,Sunny,1.0
13,5,Norris (McLaren),43.30053,216.42463,Sunny,1.0
14,1,Hamilton (Mercedes),43.62234,43.62234,Sunny,1.0
14,2,Hamilton (Mercedes),42.92802,86.55036,Sunny,1.0
14,3,Hamilton (Mercedes),43.57453,130.1249,Sunny,1.0
14,4,Hamilton (Mercedes),44.13742,174.26231,Sunny,1.0
14,5,Hamilton (Mercedes),44.13743,218.39974,Sunny,1.0
14,1,Verstappen (Red Bull),43.50847,43.50847,Sunny,1.0
14,2,Verstappen (Red Bull),43.11233,86.6208,Sunny,1.0
14,3,Verstappen (Red Bull),42.53461,129.15541,Sunny,1.0
14,4,Verstappen (Red Bull),42.88358,172.03899,Sunny,1.0
14,5,Verstappen (Red Bull),44.05563,216.09462,Sunny,1.0
14,1,Norris (McLaren),43.62124,43.62124,Sunny,1.0
14,2,Norris (McLaren),43.73302,87.35426,Sunny,1.0
14,3,Norris (McLaren),42.46159,129.81585,Sunny,1.0
14,4,Norris (McLaren),44.00624,173.82209,Sunny,1.0
14,5,Norris (McLaren),43.34068,217.16278,Sunny,1.0
15,1,Hamilton (Mercedes),44.4924,44.4924,Sunny,1.0
15,2,Hamilton (Mercedes),43.3918,87.8842,Sunny,1.0
15,3,Hamilton (Mercedes),43.5452,131.4294,Sunny,1.0
15,4,Hamilton (Mercedes),43.46153,174.89093,Sunny,1.0
15,5,Hamilton (Mercedes),43.25896,218.14989,Sunny,1.0
15,1,Verstappen (Red Bull),42.71749,42.71749,Sunny,1.0
15,2,Verstappen (Red Bull),42.9907,85.7082,Sunny,1.0
15,3,Verstappen (Red Bull),42.9016,128.6098,Sunny,1.0
15,4,Verstappen (Red Bull),43.10352,171.71332,Sunny,1.0
15,5,Verstappen (Red Bull),44.0358,215.74912,Sunny,1.0
15,1,Norris (McLaren),43.6076,43.6076,Sunny,1.0
15,2,Norris (McLaren),43.58254,87.19013,Sunny,1.0
15,3,Norris (McLaren),42.6992,129.88933,Sunny,1.0
15,4,Norris (McLaren),44.50908,174.39841,Sunny,1.0
15,5,Norris (McLaren),42.66116,217.05957,Sunny,1.0
16,1,Hamilton (Mercedes),42.42434,42.42434,Sunny,1.0
16,2,Hamilton (Mercedes),43.68465,86.10899,Sunny,1.0
16,3,Hamilton (Mercedes),43.81774,129.92674,Sunny,1.0
16,4,Hamilton (Mercedes),43.09756,173.0243,Sunny,1.0
16,5,Hamilton (Mercedes),44.36345,217.38775,Sunny,1.0
16,1,Verstappen (Red Bull),41.95637,41.95637,Sunny,1.0
16,2,Verstappen (Red Bull),42.02445,83.98082,Sunny,1.0
16,3,Verstappen (Red Bull),42.85548,126.8363,Sunny,1.0
16,4,Verstappen (Red Bull),42.68514,169.52144,Sunny,1.0
16,5,Verstappen (Red Bull),42.75945,212.28088,Sunny,1.0
16,1,Norris (McLaren),43.61027,43.61027,Sunny,1.0
16,2,Norris (McLaren),43.0758,86.68606,Sunny,1.0
16,3,Norris (McLaren),44.19224,130.8783,Sunny,1.0
16,4,Norris (McLaren),42.11292,172.99122,Sunny,1.0
16,5,Norris (McLaren),43.58535,216.57657,Sunny,1.0
17,1,Hamilton (Mercedes),44.76899,44.76899,Sunny,1.0
17,2,Hamilton (Mercedes),43.71972,88.48872,Sunny,1.0
17,3,Hamilton (Mercedes),44.06481,132.55353,Sunny,1.0
17,4,Hamilton (Mercedes),44.35451,176.90803,Sunny,1.0
17,5,Hamilton (Mercedes),43.69044,220.59848,Sunny,1.0
17,1,Verstappen (Red Bull),42.77334,42.77334,Sunny,1.0
17,2,Verstappen (Red Bull),41.45236,84.22569,Sunny,1.0
17,3,Verstappen (Red Bull),42.51156,126.73726,Sunny,1.0
17,4,Verstappen (Red Bull),43.55934,170.2966,Sunny,1.0
17,5,Verstappen (Red Bull),42.93851,213.23511,Sunny,1.0
17,1,Norris (McLaren),42.59194,42.59194,Sunny,1.0
17,2,Norris (McLaren),43.49036,86.0823,Sunny,1.0
17,3,Norris (McLaren),43.33522,129.41752,Sunny,1.0
17,4,Norris (McLaren),43.59208,173.0096,Sunny,1.0
17,5,Norris (McLaren),43.14021,216.14981,Sunny,1.0
18,1,Hamilton (Mercedes),43.97589,43.97589,Sunny,1.0
18,2,Hamilton (Mercedes),43.28803,87.26393,Sunny,1.0
18,3,Hamilton (Mercedes),44.71311,131.97704,Sunny,1.0
18,4,Hamilton (Mercedes),43.99698,175.97402,Sunny,1.0
18,5,Hamilton (Mercedes),43.4717,219.44572,Sunny,1.0
18,1,Verstappen (Red Bull),43.33909,43.33909,Sunny,1.0
18,2,Verstappen (Red Bull),42.98378,86.32288,Sunny,1.0
18,3,Verstappen (Red Bull),43.12318,129.44605,Sunny,1.0
18,4,Verstappen (Red Bull),42.63752,172.08357,Sunny,1.0
18,5,Verstappen (Red Bull),42.77976,214.86333,Sunny,1.0
18,1,Norris (McLaren),42.93188,42.93188,Sunny,1.0
18,2,Norris (McLaren),42.93868,85.87057,Sunny,1.0
18,3,Norris (McLaren),43.52047,129.39104,Sunny,1.0
18,4,Norris (McLaren),42.7001,172.09114,Sunny,1.0
18,5,Norris (McLaren),42.74996,214.84109,Sunny,1.0
19,1,Hamilton (Mercedes),43.69915,43.69915,Sunny,1.0
19,2,Hamilton (Mercedes),42.96242,86.66156,Sunny,1.0
19,3,Hamilton (Mercedes),43.51069,130.17225,Sunny,1.0
19,4,Hamilton (Mercedes),43.66604,173.8383,Sunny,1.0
19,5,Hamilton (Mercedes),43.68249,217.52079,Sunny,1.0
19,1,Verstappen (Red Bull),42.77544,42.77544,Sunny,1.0
19,2,Verstappen (Red Bull),41.2587,84.03414,Sunny,1.0
19,3,Verstappen (Red Bull),42.91985,126.95399,Sunny,1.0
19,4,Verstappen (Red Bull),43.03997,169.99396,Sunny,1.0
19,5,Verstappen (Red Bull),42.40467,212.39864,Sunny,1.0
19,1,Norris (McLaren),43.66464,43.66464,Sunny,1.0
19,2,Norris (McLaren),42.96314,86.62778,Sunny,1.0
19,3,Norris (McLaren),42.41024,129.03802,Sunny,1.0
19,4,Norris (McLaren),42.7506,171.78862,Sunny,1.0
19,5,Norris (McLaren),43.08591,214.87453,Sunny,1.0
20,1,Hamilton (Mercedes),43.16782,43.16782,Sunny,1.0
20,2,Hamilton (Mercedes),43.22277,86.39059,Sunny,1.0
20,3,Hamilton (Mercedes),43.88711,130.2777,Sunny,1.0
20,4,Hamilton (Mercedes),44.36748,174.64518,Sunny,1.0
20,5,Hamilton (Mercedes),43.17413,217.81931,Sunny,1.0
20,1,Verstappen (Red Bull),42.39583,42.39583,Sunny,1.0
20,2,Verstappen (Red Bull),43.71766,86.11348,Sunny,1.0
20,3,Verstappen (Red Bull),42.59955,128.71303,Sunny,1.0
20,4,Verstappen (Red Bull),42.62657,171.3396,Sunny,1.0
20,5,Verstappen (Red Bull),42.65678,213.99638,Sunny,1.0
20,1,Norris (McLaren),43.18977,43.18977,Sunny,1.0
20,2,Norris (McLaren),43.25355,86.44332,Sunny,1.0
20,3,Norris (McLaren),43.45302,129.89634,Sunny,1.0
20,4,Norris (McLaren),44.01195,173.90829,Sunny,1.0
20,5,Norris (McLaren),43.64603,217.55432,Sunny,1.0
21,1,Hamilton (Mercedes),44.09161,44.09161,Sunny,1.0
21,2,Hamilton (Mercedes),42.71156,86.80317,Sunny,1.0
21,3,Hamilton (Mercedes),43.85319,130.65636,Sunny,1.0
21,4,Hamilton (Mercedes),44.87988,175.53624,Sunny,1.0
21,5,Hamilton (Mercedes),43.1845,218.72074,Sunny,1.0
21,1,Verstappen (Red Bull),43.64186,43.64186,Sunny,1.0
21,2,Verstappen (Red Bull),42.38724,86.0291,Sunny,1.0
21,3,Verstappen (Red Bull),42.55175,128.58085,Sunny,1.0
21,4,Verstappen (Red Bull),42.47442,171.05527,Sunny,1.0
21,5,Verstappen (Red Bull),41.82282,212.87809,Sunny,1.0
21,1,Norris (McLaren),42.91707,42.91707,Sunny,1.0
21,2,Norris (McLaren),42.4211,85.33817,Sunny,1.0
21,3,Norris (McLaren),43.91532,129.2535,Sunny,1.0
21,4,Norris (McLaren),42.32465,171.57815,Sunny,1.0
21,5,Norris (McLaren),41.85281,213.43097,Sunny,1.0
22,1,Hamilton (Mercedes),44.65932,44.65932,Sunny,1.0
22,2,Hamilton (Mercedes),43.4775,88.13681,Sunny,1.0
22,3,Hamilton (Mercedes),43.68939,131.82621,Sunny,1.0
22,4,Hamilton (Mercedes),44.85019,176.67639,Sunny,1.0
22,5,Hamilton (Mercedes),43.31239,219.98878,Sunny,1.0
22,1,Verstappen (Red Bull),42.00575,42.00575,Sunny,1.0
22,2,Verstappen (Red Bull),42.70471,84.71047,Sunny,1.0
22,3,Verstappen (Red Bull),42.82434,127.5348,Sunny,1.0
22,4,Verstappen (Red Bull),42.66982,170.20463,Sunny,1.0
22,5,Verstappen (Red Bull),43.12967,213.33429,Sunny,1.0
22,1,Norris (McLaren),42.26846,42.26846,Sunny,1.0
22,2,Norris (McLaren),43.94841,86.21687,Sunny,1.0
22,3,Norris (McLaren),43.01992,129.2368,Sunny,1.0
22,4,Norris (McLaren),42.98471,172.2215,Sunny,1.0
22,5,Norris (McLaren),44.33862,216.56013,Sunny,1.0
23,1,Hamilton (Mercedes),42.5748,42.5748,Sunny,1.0
23,2,Hamilton (Mercedes),43.2474,85.8222,Sunny,1.0
23,3,Hamilton (Mercedes),44.38703,130.20923,Sunny,1.0
23,4,Hamilton (Mercedes),43.81853,174.02776,Sunny,1.0
23,5,Hamilton (Mercedes),43.88926,217.91702,Sunny,1.0
23,1,Verstappen (Red Bull),42.71916,42.71916,Sunny,1.0
23,2,Verstappen (Red Bull),43.45175,86.17091,Sunny,1.0
23,3,Verstappen (Red Bull),43.25695,129.42786,Sunny,1.0
23,4,Verstappen (Red Bull),42.4609,171.88876,Sunny,1.0
23,5,Verstappen (Red Bull),42.26393,214.15269,Sunny,1.0
23,1,Norris (McLaren),42.57852,42.57852,Sunny,1.0
23,2,Norris (McLaren),43.0731,85.65161,Sunny,1.0
23,3,Norris (McLaren),42.68983,128.34144,Sunny,1.0
23,4,Norris (McLaren),41.21925,169.56069,Sunny,1.0
23,5,Norris (McLaren),42.50448,212.06516,Sunny,1.0
24,1,Hamilton (Mercedes),43.58125,43.58125,Sunny,1.0
24,2,Hamilton (Mercedes),43.93106,87.51231,Sunny,1.0
24,3,Hamilton (Mercedes),43.53746,131.04977,Sunny,1.0
24,4,Hamilton (Mercedes),42.65617,173.70594,Sunny,1.0
24,5,Hamilton (Mercedes),43.20932,216.91527,Sunny,1.0
24,1,Verstappen (Red Bull),43.14049,43.14049,Sunny,1.0
24,2,Verstappen (Red Bull),42.01607,85.15656,Sunny,1.0
24,3,Verstappen (Red Bull),42.65514,127.81169,Sunny,1.0
24,4,Verstappen (Red Bull),42.35662,170.16831,Sunny,1.0
24,5,Verstappen (Red Bull),42.93906,213.10737,Sunny,1.0
24,1,Norris (McLaren),43.17986,43.17986,Sunny,1.0
24,2,Norris (McLaren),42.52623,85.70609,Sunny,1.0
24,3,Norris (McLaren),43.53292,129.23901,Sunny,1.0
24,4,Norris (McLaren),43.07576,172.31477,Sunny,1.0
24,5,Norris (McLaren),42.63801,214.95279,Sunny,1.0
25,1,Hamilton (Mercedes),43.79063,43.79063,Sunny,1.0
25,2,Hamilton (Mercedes),44.15536,87.946,Sunny,1.0
25,3,Hamilton (Mercedes),43.17157,131.11756,Sunny,1.0
25,4,Hamilton (Mercedes),43.1066,174.22416,Sunny,1.0
25,5,Hamilton (Mercedes),44.03057,218.25473,Sunny,1.0
25,1,Verstappen (Red Bull),42.46347,42.46347,Sunny,1.0
25,2,Verstappen (Red Bull),43.13029,85.59376,Sunny,1.0
25,3,Verstappen (Red Bull),43.67349,129.26725,Sunny,1.0
25,4,Verstappen (Red Bull),42.81254,172.07979,Sunny,1.0
25,5,Verstappen (Red Bull),42.98861,215.0684,Sunny,1.0
25,1,Norris (McLaren),42.91948,42.91948,Sunny,1.0
25,2,Norris (McLaren),43.38044,86.29992,Sunny,1.0
25,3,Norris (McLaren),42.24389,128.54381,Sunny,1.0
25,4,Norris (McLaren),42.05618,170.59999,Sunny,1.0
25,5,Norris (McLaren),43.00287,213.60286,Sunny,1.0
26,1,Hamilton (Mercedes),42.2646,42.2646,Sunny,1.0
26,2,Hamilton (Mercedes),44.23643,86.50103,Sunny,1.0
26,3,Hamilton (Mercedes),44.39893,130.89996,Sunny,1.0
26,4,Hamilton (Mercedes),43.63621,174.53617,Sunny,1.0
26,5,Hamilton (Mercedes),43.20688,217.74305,Sunny,1.0
26,1,Verstappen (Red Bull),42.57089,42.57089,Sunny,1.0
26,2,Verstappen (Red Bull),42.96515,85.53605,Sunny,1.0
26,3,Verstappen (Red Bull),42.66203,128.19807,Sunny,1.0
26,4,Verstappen (Red Bull),43.53944,171.73751,Sunny,1.0
26,5,Verstappen (Red Bull),42.48682,214.22433,Sunny,1.0
26,1,Norris (McLaren),43.62427,43.62427,Sunny,1.0
26,2,Norris (McLaren),42.94007,86.56434,Sunny,1.0
26,3,Norris (McLaren),42.19323,128.75757,Sunny,1.0
26,4,Norris (McLaren),43.84905,172.60662,Sunny,1.0
26,5,Norris (McLaren),43.77885,216.38547,Sunny,1.0
27,1,Hamilton (Mercedes),43.62624,43.62624,Sunny,1.0
27,2,Hamilton (Mercedes),43.46755,87.09379,Sunny,1.0
27,3,Hamilton (Mercedes),43.60051,130.6943,Sunny,1.0
27,4,Hamilton (Mercedes),43.49377,174.18806,Sunny,1.0
27,5,Hamilton (Mercedes),43.12959,217.31766,Sunny,1.0
27,1,Verstappen (Red Bull),43.14662,43.14662,Sunny,1.0
27,2,Verstappen (Red Bull),43.12528,86.2719,Sunny,1.0
27,3,Verstappen (Red Bull),42.93637,129.20828,Sunny,1.0
27,4,Verstappen (Red Bull),42.69777,171.90605,Sunny,1.0
27,5,Verstappen (Red Bull),42.5246,214.43065,Sunny,1.0
27,1,Norris (McLaren),42.78451,42.78451,Sunny,1.0
27,2,Norris (McLaren),43.13934,85.92385,Sunny,1.0
27,3,Norris (McLaren),41.99656,127.92041,Sunny,1.0
27,4,Norris (McLaren),42.12857,170.04898,Sunny,1.0
27,5,Norris (McLaren),43.19878,213.24777,Sunny,1.0
28,1,Hamilton (Mercedes),43.09057,43.09057,Sunny,1.0
28,2,Hamilton (Mercedes),44.0827,87.17327,Sunny,1.0
28,3,Hamilton (Mercedes),43.47248,130.64575,Sunny,1.0
28,4,Hamilton (Mercedes),43.50298,174.14873,Sunny,1.0
28,5,Hamilton (Mercedes),44.15474,218.30346,Sunny,1.0
28,1,Verstappen (Red Bull),43.4558,43.4558,Sunny,1.0
28,2,Verstappen (Red Bull),42.85694,86.31274,Sunny,1.0
28,3,Verstappen (Red Bull),42.73211,129.04485,Sunny,1.0
28,4,Verstappen (Red Bull),43.58101,172.62586,Sunny,1.0
28,5,Verstappen (Red Bull),42.29491,214.92078,Sunny,1.0
28,1,Norris (McLaren),42.31935,42.31935,Sunny,1.0
28,2,Norris (McLaren),42.93146,85.25081,Sunny,1.0
28,3,Norris (McLaren),42.2018,127.45261,Sunny,1.0
28,4,Norris (McLaren),42.56533,170.01794,Sunny,1.0
28,5,Norris (McLaren),43.57333,213.59127,Sunny,1.0
29,1,Hamilton (Mercedes),44.22399,44.22399,Sunny,1.0
29,2,Hamilton (Mercedes),43.52991,87.7539,Sunny,1.0
29,3,Hamilton (Mercedes),43.63681,131.39071,Sunny,1.0
29,4,Hamilton (Mercedes),43.09833,174.48904,Sunny,1.0
29,5,Hamilton (Mercedes),44.13517,218.62421,Sunny,1.0
29,1,Verstappen (Red Bull),42.94793,42.94793,Sunny,1.0
29,2,Verstappen (Red Bull),42.35327,85.3012,Sunny,1.0
29,3,Verstappen (Red Bull),42.83174,128.13294,Sunny,1.0
29,4,Verstappen (Red Bull),42.991,171.12394,Sunny,1.0
29,5,Verstappen (Red Bull),43.22764,214.35158,Sunny,1.0
29,1,Norris (McLaren),44.20359,44.20359,Sunny,1.0
29,2,Norris (McLaren),43.51559,87.71918,Sunny,1.0
29,3,Norris (McLaren),41.95259,129.67177,Sunny,1.0
29,4,Norris (McLaren),42.97108,172.64286,Sunny,1.0
29,5,Norris (McLaren),43.93363,216.57649,Sunny,1.0
30,1,Hamilton (Mercedes),42.9255,42.9255,Sunny,1.0
30,2,Hamilton (Mercedes),43.92012,86.84562,Sunny,1.0
30,3,Hamilton (Mercedes),42.49003,129.33565,Sunny,1.0
30,4,Hamilton (Mercedes),44.45326,173.78891,Sunny,1.0
30,5,Hamilton (Mercedes),43.09169,216.8806,Sunny,1.0
30,1,Verstappen (Red Bull),43.31649,43.31649,Sunny,1.0
30,2,Verstappen (Red Bull),42.59589,85.91238,Sunny,1.0
30,3,Verstappen (Red Bull),44.08294,129.99532,Sunny,1.0
30,4,Verstappen (Red Bull),42.88276,172.87808,Sunny,1.0
30,5,Verstappen (Red Bull),43.32451,216.20259,Sunny,1.0
30,1,Norris (McLaren),41.96362,41.96362,Sunny,1.0
30,2,Norris (McLaren),43.16798,85.1316,Sunny,1.0
30,3,Norris (McLaren),42.29721,127.42881,Sunny,1.0
30,4,Norris (McLaren),41.6208,169.04961,Sunny,1.0
30,5,Norris (McLaren),43.00908,212.05869,Sunny,1.0
31,1,Hamilton (Mercedes),43.42568,43.42568,Sunny,1.0
31,2,Hamilton (Mercedes),44.35282,87.7785,Sunny,1.0
31,3,Hamilton (Mercedes),43.98772,131.76622,Sunny,1.0
31,4,Hamilton (Mercedes),43.43295,175.19917,Sunny,1.0
31,5,Hamilton (Mercedes),43.858,219.05717,Sunny,1.0
31,1,Verstappen (Red Bull),43.30782,43.30782,Sunny,1.0
31,2,Verstappen (Red Bull),42.2909,85.59871,Sunny,1.0
31,3,Verstappen (Red Bull),43.14463,128.74334,Sunny,1.0
31,4,Verstappen (Red Bull),42.95193,171.69527,Sunny,1.0
31,5,Verstappen (Red Bull),43.31975,215.01502,Sunny,1.0
31,1,Norris (McLaren),43.65368,43.65368,Sunny,1.0
31,2,Norris (McLaren),43.80024,87.45392,Sunny,1.0
31,3,Norris (McLaren),43.5882,131.04212,Sunny,1.0
31,4,Norris (McLaren),43.68217,174.72429,Sunny,1.0
31,5,Norris (McLaren),43.64054,218.36483,Sunny,1.0
32,1,Hamilton (Mercedes),44.27265,44.27265,Sunny,1.0
32,2,Hamilton (Mercedes),43.32065,87.59329,Sunny,1.0
32,3,Hamilton (Mercedes),43.33736,130.93066,Sunny,1.0
32,4,Hamilton (Mercedes),44.04073,174.97138,Sunny,1.0
32,5,Hamilton (Mercedes),43.60042,218.5718,Sunny,1.0
32,1,Verstappen (Red Bull),43.29928,43.29928,Sunny,1.0
32,2,Verstappen (Red Bull),42.64922,85.94851,Sunny,1.0
32,3,Verstappen (Red Bull),42.22117,128.16967,Sunny,1.0
32,4,Verstappen (Red Bull),42.62936,170.79903,Sunny,1.0
32,5,Verstappen (Red Bull),42.46341,213.26245,Sunny,1.0
32,1,Norris (McLaren),42.89499,42.89499,Sunny,1.0
32,2,Norris (McLaren),43.42973,86.32472,Sunny,1.0
32,3,Norris (McLaren),42.26711,128.59183,Sunny,1.0
32,4,Norris (McLaren),42.46214,171.05396,Sunny,1.0
32,5,Norris (McLaren),42.89715,213.95111,Sunny,1.0
33,1,Hamilton (Mercedes),43.48872,43.48872,Sunny,1.0
33,2,Hamilton (Mercedes),44.13909,87.62781,Sunny,1.0
33,3,Hamilton (Mercedes),43.52092,131.14874,Sunny,1.0
33,4,Hamilton (Mercedes),42.76377,173.91251,Sunny,1.0
33,5,Hamilton (Mercedes),44.46645,218.37896,Sunny,1.0
33,1,Verstappen (Red Bull),42.88013,42.88013,Sunny,1.0
33,2,Verstappen (Red Bull),43.40347,86.2836,Sunny,1.0
33,3,Verstappen (Red Bull),42.88338,129.16698,Sunny,1.0
33,4,Verstappen (Red Bull),42.58985,171.75682,Sunny,1.0
33,5,Verstappen (Red Bull),44.78352,216.54034,Sunny,1.0
33,1,Norris (McLaren),42.38582,42.38582,Sunny,1.0
33,2,Norris (McLaren),43.59179,85.97761,Sunny,1.0
33,3,Norris (McLaren),43.42733,129.40494,Sunny,1.0
33,4,Norris (McLaren),42.92935,172.33429,Sunny,1.0
33,5,Norris (McLaren),43.74834,216.08264,Sunny,1.0
34,1,Hamilton (Mercedes),44.01144,44.01144,Sunny,1.0
34,2,Hamilton (Mercedes),43.66125,87.67269,Sunny,1.0
34,3,Hamilton (Mercedes),43.78447,131.45716,Sunny,1.0
34,4,Hamilton (Mercedes),43.44348,174.90064,Sunny,1.0
34,5,Hamilton (Mercedes),42.94386,217.8445,Sunny,1.0
34,1,Verstappen (Red Bull),42.14789,42.14789,Sunny,1.0
34,2,Verstappen (Red Bull),43.13171,85.2796,Sunny,1.0
34,3,Verstappen (Red Bull),42.71849,127.99809,Sunny,1.0
34,4,Verstappen (Red Bull),43.43304,171.43113,Sunny,1.0
34,5,Verstappen (Red Bull),42.50212,213.93325,Sunny,1.0
34,1,Norris (McLaren),44.0317,44.0317,Sunny,1.0
34,2,Norris (McLaren),42.32244,86.35414,Sunny,1.0
34,3,Norris (McLaren),43.41919,129.77333,Sunny,1.0
34,4,Norris (McLaren),42.34572,172.11906,Sunny,1.0
34,5,Norris (McLaren),42.91973,215.03879,Sunny,1.0
35,1,Hamilton (Mercedes),44.4974,44.4974,Sunny,1.0
35,2,Hamilton (Mercedes),43.86488,88.36227,Sunny,1.0
35,3,Hamilton (Mercedes),43.77342,132.1357,Sunny,1.0
35,4,Hamilton (Mercedes),43.49215,175.62785,Sunny,1.0
35,5,Hamilton (Mercedes),43.56989,219.19774,Sunny,1.0
35,1,Verstappen (Red Bull),42.18653,42.18653,Sunny,1.0
35,2,Verstappen (Red Bull),42.90277,85.0893,Sunny,1.0
35,3,Verstappen (Red Bull),42.80863,127.89793,Sunny,1.0
35,4,Verstappen (Red Bull),43.5889,171.48683,Sunny,1.0
35,5,Verstappen (Red Bull),43.06044,214.54727,Sunny,1.0
35,1,Norris (McLaren),42.885,42.885,Sunny,1.0
35,2,Norris (McLaren),43.08085,85.96585,Sunny,1.0
35,3,Norris (McLaren),43.23899,129.20484,Sunny,1.0
35,4,Norris (McLaren),42.88252,172.08735,Sunny,1.0
35,5,Norris (McLaren),44.13753,216.22488,Sunny,1.0
36,1,Hamilton (Mercedes),43.00489,43.00489,Sunny,1.0
36,2,Hamilton (Mercedes),43.4294,86.4343,Sunny,1.0
36,3,Hamilton (Mercedes),42.5619,128.99619,Sunny,1.0
36,4,Hamilton (Mercedes),43.41137,172.40756,Sunny,1.0
36,5,Hamilton (Mercedes),44.31406,216.72163,Sunny,1.0
36,1,Verstappen (Red Bull),43.82548,43.82548,Sunny,1.0
36,2,Verstappen (Red Bull),43.0378,86.86328,Sunny,1.0
36,3,Verstappen (Red Bull),42.98283,129.84611,Sunny,1.0
36,4,Verstappen (Red Bull),43.07061,172.91672,Sunny,1.0
36,5,Verstappen (Red Bull),42.92154,215.83826,Sunny,1.0
36,1,Norris (McLaren),42.94663,42.94663,Sunny,1.0
36,2,Norris (McLaren),42.11372,85.06036,Sunny,1.0
36,3,Norris (McLaren),41.83437,126.89472,Sunny,1.0
36,4,Norris (McLaren),42.3563,169.25103,Sunny,1.0
36,5,Norris (McLaren),42.97235,212.22337,Sunny,1.0
37,1,Hamilton (Mercedes),43.66071,43.66071,Sunny,1.0
37,2,Hamilton (Mercedes),42.72098,86.38168,Sunny,1.0
37,3,Hamilton (Mercedes),43.42779,129.80947,Sunny,1.0
37,4,Hamilton (Mercedes),43.60277,173.41224,Sunny,1.0
37,5,Hamilton (Mercedes),44.46328,217.87552,Sunny,1.0
37,1,Verstappen (Red Bull),42.82176,42.82176,Sunny,1.0
37,2,Verstappen (Red Bull),42.09205,84.91381,Sunny,1.0
37,3,Verstappen (Red Bull),43.02256,127.93636,Sunny,1.0
37,4,Verstappen (Red Bull),42.90574,170.8421,Sunny,1.0
37,5,Verstappen (Red Bull),43.31301,214.15511,Sunny,1.0
37,1,Norris (McLaren),43.8534,43.8534,Sunny,1.0
37,2,Norris (McLaren),43.35396,87.20737,Sunny,1.0
37,3,Norris (McLaren),42.89872,130.10608,Sunny,1.0
37,4,Norris (McLaren),43.06104,173.16713,Sunny,1.0
37,5,Norris (McLaren),43.45621,216.62333,Sunny,1.0
38,1,Hamilton (Mercedes),44.09047,44.09047,Sunny,1.0
38,2,Hamilton (Mercedes),44.57828,88.66874,Sunny,1.0
38,3,Hamilton (Mercedes),43.60441,132.27316,Sunny,1.0
38,4,Hamilton (Mercedes),44.21809,176.49124,Sunny,1.0
38,5,Hamilton (Mercedes),44.59341,221.08465,Sunny,1.0
38,1,Verstappen (Red Bull),42.47505,42.47505,Sunny,1.0
38,2,Verstappen (Red Bull),42.70417,85.17922,Sunny,1.0
38,3,Verstappen (Red Bull),43.61432,128.79354,Sunny,1.0
38,4,Verstappen (Red Bull),43.24854,172.04208,Sunny,1.0
38,5,Verstappen (Red Bull),43.37501,215.41709,Sunny,1.0
38,1,Norris (McLaren),43.41027,43.41027,Sunny,1.0
38,2,Norris (McLaren),44.46892,87.87919,Sunny,1.0
38,3,Norris (McLaren),43.17069,131.04988,Sunny,1.0
38,4,Norris (McLaren),42.96338,174.01327,Sunny,1.0
38,5,Norris (McLaren),42.31335,216.32662,Sunny,1.0
39,1,Hamilton (Mercedes),42.9523,42.9523,Sunny,1.0
39,2,Hamilton (Mercedes),43.00172,85.95402,Sunny,1.0
39,3,Hamilton (Mercedes),43.77646,129.73048,Sunny,1.0
39,4,Hamilton (Mercedes),43.43177,173.16224,Sunny,1.0
39,5,Hamilton (Mercedes),44.76233,217.92457,Sunny,1.0
39,1,Verstappen (Red Bull),41.98239,41.98239,Sunny,1.0
39,2,Verstappen (Red Bull),42.47647,84.45886,Sunny,1.0
39,3,Verstappen (Red Bull),42.6607,127.11956,Sunny,1.0
39,4,Verstappen (Red Bull),43.39149,170.51105,Sunny,1.0
39,5,Verstappen (Red Bull),43.07339,213.58443,Sunny,1.0
39,1,Norris (McLaren),44.18798,44.18798,Sunny,1.0
39,2,Norris (McLaren),43.41699,87.60496,Sunny,1.0
39,3,Norris (McLaren),42.27353,129.8785,Sunny,1.0
39,4,Norris (McLaren),42.56761,172.44611,Sunny,1.0
39,5,Norris (McLaren),43.59275,216.03886,Sunny,1.0
40,1,Hamilton (Mercedes),43.26172,43.26172,Sunny,1.0
40,2,Hamilton (Mercedes),43.60226,86.86398,Sunny,1.0
40,3,Hamilton (Mercedes),42.72401,129.58799,Sunny,1.0
40,4,Hamilton (Mercedes),43.42282,173.01081,Sunny,1.0
40,5,Hamilton (Mercedes),43.53351,216.54433,Sunny,1.0
40,1,Verstappen (Red Bull),43.37262,43.37262,Sunny,1.0
40,2,Verstappen (Red Bull),42.38117,85.75379,Sunny,1.0
40,3,Verstappen (Red Bull),41.84788,127.60167,Sunny,1.0
40,4,Verstappen (Red Bull),43.14567,170.74733,Sunny,1.0
40,5,Verstappen (Red Bull),43.01769,213.76502,Sunny,1.0
40,1,Norris (McLaren),43.30763,43.30763,Sunny,1.0
40,2,Norris (McLaren),42.63998,85.94762,Sunny,1.0
40,3,Norris (McLaren),42.2556,128.20322,Sunny,1.0
40,4,Norris (McLaren),42.33153,170.53475,Sunny,1.0
40,5,Norris (McLaren),43.02663,213.56138,Sunny,1.0
41,1,Hamilton (Mercedes),43.7393,43.7393,Sunny,1.0
41,2,Hamilton (Mercedes),42.61138,86.35067,Sunny,1.0
41,3,Hamilton (Mercedes),43.08272,129.43339,Sunny,1.0
41,4,Hamilton (Mercedes),42.90438,172.33777,Sunny,1.0
41,5,Hamilton (Mercedes),43.28103,215.6188,Sunny,1.0
41,1,Verstappen (Red Bull),42.8899,42.8899,Sunny,1.0
41,2,Verstappen (Red Bull),42.96203,85.85193,Sunny,1.0
41,3,Verstappen (Red Bull),42.74347,128.5954,Sunny,1.0
41,4,Verstappen (Red Bull),43.26298,171.85838,Sunny,1.0
41,5,Verstappen (Red Bull),43.53854,215.39692,Sunny,1.0
41,1,Norris (McLaren),42.22742,42.22742,Sunny,1.0
41,2,Norris (McLaren),44.24507,86.47248,Sunny,1.0
41,3,Norris (McLaren),42.94091,129.41339,Sunny,1.0
41,4,Norris (McLaren),43.94155,173.35494,Sunny,1.0
41,5,Norris (McLaren),43.67941,217.03435,Sunny,1.0
42,1,Hamilton (Mercedes),44.55811,44.55811,Sunny,1.0
42,2,Hamilton (Mercedes),43.05677,87.61488,Sunny,1.0
42,3,Hamilton (Mercedes),44.25566,131.87054,Sunny,1.0
42,4,Hamilton (Mercedes),43.54981,175.42035,Sunny,1.0
42,5,Hamilton (Mercedes),43.01935,218.43969,Sunny,1.0
42,1,Verstappen (Red Bull),43.98656,43.98656,Sunny,1.0
42,2,Verstappen (Red Bull),43.85799,87.84455,Sunny,1.0
42,3,Verstappen (Red Bull),43.92014,131.76468,Sunny,1.0
42,4,Verstappen (Red Bull),43.14471,174.90939,Sunny,1.0
42,5,Verstappen (Red Bull),43.23121,218.1406,Sunny,1.0
42,1,Norris (McLaren),43.79242,43.79242,Sunny,1.0
42,2,Norris (McLaren),42.51462,86.30704,Sunny,1.0
42,3,Norris (McLaren),43.43471,129.74175,Sunny,1.0
42,4,Norris (McLaren),42.32026,172.06201,Sunny,1.0
42,5,Norris (McLaren),42.64446,214.70647,Sunny,1.0
43,1,Hamilton (Mercedes),43.51579,43.51579,Sunny,1.0
43,2,Hamilton (Mercedes),43.42449,86.94029,Sunny,1.0
43,3,Hamilton (Mercedes),43.36332,130.30361,Sunny,1.0
43,4,Hamilton (Mercedes),43.85436,174.15798,Sunny,1.0
43,5,Hamilton (Mercedes),44.25707,218.41505,Sunny,1.0
43,1,Verstappen (Red Bull),42.77044,42.77044,Sunny,1.0
43,2,Verstappen (Red Bull),43.28967,86.0601,Sunny,1.0
43,3,Verstappen (Red Bull),42.88411,128.94421,Sunny,1.0
43,4,Verstappen (Red Bull),42.64212,171.58634,Sunny,1.0
43,5,Verstappen (Red Bull),42.28997,213.87631,Sunny,1.0
43,1,Norris (McLaren),42.97496,42.97496,Sunny,1.0
43,2,Norris (McLaren),43.57702,86.55198,Sunny,1.0
43,3,Norris (McLaren),42.05434,128.60631,Sunny,1.0
43,4,Norris (McLaren),42.31472,170.92104,Sunny,1.0
43,5,Norris (McLaren),42.36591,213.28695,Sunny,1.0
44,1,Hamilton (Mercedes),43.62795,43.62795,Sunny,1.0
44,2,Hamilton (Mercedes),43.99331,87.62126,Sunny,1.0
44,3,Hamilton (Mercedes),43.46297,131.08423,Sunny,1.0
44,4,Hamilton (Mercedes),42.93621,174.02043,Sunny,1.0
44,5,Hamilton (Mercedes),44.4883,218.50873,Sunny,1.0
44,1,Verstappen (Red Bull),43.04208,43.04208,Sunny,1.0
44,2,Verstappen (Red Bull),42.98183,86.02392,Sunny,1.0
44,3,Verstappen (Red Bull),42.57817,128.60209,Sunny,1.0
44,4,Verstappen (Red Bull),42.36409,170.96618,Sunny,1.0
44,5,Verstappen (Red Bull),43.50954,214.47572,Sunny,1.0
44,1,Norris (McLaren),42.69819,42.69819,Sunny,1.0
44,2,Norris (McLaren),43.01138,85.70957,Sunny,1.0
44,3,Norris (McLaren),44.17725,129.88681,Sunny,1.0
44,4,Norris (McLaren),42.28681,172.17362,Sunny,1.0
44,5,Norris (McLaren),43.51557,215.6892,Sunny,1.0
45,1,Hamilton (Mercedes),43.66593,43.66593,Sunny,1.0
45,2,Hamilton (Mercedes),43.78654,87.45247,Sunny,1.0
45,3,Hamilton (Mercedes),44.4719,131.92437,Sunny,1.0
45,4,Hamilton (Mercedes),43.04957,174.97394,Sunny,1.0
45,5,Hamilton (Mercedes),43.75153,218.72547,Sunny,1.0
45,1,Verstappen (Red Bull),43.12257,43.12257,Sunny,1.0
45,2,Verstappen (Red Bull),43.31983,86.4424,Sunny,1.0
45,3,Verstappen (Red Bull),42.13923,128.58163,Sunny,1.0
45,4,Verstappen (Red Bull),41.8849,170.46653,Sunny,1.0
45,5,Verstappen (Red Bull),43.25073,213.71725,Sunny,1.0
45,1,Norris (McLaren),43.70773,43.70773,Sunny,1.0
45,2,Norris (McLaren),42.02928,85.73701,Sunny,1.0
45,3,Norris (McLaren),44.25228,129.98928,Sunny,1.0
45,4,Norris (McLaren),42.54962,172.5389,Sunny,1.0
45,5,Norris (McLaren),44.16252,216.70142,Sunny,1.0
46,1,Hamilton (Mercedes),43.61231,43.61231,Sunny,1.0
46,2,Hamilton (Mercedes),44.54486,88.15716,Sunny,1.0
46,3,Hamilton (Mercedes),44.23753,132.3947,Sunny,1.0
46,4,Hamilton (Mercedes),43.92872,176.32342,Sunny,1.0
46,5,Hamilton (Mercedes),42.94771,219.27113,Sunny,1.0
46,1,Verstappen (Red Bull),42.12661,42.12661,Sunny,1.0
46,2,Verstappen (Red Bull),43.23424,85.36085,Sunny,1.0
46,3,Verstappen (Red Bull),42.66402,128.02488,Sunny,1.0
46,4,Verstappen (Red Bull),43.72179,171.74666,Sunny,1.0
46,5,Verstappen (Red Bull),43.05915,214.80581,Sunny,1.0
46,1,Norris (McLaren),43.14291,43.14291,Sunny,1.0
46,2,Norris (McLaren),42.23448,85.37739,Sunny,1.0
46,3,Norris (McLaren),43.97262,129.35001,Sunny,1.0
46,4,Norris (McLaren),43.4587,172.80871,Sunny,1.0
46,5,Norris (McLaren),43.76198,216.57069,Sunny,1.0
47,1,Hamilton (Mercedes),43.88802,43.88802,Sunny,1.0
47,2,Hamilton (Mercedes),42.9662,86.85423,Sunny,1.0
47,3,Hamilton (Mercedes),43.56007,130.4143,Sunny,1.0
47,4,Hamilton (Mercedes),44.14292,174.55721,Sunny,1.0
47,5,Hamilton (Mercedes),43.18105,217.73827,Sunny,1.0
47,1,Verstappen (Red Bull),43.40707,43.40707,Sunny,1.0
47,2,Verstappen (Red Bull),43.32768,86.73475,Sunny,1.0
47,3,Verstappen (Red Bull),42.89015,129.6249,Sunny,1.0
47,4,Verstappen (Red Bull),42.39252,172.01742,Sunny,1.0
47,5,Verstappen (Red Bull),43.95714,215.97456,Sunny,1.0
47,1,Norris (McLaren),42.20833,42.20833,Sunny,1.0
47,2,Norris (McLaren),43.26491,85.47323,Sunny,1.0
47,3,Norris (McLaren),43.39928,128.87251,Sunny,1.0
47,4,Norris (McLaren),42.95554,171.82805,Sunny,1.0
47,5,Norris (McLaren),43.35399,215.18204,Sunny,1.0
48,1,Hamilton (Mercedes),43.86877,43.86877,Sunny,1.0
48,2,Hamilton (Mercedes),43.68796,87.55673,Sunny,1.0
48,3,Hamilton (Mercedes),43.77533,131.33206,Sunny,1.0
48,4,Hamilton (Mercedes),43.7021,175.03416,Sunny,1.0
48,5,Hamilton (Mercedes),44.79138,219.82554,Sunny,1.0
48,1,Verstappen (Red Bull),43.59113,43.59113,Sunny,1.0
48,2,Verstappen (Red Bull),42.40892,86.00006,Sunny,1.0
48,3,Verstappen (Red Bull),41.99313,127.99318,Sunny,1.0
48,4,Verstappen (Red Bull),42.81803,170.81121,Sunny,1.0
48,5,Verstappen (Red Bull),43.34426,214.15547,Sunny,1.0
48,1,Norris (McLaren),43.03651,43.03651,Sunny,1.0
48,2,Norris (McLaren),43.14468,86.18119,Sunny,1.0
48,3,Norris (McLaren),42.83522,129.0164,Sunny,1.0
48,4,Norris (McLaren),42.57669,171.59309,Sunny,1.0
48,5,Norris (McLaren),43.75412,215.34721,Sunny,1.0
49,1,Hamilton (Mercedes),43.34828,43.34828,Sunny,1.0
49,2,Hamilton (Mercedes),43.34073,86.68901,Sunny,1.0
49,3,Hamilton (Mercedes),43.32763,130.01663,Sunny,1.0
49,4,Hamilton (Mercedes),43.77369,173.79032,Sunny,1.0
49,5,Hamilton (Mercedes),42.97609,216.76641,Sunny,1.0
49,1,Verstappen (Red Bull),43.67263,43.67263,Sunny,1.0
49,2,Verstappen (Red Bull),42.94001,86.61264,Sunny,1.0
49,3,Verstappen (Red Bull),43.40402,130.01666,Sunny,1.0
49,4,Verstappen (Red Bull),42.61917,172.63583,Sunny,1.0
49,5,Verstappen (Red Bull),42.6934,215.32922,Sunny,1.0
49,1,Norris (McLaren),43.63302,43.63302,Sunny,1.0
49,2,Norris (McLaren),42.77958,86.4126,Sunny,1.0
49,3,Norris (McLaren),42.9983,129.4109,Sunny,1.0
49,4,Norris (McLaren),43.75539,173.16629,Sunny,1.0
49,5,Norris (McLaren),42.47415,215.64044,Sunny,1.0
50,1,Hamilton (Mercedes),43.76983,43.76983,Sunny,1.0
50,2,Hamilton (Mercedes),43.14405,86.91388,Sunny,1.0
50,3,Hamilton (Mercedes),43.91467,130.82855,Sunny,1.0
50,4,Hamilton (Mercedes),43.66978,174.49833,Sunny,1.0
50,5,Hamilton (Mercedes),43.78724,218.28556,Sunny,1.0
50,1,Verstappen (Red Bull),43.60677,43.60677,Sunny,1.0
50,2,Verstappen (Red Bull),42.11836,85.72513,Sunny,1.0
50,3,Verstappen (Red Bull),42.88392,128.60905,Sunny,1.0
50,4,Verstappen (Red Bull),42.26866,170.87771,Sunny,1.0
50,5,Verstappen (Red Bull),43.19369,214.0714,Sunny,1.0
50,1,Norris (McLaren),43.10563,43.10563,Sunny,1.0
50,2,Norris (McLaren),44.66826,87.77389,Sunny,1.0
50,3,Norris (McLaren),43.68277,131.45666,Sunny,1.0
50,4,Norris (McLaren),42.36768,173.82434,Sunny,1.0
50,5,Norris (McLaren),42.96094,216.78528,Sunny,1.0
51,1,Hamilton (Mercedes),42.756,42.756,Sunny,1.0
51,2,Hamilton (Mercedes),43.51459,86.27059,Sunny,1.0
51,3,Hamilton (Mercedes),43.14439,129.41498,Sunny,1.0
51,4,Hamilton (Mercedes),42.84979,172.26477,Sunny,1.0
51,5,Hamilton (Mercedes),42.66244,214.92721,Sunny,1.0
51,1,Verstappen (Red Bull),42.82454,42.82454,Sunny,1.0
51,2,Verstappen (Red Bull),42.36593,85.19047,Sunny,1.0
51,3,Verstappen (Red Bull),42.01055,127.20103,Sunny,1.0
51,4,Verstappen (Red Bull),42.95313,170.15415,Sunny,1.0
51,5,Verstappen (Red Bull),42.62138,212.77553,Sunny,1.0
51,1,Norris (McLaren),42.23125,42.23125,Sunny,1.0
51,2,Norris (McLaren),43.53453,85.76578,Sunny,1.0
51,3,Norris (McLaren),43.02615,128.79193,Sunny,1.0
51,4,Norris (McLaren),42.4674,171.25933,Sunny,1.0
51,5,Norris (McLaren),42.00599,213.26532,Sunny,1.0
52,1,Hamilton (Mercedes),42.98686,42.98686,Sunny,1.0
52,2,Hamilton (Mercedes),43.68031,86.66718,Sunny,1.0
52,3,Hamilton (Mercedes),44.01894,130.68611,Sunny,1.0
52,4,Hamilton (Mercedes),43.50236,174.18848,Sunny,1.0
52,5,Hamilton (Mercedes),43.88843,218.07691,Sunny,1.0
52,1,Verstappen (Red Bull),42.30931,42.30931,Sunny,1.0
52,2,Verstappen (Red Bull),42.48099,84.7903,Sunny,1.0
52,3,Verstappen (Red Bull),43.58835,128.37865,Sunny,1.0
52,4,Verstappen (Red Bull),42.85032,171.22897,Sunny,1.0
52,5,Verstappen (Red Bull),42.92965,214.15862,Sunny,1.0
52,1,Norris (McLaren),43.50679,43.50679,Sunny,1.0
52,2,Norris (McLaren),42.8772,86.384,Sunny,1.0
52,3,Norris (McLaren),42.97209,129.35609,Sunny,1.0
52,4,Norris (McLaren),43.69984,173.05593,Sunny,1.0
52,5,Norris (McLaren),43.75305,216.80898,Sunny,1.0
53,1,Hamilton (Mercedes),43.77071,43.77071,Sunny,1.0
53,2,Hamilton (Mercedes),43.19012,86.96083,Sunny,1.0
53,3,Hamilton (Mercedes),43.57948,130.5403,Sunny,1.0
53,4,Hamilton (Mercedes),43.77454,174.31484,Sunny,1.0
53,5,Hamilton (Mercedes),44.54034,218.85518,Sunny,1.0
53,1,Verstappen (Red Bull),42.68774,42.68774,Sunny,1.0
53,2,Verstappen (Red Bull),42.69153,85.37927,Sunny,1.0
53,3,Verstappen (Red Bull),42.87199,128.25126,Sunny,1.0
53,4,Verstappen (Red Bull),43.62483,171.87609,Sunny,1.0
53,5,Verstappen (Red Bull),42.66439,214.54048,Sunny,1.0
53,1,Norris (McLaren),42.92782,42.92782,Sunny,1.0
53,2,Norris (McLaren),42.21133,85.13915,Sunny,1.0
53,3,Norris (McLaren),42.53098,127.67013,Sunny,1.0
53,4,Norris (McLaren),42.94362,170.61374,Sunny,1.0
53,5,Norris (McLaren),43.21291,213.82666,Sunny,1.0
54,1,Hamilton (Mercedes),43.37145,43.37145,Sunny,1.0
54,2,Hamilton (Mercedes),43.50343,86.87488,Sunny,1.0
54,3,Hamilton (Mercedes),44.28405,131.15893,Sunny,1.0
54,4,Hamilton (Mercedes),42.99012,174.14905,Sunny,1.0
54,5,Hamilton (Mercedes),43.76549,217.91454,Sunny,1.0
54,1,Verstappen (Red Bull),42.66377,42.66377,Sunny,1.0
54,2,Verstappen (Red Bull),42.80369,85.46746,Sunny,1.0
54,3,Verstappen (Red Bull),42.93423,128.40169,Sunny,1.0
54,4,Verstappen (Red Bull),42.95503,171.35672,Sunny,1.0
54,5,Verstappen (Red Bull),42.507,213.86372,Sunny,1.0
54,1,Norris (McLaren),42.34455,42.34455,Sunny,1.0
54,2,Norris (McLaren),43.63131,85.97586,Sunny,1.0
54,3,Norris (McLaren),43.24284,129.2187,Sunny,1.0
54,4,Norris (McLaren),42.62304,171.84174,Sunny,1.0
54,5,Norris (McLaren),44.26055,216.10229,Sunny,1.0
55,1,Hamilton (Mercedes),43.59079,43.59079,Sunny,1.0
55,2,Hamilton (Mercedes),43.26076,86.85155,Sunny,1.0
55,3,Hamilton (Mercedes),42.92221,129.77376,Sunny,1.0
55,4,Hamilton (Mercedes),43.79384,173.5676,Sunny,1.0
55,5,Hamilton (Mercedes),43.694,217.2616,Sunny,1.0
55,1,Verstappen (Red Bull),42.56572,42.56572,Sunny,1.0
55,2,Verstappen (Red Bull),43.1695,85.73521,Sunny,1.0
55,3,Verstappen (Red Bull),43.82387,129.55909,Sunny,1.0
55,4,Verstappen (Red Bull),42.74757,172.30666,Sunny,1.0
55,5,Verstappen (Red Bull),42.46335,214.77,Sunny,1.0
55,1,Norris (McLaren),43.20733,43.20733,Sunny,1.0
55,2,Norris (McLaren),43.92957,87.1369,Sunny,1.0
55,3,Norris (McLaren),44.11885,131.25574,Sunny,1.0
55,4,Norris (McLaren),43.39516,174.6509,Sunny,1.0
55,5,Norris (McLaren),43.29862,217.94952,Sunny,1.0
56,1,Hamilton (Mercedes),43.24142,43.24142,Sunny,1.0
56,2,Hamilton (Mercedes),44.36283,87.60426,Sunny,1.0
56,3,Hamilton (Mercedes),42.89771,130.50197,Sunny,1.0
56,4,Hamilton (Mercedes),44.45271,174.95468,Sunny,1.0
56,5,Hamilton (Mercedes),43.90692,218.8616,Sunny,1.0
56,1,Verstappen (Red Bull),43.04369,43.04369,Sunny,1.0
56,2,Verstappen (Red Bull),42.17385,85.21754,Sunny,1.0
56,3,Verstappen (Red Bull),43.00225,128.21979,Sunny,1.0
56,4,Verstappen (Red Bull),43.53687,171.75665,Sunny,1.0
56,5,Verstappen (Red Bull),43.62911,215.38576,Sunny,1.0
56,1,Norris (McLaren),42.90556,42.90556,Sunny,1.0
56,2,Norris (McLaren),44.40757,87.31312,Sunny,1.0
56,3,Norris (McLaren),42.88338,130.19651,Sunny,1.0
56,4,Norris (McLaren),42.16069,172.3572,Sunny,1.0
56,5,Norris (McLaren),42.45243,214.80962,Sunny,1.0
57,1,Hamilton (Mercedes),43.31357,43.31357,Sunny,1.0
57,2,Hamilton (Mercedes),43.65566,86.96922,Sunny,1.0
57,3,Hamilton (Mercedes),43.26278,130.232,Sunny,1.0
57,4,Hamilton (Mercedes),43.49222,173.72422,Sunny,1.0
57,5,Hamilton (Mercedes),43.5227,217.24692,Sunny,1.0
57,1,Verstappen (Red Bull),43.13002,43.13002,Sunny,1.0
57,2,Verstappen (Red Bull),41.96345,85.09347,Sunny,1.0
57,3,Verstappen (Red Bull),42.75961,127.85307,Sunny,1.0
57,4,Verstappen (Red Bull),43.84409,171.69717,Sunny,1.0
57,5,Verstappen (Red Bull),42.90149,214.59866,Sunny,1.0
57,1,Norris (McLaren),42.94264,42.94264,Sunny,1.0
57,2,Norris (McLaren),42.05867,85.00131,Sunny,1.0
57,3,Norris (McLaren),43.29256,128.29387,Sunny,1.0
57,4,Norris (McLaren),44.12347,172.41734,Sunny,1.0
57,5,Norris (McLaren),44.0392,216.45654,Sunny,1.0
58,1,Hamilton (Mercedes),43.19032,43.19032,Sunny,1.0
58,2,Hamilton (Mercedes),42.94757,86.13789,Sunny,1.0
58,3,Hamilton (Mercedes),44.17086,130.30875,Sunny,1.0
58,4,Hamilton (Mercedes),44.01661,174.32536,Sunny,1.0
58,5,Hamilton (Mercedes),43.22188,217.54725,Sunny,1.0
58,1,Verstappen (Red Bull),42.98492,42.98492,Sunny,1.0
58,2,Verstappen (Red Bull),43.41662,86.40155,Sunny,1.0
58,3,Verstappen (Red Bull),42.85632,129.25787,Sunny,1.0
58,4,Verstappen (Red Bull),42.53647,171.79434,Sunny,1.0
58,5,Verstappen (Red Bull),43.25135,215.0457,Sunny,1.0
58,1,Norris (McLaren),44.87751,44.87751,Sunny,1.0
58,2,Norris (McLaren),43.49265,88.37016,Sunny,1.0
58,3,Norris (McLaren),43.27515,131.64531,Sunny,1.0
58,4,Norris (McLaren),43.52648,175.17178,Sunny,1.0
58,5,Norris (McLaren),42.24408,217.41587,Sunny,1.0
59,1,Hamilton (Mercedes),44.49944,44.49944,Sunny,1.0
59,2,Hamilton (Mercedes),42.76087,87.26031,Sunny,1.0
59,3,Hamilton (Mercedes),43.96813,131.22844,Sunny,1.0
59,4,Hamilton (Mercedes),44.39607,175.62451,Sunny,1.0
59,5,Hamilton (Mercedes),43.50411,219.12863,Sunny,1.0
59,1,Verstappen (Red Bull),43.73207,43.73207,Sunny,1.0
59,2,Verstappen (Red Bull),43.80495,87.53702,Sunny,1.0
59,3,Verstappen (Red Bull),43.2174,130.75442,Sunny,1.0
59,4,Verstappen (Red Bull),43.12486,173.87928,Sunny,1.0
59,5,Verstappen (Red Bull),43.68706,217.56634,Sunny,1.0
59,1,Norris (McLaren),42.22201,42.22201,Sunny,1.0
59,2,Norris (McLaren),43.45148,85.67349,Sunny,1.0
59,3,Norris (McLaren),43.06399,128.73748,Sunny,1.0
59,4,Norris (McLaren),43.27169,172.00917,Sunny,1.0
59,5,Norris (McLaren),43.01508,215.02425,Sunny,1.0
60,1,Hamilton (Mercedes),43.991,43.991,Sunny,1.0
60,2,Hamilton (Mercedes),43.7656,87.75661,Sunny,1.0
60,3,Hamilton (Mercedes),43.60069,131.35729,Sunny,1.0
60,4,Hamilton (Mercedes),43.64002,174.99731,Sunny,1.0
60,5,Hamilton (Mercedes),43.31758,218.31489,Sunny,1.0
60,1,Verstappen (Red Bull),42.48463,42.48463,Sunny,1.0
60,2,Verstappen (Red Bull),43.67185,86.15648,Sunny,1.0
60,3,Verstappen (Red Bull),42.77681,128.93329,Sunny,1.0
60,4,Verstappen (Red Bull),42.8559,171.78919,Sunny,1.0
60,5,Verstappen (Red Bull),42.81064,214.59983,Sunny,1.0
60,1,Norris (McLaren),43.74855,43.74855,Sunny,1.0
60,2,Norris (McLaren),42.68811,86.43666,Sunny,1.0
60,3,Norris (McLaren),42.54178,128.97844,Sunny,1.0
60,4,Norris (McLaren),43.0796,172.05805,Sunny,1.0
60,5,Norris (McLaren),43.21853,215.27658,Sunny,1.0
61,1,Hamilton (Mercedes),43.04834,43.04834,Sunny,1.0
61,2,Hamilton (Mercedes),43.82184,86.87018,Sunny,1.0
61,3,Hamilton (Mercedes),44.03401,130.90419,Sunny,1.0
61,4,Hamilton (Mercedes),44.14096,175.04515,Sunny,1.0
61,5,Hamilton (Mercedes),43.92838,218.97353,Sunny,1.0
61,1,Verstappen (Red Bull),43.33696,43.33696,Sunny,1.0
61,2,Verstappen (Red Bull),43.27358,86.61053,Sunny,1.0
61,3,Verstappen (Red Bull),43.28354,129.89407,Sunny,1.0
61,4,Verstappen (Red Bull),43.52002,173.41409,Sunny,1.0
61,5,Verstappen (Red Bull),43.28384,216.69793,Sunny,1.0
61,1,Norris (McLaren),41.86735,41.86735,Sunny,1.0
61,2,Norris (McLaren),42.24208,84.10942,Sunny,1.0
61,3,Norris (McLaren),43.0681,127.17752,Sunny,1.0
61,4,Norris (McLaren),43.50292,170.68044,Sunny,1.0
61,5,Norris (McLaren),42.269,212.94944,Sunny,1.0
62,1,Hamilton (Mercedes),44.09739,44.09739,Sunny,1.0
62,2,Hamilton (Mercedes),43.71153,87.80892,Sunny,1.0
62,3,Hamilton (Mercedes),44.93165,132.74057,Sunny,1.0
62,4,Hamilton (Mercedes),43.56958,176.31016,Sunny,1.0
62,5,Hamilton (Mercedes),44.36902,220.67918,Sunny,1.0
62,1,Verstappen (Red Bull),43.47618,43.47618,Sunny,1.0
62,2,Verstappen (Red Bull),43.36845,86.84463,Sunny,1.0
62,3,Verstappen (Red Bull),42.98583,129.83046,Sunny,1.0
62,4,Verstappen (Red Bull),42.25714,172.0876,Sunny,1.0
62,5,Verstappen (Red Bull),42.75891,214.84651,Sunny,1.0
62,1,Norris (McLaren),44.05293,44.05293,Sunny,1.0
62,2,Norris (McLaren),43.72181,87.77474,Sunny,1.0
62,3,Norris (McLaren),43.16162,130.93636,Sunny,1.0
62,4,Norris (McLaren),43.1465,174.08286,Sunny,1.0
62,5,Norris (McLaren),42.34024,216.4231,Sunny,1.0
63,1,Hamilton (Mercedes),44.03019,44.03019,Sunny,1.0
63,2,Hamilton (Mercedes),43.56837,87.59856,Sunny,1.0
63,3,Hamilton (Mercedes),43.67919,131.27775,Sunny,1.0
63,4,Hamilton (Mercedes),43.49371,174.77146,Sunny,1.0
63,5,Hamilton (Mercedes),43.76137,218.53283,Sunny,1.0
63,1,Verstappen (Red Bull),42.84297,42.84297,Sunny,1.0
63,2,Verstappen (Red Bull),42.7206,85.56357,Sunny,1.0
63,3,Verstappen (Red Bull),43.25908,128.82265,Sunny,1.0
63,4,Verstappen (Red Bull),42.69457,171.51722,Sunny,1.0
63,5,Verstappen (Red Bull),44.03614,215.55336,Sunny,1.0
63,1,Norris (McLaren),43.40782,43.40782,Sunny,1.0
63,2,Norris (McLaren),44.06149,87.46932,Sunny,1.0
63,3,Norris (McLaren),42.99721,130.46653,Sunny,1.0
63,4,Norris (McLaren),43.04721,173.51374,Sunny,1.0
63,5,Norris (McLaren),43.35264,216.86638,Sunny,1.0
64,1,Hamilton (Mercedes),42.21258,42.21258,Sunny,1.0
64,2,Hamilton (Mercedes),43.24727,85.45986,Sunny,1.0
64,3,Hamilton (Mercedes),43.55946,129.01932,Sunny,1.0
64,4,Hamilton (Mercedes),43.37824,172.39756,Sunny,1.0
64,5,Hamilton (Mercedes),44.26706,216.66461,Sunny,1.0
64,1,Verstappen (Red Bull),43.80744,43.80744,Sunny,1.0
64,2,Verstappen (Red Bull),42.70189,86.50933,Sunny,1.0
64,3,Verstappen (Red Bull),42.83897,129.3483,Sunny,1.0
64,4,Verstappen (Red Bull),43.20673,172.55503,Sunny,1.0
64,5,Verstappen (Red Bull),42.83721,215.39224,Sunny,1.0
64,1,Norris (McLaren),42.39949,42.39949,Sunny,1.0
64,2,Norris (McLaren),42.64647,85.04597,Sunny,1.0
64,3,Norris (McLaren),44.31766,129.36362,Sunny,1.0
64,4,Norris (McLaren),42.76573,172.12935,Sunny,1.0
64,5,Norris (McLaren),44.26624,216.39559,Sunny,1.0
65,1,Hamilton (Mercedes),43.70055,43.70055,Sunny,1.0
65,2,Hamilton (Mercedes),42.66356,86.36411,Sunny,1.0
65,3,Hamilton (Mercedes),43.6177,129.98181,Sunny,1.0
65,4,Hamilton (Mercedes),44.22508,174.2069,Sunny,1.0
65,5,Hamilton (Mercedes),43.94079,218.14769,Sunny,1.0
65,1,Verstappen (Red Bull),42.6212,42.6212,Sunny,1.0
65,2,Verstappen (Red Bull),43.06667,85.68787,Sunny,1.0
65,3,Verstappen (Red Bull),43.00989,128.69775,Sunny,1.0
65,4,Verstappen (Red Bull),42.4784,171.17616,Sunny,1.0
65,5,Verstappen (Red Bull),42.43326,213.60941,Sunny,1.0
65,1,Norris (McLaren),42.89363,42.89363,Sunny,1.0
65,2,Norris (McLaren),41.64229,84.53592,Sunny,1.0
65,3,Norris (McLaren),42.5524,127.08833,Sunny,1.0
65,4,Norris (McLaren),42.85329,169.94161,Sunny,1.0
65,5,Norris (McLaren),43.95857,213.90019,Sunny,1.0
66,1,Hamilton (Mercedes),43.05303,43.05303,Sunny,1.0
66,2,Hamilton (Mercedes),44.00016,87.05319,Sunny,1.0
66,3,Hamilton (Mercedes),43.75172,130.80491,Sunny,1.0
66,4,Hamilton (Mercedes),43.30629,174.1112,Sunny,1.0
66,5,Hamilton (Mercedes),43.36574,217.47694,Sunny,1.0
66,1,Verstappen (Red Bull),43.08439,43.08439,Sunny,1.0
66,2,Verstappen (Red Bull),42.90288,85.98727,Sunny,1.0
66,3,Verstappen (Red Bull),43.96285,129.95012,Sunny,1.0
66,4,Verstappen (Red Bull),42.14214,172.09226,Sunny,1.0
66,5,Verstappen (Red Bull),42.5125,214.60476,Sunny,1.0
66,1,Norris (McLaren),43.61744,43.61744,Sunny,1.0
66,2,Norris (McLaren),42.73083,86.34827,Sunny,1.0
66,3,Norris (McLaren),42.95086,129.29913,Sunny,1.0
66,4,Norris (McLaren),44.16883,173.46795,Sunny,1.0
66,5,Norris (McLaren),43.15233,216.62028,Sunny,1.0
67,1,Hamilton (Mercedes),43.18259,43.18259,Sunny,1.0
67,2,Hamilton (Mercedes),43.56206,86.74465,Sunny,1.0
67,3,Hamilton (Mercedes),42.96424,129.70889,Sunny,1.0
67,4,Hamilton (Mercedes),43.24192,172.95081,Sunny,1.0
67,5,Hamilton (Mercedes),43.50057,216.45138,Sunny,1.0
67,1,Verstappen (Red Bull),42.01939,42.01939,Sunny,1.0
67,2,Verstappen (Red Bull),42.8823,84.90169,Sunny,1.0
67,3,Verstappen (Red Bull),42.67419,127.57588,Sunny,1.0
67,4,Verstappen (Red Bull),42.35986,169.93574,Sunny,1.0
67,5,Verstappen (Red Bull),42.97842,212.91416,Sunny,1.0
67,1,Norris (McLaren),43.31668,43.31668,Sunny,1.0
67,2,Norris (McLaren),42.71842,86.03509,Sunny,1.0
67,3,Norris (McLaren),42.95897,128.99406,Sunny,1.0
67,4,Norris (McLaren),43.6912,172.68527,Sunny,1.0
67,5,Norris (McLaren),42.5431,215.22837,Sunny,1.0
68,1,Hamilton (Mercedes),44.75834,44.75834,Sunny,1.0
68,2,Hamilton (Mercedes),44.71071,89.46905,Sunny,1.0
68,3,Hamilton (Mercedes),42.62126,132.09032,Sunny,1.0
68,4,Hamilton (Mercedes),43.26359,175.35391,Sunny,1.0
68,5,Hamilton (Mercedes),44.07243,219.42634,Sunny,1.0
68,1,Verstappen (Red Bull),43.65158,43.65158,Sunny,1.0
68,2,Verstappen (Red Bull),43.16206,86.81364,Sunny,1.0
68,3,Verstappen (Red Bull),42.40468,129.21832,Sunny,1.0
68,4,Verstappen (Red Bull),43.07589,172.29421,Sunny,1.0
68,5,Verstappen (Red Bull),44.41005,216.70426,Sunny,1.0
68,1,Norris (McLaren),41.33435,41.33435,Sunny,1.0
68,2,Norris (McLaren),42.70127,84.03562,Sunny,1.0
68,3,Norris (McLaren),42.16663,126.20224,Sunny,1.0
68,4,Norris (McLaren),42.75243,168.95468,Sunny,1.0
68,5,Norris (McLaren),42.0351,210.98977,Sunny,1.0
69,1,Hamilton (Mercedes),42.43835,42.43835,Sunny,1.0
69,2,Hamilton (Mercedes),43.0337,85.47205,Sunny,1.0
69,3,Hamilton (Mercedes),43.89175,129.36381,Sunny,1.0
69,4,Hamilton (Mercedes),44.31969,173.6835,Sunny,1.0
69,5,Hamilton (Mercedes),43.13653,216.82003,Sunny,1.0
69,1,Verstappen (Red Bull),42.96492,42.96492,Sunny,1.0
69,2,Verstappen (Red Bull),42.84873,85.81366,Sunny,1.0
69,3,Verstappen (Red Bull),42.75009,128.56374,Sunny,1.0
69,4,Verstappen (Red Bull),43.72465,172.28839,Sunny,1.0
69,5,Verstappen (Red Bull),42.35129,214.63968,Sunny,1.0
69,1,Norris (McLaren),44.00706,44.00706,Sunny,1.0
69,2,Norris (McLaren),44.35421,88.36127,Sunny,1.0
69,3,Norris (McLaren),42.56609,130.92736,Sunny,1.0
69,4,Norris (McLaren),44.09335,175.02071,Sunny,1.0
69,5,Norris (McLaren),44.3815,219.40221,Sunny,1.0
70,1,Hamilton (Mercedes),43.87674,43.87674,Sunny,1.0
70,2,Hamilton (Mercedes),43.61196,87.4887,Sunny,1.0
70,3,Hamilton (Mercedes),43.05419,130.54289,Sunny,1.0
70,4,Hamilton (Mercedes),43.1408,173.68369,Sunny,1.0
70,5,Hamilton (Mercedes),44.03905,217.72274,Sunny,1.0
70,1,Verstappen (Red Bull),44.08699,44.08699,Sunny,1.0
70,2,Verstappen (Red Bull),43.93248,88.01948,Sunny,1.0
70,3,Verstappen (Red Bull),42.13611,130.15559,Sunny,1.0
70,4,Verstappen (Red Bull),42.87641,173.032,Sunny,1.0
70,5,Verstappen (Red Bull),42.60181,215.63381,Sunny,1.0
70,1,Norris (McLaren),43.01664,43.01664,Sunny,1.0
70,2,Norris (McLaren),42.68834,85.70498,Sunny,1.0
70,3,Norris (McLaren),41.53849,127.24347,Sunny,1.0
70,4,Norris (McLaren),43.92147,171.16494,Sunny,1.0
70,5,Norris (McLaren),43.15857,214.32351,Sunny,1.0
71,1,Hamilton (Mercedes),42.02894,42.02894,Sunny,1.0
71,2,Hamilton (Mercedes),44.10367,86.1326,Sunny,1.0
71,3,Hamilton (Mercedes),43.80702,129.93962,Sunny,1.0
71,4,Hamilton (Mercedes),42.82343,172.76305,Sunny,1.0
71,5,Hamilton (Mercedes),43.13791,215.90097,Sunny,1.0
71,1,Verstappen (Red Bull),41.89338,41.89338,Sunny,1.0
71,2,Verstappen (Red Bull),42.71391,84.60729,Sunny,1.0
71,3,Verstappen (Red Bull),43.38274,127.99003,Sunny,1.0
71,4,Verstappen (Red Bull),42.72185,170.71188,Sunny,1.0
71,5,Verstappen (Red Bull),43.21772,213.9296,Sunny,1.0
71,1,Norris (McLaren),43.10995,43.10995,Sunny,1.0
71,2,Norris (McLaren),43.13326,86.24321,Sunny,1.0
71,3,Norris (McLaren),42.76922,129.01243,Sunny,1.0
71,4,Norris (McLaren),42.80793,171.82035,Sunny,1.0
71,5,Norris (McLaren),42.85956,214.67992,Sunny,1.0
72,1,Hamilton (Mercedes),43.76459,43.76459,Sunny,1.0
72,2,Hamilton (Mercedes),43.77773,87.54232,Sunny,1.0
72,3,Hamilton (Mercedes),43.28567,130.82799,Sunny,1.0
72,4,Hamilton (Mercedes),44.54159,175.36959,Sunny,1.0
72,5,Hamilton (Mercedes),43.85546,219.22504,Sunny,1.0
72,1,Verstappen (Red Bull),43.36053,43.36053,Sunny,1.0
72,2,Verstappen (Red Bull),43.02253,86.38306,Sunny,1.0
72,3,Verstappen (Red Bull),43.24354,129.6266,Sunny,1.0
72,4,Verstappen (Red Bull),42.9037,172.5303,Sunny,1.0
72,5,Verstappen (Red Bull),42.05753,214.58783,Sunny,1.0
72,1,Norris (McLaren),42.94168,42.94168,Sunny,1.0
72,2,Norris (McLaren),42.41126,85.35294,Sunny,1.0
72,3,Norris (McLaren),42.8876,128.24054,Sunny,1.0
72,4,Norris (McLaren),43.20579,171.44634,Sunny,1.0
72,5,Norris (McLaren),42.9694,214.41573,Sunny,1.0
73,1,Hamilton (Mercedes),43.46133,43.46133,Sunny,1.0
73,2,Hamilton (Mercedes),43.90607,87.3674,Sunny,1.0
73,3,Hamilton (Mercedes),44.7431,132.1105,Sunny,1.0
73,4,Hamilton (Mercedes),43.49675,175.60725,Sunny,1.0
73,5,Hamilton (Mercedes),43.782,219.38926,Sunny,1.0
73,1,Verstappen (Red Bull),43.58285,43.58285,Sunny,1.0
73,2,Verstappen (Red Bull),42.83585,86.4187,Sunny,1.0
73,3,Verstappen (Red Bull),42.21871,128.63741,Sunny,1.0
73,4,Verstappen (Red Bull),42.90374,171.54115,Sunny,1.0
73,5,Verstappen (Red Bull),41.95606,213.49721,Sunny,1.0
73,1,Norris (McLaren),43.50101,43.50101,Sunny,1.0
73,2,Norris (McLaren),43.30404,86.80505,Sunny,1.0
73,3,Norris (McLaren),43.27074,130.0758,Sunny,1.0
73,4,Norris (McLaren),43.65493,173.73073,Sunny,1.0
73,5,Norris (McLaren),43.61855,217.34928,Sunny,1.0
74,1,Hamilton (Mercedes),43.89227,43.89227,Sunny,1.0
74,2,Hamilton (Mercedes),43.07643,86.9687,Sunny,1.0
74,3,Hamilton (Mercedes),43.82887,130.79757,Sunny,1.0
74,4,Hamilton (Mercedes),43.95312,174.75069,Sunny,1.0
74,5,Hamilton (Mercedes),44.18929,218.93997,Sunny,1.0
74,1,Verstappen (Red Bull),42.59864,42.59864,Sunny,1.0
74,2,Verstappen (Red Bull),42.59096,85.1896,Sunny,1.0
74,3,Verstappen (Red Bull),43.7301,128.91969,Sunny,1.0
74,4,Verstappen (Red Bull),42.83641,171.7561,Sunny,1.0
74,5,Verstappen (Red Bull),43.51541,215.27151,Sunny,1.0
74,1,Norris (McLaren),42.93221,42.93221,Sunny,1.0
74,2,Norris (McLaren),43.23327,86.16548,Sunny,1.0
74,3,Norris (McLaren),42.21498,128.38045,Sunny,1.0
74,4,Norris (McLaren),43.66974,172.05019,Sunny,1.0
74,5,Norris (McLaren),42.85104,214.90123,Sunny,1.0
75,1,Hamilton (Mercedes),42.60819,42.60819,Sunny,1.0
75,2,Hamilton (Mercedes),44.28075,86.88894,Sunny,1.0
75,3,Hamilton (Mercedes),43.60146,130.49041,Sunny,1.0
75,4,Hamilton (Mercedes),44.16373,174.65413,Sunny,1.0
75,5,Hamilton (Mercedes),43.59144,218.24557,Sunny,1.0
75,1,Verstappen (Red Bull),43.07782,43.07782,Sunny,1.0
75,2,Verstappen (Red Bull),42.97583,86.05365,Sunny,1.0
75,3,Verstappen (Red Bull),42.88954,128.94319,Sunny,1.0
75,4,Verstappen (Red Bull),42.25422,171.19741,Sunny,1.0
75,5,Verstappen (Red Bull),42.68308,213.88048,Sunny,1.0
75,1,Norris (McLaren),44.50974,44.50974,Sunny,1.0
75,2,Norris (McLaren),41.65174,86.16148,Sunny,1.0
75,3,Norris (McLaren),43.02754,129.18902,Sunny,1.0
75,4,Norris (McLaren),42.40306,171.59208,Sunny,1.0
75,5,Norris (McLaren),43.55978,215.15185,Sunny,1.0
76,1,Hamilton (Mercedes),43.39754,43.39754,Sunny,1.0
76,2,Hamilton (Mercedes),43.29939,86.69692,Sunny,1.0
76,3,Hamilton (Mercedes),43.25224,129.94917,Sunny,1.0
76,4,Hamilton (Mercedes),43.77626,173.72542,Sunny,1.0
76,5,Hamilton (Mercedes),43.5178,217.24322,Sunny,1.0
76,1,Verstappen (Red Bull),42.54885,42.54885,Sunny,1.0
76,2,Verstappen (Red Bull),42.65531,85.20416,Sunny,1.0
76,3,Verstappen (Red Bull),43.23935,128.44352,Sunny,1.0
76,4,Verstappen (Red Bull),42.79898,171.2425,Sunny,1.0
76,5,Verstappen (Red Bull),42.89808,214.14058,Sunny,1.0
76,1,Norris (McLaren),43.10169,43.10169,Sunny,1.0
76,2,Norris (McLaren),43.21903,86.32072,Sunny,1.0
76,3,Norris (McLaren),43.84255,130.16326,Sunny,1.0
76,4,Norris (McLaren),42.40835,172.57162,Sunny,1.0
76,5,Norris (McLaren),42.27784,214.84946,Sunny,1.0
77,1,Hamilton (Mercedes),43.32583,43.32583,Sunny,1.0
77,2,Hamilton (Mercedes),43.68774,87.01357,Sunny,1.0
77,3,Hamilton (Mercedes),43.46592,130.47948,Sunny,1.0
77,4,Hamilton (Mercedes),43.83943,174.31891,Sunny,1.0
77,5,Hamilton (Mercedes),43.94593,218.26484,Sunny,1.0
77,1,Verstappen (Red Bull),42.43877,42.43877,Sunny,1.0
77,2,Verstappen (Red Bull),42.05262,84.49139,Sunny,1.0
77,3,Verstappen (Red Bull),43.12816,127.61955,Sunny,1.0
77,4,Verstappen (Red Bull),42.47936,170.09892,Sunny,1.0
77,5,Verstappen (Red Bull),42.41339,212.5123,Sunny,1.0
77,1,Norris (McLaren),42.43776,42.43776,Sunny,1.0
77,2,Norris (McLaren),43.71208,86.14984,Sunny,1.0
77,3,Norris (McLaren),44.24582,130.39566,Sunny,1.0
77,4,Norris (McLaren),43.46387,173.85952,Sunny,1.0
77,5,Norris (McLaren),43.0847,216.94423,Sunny,1.0
78,1,Hamilton (Mercedes),44.04827,44.04827,Sunny,1.0
78,2,Hamilton (Mercedes),44.87396,88.92224,Sunny,1.0
78,3,Hamilton (Mercedes),44.13611,133.05834,Sunny,1.0
78,4,Hamilton (Mercedes),43.47136,176.5297,Sunny,1.0
78,5,Hamilton (Mercedes),43.65599,220.18569,Sunny,1.0
78,1,Verstappen (Red Bull),43.89818,43.89818,Sunny,1.0
78,2,Verstappen (Red Bull),42.85414,86.75232,Sunny,1.0
78,3,Verstappen (Red Bull),43.02902,129.78134,Sunny,1.0
78,4,Verstappen (Red Bull),42.64187,172.42321,Sunny,1.0
78,5,Verstappen (Red Bull),43.08315,215.50637,Sunny,1.0
78,1,Norris (McLaren),44.30211,44.30211,Sunny,1.0
78,2,Norris (McLaren),42.16374,86.46585,Sunny,1.0
78,3,Norris (McLaren),42.76045,129.2263,Sunny,1.0
78,4,Norris (McLaren),42.88354,172.10984,Sunny,1.0
78,5,Norris (McLaren),42.21747,214.32731,Sunny,1.0
79,1,Hamilton (Mercedes),44.46315,44.46315,Sunny,1.0
79,2,Hamilton (Mercedes),42.94794,87.41109,Sunny,1.0
79,3,Hamilton (Mercedes),43.42473,130.83582,Sunny,1.0
79,4,Hamilton (Mercedes),43.37357,174.2094,Sunny,1.0
79,5,Hamilton (Mercedes),42.97589,217.18528,Sunny,1.0
79,1,Verstappen (Red Bull),42.79904,42.79904,Sunny,1.0
79,2,Verstappen (Red Bull),41.68903,84.48807,Sunny,1.0
79,3,Verstappen (Red Bull),43.42521,127.91327,Sunny,1.0
79,4,Verstappen (Red Bull),41.81582,169.72909,Sunny,1.0
79,5,Verstappen (Red Bull),42.67704,212.40613,Sunny,1.0
79,1,Norris (McLaren),44.11182,44.11182,Sunny,1.0
79,2,Norris (McLaren),42.42461,86.53643,Sunny,1.0
79,3,Norris (McLaren),44.01281,130.54924,Sunny,1.0
79,4,Norris (McLaren),43.64642,174.19566,Sunny,1.0
79,5,Norris (McLaren),42.50575,216.70141,Sunny,1.0
80,1,Hamilton (Mercedes),44.29432,44.29432,Sunny,1.0
80,2,Hamilton (Mercedes),43.65189,87.94621,Sunny,1.0
80,3,Hamilton (Mercedes),43.64081,131.58702,Sunny,1.0
80,4,Hamilton (Mercedes),43.3328,174.91982,Sunny,1.0
80,5,Hamilton (Mercedes),42.86975,217.78957,Sunny,1.0
80,1,Verstappen (Red Bull),42.75222,42.75222,Sunny,1.0
80,2,Verstappen (Red Bull),42.70031,85.45252,Sunny,1.0
80,3,Verstappen (Red Bull),42.26593,127.71845,Sunny,1.0
80,4,Verstappen (Red Bull),41.92406,169.64251,Sunny,1.0
80,5,Verstappen (Red Bull),43.35277,212.99528,Sunny,1.0
80,1,Norris (McLaren),42.53305,42.53305,Sunny,1.0
80,2,Norris (McLaren),42.35019,84.88324,Sunny,1.0
80,3,Norris (McLaren),44.348,129.23125,Sunny,1.0
80,4,Norris (McLaren),44.30202,173.53327,Sunny,1.0
80,5,Norris (McLaren),42.73579,216.26906,Sunny,1.0
81,1,Hamilton (Mercedes),43.36598,43.36598,Sunny,1.0
81,2,Hamilton (Mercedes),43.66835,87.03433,Sunny,1.0
81,3,Hamilton (Mercedes),42.83082,129.86515,Sunny,1.0
81,4,Hamilton (Mercedes),44.05301,173.91815,Sunny,1.0
81,5,Hamilton (Mercedes),43.71125,217.6294,Sunny,1.0
81,1,Verstappen (Red Bull),43.43157,43.43157,Sunny,1.0
81,2,Verstappen (Red Bull),42.40444,85.83601,Sunny,1.0
81,3,Verstappen (Red Bull),43.73581,129.57182,Sunny,1.0
81,4,Verstappen (Red Bull),42.62234,172.19416,Sunny,1.0
81,5,Verstappen (Red Bull),43.56708,215.76123,Sunny,1.0
81,1,Norris (McLaren),42.96684,42.96684,Sunny,1.0
81,2,Norris (McLaren),44.81507,87.78192,Sunny,1.0
81,3,Norris (McLaren),43.5704,131.35232,Sunny,1.0
81,4,Norris (McLaren),44.4309,175.78322,Sunny,1.0
81,5,Norris (McLaren),42.32893,218.11215,Sunny,1.0
82,1,Hamilton (Mercedes),44.14419,44.14419,Sunny,1.0
82,2,Hamilton (Mercedes),43.82982,87.97401,Sunny,1.0
82,3,Hamilton (Mercedes),43.51515,131.48916,Sunny,1.0
82,4,Hamilton (Mercedes),43.69097,175.18013,Sunny,1.0
82,5,Hamilton (Mercedes),43.94358,219.12371,Sunny,1.0
82,1,Verstappen (Red Bull),43.19476,43.19476,Sunny,1.0
82,2,Verstappen (Red Bull),43.78693,86.98169,Sunny,1.0
82,3,Verstappen (Red Bull),42.75627,129.73796,Sunny,1.0
82,4,Verstappen (Red Bull),43.58246,173.32042,Sunny,1.0
82,5,Verstappen (Red Bull),43.37223,216.69265,Sunny,1.0
82,1,Norris (McLaren),43.77577,43.77577,Sunny,1.0
82,2,Norris (McLaren),42.87626,86.65204,Sunny,1.0
82,3,Norris (McLaren),44.23627,130.8883,Sunny,1.0
82,4,Norris (McLaren),42.97698,173.86528,Sunny,1.0
82,5,Norris (McLaren),43.42765,217.29293,Sunny,1.0
83,1,Hamilton (Mercedes),43.20166,43.20166,Sunny,1.0
83,2,Hamilton (Mercedes),43.64788,86.84954,Sunny,1.0
83,3,Hamilton (Mercedes),44.19781,131.04734,Sunny,1.0
83,4,Hamilton (Mercedes),43.64368,174.69103,Sunny,1.0
83,5,Hamilton (Mercedes),42.91451,217.60553,Sunny,1.0
83,1,Verstappen (Red Bull),42.30321,42.30321,Sunny,1.0
83,2,Verstappen (Red Bull),42.88723,85.19044,Sunny,1.0
83,3,Verstappen (Red Bull),42.76503,127.95547,Sunny,1.0
83,4,Verstappen (Red Bull),42.50087,170.45634,Sunny,1.0
83,5,Verstappen (Red Bull),43.19695,213.65329,Sunny,1.0
83,1,Norris (McLaren),43.7829,43.7829,Sunny,1.0
83,2,Norris (McLaren),42.39755,86.18045,Sunny,1.0
83,3,Norris (McLaren),43.2733,129.45375,Sunny,1.0
83,4,Norris (McLaren),44.0652,173.51895,Sunny,1.0
83,5,Norris (McLaren),43.60613,217.12508,Sunny,1.0
84,1,Hamilton (Mercedes),42.87049,42.87049,Sunny,1.0
84,2,Hamilton (Mercedes),43.1362,86.00668,Sunny,1.0
84,3,Hamilton (Mercedes),43.08834,129.09502,Sunny,1.0
84,4,Hamilton (Mercedes),44.71581,173.81084,Sunny,1.0
84,5,Hamilton (Mercedes),43.53222,217.34306,Sunny,1.0
84,1,Verstappen (Red Bull),41.59239,41.59239,Sunny,1.0
84,2,Verstappen (Red Bull),43.50037,85.09276,Sunny,1.0
84,3,Verstappen (Red Bull),43.23065,128.32342,Sunny,1.0
84,4,Verstappen (Red Bull),42.452,170.77542,Sunny,1.0
84,5,Verstappen (Red Bull),42.77698,213.5524,Sunny,1.0
84,1,Norris (McLaren),43.25216,43.25216,Sunny,1.0
84,2,Norris (McLaren),43.33028,86.58244,Sunny,1.0
84,3,Norris (McLaren),42.89738,129.47983,Sunny,1.0
84,4,Norris (McLaren),42.51285,171.99267,Sunny,1.0
84,5,Norris (McLaren),44.4771,216.46977,Sunny,1.0
85,1,Hamilton (Mercedes),43.91884,43.91884,Sunny,1.0
85,2,Hamilton (Mercedes),43.43585,87.35469,Sunny,1.0
85,3,Hamilton (Mercedes),43.13151,130.4862,Sunny,1.0
85,4,Hamilton (Mercedes),43.46327,173.94947,Sunny,1.0
85,5,Hamilton (Mercedes),43.48574,217.43521,Sunny,1.0
85,1,Verstappen (Red Bull),42.2837,42.2837,Sunny,1.0
85,2,Verstappen (Red Bull),42.40142,84.68512,Sunny,1.0
85,3,Verstappen (Red Bull),42.21745,126.90257,Sunny,1.0
85,4,Verstappen (Red Bull),43.40956,170.31212,Sunny,1.0
85,5,Verstappen (Red Bull),42.87203,213.18415,Sunny,1.0
85,1,Norris (McLaren),43.7512,43.7512,Sunny,1.0
85,2,Norris (McLaren),43.21004,86.96124,Sunny,1.0
85,3,Norris (McLaren),43.43173,130.39297,Sunny,1.0
85,4,Norris (McLaren),43.21293,173.6059,Sunny,1.0
85,5,Norris (McLaren),43.68607,217.29197,Sunny,1.0
86,1,Hamilton (Mercedes),43.68369,43.68369,Sunny,1.0
86,2,Hamilton (Mercedes),43.38343,87.06712,Sunny,1.0
86,3,Hamilton (Mercedes),43.46243,130.52955,Sunny,1.0
86,4,Hamilton (Mercedes),42.7511,173.28065,Sunny,1.0
86,5,Hamilton (Mercedes),44.00099,217.28164,Sunny,1.0
86,1,Verstappen (Red Bull),42.40617,42.40617,Sunny,1.0
86,2,Verstappen (Red Bull),42.73365,85.13982,Sunny,1.0
86,3,Verstappen (Red Bull),42.71583,127.85565,Sunny,1.0
86,4,Verstappen (Red Bull),41.74,169.59564,Sunny,1.0
86,5,Verstappen (Red Bull),43.3998,212.99544,Sunny,1.0
86,1,Norris (McLaren),42.83311,42.83311,Sunny,1.0
86,2,Norris (McLaren),43.17012,86.00323,Sunny,1.0
86,3,Norris (McLaren),42.10653,128.10976,Sunny,1.0
86,4,Norris (McLaren),42.99904,171.10881,Sunny,1.0
86,5,Norris (McLaren),43.59437,214.70318,Sunny,1.0
87,1,Hamilton (Mercedes),43.53819,43.53819,Sunny,1.0
87,2,Hamilton (Mercedes),43.45987,86.99805,Sunny,1.0
87,3,Hamilton (Mercedes),45.35723,132.35528,Sunny,1.0
87,4,Hamilton (Mercedes),43.97415,176.32943,Sunny,1.0
87,5,Hamilton (Mercedes),43.0884,219.41783,Sunny,1.0
87,1,Verstappen (Red Bull),42.77905,42.77905,Sunny,1.0
87,2,Verstappen (Red Bull),42.53919,85.31824,Sunny,1.0
87,3,Verstappen (Red Bull),42.93019,128.24843,Sunny,1.0
87,4,Verstappen (Red Bull),43.20553,171.45396,Sunny,1.0
87,5,Verstappen (Red Bull),43.3844,214.83836,Sunny,1.0
87,1,Norris (McLaren),43.06509,43.06509,Sunny,1.0
87,2,Norris (McLaren),41.82548,84.89057,Sunny,1.0
87,3,Norris (McLaren),43.80303,128.6936,Sunny,1.0
87,4,Norris (McLaren),43.35714,172.05074,Sunny,1.0
87,5,Norris (McLaren),43.28241,215.33315,Sunny,1.0
88,1,Hamilton (Mercedes),42.9554,42.9554,Sunny,1.0
88,2,Hamilton (Mercedes),44.02925,86.98465,Sunny,1.0
88,3,Hamilton (Mercedes),43.272,130.25665,Sunny,1.0
88,4,Hamilton (Mercedes),43.10011,173.35676,Sunny,1.0
88,5,Hamilton (Mercedes),42.65224,216.00899,Sunny,1.0
88,1,Verstappen (Red Bull),42.62571,42.62571,Sunny,1.0
88,2,Verstappen (Red Bull),42.90172,85.52743,Sunny,1.0
88,3,Verstappen (Red Bull),43.17928,128.70671,Sunny,1.0
88,4,Verstappen (Red Bull),42.99595,171.70266,Sunny,1.0
88,5,Verstappen (Red Bull),41.76201,213.46467,Sunny,1.0
88,1,Norris (McLaren),42.29539,42.29539,Sunny,1.0
88,2,Norris (McLaren),43.48809,85.78349,Sunny,1.0
88,3,Norris (McLaren),43.82815,129.61163,Sunny,1.0
88,4,Norris (McLaren),43.70449,173.31613,Sunny,1.0
88,5,Norris (McLaren),43.36648,216.6826,Sunny,1.0
89,1,Hamilton (Mercedes),43.60093,43.60093,Sunny,1.0
89,2,Hamilton (Mercedes),43.68523,87.28617,Sunny,1.0
89,3,Hamilton (Mercedes),43.2809,130.56706,Sunny,1.0
89,4,Hamilton (Mercedes),42.70154,173.2686,Sunny,1.0
89,5,Hamilton (Mercedes),43.08068,216.34928,Sunny,1.0
89,1,Verstappen (Red Bull),43.97703,43.97703,Sunny,1.0
89,2,Verstappen (Red Bull),43.84526,87.82229,Sunny,1.0
89,3,Verstappen (Red Bull),42.35202,130.17431,Sunny,1.0
89,4,Verstappen (Red Bull),42.57573,172.75005,Sunny,1.0
89,5,Verstappen (Red Bull),42.57232,215.32236,Sunny,1.0
89,1,Norris (McLaren),43.33782,43.33782,Sunny,1.0
89,2,Norris (McLaren),42.58505,85.92287,Sunny,1.0
89,3,Norris (McLaren),44.66239,130.58526,Sunny,1.0
89,4,Norris (McLaren),43.06178,173.64704,Sunny,1.0
89,5,Norris (McLaren),42.98189,216.62893,Sunny,1.0
90,1,Hamilton (Mercedes),44.6885,44.6885,Sunny,1.0
90,2,Hamilton (Mercedes),43.97402,88.66253,Sunny,1.0
90,3,Hamilton (Mercedes),43.85113,132.51366,Sunny,1.0
90,4,Hamilton (Mercedes),42.82927,175.34293,Sunny,1.0
90,5,Hamilton (Mercedes),44.41488,219.75781,Sunny,1.0
90,1,Verstappen (Red Bull),42.77378,42.77378,Sunny,1.0
90,2,Verstappen (Red Bull),42.09686,84.87064,Sunny,1.0
90,3,Verstappen (Red Bull),42.89302,127.76367,Sunny,1.0
90,4,Verstappen (Red Bull),42.26823,170.0319,Sunny,1.0
90,5,Verstappen (Red Bull),42.84265,212.87454,Sunny,1.0
90,1,Norris (McLaren),43.55845,43.55845,Sunny,1.0
90,2,Norris (McLaren),43.24152,86.79996,Sunny,1.0
90,3,Norris (McLaren),42.52345,129.32342,Sunny,1.0
90,4,Norris (McLaren),42.78597,172.10939,Sunny,1.0
90,5,Norris (McLaren),43.41548,215.52486,Sunny,1.0
91,1,Hamilton (Mercedes),43.95208,43.95208,Sunny,1.0
91,2,Hamilton (Mercedes),43.56401,87.51608,Sunny,1.0
91,3,Hamilton (Mercedes),44.08844,131.60452,Sunny,1.0
91,4,Hamilton (Mercedes),43.64944,175.25396,Sunny,1.0
91,5,Hamilton (Mercedes),43.61916,218.87312,Sunny,1.0
91,1,Verstappen (Red Bull),43.36364,43.36364,Sunny,1.0
91,2,Verstappen (Red Bull),43.89172,87.25536,Sunny,1.0
91,3,Verstappen (Red Bull),43.31724,130.57261,Sunny,1.0
91,4,Verstappen (Red Bull),42.00497,172.57758,Sunny,1.0
91,5,Verstappen (Red Bull),43.1742,215.75178,Sunny,1.0
91,1,Norris (McLaren),43.02887,43.02887,Sunny,1.0
91,2,Norris (McLaren),42.98975,86.01862,Sunny,1.0
91,3,Norris (McLaren),43.46984,129.48846,Sunny,1.0
91,4,Norris (McLaren),42.69718,172.18564,Sunny,1.0
91,5,Norris (McLaren),43.37572,215.56136,Sunny,1.0
92,1,Hamilton (Mercedes),43.09511,43.09511,Sunny,1.0
92,2,Hamilton (Mercedes),43.53194,86.62705,Sunny,1.0
92,3,Hamilton (Mercedes),43.76185,130.3889,Sunny,1.0
92,4,Hamilton (Mercedes),43.84354,174.23244,Sunny,1.0
92,5,Hamilton (Mercedes),43.76371,217.99615,Sunny,1.0
92,1,Verstappen (Red Bull),41.8261,41.8261,Sunny,1.0
92,2,Verstappen (Red Bull),42.75135,84.57745,Sunny,1.0
92,3,Verstappen (Red Bull),43.87481,128.45226,Sunny,1.0
92,4,Verstappen (Red Bull),43.47335,171.92561,Sunny,1.0
92,5,Verstappen (Red Bull),42.33256,214.25818,Sunny,1.0
92,1,Norris (McLaren),44.38083,44.38083,Sunny,1.0
92,2,Norris (McLaren),43.01445,87.39528,Sunny,1.0
92,3,Norris (McLaren),43.55493,130.95021,Sunny,1.0
92,4,Norris (McLaren),43.63187,174.58208,Sunny,1.0
92,5,Norris (McLaren),44.56985,219.15193,Sunny,1.0
93,1,Hamilton (Mercedes),43.67638,43.67638,Sunny,1.0
93,2,Hamilton (Mercedes),43.44318,87.11956,Sunny,1.0
93,3,Hamilton (Mercedes),42.83399,129.95355,Sunny,1.0
93,4,Hamilton (Mercedes),43.71602,173.66956,Sunny,1.0
93,5,Hamilton (Mercedes),42.91145,216.58101,Sunny,1.0
93,1,Verstappen (Red Bull),42.87621,42.87621,Sunny,1.0
93,2,Verstappen (Red Bull),42.70744,85.58365,Sunny,1.0
93,3,Verstappen (Red Bull),42.71279,128.29645,Sunny,1.0
93,4,Verstappen (Red Bull),42.99572,171.29217,Sunny,1.0
93,5,Verstappen (Red Bull),42.97085,214.26302,Sunny,1.0
93,1,Norris (McLaren),43.79791,43.79791,Sunny,1.0
93,2,Norris (McLaren),43.36445,87.16236,Sunny,1.0
93,3,Norris (McLaren),42.76695,129.92931,Sunny,1.0
93,4,Norris (McLaren),43.29475,173.22406,Sunny,1.0
93,5,Norris (McLaren),42.65722,215.88129,Sunny,1.0
94,1,Hamilton (Mercedes),43.05677,43.05677,Sunny,1.0
94,2,Hamilton (Mercedes),42.73759,85.79435,Sunny,1.0
94,3,Hamilton (Mercedes),43.43196,129.22631,Sunny,1.0
94,4,Hamilton (Mercedes),43.89353,173.11984,Sunny,1.0
94,5,Hamilton (Mercedes),43.60232,216.72216,Sunny,1.0
94,1,Verstappen (Red Bull),43.35328,43.35328,Sunny,1.0
94,2,Verstappen (Red Bull),42.75191,86.10519,Sunny,1.0
94,3,Verstappen (Red Bull),42.56072,128.66591,Sunny,1.0
94,4,Verstappen (Red Bull),42.46522,171.13113,Sunny,1.0
94,5,Verstappen (Red Bull),44.0887,215.21983,Sunny,1.0
94,1,Norris (McLaren),42.53079,42.53079,Sunny,1.0
94,2,Norris (McLaren),43.28786,85.81865,Sunny,1.0
94,3,Norris (McLaren),43.34001,129.15866,Sunny,1.0
94,4,Norris (McLaren),42.52744,171.6861,Sunny,1.0
94,5,Norris (McLaren),43.03222,214.71832,Sunny,1.0
95,1,Hamilton (Mercedes),43.40356,43.40356,Sunny,1.0
95,2,Hamilton (Mercedes),42.81165,86.21521,Sunny,1.0
95,3,Hamilton (Mercedes),43.99618,130.21138,Sunny,1.0
95,4,Hamilton (Mercedes),42.862,173.07338,Sunny,1.0
95,5,Hamilton (Mercedes),43.52001,216.59339,Sunny,1.0
95,1,Verstappen (Red Bull),42.76711,42.76711,Sunny,1.0
95,2,Verstappen (Red Bull),42.00803,84.77515,Sunny,1.0
95,3,Verstappen (Red Bull),42.94603,127.72117,Sunny,1.0
95,4,Verstappen (Red Bull),42.38987,170.11104,Sunny,1.0
95,5,Verstappen (Red Bull),42.13877,212.24981,Sunny,1.0
95,1,Norris (McLaren),41.70315,41.70315,Sunny,1.0
95,2,Norris (McLaren),42.36766,84.07081,Sunny,1.0
95,3,Norris (McLaren),42.36439,126.4352,Sunny,1.0
95,4,Norris (McLaren),41.72177,168.15697,Sunny,1.0
95,5,Norris (McLaren),43.38105,211.53802,Sunny,1.0
96,1,Hamilton (Mercedes),43.43637,43.43637,Sunny,1.0
96,2,Hamilton (Mercedes),43.8545,87.29086,Sunny,1.0
96,3,Hamilton (Mercedes),43.46134,130.7522,Sunny,1.0
96,4,Hamilton (Mercedes),42.88218,173.63438,Sunny,1.0
96,5,Hamilton (Mercedes),42.71882,216.3532,Sunny,1.0
96,1,Verstappen (Red Bull),42.80136,42.80136,Sunny,1.0
96,2,Verstappen (Red Bull),43.70465,86.50601,Sunny,1.0
96,3,Verstappen (Red Bull),41.93547,128.44148,Sunny,1.0
96,4,Verstappen (Red Bull),42.54413,170.98561,Sunny,1.0
96,5,Verstappen (Red Bull),43.01312,213.99874,Sunny,1.0
96,1,Norris (McLaren),42.73465,42.73465,Sunny,1.0
96,2,Norris (McLaren),43.95161,86.68627,Sunny,1.0
96,3,Norris (McLaren),44.13932,130.82558,Sunny,1.0
96,4,Norris (McLaren),44.25784,175.08343,Sunny,1.0
96,5,Norris (McLaren),44.12926,219.21269,Sunny,1.0
97,1,Hamilton (Mercedes),44.25674,44.25674,Sunny,1.0
97,2,Hamilton (Mercedes),43.62803,87.88477,Sunny,1.0
97,3,Hamilton (Mercedes),43.66449,131.54926,Sunny,1.0
97,4,Hamilton (Mercedes),43.35843,174.90768,Sunny,1.0
97,5,Hamilton (Mercedes),42.97558,217.88327,Sunny,1.0
97,1,Verstappen (Red Bull),43.08459,43.08459,Sunny,1.0
97,2,Verstappen (Red Bull),42.5687,85.65329,Sunny,1.0
97,3,Verstappen (Red Bull),43.55357,129.20686,Sunny,1.0
97,4,Verstappen (Red Bull),42.99035,172.19721,Sunny,1.0
97,5,Verstappen (Red Bull),43.10625,215.30347,Sunny,1.0
97,1,Norris (McLaren),43.58265,43.58265,Sunny,1.0
97,2,Norris (McLaren),44.26118,87.84383,Sunny,1.0
97,3,Norris (McLaren),43.55663,131.40046,Sunny,1.0
97,4,Norris (McLaren),42.8009,174.20136,Sunny,1.0
97,5,Norris (McLaren),43.80634,218.0077,Sunny,1.0
98,1,Hamilton (Mercedes),43.76817,43.76817,Sunny,1.0
98,2,Hamilton (Mercedes),42.47735,86.24552,Sunny,1.0
98,3,Hamilton (Mercedes),42.27476,128.52029,Sunny,1.0
98,4,Hamilton (Mercedes),43.24216,171.76245,Sunny,1.0
98,5,Hamilton (Mercedes),44.07381,215.83626,Sunny,1.0
98,1,Verstappen (Red Bull),42.96729,42.96729,Sunny,1.0
98,2,Verstappen (Red Bull),42.63729,85.60457,Sunny,1.0
98,3,Verstappen (Red Bull),44.00141,129.60598,Sunny,1.0
98,4,Verstappen (Red Bull),42.22106,171.82704,Sunny,1.0
98,5,Verstappen (Red Bull),43.23508,215.06212,Sunny,1.0
98,1,Norris (McLaren),42.63415,42.63415,Sunny,1.0
98,2,Norris (McLaren),43.27488,85.90903,Sunny,1.0
98,3,Norris (McLaren),42.1799,128.08892,Sunny,1.0
98,4,Norris (McLaren),43.31546,171.40439,Sunny,1.0
98,5,Norris (McLaren),42.62827,214.03265,Sunny,1.0
99,1,Hamilton (Mercedes),44.16054,44.16054,Sunny,1.0
99,2,Hamilton (Mercedes),42.9281,87.08864,Sunny,1.0
99,3,Hamilton (Mercedes),42.71897,129.80761,Sunny,1.0
99,4,Hamilton (Mercedes),43.88405,173.69166,Sunny,1.0
99,5,Hamilton (Mercedes),42.8697,216.56135,Sunny,1.0
99,1,Verstappen (Red Bull),43.74565,43.74565,Sunny,1.0
99,2,Verstappen (Red Bull),43.24031,86.98596,Sunny,1.0
99,3,Verstappen (Red Bull),42.18911,129.17507,Sunny,1.0
99,4,Verstappen (Red Bull),42.37351,171.54858,Sunny,1.0
99,5,Verstappen (Red Bull),42.56944,214.11802,Sunny,1.0
99,1,Norris (McLaren),42.71731,42.71731,Sunny,1.0
99,2,Norris (McLaren),42.51329,85.2306,Sunny,1.0
99,3,Norris (McLaren),42.78626,128.01686,Sunny,1.0
99,4,Norris (McLaren),43.49308,171.50995,Sunny,1.0
99,5,Norris (McLaren),42.36744,213.87739,Sunny,1.0
100,1,Hamilton (Mercedes),43.40244,43.40244,Sunny,1.0
100,2,Hamilton (Mercedes),43.58876,86.9912,Sunny,1.0
100,3,Hamilton (Mercedes),43.60631,130.59751,Sunny,1.0
100,4,Hamilton (Mercedes),44.7238,175.32131,Sunny,1.0
100,5,Hamilton (Mercedes),43.83901,219.16033,Sunny,1.0
100,1,Verstappen (Red Bull),43.35887,43.35887,Sunny,1.0
100,2,Verstappen (Red Bull),42.7266,86.08547,Sunny,1.0
100,3,Verstappen (Red Bull),43.37691,129.46238,Sunny,1.0
100,4,Verstappen (Red Bull),42.18776,171.65014,Sunny,1.0
100,5,Verstappen (Red Bull),43.2892,214.93934,Sunny,1.0
100,1,Norris (McLaren),43.71576,43.71576,Sunny,1.0
100,2,Norris (McLaren),43.75055,87.46631,Sunny,1.0
100,3,Norris (McLaren),43.46873,130.93504,Sunny,1.0
100,4,Norris (McLaren),42.30362,173.23866,Sunny,1.0
100,5,Norris (McLaren),42.53884,215.77751,Sunny,1.0
101,1,Hamilton (Mercedes),44.07024,44.07024,Sunny,1.0
101,2,Hamilton (Mercedes),43.04305,87.11329,Sunny,1.0
101,3,Hamilton (Mercedes),44.1371,131.25039,Sunny,1.0
101,4,Hamilton (Mercedes),43.45542,174.70581,Sunny,1.0
101,5,Hamilton (Mercedes),42.68451,217.39033,Sunny,1.0
101,1,Verstappen (Red Bull),42.39608,42.39608,Sunny,1.0
101,2,Verstappen (Red Bull),42.72962,85.1257,Sunny,1.0
101,3,Verstappen (Red Bull),44.65977,129.78547,Sunny,1.0
101,4,Verstappen (Red Bull),43.52891,173.31437,Sunny,1.0
101,5,Verstappen (Red Bull),43.42564,216.74002,Sunny,1.0
101,1,Norris (McLaren),41.98361,41.98361,Sunny,1.0
101,2,Norris (McLaren),43.04042,85.02403,Sunny,1.0
101,3,Norris (McLaren),42.65113,127.67516,Sunny,1.0
101,4,Norris (McLaren),43.44405,171.11921,Sunny,1.0
101,5,Norris (McLaren),43.05472,214.17393,Sunny,1.0
102,1,Hamilton (Mercedes),43.59839,43.59839,Sunny,1.0
102,2,Hamilton (Mercedes),44.38179,87.98019,Sunny,1.0
102,3,Hamilton (Mercedes),43.00403,130.98422,Sunny,1.0
102,4,Hamilton (Mercedes),43.6369,174.62113,Sunny,1.0
102,5,Hamilton (Mercedes),42.99272,217.61385,Sunny,1.0
102,1,Verstappen (Red Bull),43.73216,43.73216,Sunny,1.0
102,2,Verstappen (Red Bull),44.10867,87.84083,Sunny,1.0
102,3,Verstappen (Red Bull),43.8299,131.67073,Sunny,1.0
102,4,Verstappen (Red Bull),43.36765,175.03838,Sunny,1.0
102,5,Verstappen (Red Bull),42.56592,217.60431,Sunny,1.0
102,1,Norris (McLaren),42.71354,42.71354,Sunny,1.0
102,2,Norris (McLaren),43.98344,86.69698,Sunny,1.0
102,3,Norris (McLaren),42.64822,129.3452,Sunny,1.0
102,4,Norris (McLaren),44.7106,174.05579,Sunny,1.0
102,5,Norris (McLaren),43.3541,217.40989,Sunny,1.0
103,1,Hamilton (Mercedes),44.34759,44.34759,Sunny,1.0
103,2,Hamilton (Mercedes),43.32596,87.67355,Sunny,1.0
103,3,Hamilton (Mercedes),43.62383,131.29737,Sunny,1.0
103,4,Hamilton (Mercedes),44.02437,175.32174,Sunny,1.0
103,5,Hamilton (Mercedes),43.43247,218.75421,Sunny,1.0
103,1,Verstappen (Red Bull),43.23183,43.23183,Sunny,1.0
103,2,Verstappen (Red Bull),42.70905,85.94088,Sunny,1.0
103,3,Verstappen (Red Bull),43.04402,128.98489,Sunny,1.0
103,4,Verstappen (Red Bull),42.15153,171.13642,Sunny,1.0
103,5,Verstappen (Red Bull),42.19816,213.33458,Sunny,1.0
103,1,Norris (McLaren),43.01044,43.01044,Sunny,1.0
103,2,Norris (McLaren),43.62739,86.63783,Sunny,1.0
103,3,Norris (McLaren),43.51542,130.15325,Sunny,1.0
103,4,Norris (McLaren),43.01813,173.17137,Sunny,1.0
103,5,Norris (McLaren),42.53842,215.70979,Sunny,1.0
104,1,Hamilton (Mercedes),43.90259,43.90259,Sunny,1.0
104,2,Hamilton (Mercedes),44.40117,88.30376,Sunny,1.0
104,3,Hamilton (Mercedes),43.87835,132.18211,Sunny,1.0
104,4,Hamilton (Mercedes),42.90903,175.09114,Sunny,1.0
104,5,Hamilton (Mercedes),42.97168,218.06282,Sunny,1.0
104,1,Verstappen (Red Bull),42.63321,42.63321,Sunny,1.0
104,2,Verstappen (Red Bull),43.98718,86.62039,Sunny,1.0
104,3,Verstappen (Red Bull),42.43399,129.05438,Sunny,1.0
104,4,Verstappen (Red Bull),42.12621,171.18058,Sunny,1.0
104,5,Verstappen (Red Bull),42.1034,213.28398,Sunny,1.0
104,1,Norris (McLaren),43.2107,43.2107,Sunny,1.0
104,2,Norris (McLaren),42.54408,85.75478,Sunny,1.0
104,3,Norris (McLaren),43.26186,129.01664,Sunny,1.0
104,4,Norris (McLaren),43.7183,172.73494,Sunny,1.0
104,5,Norris (McLaren),43.17742,215.91236,Sunny,1.0
105,1,Hamilton (Mercedes),43.57123,43.57123,Sunny,1.0
105,2,Hamilton (Mercedes),43.91852,87.48975,Sunny,1.0
105,3,Hamilton (Mercedes),44.00877,131.49853,Sunny,1.0
105,4,Hamilton (Mercedes),43.72766,175.22619,Sunny,1.0
105,5,Hamilton (Mercedes),43.97218,219.19836,Sunny,1.0
105,1,Verstappen (Red Bull),42.78721,42.78721,Sunny,1.0
105,2,Verstappen (Red Bull),43.33792,86.12513,Sunny,1.0
105,3,Verstappen (Red Bull),42.27848,128.40361,Sunny,1.0
105,4,Verstappen (Red Bull),42.58622,170.98983,Sunny,1.0
105,5,Verstappen (Red Bull),43.32965,214.31948,Sunny,1.0
105,1,Norris (McLaren),42.63253,42.63253,Sunny,1.0
105,2,Norris (McLaren),42.80301,85.43553,Sunny,1.0
105,3,Norris (McLaren),44.14529,129.58083,Sunny,1.0
105,4,Norris (McLaren),43.15141,172.73223,Sunny,1.0
105,5,Norris (McLaren),43.57319,216.30542,Sunny,1.0
106,1,Hamilton (Mercedes),43.67188,43.67188,Sunny,1.0
106,2,Hamilton (Mercedes),43.71921,87.39108,Sunny,1.0
106,3,Hamilton (Mercedes),43.48077,130.87186,Sunny,1.0
106,4,Hamilton (Mercedes),43.99162,174.86348,Sunny,1.0
106,5,Hamilton (Mercedes),43.99729,218.86077,Sunny,1.0
106,1,Verstappen (Red Bull),43.36803,43.36803,Sunny,1.0
106,2,Verstappen (Red Bull),42.68135,86.04939,Sunny,1.0
106,3,Verstappen (Red Bull),42.2173,128.26669,Sunny,1.0
106,4,Verstappen (Red Bull),43.58778,171.85447,Sunny,1.0
106,5,Verstappen (Red Bull),42.40776,214.26223,Sunny,1.0
106,1,Norris (McLaren),42.18057,42.18057,Sunny,1.0
106,2,Norris (McLaren),42.97831,85.15889,Sunny,1.0
106,3,Norris (McLaren),43.60614,128.76503,Sunny,1.0
106,4,Norris (McLaren),43.44374,172.20877,Sunny,1.0
106,5,Norris (McLaren),42.74166,214.95043,Sunny,1.0
107,1,Hamilton (Mercedes),43.49715,43.49715,Sunny,1.0
107,2,Hamilton (Mercedes),42.62647,86.12362,Sunny,1.0
107,3,Hamilton (Mercedes),43.31621,129.43983,Sunny,1.0
107,4,Hamilton (Mercedes),44.21192,173.65174,Sunny,1.0
107,5,Hamilton (Mercedes),43.56744,217.21919,Sunny,1.0
107,1,Verstappen (Red Bull),43.67222,43.67222,Sunny,1.0
107,2,Verstappen (Red Bull),43.34874,87.02096,Sunny,1.0
107,3,Verstappen (Red Bull),43.17083,130.19179,Sunny,1.0
107,4,Verstappen (Red Bull),42.20295,172.39474,Sunny,1.0
107,5,Verstappen (Red Bull),42.45424,214.84898,Sunny,1.0
107,1,Norris (McLaren),42.40856,42.40856,Sunny,1.0
107,2,Norris (McLaren),42.74505,85.15361,Sunny,1.0
107,3,Norris (McLaren),43.04529,128.1989,Sunny,1.0
107,4,Norris (McLaren),43.08954,171.28844,Sunny,1.0
107,5,Norris (McLaren),43.93271,215.22115,Sunny,1.0
108,1,Hamilton (Mercedes),42.06586,42.06586,Sunny,1.0
108,2,Hamilton (Mercedes),43.4114,85.47726,Sunny,1.0
108,3,Hamilton (Mercedes),42.47828,127.95554,Sunny,1.0
108,4,Hamilton (Mercedes),43.94999,171.90553,Sunny,1.0
108,5,Hamilton (Mercedes),43.51196,215.4175,Sunny,1.0
108,1,Verstappen (Red Bull),42.689,42.689,Sunny,1.0
108,2,Verstappen (Red Bull),44.07305,86.76206,Sunny,1.0
108,3,Verstappen (Red Bull),43.4601,130.22215,Sunny,1.0
108,4,Verstappen (Red Bull),42.92202,173.14417,Sunny,1.0
108,5,Verstappen (Red Bull),42.83389,215.97806,Sunny,1.0
108,1,Norris (McLaren),43.9162,43.9162,Sunny,1.0
108,2,Norris (McLaren),42.75446,86.67066,Sunny,1.0
108,3,Norris (McLaren),43.76143,130.43209,Sunny,1.0
108,4,Norris (McLaren),43.73075,174.16284,Sunny,1.0
108,5,Norris (McLaren),42.29116,216.45401,Sunny,1.0
109,1,Hamilton (Mercedes),43.42069,43.42069,Sunny,1.0
109,2,Hamilton (Mercedes),42.49309,85.91378,Sunny,1.0
109,3,Hamilton (Mercedes),43.39252,129.3063,Sunny,1.0
109,4,Hamilton (Mercedes),43.48884,172.79514,Sunny,1.0
109,5,Hamilton (Mercedes),42.82073,215.61586,Sunny,1.0
109,1,Verstappen (Red Bull),42.6445,42.6445,Sunny,1.0
109,2,Verstappen (Red Bull),43.34568,85.99018,Sunny,1.0
109,3,Verstappen (Red Bull),42.97149,128.96167,Sunny,1.0
109,4,Verstappen (Red Bull),43.38084,172.34251,Sunny,1.0
109,5,Verstappen (Red Bull),42.38413,214.72664,Sunny,1.0
109,1,Norris (McLaren),43.29799,43.29799,Sunny,1.0
109,2,Norris (McLaren),43.77393,87.07191,Sunny,1.0
109,3,Norris (McLaren),41.77535,128.84726,Sunny,1.0
109,4,Norris (McLaren),43.1054,171.95266,Sunny,1.0
109,5,Norris (McLaren),43.94501,215.89767,Sunny,1.0
110,1,Hamilton (Mercedes),43.80782,43.80782,Sunny,1.0
110,2,Hamilton (Mercedes),43.68743,87.49525,Sunny,1.0
110,3,Hamilton (Mercedes),43.87962,131.37487,Sunny,1.0
110,4,Hamilton (Mercedes),44.23401,175.60888,Sunny,1.0
110,5,Hamilton (Mercedes),43.72449,219.33337,Sunny,1.0
110,1,Verstappen (Red Bull),42.08028,42.08028,Sunny,1.0
110,2,Verstappen (Red Bull),43.57525,85.65554,Sunny,1.0
110,3,Verstappen (Red Bull),43.16342,128.81896,Sunny,1.0
110,4,Verstappen (Red Bull),43.09255,171.91151,Sunny,1.0
110,5,Verstappen (Red Bull),42.99325,214.90476,Sunny,1.0
110,1,Norris (McLaren),43.96119,43.96119,Sunny,1.0
110,2,Norris (McLaren),42.48586,86.44705,Sunny,1.0
110,3,Norris (McLaren),43.71162,130.15867,Sunny,1.0
110,4,Norris (McLaren),43.28322,173.44189,Sunny,1.0
110,5,Norris (McLaren),41.8677,215.30959,Sunny,1.0
111,1,Hamilton (Mercedes),42.96275,42.96275,Sunny,1.0
111,2,Hamilton (Mercedes),43.03737,86.00012,Sunny,1.0
111,3,Hamilton (Mercedes),43.8302,129.83032,Sunny,1.0
111,4,Hamilton (Mercedes),42.88631,172.71663,Sunny,1.0
111,5,Hamilton (Mercedes),44.29024,217.00687,Sunny,1.0
111,1,Verstappen (Red Bull),42.58316,42.58316,Sunny,1.0
111,2,Verstappen (Red Bull),43.52137,86.10453,Sunny,1.0
111,3,Verstappen (Red Bull),42.7303,128.83483,Sunny,1.0
111,4,Verstappen (Red Bull),42.95264,171.78746,Sunny,1.0
111,5,Verstappen (Red Bull),44.01965,215.80712,Sunny,1.0
111,1,Norris (McLaren),42.63359,42.63359,Sunny,1.0
111,2,Norris (McLaren),43.55365,86.18724,Sunny,1.0
111,3,Norris (McLaren),42.24598,128.43322,Sunny,1.0
111,4,Norris (McLaren),42.93056,171.36378,Sunny,1.0
111,5,Norris (McLaren),42.07787,213.44166,Sunny,1.0
112,1,Hamilton (Mercedes),43.67656,43.67656,Sunny,1.0
112,2,Hamilton (Mercedes),42.65427,86.33083,Sunny,1.0
112,3,Hamilton (Mercedes),43.95061,130.28144,Sunny,1.0
112,4,Hamilton (Mercedes),43.66696,173.94839,Sunny,1.0
112,5,Hamilton (Mercedes),43.95526,217.90365,Sunny,1.0
112,1,Verstappen (Red Bull),43.37152,43.37152,Sunny,1.0
112,2,Verstappen (Red Bull),42.71499,86.08651,Sunny,1.0
112,3,Verstappen (Red Bull),42.83387,128.92039,Sunny,1.0
112,4,Verstappen (Red Bull),43.50065,172.42103,Sunny,1.0
112,5,Verstappen (Red Bull),43.24381,215.66485,Sunny,1.0
112,1,Norris (McLaren),43.20661,43.20661,Sunny,1.0
112,2,Norris (McLaren),42.9656,86.17221,Sunny,1.0
112,3,Norris (McLaren),44.88306,131.05527,Sunny,1.0
112,4,Norris (McLaren),42.36703,173.4223,Sunny,1.0
112,5,Norris (McLaren),43.12977,216.55206,Sunny,1.0
113,1,Hamilton (Mercedes),44.17645,44.17645,Sunny,1.0
113,2,Hamilton (Mercedes),43.78679,87.96324,Sunny,1.0
113,3,Hamilton (Mercedes),42.99677,130.96002,Sunny,1.0
113,4,Hamilton (Mercedes),43.2605,174.22051,Sunny,1.0
113,5,Hamilton (Mercedes),44.43907,218.65959,Sunny,1.0
113,1,Verstappen (Red Bull),43.58956,43.58956,Sunny,1.0
113,2,Verstappen (Red Bull),42.50101,86.09057,Sunny,1.0
113,3,Verstappen (Red Bull),41.96483,128.0554,Sunny,1.0
113,4,Verstappen (Red Bull),42.97181,171.02721,Sunny,1.0
113,5,Verstappen (Red Bull),43.88004,214.90725,Sunny,1.0
113,1,Norris (McLaren),43.48713,43.48713,Sunny,1.0
113,2,Norris (McLaren),43.45899,86.94612,Sunny,1.0
113,3,Norris (McLaren),43.10801,130.05414,Sunny,1.0
113,4,Norris (McLaren),43.1769,173.23103,Sunny,1.0
113,5,Norris (McLaren),43.25125,216.48228,Sunny,1.0
114,1,Hamilton (Mercedes),43.21793,43.21793,Sunny,1.0
114,2,Hamilton (Mercedes),43.35735,86.57528,Sunny,1.0
114,3,Hamilton (Mercedes),42.85838,129.43365,Sunny,1.0
114,4,Hamilton (Mercedes),43.98922,173.42287,Sunny,1.0
114,5,Hamilton (Mercedes),43.45541,216.87829,Sunny,1.0
114,1,Verstappen (Red Bull),43.59689,43.59689,Sunny,1.0
114,2,Verstappen (Red Bull),42.85988,86.45677,Sunny,1.0
114,3,Verstappen (Red Bull),44.24747,130.70424,Sunny,1.0
114,4,Verstappen (Red Bull),43.13868,173.84292,Sunny,1.0
114,5,Verstappen (Red Bull),41.88657,215.72949,Sunny,1.0
114,1,Norris (McLaren),42.41171,42.41171,Sunny,1.0
114,2,Norris (McLaren),42.24103,84.65274,Sunny,1.0
114,3,Norris (McLaren),42.62883,127.28157,Sunny,1.0
114,4,Norris (McLaren),41.68916,168.97074,Sunny,1.0
114,5,Norris (McLaren),43.25788,212.22862,Sunny,1.0
115,1,Hamilton (Mercedes),43.7575,43.7575,Sunny,1.0
115,2,Hamilton (Mercedes),42.94301,86.70051,Sunny,1.0
115,3,Hamilton (Mercedes),43.31254,130.01305,Sunny,1.0
115,4,Hamilton (Mercedes),43.33113,173.34418,Sunny,1.0
115,5,Hamilton (Mercedes),43.80386,217.14804,Sunny,1.0
115,1,Verstappen (Red Bull),44.18906,44.18906,Sunny,1.0
115,2,Verstappen (Red Bull),42.762,86.95106,Sunny,1.0
115,3,Verstappen (Red Bull),43.27695,130.22801,Sunny,1.0
115,4,Verstappen (Red Bull),42.80134,173.02935,Sunny,1.0
115,5,Verstappen (Red Bull),43.39615,216.4255,Sunny,1.0
115,1,Norris (McLaren),43.3522,43.3522,Sunny,1.0
115,2,Norris (McLaren),42.26726,85.61946,Sunny,1.0
115,3,Norris (McLaren),42.29562,127.91508,Sunny,1.0
115,4,Norris (McLaren),41.93415,169.84923,Sunny,1.0
115,5,Norris (McLaren),42.2973,212.14654,Sunny,1.0
116,1,Hamilton (Mercedes),43.34641,43.34641,Sunny,1.0
116,2,Hamilton (Mercedes),43.02179,86.3682,Sunny,1.0
116,3,Hamilton (Mercedes),43.58134,129.94954,Sunny,1.0
116,4,Hamilton (Mercedes),44.02565,173.9752,Sunny,1.0
116,5,Hamilton (Mercedes),43.1571,217.1323,Sunny,1.0
116,1,Verstappen (Red Bull),42.92958,42.92958,Sunny,1.0
116,2,Verstappen (Red Bull),41.58834,84.51793,Sunny,1.0
116,3,Verstappen (Red Bull),42.72834,127.24626,Sunny,1.0
116,4,Verstappen (Red Bull),42.15522,169.40148,Sunny,1.0
116,5,Verstappen (Red Bull),42.64516,212.04664,Sunny,1.0
116,1,Norris (McLaren),43.01623,43.01623,Sunny,1.0
116,2,Norris (McLaren),42.4707,85.48693,Sunny,1.0
116,3,Norris (McLaren),44.65321,130.14014,Sunny,1.0
116,4,Norris (McLaren),43.89041,174.03055,Sunny,1.0
116,5,Norris (McLaren),42.4809,216.51145,Sunny,1.0
117,1,Hamilton (Mercedes),43.1634,43.1634,Sunny,1.0
117,2,Hamilton (Mercedes),44.29481,87.45821,Sunny,1.0
117,3,Hamilton (Mercedes),44.15053,131.60873,Sunny,1.0
117,4,Hamilton (Mercedes),44.1186,175.72733,Sunny,1.0
117,5,Hamilton (Mercedes),44.89291,220.62024,Sunny,1.0
117,1,Verstappen (Red Bull),42.42829,42.42829,Sunny,1.0
117,2,Verstappen (Red Bull),43.13142,85.55971,Sunny,1.0
117,3,Verstappen (Red Bull),42.57516,128.13487,Sunny,1.0
117,4,Verstappen (Red Bull),42.49361,170.62848,Sunny,1.0
117,5,Verstappen (Red Bull),42.9575,213.58598,Sunny,1.0
117,1,Norris (McLaren),44.18971,44.18971,Sunny,1.0
117,2,Norris (McLaren),42.60514,86.79485,Sunny,1.0
117,3,Norris (McLaren),43.79892,130.59377,Sunny,1.0
117,4,Norris (McLaren),43.13299,173.72676,Sunny,1.0
117,5,Norris (McLaren),41.96072,215.68748,Sunny,1.0
118,1,Hamilton (Mercedes),43.96241,43.96241,Sunny,1.0
118,2,Hamilton (Mercedes),43.2163,87.17871,Sunny,1.0
118,3,Hamilton (Mercedes),43.47219,130.6509,Sunny,1.0
118,4,Hamilton (Mercedes),43.7217,174.3726,Sunny,1.0
118,5,Hamilton (Mercedes),43.6879,218.0605,Sunny,1.0
118,1,Verstappen (Red Bull),43.24506,43.24506,Sunny,1.0
118,2,Verstappen (Red Bull),42.93074,86.17581,Sunny,1.0
118,3,Verstappen (Red Bull),42.51052,128.68633,Sunny,1.0
118,4,Verstappen (Red Bull),43.54718,172.23351,Sunny,1.0
118,5,Verstappen (Red Bull),43.09207,215.32558,Sunny,1.0
118,1,Norris (McLaren),43.18192,43.18192,Sunny,1.0
118,2,Norris (McLaren),43.30441,86.48633,Sunny,1.0
118,3,Norris (McLaren),43.21843,129.70476,Sunny,1.0
118,4,Norris (McLaren),43.28509,172.98986,Sunny,1.0
118,5,Norris (McLaren),42.16973,215.15959,Sunny,1.0
119,1,Hamilton (Mercedes),43.12712,43.12712,Sunny,1.0
119,2,Hamilton (Mercedes),44.04296,87.17008,Sunny,1.0
119,3,Hamilton (Mercedes),43.82648,130.99656,Sunny,1.0
119,4,Hamilton (Mercedes),43.33985,174.3364,Sunny,1.0
119,5,Hamilton (Mercedes),43.89292,218.22932,Sunny,1.0
119,1,Verstappen (Red Bull),42.70611,42.70611,Sunny,1.0
119,2,Verstappen (Red Bull),43.04606,85.75218,Sunny,1.0
119,3,Verstappen (Red Bull),41.70319,127.45537,Sunny,1.0
119,4,Verstappen (Red Bull),43.32643,170.7818,Sunny,1.0
119,5,Verstappen (Red Bull),43.05596,213.83775,Sunny,1.0
119,1,Norris (McLaren),42.45478,42.45478,Sunny,1.0
119,2,Norris (McLaren),44.58289,87.03767,Sunny,1.0
119,3,Norris (McLaren),44.21032,131.24799,Sunny,1.0
119,4,Norris (McLaren),44.32216,175.57015,Sunny,1.0
119,5,Norris (McLaren),42.86456,218.43471,Sunny,1.0
120,1,Hamilton (Mercedes),43.56937,43.56937,Sunny,1.0
120,2,Hamilton (Mercedes),43.72499,87.29436,Sunny,1.0
120,3,Hamilton (Mercedes),43.18908,130.48344,Sunny,1.0
120,4,Hamilton (Mercedes),44.40471,174.88815,Sunny,1.0
120,5,Hamilton (Mercedes),43.76239,218.65054,Sunny,1.0
120,1,Verstappen (Red Bull),41.65028,41.65028,Sunny,1.0
120,2,Verstappen (Red Bull),43.29906,84.94934,Sunny,1.0
120,3,Verstappen (Red Bull),43.98414,128.93348,Sunny,1.0
120,4,Verstappen (Red Bull),42.50727,171.44075,Sunny,1.0
120,5,Verstappen (Red Bull),43.45168,214.89243,Sunny,1.0
120,1,Norris (McLaren),43.35084,43.35084,Sunny,1.0
120,2,Norris (McLaren),44.02573,87.37657,Sunny,1.0
120,3,Norris (McLaren),42.69287,130.06944,Sunny,1.0
120,4,Norris (McLaren),42.34471,172.41415,Sunny,1.0
120,5,Norris (McLaren),43.26558,215.67973,Sunny,1.0
121,1,Hamilton (Mercedes),44.70534,44.70534,Sunny,1.0
121,2,Hamilton (Mercedes),43.00694,87.71228,Sunny,1.0
121,3,Hamilton (Mercedes),42.12966,129.84195,Sunny,1.0
121,4,Hamilton (Mercedes),44.81324,174.65518,Sunny,1.0
121,5,Hamilton (Mercedes),42.16102,216.81621,Sunny,1.0
121,1,Verstappen (Red Bull),42.49121,42.49121,Sunny,1.0
121,2,Verstappen (Red Bull),41.65893,84.15014,Sunny,1.0
121,3,Verstappen (Red Bull),42.37657,126.52672,Sunny,1.0
121,4,Verstappen (Red Bull),42.90428,169.431,Sunny,1.0
121,5,Verstappen (Red Bull),41.49715,210.92815,Sunny,1.0
121,1,Norris (McLaren),42.44583,42.44583,Sunny,1.0
121,2,Norris (McLaren),43.01024,85.45607,Sunny,1.0
121,3,Norris (McLaren),42.80454,128.26061,Sunny,1.0
121,4,Norris (McLaren),42.96182,171.22243,Sunny,1.0
121,5,Norris (McLaren),43.43246,214.65489,Sunny,1.0
122,1,Hamilton (Mercedes),43.59106,43.59106,Sunny,1.0
122,2,Hamilton (Mercedes),43.36296,86.95403,Sunny,1.0
122,3,Hamilton (Mercedes),43.63305,130.58708,Sunny,1.0
122,4,Hamilton (Mercedes),43.86037,174.44744,Sunny,1.0
122,5,Hamilton (Mercedes),43.13809,217.58554,Sunny,1.0
122,1,Verstappen (Red Bull),42.47993,42.47993,Sunny,1.0
122,2,Verstappen (Red Bull),43.0017,85.48163,Sunny,1.0
122,3,Verstappen (Red Bull),43.23408,128.71571,Sunny,1.0
122,4,Verstappen (Red Bull),41.78652,170.50223,Sunny,1.0
122,5,Verstappen (Red Bull),43.82839,214.33061,Sunny,1.0
122,1,Norris (McLaren),42.83674,42.83674,Sunny,1.0
122,2,Norris (McLaren),43.63893,86.47567,Sunny,1.0
122,3,Norris (McLaren),44.49983,130.97549,Sunny,1.0
122,4,Norris (McLaren),43.11275,174.08824,Sunny,1.0
122,5,Norris (McLaren),43.51439,217.60263,Sunny,1.0
123,1,Hamilton (Mercedes),43.63843,43.63843,Sunny,1.0
123,2,Hamilton (Mercedes),43.81453,87.45297,Sunny,1.0
123,3,Hamilton (Mercedes),43.51255,130.96552,Sunny,1.0
123,4,Hamilton (Mercedes),43.9175,174.88302,Sunny,1.0
123,5,Hamilton (Mercedes),43.52743,218.41045,Sunny,1.0
123,1,Verstappen (Red Bull),43.53532,43.53532,Sunny,1.0
123,2,Verstappen (Red Bull),42.94904,86.48436,Sunny,1.0
123,3,Verstappen (Red Bull),43.14725,129.63161,Sunny,1.0
123,4,Verstappen (Red Bull),42.91067,172.54227,Sunny,1.0
123,5,Verstappen (Red Bull),42.12826,214.67053,Sunny,1.0
123,1,Norris (McLaren),44.24355,44.24355,Sunny,1.0
123,2,Norris (McLaren),43.84871,88.09226,Sunny,1.0
123,3,Norris (McLaren),43.58842,131.68068,Sunny,1.0
123,4,Norris (McLaren),44.56893,176.24961,Sunny,1.0
123,5,Norris (McLaren),43.97611,220.22572,Sunny,1.0
124,1,Hamilton (Mercedes),43.17843,43.17843,Sunny,1.0
124,2,Hamilton (Mercedes),43.5624,86.74083,Sunny,1.0
124,3,Hamilton (Mercedes),43.56672,130.30755,Sunny,1.0
124,4,Hamilton (Mercedes),43.61592,173.92347,Sunny,1.0
124,5,Hamilton (Mercedes),43.91617,217.83964,Sunny,1.0
124,1,Verstappen (Red Bull),42.78852,42.78852,Sunny,1.0
124,2,Verstappen (Red Bull),42.32819,85.11671,Sunny,1.0
124,3,Verstappen (Red Bull),42.11179,127.2285,Sunny,1.0
124,4,Verstappen (Red Bull),41.9555,169.184,Sunny,1.0
124,5,Verstappen (Red Bull),43.72006,212.90406,Sunny,1.0
124,1,Norris (McLaren),43.2015,43.2015,Sunny,1.0
124,2,Norris (McLaren),42.28267,85.48417,Sunny,1.0
124,3,Norris (McLaren),43.80881,129.29298,Sunny,1.0
124,4,Norris (McLaren),44.10407,173.39705,Sunny,1.0
124,5,Norris (McLaren),42.54536,215.94241,Sunny,1.0
125,1,Hamilton (Mercedes),43.61753,43.61753,Sunny,1.0
125,2,Hamilton (Mercedes),43.20807,86.8256,Sunny,1.0
125,3,Hamilton (Mercedes),43.68824,130.51384,Sunny,1.0
125,4,Hamilton (Mercedes),44.2265,174.74034,Sunny,1.0
125,5,Hamilton (Mercedes),43.63459,218.37493,Sunny,1.0
125,1,Verstappen (Red Bull),42.42035,42.42035,Sunny,1.0
125,2,Verstappen (Red Bull),42.99078,85.41113,Sunny,1.0
125,3,Verstappen (Red Bull),41.78406,127.19519,Sunny,1.0
125,4,Verstappen (Red Bull),43.94076,171.13596,Sunny,1.0
125,5,Verstappen (Red Bull),42.33597,213.47193,Sunny,1.0
125,1,Norris (McLaren),44.20491,44.20491,Sunny,1.0
125,2,Norris (McLaren),43.32887,87.53378,Sunny,1.0
125,3,Norris (McLaren),42.12196,129.65575,Sunny,1.0
125,4,Norris (McLaren),42.71739,172.37314,Sunny,1.0
125,5,Norris (McLaren),42.84154,215.21468,Sunny,1.0
126,1,Hamilton (Mercedes),43.36909,43.36909,Sunny,1.0
126,2,Hamilton (Mercedes),44.08655,87.45564,Sunny,1.0
126,3,Hamilton (Mercedes),43.44892,130.90455,Sunny,1.0
126,4,Hamilton (Mercedes),43.92121,174.82576,Sunny,1.0
126,5,Hamilton (Mercedes),43.42412,218.24988,Sunny,1.0
126,1,Verstappen (Red Bull),42.77102,42.77102,Sunny,1.0
126,2,Verstappen (Red Bull),42.00163,84.77265,Sunny,1.0
126,3,Verstappen (Red Bull),43.64984,128.42249,Sunny,1.0
126,4,Verstappen (Red Bull),43.01308,171.43558,Sunny,1.0
126,5,Verstappen (Red Bull),42.95519,214.39077,Sunny,1.0
126,1,Norris (McLaren),43.63868,43.63868,Sunny,1.0
126,2,Norris (McLaren),42.59725,86.23593,Sunny,1.0
126,3,Norris (McLaren),43.75952,129.99545,Sunny,1.0
126,4,Norris (McLaren),42.83499,172.83044,Sunny,1.0
126,5,Norris (McLaren),42.55788,215.38832,Sunny,1.0
127,1,Hamilton (Mercedes),42.98001,42.98001,Sunny,1.0
127,2,Hamilton (Mercedes),42.38561,85.36562,Sunny,1.0
127,3,Hamilton (Mercedes),43.20099,128.56661,Sunny,1.0
127,4,Hamilton (Mercedes),43.058,171.62461,Sunny,1.0
127,5,Hamilton (Mercedes),43.10826,214.73288,Sunny,1.0
127,1,Verstappen (Red Bull),43.99564,43.99564,Sunny,1.0
127,2,Verstappen (Red Bull),42.87614,86.87179,Sunny,1.0
127,3,Verstappen (Red Bull),42.63706,129.50885,Sunny,1.0
127,4,Verstappen (Red Bull),43.39047,172.89931,Sunny,1.0
127,5,Verstappen (Red Bull),42.15606,215.05537,Sunny,1.0
127,1,Norris (McLaren),42.92785,42.92785,Sunny,1.0
127,2,Norris (McLaren),41.81357,84.74142,Sunny,1.0
127,3,Norris (McLaren),44.30946,129.05088,Sunny,1.0
127,4,Norris (McLaren),43.28162,172.3325,Sunny,1.0
127,5,Norris (McLaren),42.61637,214.94887,Sunny,1.0
128,1,Hamilton (Mercedes),43.50406,43.50406,Sunny,1.0
128,2,Hamilton (Mercedes),43.91338,87.41744,Sunny,1.0
128,3,Hamilton (Mercedes),43.60398,131.02142,Sunny,1.0
128,4,Hamilton (Mercedes),43.69422,174.71564,Sunny,1.0
128,5,Hamilton (Mercedes),43.9305,218.64614,Sunny,1.0
128,1,Verstappen (Red Bull),42.66308,42.66308,Sunny,1.0
128,2,Verstappen (Red Bull),43.66296,86.32604,Sunny,1.0
128,3,Verstappen (Red Bull),43.2081,129.53413,Sunny,1.0
128,4,Verstappen (Red Bull),42.83836,172.3725,Sunny,1.0
128,5,Verstappen (Red Bull),42.53819,214.91069,Sunny,1.0
128,1,Norris (McLaren),43.64565,43.64565,Sunny,1.0
128,2,Norris (McLaren),42.77836,86.42401,Sunny,1.0
128,3,Norris (McLaren),42.72811,129.15212,Sunny,1.0
128,4,Norris (McLaren),42.7797,171.93182,Sunny,1.0
128,5,Norris (McLaren),43.75041,215.68223,Sunny,1.0
129,1,Hamilton (Mercedes),43.13577,43.13577,Sunny,1.0
129,2,Hamilton (Mercedes),44.03423,87.16999,Sunny,1.0
129,3,Hamilton (Mercedes),44.18226,131.35225,Sunny,1.0
129,4,Hamilton (Mercedes),43.58985,174.9421,Sunny,1.0
129,5,Hamilton (Mercedes),43.09487,218.03697,Sunny,1.0
129,1,Verstappen (Red Bull),42.42413,42.42413,Sunny,1.0
129,2,Verstappen (Red Bull),42.70797,85.1321,Sunny,1.0
129,3,Verstappen (Red Bull),42.90944,128.04154,Sunny,1.0
129,4,Verstappen (Red Bull),42.61871,170.66024,Sunny,1.0
129,5,Verstappen (Red Bull),42.62398,213.28422,Sunny,1.0
129,1,Norris (McLaren),43.02099,43.02099,Sunny,1.0
129,2,Norris (McLaren),43.59096,86.61194,Sunny,1.0
129,3,Norris (McLaren),42.61896,129.2309,Sunny,1.0
129,4,Norris (McLaren),42.591,171.82191,Sunny,1.0
129,5,Norris (McLaren),42.9456,214.76751,Sunny,1.0
130,1,Hamilton (Mercedes),42.30819,42.30819,Sunny,1.0
130,2,Hamilton (Mercedes),43.27271,85.5809,Sunny,1.0
130,3,Hamilton (Mercedes),42.84505,128.42595,Sunny,1.0
130,4,Hamilton (Mercedes),42.14398,170.56993,Sunny,1.0
130,5,Hamilton (Mercedes),43.59117,214.16111,Sunny,1.0
130,1,Verstappen (Red Bull),42.59107,42.59107,Sunny,1.0
130,2,Verstappen (Red Bull),43.28834,85.87942,Sunny,1.0
130,3,Verstappen (Red Bull),43.43207,129.31148,Sunny,1.0
130,4,Verstappen (Red Bull),41.53168,170.84316,Sunny,1.0
130,5,Verstappen (Red Bull),42.37823,213.2214,Sunny,1.0
130,1,Norris (McLaren),44.56907,44.56907,Sunny,1.0
130,2,Norris (McLaren),42.68155,87.25062,Sunny,1.0
130,3,Norris (McLaren),42.78123,130.03185,Sunny,1.0
130,4,Norris (McLaren),41.13798,171.16982,Sunny,1.0
130,5,Norris (McLaren),42.78925,213.95907,Sunny,1.0
131,1,Hamilton (Mercedes),43.55389,43.55389,Sunny,1.0
131,2,Hamilton (Mercedes),44.22729,87.78118,Sunny,1.0
131,3,Hamilton (Mercedes),42.82091,130.6021,Sunny,1.0
131,4,Hamilton (Mercedes),42.82147,173.42357,Sunny,1.0
131,5,Hamilton (Mercedes),43.18174,216.60531,Sunny,1.0
131,1,Verstappen (Red Bull),43.53125,43.53125,Sunny,1.0
131,2,Verstappen (Red Bull),42.84892,86.38016,Sunny,1.0
131,3,Verstappen (Red Bull),42.05181,128.43198,Sunny,1.0
131,4,Verstappen (Red Bull),43.08835,171.52033,Sunny,1.0
131,5,Verstappen (Red Bull),42.34382,213.86415,Sunny,1.0
131,1,Norris (McLaren),43.43457,43.43457,Sunny,1.0
131,2,Norris (McLaren),43.73127,87.16585,Sunny,1.0
131,3,Norris (McLaren),43.62101,130.78686,Sunny,1.0
131,4,Norris (McLaren),43.99735,174.7842,Sunny,1.0
131,5,Norris (McLaren),43.46116,218.24536,Sunny,1.0
132,1,Hamilton (Mercedes),43.63129,43.63129,Sunny,1.0
132,2,Hamilton (Mercedes),43.64511,87.27641,Sunny,1.0
132,3,Hamilton (Mercedes),44.63139,131.90779,Sunny,1.0
132,4,Hamilton (Mercedes),43.36046,175.26826,Sunny,1.0
132,5,Hamilton (Mercedes),43.12227,218.39053,Sunny,1.0
132,1,Verstappen (Red Bull),43.45867,43.45867,Sunny,1.0
132,2,Verstappen (Red Bull),42.51723,85.97591,Sunny,1.0
132,3,Verstappen (Red Bull),42.47355,128.44946,Sunny,1.0
132,4,Verstappen (Red Bull),43.0358,171.48526,Sunny,1.0
132,5,Verstappen (Red Bull),42.67948,214.16474,Sunny,1.0
132,1,Norris (McLaren),43.61763,43.61763,Sunny,1.0
132,2,Norris (McLaren),43.11103,86.72866,Sunny,1.0
132,3,Norris (McLaren),42.84418,129.57284,Sunny,1.0
132,4,Norris (McLaren),42.68612,172.25896,Sunny,1.0
132,5,Norris (McLaren),42.87181,215.13078,Sunny,1.0
133,1,Hamilton (Mercedes),43.50672,43.50672,Sunny,1.0
133,2,Hamilton (Mercedes),43.66706,87.17378,Sunny,1.0
133,3,Hamilton (Mercedes),43.65862,130.8324,Sunny,1.0
133,4,Hamilton (Mercedes),43.44019,174.2726,Sunny,1.0
133,5,Hamilton (Mercedes),43.34356,217.61616,Sunny,1.0
133,1,Verstappen (Red Bull),42.93464,42.93464,Sunny,1.0
133,2,Verstappen (Red Bull),43.42763,86.36227,Sunny,1.0
133,3,Verstappen (Red Bull),42.25264,128.61491,Sunny,1.0
133,4,Verstappen (Red Bull),42.67461,171.28952,Sunny,1.0
133,5,Verstappen (Red Bull),43.17079,214.46031,Sunny,1.0
133,1,Norris (McLaren),42.29525,42.29525,Sunny,1.0
133,2,Norris (McLaren),43.02412,85.31937,Sunny,1.0
133,3,Norris (McLaren),43.79651,129.11588,Sunny,1.0
133,4,Norris (McLaren),42.64233,171.75821,Sunny,1.0
133,5,Norris (McLaren),42.36056,214.11877,Sunny,1.0
134,1,Hamilton (Mercedes),43.01978,43.01978,Sunny,1.0
134,2,Hamilton (Mercedes),44.08201,87.10179,Sunny,1.0
134,3,Hamilton (Mercedes),44.41427,131.51606,Sunny,1.0
134,4,Hamilton (Mercedes),43.18923,174.70529,Sunny,1.0
134,5,Hamilton (Mercedes),42.90588,217.61117,Sunny,1.0
134,1,Verstappen (Red Bull),42.56335,42.56335,Sunny,1.0
134,2,Verstappen (Red Bull),44.06848,86.63183,Sunny,1.0
134,3,Verstappen (Red Bull),43.6853,130.31713,Sunny,1.0
134,4,Verstappen (Red Bull),43.5674,173.88453,Sunny,1.0
134,5,Verstappen (Red Bull),43.29311,217.17764,Sunny,1.0
134,1,Norris (McLaren),42.90756,42.90756,Sunny,1.0
134,2,Norris (McLaren),43.22037,86.12793,Sunny,1.0
134,3,Norris (McLaren),42.99573,129.12366,Sunny,1.0
134,4,Norris (McLaren),43.98439,173.10804,Sunny,1.0
134,5,Norris (McLaren),41.71746,214.8255,Sunny,1.0
135,1,Hamilton (Mercedes),43.58432,43.58432,Sunny,1.0
135,2,Hamilton (Mercedes),43.8352,87.41952,Sunny,1.0
135,3,Hamilton (Mercedes),43.2465,130.66601,Sunny,1.0
135,4,Hamilton (Mercedes),42.42087,173.08689,Sunny,1.0
135,5,Hamilton (Mercedes),43.3526,216.43949,Sunny,1.0
135,1,Verstappen (Red Bull),42.63486,42.63486,Sunny,1.0
135,2,Verstappen (Red Bull),42.45161,85.08647,Sunny,1.0
135,3,Verstappen (Red Bull),41.17254,126.25901,Sunny,1.0
135,4,Verstappen (Red Bull),43.42407,169.68309,Sunny,1.0
135,5,Verstappen (Red Bull),43.80121,213.4843,Sunny,1.0
135,1,Norris (McLaren),43.04203,43.04203,Sunny,1.0
135,2,Norris (McLaren),44.0726,87.11463,Sunny,1.0
135,3,Norris (McLaren),43.09241,130.20704,Sunny,1.0
135,4,Norris (McLaren),43.87581,174.08285,Sunny,1.0
135,5,Norris (McLaren),42.26387,216.34672,Sunny,1.0
136,1,Hamilton (Mercedes),44.38014,44.38014,Sunny,1.0
136,2,Hamilton (Mercedes),43.03147,87.41161,Sunny,1.0
136,3,Hamilton (Mercedes),43.13207,130.54368,Sunny,1.0
136,4,Hamilton (Mercedes),43.5907,174.13437,Sunny,1.0
136,5,Hamilton (Mercedes),44.21708,218.35146,Sunny,1.0
136,1,Verstappen (Red Bull),43.07184,43.07184,Sunny,1.0
136,2,Verstappen (Red Bull),41.33795,84.40979,Sunny,1.0
136,3,Verstappen (Red Bull),42.1995,126.60929,Sunny,1.0
136,4,Verstappen (Red Bull),43.51676,170.12605,Sunny,1.0
136,5,Verstappen (Red Bull),42.7623,212.88835,Sunny,1.0
136,1,Norris (McLaren),42.57404,42.57404,Sunny,1.0
136,2,Norris (McLaren),43.94832,86.52236,Sunny,1.0
136,3,Norris (McLaren),43.45706,129.97942,Sunny,1.0
136,4,Norris (McLaren),43.3015,173.28092,Sunny,1.0
136,5,Norris (McLaren),42.98482,216.26574,Sunny,1.0
137,1,Hamilton (Mercedes),43.06458,43.06458,Sunny,1.0
137,2,Hamilton (Mercedes),43.55513,86.61971,Sunny,1.0
137,3,Hamilton (Mercedes),42.95778,129.57749,Sunny,1.0
137,4,Hamilton (Mercedes),43.1133,172.69079,Sunny,1.0
137,5,Hamilton (Mercedes),43.55899,216.24978,Sunny,1.0
137,1,Verstappen (Red Bull),43.69245,43.69245,Sunny,1.0
137,2,Verstappen (Red Bull),42.78987,86.48233,Sunny,1.0
137,3,Verstappen (Red Bull),43.69513,130.17745,Sunny,1.0
137,4,Verstappen (Red Bull),43.40432,173.58177,Sunny,1.0
137,5,Verstappen (Red Bull),42.74661,216.32838,Sunny,1.0
137,1,Norris (McLaren),43.72293,43.72293,Sunny,1.0
137,2,Norris (McLaren),43.47016,87.19309,Sunny,1.0
137,3,Norris (McLaren),43.19914,130.39222,Sunny,1.0
137,4,Norris (McLaren),42.68716,173.07938,Sunny,1.0
137,5,Norris (McLaren),41.95417,215.03355,Sunny,1.0
138,1,Hamilton (Mercedes),44.353,44.353,Sunny,1.0
138,2,Hamilton (Mercedes),43.65442,88.00742,Sunny,1.0
138,3,Hamilton (Mercedes),43.1392,131.14662,Sunny,1.0
138,4,Hamilton (Mercedes),42.77253,173.91915,Sunny,1.0
138,5,Hamilton (Mercedes),43.10205,217.02121,Sunny,1.0
138,1,Verstappen (Red Bull),43.26037,43.26037,Sunny,1.0
138,2,Verstappen (Red Bull),42.40914,85.66951,Sunny,1.0
138,3,Verstappen (Red Bull),43.39811,129.06762,Sunny,1.0
138,4,Verstappen (Red Bull),42.55238,171.62,Sunny,1.0
138,5,Verstappen (Red Bull),43.786,215.406,Sunny,1.0
138,1,Norris (McLaren),42.5687,42.5687,Sunny,1.0
138,2,Norris (McLaren),41.63771,84.20641,Sunny,1.0
138,3,Norris (McLaren),44.17824,128.38465,Sunny,1.0
138,4,Norris (McLaren),44.14991,172.53456,Sunny,1.0
138,5,Norris (McLaren),42.76853,215.3031,Sunny,1.0
139,1,Hamilton (Mercedes),43.1785,43.1785,Sunny,1.0
139,2,Hamilton (Mercedes),43.46254,86.64103,Sunny,1.0
139,3,Hamilton (Mercedes),43.96097,130.60201,Sunny,1.0
139,4,Hamilton (Mercedes),43.80852,174.41053,Sunny,1.0
139,5,Hamilton (Mercedes),43.5124,217.92293,Sunny,1.0
139,1,Verstappen (Red Bull),42.154,42.154,Sunny,1.0
139,2,Verstappen (Red Bull),43.29753,85.45152,Sunny,1.0
139,3,Verstappen (Red Bull),43.25967,128.71119,Sunny,1.0
139,4,Verstappen (Red Bull),43.8879,172.5991,Sunny,1.0
139,5,Verstappen (Red Bull),42.17924,214.77834,Sunny,1.0
139,1,Norris (McLaren),42.35939,42.35939,Sunny,1.0
139,2,Norris (McLaren),43.5946,85.95399,Sunny,1.0
139,3,Norris (McLaren),43.23882,129.19281,Sunny,1.0
139,4,Norris (McLaren),43.00903,172.20184,Sunny,1.0
139,5,Norris (McLaren),42.90834,215.11018,Sunny,1.0
140,1,Hamilton (Mercedes),43.56424,43.56424,Sunny,1.0
140,2,Hamilton (Mercedes),43.07647,86.64071,Sunny,1.0
140,3,Hamilton (Mercedes),42.95255,129.59326,Sunny,1.0
140,4,Hamilton (Mercedes),42.82465,172.41791,Sunny,1.0
140,5,Hamilton (Mercedes),43.65883,216.07674,Sunny,1.0
140,1,Verstappen (Red Bull),44.06988,44.06988,Sunny,1.0
140,2,Verstappen (Red Bull),42.97947,87.04935,Sunny,1.0
140,3,Verstappen (Red Bull),42.55903,129.60838,Sunny,1.0
140,4,Verstappen (Red Bull),43.58955,173.19793,Sunny,1.0
140,5,Verstappen (Red Bull),42.7102,215.90813,Sunny,1.0
140,1,Norris (McLaren),43.46506,43.46506,Sunny,1.0
140,2,Norris (McLaren),44.6581,88.12316,Sunny,1.0
140,3,Norris (McLaren),42.74037,130.86353,Sunny,1.0
140,4,Norris (McLaren),42.75171,173.61524,Sunny,1.0
140,5,Norris (McLaren),42.77266,216.3879,Sunny,1.0
141,1,Hamilton (Mercedes),43.72323,43.72323,Sunny,1.0
141,2,Hamilton (Mercedes),44.27289,87.99612,Sunny,1.0
141,3,Hamilton (Mercedes),42.53562,130.53174,Sunny,1.0
141,4,Hamilton (Mercedes),43.67678,174.20852,Sunny,1.0
141,5,Hamilton (Mercedes),44.60935,218.81787,Sunny,1.0
141,1,Verstappen (Red Bull),42.48989,42.48989,Sunny,1.0
141,2,Verstappen (Red Bull),43.22302,85.71291,Sunny,1.0
141,3,Verstappen (Red Bull),42.15898,127.87189,Sunny,1.0
141,4,Verstappen (Red Bull),43.16465,171.03654,Sunny,1.0
141,5,Verstappen (Red Bull),41.98378,213.02032,Sunny,1.0
141,1,Norris (McLaren),42.94951,42.94951,Sunny,1.0
141,2,Norris (McLaren),43.02267,85.97218,Sunny,1.0
141,3,Norris (McLaren),43.22178,129.19396,Sunny,1.0
141,4,Norris (McLaren),44.36556,173.55951,Sunny,1.0
141,5,Norris (McLaren),43.78927,217.34879,Sunny,1.0
142,1,Hamilton (Mercedes),43.47748,43.47748,Sunny,1.0
142,2,Hamilton (Mercedes),43.18019,86.65767,Sunny,1.0
142,3,Hamilton (Mercedes),43.33262,129.99029,Sunny,1.0
142,4,Hamilton (Mercedes),43.47435,173.46464,Sunny,1.0
142,5,Hamilton (Mercedes),44.20576,217.6704,Sunny,1.0
142,1,Verstappen (Red Bull),42.85072,42.85072,Sunny,1.0
142,2,Verstappen (Red Bull),42.83142,85.68214,Sunny,1.0
142,3,Verstappen (Red Bull),42.51853,128.20067,Sunny,1.0
142,4,Verstappen (Red Bull),41.98397,170.18464,Sunny,1.0
142,5,Verstappen (Red Bull),42.87305,213.05769,Sunny,1.0
142,1,Norris (McLaren),43.52406,43.52406,Sunny,1.0
142,2,Norris (McLaren),42.61762,86.14168,Sunny,1.0
142,3,Norris (McLaren),42.23727,128.37894,Sunny,1.0
142,4,Norris (McLaren),44.11535,172.4943,Sunny,1.0
142,5,Norris (McLaren),43.41597,215.91027,Sunny,1.0
143,1,Hamilton (Mercedes),43.96672,43.96672,Sunny,1.0
143,2,Hamilton (Mercedes),44.08824,88.05496,Sunny,1.0
143,3,Hamilton (Mercedes),42.98833,131.04328,Sunny,1.0
143,4,Hamilton (Mercedes),43.8236,174.86688,Sunny,1.0
143,5,Hamilton (Mercedes),43.85924,218.72612,Sunny,1.0
143,1,Verstappen (Red Bull),42.80413,42.80413,Sunny,1.0
143,2,Verstappen (Red Bull),43.21178,86.01591,Sunny,1.0
143,3,Verstappen (Red Bull),43.24537,129.26128,Sunny,1.0
143,4,Verstappen (Red Bull),43.09176,172.35304,Sunny,1.0
143,5,Verstappen (Red Bull),44.21379,216.56683,Sunny,1.0
143,1,Norris (McLaren),41.84819,41.84819,Sunny,1.0
143,2,Norris (McLaren),43.82826,85.67645,Sunny,1.0
143,3,Norris (McLaren),43.61943,129.29588,Sunny,1.0
143,4,Norris (McLaren),43.03891,172.33479,Sunny,1.0
143,5,Norris (McLaren),43.09246,215.42725,Sunny,1.0
144,1,Hamilton (Mercedes),43.80832,43.80832,Sunny,1.0
144,2,Hamilton (Mercedes),43.55768,87.366,Sunny,1.0
144,3,Hamilton (Mercedes),44.42857,131.79457,Sunny,1.0
144,4,Hamilton (Mercedes),43.53779,175.33236,Sunny,1.0
144,5,Hamilton (Mercedes),44.00281,219.33517,Sunny,1.0
144,1,Verstappen (Red Bull),42.53399,42.53399,Sunny,1.0
144,2,Verstappen (Red Bull),41.96289,84.49689,Sunny,1.0
144,3,Verstappen (Red Bull),43.96092,128.45781,Sunny,1.0
144,4,Verstappen (Red Bull),42.51198,170.96979,Sunny,1.0
144,5,Verstappen (Red Bull),42.37243,213.34222,Sunny,1.0
144,1,Norris (McLaren),44.20214,44.20214,Sunny,1.0
144,2,Norris (McLaren),42.66262,86.86476,Sunny,1.0
144,3,Norris (McLaren),43.59915,130.4639,Sunny,1.0
144,4,Norris (McLaren),42.95075,173.41465,Sunny,1.0
144,5,Norris (McLaren),43.60221,217.01686,Sunny,1.0
145,1,Hamilton (Mercedes),43.94227,43.94227,Sunny,1.0
145,2,Hamilton (Mercedes),42.72353,86.6658,Sunny,1.0
145,3,Hamilton (Mercedes),42.80844,129.47423,Sunny,1.0
145,4,Hamilton (Mercedes),42.52853,172.00277,Sunny,1.0
145,5,Hamilton (Mercedes),42.42553,214.42829,Sunny,1.0
145,1,Verstappen (Red Bull),43.44238,43.44238,Sunny,1.0
145,2,Verstappen (Red Bull),43.65299,87.09537,Sunny,1.0
145,3,Verstappen (Red Bull),42.75087,129.84624,Sunny,1.0
145,4,Verstappen (Red Bull),41.60395,171.45019,Sunny,1.0
145,5,Verstappen (Red Bull),44.11006,215.56025,Sunny,1.0
145,1,Norris (McLaren),43.22746,43.22746,Sunny,1.0
145,2,Norris (McLaren),44.02831,87.25577,Sunny,1.0
145,3,Norris (McLaren),42.66174,129.91751,Sunny,1.0
145,4,Norris (McLaren),42.3512,172.26871,Sunny,1.0
145,5,Norris (McLaren),41.73571,214.00442,Sunny,1.0
146,1,Hamilton (Mercedes),44.02004,44.02004,Sunny,1.0
146,2,Hamilton (Mercedes),43.171,87.19104,Sunny,1.0
146,3,Hamilton (Mercedes),43.28876,130.4798,Sunny,1.0
146,4,Hamilton (Mercedes),43.15924,173.63904,Sunny,1.0
146,5,Hamilton (Mercedes),42.88784,216.52688,Sunny,1.0
146,1,Verstappen (Red Bull),42.66807,42.66807,Sunny,1.0
146,2,Verstappen (Red Bull),43.49208,86.16015,Sunny,1.0
146,3,Verstappen (Red Bull),42.82326,128.98341,Sunny,1.0
146,4,Verstappen (Red Bull),42.64242,171.62583,Sunny,1.0
146,5,Verstappen (Red Bull),42.6669,214.29273,Sunny,1.0
146,1,Norris (McLaren),42.8513,42.8513,Sunny,1.0
146,2,Norris (McLaren),43.00711,85.85841,Sunny,1.0
146,3,Norris (McLaren),43.93106,129.78947,Sunny,1.0
146,4,Norris (McLaren),43.46599,173.25545,Sunny,1.0
146,5,Norris (McLaren),42.97919,216.23464,Sunny,1.0
147,1,Hamilton (Mercedes),44.22569,44.22569,Sunny,1.0
147,2,Hamilton (Mercedes),44.69731,88.923,Sunny,1.0
147,3,Hamilton (Mercedes),43.86035,132.78334,Sunny,1.0
147,4,Hamilton (Mercedes),42.9034,175.68675,Sunny,1.0
147,5,Hamilton (Mercedes),43.64157,219.32831,Sunny,1.0
147,1,Verstappen (Red Bull),43.27695,43.27695,Sunny,1.0
147,2,Verstappen (Red Bull),42.96767,86.24462,Sunny,1.0
147,3,Verstappen (Red Bull),43.18004,129.42466,Sunny,1.0
147,4,Verstappen (Red Bull),42.8212,172.24586,Sunny,1.0
147,5,Verstappen (Red Bull),43.08249,215.32835,Sunny,1.0
147,1,Norris (McLaren),43.40181,43.40181,Sunny,1.0
147,2,Norris (McLaren),43.3421,86.74391,Sunny,1.0
147,3,Norris (McLaren),42.84006,129.58397,Sunny,1.0
147,4,Norris (McLaren),42.65634,172.24031,Sunny,1.0
147,5,Norris (McLaren),42.89697,215.13728,Sunny,1.0
148,1,Hamilton (Mercedes),44.99444,44.99444,Sunny,1.0
148,2,Hamilton (Mercedes),44.30947,89.30391,Sunny,1.0
148,3,Hamilton (Mercedes),43.18072,132.48463,Sunny,1.0
148,4,Hamilton (Mercedes),43.17463,175.65926,Sunny,1.0
148,5,Hamilton (Mercedes),43.52284,219.1821,Sunny,1.0
148,1,Verstappen (Red Bull),43.30613,43.30613,Sunny,1.0
148,2,Verstappen (Red Bull),42.92277,86.22891,Sunny,1.0
148,3,Verstappen (Red Bull),43.11134,129.34024,Sunny,1.0
148,4,Verstappen (Red Bull),43.16505,172.50529,Sunny,1.0
148,5,Verstappen (Red Bull),42.02801,214.5333,Sunny,1.0
148,1,Norris (McLaren),43.39988,43.39988,Sunny,1.0
148,2,Norris (McLaren),43.72379,87.12366,Sunny,1.0
148,3,Norris (McLaren),42.93899,130.06265,Sunny,1.0
148,4,Norris (McLaren),43.55455,173.6172,Sunny,1.0
148,5,Norris (McLaren),43.90725,217.52446,Sunny,1.0
149,1,Hamilton (Mercedes),43.10929,43.10929,Sunny,1.0
149,2,Hamilton (Mercedes),44.079,87.1883,Sunny,1.0
149,3,Hamilton (Mercedes),43.38769,130.57599,Sunny,1.0
149,4,Hamilton (Mercedes),43.44227,174.01826,Sunny,1.0
149,5,Hamilton (Mercedes),43.66282,217.68108,Sunny,1.0
149,1,Verstappen (Red Bull),43.05063,43.05063,Sunny,1.0
149,2,Verstappen (Red Bull),43.41274,86.46337,Sunny,1.0
149,3,Verstappen (Red Bull),43.39789,129.86125,Sunny,1.0
149,4,Verstappen (Red Bull),42.68251,172.54376,Sunny,1.0
149,5,Verstappen (Red Bull),42.03728,214.58104,Sunny,1.0
149,1,Norris (McLaren),43.57233,43.57233,Sunny,1.0
149,2,Norris (McLaren),43.29104,86.86337,Sunny,1.0
149,3,Norris (McLaren),43.64488,130.50825,Sunny,1.0
149,4,Norris (McLaren),44.92789,175.43613,Sunny,1.0
149,5,Norris (McLaren),42.17618,217.61231,Sunny,1.0
150,1,Hamilton (Mercedes),43.89225,43.89225,Sunny,1.0
150,2,Hamilton (Mercedes),42.71233,86.60457,Sunny,1.0
150,3,Hamilton (Mercedes),43.74693,130.3515,Sunny,1.0
150,4,Hamilton (Mercedes),43.18998,173.54148,Sunny,1.0
150,5,Hamilton (Mercedes),43.69036,217.23184,Sunny,1.0
150,1,Verstappen (Red Bull),43.54328,43.54328,Sunny,1.0
150,2,Verstappen (Red Bull),43.07379,86.61707,Sunny,1.0
150,3,Verstappen (Red Bull),43.03805,129.65512,Sunny,1.0
150,4,Verstappen (Red Bull),42.63875,172.29387,Sunny,1.0
150,5,Verstappen (Red Bull),44.03389,216.32776,Sunny,1.0
150,1,Norris (McLaren),42.21967,42.21967,Sunny,1.0
150,2,Norris (McLaren),43.3451,85.56478,Sunny,1.0
150,3,Norris (McLaren),43.20524,128.77001,Sunny,1.0
150,4,Norris (McLaren),42.78579,171.5558,Sunny,1.0
150,5,Norris (McLaren),44.56985,216.12565,Sunny,1.0
151,1,Hamilton (Mercedes),44.12511,44.12511,Sunny,1.0
151,2,Hamilton (Mercedes),43.17563,87.30074,Sunny,1.0
151,3,Hamilton (Mercedes),43.54753,130.84827,Sunny,1.0
151,4,Hamilton (Mercedes),44.14028,174.98855,Sunny,1.0
151,5,Hamilton (Mercedes),43.46027,218.44882,Sunny,1.0
151,1,Verstappen (Red Bull),42.96099,42.96099,Sunny,1.0
151,2,Verstappen (Red Bull),43.46532,86.42631,Sunny,1.0
151,3,Verstappen (Red Bull),42.43615,128.86246,Sunny,1.0
151,4,Verstappen (Red Bull),43.15148,172.01395,Sunny,1.0
151,5,Verstappen (Red Bull),42.8925,214.90644,Sunny,1.0
151,1,Norris (McLaren),43.65752,43.65752,Sunny,1.0
151,2,Norris (McLaren),43.5728,87.23033,Sunny,1.0
151,3,Norris (McLaren),43.08482,130.31515,Sunny,1.0
151,4,Norris (McLaren),43.45021,173.76536,Sunny,1.0
151,5,Norris (McLaren),44.14851,217.91388,Sunny,1.0
152,1,Hamilton (Mercedes),44.1077,44.1077,Sunny,1.0
152,2,Hamilton (Mercedes),43.64397,87.75166,Sunny,1.0
152,3,Hamilton (Mercedes),43.17637,130.92803,Sunny,1.0
152,4,Hamilton (Mercedes),42.58206,173.5101,Sunny,1.0
152,5,Hamilton (Mercedes),43.63143,217.14153,Sunny,1.0
152,1,Verstappen (Red Bull),42.50116,42.50116,Sunny,1.0
152,2,Verstappen (Red Bull),43.66452,86.16569,Sunny,1.0
152,3,Verstappen (Red Bull),42.05904,128.22472,Sunny,1.0
152,4,Verstappen (Red Bull),42.64946,170.87418,Sunny,1.0
152,5,Verstappen (Red Bull),43.11198,213.98616,Sunny,1.0
152,1,Norris (McLaren),45.46667,45.46667,Sunny,1.0
152,2,Norris (McLaren),43.18747,88.65414,Sunny,1.0
152,3,Norris (McLaren),43.30248,131.95662,Sunny,1.0
152,4,Norris (McLaren),43.92495,175.88157,Sunny,1.0
152,5,Norris (McLaren),42.5779,218.45947,Sunny,1.0
153,1,Hamilton (Mercedes),43.6254,43.6254,Sunny,1.0
153,2,Hamilton (Mercedes),43.13468,86.76008,Sunny,1.0
153,3,Hamilton (Mercedes),44.13508,130.89517,Sunny,1.0
153,4,Hamilton (Mercedes),44.19148,175.08664,Sunny,1.0
153,5,Hamilton (Mercedes),42.99133,218.07797,Sunny,1.0
153,1,Verstappen (Red Bull),41.8221,41.8221,Sunny,1.0
153,2,Verstappen (Red Bull),42.92023,84.74233,Sunny,1.0
153,3,Verstappen (Red Bull),43.20034,127.94267,Sunny,1.0
153,4,Verstappen (Red Bull),43.00727,170.94994,Sunny,1.0
153,5,Verstappen (Red Bull),42.9718,213.92173,Sunny,1.0
153,1,Norris (McLaren),44.56972,44.56972,Sunny,1.0
153,2,Norris (McLaren),43.4623,88.03202,Sunny,1.0
153,3,Norris (McLaren),43.61235,131.64437,Sunny,1.0
153,4,Norris (McLaren),43.70546,175.34983,Sunny,1.0
153,5,Norris (McLaren),43.86696,219.21679,Sunny,1.0
154,1,Hamilton (Mercedes),42.91041,42.91041,Sunny,1.0
154,2,Hamilton (Mercedes),43.12595,86.03636,Sunny,1.0
154,3,Hamilton (Mercedes),44.00678,130.04314,Sunny,1.0
154,4,Hamilton (Mercedes),43.88304,173.92618,Sunny,1.0
154,5,Hamilton (Mercedes),43.47906,217.40524,Sunny,1.0
154,1,Verstappen (Red Bull),42.34506,42.34506,Sunny,1.0
154,2,Verstappen (Red Bull),42.44208,84.78713,Sunny,1.0
154,3,Verstappen (Red Bull),43.74222,128.52936,Sunny,1.0
154,4,Verstappen (Red Bull),43.96893,172.49828,Sunny,1.0
154,5,Verstappen (Red Bull),42.26709,214.76537,Sunny,1.0
154,1,Norris (McLaren),43.49615,43.49615,Sunny,1.0
154,2,Norris (McLaren),43.9523,87.44845,Sunny,1.0
154,3,Norris (McLaren),42.43757,129.88602,Sunny,1.0
154,4,Norris (McLaren),42.44687,172.33289,Sunny,1.0
154,5,Norris (McLaren),44.18877,216.52166,Sunny,1.0
155,1,Hamilton (Mercedes),43.60994,43.60994,Sunny,1.0
155,2,Hamilton (Mercedes),44.07228,87.68221,Sunny,1.0
155,3,Hamilton (Mercedes),44.51962,132.20183,Sunny,1.0
155,4,Hamilton (Mercedes),43.53633,175.73817,Sunny,1.0
155,5,Hamilton (Mercedes),43.52991,219.26807,Sunny,1.0
155,1,Verstappen (Red Bull),41.66072,41.66072,Sunny,1.0
155,2,Verstappen (Red Bull),42.26072,83.92144,Sunny,1.0
155,3,Verstappen (Red Bull),43.62986,127.55129,Sunny,1.0
155,4,Verstappen (Red Bull),42.60447,170.15576,Sunny,1.0
155,5,Verstappen (Red Bull),42.95627,213.11203,Sunny,1.0
155,1,Norris (McLaren),42.97709,42.97709,Sunny,1.0
155,2,Norris (McLaren),43.27294,86.25003,Sunny,1.0
155,3,Norris (McLaren),41.83129,128.08131,Sunny,1.0
155,4,Norris (McLaren),41.60714,169.68845,Sunny,1.0
155,5,Norris (McLaren),43.55286,213.24131,Sunny,1.0
156,1,Hamilton (Mercedes),43.79798,43.79798,Sunny,1.0
156,2,Hamilton (Mercedes),43.21443,87.01241,Sunny,1.0
156,3,Hamilton (Mercedes),43.91875,130.93117,Sunny,1.0
156,4,Hamilton (Mercedes),43.80866,174.73983,Sunny,1.0
156,5,Hamilton (Mercedes),43.13934,217.87917,Sunny,1.0
156,1,Verstappen (Red Bull),43.38965,43.38965,Sunny,1.0
156,2,Verstappen (Red Bull),42.88055,86.2702,Sunny,1.0
156,3,Verstappen (Red Bull),42.57676,128.84696,Sunny,1.0
156,4,Verstappen (Red Bull),42.50574,171.3527,Sunny,1.0
156,5,Verstappen (Red Bull),42.09389,213.44659,Sunny,1.0
156,1,Norris (McLaren),42.87136,42.87136,Sunny,1.0
156,2,Norris (McLaren),42.99061,85.86197,Sunny,1.0
156,3,Norris (McLaren),43.15452,129.01649,Sunny,1.0
156,4,Norris (McLaren),44.36902,173.38551,Sunny,1.0
156,5,Norris (McLaren),43.38477,216.77028,Sunny,1.0
157,1,Hamilton (Mercedes),44.00067,44.00067,Sunny,1.0
157,2,Hamilton (Mercedes),44.16794,88.16862,Sunny,1.0
157,3,Hamilton (Mercedes),43.34221,131.51082,Sunny,1.0
157,4,Hamilton (Mercedes),44.03281,175.54363,Sunny,1.0
157,5,Hamilton (Mercedes),43.67015,219.21378,Sunny,1.0
157,1,Verstappen (Red Bull),43.33676,43.33676,Sunny,1.0
157,2,Verstappen (Red Bull),43.56455,86.90131,Sunny,1.0
157,3,Verstappen (Red Bull),42.36731,129.26862,Sunny,1.0
157,4,Verstappen (Red Bull),43.82734,173.09596,Sunny,1.0
157,5,Verstappen (Red Bull),42.42605,215.52201,Sunny,1.0
157,1,Norris (McLaren),42.4329,42.4329,Sunny,1.0
157,2,Norris (McLaren),43.23047,85.66338,Sunny,1.0
157,3,Norris (McLaren),42.5793,128.24267,Sunny,1.0
157,4,Norris (McLaren),43.04481,171.28748,Sunny,1.0
157,5,Norris (McLaren),43.5222,214.80969,Sunny,1.0
158,1,Hamilton (Mercedes),44.09617,44.09617,Sunny,1.0
158,2,Hamilton (Mercedes),43.5735,87.66967,Sunny,1.0
158,3,Hamilton (Mercedes),44.44866,132.11832,Sunny,1.0
158,4,Hamilton (Mercedes),43.60172,175.72005,Sunny,1.0
158,5,Hamilton (Mercedes),43.00292,218.72297,Sunny,1.0
158,1,Verstappen (Red Bull),42.75636,42.75636,Sunny,1.0
158,2,Verstappen (Red Bull),42.91396,85.67032,Sunny,1.0
158,3,Verstappen (Red Bull),42.54798,128.21829,Sunny,1.0
158,4,Verstappen (Red Bull),42.81765,171.03594,Sunny,1.0
158,5,Verstappen (Red Bull),43.06068,214.09663,Sunny,1.0
158,1,Norris (McLaren),43.56766,43.56766,Sunny,1.0
158,2,Norris (McLaren),42.41469,85.98235,Sunny,1.0
158,3,Norris (McLaren),42.61637,128.59872,Sunny,1.0
158,4,Norris (McLaren),43.5574,172.15612,Sunny,1.0
158,5,Norris (McLaren),43.18144,215.33757,Sunny,1.0
159,1,Hamilton (Mercedes),44.58918,44.58918,Sunny,1.0
159,2,Hamilton (Mercedes),43.43892,88.0281,Sunny,1.0
159,3,Hamilton (Mercedes),43.30338,131.33148,Sunny,1.0
159,4,Hamilton (Mercedes),43.98087,175.31236,Sunny,1.0
159,5,Hamilton (Mercedes),43.3277,218.64006,Sunny,1.0
159,1,Verstappen (Red Bull),42.39957,42.39957,Sunny,1.0
159,2,Verstappen (Red Bull),42.09515,84.49472,Sunny,1.0
159,3,Verstappen (Red Bull),43.2679,127.76262,Sunny,1.0
159,4,Verstappen (Red Bull),42.6158,170.37842,Sunny,1.0
159,5,Verstappen (Red Bull),43.60386,213.98228,Sunny,1.0
159,1,Norris (McLaren),42.43405,42.43405,Sunny,1.0
159,2,Norris (McLaren),41.77441,84.20846,Sunny,1.0
159,3,Norris (McLaren),43.08419,127.29265,Sunny,1.0
159,4,Norris (McLaren),43.46565,170.7583,Sunny,1.0
159,5,Norris (McLaren),43.44107,214.19936,Sunny,1.0
160,1,Hamilton (Mercedes),44.38185,44.38185,Sunny,1.0
160,2,Hamilton (Mercedes),43.22232,87.60417,Sunny,1.0
160,3,Hamilton (Mercedes),42.81846,130.42263,Sunny,1.0
160,4,Hamilton (Mercedes),44.05668,174.47931,Sunny,1.0
160,5,Hamilton (Mercedes),43.57898,218.0583,Sunny,1.0
160,1,Verstappen (Red Bull),43.32917,43.32917,Sunny,1.0
160,2,Verstappen (Red Bull),42.36985,85.69902,Sunny,1.0
160,3,Verstappen (Red Bull),43.28969,128.98872,Sunny,1.0
160,4,Verstappen (Red Bull),42.42762,171.41634,Sunny,1.0
160,5,Verstappen (Red Bull),43.10097,214.51731,Sunny,1.0
160,1,Norris (McLaren),42.6915,42.6915,Sunny,1.0
160,2,Norris (McLaren),44.09304,86.78454,Sunny,1.0
160,3,Norris (McLaren),43.02521,129.80975,Sunny,1.0
160,4,Norris (McLaren),44.28674,174.09649,Sunny,1.0
160,5,Norris (McLaren),43.74245,217.83893,Sunny,1.0
161,1,Hamilton (Mercedes),43.8711,43.8711,Sunny,1.0
161,2,Hamilton (Mercedes),44.13205,88.00315,Sunny,1.0
161,3,Hamilton (Mercedes),44.77376,132.7769,Sunny,1.0
161,4,Hamilton (Mercedes),43.88411,176.66101,Sunny,1.0
161,5,Hamilton (Mercedes),43.12744,219.78845,Sunny,1.0
161,1,Verstappen (Red Bull),43.10844,43.10844,Sunny,1.0
161,2,Verstappen (Red Bull),42.98927,86.09772,Sunny,1.0
161,3,Verstappen (Red Bull),42.52641,128.62412,Sunny,1.0
161,4,Verstappen (Red Bull),43.22767,171.8518,Sunny,1.0
161,5,Verstappen (Red Bull),42.71037,214.56217,Sunny,1.0
161,1,Norris (McLaren),43.66616,43.66616,Sunny,1.0
161,2,Norris (McLaren),44.02624,87.6924,Sunny,1.0
161,3,Norris (McLaren),43.52426,131.21666,Sunny,1.0
161,4,Norris (McLaren),42.35277,173.56943,Sunny,1.0
161,5,Norris (McLaren),42.59785,216.16728,Sunny,1.0
162,1,Hamilton (Mercedes),44.62522,44.62522,Sunny,1.0
162,2,Hamilton (Mercedes),43.8703,88.49552,Sunny,1.0
162,3,Hamilton (Mercedes),43.95835,132.45388,Sunny,1.0
162,4,Hamilton (Mercedes),43.17613,175.63001,Sunny,1.0
162,5,Hamilton (Mercedes),43.63088,219.26089,Sunny,1.0
162,1,Verstappen (Red Bull),43.21937,43.21937,Sunny,1.0
162,2,Verstappen (Red Bull),43.39737,86.61674,Sunny,1.0
162,3,Verstappen (Red Bull),42.84939,129.46613,Sunny,1.0
162,4,Verstappen (Red Bull),43.01634,172.48247,Sunny,1.0
162,5,Verstappen (Red Bull),42.83686,215.31933,Sunny,1.0
162,1,Norris (McLaren),43.0567,43.0567,Sunny,1.0
162,2,Norris (McLaren),43.44002,86.49672,Sunny,1.0
162,3,Norris (McLaren),43.66808,130.1648,Sunny,1.0
162,4,Norris (McLaren),42.57034,172.73514,Sunny,1.0
162,5,Norris (McLaren),42.89693,215.63207,Sunny,1.0
163,1,Hamilton (Mercedes),43.27783,43.27783,Sunny,1.0
163,2,Hamilton (Mercedes),43.23271,86.51054,Sunny,1.0
163,3,Hamilton (Mercedes),43.55905,130.06959,Sunny,1.0
163,4,Hamilton (Mercedes),44.04243,174.11202,Sunny,1.0
163,5,Hamilton (Mercedes),43.29663,217.40865,Sunny,1.0
163,1,Verstappen (Red Bull),43.20018,43.20018,Sunny,1.0
163,2,Verstappen (Red Bull),43.14018,86.34036,Sunny,1.0
163,3,Verstappen (Red Bull),43.1912,129.53156,Sunny,1.0
163,4,Verstappen (Red Bull),42.36935,171.90091,Sunny,1.0
163,5,Verstappen (Red Bull),42.8005,214.70142,Sunny,1.0
163,1,Norris (McLaren),43.38121,43.38121,Sunny,1.0
163,2,Norris (McLaren),42.4346,85.81581,Sunny,1.0
163,3,Norris (McLaren),43.5505,129.36631,Sunny,1.0
163,4,Norris (McLaren),42.80689,172.1732,Sunny,1.0
163,5,Norris (McLaren),43.37409,215.54729,Sunny,1.0
164,1,Hamilton (Mercedes),43.2267,43.2267,Sunny,1.0
164,2,Hamilton (Mercedes),45.07874,88.30544,Sunny,1.0
164,3,Hamilton (Mercedes),43.4961,131.80154,Sunny,1.0
164,4,Hamilton (Mercedes),44.05374,175.85528,Sunny,1.0
164,5,Hamilton (Mercedes),43.67624,219.53152,Sunny,1.0
164,1,Verstappen (Red Bull),43.58614,43.58614,Sunny,1.0
164,2,Verstappen (Red Bull),43.06119,86.64733,Sunny,1.0
164,3,Verstappen (Red Bull),42.19113,128.83846,Sunny,1.0
164,4,Verstappen (Red Bull),43.53232,172.37078,Sunny,1.0
164,5,Verstappen (Red Bull),44.12757,216.49835,Sunny,1.0
164,1,Norris (McLaren),44.52263,44.52263,Sunny,1.0
164,2,Norris (McLaren),42.05304,86.57567,Sunny,1.0
164,3,Norris (McLaren),43.00903,129.5847,Sunny,1.0
164,4,Norris (McLaren),42.96229,172.54699,Sunny,1.0
164,5,Norris (McLaren),42.42265,214.96964,Sunny,1.0
165,1,Hamilton (Mercedes),43.68163,43.68163,Sunny,1.0
165,2,Hamilton (Mercedes),43.79765,87.47928,Sunny,1.0
165,3,Hamilton (Mercedes),43.78331,131.26259,Sunny,1.0
165,4,Hamilton (Mercedes),42.91528,174.17787,Sunny,1.0
165,5,Hamilton (Mercedes),43.48727,217.66514,Sunny,1.0
165,1,Verstappen (Red Bull),42.73795,42.73795,Sunny,1.0
165,2,Verstappen (Red Bull),42.95299,85.69093,Sunny,1.0
165,3,Verstappen (Red Bull),42.3953,128.08623,Sunny,1.0
165,4,Verstappen (Red Bull),42.80736,170.89359,Sunny,1.0
165,5,Verstappen (Red Bull),42.4744,213.36799,Sunny,1.0
165,1,Norris (McLaren),42.35291,42.35291,Sunny,1.0
165,2,Norris (McLaren),41.95607,84.30899,Sunny,1.0
165,3,Norris (McLaren),43.75763,128.06662,Sunny,1.0
165,4,Norris (McLaren),42.4655,170.53212,Sunny,1.0
165,5,Norris (McLaren),43.37331,213.90543,Sunny,1.0
166,1,Hamilton (Mercedes),44.84603,44.84603,Sunny,1.0
166,2,Hamilton (Mercedes),43.02034,87.86637,Sunny,1.0
166,3,Hamilton (Mercedes),43.5886,131.45496,Sunny,1.0
166,4,Hamilton (Mercedes),43.01284,174.4678,Sunny,1.0
166,5,Hamilton (Mercedes),43.11794,217.58574,Sunny,1.0
166,1,Verstappen (Red Bull),43.02933,43.02933,Sunny,1.0
166,2,Verstappen (Red Bull),43.23992,86.26925,Sunny,1.0
166,3,Verstappen (Red Bull),42.68412,128.95337,Sunny,1.0
166,4,Verstappen (Red Bull),42.3691,171.32247,Sunny,1.0
166,5,Verstappen (Red Bull),43.26922,214.59169,Sunny,1.0
166,1,Norris (McLaren),43.28566,43.28566,Sunny,1.0
166,2,Norris (McLaren),42.45858,85.74425,Sunny,1.0
166,3,Norris (McLaren),42.44641,128.19066,Sunny,1.0
166,4,Norris (McLaren),42.39337,170.58403,Sunny,1.0
166,5,Norris (McLaren),44.14518,214.72921,Sunny,1.0
167,1,Hamilton (Mercedes),44.1212,44.1212,Sunny,1.0
167,2,Hamilton (Mercedes),43.96654,88.08774,Sunny,1.0
167,3,Hamilton (Mercedes),43.37481,131.46255,Sunny,1.0
167,4,Hamilton (Mercedes),42.96791,174.43046,Sunny,1.0
167,5,Hamilton (Mercedes),44.18264,218.6131,Sunny,1.0
167,1,Verstappen (Red Bull),42.87788,42.87788,Sunny,1.0
167,2,Verstappen (Red Bull),42.06696,84.94484,Sunny,1.0
167,3,Verstappen (Red Bull),43.66214,128.60698,Sunny,1.0
167,4,Verstappen (Red Bull),42.42248,171.02946,Sunny,1.0
167,5,Verstappen (Red Bull),43.16084,214.19031,Sunny,1.0
167,1,Norris (McLaren),42.45903,42.45903,Sunny,1.0
167,2,Norris (McLaren),42.37521,84.83424,Sunny,1.0
167,3,Norris (McLaren),42.96568,127.79992,Sunny,1.0
167,4,Norris (McLaren),43.82746,171.62738,Sunny,1.0
167,5,Norris (McLaren),42.55597,214.18335,Sunny,1.0
168,1,Hamilton (Mercedes),44.09244,44.09244,Sunny,1.0
168,2,Hamilton (Mercedes),42.851,86.94344,Sunny,1.0
168,3,Hamilton (Mercedes),42.47807,129.42151,Sunny,1.0
168,4,Hamilton (Mercedes),44.1755,173.59701,Sunny,1.0
168,5,Hamilton (Mercedes),44.07732,217.67433,Sunny,1.0
168,1,Verstappen (Red Bull),43.00442,43.00442,Sunny,1.0
168,2,Verstappen (Red Bull),42.67337,85.67779,Sunny,1.0
168,3,Verstappen (Red Bull),43.16122,128.83901,Sunny,1.0
168,4,Verstappen (Red Bull),43.13971,171.97872,Sunny,1.0
168,5,Verstappen (Red Bull),42.78567,214.76439,Sunny,1.0
168,1,Norris (McLaren),43.20413,43.20413,Sunny,1.0
168,2,Norris (McLaren),42.92633,86.13046,Sunny,1.0
168,3,Norris (McLaren),43.51582,129.64628,Sunny,1.0
168,4,Norris (McLaren),42.37935,172.02563,Sunny,1.0
168,5,Norris (McLaren),44.60428,216.62991,Sunny,1.0
169,1,Hamilton (Mercedes),43.22322,43.22322,Sunny,1.0
169,2,Hamilton (Mercedes),44.0134,87.23662,Sunny,1.0
169,3,Hamilton (Mercedes),43.61227,130.84888,Sunny,1.0
169,4,Hamilton (Mercedes),43.7897,174.63859,Sunny,1.0
169,5,Hamilton (Mercedes),43.65338,218.29197,Sunny,1.0
169,1,Verstappen (Red Bull),43.34071,43.34071,Sunny,1.0
169,2,Verstappen (Red Bull),42.80232,86.14304,Sunny,1.0
169,3,Verstappen (Red Bull),43.53737,129.68041,Sunny,1.0
169,4,Verstappen (Red Bull),42.27261,171.95302,Sunny,1.0
169,5,Verstappen (Red Bull),43.3153,215.26833,Sunny,1.0
169,1,Norris (McLaren),42.53758,42.53758,Sunny,1.0
169,2,Norris (McLaren),42.65878,85.19636,Sunny,1.0
169,3,Norris (McLaren),42.75172,127.94808,Sunny,1.0
169,4,Norris (McLaren),43.54458,171.49266,Sunny,1.0
169,5,Norris (McLaren),42.64776,214.14042,Sunny,1.0
170,1,Hamilton (Mercedes),42.41315,42.41315,Sunny,1.0
170,2,Hamilton (Mercedes),43.35546,85.76862,Sunny,1.0
170,3,Hamilton (Mercedes),42.93949,128.70811,Sunny,1.0
170,4,Hamilton (Mercedes),43.64274,172.35084,Sunny,1.0
170,5,Hamilton (Mercedes),44.70034,217.05118,Sunny,1.0
170,1,Verstappen (Red Bull),43.34339,43.34339,Sunny,1.0
170,2,Verstappen (Red Bull),43.36368,86.70707,Sunny,1.0
170,3,Verstappen (Red Bull),43.67796,130.38503,Sunny,1.0
170,4,Verstappen (Red Bull),41.93854,172.32357,Sunny,1.0
170,5,Verstappen (Red Bull),43.61612,215.93969,Sunny,1.0
170,1,Norris (McLaren),43.73304,43.73304,Sunny,1.0
170,2,Norris (McLaren),44.00459,87.73763,Sunny,1.0
170,3,Norris (McLaren),42.71643,130.45406,Sunny,1.0
170,4,Norris (McLaren),44.81441,175.26847,Sunny,1.0
170,5,Norris (McLaren),42.88304,218.15151,Sunny,1.0
171,1,Hamilton (Mercedes),44.23964,44.23964,Sunny,1.0
171,2,Hamilton (Mercedes),44.21128,88.45092,Sunny,1.0
171,3,Hamilton (Mercedes),43.7562,132.20712,Sunny,1.0
171,4,Hamilton (Mercedes),43.91511,176.12223,Sunny,1.0
171,5,Hamilton (Mercedes),43.8381,219.96033,Sunny,1.0
171,1,Verstappen (Red Bull),42.52496,42.52496,Sunny,1.0
171,2,Verstappen (Red Bull),42.59119,85.11615,Sunny,1.0
171,3,Verstappen (Red Bull),43.70684,128.82299,Sunny,1.0
171,4,Verstappen (Red Bull),42.2692,171.09219,Sunny,1.0
171,5,Verstappen (Red Bull),41.99164,213.08383,Sunny,1.0
171,1,Norris (McLaren),42.61032,42.61032,Sunny,1.0
171,2,Norris (McLaren),42.64982,85.26014,Sunny,1.0
171,3,Norris (McLaren),43.19696,128.4571,Sunny,1.0
171,4,Norris (McLaren),44.13754,172.59465,Sunny,1.0
171,5,Norris (McLaren),44.10092,216.69556,Sunny,1.0
172,1,Hamilton (Mercedes),44.44292,44.44292,Sunny,1.0
172,2,Hamilton (Mercedes),43.18237,87.62528,Sunny,1.0
172,3,Hamilton (Mercedes),43.17981,130.80509,Sunny,1.0
172,4,Hamilton (Mercedes),43.70703,174.51212,Sunny,1.0
172,5,Hamilton (Mercedes),43.62927,218.14138,Sunny,1.0
172,1,Verstappen (Red Bull),42.57455,42.57455,Sunny,1.0
172,2,Verstappen (Red Bull),43.43596,86.01052,Sunny,1.0
172,3,Verstappen (Red Bull),43.46649,129.477,Sunny,1.0
172,4,Verstappen (Red Bull),42.26678,171.74378,Sunny,1.0
172,5,Verstappen (Red Bull),42.79686,214.54064,Sunny,1.0
172,1,Norris (McLaren),42.11978,42.11978,Sunny,1.0
172,2,Norris (McLaren),43.88711,86.00689,Sunny,1.0
172,3,Norris (McLaren),44.7049,130.71178,Sunny,1.0
172,4,Norris (McLaren),43.91953,174.63131,Sunny,1.0
172,5,Norris (McLaren),44.72163,219.35294,Sunny,1.0
173,1,Hamilton (Mercedes),43.4764,43.4764,Sunny,1.0
173,2,Hamilton (Mercedes),43.42006,86.89645,Sunny,1.0
173,3,Hamilton (Mercedes),43.67372,130.57018,Sunny,1.0
173,4,Hamilton (Mercedes),43.23358,173.80375,Sunny,1.0
173,5,Hamilton (Mercedes),42.69821,216.50197,Sunny,1.0
173,1,Verstappen (Red Bull),42.82642,42.82642,Sunny,1.0
173,2,Verstappen (Red Bull),43.55039,86.37681,Sunny,1.0
173,3,Verstappen (Red Bull),43.24684,129.62365,Sunny,1.0
173,4,Verstappen (Red Bull),42.26876,171.89241,Sunny,1.0
173,5,Verstappen (Red Bull),42.41888,214.3113,Sunny,1.0
173,1,Norris (McLaren),42.89349,42.89349,Sunny,1.0
173,2,Norris (McLaren),42.94961,85.8431,Sunny,1.0
173,3,Norris (McLaren),44.79364,130.63674,Sunny,1.0
173,4,Norris (McLaren),43.08954,173.72628,Sunny,1.0
173,5,Norris (McLaren),44.07151,217.79779,Sunny,1.0
174,1,Hamilton (Mercedes),43.55836,43.55836,Sunny,1.0
174,2,Hamilton (Mercedes),43.24704,86.8054,Sunny,1.0
174,3,Hamilton (Mercedes),43.86012,130.66552,Sunny,1.0
174,4,Hamilton (Mercedes),43.28463,173.95015,Sunny,1.0
174,5,Hamilton (Mercedes),43.60722,217.55737,Sunny,1.0
174,1,Verstappen (Red Bull),42.77742,42.77742,Sunny,1.0
174,2,Verstappen (Red Bull),43.64664,86.42407,Sunny,1.0
174,3,Verstappen (Red Bull),43.4789,129.90297,Sunny,1.0
174,4,Verstappen (Red Bull),43.74494,173.64791,Sunny,1.0
174,5,Verstappen (Red Bull),41.30108,214.94899,Sunny,1.0
174,1,Norris (McLaren),42.7678,42.7678,Sunny,1.0
174,2,Norris (McLaren),43.5392,86.307,Sunny,1.0
174,3,Norris (McLaren),43.58426,129.89126,Sunny,1.0
174,4,Norris (McLaren),43.84446,173.73572,Sunny,1.0
174,5,Norris (McLaren),43.09685,216.83258,Sunny,1.0
175,1,Hamilton (Mercedes),43.89,43.89,Sunny,1.0
175,2,Hamilton (Mercedes),43.08167,86.97167,Sunny,1.0
175,3,Hamilton (Mercedes),42.73059,129.70226,Sunny,1.0
175,4,Hamilton (Mercedes),42.89702,172.59927,Sunny,1.0
175,5,Hamilton (Mercedes),44.55655,217.15582,Sunny,1.0
175,1,Verstappen (Red Bull),42.99822,42.99822,Sunny,1.0
175,2,Verstappen (Red Bull),42.96216,85.96038,Sunny,1.0
175,3,Verstappen (Red Bull),42.44075,128.40113,Sunny,1.0
175,4,Verstappen (Red Bull),43.30044,171.70156,Sunny,1.0
175,5,Verstappen (Red Bull),43.20747,214.90904,Sunny,1.0
175,1,Norris (McLaren),43.23044,43.23044,Sunny,1.0
175,2,Norris (McLaren),42.69961,85.93004,Sunny,1.0
175,3,Norris (McLaren),42.99595,128.92599,Sunny,1.0
175,4,Norris (McLaren),44.153,173.07899,Sunny,1.0
175,5,Norris (McLaren),42.97184,216.05083,Sunny,1.0
176,1,Hamilton (Mercedes),43.84379,43.84379,Sunny,1.0
176,2,Hamilton (Mercedes),44.13453,87.97832,Sunny,1.0
176,3,Hamilton (Mercedes),43.29914,131.27745,Sunny,1.0
176,4,Hamilton (Mercedes),42.59273,173.87019,Sunny,1.0
176,5,Hamilton (Mercedes),44.14196,218.01215,Sunny,1.0
176,1,Verstappen (Red Bull),43.0291,43.0291,Sunny,1.0
176,2,Verstappen (Red Bull),42.12933,85.15843,Sunny,1.0
176,3,Verstappen (Red Bull),42.7296,127.88803,Sunny,1.0
176,4,Verstappen (Red Bull),42.72074,170.60878,Sunny,1.0
176,5,Verstappen (Red Bull),43.10774,213.71651,Sunny,1.0
176,1,Norris (McLaren),44.1727,44.1727,Sunny,1.0
176,2,Norris (McLaren),44.22759,88.40029,Sunny,1.0
176,3,Norris (McLaren),43.50601,131.90629,Sunny,1.0
176,4,Norris (McLaren),43.37152,175.27781,Sunny,1.0
176,5,Norris (McLaren),44.03271,219.31052,Sunny,1.0
177,1,Hamilton (Mercedes),43.46838,43.46838,Sunny,1.0
177,2,Hamilton (Mercedes),43.47167,86.94005,Sunny,1.0
177,3,Hamilton (Mercedes),43.04698,129.98704,Sunny,1.0
177,4,Hamilton (Mercedes),42.86545,172.85249,Sunny,1.0
177,5,Hamilton (Mercedes),43.91654,216.76903,Sunny,1.0
177,1,Verstappen (Red Bull),42.82564,42.82564,Sunny,1.0
177,2,Verstappen (Red Bull),43.02945,85.85509,Sunny,1.0
177,3,Verstappen (Red Bull),42.61487,128.46995,Sunny,1.0
177,4,Verstappen (Red Bull),42.81254,171.28249,Sunny,1.0
177,5,Verstappen (Red Bull),42.15176,213.43426,Sunny,1.0
177,1,Norris (McLaren),44.16647,44.16647,Sunny,1.0
177,2,Norris (McLaren),42.43369,86.60016,Sunny,1.0
177,3,Norris (McLaren),44.59672,131.19688,Sunny,1.0
177,4,Norris (McLaren),43.16689,174.36378,Sunny,1.0
177,5,Norris (McLaren),43.07666,217.44044,Sunny,1.0
178,1,Hamilton (Mercedes),43.14486,43.14486,Sunny,1.0
178,2,Hamilton (Mercedes),43.3565,86.50136,Sunny,1.0
178,3,Hamilton (Mercedes),42.71709,129.21845,Sunny,1.0
178,4,Hamilton (Mercedes),43.62747,172.84592,Sunny,1.0
178,5,Hamilton (Mercedes),42.69083,215.53675,Sunny,1.0
178,1,Verstappen (Red Bull),42.09303,42.09303,Sunny,1.0
178,2,Verstappen (Red Bull),43.65677,85.7498,Sunny,1.0
178,3,Verstappen (Red Bull),43.36362,129.11342,Sunny,1.0
178,4,Verstappen (Red Bull),41.99926,171.11268,Sunny,1.0
178,5,Verstappen (Red Bull),42.76675,213.87943,Sunny,1.0
178,1,Norris (McLaren),42.22965,42.22965,Sunny,1.0
178,2,Norris (McLaren),42.88093,85.11058,Sunny,1.0
178,3,Norris (McLaren),43.68987,128.80045,Sunny,1.0
178,4,Norris (McLaren),42.98356,171.78402,Sunny,1.0
178,5,Norris (McLaren),41.3209,213.10492,Sunny,1.0
179,1,Hamilton (Mercedes),43.03555,43.03555,Sunny,1.0
179,2,Hamilton (Mercedes),43.44542,86.48097,Sunny,1.0
179,3,Hamilton (Mercedes),43.34224,129.82321,Sunny,1.0
179,4,Hamilton (Mercedes),43.69853,173.52174,Sunny,1.0
179,5,Hamilton (Mercedes),43.24939,216.77113,Sunny,1.0
179,1,Verstappen (Red Bull),43.87721,43.87721,Sunny,1.0
179,2,Verstappen (Red Bull),42.65728,86.53449,Sunny,1.0
179,3,Verstappen (Red Bull),42.36161,128.8961,Sunny,1.0
179,4,Verstappen (Red Bull),42.38473,171.28083,Sunny,1.0
179,5,Verstappen (Red Bull),42.6437,213.92453,Sunny,1.0
179,1,Norris (McLaren),43.89814,43.89814,Sunny,1.0
179,2,Norris (McLaren),42.84585,86.74399,Sunny,1.0
179,3,Norris (McLaren),43.53687,130.28086,Sunny,1.0
179,4,Norris (McLaren),42.06074,172.3416,Sunny,1.0
179,5,Norris (McLaren),42.59535,214.93695,Sunny,1.0
180,1,Hamilton (Mercedes),42.34833,42.34833,Sunny,1.0
180,2,Hamilton (Mercedes),44.04003,86.38836,Sunny,1.0
180,3,Hamilton (Mercedes),43.62858,130.01694,Sunny,1.0
180,4,Hamilton (Mercedes),44.05843,174.07537,Sunny,1.0
180,5,Hamilton (Mercedes),43.45685,217.53222,Sunny,1.0
180,1,Verstappen (Red Bull),43.46343,43.46343,Sunny,1.0
180,2,Verstappen (Red Bull),43.7153,87.17873,Sunny,1.0
180,3,Verstappen (Red Bull),42.49234,129.67107,Sunny,1.0
180,4,Verstappen (Red Bull),42.63053,172.3016,Sunny,1.0
180,5,Verstappen (Red Bull),43.0236,215.32519,Sunny,1.0
180,1,Norris (McLaren),43.51116,43.51116,Sunny,1.0
180,2,Norris (McLaren),43.36603,86.8772,Sunny,1.0
180,3,Norris (McLaren),43.61047,130.48767,Sunny,1.0
180,4,Norris (McLaren),41.8993,172.38697,Sunny,1.0
180,5,Norris (McLaren),43.84781,216.23478,Sunny,1.0
181,1,Hamilton (Mercedes),42.75491,42.75491,Sunny,1.0
181,2,Hamilton (Mercedes),43.99197,86.74689,Sunny,1.0
181,3,Hamilton (Mercedes),43.71527,130.46216,Sunny,1.0
181,4,Hamilton (Mercedes),43.10365,173.56581,Sunny,1.0
181,5,Hamilton (Mercedes),44.38663,217.95244,Sunny,1.0
181,1,Verstappen (Red Bull),43.1109,43.1109,Sunny,1.0
181,2,Verstappen (Red Bull),42.78693,85.89783,Sunny,1.0
181,3,Verstappen (Red Bull),43.53436,129.43219,Sunny,1.0
181,4,Verstappen (Red Bull),42.89125,172.32345,Sunny,1.0
181,5,Verstappen (Red Bull),43.13345,215.4569,Sunny,1.0
181,1,Norris (McLaren),42.62101,42.62101,Sunny,1.0
181,2,Norris (McLaren),42.37541,84.99641,Sunny,1.0
181,3,Norris (McLaren),42.64531,127.64173,Sunny,1.0
181,4,Norris (McLaren),42.33632,169.97805,Sunny,1.0
181,5,Norris (McLaren),43.30679,213.28484,Sunny,1.0
182,1,Hamilton (Mercedes),43.43968,43.43968,Sunny,1.0
182,2,Hamilton (Mercedes),43.57574,87.01541,Sunny,1.0
182,3,Hamilton (Mercedes),44.15714,131.17255,Sunny,1.0
182,4,Hamilton (Mercedes),43.38082,174.55337,Sunny,1.0
182,5,Hamilton (Mercedes),43.10211,217.65548,Sunny,1.0
182,1,Verstappen (Red Bull),41.96094,41.96094,Sunny,1.0
182,2,Verstappen (Red Bull),41.44392,83.40486,Sunny,1.0
182,3,Verstappen (Red Bull),43.21037,126.61523,Sunny,1.0
182,4,Verstappen (Red Bull),42.60488,169.22012,Sunny,1.0
182,5,Verstappen (Red Bull),42.02836,211.24847,Sunny,1.0
182,1,Norris (McLaren),42.18638,42.18638,Sunny,1.0
182,2,Norris (McLaren),42.5211,84.70748,Sunny,1.0
182,3,Norris (McLaren),42.75575,127.46323,Sunny,1.0
182,4,Norris (McLaren),42.47056,169.93379,Sunny,1.0
182,5,Norris (McLaren),42.15949,212.09327,Sunny,1.0
183,1,Hamilton (Mercedes),42.97383,42.97383,Sunny,1.0
183,2,Hamilton (Mercedes),44.44802,87.42185,Sunny,1.0
183,3,Hamilton (Mercedes),43.34265,130.7645,Sunny,1.0
183,4,Hamilton (Mercedes),44.41397,175.17847,Sunny,1.0
183,5,Hamilton (Mercedes),43.80716,218.98563,Sunny,1.0
183,1,Verstappen (Red Bull),43.11289,43.11289,Sunny,1.0
183,2,Verstappen (Red Bull),42.24315,85.35604,Sunny,1.0
183,3,Verstappen (Red Bull),43.12225,128.47829,Sunny,1.0
183,4,Verstappen (Red Bull),43.30491,171.7832,Sunny,1.0
183,5,Verstappen (Red Bull),43.43611,215.21931,Sunny,1.0
183,1,Norris (McLaren),42.97045,42.97045,Sunny,1.0
183,2,Norris (McLaren),43.7717,86.74215,Sunny,1.0
183,3,Norris (McLaren),42.13183,128.87398,Sunny,1.0
183,4,Norris (McLaren),43.12346,171.99744,Sunny,1.0
183,5,Norris (McLaren),43.25982,215.25726,Sunny,1.0
184,1,Hamilton (Mercedes),43.50949,43.50949,Sunny,1.0
184,2,Hamilton (Mercedes),44.348,87.85749,Sunny,1.0
184,3,Hamilton (Mercedes),44.19201,132.0495,Sunny,1.0
184,4,Hamilton (Mercedes),43.8748,175.9243,Sunny,1.0
184,5,Hamilton (Mercedes),44.21262,220.13692,Sunny,1.0
184,1,Verstappen (Red Bull),42.81422,42.81422,Sunny,1.0
184,2,Verstappen (Red Bull),43.35829,86.17251,Sunny,1.0
184,3,Verstappen (Red Bull),44.1957,130.36821,Sunny,1.0
184,4,Verstappen (Red Bull),43.83083,174.19904,Sunny,1.0
184,5,Verstappen (Red Bull),42.43247,216.63151,Sunny,1.0
184,1,Norris (McLaren),43.46327,43.46327,Sunny,1.0
184,2,Norris (McLaren),43.22157,86.68484,Sunny,1.0
184,3,Norris (McLaren),43.00439,129.68923,Sunny,1.0
184,4,Norris (McLaren),44.47735,174.16658,Sunny,1.0
184,5,Norris (McLaren),43.67646,217.84304,Sunny,1.0
185,1,Hamilton (Mercedes),44.0943,44.0943,Sunny,1.0
185,2,Hamilton (Mercedes),43.39764,87.49194,Sunny,1.0
185,3,Hamilton (Mercedes),43.81162,131.30355,Sunny,1.0
185,4,Hamilton (Mercedes),43.70463,175.00818,Sunny,1.0
185,5,Hamilton (Mercedes),43.41857,218.42676,Sunny,1.0
185,1,Verstappen (Red Bull),42.17793,42.17793,Sunny,1.0
185,2,Verstappen (Red Bull),43.15643,85.33436,Sunny,1.0
185,3,Verstappen (Red Bull),42.51275,127.84711,Sunny,1.0
185,4,Verstappen (Red Bull),43.47937,171.32648,Sunny,1.0
185,5,Verstappen (Red Bull),43.05757,214.38406,Sunny,1.0
185,1,Norris (McLaren),42.11529,42.11529,Sunny,1.0
185,2,Norris (McLaren),42.66341,84.7787,Sunny,1.0
185,3,Norris (McLaren),44.27777,129.05647,Sunny,1.0
185,4,Norris (McLaren),43.31535,172.37182,Sunny,1.0
185,5,Norris (McLaren),44.34219,216.71401,Sunny,1.0
186,1,Hamilton (Mercedes),42.9473,42.9473,Sunny,1.0
186,2,Hamilton (Mercedes),43.37251,86.3198,Sunny,1.0
186,3,Hamilton (Mercedes),43.695,130.01481,Sunny,1.0
186,4,Hamilton (Mercedes),44.60513,174.61993,Sunny,1.0
186,5,Hamilton (Mercedes),42.36855,216.98848,Sunny,1.0
186,1,Verstappen (Red Bull),43.51252,43.51252,Sunny,1.0
186,2,Verstappen (Red Bull),41.90659,85.41911,Sunny,1.0
186,3,Verstappen (Red Bull),42.41001,127.82912,Sunny,1.0
186,4,Verstappen (Red Bull),42.6212,170.45032,Sunny,1.0
186,5,Verstappen (Red Bull),42.73392,213.18424,Sunny,1.0
186,1,Norris (McLaren),43.28305,43.28305,Sunny,1.0
186,2,Norris (McLaren),42.21989,85.50293,Sunny,1.0
186,3,Norris (McLaren),43.01855,128.52148,Sunny,1.0
186,4,Norris (McLaren),43.24903,171.77051,Sunny,1.0
186,5,Norris (McLaren),43.87907,215.64958,Sunny,1.0
187,1,Hamilton (Mercedes),43.94424,43.94424,Sunny,1.0
187,2,Hamilton (Mercedes),43.51685,87.46109,Sunny,1.0
187,3,Hamilton (Mercedes),43.8125,131.2736,Sunny,1.0
187,4,Hamilton (Mercedes),42.48082,173.75442,Sunny,1.0
187,5,Hamilton (Mercedes),43.4694,217.22382,Sunny,1.0
187,1,Verstappen (Red Bull),42.89783,42.89783,Sunny,1.0
187,2,Verstappen (Red Bull),42.51218,85.41001,Sunny,1.0
187,3,Verstappen (Red Bull),42.02891,127.43892,Sunny,1.0
187,4,Verstappen (Red Bull),42.73178,170.1707,Sunny,1.0
187,5,Verstappen (Red Bull),43.24872,213.41942,Sunny,1.0
187,1,Norris (McLaren),44.66039,44.66039,Sunny,1.0
187,2,Norris (McLaren),42.82201,87.4824,Sunny,1.0
187,3,Norris (McLaren),42.62354,130.10593,Sunny,1.0
187,4,Norris (McLaren),42.84677,172.95271,Sunny,1.0
187,5,Norris (McLaren),43.45195,216.40466,Sunny,1.0
188,1,Hamilton (Mercedes),43.25842,43.25842,Sunny,1.0
188,2,Hamilton (Mercedes),44.63138,87.8898,Sunny,1.0
188,3,Hamilton (Mercedes),44.32509,132.21489,Sunny,1.0
188,4,Hamilton (Mercedes),44.97221,177.1871,Sunny,1.0
188,5,Hamilton (Mercedes),43.86968,221.05678,Sunny,1.0
188,1,Verstappen (Red Bull),43.1846,43.1846,Sunny,1.0
188,2,Verstappen (Red Bull),41.83397,85.01857,Sunny,1.0
188,3,Verstappen (Red Bull),43.12487,128.14344,Sunny,1.0
188,4,Verstappen (Red Bull),42.62296,170.7664,Sunny,1.0
188,5,Verstappen (Red Bull),43.46167,214.22807,Sunny,1.0
188,1,Norris (McLaren),43.46927,43.46927,Sunny,1.0
188,2,Norris (McLaren),42.43744,85.9067,Sunny,1.0
188,3,Norris (McLaren),43.13572,129.04242,Sunny,1.0
188,4,Norris (McLaren),43.16452,172.20695,Sunny,1.0
188,5,Norris (McLaren),43.50655,215.71349,Sunny,1.0
189,1,Hamilton (Mercedes),43.32086,43.32086,Sunny,1.0
189,2,Hamilton (Mercedes),43.15303,86.47389,Sunny,1.0
189,3,Hamilton (Mercedes),43.09297,129.56686,Sunny,1.0
189,4,Hamilton (Mercedes),43.64351,173.21036,Sunny,1.0
189,5,Hamilton (Mercedes),43.446,216.65637,Sunny,1.0
189,1,Verstappen (Red Bull),43.52364,43.52364,Sunny,1.0
189,2,Verstappen (Red Bull),44.11133,87.63497,Sunny,1.0
189,3,Verstappen (Red Bull),43.12501,130.75998,Sunny,1.0
189,4,Verstappen (Red Bull),43.64352,174.4035,Sunny,1.0
189,5,Verstappen (Red Bull),43.31872,217.72222,Sunny,1.0
189,1,Norris (McLaren),43.41274,43.41274,Sunny,1.0
189,2,Norris (McLaren),43.0429,86.45564,Sunny,1.0
189,3,Norris (McLaren),42.69012,129.14576,Sunny,1.0
189,4,Norris (McLaren),44.9407,174.08645,Sunny,1.0
189,5,Norris (McLaren),42.56911,216.65556,Sunny,1.0
190,1,Hamilton (Mercedes),43.88328,43.88328,Sunny,1.0
190,2,Hamilton (Mercedes),43.46562,87.3489,Sunny,1.0
190,3,Hamilton (Mercedes),43.45994,130.80885,Sunny,1.0
190,4,Hamilton (Mercedes),43.76174,174.57058,Sunny,1.0
190,5,Hamilton (Mercedes),43.54852,218.1191,Sunny,1.0
190,1,Verstappen (Red Bull),43.8318,43.8318,Sunny,1.0
190,2,Verstappen (Red Bull),42.11316,85.94495,Sunny,1.0
190,3,Verstappen (Red Bull),43.03711,128.98207,Sunny,1.0
190,4,Verstappen (Red Bull),44.09429,173.07635,Sunny,1.0
190,5,Verstappen (Red Bull),43.99139,217.06774,Sunny,1.0
190,1,Norris (McLaren),44.11311,44.11311,Sunny,1.0
190,2,Norris (McLaren),42.50948,86.62259,Sunny,1.0
190,3,Norris (McLaren),43.88513,130.50772,Sunny,1.0
190,4,Norris (McLaren),43.55333,174.06104,Sunny,1.0
190,5,Norris (McLaren),43.33364,217.39469,Sunny,1.0
191,1,Hamilton (Mercedes),43.39138,43.39138,Sunny,1.0
191,2,Hamilton (Mercedes),44.07741,87.4688,Sunny,1.0
191,3,Hamilton (Mercedes),43.58416,131.05296,Sunny,1.0
191,4,Hamilton (Mercedes),43.95752,175.01047,Sunny,1.0
191,5,Hamilton (Mercedes),43.35218,218.36266,Sunny,1.0
191,1,Verstappen (Red Bull),42.41178,42.41178,Sunny,1.0
191,2,Verstappen (Red Bull),42.12557,84.53735,Sunny,1.0
191,3,Verstappen (Red Bull),42.76322,127.30057,Sunny,1.0
191,4,Verstappen (Red Bull),42.51158,169.81215,Sunny,1.0
191,5,Verstappen (Red Bull),42.41692,212.22906,Sunny,1.0
191,1,Norris (McLaren),42.2886,42.2886,Sunny,1.0
191,2,Norris (McLaren),43.50316,85.79175,Sunny,1.0
191,3,Norris (McLaren),44.38342,130.17517,Sunny,1.0
191,4,Norris (McLaren),43.88445,174.05962,Sunny,1.0
191,5,Norris (McLaren),44.58797,218.64759,Sunny,1.0
192,1,Hamilton (Mercedes),44.20474,44.20474,Sunny,1.0
192,2,Hamilton (Mercedes),44.05516,88.2599,Sunny,1.0
192,3,Hamilton (Mercedes),44.88317,133.14307,Sunny,1.0
192,4,Hamilton (Mercedes),43.90476,177.04782,Sunny,1.0
192,5,Hamilton (Mercedes),44.33612,221.38395,Sunny,1.0
192,1,Verstappen (Red Bull),42.34536,42.34536,Sunny,1.0
192,2,Verstappen (Red Bull),42.72741,85.07277,Sunny,1.0
192,3,Verstappen (Red Bull),43.45015,128.52292,Sunny,1.0
192,4,Verstappen (Red Bull),43.46714,171.99006,Sunny,1.0
192,5,Verstappen (Red Bull),43.97243,215.96249,Sunny,1.0
192,1,Norris (McLaren),43.05981,43.05981,Sunny,1.0
192,2,Norris (McLaren),43.50964,86.56946,Sunny,1.0
192,3,Norris (McLaren),44.15571,130.72517,Sunny,1.0
192,4,Norris (McLaren),42.67227,173.39744,Sunny,1.0
192,5,Norris (McLaren),43.04686,216.4443,Sunny,1.0
193,1,Hamilton (Mercedes),42.74167,42.74167,Sunny,1.0
193,2,Hamilton (Mercedes),42.91598,85.65766,Sunny,1.0
193,3,Hamilton (Mercedes),44.16738,129.82504,Sunny,1.0
193,4,Hamilton (Mercedes),44.12933,173.95437,Sunny,1.0
193,5,Hamilton (Mercedes),44.77719,218.73156,Sunny,1.0
193,1,Verstappen (Red Bull),42.75992,42.75992,Sunny,1.0
193,2,Verstappen (Red Bull),42.86527,85.62519,Sunny,1.0
193,3,Verstappen (Red Bull),42.54954,128.17473,Sunny,1.0
193,4,Verstappen (Red Bull),42.86592,171.04065,Sunny,1.0
193,5,Verstappen (Red Bull),43.54104,214.58169,Sunny,1.0
193,1,Norris (McLaren),42.36266,42.36266,Sunny,1.0
193,2,Norris (McLaren),43.40187,85.76453,Sunny,1.0
193,3,Norris (McLaren),44.29503,130.05955,Sunny,1.0
193,4,Norris (McLaren),43.26572,173.32527,Sunny,1.0
193,5,Norris (McLaren),43.04892,216.37419,Sunny,1.0
194,1,Hamilton (Mercedes),43.93681,43.93681,Sunny,1.0
194,2,Hamilton (Mercedes),43.73488,87.67168,Sunny,1.0
194,3,Hamilton (Mercedes),43.46291,131.1346,Sunny,1.0
194,4,Hamilton (Mercedes),43.52366,174.65825,Sunny,1.0
194,5,Hamilton (Mercedes),43.73201,218.39027,Sunny,1.0
194,1,Verstappen (Red Bull),43.04203,43.04203,Sunny,1.0
194,2,Verstappen (Red Bull),43.10591,86.14794,Sunny,1.0
194,3,Verstappen (Red Bull),42.82463,128.97257,Sunny,1.0
194,4,Verstappen (Red Bull),42.99092,171.96349,Sunny,1.0
194,5,Verstappen (Red Bull),43.37038,215.33387,Sunny,1.0
194,1,Norris (McLaren),43.34843,43.34843,Sunny,1.0
194,2,Norris (McLaren),41.77083,85.11926,Sunny,1.0
194,3,Norris (McLaren),42.74117,127.86043,Sunny,1.0
194,4,Norris (McLaren),43.97593,171.83636,Sunny,1.0
194,5,Norris (McLaren),43.65177,215.48812,Sunny,1.0
195,1,Hamilton (Mercedes),43.11487,43.11487,Sunny,1.0
195,2,Hamilton (Mercedes),43.47468,86.58955,Sunny,1.0
195,3,Hamilton (Mercedes),43.03896,129.62851,Sunny,1.0
195,4,Hamilton (Mercedes),43.33708,172.96559,Sunny,1.0
195,5,Hamilton (Mercedes),43.23516,216.20074,Sunny,1.0
195,1,Verstappen (Red Bull),43.49368,43.49368,Sunny,1.0
195,2,Verstappen (Red Bull),42.09508,85.58876,Sunny,1.0
195,3,Verstappen (Red Bull),42.91438,128.50315,Sunny,1.0
195,4,Verstappen (Red Bull),42.53598,171.03913,Sunny,1.0
195,5,Verstappen (Red Bull),42.66956,213.70869,Sunny,1.0
195,1,Norris (McLaren),44.00908,44.00908,Sunny,1.0
195,2,Norris (McLaren),42.7301,86.73918,Sunny,1.0
195,3,Norris (McLaren),43.85405,130.59323,Sunny,1.0
195,4,Norris (McLaren),42.30921,172.90243,Sunny,1.0
195,5,Norris (McLaren),43.15467,216.05711,Sunny,1.0
196,1,Hamilton (Mercedes),43.10706,43.10706,Sunny,1.0
196,2,Hamilton (Mercedes),43.46217,86.56923,Sunny,1.0
196,3,Hamilton (Mercedes),43.38906,129.95829,Sunny,1.0
196,4,Hamilton (Mercedes),43.65932,173.61762,Sunny,1.0
196,5,Hamilton (Mercedes),43.55063,217.16824,Sunny,1.0
196,1,Verstappen (Red Bull),42.53307,42.53307,Sunny,1.0
196,2,Verstappen (Red Bull),43.39876,85.93183,Sunny,1.0
196,3,Verstappen (Red Bull),43.33573,129.26756,Sunny,1.0
196,4,Verstappen (Red Bull),42.84837,172.11593,Sunny,1.0
196,5,Verstappen (Red Bull),42.51097,214.6269,Sunny,1.0
196,1,Norris (McLaren),43.81508,43.81508,Sunny,1.0
196,2,Norris (McLaren),43.74394,87.55901,Sunny,1.0
196,3,Norris (McLaren),43.55073,131.10974,Sunny,1.0
196,4,Norris (McLaren),42.80822,173.91796,Sunny,1.0
196,5,Norris (McLaren),43.97703,217.89499,Sunny,1.0
197,1,Hamilton (Mercedes),42.66732,42.66732,Sunny,1.0
197,2,Hamilton (Mercedes),44.51524,87.18256,Sunny,1.0
197,3,Hamilton (Mercedes),45.19024,132.3728,Sunny,1.0
197,4,Hamilton (Mercedes),44.76638,177.13918,Sunny,1.0
197,5,Hamilton (Mercedes),43.84354,220.98272,Sunny,1.0
197,1,Verstappen (Red Bull),43.10399,43.10399,Sunny,1.0
197,2,Verstappen (Red Bull),43.1403,86.24429,Sunny,1.0
197,3,Verstappen (Red Bull),42.59032,128.83461,Sunny,1.0
197,4,Verstappen (Red Bull),42.8676,171.70221,Sunny,1.0
197,5,Verstappen (Red Bull),42.04574,213.74795,Sunny,1.0
197,1,Norris (McLaren),43.80667,43.80667,Sunny,1.0
197,2,Norris (McLaren),43.04928,86.85595,Sunny,1.0
197,3,Norris (McLaren),43.34468,130.20064,Sunny,1.0
197,4,Norris (McLaren),44.40035,174.60099,Sunny,1.0
197,5,Norris (McLaren),43.28163,217.88262,Sunny,1.0
198,1,Hamilton (Mercedes),43.42005,43.42005,Sunny,1.0
198,2,Hamilton (Mercedes),43.85918,87.27923,Sunny,1.0
198,3,Hamilton (Mercedes),43.90887,131.1881,Sunny,1.0
198,4,Hamilton (Mercedes),43.8046,174.9927,Sunny,1.0
198,5,Hamilton (Mercedes),43.36439,218.35709,Sunny,1.0
198,1,Verstappen (Red Bull),43.6792,43.6792,Sunny,1.0
198,2,Verstappen (Red Bull),42.51861,86.19781,Sunny,1.0
198,3,Verstappen (Red Bull),42.53747,128.73529,Sunny,1.0
198,4,Verstappen (Red Bull),42.16501,170.9003,Sunny,1.0
198,5,Verstappen (Red Bull),43.04259,213.94289,Sunny,1.0
198,1,Norris (McLaren),43.58392,43.58392,Sunny,1.0
198,2,Norris (McLaren),44.35633,87.94025,Sunny,1.0
198,3,Norris (McLaren),42.35068,130.29093,Sunny,1.0
198,4,Norris (McLaren),41.73943,172.03036,Sunny,1.0
198,5,Norris (McLaren),42.81929,214.84965,Sunny,1.0
199,1,Hamilton (Mercedes),43.18676,43.18676,Sunny,1.0
199,2,Hamilton (Mercedes),43.82985,87.01661,Sunny,1.0
199,3,Hamilton (Mercedes),43.57033,130.58694,Sunny,1.0
199,4,Hamilton (Mercedes),44.32548,174.91242,Sunny,1.0
199,5,Hamilton (Mercedes),42.93624,217.84866,Sunny,1.0
199,1,Verstappen (Red Bull),43.68583,43.68583,Sunny,1.0
199,2,Verstappen (Red Bull),43.36231,87.04814,Sunny,1.0
199,3,Verstappen (Red Bull),43.14403,130.19217,Sunny,1.0
199,4,Verstappen (Red Bull),43.84144,174.0336,Sunny,1.0
199,5,Verstappen (Red Bull),43.55939,217.59299,Sunny,1.0
199,1,Norris (McLaren),43.50114,43.50114,Sunny,1.0
199,2,Norris (McLaren),43.5122,87.01334,Sunny,1.0
199,3,Norris (McLaren),41.70254,128.71589,Sunny,1.0
199,4,Norris (McLaren),43.13655,171.85244,Sunny,1.0
199,5,Norris (McLaren),43.35615,215.20858,Sunny,1.0
200,1,Hamilton (Mercedes),43.44862,43.44862,Sunny,1.0
200,2,Hamilton (Mercedes),43.0523,86.50091,Sunny,1.0
200,3,Hamilton (Mercedes),43.29828,129.79919,Sunny,1.0
200,4,Hamilton (Mercedes),42.78344,172.58263,Sunny,1.0
200,5,Hamilton (Mercedes),42.27336,214.85599,Sunny,1.0
200,1,Verstappen (Red Bull),43.68295,43.68295,Sunny,1.0
200,2,Verstappen (Red Bull),43.24239,86.92534,Sunny,1.0
200,3,Verstappen (Red Bull),43.13075,130.05609,Sunny,1.0
200,4,Verstappen (Red Bull),44.00597,174.06207,Sunny,1.0
200,5,Verstappen (Red Bull),43.2816,217.34367,Sunny,1.0
200,1,Norris (McLaren),44.04321,44.04321,Sunny,1.0
200,2,Norris (McLaren),44.46652,88.50973,Sunny,1.0
200,3,Norris (McLaren),43.46509,131.97482,Sunny,1.0
200,4,Norris (McLaren),42.75804,174.73286,Sunny,1.0
200,5,Norris (McLaren),43.55158,218.28444,Sunny,1.0
