trial,lap,entrant,lap_time,cumulative_time,weather,wetness
1,1,Hamilton (Mercedes),46.21744,46.21744,Rainy,0.75
1,2,Hamilton (Mercedes),46.23822,92.45565,Rainy,0.75
1,3,Hamilton (Mercedes),46.43573,138.89139,Rainy,0.75
1,4,Hamilton (Mercedes),45.71043,184.60181,Rainy,0.75
1,5,Hamilton (Mercedes),46.49572,231.09753,Rainy,0.75
1,1,Verstappen (Red Bull),45.05054,45.05054,Rainy,0.75
1,2,Verstappen (Red Bull),45.12437,90.1749,Rainy,0.75
1,3,Verstappen (Red Bull),45.60811,135.78302,Rainy,0.75
1,4,Verstappen (Red Bull),45.36534,181.14836,Rainy,0.75
1,5,Verstappen (Red Bull),45.33832,226.48668,Rainy,0.75
1,1,Norris (McLaren),45.67513,45.67513,Rainy,0.75
1,2,Norris (McLaren),44.09534,89.77046,Rainy,0.75
1,3,Norris (McLaren),46.53833,136.30879,Rainy,0.75
1,4,Norris (McLaren),45.13141,181.4402,Rainy,0.75
1,5,Norris (McLaren),46.20277,227.64297,Rainy,0.75
1,1,Leclerc (Ferrari),44.49436,44.49436,Rainy,0.75
1,2,Leclerc (Ferrari),43.56252,88.05688,Rainy,0.75
1,3,Leclerc (Ferrari),45.27755,133.33443,Rainy,0.75
1,4,Leclerc (Ferrari),44.69498,178.02941,Rainy,0.75
1,5,Leclerc (Ferrari),44.93735,222.96676,Rainy,0.75
1,1,Russell (Williams),43.79409,43.79409,Rainy,0.75
1,2,Russell (Williams),44.44537,88.23946,Rainy,0.75
1,3,Russell (Williams),45.11689,133.35636,Rainy,0.75
1,4,Russell (Williams),44.22123,177.57759,Rainy,0.75
1,5,Russell (Williams),45.04382,222.62141,Rainy,0.75
1,1,Piastri (Alpine),44.8752,44.8752,Rainy,0.75
1,2,Piastri (Alpine),45.03968,89.91488,Rainy,0.75
1,3,Piastri (Alpine),44.51817,134.43304,Rainy,0.75
1,4,Piastri (Alpine),47.40615,181.83919,Rainy,0.75
1,5,Piastri (Alpine),46.29044,228.12963,Rainy,0.75
2,1,Hamilton (Mercedes),46.55678,46.55678,Rainy,0.75
2,2,Hamilton (Mercedes),45.25726,91.81404,Rainy,0.75
2,3,Hamilton (Mercedes),45.94429,137.75833,Rainy,0.75
2,4,Hamilton (Mercedes),46.96448,184.72281,Rainy,0.75
2,5,Hamilton (Mercedes),45.92551,230.64832,Rainy,0.75
2,1,Verstappen (Red Bull),45.45272,45.45272,Rainy,0.75
2,2,Verstappen (Red Bull),46.01593,91.46865,Rainy,0.75
2,3,Verstappen (Red Bull),44.79934,136.26799,Rainy,0.75
2,4,Verstappen (Red Bull),45.27046,181.53845,Rainy,0.75
2,5,Verstappen (Red Bull),45.92483,227.46328,Rainy,0.75
2,1,Norris (McLaren),46.09933,46.09933,Rainy,0.75
2,2,Norris (McLaren),46.82104,92.92038,Rainy,0.75
2,3,Norris (McLaren),44.89046,137.81083,Rainy,0.75
2,4,Norris (McLaren),46.67582,184.48665,Rainy,0.75
2,5,Norris (McLaren),44.73606,229.22272,Rainy,0.75
2,1,Leclerc (Ferrari),45.46135,45.46135,Rainy,0.75
2,2,Leclerc (Ferrari),45.04258,90.50393,Rainy,0.75
2,3,Leclerc (Ferrari),45.23296,135.73689,Rainy,0.75
2,4,Leclerc (Ferrari),45.44369,181.18058,Rainy,0.75
2,5,Leclerc (Ferrari),45.13416,226.31474,Rainy,0.75
2,1,Russell (Williams),44.87586,44.87586,Rainy,0.75
2,2,Russell (Williams),45.26625,90.14211,Rainy,0.75
2,3,Russell (Williams),44.56959,134.7117,Rainy,0.75
2,4,Russell (Williams),45.17227,179.88398,Rainy,0.75
2,5,Russell (Williams),45.00748,224.89146,Rainy,0.75
2,1,Piastri (Alpine),46.36286,46.36286,Rainy,0.75
2,2,Piastri (Alpine),45.33713,91.7,Rainy,0.75
2,3,Piastri (Alpine),46.44715,138.14714,Rainy,0.75
2,4,Piastri (Alpine),44.61548,182.76262,Rainy,0.75
2,5,Piastri (Alpine),45.03842,227.80104,Rainy,0.75
3,1,Hamilton (Mercedes),46.33949,46.33949,Rainy,0.75
3,2,Hamilton (Mercedes),46.04754,92.38703,Rainy,0.75
3,3,Hamilton (Mercedes),46.5956,138.98263,Rainy,0.75
3,4,Hamilton (Mercedes),46.34753,185.33016,Rainy,0.75
3,5,Hamilton (Mercedes),45.55693,230.88709,Rainy,0.75
3,1,Verstappen (Red Bull),45.37269,45.37269,Rainy,0.75
3,2,Verstappen (Red Bull),45.0351,90.4078,Rainy,0.75
3,3,Verstappen (Red Bull),45.46475,135.87255,Rainy,0.75
3,4,Verstappen (Red Bull),44.80859,180.68114,Rainy,0.75
3,5,Verstappen (Red Bull),45.83768,226.51882,Rainy,0.75
3,1,Norris (McLaren),45.93146,45.93146,Rainy,0.75
3,2,Norris (McLaren),44.86134,90.7928,Rainy,0.75
3,3,Norris (McLaren),45.44467,136.23747,Rainy,0.75
3,4,Norris (McLaren),45.31139,181.54887,Rainy,0.75
3,5,Norris (McLaren),45.48113,227.03,Rainy,0.75
3,1,Leclerc (Ferrari),44.31495,44.31495,Rainy,0.75
3,2,Leclerc (Ferrari),44.01002,88.32497,Rainy,0.75
3,3,Leclerc (Ferrari),44.74938,133.07435,Rainy,0.75
3,4,Leclerc (Ferrari),44.97497,178.04932,Rainy,0.75
3,5,Leclerc (Ferrari),44.48707,222.53639,Rainy,0.75
3,1,Russell (Williams),43.76723,43.76723,Rainy,0.75
3,2,Russell (Williams),46.25161,90.01884,Rainy,0.75
3,3,Russell (Williams),44.74505,134.76389,Rainy,0.75
3,4,Russell (Williams),43.41882,178.18271,Rainy,0.75
3,5,Russell (Williams),43.89248,222.07519,Rainy,0.75
3,1,Piastri (Alpine),45.63406,45.63406,Rainy,0.75
3,2,Piastri (Alpine),44.77827,90.41233,Rainy,0.75
3,3,Piastri (Alpine),44.79962,135.21196,Rainy,0.75
3,4,Piastri (Alpine),44.65223,179.86419,Rainy,0.75
3,5,Piastri (Alpine),44.67769,224.54188,Rainy,0.75
4,1,Hamilton (Mercedes),45.79136,45.79136,Rainy,0.75
4,2,Hamilton (Mercedes),46.38782,92.17918,Rainy,0.75
4,3,Hamilton (Mercedes),46.45766,138.63684,Rainy,0.75
4,4,Hamilton (Mercedes),45.29217,183.92902,Rainy,0.75
4,5,Hamilton (Mercedes),45.64378,229.57279,Rainy,0.75
4,1,Verstappen (Red Bull),45.797,45.797,Rainy,0.75
4,2,Verstappen (Red Bull),46.21122,92.00822,Rainy,0.75
4,3,Verstappen (Red Bull),45.03032,137.03854,Rainy,0.75
4,4,Verstappen (Red Bull),46.4975,183.53604,Rainy,0.75
4,5,Verstappen (Red Bull),44.99898,228.53501,Rainy,0.75
4,1,Norris (McLaren),45.6893,45.6893,Rainy,0.75
4,2,Norris (McLaren),46.32948,92.01878,Rainy,0.75
4,3,Norris (McLaren),46.62676,138.64554,Rainy,0.75
4,4,Norris (McLaren),44.37023,183.01577,Rainy,0.75
4,5,Norris (McLaren),46.06443,229.0802,Rainy,0.75
4,1,Leclerc (Ferrari),45.01668,45.01668,Rainy,0.75
4,2,Leclerc (Ferrari),44.57807,89.59475,Rainy,0.75
4,3,Leclerc (Ferrari),45.83248,135.42723,Rainy,0.75
4,4,Leclerc (Ferrari),45.03496,180.46219,Rainy,0.75
4,5,Leclerc (Ferrari),45.35484,225.81703,Rainy,0.75
4,1,Russell (Williams),43.89367,43.89367,Rainy,0.75
4,2,Russell (Williams),45.02955,88.92321,Rainy,0.75
4,3,Russell (Williams),44.22402,133.14723,Rainy,0.75
4,4,Russell (Williams),45.13835,178.28558,Rainy,0.75
4,5,Russell (Williams),44.88058,223.16617,Rainy,0.75
4,1,Piastri (Alpine),45.63635,45.63635,Rainy,0.75
4,2,Piastri (Alpine),44.82569,90.46203,Rainy,0.75
4,3,Piastri (Alpine),43.89478,134.35682,Rainy,0.75
4,4,Piastri (Alpine),46.20952,180.56634,Rainy,0.75
4,5,Piastri (Alpine),44.88957,225.4559,Rainy,0.75
5,1,Hamilton (Mercedes),45.27621,45.27621,Rainy,0.75
5,2,Hamilton (Mercedes),46.7887,92.06491,Rainy,0.75
5,3,Hamilton (Mercedes),46.08559,138.1505,Rainy,0.75
5,4,Hamilton (Mercedes),46.19123,184.34173,Rainy,0.75
5,5,Hamilton (Mercedes),46.41415,230.75588,Rainy,0.75
5,1,Verstappen (Red Bull),44.9382,44.9382,Rainy,0.75
5,2,Verstappen (Red Bull),45.0354,89.97361,Rainy,0.75
5,3,Verstappen (Red Bull),45.75829,135.7319,Rainy,0.75
5,4,Verstappen (Red Bull),45.97881,181.71071,Rainy,0.75
5,5,Verstappen (Red Bull),46.54103,228.25174,Rainy,0.75
5,1,Norris (McLaren),43.82075,43.82075,Rainy,0.75
5,2,Norris (McLaren),44.99264,88.81339,Rainy,0.75
5,3,Norris (McLaren),44.79784,133.61122,Rainy,0.75
5,4,Norris (McLaren),46.07956,179.69078,Rainy,0.75
5,5,Norris (McLaren),45.42003,225.11081,Rainy,0.75
5,1,Leclerc (Ferrari),45.0055,45.0055,Rainy,0.75
5,2,Leclerc (Ferrari),44.96915,89.97465,Rainy,0.75
5,3,Leclerc (Ferrari),44.75733,134.73198,Rainy,0.75
5,4,Leclerc (Ferrari),45.67843,180.41041,Rainy,0.75
5,5,Leclerc (Ferrari),44.5053,224.91571,Rainy,0.75
5,1,Russell (Williams),45.17883,45.17883,Rainy,0.75
5,2,Russell (Williams),43.79788,88.97671,Rainy,0.75
5,3,Russell (Williams),45.27606,134.25277,Rainy,0.75
5,4,Russell (Williams),45.35112,179.60389,Rainy,0.75
5,5,Russell (Williams),43.90037,223.50426,Rainy,0.75
5,1,Piastri (Alpine),44.98495,44.98495,Rainy,0.75
5,2,Piastri (Alpine),46.73709,91.72203,Rainy,0.75
5,3,Piastri (Alpine),45.80272,137.52475,Rainy,0.75
5,4,Piastri (Alpine),45.67963,183.20438,Rainy,0.75
5,5,Piastri (Alpine),46.49986,229.70424,Rainy,0.75
6,1,Hamilton (Mercedes),45.69962,45.69962,Rainy,0.75
6,2,Hamilton (Mercedes),46.2413,91.94092,Rainy,0.75
6,3,Hamilton (Mercedes),46.64734,138.58825,Rainy,0.75
6,4,Hamilton (Mercedes),45.69021,184.27846,Rainy,0.75
6,5,Hamilton (Mercedes),46.00748,230.28594,Rainy,0.75
6,1,Verstappen (Red Bull),45.48424,45.48424,Rainy,0.75
6,2,Verstappen (Red Bull),45.76007,91.24432,Rainy,0.75
6,3,Verstappen (Red Bull),44.2835,135.52781,Rainy,0.75
6,4,Verstappen (Red Bull),45.54604,181.07385,Rainy,0.75
6,5,Verstappen (Red Bull),45.46213,226.53598,Rainy,0.75
6,1,Norris (McLaren),45.18732,45.18732,Rainy,0.75
6,2,Norris (McLaren),45.14189,90.32921,Rainy,0.75
6,3,Norris (McLaren),45.82523,136.15444,Rainy,0.75
6,4,Norris (McLaren),44.42159,180.57603,Rainy,0.75
6,5,Norris (McLaren),45.4069,225.98293,Rainy,0.75
6,1,Leclerc (Ferrari),44.98514,44.98514,Rainy,0.75
6,2,Leclerc (Ferrari),45.10254,90.08768,Rainy,0.75
6,3,Leclerc (Ferrari),44.50456,134.59224,Rainy,0.75
6,4,Leclerc (Ferrari),44.58883,179.18107,Rainy,0.75
6,5,Leclerc (Ferrari),45.03911,224.22018,Rainy,0.75
6,1,Russell (Williams),44.9965,44.9965,Rainy,0.75
6,2,Russell (Williams),45.28323,90.27972,Rainy,0.75
6,3,Russell (Williams),44.47429,134.75401,Rainy,0.75
6,4,Russell (Williams),45.05674,179.81075,Rainy,0.75
6,5,Russell (Williams),45.94309,225.75384,Rainy,0.75
6,1,Piastri (Alpine),45.42808,45.42808,Rainy,0.75
6,2,Piastri (Alpine),45.67091,91.09899,Rainy,0.75
6,3,Piastri (Alpine),44.19877,135.29777,Rainy,0.75
6,4,Piastri (Alpine),45.46355,180.76131,Rainy,0.75
6,5,Piastri (Alpine),45.66849,226.42981,Rainy,0.75
7,1,Hamilton (Mercedes),45.61466,45.61466,Rainy,0.75
7,2,Hamilton (Mercedes),46.67123,92.28589,Rainy,0.75
7,3,Hamilton (Mercedes),45.13431,137.4202,Rainy,0.75
7,4,Hamilton (Mercedes),46.16854,183.58874,Rainy,0.75
7,5,Hamilton (Mercedes),46.77353,230.36226,Rainy,0.75
7,1,Verstappen (Red Bull),45.43741,45.43741,Rainy,0.75
7,2,Verstappen (Red Bull),45.41352,90.85093,Rainy,0.75
7,3,Verstappen (Red Bull),45.89935,136.75028,Rainy,0.75
7,4,Verstappen (Red Bull),46.06617,182.81645,Rainy,0.75
7,5,Verstappen (Red Bull),44.79802,227.61447,Rainy,0.75
7,1,Norris (McLaren),43.49631,43.49631,Rainy,0.75
7,2,Norris (McLaren),44.86668,88.36299,Rainy,0.75
7,3,Norris (McLaren),45.84039,134.20338,Rainy,0.75
7,4,Norris (McLaren),45.95108,180.15446,Rainy,0.75
7,5,Norris (McLaren),46.23225,226.38671,Rainy,0.75
7,1,Leclerc (Ferrari),45.64662,45.64662,Rainy,0.75
7,2,Leclerc (Ferrari),45.20701,90.85364,Rainy,0.75
7,3,Leclerc (Ferrari),43.83721,134.69084,Rainy,0.75
7,4,Leclerc (Ferrari),45.79897,180.48982,Rainy,0.75
7,5,Leclerc (Ferrari),45.62716,226.11698,Rainy,0.75
7,1,Russell (Williams),45.22209,45.22209,Rainy,0.75
7,2,Russell (Williams),44.74502,89.96711,Rainy,0.75
7,3,Russell (Williams),46.31056,136.27767,Rainy,0.75
7,4,Russell (Williams),45.07021,181.34788,Rainy,0.75
7,5,Russell (Williams),45.55411,226.90199,Rainy,0.75
7,1,Piastri (Alpine),45.36316,45.36316,Rainy,0.75
7,2,Piastri (Alpine),44.97742,90.34057,Rainy,0.75
7,3,Piastri (Alpine),45.45356,135.79413,Rainy,0.75
7,4,Piastri (Alpine),44.34621,180.14034,Rainy,0.75
7,5,Piastri (Alpine),45.86947,226.00981,Rainy,0.75
8,1,Hamilton (Mercedes),45.42423,45.42423,Rainy,0.75
8,2,Hamilton (Mercedes),46.01849,91.44272,Rainy,0.75
8,3,Hamilton (Mercedes),46.25722,137.69994,Rainy,0.75
8,4,Hamilton (Mercedes),44.91394,182.61387,Rainy,0.75
8,5,Hamilton (Mercedes),45.99346,228.60733,Rainy,0.75
8,1,Verstappen (Red Bull),45.44756,45.44756,Rainy,0.75
8,2,Verstappen (Red Bull),45.24192,90.68948,Rainy,0.75
8,3,Verstappen (Red Bull),45.36471,136.05419,Rainy,0.75
8,4,Verstappen (Red Bull),44.83056,180.88475,Rainy,0.75
8,5,Verstappen (Red Bull),46.53843,227.42317,Rainy,0.75
8,1,Norris (McLaren),45.35133,45.35133,Rainy,0.75
8,2,Norris (McLaren),46.00831,91.35964,Rainy,0.75
8,3,Norris (McLaren),46.4138,137.77343,Rainy,0.75
8,4,Norris (McLaren),45.13235,182.90578,Rainy,0.75
8,5,Norris (McLaren),44.34351,227.2493,Rainy,0.75
8,1,Leclerc (Ferrari),45.72446,45.72446,Rainy,0.75
8,2,Leclerc (Ferrari),45.83673,91.56118,Rainy,0.75
8,3,Leclerc (Ferrari),44.51678,136.07797,Rainy,0.75
8,4,Leclerc (Ferrari),45.05815,181.13612,Rainy,0.75
8,5,Leclerc (Ferrari),44.23151,225.36763,Rainy,0.75
8,1,Russell (Williams),45.5787,45.5787,Rainy,0.75
8,2,Russell (Williams),45.73627,91.31497,Rainy,0.75
8,3,Russell (Williams),44.26255,135.57752,Rainy,0.75
8,4,Russell (Williams),45.33246,180.90998,Rainy,0.75
8,5,Russell (Williams),45.10427,226.01426,Rainy,0.75
8,1,Piastri (Alpine),45.04324,45.04324,Rainy,0.75
8,2,Piastri (Alpine),47.25912,92.30237,Rainy,0.75
8,3,Piastri (Alpine),45.54027,137.84264,Rainy,0.75
8,4,Piastri (Alpine),44.66169,182.50432,Rainy,0.75
8,5,Piastri (Alpine),46.60931,229.11363,Rainy,0.75
9,1,Hamilton (Mercedes),45.91091,45.91091,Rainy,0.75
9,2,Hamilton (Mercedes),45.72655,91.63746,Rainy,0.75
9,3,Hamilton (Mercedes),46.2095,137.84696,Rainy,0.75
9,4,Hamilton (Mercedes),45.28792,183.13489,Rainy,0.75
9,5,Hamilton (Mercedes),45.94169,229.07658,Rainy,0.75
9,1,Verstappen (Red Bull),45.06346,45.06346,Rainy,0.75
9,2,Verstappen (Red Bull),45.15282,90.21628,Rainy,0.75
9,3,Verstappen (Red Bull),44.56779,134.78407,Rainy,0.75
9,4,Verstappen (Red Bull),46.62649,181.41056,Rainy,0.75
9,5,Verstappen (Red Bull),45.955,227.36556,Rainy,0.75
9,1,Norris (McLaren),44.79907,44.79907,Rainy,0.75
9,2,Norris (McLaren),44.672,89.47107,Rainy,0.75
9,3,Norris (McLaren),44.12579,133.59686,Rainy,0.75
9,4,Norris (McLaren),46.10171,179.69857,Rainy,0.75
9,5,Norris (McLaren),45.89509,225.59367,Rainy,0.75
9,1,Leclerc (Ferrari),44.7288,44.7288,Rainy,0.75
9,2,Leclerc (Ferrari),45.84127,90.57007,Rainy,0.75
9,3,Leclerc (Ferrari),43.8904,134.46047,Rainy,0.75
9,4,Leclerc (Ferrari),44.55635,179.01682,Rainy,0.75
9,5,Leclerc (Ferrari),45.3439,224.36072,Rainy,0.75
9,1,Russell (Williams),45.26455,45.26455,Rainy,0.75
9,2,Russell (Williams),44.99517,90.25972,Rainy,0.75
9,3,Russell (Williams),46.48176,136.74147,Rainy,0.75
9,4,Russell (Williams),45.99952,182.74099,Rainy,0.75
9,5,Russell (Williams),44.4954,227.23639,Rainy,0.75
9,1,Piastri (Alpine),44.53335,44.53335,Rainy,0.75
9,2,Piastri (Alpine),45.3359,89.86925,Rainy,0.75
9,3,Piastri (Alpine),46.6703,136.53956,Rainy,0.75
9,4,Piastri (Alpine),46.05063,182.59018,Rainy,0.75
9,5,Piastri (Alpine),46.41332,229.0035,Rainy,0.75
10,1,Hamilton (Mercedes),46.23593,46.23593,Rainy,0.75
10,2,Hamilton (Mercedes),46.17916,92.41509,Rainy,0.75
10,3,Hamilton (Mercedes),46.56631,138.9814,Rainy,0.75
10,4,Hamilton (Mercedes),46.04123,185.02262,Rainy,0.75
10,5,Hamilton (Mercedes),45.86615,230.88878,Rainy,0.75
10,1,Verstappen (Red Bull),44.87484,44.87484,Rainy,0.75
10,2,Verstappen (Red Bull),45.1474,90.02223,Rainy,0.75
10,3,Verstappen (Red Bull),43.93971,133.96194,Rainy,0.75
10,4,Verstappen (Red Bull),44.78212,178.74406,Rainy,0.75
10,5,Verstappen (Red Bull),44.61389,223.35795,Rainy,0.75
10,1,Norris (McLaren),45.69599,45.69599,Rainy,0.75
10,2,Norris (McLaren),46.15938,91.85536,Rainy,0.75
10,3,Norris (McLaren),46.26136,138.11672,Rainy,0.75
10,4,Norris (McLaren),45.75692,183.87364,Rainy,0.75
10,5,Norris (McLaren),45.49185,229.36549,Rainy,0.75
10,1,Leclerc (Ferrari),44.30312,44.30312,Rainy,0.75
10,2,Leclerc (Ferrari),45.9857,90.28882,Rainy,0.75
10,3,Leclerc (Ferrari),45.67221,135.96104,Rainy,0.75
10,4,Leclerc (Ferrari),44.50302,180.46405,Rainy,0.75
10,5,Leclerc (Ferrari),44.95734,225.42139,Rainy,0.75
10,1,Russell (Williams),45.21622,45.21622,Rainy,0.75
10,2,Russell (Williams),43.90529,89.12151,Rainy,0.75
10,3,Russell (Williams),44.87196,133.99346,Rainy,0.75
10,4,Russell (Williams),45.00628,178.99974,Rainy,0.75
10,5,Russell (Williams),44.44373,223.44348,Rainy,0.75
10,1,Piastri (Alpine),44.9592,44.9592,Rainy,0.75
10,2,Piastri (Alpine),46.02284,90.98203,Rainy,0.75
10,3,Piastri (Alpine),46.42104,137.40307,Rainy,0.75
10,4,Piastri (Alpine),45.77634,183.17941,Rainy,0.75
10,5,Piastri (Alpine),44.70541,227.88482,Rainy,0.75
11,1,Hamilton (Mercedes),46.30792,46.30792,Rainy,0.75
11,2,Hamilton (Mercedes),45.93942,92.24734,Rainy,0.75
11,3,Hamilton (Mercedes),46.30316,138.5505,Rainy,0.75
11,4,Hamilton (Mercedes),46.59665,185.14715,Rainy,0.75
11,5,Hamilton (Mercedes),45.86608,231.01323,Rainy,0.75
11,1,Verstappen (Red Bull),45.00441,45.00441,Rainy,0.75
11,2,Verstappen (Red Bull),46.37137,91.37579,Rainy,0.75
11,3,Verstappen (Red Bull),45.2962,136.67199,Rainy,0.75
11,4,Verstappen (Red Bull),45.26068,181.93267,Rainy,0.75
11,5,Verstappen (Red Bull),45.83834,227.77101,Rainy,0.75
11,1,Norris (McLaren),45.37068,45.37068,Rainy,0.75
11,2,Norris (McLaren),45.45582,90.8265,Rainy,0.75
11,3,Norris (McLaren),45.66315,136.48965,Rainy,0.75
11,4,Norris (McLaren),44.44645,180.9361,Rainy,0.75
11,5,Norris (McLaren),45.4306,226.3667,Rainy,0.75
11,1,Leclerc (Ferrari),45.80215,45.80215,Rainy,0.75
11,2,Leclerc (Ferrari),44.9291,90.73126,Rainy,0.75
11,3,Leclerc (Ferrari),44.65467,135.38593,Rainy,0.75
11,4,Leclerc (Ferrari),45.25816,180.64409,Rainy,0.75
11,5,Leclerc (Ferrari),44.22886,224.87295,Rainy,0.75
11,1,Russell (Williams),44.80706,44.80706,Rainy,0.75
11,2,Russell (Williams),44.17424,88.9813,Rainy,0.75
11,3,Russell (Williams),44.5009,133.4822,Rainy,0.75
11,4,Russell (Williams),44.70358,178.18578,Rainy,0.75
11,5,Russell (Williams),45.68084,223.86662,Rainy,0.75
11,1,Piastri (Alpine),46.33377,46.33377,Rainy,0.75
11,2,Piastri (Alpine),45.39682,91.73058,Rainy,0.75
11,3,Piastri (Alpine),45.04496,136.77555,Rainy,0.75
11,4,Piastri (Alpine),44.95774,181.73329,Rainy,0.75
11,5,Piastri (Alpine),46.38102,228.11431,Rainy,0.75
12,1,Hamilton (Mercedes),45.40393,45.40393,Rainy,0.75
12,2,Hamilton (Mercedes),46.5326,91.93653,Rainy,0.75
12,3,Hamilton (Mercedes),46.54295,138.47949,Rainy,0.75
12,4,Hamilton (Mercedes),46.2555,184.73498,Rainy,0.75
12,5,Hamilton (Mercedes),45.3092,230.04418,Rainy,0.75
12,1,Verstappen (Red Bull),45.85461,45.85461,Rainy,0.75
12,2,Verstappen (Red Bull),45.02016,90.87478,Rainy,0.75
12,3,Verstappen (Red Bull),45.52579,136.40056,Rainy,0.75
12,4,Verstappen (Red Bull),46.23124,182.63181,Rainy,0.75
12,5,Verstappen (Red Bull),45.29028,227.92208,Rainy,0.75
12,1,Norris (McLaren),45.01095,45.01095,Rainy,0.75
12,2,Norris (McLaren),45.56889,90.57984,Rainy,0.75
12,3,Norris (McLaren),46.28791,136.86775,Rainy,0.75
12,4,Norris (McLaren),46.36893,183.23669,Rainy,0.75
12,5,Norris (McLaren),45.42068,228.65737,Rainy,0.75
12,1,Leclerc (Ferrari),44.42457,44.42457,Rainy,0.75
12,2,Leclerc (Ferrari),44.55458,88.97914,Rainy,0.75
12,3,Leclerc (Ferrari),44.3766,133.35574,Rainy,0.75
12,4,Leclerc (Ferrari),45.68103,179.03677,Rainy,0.75
12,5,Leclerc (Ferrari),44.02968,223.06645,Rainy,0.75
12,1,Russell (Williams),44.95509,44.95509,Rainy,0.75
12,2,Russell (Williams),44.36669,89.32178,Rainy,0.75
12,3,Russell (Williams),45.29523,134.61701,Rainy,0.75
12,4,Russell (Williams),46.69168,181.3087,Rainy,0.75
12,5,Russell (Williams),45.15461,226.4633,Rainy,0.75
12,1,Piastri (Alpine),44.83676,44.83676,Rainy,0.75
12,2,Piastri (Alpine),45.78816,90.62492,Rainy,0.75
12,3,Piastri (Alpine),46.20667,136.83159,Rainy,0.75
12,4,Piastri (Alpine),47.48175,184.31334,Rainy,0.75
12,5,Piastri (Alpine),45.86019,230.17353,Rainy,0.75
13,1,Hamilton (Mercedes),45.75902,45.75902,Rainy,0.75
13,2,Hamilton (Mercedes),45.48571,91.24473,Rainy,0.75
13,3,Hamilton (Mercedes),45.43574,136.68047,Rainy,0.75
13,4,Hamilton (Mercedes),46.5185,183.19897,Rainy,0.75
13,5,Hamilton (Mercedes),46.10599,229.30496,Rainy,0.75
13,1,Verstappen (Red Bull),45.41019,45.41019,Rainy,0.75
13,2,Verstappen (Red Bull),45.49496,90.90515,Rainy,0.75
13,3,Verstappen (Red Bull),44.66452,135.56967,Rainy,0.75
13,4,Verstappen (Red Bull),44.40935,179.97902,Rainy,0.75
13,5,Verstappen (Red Bull),45.24329,225.22231,Rainy,0.75
13,1,Norris (McLaren),47.30567,47.30567,Rainy,0.75
13,2,Norris (McLaren),45.51263,92.8183,Rainy,0.75
13,3,Norris (McLaren),46.2687,139.087,Rainy,0.75
13,4,Norris (McLaren),46.53669,185.62369,Rainy,0.75
13,5,Norris (McLaren),45.38561,231.0093,Rainy,0.75
13,1,Leclerc (Ferrari),45.32299,45.32299,Rainy,0.75
13,2,Leclerc (Ferrari),45.47207,90.79505,Rainy,0.75
13,3,Leclerc (Ferrari),44.62881,135.42386,Rainy,0.75
13,4,Leclerc (Ferrari),45.65216,181.07602,Rainy,0.75
13,5,Leclerc (Ferrari),44.38446,225.46048,Rainy,0.75
13,1,Russell (Williams),44.18045,44.18045,Rainy,0.75
13,2,Russell (Williams),44.29615,88.4766,Rainy,0.75
13,3,Russell (Williams),45.56207,134.03867,Rainy,0.75
13,4,Russell (Williams),45.10641,179.14508,Rainy,0.75
13,5,Russell (Williams),44.51354,223.65863,Rainy,0.75
13,1,Piastri (Alpine),47.0836,47.0836,Rainy,0.75
13,2,Piastri (Alpine),46.35865,93.44225,Rainy,0.75
13,3,Piastri (Alpine),45.19276,138.63501,Rainy,0.75
13,4,Piastri (Alpine),45.76328,184.3983,Rainy,0.75
13,5,Piastri (Alpine),45.76355,230.16185,Rainy,0.75
14,1,Hamilton (Mercedes),45.73137,45.73137,Rainy,0.75
14,2,Hamilton (Mercedes),46.72458,92.45596,Rainy,0.75
14,3,Hamilton (Mercedes),46.37757,138.83353,Rainy,0.75
14,4,Hamilton (Mercedes),46.11578,184.94931,Rainy,0.75
14,5,Hamilton (Mercedes),46.14443,231.09374,Rainy,0.75
14,1,Verstappen (Red Bull),45.0192,45.0192,Rainy,0.75
14,2,Verstappen (Red Bull),45.75297,90.77216,Rainy,0.75
14,3,Verstappen (Red Bull),46.47234,137.24451,Rainy,0.75
14,4,Verstappen (Red Bull),44.72795,181.97246,Rainy,0.75
14,5,Verstappen (Red Bull),44.8309,226.80336,Rainy,0.75
14,1,Norris (McLaren),45.02406,45.02406,Rainy,0.75
14,2,Norris (McLaren),45.80779,90.83185,Rainy,0.75
14,3,Norris (McLaren),45.8893,136.72115,Rainy,0.75
14,4,Norris (McLaren),44.27405,180.99521,Rainy,0.75
14,5,Norris (McLaren),46.45883,227.45404,Rainy,0.75
14,1,Leclerc (Ferrari),45.33472,45.33472,Rainy,0.75
14,2,Leclerc (Ferrari),44.26273,89.59745,Rainy,0.75
14,3,Leclerc (Ferrari),44.86398,134.46143,Rainy,0.75
14,4,Leclerc (Ferrari),44.90093,179.36236,Rainy,0.75
14,5,Leclerc (Ferrari),45.43651,224.79887,Rainy,0.75
14,1,Russell (Williams),45.33211,45.33211,Rainy,0.75
14,2,Russell (Williams),45.41266,90.74477,Rainy,0.75
14,3,Russell (Williams),46.28802,137.03279,Rainy,0.75
14,4,Russell (Williams),45.61613,182.64892,Rainy,0.75
14,5,Russell (Williams),46.42498,229.0739,Rainy,0.75
14,1,Piastri (Alpine),45.17982,45.17982,Rainy,0.75
14,2,Piastri (Alpine),45.74204,90.92186,Rainy,0.75
14,3,Piastri (Alpine),46.69204,137.61389,Rainy,0.75
14,4,Piastri (Alpine),43.21704,180.83093,Rainy,0.75
14,5,Piastri (Alpine),44.91942,225.75035,Rainy,0.75
15,1,Hamilton (Mercedes),45.76874,45.76874,Rainy,0.75
15,2,Hamilton (Mercedes),46.34801,92.11674,Rainy,0.75
15,3,Hamilton (Mercedes),45.93959,138.05633,Rainy,0.75
15,4,Hamilton (Mercedes),45.59553,183.65186,Rainy,0.75
15,5,Hamilton (Mercedes),46.77397,230.42583,Rainy,0.75
15,1,Verstappen (Red Bull),45.77163,45.77163,Rainy,0.75
15,2,Verstappen (Red Bull),45.62309,91.39472,Rainy,0.75
15,3,Verstappen (Red Bull),44.33268,135.7274,Rainy,0.75
15,4,Verstappen (Red Bull),45.55206,181.27946,Rainy,0.75
15,5,Verstappen (Red Bull),45.0083,226.28776,Rainy,0.75
15,1,Norris (McLaren),45.19595,45.19595,Rainy,0.75
15,2,Norris (McLaren),45.8514,91.04735,Rainy,0.75
15,3,Norris (McLaren),47.22757,138.27492,Rainy,0.75
15,4,Norris (McLaren),45.22933,183.50425,Rainy,0.75
15,5,Norris (McLaren),44.83692,228.34118,Rainy,0.75
15,1,Leclerc (Ferrari),44.4728,44.4728,Rainy,0.75
15,2,Leclerc (Ferrari),45.51302,89.98582,Rainy,0.75
15,3,Leclerc (Ferrari),44.97084,134.95666,Rainy,0.75
15,4,Leclerc (Ferrari),44.23226,179.18892,Rainy,0.75
15,5,Leclerc (Ferrari),44.97371,224.16264,Rainy,0.75
15,1,Russell (Williams),45.70457,45.70457,Rainy,0.75
15,2,Russell (Williams),45.30608,91.01065,Rainy,0.75
15,3,Russell (Williams),44.97981,135.99046,Rainy,0.75
15,4,Russell (Williams),45.32645,181.31691,Rainy,0.75
15,5,Russell (Williams),45.90059,227.2175,Rainy,0.75
15,1,Piastri (Alpine),46.42647,46.42647,Rainy,0.75
15,2,Piastri (Alpine),46.10445,92.53092,Rainy,0.75
15,3,Piastri (Alpine),45.56168,138.09261,Rainy,0.75
15,4,Piastri (Alpine),46.13519,184.2278,Rainy,0.75
15,5,Piastri (Alpine),46.28726,230.51506,Rainy,0.75
16,1,Hamilton (Mercedes),46.6349,46.6349,Rainy,0.75
16,2,Hamilton (Mercedes),45.22259,91.85749,Rainy,0.75
16,3,Hamilton (Mercedes),46.21095,138.06844,Rainy,0.75
16,4,Hamilton (Mercedes),46.0169,184.08534,Rainy,0.75
16,5,Hamilton (Mercedes),45.56459,229.64992,Rainy,0.75
16,1,Verstappen (Red Bull),45.02846,45.02846,Rainy,0.75
16,2,Verstappen (Red Bull),44.5542,89.58265,Rainy,0.75
16,3,Verstappen (Red Bull),45.75719,135.33985,Rainy,0.75
16,4,Verstappen (Red Bull),44.76883,180.10868,Rainy,0.75
16,5,Verstappen (Red Bull),46.40912,226.51779,Rainy,0.75
16,1,Norris (McLaren),46.16874,46.16874,Rainy,0.75
16,2,Norris (McLaren),46.49458,92.66333,Rainy,0.75
16,3,Norris (McLaren),45.89499,138.55832,Rainy,0.75
16,4,Norris (McLaren),45.65773,184.21604,Rainy,0.75
16,5,Norris (McLaren),45.44724,229.66329,Rainy,0.75
16,1,Leclerc (Ferrari),45.32839,45.32839,Rainy,0.75
16,2,Leclerc (Ferrari),44.32723,89.65562,Rainy,0.75
16,3,Leclerc (Ferrari),45.26645,134.92208,Rainy,0.75
16,4,Leclerc (Ferrari),45.84854,180.77062,Rainy,0.75
16,5,Leclerc (Ferrari),44.49661,225.26723,Rainy,0.75
16,1,Russell (Williams),44.42437,44.42437,Rainy,0.75
16,2,Russell (Williams),45.19635,89.62072,Rainy,0.75
16,3,Russell (Williams),44.3803,134.00103,Rainy,0.75
16,4,Russell (Williams),44.73356,178.73459,Rainy,0.75
16,5,Russell (Williams),44.73016,223.46475,Rainy,0.75
16,1,Piastri (Alpine),45.58237,45.58237,Rainy,0.75
16,2,Piastri (Alpine),45.24838,90.83075,Rainy,0.75
16,3,Piastri (Alpine),46.23943,137.07018,Rainy,0.75
16,4,Piastri (Alpine),45.84624,182.91642,Rainy,0.75
16,5,Piastri (Alpine),46.70425,229.62067,Rainy,0.75
17,1,Hamilton (Mercedes),45.85497,45.85497,Rainy,0.75
17,2,Hamilton (Mercedes),46.16386,92.01883,Rainy,0.75
17,3,Hamilton (Mercedes),45.09331,137.11214,Rainy,0.75
17,4,Hamilton (Mercedes),45.68027,182.79241,Rainy,0.75
17,5,Hamilton (Mercedes),46.56556,229.35797,Rainy,0.75
17,1,Verstappen (Red Bull),45.35941,45.35941,Rainy,0.75
17,2,Verstappen (Red Bull),46.13897,91.49838,Rainy,0.75
17,3,Verstappen (Red Bull),45.26465,136.76303,Rainy,0.75
17,4,Verstappen (Red Bull),46.16021,182.92323,Rainy,0.75
17,5,Verstappen (Red Bull),45.08091,228.00415,Rainy,0.75
17,1,Norris (McLaren),44.32095,44.32095,Rainy,0.75
17,2,Norris (McLaren),45.91535,90.2363,Rainy,0.75
17,3,Norris (McLaren),45.71777,135.95407,Rainy,0.75
17,4,Norris (McLaren),45.00609,180.96016,Rainy,0.75
17,5,Norris (McLaren),46.15275,227.11291,Rainy,0.75
17,1,Leclerc (Ferrari),45.63782,45.63782,Rainy,0.75
17,2,Leclerc (Ferrari),44.60689,90.24471,Rainy,0.75
17,3,Leclerc (Ferrari),45.02795,135.27266,Rainy,0.75
17,4,Leclerc (Ferrari),44.37871,179.65137,Rainy,0.75
17,5,Leclerc (Ferrari),46.84844,226.49981,Rainy,0.75
17,1,Russell (Williams),45.82011,45.82011,Rainy,0.75
17,2,Russell (Williams),44.90682,90.72693,Rainy,0.75
17,3,Russell (Williams),44.95783,135.68477,Rainy,0.75
17,4,Russell (Williams),45.22804,180.9128,Rainy,0.75
17,5,Russell (Williams),45.99226,226.90506,Rainy,0.75
17,1,Piastri (Alpine),45.12308,45.12308,Rainy,0.75
17,2,Piastri (Alpine),46.13183,91.25491,Rainy,0.75
17,3,Piastri (Alpine),44.29201,135.54692,Rainy,0.75
17,4,Piastri (Alpine),44.92283,180.46975,Rainy,0.75
17,5,Piastri (Alpine),45.7593,226.22905,Rainy,0.75
18,1,Hamilton (Mercedes),46.72709,46.72709,Rainy,0.75
18,2,Hamilton (Mercedes),45.58484,92.31193,Rainy,0.75
18,3,Hamilton (Mercedes),46.77376,139.08568,Rainy,0.75
18,4,Hamilton (Mercedes),45.38615,184.47183,Rainy,0.75
18,5,Hamilton (Mercedes),45.34589,229.81772,Rainy,0.75
18,1,Verstappen (Red Bull),45.86525,45.86525,Rainy,0.75
18,2,Verstappen (Red Bull),44.74113,90.60638,Rainy,0.75
18,3,Verstappen (Red Bull),45.08735,135.69373,Rainy,0.75
18,4,Verstappen (Red Bull),45.43074,181.12447,Rainy,0.75
18,5,Verstappen (Red Bull),44.80852,225.93299,Rainy,0.75
18,1,Norris (McLaren),44.99829,44.99829,Rainy,0.75
18,2,Norris (McLaren),45.50328,90.50157,Rainy,0.75
18,3,Norris (McLaren),45.83632,136.33789,Rainy,0.75
18,4,Norris (McLaren),45.88325,182.22114,Rainy,0.75
18,5,Norris (McLaren),45.29541,227.51656,Rainy,0.75
18,1,Leclerc (Ferrari),45.54934,45.54934,Rainy,0.75
18,2,Leclerc (Ferrari),45.57537,91.12471,Rainy,0.75
18,3,Leclerc (Ferrari),45.60975,136.73447,Rainy,0.75
18,4,Leclerc (Ferrari),45.34007,182.07453,Rainy,0.75
18,5,Leclerc (Ferrari),44.93854,227.01307,Rainy,0.75
18,1,Russell (Williams),45.24854,45.24854,Rainy,0.75
18,2,Russell (Williams),43.98831,89.23684,Rainy,0.75
18,3,Russell (Williams),44.36731,133.60415,Rainy,0.75
18,4,Russell (Williams),44.49593,178.10008,Rainy,0.75
18,5,Russell (Williams),44.15037,222.25045,Rainy,0.75
18,1,Piastri (Alpine),45.90336,45.90336,Rainy,0.75
18,2,Piastri (Alpine),46.28384,92.18721,Rainy,0.75
18,3,Piastri (Alpine),45.22379,137.411,Rainy,0.75
18,4,Piastri (Alpine),45.44475,182.85575,Rainy,0.75
18,5,Piastri (Alpine),46.86249,229.71823,Rainy,0.75
19,1,Hamilton (Mercedes),46.23964,46.23964,Rainy,0.75
19,2,Hamilton (Mercedes),46.33239,92.57204,Rainy,0.75
19,3,Hamilton (Mercedes),45.94449,138.51652,Rainy,0.75
19,4,Hamilton (Mercedes),46.7638,185.28032,Rainy,0.75
19,5,Hamilton (Mercedes),45.93843,231.21875,Rainy,0.75
19,1,Verstappen (Red Bull),45.45718,45.45718,Rainy,0.75
19,2,Verstappen (Red Bull),45.76815,91.22533,Rainy,0.75
19,3,Verstappen (Red Bull),44.95052,136.17585,Rainy,0.75
19,4,Verstappen (Red Bull),44.9237,181.09955,Rainy,0.75
19,5,Verstappen (Red Bull),45.65819,226.75774,Rainy,0.75
19,1,Norris (McLaren),44.80219,44.80219,Rainy,0.75
19,2,Norris (McLaren),46.79255,91.59474,Rainy,0.75
19,3,Norris (McLaren),44.91191,136.50665,Rainy,0.75
19,4,Norris (McLaren),46.15467,182.66132,Rainy,0.75
19,5,Norris (McLaren),45.94376,228.60507,Rainy,0.75
19,1,Leclerc (Ferrari),45.06043,45.06043,Rainy,0.75
19,2,Leclerc (Ferrari),44.76443,89.82487,Rainy,0.75
19,3,Leclerc (Ferrari),45.61243,135.43729,Rainy,0.75
19,4,Leclerc (Ferrari),43.81442,179.25171,Rainy,0.75
19,5,Leclerc (Ferrari),45.94491,225.19662,Rainy,0.75
19,1,Russell (Williams),45.81929,45.81929,Rainy,0.75
19,2,Russell (Williams),44.94023,90.75952,Rainy,0.75
19,3,Russell (Williams),45.37832,136.13784,Rainy,0.75
19,4,Russell (Williams),44.73812,180.87596,Rainy,0.75
19,5,Russell (Williams),44.14011,225.01607,Rainy,0.75
19,1,Piastri (Alpine),44.6782,44.6782,Rainy,0.75
19,2,Piastri (Alpine),45.80994,90.48814,Rainy,0.75
19,3,Piastri (Alpine),45.24304,135.73118,Rainy,0.75
19,4,Piastri (Alpine),45.60445,181.33563,Rainy,0.75
19,5,Piastri (Alpine),44.61865,225.95428,Rainy,0.75
20,1,Hamilton (Mercedes),46.45898,46.45898,Rainy,0.75
20,2,Hamilton (Mercedes),46.18738,92.64636,Rainy,0.75
20,3,Hamilton (Mercedes),45.12327,137.76963,Rainy,0.75
20,4,Hamilton (Mercedes),46.12016,183.88979,Rainy,0.75
20,5,Hamilton (Mercedes),45.72859,229.61839,Rainy,0.75
20,1,Verstappen (Red Bull),45.55193,45.55193,Rainy,0.75
20,2,Verstappen (Red Bull),46.14973,91.70165,Rainy,0.75
20,3,Verstappen (Red Bull),45.21644,136.91809,Rainy,0.75
20,4,Verstappen (Red Bull),45.19552,182.11361,Rainy,0.75
20,5,Verstappen (Red Bull),45.04251,227.15612,Rainy,0.75
20,1,Norris (McLaren),46.08286,46.08286,Rainy,0.75
20,2,Norris (McLaren),44.82582,90.90869,Rainy,0.75
20,3,Norris (McLaren),44.94701,135.8557,Rainy,0.75
20,4,Norris (McLaren),45.60611,181.46181,Rainy,0.75
20,5,Norris (McLaren),45.71023,227.17204,Rainy,0.75
20,1,Leclerc (Ferrari),45.28762,45.28762,Rainy,0.75
20,2,Leclerc (Ferrari),45.23249,90.5201,Rainy,0.75
20,3,Leclerc (Ferrari),45.44452,135.96462,Rainy,0.75
20,4,Leclerc (Ferrari),45.48852,181.45315,Rainy,0.75
20,5,Leclerc (Ferrari),44.95071,226.40386,Rainy,0.75
20,1,Russell (Williams),44.92554,44.92554,Rainy,0.75
20,2,Russell (Williams),45.09657,90.02211,Rainy,0.75
20,3,Russell (Williams),46.24302,136.26513,Rainy,0.75
20,4,Russell (Williams),45.80413,182.06926,Rainy,0.75
20,5,Russell (Williams),45.04562,227.11488,Rainy,0.75
20,1,Piastri (Alpine),46.97346,46.97346,Rainy,0.75
20,2,Piastri (Alpine),44.7666,91.74007,Rainy,0.75
20,3,Piastri (Alpine),45.6578,137.39787,Rainy,0.75
20,4,Piastri (Alpine),44.51588,181.91375,Rainy,0.75
20,5,Piastri (Alpine),45.88668,227.80043,Rainy,0.75
21,1,Hamilton (Mercedes),45.9531,45.9531,Rainy,0.75
21,2,Hamilton (Mercedes),46.29487,92.24797,Rainy,0.75
21,3,Hamilton (Mercedes),46.34399,138.59196,Rainy,0.75
21,4,Hamilton (Mercedes),45.81329,184.40524,Rainy,0.75
21,5,Hamilton (Mercedes),46.77824,231.18348,Rainy,0.75
21,1,Verstappen (Red Bull),44.68288,44.68288,Rainy,0.75
21,2,Verstappen (Red Bull),45.22845,89.91133,Rainy,0.75
21,3,Verstappen (Red Bull),45.15526,135.06659,Rainy,0.75
21,4,Verstappen (Red Bull),46.20418,181.27078,Rainy,0.75
21,5,Verstappen (Red Bull),44.57792,225.8487,Rainy,0.75
21,1,Norris (McLaren),47.30813,47.30813,Rainy,0.75
21,2,Norris (McLaren),44.82747,92.1356,Rainy,0.75
21,3,Norris (McLaren),46.02916,138.16476,Rainy,0.75
21,4,Norris (McLaren),44.94179,183.10655,Rainy,0.75
21,5,Norris (McLaren),45.6778,228.78435,Rainy,0.75
21,1,Leclerc (Ferrari),43.53035,43.53035,Rainy,0.75
21,2,Leclerc (Ferrari),44.93114,88.4615,Rainy,0.75
21,3,Leclerc (Ferrari),44.82545,133.28695,Rainy,0.75
21,4,Leclerc (Ferrari),44.47223,177.75918,Rainy,0.75
21,5,Leclerc (Ferrari),46.0359,223.79508,Rainy,0.75
21,1,Russell (Williams),45.07883,45.07883,Rainy,0.75
21,2,Russell (Williams),45.01591,90.09474,Rainy,0.75
21,3,Russell (Williams),43.87545,133.9702,Rainy,0.75
21,4,Russell (Williams),45.92976,179.89996,Rainy,0.75
21,5,Russell (Williams),43.88879,223.78875,Rainy,0.75
21,1,Piastri (Alpine),44.77205,44.77205,Rainy,0.75
21,2,Piastri (Alpine),46.06411,90.83617,Rainy,0.75
21,3,Piastri (Alpine),46.68413,137.52029,Rainy,0.75
21,4,Piastri (Alpine),47.14713,184.66742,Rainy,0.75
21,5,Piastri (Alpine),46.28049,230.94791,Rainy,0.75
22,1,Hamilton (Mercedes),46.47199,46.47199,Rainy,0.75
22,2,Hamilton (Mercedes),46.38539,92.85739,Rainy,0.75
22,3,Hamilton (Mercedes),46.83157,139.68896,Rainy,0.75
22,4,Hamilton (Mercedes),45.90537,185.59433,Rainy,0.75
22,5,Hamilton (Mercedes),45.94024,231.53457,Rainy,0.75
22,1,Verstappen (Red Bull),45.017,45.017,Rainy,0.75
22,2,Verstappen (Red Bull),45.58282,90.59983,Rainy,0.75
22,3,Verstappen (Red Bull),45.41137,136.01119,Rainy,0.75
22,4,Verstappen (Red Bull),45.86855,181.87974,Rainy,0.75
22,5,Verstappen (Red Bull),44.06283,225.94257,Rainy,0.75
22,1,Norris (McLaren),45.3803,45.3803,Rainy,0.75
22,2,Norris (McLaren),46.46755,91.84785,Rainy,0.75
22,3,Norris (McLaren),44.84299,136.69084,Rainy,0.75
22,4,Norris (McLaren),45.15784,181.84867,Rainy,0.75
22,5,Norris (McLaren),45.87077,227.71945,Rainy,0.75
22,1,Leclerc (Ferrari),44.78894,44.78894,Rainy,0.75
22,2,Leclerc (Ferrari),44.1469,88.93584,Rainy,0.75
22,3,Leclerc (Ferrari),45.07835,134.01419,Rainy,0.75
22,4,Leclerc (Ferrari),45.53113,179.54532,Rainy,0.75
22,5,Leclerc (Ferrari),45.21999,224.76531,Rainy,0.75
22,1,Russell (Williams),45.69903,45.69903,Rainy,0.75
22,2,Russell (Williams),45.92355,91.62258,Rainy,0.75
22,3,Russell (Williams),45.27095,136.89353,Rainy,0.75
22,4,Russell (Williams),44.14497,181.0385,Rainy,0.75
22,5,Russell (Williams),44.07277,225.11127,Rainy,0.75
22,1,Piastri (Alpine),45.67717,45.67717,Rainy,0.75
22,2,Piastri (Alpine),45.02222,90.69939,Rainy,0.75
22,3,Piastri (Alpine),46.32755,137.02694,Rainy,0.75
22,4,Piastri (Alpine),44.66393,181.69087,Rainy,0.75
22,5,Piastri (Alpine),44.61486,226.30573,Rainy,0.75
23,1,Hamilton (Mercedes),44.91384,44.91384,Rainy,0.75
23,2,Hamilton (Mercedes),46.18583,91.09967,Rainy,0.75
23,3,Hamilton (Mercedes),45.8586,136.95827,Rainy,0.75
23,4,Hamilton (Mercedes),46.29361,183.25188,Rainy,0.75
23,5,Hamilton (Mercedes),46.41915,229.67103,Rainy,0.75
23,1,Verstappen (Red Bull),44.28036,44.28036,Rainy,0.75
23,2,Verstappen (Red Bull),45.48658,89.76694,Rainy,0.75
23,3,Verstappen (Red Bull),44.72012,134.48706,Rainy,0.75
23,4,Verstappen (Red Bull),45.61836,180.10542,Rainy,0.75
23,5,Verstappen (Red Bull),45.57788,225.6833,Rainy,0.75
23,1,Norris (McLaren),45.38114,45.38114,Rainy,0.75
23,2,Norris (McLaren),46.00524,91.38637,Rainy,0.75
23,3,Norris (McLaren),45.28084,136.66721,Rainy,0.75
23,4,Norris (McLaren),45.88432,182.55153,Rainy,0.75
23,5,Norris (McLaren),45.60032,228.15185,Rainy,0.75
23,1,Leclerc (Ferrari),46.32364,46.32364,Rainy,0.75
23,2,Leclerc (Ferrari),45.61587,91.93951,Rainy,0.75
23,3,Leclerc (Ferrari),45.21758,137.15708,Rainy,0.75
23,4,Leclerc (Ferrari),44.3234,181.48048,Rainy,0.75
23,5,Leclerc (Ferrari),45.24078,226.72126,Rainy,0.75
23,1,Russell (Williams),45.59089,45.59089,Rainy,0.75
23,2,Russell (Williams),43.67674,89.26763,Rainy,0.75
23,3,Russell (Williams),46.36872,135.63635,Rainy,0.75
23,4,Russell (Williams),45.4614,181.09776,Rainy,0.75
23,5,Russell (Williams),44.0535,225.15125,Rainy,0.75
23,1,Piastri (Alpine),45.82178,45.82178,Rainy,0.75
23,2,Piastri (Alpine),45.81353,91.63531,Rainy,0.75
23,3,Piastri (Alpine),46.23766,137.87297,Rainy,0.75
23,4,Piastri (Alpine),46.59286,184.46583,Rainy,0.75
23,5,Piastri (Alpine),45.81345,230.27928,Rainy,0.75
24,1,Hamilton (Mercedes),46.12059,46.12059,Rainy,0.75
24,2,Hamilton (Mercedes),45.47074,91.59134,Rainy,0.75
24,3,Hamilton (Mercedes),46.52161,138.11294,Rainy,0.75
24,4,Hamilton (Mercedes),45.78061,183.89355,Rainy,0.75
24,5,Hamilton (Mercedes),46.2568,230.15035,Rainy,0.75
24,1,Verstappen (Red Bull),44.90479,44.90479,Rainy,0.75
24,2,Verstappen (Red Bull),44.52316,89.42795,Rainy,0.75
24,3,Verstappen (Red Bull),45.26187,134.68982,Rainy,0.75
24,4,Verstappen (Red Bull),45.2807,179.97052,Rainy,0.75
24,5,Verstappen (Red Bull),46.21494,226.18546,Rainy,0.75
24,1,Norris (McLaren),44.94557,44.94557,Rainy,0.75
24,2,Norris (McLaren),45.48633,90.4319,Rainy,0.75
24,3,Norris (McLaren),46.06468,136.49658,Rainy,0.75
24,4,Norris (McLaren),45.13167,181.62825,Rainy,0.75
24,5,Norris (McLaren),45.85693,227.48518,Rainy,0.75
24,1,Leclerc (Ferrari),45.01686,45.01686,Rainy,0.75
24,2,Leclerc (Ferrari),45.11697,90.13383,Rainy,0.75
24,3,Leclerc (Ferrari),45.65811,135.79194,Rainy,0.75
24,4,Leclerc (Ferrari),44.97,180.76194,Rainy,0.75
24,5,Leclerc (Ferrari),45.40086,226.1628,Rainy,0.75
24,1,Russell (Williams),45.92628,45.92628,Rainy,0.75
24,2,Russell (Williams),46.26172,92.188,Rainy,0.75
24,3,Russell (Williams),44.58386,136.77186,Rainy,0.75
24,4,Russell (Williams),46.00679,182.77865,Rainy,0.75
24,5,Russell (Williams),45.14648,227.92513,Rainy,0.75
24,1,Piastri (Alpine),44.89523,44.89523,Rainy,0.75
24,2,Piastri (Alpine),45.96042,90.85565,Rainy,0.75
24,3,Piastri (Alpine),44.65463,135.51028,Rainy,0.75
24,4,Piastri (Alpine),45.99795,181.50823,Rainy,0.75
24,5,Piastri (Alpine),45.2687,226.77693,Rainy,0.75
25,1,Hamilton (Mercedes),46.02994,46.02994,Rainy,0.75
25,2,Hamilton (Mercedes),46.88419,92.91413,Rainy,0.75
25,3,Hamilton (Mercedes),46.41927,139.3334,Rainy,0.75
25,4,Hamilton (Mercedes),45.40305,184.73645,Rainy,0.75
25,5,Hamilton (Mercedes),47.20661,231.94306,Rainy,0.75
25,1,Verstappen (Red Bull),46.32842,46.32842,Rainy,0.75
25,2,Verstappen (Red Bull),44.75281,91.08123,Rainy,0.75
25,3,Verstappen (Red Bull),44.57633,135.65755,Rainy,0.75
25,4,Verstappen (Red Bull),45.16634,180.8239,Rainy,0.75
25,5,Verstappen (Red Bull),44.88522,225.70912,Rainy,0.75
25,1,Norris (McLaren),46.04537,46.04537,Rainy,0.75
25,2,Norris (McLaren),45.7743,91.81967,Rainy,0.75
25,3,Norris (McLaren),45.89695,137.71662,Rainy,0.75
25,4,Norris (McLaren),45.3207,183.03732,Rainy,0.75
25,5,Norris (McLaren),44.81194,227.84926,Rainy,0.75
25,1,Leclerc (Ferrari),44.69314,44.69314,Rainy,0.75
25,2,Leclerc (Ferrari),44.45294,89.14609,Rainy,0.75
25,3,Leclerc (Ferrari),44.34247,133.48855,Rainy,0.75
25,4,Leclerc (Ferrari),45.86,179.34856,Rainy,0.75
25,5,Leclerc (Ferrari),45.88733,225.23588,Rainy,0.75
25,1,Russell (Williams),45.60016,45.60016,Rainy,0.75
25,2,Russell (Williams),44.48714,90.0873,Rainy,0.75
25,3,Russell (Williams),44.43865,134.52594,Rainy,0.75
25,4,Russell (Williams),44.80158,179.32752,Rainy,0.75
25,5,Russell (Williams),46.06421,225.39174,Rainy,0.75
25,1,Piastri (Alpine),44.16073,44.16073,Rainy,0.75
25,2,Piastri (Alpine),44.84883,89.00956,Rainy,0.75
25,3,Piastri (Alpine),45.58434,134.5939,Rainy,0.75
25,4,Piastri (Alpine),45.38549,179.97939,Rainy,0.75
25,5,Piastri (Alpine),44.93189,224.91127,Rainy,0.75
26,1,Hamilton (Mercedes),45.03298,45.03298,Rainy,0.75
26,2,Hamilton (Mercedes),46.27092,91.3039,Rainy,0.75
26,3,Hamilton (Mercedes),46.04918,137.35309,Rainy,0.75
26,4,Hamilton (Mercedes),45.61111,182.9642,Rainy,0.75
26,5,Hamilton (Mercedes),46.166,229.1302,Rainy,0.75
26,1,Verstappen (Red Bull),45.67896,45.67896,Rainy,0.75
26,2,Verstappen (Red Bull),45.93515,91.61411,Rainy,0.75
26,3,Verstappen (Red Bull),45.07563,136.68974,Rainy,0.75
26,4,Verstappen (Red Bull),45.44266,182.1324,Rainy,0.75
26,5,Verstappen (Red Bull),44.60013,226.73253,Rainy,0.75
26,1,Norris (McLaren),45.25484,45.25484,Rainy,0.75
26,2,Norris (McLaren),45.7302,90.98503,Rainy,0.75
26,3,Norris (McLaren),46.3951,137.38013,Rainy,0.75
26,4,Norris (McLaren),45.63178,183.01191,Rainy,0.75
26,5,Norris (McLaren),46.88984,229.90175,Rainy,0.75
26,1,Leclerc (Ferrari),43.91718,43.91718,Rainy,0.75
26,2,Leclerc (Ferrari),45.1426,89.05978,Rainy,0.75
26,3,Leclerc (Ferrari),44.62225,133.68203,Rainy,0.75
26,4,Leclerc (Ferrari),45.2011,178.88313,Rainy,0.75
26,5,Leclerc (Ferrari),44.21121,223.09434,Rainy,0.75
26,1,Russell (Williams),45.38446,45.38446,Rainy,0.75
26,2,Russell (Williams),45.19534,90.5798,Rainy,0.75
26,3,Russell (Williams),45.60368,136.18348,Rainy,0.75
26,4,Russell (Williams),44.77292,180.9564,Rainy,0.75
26,5,Russell (Williams),44.92634,225.88274,Rainy,0.75
26,1,Piastri (Alpine),46.6211,46.6211,Rainy,0.75
26,2,Piastri (Alpine),45.39,92.0111,Rainy,0.75
26,3,Piastri (Alpine),45.94315,137.95426,Rainy,0.75
26,4,Piastri (Alpine),45.68617,183.64043,Rainy,0.75
26,5,Piastri (Alpine),44.32161,227.96204,Rainy,0.75
27,1,Hamilton (Mercedes),46.34975,46.34975,Rainy,0.75
27,2,Hamilton (Mercedes),47.07111,93.42086,Rainy,0.75
27,3,Hamilton (Mercedes),45.5669,138.98776,Rainy,0.75
27,4,Hamilton (Mercedes),45.47944,184.46721,Rainy,0.75
27,5,Hamilton (Mercedes),46.62963,231.09684,Rainy,0.75
27,1,Verstappen (Red Bull),44.64315,44.64315,Rainy,0.75
27,2,Verstappen (Red Bull),45.79535,90.4385,Rainy,0.75
27,3,Verstappen (Red Bull),44.92801,135.36651,Rainy,0.75
27,4,Verstappen (Red Bull),45.07634,180.44286,Rainy,0.75
27,5,Verstappen (Red Bull),45.2216,225.66446,Rainy,0.75
27,1,Norris (McLaren),45.11731,45.11731,Rainy,0.75
27,2,Norris (McLaren),46.05633,91.17364,Rainy,0.75
27,3,Norris (McLaren),45.45294,136.62659,Rainy,0.75
27,4,Norris (McLaren),45.58291,182.2095,Rainy,0.75
27,5,Norris (McLaren),45.59036,227.79986,Rainy,0.75
27,1,Leclerc (Ferrari),45.44867,45.44867,Rainy,0.75
27,2,Leclerc (Ferrari),44.23208,89.68075,Rainy,0.75
27,3,Leclerc (Ferrari),43.82395,133.5047,Rainy,0.75
27,4,Leclerc (Ferrari),44.76989,178.27459,Rainy,0.75
27,5,Leclerc (Ferrari),44.87413,223.14872,Rainy,0.75
27,1,Russell (Williams),44.75159,44.75159,Rainy,0.75
27,2,Russell (Williams),44.90134,89.65292,Rainy,0.75
27,3,Russell (Williams),44.48664,134.13956,Rainy,0.75
27,4,Russell (Williams),45.58263,179.72219,Rainy,0.75
27,5,Russell (Williams),44.93659,224.65878,Rainy,0.75
27,1,Piastri (Alpine),44.68795,44.68795,Rainy,0.75
27,2,Piastri (Alpine),45.7285,90.41645,Rainy,0.75
27,3,Piastri (Alpine),45.0793,135.49574,Rainy,0.75
27,4,Piastri (Alpine),45.9811,181.47685,Rainy,0.75
27,5,Piastri (Alpine),46.04368,227.52053,Rainy,0.75
28,1,Hamilton (Mercedes),46.08135,46.08135,Rainy,0.75
28,2,Hamilton (Mercedes),45.54536,91.62671,Rainy,0.75
28,3,Hamilton (Mercedes),45.97239,137.5991,Rainy,0.75
28,4,Hamilton (Mercedes),46.49106,184.09016,Rainy,0.75
28,5,Hamilton (Mercedes),45.87194,229.9621,Rainy,0.75
28,1,Verstappen (Red Bull),45.36915,45.36915,Rainy,0.75
28,2,Verstappen (Red Bull),44.92378,90.29293,Rainy,0.75
28,3,Verstappen (Red Bull),45.48414,135.77707,Rainy,0.75
28,4,Verstappen (Red Bull),44.30424,180.08131,Rainy,0.75
28,5,Verstappen (Red Bull),44.63828,224.71959,Rainy,0.75
28,1,Norris (McLaren),44.72548,44.72548,Rainy,0.75
28,2,Norris (McLaren),46.25554,90.98102,Rainy,0.75
28,3,Norris (McLaren),45.18944,136.17046,Rainy,0.75
28,4,Norris (McLaren),45.46046,181.63093,Rainy,0.75
28,5,Norris (McLaren),44.66551,226.29644,Rainy,0.75
28,1,Leclerc (Ferrari),46.19417,46.19417,Rainy,0.75
28,2,Leclerc (Ferrari),45.85916,92.05334,Rainy,0.75
28,3,Leclerc (Ferrari),45.4629,137.51624,Rainy,0.75
28,4,Leclerc (Ferrari),44.91253,182.42877,Rainy,0.75
28,5,Leclerc (Ferrari),45.06909,227.49786,Rainy,0.75
28,1,Russell (Williams),45.44096,45.44096,Rainy,0.75
28,2,Russell (Williams),44.75834,90.1993,Rainy,0.75
28,3,Russell (Williams),43.85998,134.05928,Rainy,0.75
28,4,Russell (Williams),45.56685,179.62613,Rainy,0.75
28,5,Russell (Williams),44.99599,224.62212,Rainy,0.75
28,1,Piastri (Alpine),45.46043,45.46043,Rainy,0.75
28,2,Piastri (Alpine),45.52834,90.98877,Rainy,0.75
28,3,Piastri (Alpine),46.00548,136.99425,Rainy,0.75
28,4,Piastri (Alpine),46.29066,183.28492,Rainy,0.75
28,5,Piastri (Alpine),45.44375,228.72867,Rainy,0.75
29,1,Hamilton (Mercedes),45.53667,45.53667,Rainy,0.75
29,2,Hamilton (Mercedes),45.08856,90.62523,Rainy,0.75
29,3,Hamilton (Mercedes),46.26951,136.89474,Rainy,0.75
29,4,Hamilton (Mercedes),45.5517,182.44645,Rainy,0.75
29,5,Hamilton (Mercedes),46.23359,228.68003,Rainy,0.75
29,1,Verstappen (Red Bull),44.71505,44.71505,Rainy,0.75
29,2,Verstappen (Red Bull),44.88627,89.60132,Rainy,0.75
29,3,Verstappen (Red Bull),44.69611,134.29743,Rainy,0.75
29,4,Verstappen (Red Bull),45.54867,179.8461,Rainy,0.75
29,5,Verstappen (Red Bull),45.18842,225.03452,Rainy,0.75
29,1,Norris (McLaren),44.91629,44.91629,Rainy,0.75
29,2,Norris (McLaren),45.74076,90.65706,Rainy,0.75
29,3,Norris (McLaren),45.17389,135.83095,Rainy,0.75
29,4,Norris (McLaren),45.58673,181.41768,Rainy,0.75
29,5,Norris (McLaren),45.6434,227.06109,Rainy,0.75
29,1,Leclerc (Ferrari),45.64944,45.64944,Rainy,0.75
29,2,Leclerc (Ferrari),45.93296,91.5824,Rainy,0.75
29,3,Leclerc (Ferrari),44.74346,136.32586,Rainy,0.75
29,4,Leclerc (Ferrari),44.46066,180.78652,Rainy,0.75
29,5,Leclerc (Ferrari),45.72746,226.51398,Rainy,0.75
29,1,Russell (Williams),45.58153,45.58153,Rainy,0.75
29,2,Russell (Williams),45.17877,90.7603,Rainy,0.75
29,3,Russell (Williams),44.59102,135.35132,Rainy,0.75
29,4,Russell (Williams),45.98322,181.33454,Rainy,0.75
29,5,Russell (Williams),45.79339,227.12793,Rainy,0.75
29,1,Piastri (Alpine),45.84456,45.84456,Rainy,0.75
29,2,Piastri (Alpine),45.25159,91.09615,Rainy,0.75
29,3,Piastri (Alpine),44.53323,135.62938,Rainy,0.75
29,4,Piastri (Alpine),45.21888,180.84825,Rainy,0.75
29,5,Piastri (Alpine),45.7676,226.61585,Rainy,0.75
30,1,Hamilton (Mercedes),45.59646,45.59646,Rainy,0.75
30,2,Hamilton (Mercedes),45.83525,91.43171,Rainy,0.75
30,3,Hamilton (Mercedes),45.77573,137.20744,Rainy,0.75
30,4,Hamilton (Mercedes),45.81069,183.01813,Rainy,0.75
30,5,Hamilton (Mercedes),45.6754,228.69352,Rainy,0.75
30,1,Verstappen (Red Bull),45.64934,45.64934,Rainy,0.75
30,2,Verstappen (Red Bull),46.27256,91.9219,Rainy,0.75
30,3,Verstappen (Red Bull),45.21703,137.13893,Rainy,0.75
30,4,Verstappen (Red Bull),45.32124,182.46017,Rainy,0.75
30,5,Verstappen (Red Bull),45.56479,228.02495,Rainy,0.75
30,1,Norris (McLaren),45.20566,45.20566,Rainy,0.75
30,2,Norris (McLaren),45.51443,90.7201,Rainy,0.75
30,3,Norris (McLaren),45.69866,136.41876,Rainy,0.75
30,4,Norris (McLaren),44.65089,181.06965,Rainy,0.75
30,5,Norris (McLaren),46.95498,228.02463,Rainy,0.75
30,1,Leclerc (Ferrari),45.36886,45.36886,Rainy,0.75
30,2,Leclerc (Ferrari),44.86194,90.2308,Rainy,0.75
30,3,Leclerc (Ferrari),45.16149,135.39229,Rainy,0.75
30,4,Leclerc (Ferrari),44.71809,180.11038,Rainy,0.75
30,5,Leclerc (Ferrari),44.97951,225.08989,Rainy,0.75
30,1,Russell (Williams),45.49903,45.49903,Rainy,0.75
30,2,Russell (Williams),44.95303,90.45206,Rainy,0.75
30,3,Russell (Williams),45.33207,135.78413,Rainy,0.75
30,4,Russell (Williams),46.29696,182.08109,Rainy,0.75
30,5,Russell (Williams),44.53147,226.61256,Rainy,0.75
30,1,Piastri (Alpine),45.18553,45.18553,Rainy,0.75
30,2,Piastri (Alpine),46.92732,92.11285,Rainy,0.75
30,3,Piastri (Alpine),45.86972,137.98258,Rainy,0.75
30,4,Piastri (Alpine),45.1028,183.08537,Rainy,0.75
30,5,Piastri (Alpine),46.62928,229.71465,Rainy,0.75
31,1,Hamilton (Mercedes),45.56713,45.56713,Rainy,0.75
31,2,Hamilton (Mercedes),45.65449,91.22162,Rainy,0.75
31,3,Hamilton (Mercedes),46.14881,137.37044,Rainy,0.75
31,4,Hamilton (Mercedes),45.87924,183.24968,Rainy,0.75
31,5,Hamilton (Mercedes),46.12518,229.37486,Rainy,0.75
31,1,Verstappen (Red Bull),45.07184,45.07184,Rainy,0.75
31,2,Verstappen (Red Bull),44.85425,89.9261,Rainy,0.75
31,3,Verstappen (Red Bull),45.21465,135.14074,Rainy,0.75
31,4,Verstappen (Red Bull),45.53195,180.67269,Rainy,0.75
31,5,Verstappen (Red Bull),46.02477,226.69746,Rainy,0.75
31,1,Norris (McLaren),45.30218,45.30218,Rainy,0.75
31,2,Norris (McLaren),44.55188,89.85407,Rainy,0.75
31,3,Norris (McLaren),44.40777,134.26184,Rainy,0.75
31,4,Norris (McLaren),45.05756,179.3194,Rainy,0.75
31,5,Norris (McLaren),44.35146,223.67086,Rainy,0.75
31,1,Leclerc (Ferrari),44.94833,44.94833,Rainy,0.75
31,2,Leclerc (Ferrari),45.20968,90.15801,Rainy,0.75
31,3,Leclerc (Ferrari),44.7383,134.89631,Rainy,0.75
31,4,Leclerc (Ferrari),45.98877,180.88508,Rainy,0.75
31,5,Leclerc (Ferrari),44.29158,225.17666,Rainy,0.75
31,1,Russell (Williams),44.55366,44.55366,Rainy,0.75
31,2,Russell (Williams),44.57154,89.1252,Rainy,0.75
31,3,Russell (Williams),44.11215,133.23734,Rainy,0.75
31,4,Russell (Williams),45.09502,178.33237,Rainy,0.75
31,5,Russell (Williams),44.09032,222.42269,Rainy,0.75
31,1,Piastri (Alpine),45.61257,45.61257,Rainy,0.75
31,2,Piastri (Alpine),45.35389,90.96646,Rainy,0.75
31,3,Piastri (Alpine),44.22161,135.18807,Rainy,0.75
31,4,Piastri (Alpine),45.44342,180.63149,Rainy,0.75
31,5,Piastri (Alpine),46.2508,226.8823,Rainy,0.75
32,1,Hamilton (Mercedes),45.98879,45.98879,Rainy,0.75
32,2,Hamilton (Mercedes),45.49156,91.48034,Rainy,0.75
32,3,Hamilton (Mercedes),45.54389,137.02424,Rainy,0.75
32,4,Hamilton (Mercedes),46.28938,183.31361,Rainy,0.75
32,5,Hamilton (Mercedes),46.65321,229.96682,Rainy,0.75
32,1,Verstappen (Red Bull),45.34707,45.34707,Rainy,0.75
32,2,Verstappen (Red Bull),45.8138,91.16087,Rainy,0.75
32,3,Verstappen (Red Bull),44.57175,135.73262,Rainy,0.75
32,4,Verstappen (Red Bull),45.11979,180.85241,Rainy,0.75
32,5,Verstappen (Red Bull),45.56916,226.42157,Rainy,0.75
32,1,Norris (McLaren),45.16352,45.16352,Rainy,0.75
32,2,Norris (McLaren),45.35627,90.51979,Rainy,0.75
32,3,Norris (McLaren),45.88625,136.40604,Rainy,0.75
32,4,Norris (McLaren),44.8053,181.21133,Rainy,0.75
32,5,Norris (McLaren),44.72145,225.93278,Rainy,0.75
32,1,Leclerc (Ferrari),46.37196,46.37196,Rainy,0.75
32,2,Leclerc (Ferrari),44.75427,91.12624,Rainy,0.75
32,3,Leclerc (Ferrari),45.88857,137.01481,Rainy,0.75
32,4,Leclerc (Ferrari),45.43016,182.44496,Rainy,0.75
32,5,Leclerc (Ferrari),45.78968,228.23465,Rainy,0.75
32,1,Russell (Williams),45.96723,45.96723,Rainy,0.75
32,2,Russell (Williams),44.73713,90.70435,Rainy,0.75
32,3,Russell (Williams),44.35375,135.0581,Rainy,0.75
32,4,Russell (Williams),46.98995,182.04805,Rainy,0.75
32,5,Russell (Williams),44.07539,226.12344,Rainy,0.75
32,1,Piastri (Alpine),44.75539,44.75539,Rainy,0.75
32,2,Piastri (Alpine),45.31805,90.07344,Rainy,0.75
32,3,Piastri (Alpine),44.8837,134.95714,Rainy,0.75
32,4,Piastri (Alpine),45.56466,180.52179,Rainy,0.75
32,5,Piastri (Alpine),44.71162,225.23341,Rainy,0.75
33,1,Hamilton (Mercedes),46.17139,46.17139,Rainy,0.75
33,2,Hamilton (Mercedes),46.03142,92.2028,Rainy,0.75
33,3,Hamilton (Mercedes),45.75495,137.95776,Rainy,0.75
33,4,Hamilton (Mercedes),46.43698,184.39474,Rainy,0.75
33,5,Hamilton (Mercedes),45.40431,229.79904,Rainy,0.75
33,1,Verstappen (Red Bull),46.26075,46.26075,Rainy,0.75
33,2,Verstappen (Red Bull),44.69341,90.95416,Rainy,0.75
33,3,Verstappen (Red Bull),44.76594,135.7201,Rainy,0.75
33,4,Verstappen (Red Bull),45.64371,181.3638,Rainy,0.75
33,5,Verstappen (Red Bull),45.02283,226.38663,Rainy,0.75
33,1,Norris (McLaren),45.00489,45.00489,Rainy,0.75
33,2,Norris (McLaren),46.23424,91.23913,Rainy,0.75
33,3,Norris (McLaren),47.03381,138.27294,Rainy,0.75
33,4,Norris (McLaren),45.89052,184.16346,Rainy,0.75
33,5,Norris (McLaren),45.06065,229.22411,Rainy,0.75
33,1,Leclerc (Ferrari),45.68694,45.68694,Rainy,0.75
33,2,Leclerc (Ferrari),46.17679,91.86373,Rainy,0.75
33,3,Leclerc (Ferrari),45.13359,136.99732,Rainy,0.75
33,4,Leclerc (Ferrari),45.71443,182.71175,Rainy,0.75
33,5,Leclerc (Ferrari),46.98276,229.69451,Rainy,0.75
33,1,Russell (Williams),45.06126,45.06126,Rainy,0.75
33,2,Russell (Williams),44.93587,89.99713,Rainy,0.75
33,3,Russell (Williams),43.65436,133.6515,Rainy,0.75
33,4,Russell (Williams),45.29803,178.94953,Rainy,0.75
33,5,Russell (Williams),44.51016,223.45969,Rainy,0.75
33,1,Piastri (Alpine),47.40982,47.40982,Rainy,0.75
33,2,Piastri (Alpine),44.53875,91.94857,Rainy,0.75
33,3,Piastri (Alpine),46.0798,138.02837,Rainy,0.75
33,4,Piastri (Alpine),45.55175,183.58012,Rainy,0.75
33,5,Piastri (Alpine),44.66898,228.24909,Rainy,0.75
34,1,Hamilton (Mercedes),46.68517,46.68517,Rainy,0.75
34,2,Hamilton (Mercedes),45.82859,92.51376,Rainy,0.75
34,3,Hamilton (Mercedes),45.84029,138.35405,Rainy,0.75
34,4,Hamilton (Mercedes),45.95036,184.30441,Rainy,0.75
34,5,Hamilton (Mercedes),45.08909,229.39349,Rainy,0.75
34,1,Verstappen (Red Bull),45.45291,45.45291,Rainy,0.75
34,2,Verstappen (Red Bull),45.26764,90.72055,Rainy,0.75
34,3,Verstappen (Red Bull),44.98475,135.7053,Rainy,0.75
34,4,Verstappen (Red Bull),44.62997,180.33527,Rainy,0.75
34,5,Verstappen (Red Bull),45.27046,225.60573,Rainy,0.75
34,1,Norris (McLaren),45.30191,45.30191,Rainy,0.75
34,2,Norris (McLaren),46.11241,91.41432,Rainy,0.75
34,3,Norris (McLaren),45.89065,137.30497,Rainy,0.75
34,4,Norris (McLaren),45.12111,182.42608,Rainy,0.75
34,5,Norris (McLaren),44.16288,226.58897,Rainy,0.75
34,1,Leclerc (Ferrari),44.74884,44.74884,Rainy,0.75
34,2,Leclerc (Ferrari),44.43691,89.18575,Rainy,0.75
34,3,Leclerc (Ferrari),43.90445,133.0902,Rainy,0.75
34,4,Leclerc (Ferrari),44.87285,177.96305,Rainy,0.75
34,5,Leclerc (Ferrari),44.667,222.63005,Rainy,0.75
34,1,Russell (Williams),45.06675,45.06675,Rainy,0.75
34,2,Russell (Williams),44.09654,89.16329,Rainy,0.75
34,3,Russell (Williams),46.08612,135.2494,Rainy,0.75
34,4,Russell (Williams),45.0889,180.3383,Rainy,0.75
34,5,Russell (Williams),44.95116,225.28946,Rainy,0.75
34,1,Piastri (Alpine),44.86681,44.86681,Rainy,0.75
34,2,Piastri (Alpine),44.1743,89.04111,Rainy,0.75
34,3,Piastri (Alpine),45.5988,134.63992,Rainy,0.75
34,4,Piastri (Alpine),46.92615,181.56607,Rainy,0.75
34,5,Piastri (Alpine),45.81006,227.37612,Rainy,0.75
35,1,Hamilton (Mercedes),45.65984,45.65984,Rainy,0.75
35,2,Hamilton (Mercedes),46.67098,92.33082,Rainy,0.75
35,3,Hamilton (Mercedes),45.58799,137.91881,Rainy,0.75
35,4,Hamilton (Mercedes),46.83022,184.74903,Rainy,0.75
35,5,Hamilton (Mercedes),46.22598,230.97501,Rainy,0.75
35,1,Verstappen (Red Bull),44.52418,44.52418,Rainy,0.75
35,2,Verstappen (Red Bull),44.79095,89.31512,Rainy,0.75
35,3,Verstappen (Red Bull),45.02259,134.33771,Rainy,0.75
35,4,Verstappen (Red Bull),45.22527,179.56298,Rainy,0.75
35,5,Verstappen (Red Bull),44.55891,224.12189,Rainy,0.75
35,1,Norris (McLaren),45.89965,45.89965,Rainy,0.75
35,2,Norris (McLaren),44.91332,90.81297,Rainy,0.75
35,3,Norris (McLaren),46.0221,136.83507,Rainy,0.75
35,4,Norris (McLaren),46.64578,183.48086,Rainy,0.75
35,5,Norris (McLaren),45.54516,229.02602,Rainy,0.75
35,1,Leclerc (Ferrari),44.98675,44.98675,Rainy,0.75
35,2,Leclerc (Ferrari),45.28491,90.27167,Rainy,0.75
35,3,Leclerc (Ferrari),45.79637,136.06804,Rainy,0.75
35,4,Leclerc (Ferrari),46.213,182.28104,Rainy,0.75
35,5,Leclerc (Ferrari),45.68716,227.9682,Rainy,0.75
35,1,Russell (Williams),45.49235,45.49235,Rainy,0.75
35,2,Russell (Williams),45.1153,90.60765,Rainy,0.75
35,3,Russell (Williams),45.11369,135.72134,Rainy,0.75
35,4,Russell (Williams),43.98816,179.70951,Rainy,0.75
35,5,Russell (Williams),45.98507,225.69457,Rainy,0.75
35,1,Piastri (Alpine),45.5761,45.5761,Rainy,0.75
35,2,Piastri (Alpine),46.2647,91.8408,Rainy,0.75
35,3,Piastri (Alpine),44.80486,136.64565,Rainy,0.75
35,4,Piastri (Alpine),46.97786,183.62352,Rainy,0.75
35,5,Piastri (Alpine),46.42214,230.04565,Rainy,0.75
36,1,Hamilton (Mercedes),46.24546,46.24546,Rainy,0.75
36,2,Hamilton (Mercedes),46.01184,92.2573,Rainy,0.75
36,3,Hamilton (Mercedes),46.30418,138.56149,Rainy,0.75
36,4,Hamilton (Mercedes),46.02476,184.58625,Rainy,0.75
36,5,Hamilton (Mercedes),45.72951,230.31576,Rainy,0.75
36,1,Verstappen (Red Bull),45.24475,45.24475,Rainy,0.75
36,2,Verstappen (Red Bull),45.39682,90.64157,Rainy,0.75
36,3,Verstappen (Red Bull),45.84031,136.48188,Rainy,0.75
36,4,Verstappen (Red Bull),45.94597,182.42786,Rainy,0.75
36,5,Verstappen (Red Bull),45.54555,227.9734,Rainy,0.75
36,1,Norris (McLaren),46.50505,46.50505,Rainy,0.75
36,2,Norris (McLaren),44.43978,90.94482,Rainy,0.75
36,3,Norris (McLaren),45.93006,136.87489,Rainy,0.75
36,4,Norris (McLaren),45.6823,182.55719,Rainy,0.75
36,5,Norris (McLaren),44.93164,227.48883,Rainy,0.75
36,1,Leclerc (Ferrari),44.94368,44.94368,Rainy,0.75
36,2,Leclerc (Ferrari),46.13594,91.07962,Rainy,0.75
36,3,Leclerc (Ferrari),44.54307,135.62269,Rainy,0.75
36,4,Leclerc (Ferrari),45.67122,181.29392,Rainy,0.75
36,5,Leclerc (Ferrari),44.99349,226.28741,Rainy,0.75
36,1,Russell (Williams),45.16742,45.16742,Rainy,0.75
36,2,Russell (Williams),45.2321,90.39952,Rainy,0.75
36,3,Russell (Williams),44.83377,135.23329,Rainy,0.75
36,4,Russell (Williams),44.87083,180.10412,Rainy,0.75
36,5,Russell (Williams),45.22521,225.32933,Rainy,0.75
36,1,Piastri (Alpine),46.91219,46.91219,Rainy,0.75
36,2,Piastri (Alpine),44.93145,91.84364,Rainy,0.75
36,3,Piastri (Alpine),45.23358,137.07722,Rainy,0.75
36,4,Piastri (Alpine),45.10048,182.1777,Rainy,0.75
36,5,Piastri (Alpine),46.35031,228.52801,Rainy,0.75
37,1,Hamilton (Mercedes),46.11407,46.11407,Rainy,0.75
37,2,Hamilton (Mercedes),45.96914,92.0832,Rainy,0.75
37,3,Hamilton (Mercedes),46.51297,138.59618,Rainy,0.75
37,4,Hamilton (Mercedes),45.74704,184.34321,Rainy,0.75
37,5,Hamilton (Mercedes),46.23929,230.5825,Rainy,0.75
37,1,Verstappen (Red Bull),44.174,44.174,Rainy,0.75
37,2,Verstappen (Red Bull),45.1717,89.3457,Rainy,0.75
37,3,Verstappen (Red Bull),46.27548,135.62118,Rainy,0.75
37,4,Verstappen (Red Bull),46.035,181.65618,Rainy,0.75
37,5,Verstappen (Red Bull),45.37977,227.03595,Rainy,0.75
37,1,Norris (McLaren),46.37222,46.37222,Rainy,0.75
37,2,Norris (McLaren),45.38493,91.75715,Rainy,0.75
37,3,Norris (McLaren),45.97932,137.73647,Rainy,0.75
37,4,Norris (McLaren),45.67002,183.40648,Rainy,0.75
37,5,Norris (McLaren),45.23986,228.64634,Rainy,0.75
37,1,Leclerc (Ferrari),45.06726,45.06726,Rainy,0.75
37,2,Leclerc (Ferrari),45.52653,90.59379,Rainy,0.75
37,3,Leclerc (Ferrari),45.74486,136.33866,Rainy,0.75
37,4,Leclerc (Ferrari),45.49716,181.83581,Rainy,0.75
37,5,Leclerc (Ferrari),44.17909,226.0149,Rainy,0.75
37,1,Russell (Williams),44.31218,44.31218,Rainy,0.75
37,2,Russell (Williams),45.01363,89.32581,Rainy,0.75
37,3,Russell (Williams),44.84576,134.17156,Rainy,0.75
37,4,Russell (Williams),44.188,178.35956,Rainy,0.75
37,5,Russell (Williams),45.71989,224.07945,Rainy,0.75
37,1,Piastri (Alpine),45.78165,45.78165,Rainy,0.75
37,2,Piastri (Alpine),45.34347,91.12511,Rainy,0.75
37,3,Piastri (Alpine),46.1687,137.29381,Rainy,0.75
37,4,Piastri (Alpine),45.03509,182.3289,Rainy,0.75
37,5,Piastri (Alpine),44.64844,226.97734,Rainy,0.75
38,1,Hamilton (Mercedes),46.12023,46.12023,Rainy,0.75
38,2,Hamilton (Mercedes),45.97409,92.09432,Rainy,0.75
38,3,Hamilton (Mercedes),45.7848,137.87912,Rainy,0.75
38,4,Hamilton (Mercedes),45.76449,183.64362,Rainy,0.75
38,5,Hamilton (Mercedes),45.97619,229.6198,Rainy,0.75
38,1,Verstappen (Red Bull),45.54749,45.54749,Rainy,0.75
38,2,Verstappen (Red Bull),44.99108,90.53857,Rainy,0.75
38,3,Verstappen (Red Bull),45.21661,135.75518,Rainy,0.75
38,4,Verstappen (Red Bull),45.84148,181.59666,Rainy,0.75
38,5,Verstappen (Red Bull),45.71651,227.31317,Rainy,0.75
38,1,Norris (McLaren),45.38144,45.38144,Rainy,0.75
38,2,Norris (McLaren),45.05546,90.4369,Rainy,0.75
38,3,Norris (McLaren),45.89537,136.33227,Rainy,0.75
38,4,Norris (McLaren),44.81641,181.14869,Rainy,0.75
38,5,Norris (McLaren),44.75092,225.8996,Rainy,0.75
38,1,Leclerc (Ferrari),44.86676,44.86676,Rainy,0.75
38,2,Leclerc (Ferrari),45.70005,90.56681,Rainy,0.75
38,3,Leclerc (Ferrari),46.62472,137.19153,Rainy,0.75
38,4,Leclerc (Ferrari),45.27687,182.4684,Rainy,0.75
38,5,Leclerc (Ferrari),45.52705,227.99545,Rainy,0.75
38,1,Russell (Williams),46.66301,46.66301,Rainy,0.75
38,2,Russell (Williams),44.30223,90.96524,Rainy,0.75
38,3,Russell (Williams),45.40178,136.36702,Rainy,0.75
38,4,Russell (Williams),45.42831,181.79532,Rainy,0.75
38,5,Russell (Williams),45.18087,226.97619,Rainy,0.75
38,1,Piastri (Alpine),46.59314,46.59314,Rainy,0.75
38,2,Piastri (Alpine),45.58766,92.1808,Rainy,0.75
38,3,Piastri (Alpine),47.37451,139.5553,Rainy,0.75
38,4,Piastri (Alpine),45.99958,185.55488,Rainy,0.75
38,5,Piastri (Alpine),46.12534,231.68023,Rainy,0.75
39,1,Hamilton (Mercedes),45.35322,45.35322,Rainy,0.75
39,2,Hamilton (Mercedes),45.78648,91.13969,Rainy,0.75
39,3,Hamilton (Mercedes),45.94102,137.08072,Rainy,0.75
39,4,Hamilton (Mercedes),46.83385,183.91456,Rainy,0.75
39,5,Hamilton (Mercedes),45.91968,229.83425,Rainy,0.75
39,1,Verstappen (Red Bull),45.29444,45.29444,Rainy,0.75
39,2,Verstappen (Red Bull),44.95264,90.24708,Rainy,0.75
39,3,Verstappen (Red Bull),45.42212,135.66919,Rainy,0.75
39,4,Verstappen (Red Bull),45.12564,180.79484,Rainy,0.75
39,5,Verstappen (Red Bull),46.39019,227.18502,Rainy,0.75
39,1,Norris (McLaren),46.22367,46.22367,Rainy,0.75
39,2,Norris (McLaren),45.15754,91.38121,Rainy,0.75
39,3,Norris (McLaren),45.74197,137.12318,Rainy,0.75
39,4,Norris (McLaren),45.32617,182.44935,Rainy,0.75
39,5,Norris (McLaren),45.14949,227.59884,Rainy,0.75
39,1,Leclerc (Ferrari),45.79159,45.79159,Rainy,0.75
39,2,Leclerc (Ferrari),45.32408,91.11567,Rainy,0.75
39,3,Leclerc (Ferrari),45.46528,136.58095,Rainy,0.75
39,4,Leclerc (Ferrari),45.46166,182.04261,Rainy,0.75
39,5,Leclerc (Ferrari),44.24482,226.28743,Rainy,0.75
39,1,Russell (Williams),45.32716,45.32716,Rainy,0.75
39,2,Russell (Williams),44.81528,90.14245,Rainy,0.75
39,3,Russell (Williams),44.26398,134.40643,Rainy,0.75
39,4,Russell (Williams),43.75571,178.16213,Rainy,0.75
39,5,Russell (Williams),44.37331,222.53544,Rainy,0.75
39,1,Piastri (Alpine),44.85672,44.85672,Rainy,0.75
39,2,Piastri (Alpine),45.77287,90.62959,Rainy,0.75
39,3,Piastri (Alpine),45.21935,135.84894,Rainy,0.75
39,4,Piastri (Alpine),46.15647,182.00541,Rainy,0.75
39,5,Piastri (Alpine),45.93455,227.93996,Rainy,0.75
40,1,Hamilton (Mercedes),46.28322,46.28322,Rainy,0.75
40,2,Hamilton (Mercedes),46.49899,92.78221,Rainy,0.75
40,3,Hamilton (Mercedes),46.47437,139.25659,Rainy,0.75
40,4,Hamilton (Mercedes),45.65392,184.91051,Rainy,0.75
40,5,Hamilton (Mercedes),45.77946,230.68997,Rainy,0.75
40,1,Verstappen (Red Bull),43.43999,43.43999,Rainy,0.75
40,2,Verstappen (Red Bull),45.6935,89.13349,Rainy,0.75
40,3,Verstappen (Red Bull),45.59885,134.73233,Rainy,0.75
40,4,Verstappen (Red Bull),44.77728,179.50961,Rainy,0.75
40,5,Verstappen (Red Bull),45.68767,225.19728,Rainy,0.75
40,1,Norris (McLaren),45.34271,45.34271,Rainy,0.75
40,2,Norris (McLaren),44.45357,89.79627,Rainy,0.75
40,3,Norris (McLaren),47.06884,136.86511,Rainy,0.75
40,4,Norris (McLaren),44.27455,181.13967,Rainy,0.75
40,5,Norris (McLaren),46.3362,227.47586,Rainy,0.75
40,1,Leclerc (Ferrari),44.76829,44.76829,Rainy,0.75
40,2,Leclerc (Ferrari),45.23682,90.00511,Rainy,0.75
40,3,Leclerc (Ferrari),44.3496,134.35471,Rainy,0.75
40,4,Leclerc (Ferrari),43.8805,178.23521,Rainy,0.75
40,5,Leclerc (Ferrari),44.56046,222.79566,Rainy,0.75
40,1,Russell (Williams),46.20377,46.20377,Rainy,0.75
40,2,Russell (Williams),44.56865,90.77242,Rainy,0.75
40,3,Russell (Williams),45.10518,135.8776,Rainy,0.75
40,4,Russell (Williams),44.52796,180.40557,Rainy,0.75
40,5,Russell (Williams),43.85475,224.26032,Rainy,0.75
40,1,Piastri (Alpine),44.29168,44.29168,Rainy,0.75
40,2,Piastri (Alpine),45.44494,89.73662,Rainy,0.75
40,3,Piastri (Alpine),46.67715,136.41377,Rainy,0.75
40,4,Piastri (Alpine),45.95324,182.36701,Rainy,0.75
40,5,Piastri (Alpine),44.14775,226.51477,Rainy,0.75
41,1,Hamilton (Mercedes),46.88253,46.88253,Rainy,0.75
41,2,Hamilton (Mercedes),45.21675,92.09928,Rainy,0.75
41,3,Hamilton (Mercedes),45.58779,137.68707,Rainy,0.75
41,4,Hamilton (Mercedes),45.88793,183.575,Rainy,0.75
41,5,Hamilton (Mercedes),46.2609,229.8359,Rainy,0.75
41,1,Verstappen (Red Bull),45.01622,45.01622,Rainy,0.75
41,2,Verstappen (Red Bull),44.8352,89.85143,Rainy,0.75
41,3,Verstappen (Red Bull),45.74266,135.59409,Rainy,0.75
41,4,Verstappen (Red Bull),45.40744,181.00154,Rainy,0.75
41,5,Verstappen (Red Bull),45.29962,226.30116,Rainy,0.75
41,1,Norris (McLaren),45.00258,45.00258,Rainy,0.75
41,2,Norris (McLaren),45.75899,90.76157,Rainy,0.75
41,3,Norris (McLaren),45.30578,136.06735,Rainy,0.75
41,4,Norris (McLaren),45.14667,181.21402,Rainy,0.75
41,5,Norris (McLaren),46.17119,227.38521,Rainy,0.75
41,1,Leclerc (Ferrari),44.21027,44.21027,Rainy,0.75
41,2,Leclerc (Ferrari),44.12719,88.33746,Rainy,0.75
41,3,Leclerc (Ferrari),45.39694,133.73441,Rainy,0.75
41,4,Leclerc (Ferrari),45.25854,178.99295,Rainy,0.75
41,5,Leclerc (Ferrari),45.18248,224.17543,Rainy,0.75
41,1,Russell (Williams),45.02825,45.02825,Rainy,0.75
41,2,Russell (Williams),46.6836,91.71185,Rainy,0.75
41,3,Russell (Williams),46.32093,138.03278,Rainy,0.75
41,4,Russell (Williams),45.01323,183.04601,Rainy,0.75
41,5,Russell (Williams),43.63399,226.68001,Rainy,0.75
41,1,Piastri (Alpine),46.69356,46.69356,Rainy,0.75
41,2,Piastri (Alpine),45.69013,92.38369,Rainy,0.75
41,3,Piastri (Alpine),44.41828,136.80198,Rainy,0.75
41,4,Piastri (Alpine),45.33004,182.13201,Rainy,0.75
41,5,Piastri (Alpine),45.70888,227.84089,Rainy,0.75
42,1,Hamilton (Mercedes),46.2212,46.2212,Rainy,0.75
42,2,Hamilton (Mercedes),45.4996,91.7208,Rainy,0.75
42,3,Hamilton (Mercedes),45.78714,137.50794,Rainy,0.75
42,4,Hamilton (Mercedes),46.86254,184.37048,Rainy,0.75
42,5,Hamilton (Mercedes),46.51319,230.88367,Rainy,0.75
42,1,Verstappen (Red Bull),45.66453,45.66453,Rainy,0.75
42,2,Verstappen (Red Bull),44.73003,90.39456,Rainy,0.75
42,3,Verstappen (Red Bull),45.68865,136.08321,Rainy,0.75
42,4,Verstappen (Red Bull),45.0682,181.1514,Rainy,0.75
42,5,Verstappen (Red Bull),44.86738,226.01878,Rainy,0.75
42,1,Norris (McLaren),45.5199,45.5199,Rainy,0.75
42,2,Norris (McLaren),45.4395,90.95939,Rainy,0.75
42,3,Norris (McLaren),46.23719,137.19658,Rainy,0.75
42,4,Norris (McLaren),45.54599,182.74257,Rainy,0.75
42,5,Norris (McLaren),44.80185,227.54443,Rainy,0.75
42,1,Leclerc (Ferrari),45.48024,45.48024,Rainy,0.75
42,2,Leclerc (Ferrari),45.99333,91.47357,Rainy,0.75
42,3,Leclerc (Ferrari),46.06332,137.53689,Rainy,0.75
42,4,Leclerc (Ferrari),45.26922,182.80611,Rainy,0.75
42,5,Leclerc (Ferrari),45.58974,228.39585,Rainy,0.75
42,1,Russell (Williams),44.35411,44.35411,Rainy,0.75
42,2,Russell (Williams),45.54446,89.89857,Rainy,0.75
42,3,Russell (Williams),43.69379,133.59236,Rainy,0.75
42,4,Russell (Williams),44.48193,178.07429,Rainy,0.75
42,5,Russell (Williams),45.39308,223.46736,Rainy,0.75
42,1,Piastri (Alpine),44.70892,44.70892,Rainy,0.75
42,2,Piastri (Alpine),45.79195,90.50088,Rainy,0.75
42,3,Piastri (Alpine),44.36082,134.8617,Rainy,0.75
42,4,Piastri (Alpine),45.57788,180.43958,Rainy,0.75
42,5,Piastri (Alpine),46.18138,226.62096,Rainy,0.75
43,1,Hamilton (Mercedes),46.9102,46.9102,Rainy,0.75
43,2,Hamilton (Mercedes),45.67254,92.58273,Rainy,0.75
43,3,Hamilton (Mercedes),45.76431,138.34705,Rainy,0.75
43,4,Hamilton (Mercedes),46.99931,185.34636,Rainy,0.75
43,5,Hamilton (Mercedes),46.3832,231.72956,Rainy,0.75
43,1,Verstappen (Red Bull),45.64702,45.64702,Rainy,0.75
43,2,Verstappen (Red Bull),44.70472,90.35174,Rainy,0.75
43,3,Verstappen (Red Bull),45.58788,135.93963,Rainy,0.75
43,4,Verstappen (Red Bull),45.88558,181.82521,Rainy,0.75
43,5,Verstappen (Red Bull),45.07048,226.89568,Rainy,0.75
43,1,Norris (McLaren),45.42317,45.42317,Rainy,0.75
43,2,Norris (McLaren),44.97595,90.39912,Rainy,0.75
43,3,Norris (McLaren),45.71826,136.11739,Rainy,0.75
43,4,Norris (McLaren),44.66767,180.78505,Rainy,0.75
43,5,Norris (McLaren),45.82435,226.60941,Rainy,0.75
43,1,Leclerc (Ferrari),45.3536,45.3536,Rainy,0.75
43,2,Leclerc (Ferrari),45.15649,90.51009,Rainy,0.75
43,3,Leclerc (Ferrari),44.77412,135.28421,Rainy,0.75
43,4,Leclerc (Ferrari),45.03766,180.32187,Rainy,0.75
43,5,Leclerc (Ferrari),46.08037,226.40223,Rainy,0.75
43,1,Russell (Williams),46.19893,46.19893,Rainy,0.75
43,2,Russell (Williams),45.76773,91.96665,Rainy,0.75
43,3,Russell (Williams),44.31001,136.27666,Rainy,0.75
43,4,Russell (Williams),44.92995,181.20661,Rainy,0.75
43,5,Russell (Williams),44.67025,225.87687,Rainy,0.75
43,1,Piastri (Alpine),44.62845,44.62845,Rainy,0.75
43,2,Piastri (Alpine),44.76009,89.38853,Rainy,0.75
43,3,Piastri (Alpine),46.12197,135.51051,Rainy,0.75
43,4,Piastri (Alpine),45.72126,181.23177,Rainy,0.75
43,5,Piastri (Alpine),45.01583,226.2476,Rainy,0.75
44,1,Hamilton (Mercedes),46.17883,46.17883,Rainy,0.75
44,2,Hamilton (Mercedes),46.00422,92.18305,Rainy,0.75
44,3,Hamilton (Mercedes),45.67102,137.85407,Rainy,0.75
44,4,Hamilton (Mercedes),45.43573,183.28979,Rainy,0.75
44,5,Hamilton (Mercedes),46.052,229.34179,Rainy,0.75
44,1,Verstappen (Red Bull),44.29279,44.29279,Rainy,0.75
44,2,Verstappen (Red Bull),46.32686,90.61965,Rainy,0.75
44,3,Verstappen (Red Bull),45.55411,136.17377,Rainy,0.75
44,4,Verstappen (Red Bull),44.58594,180.75971,Rainy,0.75
44,5,Verstappen (Red Bull),44.86998,225.62969,Rainy,0.75
44,1,Norris (McLaren),46.83467,46.83467,Rainy,0.75
44,2,Norris (McLaren),45.07443,91.9091,Rainy,0.75
44,3,Norris (McLaren),44.89051,136.79961,Rainy,0.75
44,4,Norris (McLaren),45.32495,182.12456,Rainy,0.75
44,5,Norris (McLaren),44.20327,226.32783,Rainy,0.75
44,1,Leclerc (Ferrari),44.3928,44.3928,Rainy,0.75
44,2,Leclerc (Ferrari),46.33208,90.72488,Rainy,0.75
44,3,Leclerc (Ferrari),44.55451,135.27939,Rainy,0.75
44,4,Leclerc (Ferrari),44.58911,179.8685,Rainy,0.75
44,5,Leclerc (Ferrari),45.45076,225.31926,Rainy,0.75
44,1,Russell (Williams),45.41683,45.41683,Rainy,0.75
44,2,Russell (Williams),45.51732,90.93415,Rainy,0.75
44,3,Russell (Williams),44.12783,135.06198,Rainy,0.75
44,4,Russell (Williams),45.08683,180.14881,Rainy,0.75
44,5,Russell (Williams),45.10165,225.25046,Rainy,0.75
44,1,Piastri (Alpine),45.97037,45.97037,Rainy,0.75
44,2,Piastri (Alpine),46.19907,92.16945,Rainy,0.75
44,3,Piastri (Alpine),46.0563,138.22574,Rainy,0.75
44,4,Piastri (Alpine),45.71306,183.9388,Rainy,0.75
44,5,Piastri (Alpine),47.15296,231.09176,Rainy,0.75
45,1,Hamilton (Mercedes),45.33447,45.33447,Rainy,0.75
45,2,Hamilton (Mercedes),46.54873,91.8832,Rainy,0.75
45,3,Hamilton (Mercedes),45.49329,137.3765,Rainy,0.75
45,4,Hamilton (Mercedes),46.4927,183.86919,Rainy,0.75
45,5,Hamilton (Mercedes),46.21731,230.0865,Rainy,0.75
45,1,Verstappen (Red Bull),45.54369,45.54369,Rainy,0.75
45,2,Verstappen (Red Bull),45.33769,90.88138,Rainy,0.75
45,3,Verstappen (Red Bull),46.01044,136.89182,Rainy,0.75
45,4,Verstappen (Red Bull),44.47632,181.36814,Rainy,0.75
45,5,Verstappen (Red Bull),44.85989,226.22803,Rainy,0.75
45,1,Norris (McLaren),45.4202,45.4202,Rainy,0.75
45,2,Norris (McLaren),45.22928,90.64948,Rainy,0.75
45,3,Norris (McLaren),45.11005,135.75952,Rainy,0.75
45,4,Norris (McLaren),45.53482,181.29434,Rainy,0.75
45,5,Norris (McLaren),45.53709,226.83143,Rainy,0.75
45,1,Leclerc (Ferrari),44.93472,44.93472,Rainy,0.75
45,2,Leclerc (Ferrari),44.07086,89.00559,Rainy,0.75
45,3,Leclerc (Ferrari),45.21628,134.22187,Rainy,0.75
45,4,Leclerc (Ferrari),44.49443,178.71629,Rainy,0.75
45,5,Leclerc (Ferrari),44.43554,223.15183,Rainy,0.75
45,1,Russell (Williams),44.05928,44.05928,Rainy,0.75
45,2,Russell (Williams),44.86282,88.9221,Rainy,0.75
45,3,Russell (Williams),45.42448,134.34658,Rainy,0.75
45,4,Russell (Williams),46.02326,180.36983,Rainy,0.75
45,5,Russell (Williams),45.51289,225.88273,Rainy,0.75
45,1,Piastri (Alpine),45.93335,45.93335,Rainy,0.75
45,2,Piastri (Alpine),46.04774,91.9811,Rainy,0.75
45,3,Piastri (Alpine),46.83783,138.81893,Rainy,0.75
45,4,Piastri (Alpine),45.51934,184.33827,Rainy,0.75
45,5,Piastri (Alpine),46.77843,231.1167,Rainy,0.75
46,1,Hamilton (Mercedes),46.03646,46.03646,Rainy,0.75
46,2,Hamilton (Mercedes),46.28888,92.32534,Rainy,0.75
46,3,Hamilton (Mercedes),46.08144,138.40677,Rainy,0.75
46,4,Hamilton (Mercedes),46.90069,185.30747,Rainy,0.75
46,5,Hamilton (Mercedes),45.4956,230.80306,Rainy,0.75
46,1,Verstappen (Red Bull),46.07469,46.07469,Rainy,0.75
46,2,Verstappen (Red Bull),44.74914,90.82383,Rainy,0.75
46,3,Verstappen (Red Bull),45.0623,135.88613,Rainy,0.75
46,4,Verstappen (Red Bull),45.5751,181.46124,Rainy,0.75
46,5,Verstappen (Red Bull),45.68735,227.14858,Rainy,0.75
46,1,Norris (McLaren),45.63388,45.63388,Rainy,0.75
46,2,Norris (McLaren),46.03012,91.664,Rainy,0.75
46,3,Norris (McLaren),44.85348,136.51748,Rainy,0.75
46,4,Norris (McLaren),46.08409,182.60157,Rainy,0.75
46,5,Norris (McLaren),45.88415,228.48572,Rainy,0.75
46,1,Leclerc (Ferrari),45.91898,45.91898,Rainy,0.75
46,2,Leclerc (Ferrari),45.17746,91.09644,Rainy,0.75
46,3,Leclerc (Ferrari),45.51306,136.6095,Rainy,0.75
46,4,Leclerc (Ferrari),45.63885,182.24835,Rainy,0.75
46,5,Leclerc (Ferrari),44.954,227.20235,Rainy,0.75
46,1,Russell (Williams),45.19079,45.19079,Rainy,0.75
46,2,Russell (Williams),45.48385,90.67464,Rainy,0.75
46,3,Russell (Williams),44.55193,135.22657,Rainy,0.75
46,4,Russell (Williams),45.50766,180.73423,Rainy,0.75
46,5,Russell (Williams),45.60742,226.34165,Rainy,0.75
46,1,Piastri (Alpine),45.02863,45.02863,Rainy,0.75
46,2,Piastri (Alpine),45.45755,90.48618,Rainy,0.75
46,3,Piastri (Alpine),45.42852,135.9147,Rainy,0.75
46,4,Piastri (Alpine),45.85586,181.77056,Rainy,0.75
46,5,Piastri (Alpine),44.88673,226.65729,Rainy,0.75
47,1,Hamilton (Mercedes),45.94016,45.94016,Rainy,0.75
47,2,Hamilton (Mercedes),46.071,92.01117,Rainy,0.75
47,3,Hamilton (Mercedes),44.97908,136.99025,Rainy,0.75
47,4,Hamilton (Mercedes),46.90736,183.89761,Rainy,0.75
47,5,Hamilton (Mercedes),46.30303,230.20064,Rainy,0.75
47,1,Verstappen (Red Bull),45.47468,45.47468,Rainy,0.75
47,2,Verstappen (Red Bull),45.67155,91.14623,Rainy,0.75
47,3,Verstappen (Red Bull),45.78928,136.9355,Rainy,0.75
47,4,Verstappen (Red Bull),44.81723,181.75273,Rainy,0.75
47,5,Verstappen (Red Bull),44.79267,226.54541,Rainy,0.75
47,1,Norris (McLaren),46.61624,46.61624,Rainy,0.75
47,2,Norris (McLaren),45.68719,92.30343,Rainy,0.75
47,3,Norris (McLaren),44.98106,137.28449,Rainy,0.75
47,4,Norris (McLaren),44.22427,181.50876,Rainy,0.75
47,5,Norris (McLaren),45.51518,227.02393,Rainy,0.75
47,1,Leclerc (Ferrari),45.15041,45.15041,Rainy,0.75
47,2,Leclerc (Ferrari),46.54288,91.69329,Rainy,0.75
47,3,Leclerc (Ferrari),44.36376,136.05705,Rainy,0.75
47,4,Leclerc (Ferrari),45.03888,181.09593,Rainy,0.75
47,5,Leclerc (Ferrari),45.09778,226.19371,Rainy,0.75
47,1,Russell (Williams),45.42033,45.42033,Rainy,0.75
47,2,Russell (Williams),44.1533,89.57363,Rainy,0.75
47,3,Russell (Williams),45.48915,135.06278,Rainy,0.75
47,4,Russell (Williams),45.47361,180.5364,Rainy,0.75
47,5,Russell (Williams),45.22428,225.76068,Rainy,0.75
47,1,Piastri (Alpine),44.34043,44.34043,Rainy,0.75
47,2,Piastri (Alpine),43.68607,88.0265,Rainy,0.75
47,3,Piastri (Alpine),46.24965,134.27615,Rainy,0.75
47,4,Piastri (Alpine),46.45863,180.73478,Rainy,0.75
47,5,Piastri (Alpine),44.88566,225.62044,Rainy,0.75
48,1,Hamilton (Mercedes),45.42733,45.42733,Rainy,0.75
48,2,Hamilton (Mercedes),46.1317,91.55903,Rainy,0.75
48,3,Hamilton (Mercedes),45.57544,137.13447,Rainy,0.75
48,4,Hamilton (Mercedes),45.65913,182.79359,Rainy,0.75
48,5,Hamilton (Mercedes),46.3355,229.1291,Rainy,0.75
48,1,Verstappen (Red Bull),45.63409,45.63409,Rainy,0.75
48,2,Verstappen (Red Bull),45.3791,91.01319,Rainy,0.75
48,3,Verstappen (Red Bull),46.67908,137.69227,Rainy,0.75
48,4,Verstappen (Red Bull),45.73446,183.42673,Rainy,0.75
48,5,Verstappen (Red Bull),45.28435,228.71108,Rainy,0.75
48,1,Norris (McLaren),46.20213,46.20213,Rainy,0.75
48,2,Norris (McLaren),45.97044,92.17257,Rainy,0.75
48,3,Norris (McLaren),45.60583,137.7784,Rainy,0.75
48,4,Norris (McLaren),45.44214,183.22054,Rainy,0.75
48,5,Norris (McLaren),45.0505,228.27104,Rainy,0.75
48,1,Leclerc (Ferrari),44.39917,44.39917,Rainy,0.75
48,2,Leclerc (Ferrari),46.01188,90.41105,Rainy,0.75
48,3,Leclerc (Ferrari),44.69947,135.11053,Rainy,0.75
48,4,Leclerc (Ferrari),44.80773,179.91826,Rainy,0.75
48,5,Leclerc (Ferrari),44.70268,224.62093,Rainy,0.75
48,1,Russell (Williams),45.39782,45.39782,Rainy,0.75
48,2,Russell (Williams),46.68957,92.08739,Rainy,0.75
48,3,Russell (Williams),44.85876,136.94615,Rainy,0.75
48,4,Russell (Williams),44.21472,181.16087,Rainy,0.75
48,5,Russell (Williams),45.62059,226.78146,Rainy,0.75
48,1,Piastri (Alpine),45.32941,45.32941,Rainy,0.75
48,2,Piastri (Alpine),44.72162,90.05104,Rainy,0.75
48,3,Piastri (Alpine),45.86634,135.91738,Rainy,0.75
48,4,Piastri (Alpine),44.48302,180.40041,Rainy,0.75
48,5,Piastri (Alpine),46.46434,226.86474,Rainy,0.75
49,1,Hamilton (Mercedes),44.74811,44.74811,Rainy,0.75
49,2,Hamilton (Mercedes),45.82106,90.56917,Rainy,0.75
49,3,Hamilton (Mercedes),46.62895,137.19812,Rainy,0.75
49,4,Hamilton (Mercedes),46.10134,183.29946,Rainy,0.75
49,5,Hamilton (Mercedes),45.98613,229.28559,Rainy,0.75
49,1,Verstappen (Red Bull),45.59832,45.59832,Rainy,0.75
49,2,Verstappen (Red Bull),44.68422,90.28254,Rainy,0.75
49,3,Verstappen (Red Bull),45.62214,135.90468,Rainy,0.75
49,4,Verstappen (Red Bull),45.11463,181.01931,Rainy,0.75
49,5,Verstappen (Red Bull),44.40461,225.42391,Rainy,0.75
49,1,Norris (McLaren),46.19376,46.19376,Rainy,0.75
49,2,Norris (McLaren),45.72065,91.9144,Rainy,0.75
49,3,Norris (McLaren),45.29724,137.21165,Rainy,0.75
49,4,Norris (McLaren),45.33613,182.54778,Rainy,0.75
49,5,Norris (McLaren),44.95364,227.50142,Rainy,0.75
49,1,Leclerc (Ferrari),45.02163,45.02163,Rainy,0.75
49,2,Leclerc (Ferrari),44.89164,89.91327,Rainy,0.75
49,3,Leclerc (Ferrari),45.42607,135.33934,Rainy,0.75
49,4,Leclerc (Ferrari),45.941,181.28034,Rainy,0.75
49,5,Leclerc (Ferrari),43.31469,224.59502,Rainy,0.75
49,1,Russell (Williams),44.7706,44.7706,Rainy,0.75
49,2,Russell (Williams),44.89935,89.66995,Rainy,0.75
49,3,Russell (Williams),44.34868,134.01862,Rainy,0.75
49,4,Russell (Williams),44.58332,178.60195,Rainy,0.75
49,5,Russell (Williams),45.45035,224.0523,Rainy,0.75
49,1,Piastri (Alpine),45.66697,45.66697,Rainy,0.75
49,2,Piastri (Alpine),45.86139,91.52836,Rainy,0.75
49,3,Piastri (Alpine),45.67853,137.20688,Rainy,0.75
49,4,Piastri (Alpine),45.26502,182.47191,Rainy,0.75
49,5,Piastri (Alpine),46.2388,228.71071,Rainy,0.75
50,1,Hamilton (Mercedes),46.10068,46.10068,Rainy,0.75
50,2,Hamilton (Mercedes),45.50168,91.60235,Rainy,0.75
50,3,Hamilton (Mercedes),46.31425,137.9166,Rainy,0.75
50,4,Hamilton (Mercedes),45.3588,183.27541,Rainy,0.75
50,5,Hamilton (Mercedes),46.75869,230.03409,Rainy,0.75
50,1,Verstappen (Red Bull),45.29966,45.29966,Rainy,0.75
50,2,Verstappen (Red Bull),45.04164,90.3413,Rainy,0.75
50,3,Verstappen (Red Bull),45.27832,135.61962,Rainy,0.75
50,4,Verstappen (Red Bull),44.20697,179.82659,Rainy,0.75
50,5,Verstappen (Red Bull),46.21379,226.04037,Rainy,0.75
50,1,Norris (McLaren),45.83773,45.83773,Rainy,0.75
50,2,Norris (McLaren),45.25305,91.09078,Rainy,0.75
50,3,Norris (McLaren),47.517,138.60778,Rainy,0.75
50,4,Norris (McLaren),46.01681,184.62459,Rainy,0.75
50,5,Norris (McLaren),46.62741,231.25201,Rainy,0.75
50,1,Leclerc (Ferrari),44.77309,44.77309,Rainy,0.75
50,2,Leclerc (Ferrari),45.01897,89.79206,Rainy,0.75
50,3,Leclerc (Ferrari),43.97474,133.7668,Rainy,0.75
50,4,Leclerc (Ferrari),45.17861,178.9454,Rainy,0.75
50,5,Leclerc (Ferrari),43.763,222.7084,Rainy,0.75
50,1,Russell (Williams),45.13954,45.13954,Rainy,0.75
50,2,Russell (Williams),44.77725,89.91679,Rainy,0.75
50,3,Russell (Williams),45.77294,135.68973,Rainy,0.75
50,4,Russell (Williams),45.21316,180.9029,Rainy,0.75
50,5,Russell (Williams),45.63529,226.53818,Rainy,0.75
50,1,Piastri (Alpine),46.829,46.829,Rainy,0.75
50,2,Piastri (Alpine),46.57829,93.40728,Rainy,0.75
50,3,Piastri (Alpine),47.14531,140.55259,Rainy,0.75
50,4,Piastri (Alpine),45.37643,185.92902,Rainy,0.75
50,5,Piastri (Alpine),46.54229,232.47131,Rainy,0.75
51,1,Hamilton (Mercedes),46.30089,46.30089,Rainy,0.75
51,2,Hamilton (Mercedes),46.12892,92.42981,Rainy,0.75
51,3,Hamilton (Mercedes),46.47062,138.90043,Rainy,0.75
51,4,Hamilton (Mercedes),45.88248,184.78291,Rainy,0.75
51,5,Hamilton (Mercedes),46.63727,231.42017,Rainy,0.75
51,1,Verstappen (Red Bull),44.3795,44.3795,Rainy,0.75
51,2,Verstappen (Red Bull),45.26831,89.64781,Rainy,0.75
51,3,Verstappen (Red Bull),44.70495,134.35277,Rainy,0.75
51,4,Verstappen (Red Bull),44.98981,179.34257,Rainy,0.75
51,5,Verstappen (Red Bull),46.02465,225.36722,Rainy,0.75
51,1,Norris (McLaren),45.7857,45.7857,Rainy,0.75
51,2,Norris (McLaren),45.58135,91.36705,Rainy,0.75
51,3,Norris (McLaren),45.06512,136.43217,Rainy,0.75
51,4,Norris (McLaren),45.89423,182.3264,Rainy,0.75
51,5,Norris (McLaren),45.16618,227.49258,Rainy,0.75
51,1,Leclerc (Ferrari),45.27332,45.27332,Rainy,0.75
51,2,Leclerc (Ferrari),45.60288,90.8762,Rainy,0.75
51,3,Leclerc (Ferrari),43.64807,134.52427,Rainy,0.75
51,4,Leclerc (Ferrari),44.92092,179.4452,Rainy,0.75
51,5,Leclerc (Ferrari),45.5165,224.9617,Rainy,0.75
51,1,Russell (Williams),43.93944,43.93944,Rainy,0.75
51,2,Russell (Williams),45.58609,89.52553,Rainy,0.75
51,3,Russell (Williams),44.67929,134.20482,Rainy,0.75
51,4,Russell (Williams),45.27332,179.47814,Rainy,0.75
51,5,Russell (Williams),43.69231,223.17045,Rainy,0.75
51,1,Piastri (Alpine),45.55891,45.55891,Rainy,0.75
51,2,Piastri (Alpine),44.74297,90.30188,Rainy,0.75
51,3,Piastri (Alpine),45.49991,135.80179,Rainy,0.75
51,4,Piastri (Alpine),45.99971,181.80151,Rainy,0.75
51,5,Piastri (Alpine),46.71303,228.51454,Rainy,0.75
52,1,Hamilton (Mercedes),45.73688,45.73688,Rainy,0.75
52,2,Hamilton (Mercedes),45.47638,91.21326,Rainy,0.75
52,3,Hamilton (Mercedes),46.23104,137.4443,Rainy,0.75
52,4,Hamilton (Mercedes),45.99983,183.44413,Rainy,0.75
52,5,Hamilton (Mercedes),46.40566,229.84979,Rainy,0.75
52,1,Verstappen (Red Bull),45.95287,45.95287,Rainy,0.75
52,2,Verstappen (Red Bull),44.93648,90.88935,Rainy,0.75
52,3,Verstappen (Red Bull),45.3631,136.25245,Rainy,0.75
52,4,Verstappen (Red Bull),45.01894,181.27139,Rainy,0.75
52,5,Verstappen (Red Bull),44.64931,225.9207,Rainy,0.75
52,1,Norris (McLaren),46.02452,46.02452,Rainy,0.75
52,2,Norris (McLaren),44.99807,91.0226,Rainy,0.75
52,3,Norris (McLaren),45.37576,136.39836,Rainy,0.75
52,4,Norris (McLaren),44.99316,181.39152,Rainy,0.75
52,5,Norris (McLaren),44.29345,225.68496,Rainy,0.75
52,1,Leclerc (Ferrari),45.03583,45.03583,Rainy,0.75
52,2,Leclerc (Ferrari),43.19852,88.23435,Rainy,0.75
52,3,Leclerc (Ferrari),45.70969,133.94405,Rainy,0.75
52,4,Leclerc (Ferrari),43.65928,177.60333,Rainy,0.75
52,5,Leclerc (Ferrari),44.84753,222.45086,Rainy,0.75
52,1,Russell (Williams),45.30342,45.30342,Rainy,0.75
52,2,Russell (Williams),44.88022,90.18364,Rainy,0.75
52,3,Russell (Williams),45.10599,135.28963,Rainy,0.75
52,4,Russell (Williams),45.79604,181.08567,Rainy,0.75
52,5,Russell (Williams),45.55909,226.64475,Rainy,0.75
52,1,Piastri (Alpine),44.49531,44.49531,Rainy,0.75
52,2,Piastri (Alpine),43.74494,88.24026,Rainy,0.75
52,3,Piastri (Alpine),46.00287,134.24313,Rainy,0.75
52,4,Piastri (Alpine),44.41326,178.65639,Rainy,0.75
52,5,Piastri (Alpine),46.73697,225.39335,Rainy,0.75
53,1,Hamilton (Mercedes),45.67031,45.67031,Rainy,0.75
53,2,Hamilton (Mercedes),46.10786,91.77817,Rainy,0.75
53,3,Hamilton (Mercedes),45.95137,137.72955,Rainy,0.75
53,4,Hamilton (Mercedes),46.82176,184.5513,Rainy,0.75
53,5,Hamilton (Mercedes),46.58356,231.13487,Rainy,0.75
53,1,Verstappen (Red Bull),44.78332,44.78332,Rainy,0.75
53,2,Verstappen (Red Bull),45.94487,90.72819,Rainy,0.75
53,3,Verstappen (Red Bull),44.8558,135.58399,Rainy,0.75
53,4,Verstappen (Red Bull),45.60197,181.18596,Rainy,0.75
53,5,Verstappen (Red Bull),46.07997,227.26593,Rainy,0.75
53,1,Norris (McLaren),45.8387,45.8387,Rainy,0.75
53,2,Norris (McLaren),44.89448,90.73318,Rainy,0.75
53,3,Norris (McLaren),46.14521,136.8784,Rainy,0.75
53,4,Norris (McLaren),45.44708,182.32547,Rainy,0.75
53,5,Norris (McLaren),45.9995,228.32497,Rainy,0.75
53,1,Leclerc (Ferrari),45.35768,45.35768,Rainy,0.75
53,2,Leclerc (Ferrari),44.94621,90.30388,Rainy,0.75
53,3,Leclerc (Ferrari),44.84697,135.15085,Rainy,0.75
53,4,Leclerc (Ferrari),44.76773,179.91857,Rainy,0.75
53,5,Leclerc (Ferrari),45.23629,225.15486,Rainy,0.75
53,1,Russell (Williams),44.44212,44.44212,Rainy,0.75
53,2,Russell (Williams),44.16222,88.60434,Rainy,0.75
53,3,Russell (Williams),44.89228,133.49662,Rainy,0.75
53,4,Russell (Williams),45.06191,178.55853,Rainy,0.75
53,5,Russell (Williams),45.28917,223.84769,Rainy,0.75
53,1,Piastri (Alpine),44.58323,44.58323,Rainy,0.75
53,2,Piastri (Alpine),44.74249,89.32572,Rainy,0.75
53,3,Piastri (Alpine),45.89284,135.21855,Rainy,0.75
53,4,Piastri (Alpine),46.77528,181.99384,Rainy,0.75
53,5,Piastri (Alpine),45.33001,227.32384,Rainy,0.75
54,1,Hamilton (Mercedes),46.03741,46.03741,Rainy,0.75
54,2,Hamilton (Mercedes),45.83017,91.86758,Rainy,0.75
54,3,Hamilton (Mercedes),45.86347,137.73105,Rainy,0.75
54,4,Hamilton (Mercedes),46.00988,183.74093,Rainy,0.75
54,5,Hamilton (Mercedes),46.25059,229.99151,Rainy,0.75
54,1,Verstappen (Red Bull),44.68874,44.68874,Rainy,0.75
54,2,Verstappen (Red Bull),46.54628,91.23502,Rainy,0.75
54,3,Verstappen (Red Bull),46.00008,137.2351,Rainy,0.75
54,4,Verstappen (Red Bull),46.33858,183.57368,Rainy,0.75
54,5,Verstappen (Red Bull),45.19532,228.769,Rainy,0.75
54,1,Norris (McLaren),47.40434,47.40434,Rainy,0.75
54,2,Norris (McLaren),45.97899,93.38332,Rainy,0.75
54,3,Norris (McLaren),45.0229,138.40623,Rainy,0.75
54,4,Norris (McLaren),45.32563,183.73186,Rainy,0.75
54,5,Norris (McLaren),44.95295,228.68481,Rainy,0.75
54,1,Leclerc (Ferrari),44.48567,44.48567,Rainy,0.75
54,2,Leclerc (Ferrari),44.11052,88.59618,Rainy,0.75
54,3,Leclerc (Ferrari),44.71742,133.3136,Rainy,0.75
54,4,Leclerc (Ferrari),45.1457,178.4593,Rainy,0.75
54,5,Leclerc (Ferrari),45.10186,223.56116,Rainy,0.75
54,1,Russell (Williams),45.86677,45.86677,Rainy,0.75
54,2,Russell (Williams),45.73524,91.602,Rainy,0.75
54,3,Russell (Williams),44.5662,136.1682,Rainy,0.75
54,4,Russell (Williams),45.13859,181.30679,Rainy,0.75
54,5,Russell (Williams),46.08606,227.39285,Rainy,0.75
54,1,Piastri (Alpine),45.02324,45.02324,Rainy,0.75
54,2,Piastri (Alpine),45.86169,90.88493,Rainy,0.75
54,3,Piastri (Alpine),45.87116,136.75609,Rainy,0.75
54,4,Piastri (Alpine),45.18992,181.94601,Rainy,0.75
54,5,Piastri (Alpine),46.26506,228.21107,Rainy,0.75
55,1,Hamilton (Mercedes),45.30294,45.30294,Rainy,0.75
55,2,Hamilton (Mercedes),46.54988,91.85283,Rainy,0.75
55,3,Hamilton (Mercedes),46.53048,138.38331,Rainy,0.75
55,4,Hamilton (Mercedes),46.29788,184.68119,Rainy,0.75
55,5,Hamilton (Mercedes),46.49939,231.18058,Rainy,0.75
55,1,Verstappen (Red Bull),44.01463,44.01463,Rainy,0.75
55,2,Verstappen (Red Bull),46.08801,90.10264,Rainy,0.75
55,3,Verstappen (Red Bull),45.57735,135.67999,Rainy,0.75
55,4,Verstappen (Red Bull),45.24008,180.92006,Rainy,0.75
55,5,Verstappen (Red Bull),46.3631,227.28316,Rainy,0.75
55,1,Norris (McLaren),44.33432,44.33432,Rainy,0.75
55,2,Norris (McLaren),45.08616,89.42048,Rainy,0.75
55,3,Norris (McLaren),45.34443,134.76492,Rainy,0.75
55,4,Norris (McLaren),45.57319,180.33811,Rainy,0.75
55,5,Norris (McLaren),44.74657,225.08467,Rainy,0.75
55,1,Leclerc (Ferrari),44.45507,44.45507,Rainy,0.75
55,2,Leclerc (Ferrari),45.39455,89.84961,Rainy,0.75
55,3,Leclerc (Ferrari),44.97448,134.8241,Rainy,0.75
55,4,Leclerc (Ferrari),45.6885,180.51259,Rainy,0.75
55,5,Leclerc (Ferrari),44.40845,224.92104,Rainy,0.75
55,1,Russell (Williams),45.60126,45.60126,Rainy,0.75
55,2,Russell (Williams),45.24514,90.84639,Rainy,0.75
55,3,Russell (Williams),45.62811,136.4745,Rainy,0.75
55,4,Russell (Williams),45.66072,182.13522,Rainy,0.75
55,5,Russell (Williams),44.83608,226.9713,Rainy,0.75
55,1,Piastri (Alpine),44.01874,44.01874,Rainy,0.75
55,2,Piastri (Alpine),45.24963,89.26837,Rainy,0.75
55,3,Piastri (Alpine),46.13399,135.40236,Rainy,0.75
55,4,Piastri (Alpine),46.0181,181.42046,Rainy,0.75
55,5,Piastri (Alpine),45.1586,226.57906,Rainy,0.75
56,1,Hamilton (Mercedes),46.44065,46.44065,Rainy,0.75
56,2,Hamilton (Mercedes),46.38186,92.8225,Rainy,0.75
56,3,Hamilton (Mercedes),46.36119,139.18369,Rainy,0.75
56,4,Hamilton (Mercedes),46.54816,185.73185,Rainy,0.75
56,5,Hamilton (Mercedes),45.98194,231.71379,Rainy,0.75
56,1,Verstappen (Red Bull),44.57389,44.57389,Rainy,0.75
56,2,Verstappen (Red Bull),45.22861,89.80249,Rainy,0.75
56,3,Verstappen (Red Bull),45.14053,134.94302,Rainy,0.75
56,4,Verstappen (Red Bull),44.26148,179.20451,Rainy,0.75
56,5,Verstappen (Red Bull),45.21011,224.41462,Rainy,0.75
56,1,Norris (McLaren),44.68547,44.68547,Rainy,0.75
56,2,Norris (McLaren),44.31189,88.99737,Rainy,0.75
56,3,Norris (McLaren),45.54262,134.53999,Rainy,0.75
56,4,Norris (McLaren),44.13532,178.67531,Rainy,0.75
56,5,Norris (McLaren),45.45309,224.12839,Rainy,0.75
56,1,Leclerc (Ferrari),44.8333,44.8333,Rainy,0.75
56,2,Leclerc (Ferrari),45.16693,90.00024,Rainy,0.75
56,3,Leclerc (Ferrari),45.56483,135.56506,Rainy,0.75
56,4,Leclerc (Ferrari),45.26904,180.8341,Rainy,0.75
56,5,Leclerc (Ferrari),45.23999,226.0741,Rainy,0.75
56,1,Russell (Williams),45.66109,45.66109,Rainy,0.75
56,2,Russell (Williams),44.09063,89.75172,Rainy,0.75
56,3,Russell (Williams),44.89266,134.64438,Rainy,0.75
56,4,Russell (Williams),44.49048,179.13486,Rainy,0.75
56,5,Russell (Williams),45.13749,224.27235,Rainy,0.75
56,1,Piastri (Alpine),44.61638,44.61638,Rainy,0.75
56,2,Piastri (Alpine),45.6886,90.30498,Rainy,0.75
56,3,Piastri (Alpine),46.70088,137.00586,Rainy,0.75
56,4,Piastri (Alpine),45.75108,182.75694,Rainy,0.75
56,5,Piastri (Alpine),44.64745,227.40439,Rainy,0.75
57,1,Hamilton (Mercedes),45.02705,45.02705,Rainy,0.75
57,2,Hamilton (Mercedes),47.1117,92.13874,Rainy,0.75
57,3,Hamilton (Mercedes),45.07156,137.2103,Rainy,0.75
57,4,Hamilton (Mercedes),45.79452,183.00483,Rainy,0.75
57,5,Hamilton (Mercedes),46.45617,229.46099,Rainy,0.75
57,1,Verstappen (Red Bull),45.66271,45.66271,Rainy,0.75
57,2,Verstappen (Red Bull),44.7226,90.38531,Rainy,0.75
57,3,Verstappen (Red Bull),44.7931,135.17841,Rainy,0.75
57,4,Verstappen (Red Bull),45.46448,180.64289,Rainy,0.75
57,5,Verstappen (Red Bull),44.75053,225.39342,Rainy,0.75
57,1,Norris (McLaren),45.73621,45.73621,Rainy,0.75
57,2,Norris (McLaren),45.77113,91.50734,Rainy,0.75
57,3,Norris (McLaren),45.47316,136.9805,Rainy,0.75
57,4,Norris (McLaren),45.55987,182.54037,Rainy,0.75
57,5,Norris (McLaren),44.96291,227.50328,Rainy,0.75
57,1,Leclerc (Ferrari),45.71453,45.71453,Rainy,0.75
57,2,Leclerc (Ferrari),44.49064,90.20517,Rainy,0.75
57,3,Leclerc (Ferrari),44.31806,134.52322,Rainy,0.75
57,4,Leclerc (Ferrari),44.04618,178.56941,Rainy,0.75
57,5,Leclerc (Ferrari),45.71219,224.28159,Rainy,0.75
57,1,Russell (Williams),44.2495,44.2495,Rainy,0.75
57,2,Russell (Williams),44.98157,89.23106,Rainy,0.75
57,3,Russell (Williams),44.22279,133.45385,Rainy,0.75
57,4,Russell (Williams),45.0182,178.47205,Rainy,0.75
57,5,Russell (Williams),43.87252,222.34458,Rainy,0.75
57,1,Piastri (Alpine),45.1846,45.1846,Rainy,0.75
57,2,Piastri (Alpine),45.41306,90.59766,Rainy,0.75
57,3,Piastri (Alpine),46.72028,137.31794,Rainy,0.75
57,4,Piastri (Alpine),45.66403,182.98197,Rainy,0.75
57,5,Piastri (Alpine),45.18327,228.16524,Rainy,0.75
58,1,Hamilton (Mercedes),47.15026,47.15026,Rainy,0.75
58,2,Hamilton (Mercedes),45.75645,92.90671,Rainy,0.75
58,3,Hamilton (Mercedes),46.4384,139.34511,Rainy,0.75
58,4,Hamilton (Mercedes),46.24099,185.58611,Rainy,0.75
58,5,Hamilton (Mercedes),46.5878,232.17391,Rainy,0.75
58,1,Verstappen (Red Bull),44.67831,44.67831,Rainy,0.75
58,2,Verstappen (Red Bull),45.23368,89.91199,Rainy,0.75
58,3,Verstappen (Red Bull),45.56386,135.47585,Rainy,0.75
58,4,Verstappen (Red Bull),46.22667,181.70252,Rainy,0.75
58,5,Verstappen (Red Bull),46.29736,227.99988,Rainy,0.75
58,1,Norris (McLaren),45.82486,45.82486,Rainy,0.75
58,2,Norris (McLaren),45.72727,91.55214,Rainy,0.75
58,3,Norris (McLaren),46.2125,137.76463,Rainy,0.75
58,4,Norris (McLaren),45.33779,183.10242,Rainy,0.75
58,5,Norris (McLaren),46.03362,229.13604,Rainy,0.75
58,1,Leclerc (Ferrari),45.56854,45.56854,Rainy,0.75
58,2,Leclerc (Ferrari),45.35392,90.92247,Rainy,0.75
58,3,Leclerc (Ferrari),45.12001,136.04248,Rainy,0.75
58,4,Leclerc (Ferrari),44.95802,181.0005,Rainy,0.75
58,5,Leclerc (Ferrari),45.41712,226.41762,Rainy,0.75
58,1,Russell (Williams),44.96956,44.96956,Rainy,0.75
58,2,Russell (Williams),45.20059,90.17015,Rainy,0.75
58,3,Russell (Williams),44.76872,134.93887,Rainy,0.75
58,4,Russell (Williams),46.80046,181.73932,Rainy,0.75
58,5,Russell (Williams),45.47303,227.21235,Rainy,0.75
58,1,Piastri (Alpine),45.03398,45.03398,Rainy,0.75
58,2,Piastri (Alpine),45.78998,90.82396,Rainy,0.75
58,3,Piastri (Alpine),43.49033,134.31428,Rainy,0.75
58,4,Piastri (Alpine),44.9275,179.24178,Rainy,0.75
58,5,Piastri (Alpine),45.9931,225.23488,Rainy,0.75
59,1,Hamilton (Mercedes),46.64617,46.64617,Rainy,0.75
59,2,Hamilton (Mercedes),45.84626,92.49243,Rainy,0.75
59,3,Hamilton (Mercedes),46.58575,139.07818,Rainy,0.75
59,4,Hamilton (Mercedes),45.46614,184.54432,Rainy,0.75
59,5,Hamilton (Mercedes),45.92058,230.46489,Rainy,0.75
59,1,Verstappen (Red Bull),45.06915,45.06915,Rainy,0.75
59,2,Verstappen (Red Bull),46.128,91.19715,Rainy,0.75
59,3,Verstappen (Red Bull),45.52456,136.72171,Rainy,0.75
59,4,Verstappen (Red Bull),44.8443,181.56601,Rainy,0.75
59,5,Verstappen (Red Bull),45.21142,226.77743,Rainy,0.75
59,1,Norris (McLaren),45.80746,45.80746,Rainy,0.75
59,2,Norris (McLaren),46.42425,92.23171,Rainy,0.75
59,3,Norris (McLaren),46.48245,138.71416,Rainy,0.75
59,4,Norris (McLaren),45.67558,184.38974,Rainy,0.75
59,5,Norris (McLaren),46.3259,230.71564,Rainy,0.75
59,1,Leclerc (Ferrari),44.80722,44.80722,Rainy,0.75
59,2,Leclerc (Ferrari),44.77876,89.58597,Rainy,0.75
59,3,Leclerc (Ferrari),44.65702,134.24299,Rainy,0.75
59,4,Leclerc (Ferrari),45.38338,179.62637,Rainy,0.75
59,5,Leclerc (Ferrari),45.37821,225.00458,Rainy,0.75
59,1,Russell (Williams),45.09692,45.09692,Rainy,0.75
59,2,Russell (Williams),44.91311,90.01003,Rainy,0.75
59,3,Russell (Williams),45.03946,135.04949,Rainy,0.75
59,4,Russell (Williams),45.24142,180.2909,Rainy,0.75
59,5,Russell (Williams),43.82429,224.11519,Rainy,0.75
59,1,Piastri (Alpine),44.17303,44.17303,Rainy,0.75
59,2,Piastri (Alpine),44.4715,88.64453,Rainy,0.75
59,3,Piastri (Alpine),45.27924,133.92377,Rainy,0.75
59,4,Piastri (Alpine),46.36946,180.29323,Rainy,0.75
59,5,Piastri (Alpine),44.72242,225.01565,Rainy,0.75
60,1,Hamilton (Mercedes),45.41648,45.41648,Rainy,0.75
60,2,Hamilton (Mercedes),45.9251,91.34158,Rainy,0.75
60,3,Hamilton (Mercedes),47.06812,138.4097,Rainy,0.75
60,4,Hamilton (Mercedes),45.1399,183.54959,Rainy,0.75
60,5,Hamilton (Mercedes),45.10897,228.65856,Rainy,0.75
60,1,Verstappen (Red Bull),44.84065,44.84065,Rainy,0.75
60,2,Verstappen (Red Bull),44.97273,89.81337,Rainy,0.75
60,3,Verstappen (Red Bull),44.77187,134.58525,Rainy,0.75
60,4,Verstappen (Red Bull),44.2319,178.81714,Rainy,0.75
60,5,Verstappen (Red Bull),45.66541,224.48255,Rainy,0.75
60,1,Norris (McLaren),46.99016,46.99016,Rainy,0.75
60,2,Norris (McLaren),45.51421,92.50437,Rainy,0.75
60,3,Norris (McLaren),44.83392,137.33829,Rainy,0.75
60,4,Norris (McLaren),45.2109,182.54919,Rainy,0.75
60,5,Norris (McLaren),45.56693,228.11612,Rainy,0.75
60,1,Leclerc (Ferrari),44.36606,44.36606,Rainy,0.75
60,2,Leclerc (Ferrari),45.15916,89.52522,Rainy,0.75
60,3,Leclerc (Ferrari),45.65357,135.1788,Rainy,0.75
60,4,Leclerc (Ferrari),43.84467,179.02347,Rainy,0.75
60,5,Leclerc (Ferrari),45.2089,224.23237,Rainy,0.75
60,1,Russell (Williams),45.15954,45.15954,Rainy,0.75
60,2,Russell (Williams),44.66331,89.82285,Rainy,0.75
60,3,Russell (Williams),45.78802,135.61087,Rainy,0.75
60,4,Russell (Williams),44.13937,179.75024,Rainy,0.75
60,5,Russell (Williams),44.45192,224.20216,Rainy,0.75
60,1,Piastri (Alpine),45.20428,45.20428,Rainy,0.75
60,2,Piastri (Alpine),44.51913,89.72341,Rainy,0.75
60,3,Piastri (Alpine),45.70363,135.42704,Rainy,0.75
60,4,Piastri (Alpine),45.31718,180.74422,Rainy,0.75
60,5,Piastri (Alpine),44.83116,225.57538,Rainy,0.75
61,1,Hamilton (Mercedes),45.89438,45.89438,Rainy,0.75
61,2,Hamilton (Mercedes),45.36125,91.25562,Rainy,0.75
61,3,Hamilton (Mercedes),46.95839,138.21402,Rainy,0.75
61,4,Hamilton (Mercedes),46.5435,184.75752,Rainy,0.75
61,5,Hamilton (Mercedes),46.36654,231.12406,Rainy,0.75
61,1,Verstappen (Red Bull),45.34098,45.34098,Rainy,0.75
61,2,Verstappen (Red Bull),45.22393,90.5649,Rainy,0.75
61,3,Verstappen (Red Bull),44.78917,135.35408,Rainy,0.75
61,4,Verstappen (Red Bull),45.49612,180.8502,Rainy,0.75
61,5,Verstappen (Red Bull),44.64192,225.49212,Rainy,0.75
61,1,Norris (McLaren),45.56283,45.56283,Rainy,0.75
61,2,Norris (McLaren),44.2589,89.82173,Rainy,0.75
61,3,Norris (McLaren),44.51701,134.33874,Rainy,0.75
61,4,Norris (McLaren),45.12665,179.46539,Rainy,0.75
61,5,Norris (McLaren),45.36726,224.83265,Rainy,0.75
61,1,Leclerc (Ferrari),45.11364,45.11364,Rainy,0.75
61,2,Leclerc (Ferrari),44.80625,89.91988,Rainy,0.75
61,3,Leclerc (Ferrari),44.69715,134.61704,Rainy,0.75
61,4,Leclerc (Ferrari),45.49819,180.11523,Rainy,0.75
61,5,Leclerc (Ferrari),45.29863,225.41385,Rainy,0.75
61,1,Russell (Williams),45.28448,45.28448,Rainy,0.75
61,2,Russell (Williams),45.52358,90.80807,Rainy,0.75
61,3,Russell (Williams),45.57128,136.37935,Rainy,0.75
61,4,Russell (Williams),45.43902,181.81837,Rainy,0.75
61,5,Russell (Williams),45.57034,227.38871,Rainy,0.75
61,1,Piastri (Alpine),45.86618,45.86618,Rainy,0.75
61,2,Piastri (Alpine),46.06006,91.92624,Rainy,0.75
61,3,Piastri (Alpine),44.72282,136.64906,Rainy,0.75
61,4,Piastri (Alpine),44.92202,181.57108,Rainy,0.75
61,5,Piastri (Alpine),46.16024,227.73132,Rainy,0.75
62,1,Hamilton (Mercedes),45.56496,45.56496,Rainy,0.75
62,2,Hamilton (Mercedes),45.16328,90.72824,Rainy,0.75
62,3,Hamilton (Mercedes),45.70057,136.42882,Rainy,0.75
62,4,Hamilton (Mercedes),45.05723,181.48605,Rainy,0.75
62,5,Hamilton (Mercedes),45.67928,227.16533,Rainy,0.75
62,1,Verstappen (Red Bull),44.68026,44.68026,Rainy,0.75
62,2,Verstappen (Red Bull),45.90203,90.58229,Rainy,0.75
62,3,Verstappen (Red Bull),45.64933,136.23162,Rainy,0.75
62,4,Verstappen (Red Bull),44.78204,181.01366,Rainy,0.75
62,5,Verstappen (Red Bull),46.39688,227.41054,Rainy,0.75
62,1,Norris (McLaren),46.61273,46.61273,Rainy,0.75
62,2,Norris (McLaren),44.5038,91.11653,Rainy,0.75
62,3,Norris (McLaren),46.69571,137.81224,Rainy,0.75
62,4,Norris (McLaren),44.75186,182.56409,Rainy,0.75
62,5,Norris (McLaren),45.0631,227.62719,Rainy,0.75
62,1,Leclerc (Ferrari),45.37711,45.37711,Rainy,0.75
62,2,Leclerc (Ferrari),44.7368,90.11391,Rainy,0.75
62,3,Leclerc (Ferrari),44.20957,134.32347,Rainy,0.75
62,4,Leclerc (Ferrari),45.74923,180.07271,Rainy,0.75
62,5,Leclerc (Ferrari),44.97048,225.04318,Rainy,0.75
62,1,Russell (Williams),45.88701,45.88701,Rainy,0.75
62,2,Russell (Williams),44.45539,90.3424,Rainy,0.75
62,3,Russell (Williams),45.07597,135.41837,Rainy,0.75
62,4,Russell (Williams),45.29686,180.71523,Rainy,0.75
62,5,Russell (Williams),45.85127,226.5665,Rainy,0.75
62,1,Piastri (Alpine),46.37078,46.37078,Rainy,0.75
62,2,Piastri (Alpine),45.02949,91.40028,Rainy,0.75
62,3,Piastri (Alpine),46.07364,137.47392,Rainy,0.75
62,4,Piastri (Alpine),44.9121,182.38603,Rainy,0.75
62,5,Piastri (Alpine),45.50722,227.89324,Rainy,0.75
63,1,Hamilton (Mercedes),46.59888,46.59888,Rainy,0.75
63,2,Hamilton (Mercedes),46.88192,93.4808,Rainy,0.75
63,3,Hamilton (Mercedes),45.40709,138.88789,Rainy,0.75
63,4,Hamilton (Mercedes),45.48172,184.3696,Rainy,0.75
63,5,Hamilton (Mercedes),45.81547,230.18507,Rainy,0.75
63,1,Verstappen (Red Bull),45.89905,45.89905,Rainy,0.75
63,2,Verstappen (Red Bull),44.88005,90.7791,Rainy,0.75
63,3,Verstappen (Red Bull),45.31461,136.09371,Rainy,0.75
63,4,Verstappen (Red Bull),44.68897,180.78268,Rainy,0.75
63,5,Verstappen (Red Bull),46.01303,226.79571,Rainy,0.75
63,1,Norris (McLaren),44.95806,44.95806,Rainy,0.75
63,2,Norris (McLaren),45.00846,89.96652,Rainy,0.75
63,3,Norris (McLaren),46.26154,136.22805,Rainy,0.75
63,4,Norris (McLaren),45.29632,181.52437,Rainy,0.75
63,5,Norris (McLaren),46.92374,228.44811,Rainy,0.75
63,1,Leclerc (Ferrari),44.98691,44.98691,Rainy,0.75
63,2,Leclerc (Ferrari),44.25654,89.24345,Rainy,0.75
63,3,Leclerc (Ferrari),45.38045,134.6239,Rainy,0.75
63,4,Leclerc (Ferrari),45.46872,180.09262,Rainy,0.75
63,5,Leclerc (Ferrari),43.69434,223.78696,Rainy,0.75
63,1,Russell (Williams),44.78828,44.78828,Rainy,0.75
63,2,Russell (Williams),44.78203,89.57031,Rainy,0.75
63,3,Russell (Williams),45.5981,135.16841,Rainy,0.75
63,4,Russell (Williams),45.75194,180.92035,Rainy,0.75
63,5,Russell (Williams),45.04297,225.96333,Rainy,0.75
63,1,Piastri (Alpine),45.61942,45.61942,Rainy,0.75
63,2,Piastri (Alpine),45.55834,91.17776,Rainy,0.75
63,3,Piastri (Alpine),47.79713,138.97489,Rainy,0.75
63,4,Piastri (Alpine),45.43849,184.41338,Rainy,0.75
63,5,Piastri (Alpine),45.66866,230.08203,Rainy,0.75
64,1,Hamilton (Mercedes),45.21222,45.21222,Rainy,0.75
64,2,Hamilton (Mercedes),46.73818,91.95039,Rainy,0.75
64,3,Hamilton (Mercedes),45.52863,137.47902,Rainy,0.75
64,4,Hamilton (Mercedes),45.3767,182.85573,Rainy,0.75
64,5,Hamilton (Mercedes),45.59243,228.44815,Rainy,0.75
64,1,Verstappen (Red Bull),45.45692,45.45692,Rainy,0.75
64,2,Verstappen (Red Bull),45.62322,91.08014,Rainy,0.75
64,3,Verstappen (Red Bull),45.21224,136.29238,Rainy,0.75
64,4,Verstappen (Red Bull),45.34103,181.63341,Rainy,0.75
64,5,Verstappen (Red Bull),44.95774,226.59115,Rainy,0.75
64,1,Norris (McLaren),44.7371,44.7371,Rainy,0.75
64,2,Norris (McLaren),44.47084,89.20794,Rainy,0.75
64,3,Norris (McLaren),44.97784,134.18578,Rainy,0.75
64,4,Norris (McLaren),45.90649,180.09228,Rainy,0.75
64,5,Norris (McLaren),44.7403,224.83257,Rainy,0.75
64,1,Leclerc (Ferrari),44.57566,44.57566,Rainy,0.75
64,2,Leclerc (Ferrari),44.55649,89.13215,Rainy,0.75
64,3,Leclerc (Ferrari),44.09552,133.22767,Rainy,0.75
64,4,Leclerc (Ferrari),44.97205,178.19972,Rainy,0.75
64,5,Leclerc (Ferrari),45.08491,223.28463,Rainy,0.75
64,1,Russell (Williams),44.92716,44.92716,Rainy,0.75
64,2,Russell (Williams),46.25693,91.18409,Rainy,0.75
64,3,Russell (Williams),44.71895,135.90304,Rainy,0.75
64,4,Russell (Williams),44.60399,180.50704,Rainy,0.75
64,5,Russell (Williams),44.53828,225.04531,Rainy,0.75
64,1,Piastri (Alpine),45.0239,45.0239,Rainy,0.75
64,2,Piastri (Alpine),44.52391,89.54782,Rainy,0.75
64,3,Piastri (Alpine),45.82314,135.37095,Rainy,0.75
64,4,Piastri (Alpine),45.25585,180.62681,Rainy,0.75
64,5,Piastri (Alpine),45.9262,226.55301,Rainy,0.75
65,1,Hamilton (Mercedes),46.65548,46.65548,Rainy,0.75
65,2,Hamilton (Mercedes),45.36696,92.02243,Rainy,0.75
65,3,Hamilton (Mercedes),45.57275,137.59518,Rainy,0.75
65,4,Hamilton (Mercedes),45.76707,183.36225,Rainy,0.75
65,5,Hamilton (Mercedes),46.12383,229.48609,Rainy,0.75
65,1,Verstappen (Red Bull),46.23836,46.23836,Rainy,0.75
65,2,Verstappen (Red Bull),45.94603,92.18439,Rainy,0.75
65,3,Verstappen (Red Bull),45.88009,138.06448,Rainy,0.75
65,4,Verstappen (Red Bull),45.38135,183.44583,Rainy,0.75
65,5,Verstappen (Red Bull),44.74458,228.19041,Rainy,0.75
65,1,Norris (McLaren),46.09667,46.09667,Rainy,0.75
65,2,Norris (McLaren),46.00765,92.10432,Rainy,0.75
65,3,Norris (McLaren),46.23695,138.34127,Rainy,0.75
65,4,Norris (McLaren),46.54876,184.89003,Rainy,0.75
65,5,Norris (McLaren),45.16884,230.05887,Rainy,0.75
65,1,Leclerc (Ferrari),44.58554,44.58554,Rainy,0.75
65,2,Leclerc (Ferrari),45.64821,90.23375,Rainy,0.75
65,3,Leclerc (Ferrari),45.01858,135.25233,Rainy,0.75
65,4,Leclerc (Ferrari),45.58943,180.84176,Rainy,0.75
65,5,Leclerc (Ferrari),45.00765,225.84941,Rainy,0.75
65,1,Russell (Williams),45.5222,45.5222,Rainy,0.75
65,2,Russell (Williams),45.51662,91.03883,Rainy,0.75
65,3,Russell (Williams),46.35886,137.39768,Rainy,0.75
65,4,Russell (Williams),45.35039,182.74807,Rainy,0.75
65,5,Russell (Williams),45.36639,228.11447,Rainy,0.75
65,1,Piastri (Alpine),44.58173,44.58173,Rainy,0.75
65,2,Piastri (Alpine),44.59797,89.1797,Rainy,0.75
65,3,Piastri (Alpine),46.64485,135.82455,Rainy,0.75
65,4,Piastri (Alpine),44.73118,180.55573,Rainy,0.75
65,5,Piastri (Alpine),45.91023,226.46597,Rainy,0.75
66,1,Hamilton (Mercedes),45.97148,45.97148,Rainy,0.75
66,2,Hamilton (Mercedes),46.24849,92.21997,Rainy,0.75
66,3,Hamilton (Mercedes),46.52491,138.74488,Rainy,0.75
66,4,Hamilton (Mercedes),46.46899,185.21387,Rainy,0.75
66,5,Hamilton (Mercedes),46.70671,231.92058,Rainy,0.75
66,1,Verstappen (Red Bull),45.09015,45.09015,Rainy,0.75
66,2,Verstappen (Red Bull),45.49654,90.58669,Rainy,0.75
66,3,Verstappen (Red Bull),45.01965,135.60634,Rainy,0.75
66,4,Verstappen (Red Bull),46.23439,181.84073,Rainy,0.75
66,5,Verstappen (Red Bull),46.15096,227.9917,Rainy,0.75
66,1,Norris (McLaren),46.01827,46.01827,Rainy,0.75
66,2,Norris (McLaren),45.66412,91.68239,Rainy,0.75
66,3,Norris (McLaren),45.97583,137.65822,Rainy,0.75
66,4,Norris (McLaren),45.57943,183.23764,Rainy,0.75
66,5,Norris (McLaren),46.31845,229.55609,Rainy,0.75
66,1,Leclerc (Ferrari),44.32982,44.32982,Rainy,0.75
66,2,Leclerc (Ferrari),44.15086,88.48068,Rainy,0.75
66,3,Leclerc (Ferrari),45.18342,133.66411,Rainy,0.75
66,4,Leclerc (Ferrari),45.03631,178.70041,Rainy,0.75
66,5,Leclerc (Ferrari),44.9971,223.69751,Rainy,0.75
66,1,Russell (Williams),45.73251,45.73251,Rainy,0.75
66,2,Russell (Williams),45.8145,91.54701,Rainy,0.75
66,3,Russell (Williams),44.70687,136.25388,Rainy,0.75
66,4,Russell (Williams),45.02309,181.27697,Rainy,0.75
66,5,Russell (Williams),45.53772,226.81469,Rainy,0.75
66,1,Piastri (Alpine),45.29693,45.29693,Rainy,0.75
66,2,Piastri (Alpine),45.56066,90.85759,Rainy,0.75
66,3,Piastri (Alpine),44.59232,135.44991,Rainy,0.75
66,4,Piastri (Alpine),44.64857,180.09848,Rainy,0.75
66,5,Piastri (Alpine),45.53718,225.63566,Rainy,0.75
67,1,Hamilton (Mercedes),45.92853,45.92853,Rainy,0.75
67,2,Hamilton (Mercedes),45.63906,91.56759,Rainy,0.75
67,3,Hamilton (Mercedes),46.2425,137.81009,Rainy,0.75
67,4,Hamilton (Mercedes),45.99273,183.80282,Rainy,0.75
67,5,Hamilton (Mercedes),46.06263,229.86545,Rainy,0.75
67,1,Verstappen (Red Bull),45.13334,45.13334,Rainy,0.75
67,2,Verstappen (Red Bull),44.8851,90.01844,Rainy,0.75
67,3,Verstappen (Red Bull),45.50632,135.52477,Rainy,0.75
67,4,Verstappen (Red Bull),44.13692,179.66168,Rainy,0.75
67,5,Verstappen (Red Bull),44.66226,224.32394,Rainy,0.75
67,1,Norris (McLaren),45.92272,45.92272,Rainy,0.75
67,2,Norris (McLaren),45.46845,91.39118,Rainy,0.75
67,3,Norris (McLaren),45.29375,136.68493,Rainy,0.75
67,4,Norris (McLaren),46.95069,183.63563,Rainy,0.75
67,5,Norris (McLaren),45.25395,228.88958,Rainy,0.75
67,1,Leclerc (Ferrari),45.09927,45.09927,Rainy,0.75
67,2,Leclerc (Ferrari),46.23493,91.33419,Rainy,0.75
67,3,Leclerc (Ferrari),44.14515,135.47934,Rainy,0.75
67,4,Leclerc (Ferrari),44.95333,180.43267,Rainy,0.75
67,5,Leclerc (Ferrari),45.59633,226.029,Rainy,0.75
67,1,Russell (Williams),45.43669,45.43669,Rainy,0.75
67,2,Russell (Williams),44.20084,89.63753,Rainy,0.75
67,3,Russell (Williams),45.23801,134.87554,Rainy,0.75
67,4,Russell (Williams),44.78112,179.65666,Rainy,0.75
67,5,Russell (Williams),46.1509,225.80756,Rainy,0.75
67,1,Piastri (Alpine),45.77578,45.77578,Rainy,0.75
67,2,Piastri (Alpine),45.38642,91.1622,Rainy,0.75
67,3,Piastri (Alpine),45.98883,137.15103,Rainy,0.75
67,4,Piastri (Alpine),45.4296,182.58064,Rainy,0.75
67,5,Piastri (Alpine),45.781,228.36163,Rainy,0.75
68,1,Hamilton (Mercedes),46.75167,46.75167,Rainy,0.75
68,2,Hamilton (Mercedes),46.32068,93.07235,Rainy,0.75
68,3,Hamilton (Mercedes),45.46372,138.53606,Rainy,0.75
68,4,Hamilton (Mercedes),45.97293,184.50899,Rainy,0.75
68,5,Hamilton (Mercedes),46.00007,230.50907,Rainy,0.75
68,1,Verstappen (Red Bull),45.81276,45.81276,Rainy,0.75
68,2,Verstappen (Red Bull),44.70428,90.51704,Rainy,0.75
68,3,Verstappen (Red Bull),45.35547,135.8725,Rainy,0.75
68,4,Verstappen (Red Bull),44.9747,180.84721,Rainy,0.75
68,5,Verstappen (Red Bull),46.29384,227.14105,Rainy,0.75
68,1,Norris (McLaren),45.08406,45.08406,Rainy,0.75
68,2,Norris (McLaren),44.56116,89.64521,Rainy,0.75
68,3,Norris (McLaren),44.40673,134.05195,Rainy,0.75
68,4,Norris (McLaren),45.13495,179.1869,Rainy,0.75
68,5,Norris (McLaren),44.63684,223.82374,Rainy,0.75
68,1,Leclerc (Ferrari),44.81786,44.81786,Rainy,0.75
68,2,Leclerc (Ferrari),43.34059,88.15845,Rainy,0.75
68,3,Leclerc (Ferrari),45.34447,133.50292,Rainy,0.75
68,4,Leclerc (Ferrari),45.30016,178.80308,Rainy,0.75
68,5,Leclerc (Ferrari),45.2838,224.08688,Rainy,0.75
68,1,Russell (Williams),44.11209,44.11209,Rainy,0.75
68,2,Russell (Williams),46.05282,90.16491,Rainy,0.75
68,3,Russell (Williams),44.98684,135.15175,Rainy,0.75
68,4,Russell (Williams),45.67744,180.82919,Rainy,0.75
68,5,Russell (Williams),44.97845,225.80763,Rainy,0.75
68,1,Piastri (Alpine),43.96795,43.96795,Rainy,0.75
68,2,Piastri (Alpine),46.96179,90.92974,Rainy,0.75
68,3,Piastri (Alpine),45.81359,136.74333,Rainy,0.75
68,4,Piastri (Alpine),45.05694,181.80026,Rainy,0.75
68,5,Piastri (Alpine),44.97926,226.77952,Rainy,0.75
69,1,Hamilton (Mercedes),44.93675,44.93675,Rainy,0.75
69,2,Hamilton (Mercedes),46.13744,91.07419,Rainy,0.75
69,3,Hamilton (Mercedes),46.08962,137.16382,Rainy,0.75
69,4,Hamilton (Mercedes),45.91954,183.08335,Rainy,0.75
69,5,Hamilton (Mercedes),46.81267,229.89602,Rainy,0.75
69,1,Verstappen (Red Bull),45.33347,45.33347,Rainy,0.75
69,2,Verstappen (Red Bull),45.44731,90.78078,Rainy,0.75
69,3,Verstappen (Red Bull),45.09668,135.87746,Rainy,0.75
69,4,Verstappen (Red Bull),45.62663,181.50409,Rainy,0.75
69,5,Verstappen (Red Bull),45.47528,226.97937,Rainy,0.75
69,1,Norris (McLaren),43.77709,43.77709,Rainy,0.75
69,2,Norris (McLaren),43.47412,87.25122,Rainy,0.75
69,3,Norris (McLaren),44.73643,131.98765,Rainy,0.75
69,4,Norris (McLaren),43.7707,175.75835,Rainy,0.75
69,5,Norris (McLaren),44.61698,220.37534,Rainy,0.75
69,1,Leclerc (Ferrari),45.72675,45.72675,Rainy,0.75
69,2,Leclerc (Ferrari),45.58407,91.31081,Rainy,0.75
69,3,Leclerc (Ferrari),45.22091,136.53172,Rainy,0.75
69,4,Leclerc (Ferrari),45.34789,181.87961,Rainy,0.75
69,5,Leclerc (Ferrari),45.06266,226.94227,Rainy,0.75
69,1,Russell (Williams),44.69636,44.69636,Rainy,0.75
69,2,Russell (Williams),46.41757,91.11392,Rainy,0.75
69,3,Russell (Williams),44.86557,135.97949,Rainy,0.75
69,4,Russell (Williams),45.47019,181.44969,Rainy,0.75
69,5,Russell (Williams),44.78156,226.23124,Rainy,0.75
69,1,Piastri (Alpine),46.48584,46.48584,Rainy,0.75
69,2,Piastri (Alpine),45.78438,92.27022,Rainy,0.75
69,3,Piastri (Alpine),45.69443,137.96465,Rainy,0.75
69,4,Piastri (Alpine),44.96752,182.93217,Rainy,0.75
69,5,Piastri (Alpine),44.87068,227.80285,Rainy,0.75
70,1,Hamilton (Mercedes),44.8411,44.8411,Rainy,0.75
70,2,Hamilton (Mercedes),46.14599,90.98709,Rainy,0.75
70,3,Hamilton (Mercedes),46.44253,137.42963,Rainy,0.75
70,4,Hamilton (Mercedes),45.6736,183.10323,Rainy,0.75
70,5,Hamilton (Mercedes),46.04414,229.14736,Rainy,0.75
70,1,Verstappen (Red Bull),44.99847,44.99847,Rainy,0.75
70,2,Verstappen (Red Bull),45.61152,90.60999,Rainy,0.75
70,3,Verstappen (Red Bull),44.63467,135.24465,Rainy,0.75
70,4,Verstappen (Red Bull),44.17796,179.42261,Rainy,0.75
70,5,Verstappen (Red Bull),46.20567,225.62829,Rainy,0.75
70,1,Norris (McLaren),44.78806,44.78806,Rainy,0.75
70,2,Norris (McLaren),45.15704,89.9451,Rainy,0.75
70,3,Norris (McLaren),45.94579,135.89089,Rainy,0.75
70,4,Norris (McLaren),45.13066,181.02155,Rainy,0.75
70,5,Norris (McLaren),46.33013,227.35168,Rainy,0.75
70,1,Leclerc (Ferrari),45.89416,45.89416,Rainy,0.75
70,2,Leclerc (Ferrari),44.50156,90.39572,Rainy,0.75
70,3,Leclerc (Ferrari),45.35046,135.74618,Rainy,0.75
70,4,Leclerc (Ferrari),44.69382,180.44,Rainy,0.75
70,5,Leclerc (Ferrari),44.83278,225.27278,Rainy,0.75
70,1,Russell (Williams),45.50801,45.50801,Rainy,0.75
70,2,Russell (Williams),45.13545,90.64346,Rainy,0.75
70,3,Russell (Williams),45.01864,135.6621,Rainy,0.75
70,4,Russell (Williams),44.2382,179.90031,Rainy,0.75
70,5,Russell (Williams),46.63079,226.5311,Rainy,0.75
70,1,Piastri (Alpine),43.56767,43.56767,Rainy,0.75
70,2,Piastri (Alpine),44.68078,88.24844,Rainy,0.75
70,3,Piastri (Alpine),46.69492,134.94336,Rainy,0.75
70,4,Piastri (Alpine),46.15104,181.0944,Rainy,0.75
70,5,Piastri (Alpine),45.62647,226.72088,Rainy,0.75
71,1,Hamilton (Mercedes),46.1911,46.1911,Rainy,0.75
71,2,Hamilton (Mercedes),47.38926,93.58036,Rainy,0.75
71,3,Hamilton (Mercedes),45.99329,139.57365,Rainy,0.75
71,4,Hamilton (Mercedes),46.46378,186.03743,Rainy,0.75
71,5,Hamilton (Mercedes),46.47442,232.51185,Rainy,0.75
71,1,Verstappen (Red Bull),44.83369,44.83369,Rainy,0.75
71,2,Verstappen (Red Bull),44.93207,89.76576,Rainy,0.75
71,3,Verstappen (Red Bull),44.49929,134.26506,Rainy,0.75
71,4,Verstappen (Red Bull),44.84469,179.10974,Rainy,0.75
71,5,Verstappen (Red Bull),43.80146,222.9112,Rainy,0.75
71,1,Norris (McLaren),46.3592,46.3592,Rainy,0.75
71,2,Norris (McLaren),45.43395,91.79315,Rainy,0.75
71,3,Norris (McLaren),45.00386,136.79702,Rainy,0.75
71,4,Norris (McLaren),46.23545,183.03246,Rainy,0.75
71,5,Norris (McLaren),44.69757,227.73004,Rainy,0.75
71,1,Leclerc (Ferrari),45.5771,45.5771,Rainy,0.75
71,2,Leclerc (Ferrari),45.30696,90.88405,Rainy,0.75
71,3,Leclerc (Ferrari),45.33523,136.21928,Rainy,0.75
71,4,Leclerc (Ferrari),45.24449,181.46377,Rainy,0.75
71,5,Leclerc (Ferrari),45.53119,226.99496,Rainy,0.75
71,1,Russell (Williams),45.49614,45.49614,Rainy,0.75
71,2,Russell (Williams),44.62896,90.12511,Rainy,0.75
71,3,Russell (Williams),44.47177,134.59688,Rainy,0.75
71,4,Russell (Williams),44.08075,178.67763,Rainy,0.75
71,5,Russell (Williams),45.78858,224.46621,Rainy,0.75
71,1,Piastri (Alpine),44.16599,44.16599,Rainy,0.75
71,2,Piastri (Alpine),45.37056,89.53656,Rainy,0.75
71,3,Piastri (Alpine),45.44452,134.98108,Rainy,0.75
71,4,Piastri (Alpine),44.67046,179.65154,Rainy,0.75
71,5,Piastri (Alpine),45.63256,225.2841,Rainy,0.75
72,1,Hamilton (Mercedes),46.21477,46.21477,Rainy,0.75
72,2,Hamilton (Mercedes),45.8629,92.07768,Rainy,0.75
72,3,Hamilton (Mercedes),46.65969,138.73737,Rainy,0.75
72,4,Hamilton (Mercedes),46.71996,185.45733,Rainy,0.75
72,5,Hamilton (Mercedes),47.32284,232.78017,Rainy,0.75
72,1,Verstappen (Red Bull),44.67084,44.67084,Rainy,0.75
72,2,Verstappen (Red Bull),45.28199,89.95283,Rainy,0.75
72,3,Verstappen (Red Bull),46.09783,136.05066,Rainy,0.75
72,4,Verstappen (Red Bull),45.08681,181.13747,Rainy,0.75
72,5,Verstappen (Red Bull),44.32784,225.46531,Rainy,0.75
72,1,Norris (McLaren),45.10705,45.10705,Rainy,0.75
72,2,Norris (McLaren),45.74684,90.85389,Rainy,0.75
72,3,Norris (McLaren),45.33265,136.18654,Rainy,0.75
72,4,Norris (McLaren),44.50149,180.68803,Rainy,0.75
72,5,Norris (McLaren),45.67837,226.3664,Rainy,0.75
72,1,Leclerc (Ferrari),44.32198,44.32198,Rainy,0.75
72,2,Leclerc (Ferrari),45.40478,89.72676,Rainy,0.75
72,3,Leclerc (Ferrari),44.83496,134.56172,Rainy,0.75
72,4,Leclerc (Ferrari),44.17466,178.73638,Rainy,0.75
72,5,Leclerc (Ferrari),45.10534,223.84171,Rainy,0.75
72,1,Russell (Williams),45.27183,45.27183,Rainy,0.75
72,2,Russell (Williams),43.07717,88.349,Rainy,0.75
72,3,Russell (Williams),44.8997,133.2487,Rainy,0.75
72,4,Russell (Williams),45.88704,179.13575,Rainy,0.75
72,5,Russell (Williams),45.69544,224.83119,Rainy,0.75
72,1,Piastri (Alpine),44.62547,44.62547,Rainy,0.75
72,2,Piastri (Alpine),44.9117,89.53717,Rainy,0.75
72,3,Piastri (Alpine),45.78607,135.32324,Rainy,0.75
72,4,Piastri (Alpine),46.49769,181.82093,Rainy,0.75
72,5,Piastri (Alpine),46.6231,228.44403,Rainy,0.75
73,1,Hamilton (Mercedes),45.97168,45.97168,Rainy,0.75
73,2,Hamilton (Mercedes),45.96816,91.93985,Rainy,0.75
73,3,Hamilton (Mercedes),45.5342,137.47405,Rainy,0.75
73,4,Hamilton (Mercedes),46.458,183.93205,Rainy,0.75
73,5,Hamilton (Mercedes),45.92308,229.85514,Rainy,0.75
73,1,Verstappen (Red Bull),46.15949,46.15949,Rainy,0.75
73,2,Verstappen (Red Bull),44.56915,90.72863,Rainy,0.75
73,3,Verstappen (Red Bull),44.98327,135.7119,Rainy,0.75
73,4,Verstappen (Red Bull),45.10241,180.81432,Rainy,0.75
73,5,Verstappen (Red Bull),46.07707,226.89139,Rainy,0.75
73,1,Norris (McLaren),46.81865,46.81865,Rainy,0.75
73,2,Norris (McLaren),46.06791,92.88656,Rainy,0.75
73,3,Norris (McLaren),45.15659,138.04314,Rainy,0.75
73,4,Norris (McLaren),45.92123,183.96437,Rainy,0.75
73,5,Norris (McLaren),44.45829,228.42266,Rainy,0.75
73,1,Leclerc (Ferrari),45.34679,45.34679,Rainy,0.75
73,2,Leclerc (Ferrari),46.07369,91.42049,Rainy,0.75
73,3,Leclerc (Ferrari),44.99064,136.41113,Rainy,0.75
73,4,Leclerc (Ferrari),44.82143,181.23256,Rainy,0.75
73,5,Leclerc (Ferrari),45.38432,226.61687,Rainy,0.75
73,1,Russell (Williams),43.71088,43.71088,Rainy,0.75
73,2,Russell (Williams),45.06228,88.77315,Rainy,0.75
73,3,Russell (Williams),44.77938,133.55253,Rainy,0.75
73,4,Russell (Williams),43.89202,177.44455,Rainy,0.75
73,5,Russell (Williams),45.06123,222.50578,Rainy,0.75
73,1,Piastri (Alpine),44.36239,44.36239,Rainy,0.75
73,2,Piastri (Alpine),46.84105,91.20344,Rainy,0.75
73,3,Piastri (Alpine),44.35687,135.56031,Rainy,0.75
73,4,Piastri (Alpine),45.51889,181.0792,Rainy,0.75
73,5,Piastri (Alpine),45.76585,226.84505,Rainy,0.75
74,1,Hamilton (Mercedes),46.10948,46.10948,Rainy,0.75
74,2,Hamilton (Mercedes),46.17714,92.28662,Rainy,0.75
74,3,Hamilton (Mercedes),46.81968,139.1063,Rainy,0.75
74,4,Hamilton (Mercedes),46.6373,185.7436,Rainy,0.75
74,5,Hamilton (Mercedes),45.6716,231.4152,Rainy,0.75
74,1,Verstappen (Red Bull),45.86573,45.86573,Rainy,0.75
74,2,Verstappen (Red Bull),44.85227,90.718,Rainy,0.75
74,3,Verstappen (Red Bull),44.76657,135.48457,Rainy,0.75
74,4,Verstappen (Red Bull),44.71173,180.1963,Rainy,0.75
74,5,Verstappen (Red Bull),45.14013,225.33643,Rainy,0.75
74,1,Norris (McLaren),46.38614,46.38614,Rainy,0.75
74,2,Norris (McLaren),45.2019,91.58805,Rainy,0.75
74,3,Norris (McLaren),44.9151,136.50315,Rainy,0.75
74,4,Norris (McLaren),45.42851,181.93166,Rainy,0.75
74,5,Norris (McLaren),44.47363,226.4053,Rainy,0.75
74,1,Leclerc (Ferrari),45.68082,45.68082,Rainy,0.75
74,2,Leclerc (Ferrari),45.88804,91.56886,Rainy,0.75
74,3,Leclerc (Ferrari),45.04518,136.61403,Rainy,0.75
74,4,Leclerc (Ferrari),45.91167,182.5257,Rainy,0.75
74,5,Leclerc (Ferrari),46.36191,228.88761,Rainy,0.75
74,1,Russell (Williams),45.48027,45.48027,Rainy,0.75
74,2,Russell (Williams),44.8555,90.33577,Rainy,0.75
74,3,Russell (Williams),45.57152,135.90729,Rainy,0.75
74,4,Russell (Williams),46.41236,182.31965,Rainy,0.75
74,5,Russell (Williams),45.12358,227.44323,Rainy,0.75
74,1,Piastri (Alpine),47.09819,47.09819,Rainy,0.75
74,2,Piastri (Alpine),44.3056,91.40379,Rainy,0.75
74,3,Piastri (Alpine),44.60855,136.01234,Rainy,0.75
74,4,Piastri (Alpine),46.09544,182.10778,Rainy,0.75
74,5,Piastri (Alpine),44.09467,226.20245,Rainy,0.75
75,1,Hamilton (Mercedes),45.69834,45.69834,Rainy,0.75
75,2,Hamilton (Mercedes),46.02235,91.7207,Rainy,0.75
75,3,Hamilton (Mercedes),45.91405,137.63475,Rainy,0.75
75,4,Hamilton (Mercedes),45.84682,183.48157,Rainy,0.75
75,5,Hamilton (Mercedes),46.01876,229.50034,Rainy,0.75
75,1,Verstappen (Red Bull),44.7297,44.7297,Rainy,0.75
75,2,Verstappen (Red Bull),46.08759,90.81729,Rainy,0.75
75,3,Verstappen (Red Bull),46.0539,136.87119,Rainy,0.75
75,4,Verstappen (Red Bull),46.33286,183.20404,Rainy,0.75
75,5,Verstappen (Red Bull),44.69356,227.89761,Rainy,0.75
75,1,Norris (McLaren),45.12979,45.12979,Rainy,0.75
75,2,Norris (McLaren),45.96875,91.09854,Rainy,0.75
75,3,Norris (McLaren),46.4969,137.59544,Rainy,0.75
75,4,Norris (McLaren),45.44875,183.04419,Rainy,0.75
75,5,Norris (McLaren),45.53983,228.58403,Rainy,0.75
75,1,Leclerc (Ferrari),44.77808,44.77808,Rainy,0.75
75,2,Leclerc (Ferrari),43.74394,88.52202,Rainy,0.75
75,3,Leclerc (Ferrari),44.36554,132.88756,Rainy,0.75
75,4,Leclerc (Ferrari),44.78784,177.67539,Rainy,0.75
75,5,Leclerc (Ferrari),45.18988,222.86527,Rainy,0.75
75,1,Russell (Williams),46.61322,46.61322,Rainy,0.75
75,2,Russell (Williams),45.45216,92.06538,Rainy,0.75
75,3,Russell (Williams),46.3387,138.40408,Rainy,0.75
75,4,Russell (Williams),45.54198,183.94606,Rainy,0.75
75,5,Russell (Williams),46.38657,230.33263,Rainy,0.75
75,1,Piastri (Alpine),46.32584,46.32584,Rainy,0.75
75,2,Piastri (Alpine),45.17502,91.50086,Rainy,0.75
75,3,Piastri (Alpine),44.93312,136.43398,Rainy,0.75
75,4,Piastri (Alpine),44.63019,181.06417,Rainy,0.75
75,5,Piastri (Alpine),45.46412,226.52829,Rainy,0.75
76,1,Hamilton (Mercedes),46.19936,46.19936,Rainy,0.75
76,2,Hamilton (Mercedes),45.33919,91.53855,Rainy,0.75
76,3,Hamilton (Mercedes),45.89996,137.43851,Rainy,0.75
76,4,Hamilton (Mercedes),46.0876,183.52611,Rainy,0.75
76,5,Hamilton (Mercedes),46.25476,229.78087,Rainy,0.75
76,1,Verstappen (Red Bull),44.6863,44.6863,Rainy,0.75
76,2,Verstappen (Red Bull),45.74872,90.43502,Rainy,0.75
76,3,Verstappen (Red Bull),44.93306,135.36808,Rainy,0.75
76,4,Verstappen (Red Bull),46.17249,181.54057,Rainy,0.75
76,5,Verstappen (Red Bull),45.59715,227.13772,Rainy,0.75
76,1,Norris (McLaren),45.87518,45.87518,Rainy,0.75
76,2,Norris (McLaren),45.11123,90.98641,Rainy,0.75
76,3,Norris (McLaren),45.34122,136.32763,Rainy,0.75
76,4,Norris (McLaren),45.81737,182.145,Rainy,0.75
76,5,Norris (McLaren),45.6453,227.7903,Rainy,0.75
76,1,Leclerc (Ferrari),45.25337,45.25337,Rainy,0.75
76,2,Leclerc (Ferrari),45.41496,90.66833,Rainy,0.75
76,3,Leclerc (Ferrari),44.70225,135.37058,Rainy,0.75
76,4,Leclerc (Ferrari),45.80503,181.17561,Rainy,0.75
76,5,Leclerc (Ferrari),44.94465,226.12026,Rainy,0.75
76,1,Russell (Williams),44.79009,44.79009,Rainy,0.75
76,2,Russell (Williams),47.01756,91.80765,Rainy,0.75
76,3,Russell (Williams),45.76141,137.56906,Rainy,0.75
76,4,Russell (Williams),43.97055,181.53961,Rainy,0.75
76,5,Russell (Williams),44.49906,226.03867,Rainy,0.75
76,1,Piastri (Alpine),44.78837,44.78837,Rainy,0.75
76,2,Piastri (Alpine),45.91968,90.70805,Rainy,0.75
76,3,Piastri (Alpine),46.2006,136.90865,Rainy,0.75
76,4,Piastri (Alpine),45.9778,182.88646,Rainy,0.75
76,5,Piastri (Alpine),47.03431,229.92077,Rainy,0.75
77,1,Hamilton (Mercedes),46.12099,46.12099,Rainy,0.75
77,2,Hamilton (Mercedes),45.81119,91.93218,Rainy,0.75
77,3,Hamilton (Mercedes),45.10794,137.04011,Rainy,0.75
77,4,Hamilton (Mercedes),46.42737,183.46749,Rainy,0.75
77,5,Hamilton (Mercedes),46.00301,229.4705,Rainy,0.75
77,1,Verstappen (Red Bull),45.01373,45.01373,Rainy,0.75
77,2,Verstappen (Red Bull),45.4796,90.49333,Rainy,0.75
77,3,Verstappen (Red Bull),46.42331,136.91663,Rainy,0.75
77,4,Verstappen (Red Bull),45.53992,182.45655,Rainy,0.75
77,5,Verstappen (Red Bull),45.98853,228.44508,Rainy,0.75
77,1,Norris (McLaren),46.38427,46.38427,Rainy,0.75
77,2,Norris (McLaren),46.29301,92.67728,Rainy,0.75
77,3,Norris (McLaren),46.3392,139.01648,Rainy,0.75
77,4,Norris (McLaren),46.25411,185.2706,Rainy,0.75
77,5,Norris (McLaren),45.71353,230.98413,Rainy,0.75
77,1,Leclerc (Ferrari),45.1413,45.1413,Rainy,0.75
77,2,Leclerc (Ferrari),45.34664,90.48794,Rainy,0.75
77,3,Leclerc (Ferrari),45.69592,136.18386,Rainy,0.75
77,4,Leclerc (Ferrari),45.95399,182.13785,Rainy,0.75
77,5,Leclerc (Ferrari),44.56407,226.70192,Rainy,0.75
77,1,Russell (Williams),44.10663,44.10663,Rainy,0.75
77,2,Russell (Williams),44.76666,88.8733,Rainy,0.75
77,3,Russell (Williams),44.39901,133.27231,Rainy,0.75
77,4,Russell (Williams),44.81246,178.08476,Rainy,0.75
77,5,Russell (Williams),44.45502,222.53978,Rainy,0.75
77,1,Piastri (Alpine),45.41859,45.41859,Rainy,0.75
77,2,Piastri (Alpine),45.10664,90.52523,Rainy,0.75
77,3,Piastri (Alpine),45.53727,136.0625,Rainy,0.75
77,4,Piastri (Alpine),45.56188,181.62438,Rainy,0.75
77,5,Piastri (Alpine),46.17245,227.79682,Rainy,0.75
78,1,Hamilton (Mercedes),45.52064,45.52064,Rainy,0.75
78,2,Hamilton (Mercedes),46.34359,91.86423,Rainy,0.75
78,3,Hamilton (Mercedes),45.19014,137.05436,Rainy,0.75
78,4,Hamilton (Mercedes),46.5393,183.59366,Rainy,0.75
78,5,Hamilton (Mercedes),46.73528,230.32894,Rainy,0.75
78,1,Verstappen (Red Bull),44.51244,44.51244,Rainy,0.75
78,2,Verstappen (Red Bull),45.90386,90.41629,Rainy,0.75
78,3,Verstappen (Red Bull),46.06756,136.48386,Rainy,0.75
78,4,Verstappen (Red Bull),44.9384,181.42226,Rainy,0.75
78,5,Verstappen (Red Bull),44.16661,225.58887,Rainy,0.75
78,1,Norris (McLaren),46.00104,46.00104,Rainy,0.75
78,2,Norris (McLaren),45.38019,91.38124,Rainy,0.75
78,3,Norris (McLaren),44.94806,136.32929,Rainy,0.75
78,4,Norris (McLaren),45.3639,181.6932,Rainy,0.75
78,5,Norris (McLaren),44.20115,225.89434,Rainy,0.75
78,1,Leclerc (Ferrari),44.04983,44.04983,Rainy,0.75
78,2,Leclerc (Ferrari),45.83763,89.88745,Rainy,0.75
78,3,Leclerc (Ferrari),44.99216,134.87962,Rainy,0.75
78,4,Leclerc (Ferrari),45.3728,180.25241,Rainy,0.75
78,5,Leclerc (Ferrari),45.90347,226.15588,Rainy,0.75
78,1,Russell (Williams),44.59993,44.59993,Rainy,0.75
78,2,Russell (Williams),45.11984,89.71977,Rainy,0.75
78,3,Russell (Williams),44.64566,134.36543,Rainy,0.75
78,4,Russell (Williams),45.54319,179.90862,Rainy,0.75
78,5,Russell (Williams),45.35798,225.26661,Rainy,0.75
78,1,Piastri (Alpine),46.02481,46.02481,Rainy,0.75
78,2,Piastri (Alpine),45.27702,91.30184,Rainy,0.75
78,3,Piastri (Alpine),46.39805,137.69989,Rainy,0.75
78,4,Piastri (Alpine),45.53835,183.23824,Rainy,0.75
78,5,Piastri (Alpine),44.47402,227.71226,Rainy,0.75
79,1,Hamilton (Mercedes),46.52246,46.52246,Rainy,0.75
79,2,Hamilton (Mercedes),46.24301,92.76548,Rainy,0.75
79,3,Hamilton (Mercedes),45.8377,138.60318,Rainy,0.75
79,4,Hamilton (Mercedes),46.32543,184.9286,Rainy,0.75
79,5,Hamilton (Mercedes),45.85269,230.7813,Rainy,0.75
79,1,Verstappen (Red Bull),45.82657,45.82657,Rainy,0.75
79,2,Verstappen (Red Bull),44.57938,90.40595,Rainy,0.75
79,3,Verstappen (Red Bull),44.80325,135.2092,Rainy,0.75
79,4,Verstappen (Red Bull),45.62821,180.8374,Rainy,0.75
79,5,Verstappen (Red Bull),45.21512,226.05252,Rainy,0.75
79,1,Norris (McLaren),45.92867,45.92867,Rainy,0.75
79,2,Norris (McLaren),44.87169,90.80036,Rainy,0.75
79,3,Norris (McLaren),45.69672,136.49708,Rainy,0.75
79,4,Norris (McLaren),45.9753,182.47238,Rainy,0.75
79,5,Norris (McLaren),45.26973,227.74211,Rainy,0.75
79,1,Leclerc (Ferrari),43.85758,43.85758,Rainy,0.75
79,2,Leclerc (Ferrari),44.07516,87.93274,Rainy,0.75
79,3,Leclerc (Ferrari),44.39926,132.332,Rainy,0.75
79,4,Leclerc (Ferrari),44.54387,176.87588,Rainy,0.75
79,5,Leclerc (Ferrari),44.69653,221.57241,Rainy,0.75
79,1,Russell (Williams),45.89685,45.89685,Rainy,0.75
79,2,Russell (Williams),44.60416,90.50101,Rainy,0.75
79,3,Russell (Williams),45.29739,135.7984,Rainy,0.75
79,4,Russell (Williams),45.9235,181.72191,Rainy,0.75
79,5,Russell (Williams),45.18143,226.90333,Rainy,0.75
79,1,Piastri (Alpine),46.09554,46.09554,Rainy,0.75
79,2,Piastri (Alpine),46.19254,92.28808,Rainy,0.75
79,3,Piastri (Alpine),46.16217,138.45025,Rainy,0.75
79,4,Piastri (Alpine),45.16761,183.61786,Rainy,0.75
79,5,Piastri (Alpine),46.94809,230.56595,Rainy,0.75
80,1,Hamilton (Mercedes),46.66613,46.66613,Rainy,0.75
80,2,Hamilton (Mercedes),46.10213,92.76826,Rainy,0.75
80,3,Hamilton (Mercedes),45.81499,138.58325,Rainy,0.75
80,4,Hamilton (Mercedes),46.179,184.76226,Rainy,0.75
80,5,Hamilton (Mercedes),45.41172,230.17397,Rainy,0.75
80,1,Verstappen (Red Bull),45.37476,45.37476,Rainy,0.75
80,2,Verstappen (Red Bull),45.27908,90.65384,Rainy,0.75
80,3,Verstappen (Red Bull),46.27914,136.93298,Rainy,0.75
80,4,Verstappen (Red Bull),44.59543,181.52842,Rainy,0.75
80,5,Verstappen (Red Bull),45.5066,227.03501,Rainy,0.75
80,1,Norris (McLaren),45.74322,45.74322,Rainy,0.75
80,2,Norris (McLaren),44.75666,90.49988,Rainy,0.75
80,3,Norris (McLaren),44.90469,135.40458,Rainy,0.75
80,4,Norris (McLaren),44.9301,180.33468,Rainy,0.75
80,5,Norris (McLaren),44.80923,225.14391,Rainy,0.75
80,1,Leclerc (Ferrari),45.42439,45.42439,Rainy,0.75
80,2,Leclerc (Ferrari),45.32033,90.74472,Rainy,0.75
80,3,Leclerc (Ferrari),44.91618,135.6609,Rainy,0.75
80,4,Leclerc (Ferrari),45.56841,181.22931,Rainy,0.75
80,5,Leclerc (Ferrari),44.85288,226.0822,Rainy,0.75
80,1,Russell (Williams),45.8087,45.8087,Rainy,0.75
80,2,Russell (Williams),44.96139,90.77009,Rainy,0.75
80,3,Russell (Williams),45.52798,136.29807,Rainy,0.75
80,4,Russell (Williams),44.24984,180.54791,Rainy,0.75
80,5,Russell (Williams),45.75922,226.30713,Rainy,0.75
80,1,Piastri (Alpine),45.64202,45.64202,Rainy,0.75
80,2,Piastri (Alpine),45.24783,90.88985,Rainy,0.75
80,3,Piastri (Alpine),47.51678,138.40663,Rainy,0.75
80,4,Piastri (Alpine),46.74753,185.15416,Rainy,0.75
80,5,Piastri (Alpine),44.79014,229.94431,Rainy,0.75
81,1,Hamilton (Mercedes),45.23496,45.23496,Rainy,0.75
81,2,Hamilton (Mercedes),45.76868,91.00364,Rainy,0.75
81,3,Hamilton (Mercedes),46.80594,137.80958,Rainy,0.75
81,4,Hamilton (Mercedes),45.40934,183.21893,Rainy,0.75
81,5,Hamilton (Mercedes),46.54932,229.76825,Rainy,0.75
81,1,Verstappen (Red Bull),46.2629,46.2629,Rainy,0.75
81,2,Verstappen (Red Bull),44.34479,90.60769,Rainy,0.75
81,3,Verstappen (Red Bull),46.07555,136.68324,Rainy,0.75
81,4,Verstappen (Red Bull),45.07795,181.76119,Rainy,0.75
81,5,Verstappen (Red Bull),45.82201,227.58321,Rainy,0.75
81,1,Norris (McLaren),45.94998,45.94998,Rainy,0.75
81,2,Norris (McLaren),45.93404,91.88402,Rainy,0.75
81,3,Norris (McLaren),45.87461,137.75863,Rainy,0.75
81,4,Norris (McLaren),46.37545,184.13409,Rainy,0.75
81,5,Norris (McLaren),44.45169,228.58577,Rainy,0.75
81,1,Leclerc (Ferrari),45.15064,45.15064,Rainy,0.75
81,2,Leclerc (Ferrari),45.41143,90.56207,Rainy,0.75
81,3,Leclerc (Ferrari),44.64933,135.2114,Rainy,0.75
81,4,Leclerc (Ferrari),44.16015,179.37154,Rainy,0.75
81,5,Leclerc (Ferrari),45.2738,224.64534,Rainy,0.75
81,1,Russell (Williams),45.50018,45.50018,Rainy,0.75
81,2,Russell (Williams),45.27392,90.7741,Rainy,0.75
81,3,Russell (Williams),44.70436,135.47846,Rainy,0.75
81,4,Russell (Williams),45.4968,180.97526,Rainy,0.75
81,5,Russell (Williams),44.76429,225.73955,Rainy,0.75
81,1,Piastri (Alpine),46.21901,46.21901,Rainy,0.75
81,2,Piastri (Alpine),45.09586,91.31487,Rainy,0.75
81,3,Piastri (Alpine),46.08527,137.40014,Rainy,0.75
81,4,Piastri (Alpine),46.08862,183.48876,Rainy,0.75
81,5,Piastri (Alpine),45.06326,228.55202,Rainy,0.75
82,1,Hamilton (Mercedes),46.45504,46.45504,Rainy,0.75
82,2,Hamilton (Mercedes),47.52667,93.98171,Rainy,0.75
82,3,Hamilton (Mercedes),45.82589,139.80759,Rainy,0.75
82,4,Hamilton (Mercedes),45.51765,185.32524,Rainy,0.75
82,5,Hamilton (Mercedes),46.03703,231.36227,Rainy,0.75
82,1,Verstappen (Red Bull),44.17025,44.17025,Rainy,0.75
82,2,Verstappen (Red Bull),45.94112,90.11137,Rainy,0.75
82,3,Verstappen (Red Bull),45.24775,135.35912,Rainy,0.75
82,4,Verstappen (Red Bull),44.7892,180.14832,Rainy,0.75
82,5,Verstappen (Red Bull),45.30396,225.45228,Rainy,0.75
82,1,Norris (McLaren),45.36005,45.36005,Rainy,0.75
82,2,Norris (McLaren),44.37754,89.73759,Rainy,0.75
82,3,Norris (McLaren),46.21104,135.94863,Rainy,0.75
82,4,Norris (McLaren),46.08746,182.03609,Rainy,0.75
82,5,Norris (McLaren),45.70259,227.73868,Rainy,0.75
82,1,Leclerc (Ferrari),44.30105,44.30105,Rainy,0.75
82,2,Leclerc (Ferrari),45.8928,90.19385,Rainy,0.75
82,3,Leclerc (Ferrari),45.95681,136.15066,Rainy,0.75
82,4,Leclerc (Ferrari),45.15153,181.30219,Rainy,0.75
82,5,Leclerc (Ferrari),44.33047,225.63265,Rainy,0.75
82,1,Russell (Williams),45.18863,45.18863,Rainy,0.75
82,2,Russell (Williams),46.4476,91.63623,Rainy,0.75
82,3,Russell (Williams),45.14147,136.77771,Rainy,0.75
82,4,Russell (Williams),44.43734,181.21505,Rainy,0.75
82,5,Russell (Williams),45.6441,226.85915,Rainy,0.75
82,1,Piastri (Alpine),43.13044,43.13044,Rainy,0.75
82,2,Piastri (Alpine),44.88926,88.0197,Rainy,0.75
82,3,Piastri (Alpine),44.89084,132.91054,Rainy,0.75
82,4,Piastri (Alpine),46.63999,179.55052,Rainy,0.75
82,5,Piastri (Alpine),46.15395,225.70448,Rainy,0.75
83,1,Hamilton (Mercedes),46.98918,46.98918,Rainy,0.75
83,2,Hamilton (Mercedes),45.78013,92.76931,Rainy,0.75
83,3,Hamilton (Mercedes),46.26437,139.03368,Rainy,0.75
83,4,Hamilton (Mercedes),46.22956,185.26324,Rainy,0.75
83,5,Hamilton (Mercedes),46.63428,231.89752,Rainy,0.75
83,1,Verstappen (Red Bull),45.84916,45.84916,Rainy,0.75
83,2,Verstappen (Red Bull),45.64707,91.49623,Rainy,0.75
83,3,Verstappen (Red Bull),45.63241,137.12863,Rainy,0.75
83,4,Verstappen (Red Bull),45.41508,182.54371,Rainy,0.75
83,5,Verstappen (Red Bull),46.14823,228.69194,Rainy,0.75
83,1,Norris (McLaren),46.54265,46.54265,Rainy,0.75
83,2,Norris (McLaren),44.43189,90.97455,Rainy,0.75
83,3,Norris (McLaren),45.97594,136.95048,Rainy,0.75
83,4,Norris (McLaren),45.56961,182.52009,Rainy,0.75
83,5,Norris (McLaren),45.40432,227.92441,Rainy,0.75
83,1,Leclerc (Ferrari),43.97558,43.97558,Rainy,0.75
83,2,Leclerc (Ferrari),44.67815,88.65373,Rainy,0.75
83,3,Leclerc (Ferrari),46.19437,134.84809,Rainy,0.75
83,4,Leclerc (Ferrari),45.32042,180.16851,Rainy,0.75
83,5,Leclerc (Ferrari),45.38051,225.54902,Rainy,0.75
83,1,Russell (Williams),44.99045,44.99045,Rainy,0.75
83,2,Russell (Williams),44.27118,89.26163,Rainy,0.75
83,3,Russell (Williams),46.27455,135.53618,Rainy,0.75
83,4,Russell (Williams),45.56497,181.10115,Rainy,0.75
83,5,Russell (Williams),45.33056,226.43171,Rainy,0.75
83,1,Piastri (Alpine),45.58796,45.58796,Rainy,0.75
83,2,Piastri (Alpine),44.81941,90.40738,Rainy,0.75
83,3,Piastri (Alpine),45.97848,136.38586,Rainy,0.75
83,4,Piastri (Alpine),45.79482,182.18068,Rainy,0.75
83,5,Piastri (Alpine),46.3726,228.55328,Rainy,0.75
84,1,Hamilton (Mercedes),45.83686,45.83686,Rainy,0.75
84,2,Hamilton (Mercedes),45.95798,91.79483,Rainy,0.75
84,3,Hamilton (Mercedes),46.12534,137.92018,Rainy,0.75
84,4,Hamilton (Mercedes),45.59906,183.51923,Rainy,0.75
84,5,Hamilton (Mercedes),45.40658,228.92582,Rainy,0.75
84,1,Verstappen (Red Bull),45.7744,45.7744,Rainy,0.75
84,2,Verstappen (Red Bull),45.82191,91.59632,Rainy,0.75
84,3,Verstappen (Red Bull),44.94094,136.53726,Rainy,0.75
84,4,Verstappen (Red Bull),45.2273,181.76456,Rainy,0.75
84,5,Verstappen (Red Bull),45.16372,226.92828,Rainy,0.75
84,1,Norris (McLaren),44.93218,44.93218,Rainy,0.75
84,2,Norris (McLaren),45.0702,90.00238,Rainy,0.75
84,3,Norris (McLaren),47.02521,137.02759,Rainy,0.75
84,4,Norris (McLaren),45.94183,182.96942,Rainy,0.75
84,5,Norris (McLaren),46.55877,229.52819,Rainy,0.75
84,1,Leclerc (Ferrari),44.39718,44.39718,Rainy,0.75
84,2,Leclerc (Ferrari),45.18722,89.5844,Rainy,0.75
84,3,Leclerc (Ferrari),45.02239,134.60679,Rainy,0.75
84,4,Leclerc (Ferrari),44.83627,179.44306,Rainy,0.75
84,5,Leclerc (Ferrari),44.66514,224.1082,Rainy,0.75
84,1,Russell (Williams),46.56614,46.56614,Rainy,0.75
84,2,Russell (Williams),43.64945,90.21559,Rainy,0.75
84,3,Russell (Williams),45.12747,135.34306,Rainy,0.75
84,4,Russell (Williams),45.61793,180.96099,Rainy,0.75
84,5,Russell (Williams),45.58327,226.54425,Rainy,0.75
84,1,Piastri (Alpine),45.11561,45.11561,Rainy,0.75
84,2,Piastri (Alpine),46.03577,91.15138,Rainy,0.75
84,3,Piastri (Alpine),45.15329,136.30467,Rainy,0.75
84,4,Piastri (Alpine),44.50698,180.81165,Rainy,0.75
84,5,Piastri (Alpine),47.04318,227.85483,Rainy,0.75
85,1,Hamilton (Mercedes),45.81639,45.81639,Rainy,0.75
85,2,Hamilton (Mercedes),45.45673,91.27312,Rainy,0.75
85,3,Hamilton (Mercedes),46.63586,137.90897,Rainy,0.75
85,4,Hamilton (Mercedes),46.44747,184.35644,Rainy,0.75
85,5,Hamilton (Mercedes),46.25697,230.61341,Rainy,0.75
85,1,Verstappen (Red Bull),44.61749,44.61749,Rainy,0.75
85,2,Verstappen (Red Bull),43.66544,88.28293,Rainy,0.75
85,3,Verstappen (Red Bull),44.37942,132.66236,Rainy,0.75
85,4,Verstappen (Red Bull),45.45207,178.11443,Rainy,0.75
85,5,Verstappen (Red Bull),45.18492,223.29935,Rainy,0.75
85,1,Norris (McLaren),45.01067,45.01067,Rainy,0.75
85,2,Norris (McLaren),46.41326,91.42393,Rainy,0.75
85,3,Norris (McLaren),44.78245,136.20638,Rainy,0.75
85,4,Norris (McLaren),43.88918,180.09556,Rainy,0.75
85,5,Norris (McLaren),45.60706,225.70263,Rainy,0.75
85,1,Leclerc (Ferrari),44.62498,44.62498,Rainy,0.75
85,2,Leclerc (Ferrari),43.61543,88.2404,Rainy,0.75
85,3,Leclerc (Ferrari),46.11657,134.35697,Rainy,0.75
85,4,Leclerc (Ferrari),45.11666,179.47364,Rainy,0.75
85,5,Leclerc (Ferrari),44.88121,224.35485,Rainy,0.75
85,1,Russell (Williams),43.97677,43.97677,Rainy,0.75
85,2,Russell (Williams),46.1346,90.11137,Rainy,0.75
85,3,Russell (Williams),44.42873,134.5401,Rainy,0.75
85,4,Russell (Williams),43.2879,177.828,Rainy,0.75
85,5,Russell (Williams),44.38636,222.21436,Rainy,0.75
85,1,Piastri (Alpine),45.33708,45.33708,Rainy,0.75
85,2,Piastri (Alpine),45.2911,90.62817,Rainy,0.75
85,3,Piastri (Alpine),46.06336,136.69154,Rainy,0.75
85,4,Piastri (Alpine),44.76473,181.45626,Rainy,0.75
85,5,Piastri (Alpine),45.18913,226.6454,Rainy,0.75
86,1,Hamilton (Mercedes),46.07711,46.07711,Rainy,0.75
86,2,Hamilton (Mercedes),45.58054,91.65765,Rainy,0.75
86,3,Hamilton (Mercedes),45.5665,137.22415,Rainy,0.75
86,4,Hamilton (Mercedes),45.07634,182.30049,Rainy,0.75
86,5,Hamilton (Mercedes),45.78594,228.08644,Rainy,0.75
86,1,Verstappen (Red Bull),45.37821,45.37821,Rainy,0.75
86,2,Verstappen (Red Bull),45.41884,90.79705,Rainy,0.75
86,3,Verstappen (Red Bull),44.9025,135.69955,Rainy,0.75
86,4,Verstappen (Red Bull),46.68886,182.38841,Rainy,0.75
86,5,Verstappen (Red Bull),45.5202,227.90861,Rainy,0.75
86,1,Norris (McLaren),45.42742,45.42742,Rainy,0.75
86,2,Norris (McLaren),45.02275,90.45017,Rainy,0.75
86,3,Norris (McLaren),46.13154,136.58171,Rainy,0.75
86,4,Norris (McLaren),45.32619,181.90789,Rainy,0.75
86,5,Norris (McLaren),45.52586,227.43376,Rainy,0.75
86,1,Leclerc (Ferrari),44.93024,44.93024,Rainy,0.75
86,2,Leclerc (Ferrari),45.94473,90.87496,Rainy,0.75
86,3,Leclerc (Ferrari),45.09411,135.96907,Rainy,0.75
86,4,Leclerc (Ferrari),45.16629,181.13536,Rainy,0.75
86,5,Leclerc (Ferrari),44.83084,225.9662,Rainy,0.75
86,1,Russell (Williams),44.01903,44.01903,Rainy,0.75
86,2,Russell (Williams),45.51411,89.53314,Rainy,0.75
86,3,Russell (Williams),44.26419,133.79733,Rainy,0.75
86,4,Russell (Williams),45.6376,179.43492,Rainy,0.75
86,5,Russell (Williams),45.85773,225.29265,Rainy,0.75
86,1,Piastri (Alpine),45.60233,45.60233,Rainy,0.75
86,2,Piastri (Alpine),44.47386,90.07619,Rainy,0.75
86,3,Piastri (Alpine),45.25668,135.33286,Rainy,0.75
86,4,Piastri (Alpine),46.33653,181.66939,Rainy,0.75
86,5,Piastri (Alpine),45.69956,227.36895,Rainy,0.75
87,1,Hamilton (Mercedes),45.5329,45.5329,Rainy,0.75
87,2,Hamilton (Mercedes),45.39181,90.92471,Rainy,0.75
87,3,Hamilton (Mercedes),45.63932,136.56403,Rainy,0.75
87,4,Hamilton (Mercedes),45.53805,182.10208,Rainy,0.75
87,5,Hamilton (Mercedes),46.37082,228.47291,Rainy,0.75
87,1,Verstappen (Red Bull),45.91523,45.91523,Rainy,0.75
87,2,Verstappen (Red Bull),45.57117,91.4864,Rainy,0.75
87,3,Verstappen (Red Bull),46.12487,137.61127,Rainy,0.75
87,4,Verstappen (Red Bull),44.50488,182.11615,Rainy,0.75
87,5,Verstappen (Red Bull),46.24197,228.35812,Rainy,0.75
87,1,Norris (McLaren),46.43245,46.43245,Rainy,0.75
87,2,Norris (McLaren),44.46219,90.89464,Rainy,0.75
87,3,Norris (McLaren),44.83608,135.73072,Rainy,0.75
87,4,Norris (McLaren),45.39154,181.12226,Rainy,0.75
87,5,Norris (McLaren),45.55663,226.67889,Rainy,0.75
87,1,Leclerc (Ferrari),44.83163,44.83163,Rainy,0.75
87,2,Leclerc (Ferrari),44.51224,89.34387,Rainy,0.75
87,3,Leclerc (Ferrari),45.35756,134.70142,Rainy,0.75
87,4,Leclerc (Ferrari),44.26219,178.96361,Rainy,0.75
87,5,Leclerc (Ferrari),45.42927,224.39289,Rainy,0.75
87,1,Russell (Williams),45.86244,45.86244,Rainy,0.75
87,2,Russell (Williams),45.65404,91.51648,Rainy,0.75
87,3,Russell (Williams),44.90048,136.41696,Rainy,0.75
87,4,Russell (Williams),45.07352,181.49048,Rainy,0.75
87,5,Russell (Williams),44.94609,226.43657,Rainy,0.75
87,1,Piastri (Alpine),46.08648,46.08648,Rainy,0.75
87,2,Piastri (Alpine),45.82497,91.91145,Rainy,0.75
87,3,Piastri (Alpine),46.37937,138.29081,Rainy,0.75
87,4,Piastri (Alpine),46.88137,185.17218,Rainy,0.75
87,5,Piastri (Alpine),44.01838,229.19056,Rainy,0.75
88,1,Hamilton (Mercedes),45.47222,45.47222,Rainy,0.75
88,2,Hamilton (Mercedes),44.79612,90.26834,Rainy,0.75
88,3,Hamilton (Mercedes),45.96637,136.23471,Rainy,0.75
88,4,Hamilton (Mercedes),45.85414,182.08885,Rainy,0.75
88,5,Hamilton (Mercedes),46.58947,228.67832,Rainy,0.75
88,1,Verstappen (Red Bull),45.13574,45.13574,Rainy,0.75
88,2,Verstappen (Red Bull),45.32586,90.4616,Rainy,0.75
88,3,Verstappen (Red Bull),44.97825,135.43985,Rainy,0.75
88,4,Verstappen (Red Bull),45.8907,181.33055,Rainy,0.75
88,5,Verstappen (Red Bull),45.02554,226.3561,Rainy,0.75
88,1,Norris (McLaren),44.88513,44.88513,Rainy,0.75
88,2,Norris (McLaren),44.90722,89.79234,Rainy,0.75
88,3,Norris (McLaren),45.35755,135.1499,Rainy,0.75
88,4,Norris (McLaren),45.4452,180.5951,Rainy,0.75
88,5,Norris (McLaren),45.81199,226.40708,Rainy,0.75
88,1,Leclerc (Ferrari),45.19338,45.19338,Rainy,0.75
88,2,Leclerc (Ferrari),46.32207,91.51545,Rainy,0.75
88,3,Leclerc (Ferrari),44.77897,136.29442,Rainy,0.75
88,4,Leclerc (Ferrari),44.76497,181.0594,Rainy,0.75
88,5,Leclerc (Ferrari),44.70985,225.76924,Rainy,0.75
88,1,Russell (Williams),44.25157,44.25157,Rainy,0.75
88,2,Russell (Williams),44.67829,88.92986,Rainy,0.75
88,3,Russell (Williams),44.94769,133.87755,Rainy,0.75
88,4,Russell (Williams),43.83874,177.71629,Rainy,0.75
88,5,Russell (Williams),46.0827,223.79899,Rainy,0.75
88,1,Piastri (Alpine),45.94781,45.94781,Rainy,0.75
88,2,Piastri (Alpine),46.98025,92.92806,Rainy,0.75
88,3,Piastri (Alpine),45.23142,138.15948,Rainy,0.75
88,4,Piastri (Alpine),45.63314,183.79261,Rainy,0.75
88,5,Piastri (Alpine),46.04739,229.84,Rainy,0.75
89,1,Hamilton (Mercedes),46.41743,46.41743,Rainy,0.75
89,2,Hamilton (Mercedes),44.87456,91.29199,Rainy,0.75
89,3,Hamilton (Mercedes),45.69718,136.98916,Rainy,0.75
89,4,Hamilton (Mercedes),46.30835,183.29751,Rainy,0.75
89,5,Hamilton (Mercedes),45.95278,229.25029,Rainy,0.75
89,1,Verstappen (Red Bull),45.72673,45.72673,Rainy,0.75
89,2,Verstappen (Red Bull),45.22645,90.95318,Rainy,0.75
89,3,Verstappen (Red Bull),45.44704,136.40022,Rainy,0.75
89,4,Verstappen (Red Bull),44.97149,181.37171,Rainy,0.75
89,5,Verstappen (Red Bull),45.64211,227.01382,Rainy,0.75
89,1,Norris (McLaren),45.5412,45.5412,Rainy,0.75
89,2,Norris (McLaren),44.4447,89.9859,Rainy,0.75
89,3,Norris (McLaren),45.12845,135.11435,Rainy,0.75
89,4,Norris (McLaren),44.84912,179.96347,Rainy,0.75
89,5,Norris (McLaren),44.78962,224.75309,Rainy,0.75
89,1,Leclerc (Ferrari),46.27531,46.27531,Rainy,0.75
89,2,Leclerc (Ferrari),45.71187,91.98719,Rainy,0.75
89,3,Leclerc (Ferrari),44.88224,136.86943,Rainy,0.75
89,4,Leclerc (Ferrari),44.17668,181.04611,Rainy,0.75
89,5,Leclerc (Ferrari),44.71218,225.75829,Rainy,0.75
89,1,Russell (Williams),46.2857,46.2857,Rainy,0.75
89,2,Russell (Williams),44.39936,90.68505,Rainy,0.75
89,3,Russell (Williams),45.9834,136.66845,Rainy,0.75
89,4,Russell (Williams),46.01455,182.683,Rainy,0.75
89,5,Russell (Williams),44.74993,227.43293,Rainy,0.75
89,1,Piastri (Alpine),44.52422,44.52422,Rainy,0.75
89,2,Piastri (Alpine),47.27934,91.80355,Rainy,0.75
89,3,Piastri (Alpine),45.4904,137.29395,Rainy,0.75
89,4,Piastri (Alpine),46.2317,183.52566,Rainy,0.75
89,5,Piastri (Alpine),45.39502,228.92068,Rainy,0.75
90,1,Hamilton (Mercedes),45.36894,45.36894,Rainy,0.75
90,2,Hamilton (Mercedes),45.20222,90.57116,Rainy,0.75
90,3,Hamilton (Mercedes),45.38784,135.959,Rainy,0.75
90,4,Hamilton (Mercedes),46.04897,182.00798,Rainy,0.75
90,5,Hamilton (Mercedes),46.95377,228.96175,Rainy,0.75
90,1,Verstappen (Red Bull),45.23324,45.23324,Rainy,0.75
90,2,Verstappen (Red Bull),44.58674,89.81998,Rainy,0.75
90,3,Verstappen (Red Bull),44.75364,134.57362,Rainy,0.75
90,4,Verstappen (Red Bull),45.00717,179.5808,Rainy,0.75
90,5,Verstappen (Red Bull),44.74701,224.32781,Rainy,0.75
90,1,Norris (McLaren),45.8454,45.8454,Rainy,0.75
90,2,Norris (McLaren),44.95564,90.80103,Rainy,0.75
90,3,Norris (McLaren),45.04699,135.84802,Rainy,0.75
90,4,Norris (McLaren),44.1236,179.97162,Rainy,0.75
90,5,Norris (McLaren),46.55756,226.52917,Rainy,0.75
90,1,Leclerc (Ferrari),45.03648,45.03648,Rainy,0.75
90,2,Leclerc (Ferrari),44.71182,89.7483,Rainy,0.75
90,3,Leclerc (Ferrari),45.41986,135.16816,Rainy,0.75
90,4,Leclerc (Ferrari),44.66026,179.82843,Rainy,0.75
90,5,Leclerc (Ferrari),44.65083,224.47926,Rainy,0.75
90,1,Russell (Williams),44.61284,44.61284,Rainy,0.75
90,2,Russell (Williams),44.77066,89.3835,Rainy,0.75
90,3,Russell (Williams),46.11726,135.50076,Rainy,0.75
90,4,Russell (Williams),44.22339,179.72415,Rainy,0.75
90,5,Russell (Williams),45.65835,225.38249,Rainy,0.75
90,1,Piastri (Alpine),46.61181,46.61181,Rainy,0.75
90,2,Piastri (Alpine),45.02204,91.63385,Rainy,0.75
90,3,Piastri (Alpine),45.9536,137.58745,Rainy,0.75
90,4,Piastri (Alpine),45.30898,182.89643,Rainy,0.75
90,5,Piastri (Alpine),45.49626,228.39269,Rainy,0.75
91,1,Hamilton (Mercedes),45.8774,45.8774,Rainy,0.75
91,2,Hamilton (Mercedes),45.36845,91.24584,Rainy,0.75
91,3,Hamilton (Mercedes),46.42933,137.67518,Rainy,0.75
91,4,Hamilton (Mercedes),46.32323,183.9984,Rainy,0.75
91,5,Hamilton (Mercedes),46.48092,230.47933,Rainy,0.75
91,1,Verstappen (Red Bull),44.88172,44.88172,Rainy,0.75
91,2,Verstappen (Red Bull),45.97314,90.85486,Rainy,0.75
91,3,Verstappen (Red Bull),45.36477,136.21963,Rainy,0.75
91,4,Verstappen (Red Bull),45.68999,181.90962,Rainy,0.75
91,5,Verstappen (Red Bull),45.1488,227.05842,Rainy,0.75
91,1,Norris (McLaren),45.19196,45.19196,Rainy,0.75
91,2,Norris (McLaren),45.47292,90.66488,Rainy,0.75
91,3,Norris (McLaren),45.82085,136.48573,Rainy,0.75
91,4,Norris (McLaren),45.99248,182.47821,Rainy,0.75
91,5,Norris (McLaren),44.56131,227.03952,Rainy,0.75
91,1,Leclerc (Ferrari),45.63116,45.63116,Rainy,0.75
91,2,Leclerc (Ferrari),45.25822,90.88938,Rainy,0.75
91,3,Leclerc (Ferrari),45.31271,136.20209,Rainy,0.75
91,4,Leclerc (Ferrari),44.87416,181.07626,Rainy,0.75
91,5,Leclerc (Ferrari),44.83354,225.9098,Rainy,0.75
91,1,Russell (Williams),44.10982,44.10982,Rainy,0.75
91,2,Russell (Williams),44.19151,88.30133,Rainy,0.75
91,3,Russell (Williams),44.2625,132.56383,Rainy,0.75
91,4,Russell (Williams),46.59956,179.1634,Rainy,0.75
91,5,Russell (Williams),45.04855,224.21195,Rainy,0.75
91,1,Piastri (Alpine),44.40726,44.40726,Rainy,0.75
91,2,Piastri (Alpine),45.11838,89.52564,Rainy,0.75
91,3,Piastri (Alpine),44.92199,134.44763,Rainy,0.75
91,4,Piastri (Alpine),46.14607,180.5937,Rainy,0.75
91,5,Piastri (Alpine),44.80363,225.39733,Rainy,0.75
92,1,Hamilton (Mercedes),45.81792,45.81792,Rainy,0.75
92,2,Hamilton (Mercedes),47.487,93.30491,Rainy,0.75
92,3,Hamilton (Mercedes),45.63739,138.9423,Rainy,0.75
92,4,Hamilton (Mercedes),45.48789,184.43019,Rainy,0.75
92,5,Hamilton (Mercedes),45.3771,229.80729,Rainy,0.75
92,1,Verstappen (Red Bull),46.28708,46.28708,Rainy,0.75
92,2,Verstappen (Red Bull),46.06251,92.34959,Rainy,0.75
92,3,Verstappen (Red Bull),45.90953,138.25913,Rainy,0.75
92,4,Verstappen (Red Bull),45.11618,183.3753,Rainy,0.75
92,5,Verstappen (Red Bull),45.89758,229.27289,Rainy,0.75
92,1,Norris (McLaren),44.33099,44.33099,Rainy,0.75
92,2,Norris (McLaren),46.19413,90.52512,Rainy,0.75
92,3,Norris (McLaren),44.20709,134.73221,Rainy,0.75
92,4,Norris (McLaren),45.24879,179.981,Rainy,0.75
92,5,Norris (McLaren),46.35487,226.33587,Rainy,0.75
92,1,Leclerc (Ferrari),44.50477,44.50477,Rainy,0.75
92,2,Leclerc (Ferrari),45.28048,89.78524,Rainy,0.75
92,3,Leclerc (Ferrari),43.74179,133.52704,Rainy,0.75
92,4,Leclerc (Ferrari),45.02209,178.54913,Rainy,0.75
92,5,Leclerc (Ferrari),45.66521,224.21434,Rainy,0.75
92,1,Russell (Williams),44.70097,44.70097,Rainy,0.75
92,2,Russell (Williams),45.78086,90.48183,Rainy,0.75
92,3,Russell (Williams),47.39425,137.87609,Rainy,0.75
92,4,Russell (Williams),45.34428,183.22037,Rainy,0.75
92,5,Russell (Williams),46.42091,229.64128,Rainy,0.75
92,1,Piastri (Alpine),46.80912,46.80912,Rainy,0.75
92,2,Piastri (Alpine),43.91025,90.71937,Rainy,0.75
92,3,Piastri (Alpine),45.66869,136.38806,Rainy,0.75
92,4,Piastri (Alpine),45.3299,181.71796,Rainy,0.75
92,5,Piastri (Alpine),43.97074,225.6887,Rainy,0.75
93,1,Hamilton (Mercedes),45.59652,45.59652,Rainy,0.75
93,2,Hamilton (Mercedes),46.57075,92.16726,Rainy,0.75
93,3,Hamilton (Mercedes),46.68764,138.85491,Rainy,0.75
93,4,Hamilton (Mercedes),46.83854,185.69345,Rainy,0.75
93,5,Hamilton (Mercedes),46.18954,231.88298,Rainy,0.75
93,1,Verstappen (Red Bull),44.98221,44.98221,Rainy,0.75
93,2,Verstappen (Red Bull),45.4753,90.45751,Rainy,0.75
93,3,Verstappen (Red Bull),45.74782,136.20533,Rainy,0.75
93,4,Verstappen (Red Bull),45.09724,181.30257,Rainy,0.75
93,5,Verstappen (Red Bull),45.25596,226.55853,Rainy,0.75
93,1,Norris (McLaren),46.02312,46.02312,Rainy,0.75
93,2,Norris (McLaren),45.42153,91.44465,Rainy,0.75
93,3,Norris (McLaren),45.52684,136.97149,Rainy,0.75
93,4,Norris (McLaren),46.82246,183.79395,Rainy,0.75
93,5,Norris (McLaren),45.6554,229.44935,Rainy,0.75
93,1,Leclerc (Ferrari),45.15479,45.15479,Rainy,0.75
93,2,Leclerc (Ferrari),45.22071,90.3755,Rainy,0.75
93,3,Leclerc (Ferrari),45.43768,135.81319,Rainy,0.75
93,4,Leclerc (Ferrari),44.79834,180.61152,Rainy,0.75
93,5,Leclerc (Ferrari),43.72229,224.33381,Rainy,0.75
93,1,Russell (Williams),44.07322,44.07322,Rainy,0.75
93,2,Russell (Williams),44.38732,88.46054,Rainy,0.75
93,3,Russell (Williams),44.37688,132.83742,Rainy,0.75
93,4,Russell (Williams),44.13005,176.96747,Rainy,0.75
93,5,Russell (Williams),44.73665,221.70412,Rainy,0.75
93,1,Piastri (Alpine),45.22462,45.22462,Rainy,0.75
93,2,Piastri (Alpine),45.90097,91.12558,Rainy,0.75
93,3,Piastri (Alpine),45.06289,136.18847,Rainy,0.75
93,4,Piastri (Alpine),45.33136,181.51983,Rainy,0.75
93,5,Piastri (Alpine),45.83828,227.35811,Rainy,0.75
94,1,Hamilton (Mercedes),46.56862,46.56862,Rainy,0.75
94,2,Hamilton (Mercedes),45.96111,92.52973,Rainy,0.75
94,3,Hamilton (Mercedes),45.53995,138.06968,Rainy,0.75
94,4,Hamilton (Mercedes),45.15358,183.22326,Rainy,0.75
94,5,Hamilton (Mercedes),47.05447,230.27773,Rainy,0.75
94,1,Verstappen (Red Bull),46.24775,46.24775,Rainy,0.75
94,2,Verstappen (Red Bull),45.67128,91.91903,Rainy,0.75
94,3,Verstappen (Red Bull),44.94709,136.86612,Rainy,0.75
94,4,Verstappen (Red Bull),44.90146,181.76758,Rainy,0.75
94,5,Verstappen (Red Bull),45.23876,227.00634,Rainy,0.75
94,1,Norris (McLaren),45.17911,45.17911,Rainy,0.75
94,2,Norris (McLaren),45.92004,91.09914,Rainy,0.75
94,3,Norris (McLaren),46.70486,137.80401,Rainy,0.75
94,4,Norris (McLaren),45.90527,183.70927,Rainy,0.75
94,5,Norris (McLaren),45.82896,229.53823,Rainy,0.75
94,1,Leclerc (Ferrari),44.50327,44.50327,Rainy,0.75
94,2,Leclerc (Ferrari),45.63207,90.13534,Rainy,0.75
94,3,Leclerc (Ferrari),44.49452,134.62986,Rainy,0.75
94,4,Leclerc (Ferrari),44.94394,179.57379,Rainy,0.75
94,5,Leclerc (Ferrari),45.92373,225.49752,Rainy,0.75
94,1,Russell (Williams),45.3272,45.3272,Rainy,0.75
94,2,Russell (Williams),46.43736,91.76456,Rainy,0.75
94,3,Russell (Williams),43.46529,135.22985,Rainy,0.75
94,4,Russell (Williams),45.40743,180.63728,Rainy,0.75
94,5,Russell (Williams),44.78958,225.42686,Rainy,0.75
94,1,Piastri (Alpine),43.79384,43.79384,Rainy,0.75
94,2,Piastri (Alpine),47.00363,90.79747,Rainy,0.75
94,3,Piastri (Alpine),46.4191,137.21656,Rainy,0.75
94,4,Piastri (Alpine),46.17272,183.38929,Rainy,0.75
94,5,Piastri (Alpine),46.42993,229.81921,Rainy,0.75
95,1,Hamilton (Mercedes),45.60347,45.60347,Rainy,0.75
95,2,Hamilton (Mercedes),45.37532,90.97879,Rainy,0.75
95,3,Hamilton (Mercedes),46.16473,137.14351,Rainy,0.75
95,4,Hamilton (Mercedes),46.48169,183.6252,Rainy,0.75
95,5,Hamilton (Mercedes),46.48722,230.11243,Rainy,0.75
95,1,Verstappen (Red Bull),45.70266,45.70266,Rainy,0.75
95,2,Verstappen (Red Bull),45.63459,91.33725,Rainy,0.75
95,3,Verstappen (Red Bull),44.99752,136.33478,Rainy,0.75
95,4,Verstappen (Red Bull),45.41746,181.75223,Rainy,0.75
95,5,Verstappen (Red Bull),46.17331,227.92555,Rainy,0.75
95,1,Norris (McLaren),45.55987,45.55987,Rainy,0.75
95,2,Norris (McLaren),44.77436,90.33424,Rainy,0.75
95,3,Norris (McLaren),45.58553,135.91976,Rainy,0.75
95,4,Norris (McLaren),44.65566,180.57542,Rainy,0.75
95,5,Norris (McLaren),46.08447,226.6599,Rainy,0.75
95,1,Leclerc (Ferrari),43.78202,43.78202,Rainy,0.75
95,2,Leclerc (Ferrari),45.39506,89.17708,Rainy,0.75
95,3,Leclerc (Ferrari),45.88028,135.05736,Rainy,0.75
95,4,Leclerc (Ferrari),44.26841,179.32577,Rainy,0.75
95,5,Leclerc (Ferrari),44.92574,224.25151,Rainy,0.75
95,1,Russell (Williams),44.26584,44.26584,Rainy,0.75
95,2,Russell (Williams),44.87759,89.14343,Rainy,0.75
95,3,Russell (Williams),44.79823,133.94166,Rainy,0.75
95,4,Russell (Williams),44.87185,178.81351,Rainy,0.75
95,5,Russell (Williams),42.9462,221.75971,Rainy,0.75
95,1,Piastri (Alpine),46.55714,46.55714,Rainy,0.75
95,2,Piastri (Alpine),46.57182,93.12896,Rainy,0.75
95,3,Piastri (Alpine),45.04051,138.16947,Rainy,0.75
95,4,Piastri (Alpine),44.67215,182.84162,Rainy,0.75
95,5,Piastri (Alpine),47.4042,230.24582,Rainy,0.75
96,1,Hamilton (Mercedes),46.66675,46.66675,Rainy,0.75
96,2,Hamilton (Mercedes),46.35185,93.0186,Rainy,0.75
96,3,Hamilton (Mercedes),45.74285,138.76144,Rainy,0.75
96,4,Hamilton (Mercedes),45.95701,184.71846,Rainy,0.75
96,5,Hamilton (Mercedes),45.80199,230.52045,Rainy,0.75
96,1,Verstappen (Red Bull),44.77202,44.77202,Rainy,0.75
96,2,Verstappen (Red Bull),46.2443,91.01632,Rainy,0.75
96,3,Verstappen (Red Bull),45.38376,136.40008,Rainy,0.75
96,4,Verstappen (Red Bull),45.7707,182.17078,Rainy,0.75
96,5,Verstappen (Red Bull),45.24331,227.41409,Rainy,0.75
96,1,Norris (McLaren),44.93047,44.93047,Rainy,0.75
96,2,Norris (McLaren),46.09783,91.0283,Rainy,0.75
96,3,Norris (McLaren),45.8208,136.8491,Rainy,0.75
96,4,Norris (McLaren),46.38973,183.23883,Rainy,0.75
96,5,Norris (McLaren),46.1966,229.43543,Rainy,0.75
96,1,Leclerc (Ferrari),44.8211,44.8211,Rainy,0.75
96,2,Leclerc (Ferrari),44.69372,89.51482,Rainy,0.75
96,3,Leclerc (Ferrari),45.01672,134.53154,Rainy,0.75
96,4,Leclerc (Ferrari),45.21185,179.74339,Rainy,0.75
96,5,Leclerc (Ferrari),44.87598,224.61937,Rainy,0.75
96,1,Russell (Williams),46.26783,46.26783,Rainy,0.75
96,2,Russell (Williams),45.14465,91.41248,Rainy,0.75
96,3,Russell (Williams),46.10532,137.5178,Rainy,0.75
96,4,Russell (Williams),46.06905,183.58685,Rainy,0.75
96,5,Russell (Williams),45.44629,229.03314,Rainy,0.75
96,1,Piastri (Alpine),45.41517,45.41517,Rainy,0.75
96,2,Piastri (Alpine),45.41715,90.83232,Rainy,0.75
96,3,Piastri (Alpine),45.66838,136.5007,Rainy,0.75
96,4,Piastri (Alpine),46.1329,182.6336,Rainy,0.75
96,5,Piastri (Alpine),46.42261,229.05622,Rainy,0.75
97,1,Hamilton (Mercedes),46.37908,46.37908,Rainy,0.75
97,2,Hamilton (Mercedes),46.95246,93.33154,Rainy,0.75
97,3,Hamilton (Mercedes),45.53164,138.86319,Rainy,0.75
97,4,Hamilton (Mercedes),45.94847,184.81166,Rainy,0.75
97,5,Hamilton (Mercedes),45.93072,230.74238,Rainy,0.75
97,1,Verstappen (Red Bull),45.69824,45.69824,Rainy,0.75
97,2,Verstappen (Red Bull),45.99097,91.68921,Rainy,0.75
97,3,Verstappen (Red Bull),45.20258,136.8918,Rainy,0.75
97,4,Verstappen (Red Bull),45.75166,182.64345,Rainy,0.75
97,5,Verstappen (Red Bull),45.07458,227.71804,Rainy,0.75
97,1,Norris (McLaren),44.12709,44.12709,Rainy,0.75
97,2,Norris (McLaren),45.95735,90.08445,Rainy,0.75
97,3,Norris (McLaren),44.49236,134.57681,Rainy,0.75
97,4,Norris (McLaren),46.07598,180.65278,Rainy,0.75
97,5,Norris (McLaren),46.07514,226.72792,Rainy,0.75
97,1,Leclerc (Ferrari),45.73891,45.73891,Rainy,0.75
97,2,Leclerc (Ferrari),45.0763,90.81521,Rainy,0.75
97,3,Leclerc (Ferrari),46.21848,137.0337,Rainy,0.75
97,4,Leclerc (Ferrari),44.32846,181.36216,Rainy,0.75
97,5,Leclerc (Ferrari),44.82682,226.18898,Rainy,0.75
97,1,Russell (Williams),46.61811,46.61811,Rainy,0.75
97,2,Russell (Williams),46.59251,93.21061,Rainy,0.75
97,3,Russell (Williams),43.38844,136.59905,Rainy,0.75
97,4,Russell (Williams),46.13732,182.73638,Rainy,0.75
97,5,Russell (Williams),45.46688,228.20326,Rainy,0.75
97,1,Piastri (Alpine),45.01679,45.01679,Rainy,0.75
97,2,Piastri (Alpine),46.98911,92.0059,Rainy,0.75
97,3,Piastri (Alpine),46.44138,138.44729,Rainy,0.75
97,4,Piastri (Alpine),45.13311,183.5804,Rainy,0.75
97,5,Piastri (Alpine),46.91375,230.49414,Rainy,0.75
98,1,Hamilton (Mercedes),45.70308,45.70308,Rainy,0.75
98,2,Hamilton (Mercedes),46.68659,92.38967,Rainy,0.75
98,3,Hamilton (Mercedes),46.88167,139.27134,Rainy,0.75
98,4,Hamilton (Mercedes),46.35938,185.63071,Rainy,0.75
98,5,Hamilton (Mercedes),45.47225,231.10296,Rainy,0.75
98,1,Verstappen (Red Bull),45.10141,45.10141,Rainy,0.75
98,2,Verstappen (Red Bull),46.11241,91.21382,Rainy,0.75
98,3,Verstappen (Red Bull),46.17408,137.38791,Rainy,0.75
98,4,Verstappen (Red Bull),45.75147,183.13938,Rainy,0.75
98,5,Verstappen (Red Bull),44.69583,227.8352,Rainy,0.75
98,1,Norris (McLaren),44.4218,44.4218,Rainy,0.75
98,2,Norris (McLaren),45.21289,89.63469,Rainy,0.75
98,3,Norris (McLaren),46.71017,136.34486,Rainy,0.75
98,4,Norris (McLaren),45.20633,181.5512,Rainy,0.75
98,5,Norris (McLaren),45.48722,227.03841,Rainy,0.75
98,1,Leclerc (Ferrari),46.55091,46.55091,Rainy,0.75
98,2,Leclerc (Ferrari),45.29065,91.84156,Rainy,0.75
98,3,Leclerc (Ferrari),44.82035,136.66191,Rainy,0.75
98,4,Leclerc (Ferrari),44.68359,181.34549,Rainy,0.75
98,5,Leclerc (Ferrari),46.60559,227.95108,Rainy,0.75
98,1,Russell (Williams),45.28665,45.28665,Rainy,0.75
98,2,Russell (Williams),45.41851,90.70515,Rainy,0.75
98,3,Russell (Williams),43.13115,133.83631,Rainy,0.75
98,4,Russell (Williams),45.71692,179.55323,Rainy,0.75
98,5,Russell (Williams),44.49405,224.04728,Rainy,0.75
98,1,Piastri (Alpine),46.67582,46.67582,Rainy,0.75
98,2,Piastri (Alpine),44.22349,90.89931,Rainy,0.75
98,3,Piastri (Alpine),45.41576,136.31507,Rainy,0.75
98,4,Piastri (Alpine),45.28673,181.6018,Rainy,0.75
98,5,Piastri (Alpine),45.41467,227.01647,Rainy,0.75
99,1,Hamilton (Mercedes),45.84419,45.84419,Rainy,0.75
99,2,Hamilton (Mercedes),45.79851,91.64271,Rainy,0.75
99,3,Hamilton (Mercedes),46.71271,138.35541,Rainy,0.75
99,4,Hamilton (Mercedes),46.16091,184.51632,Rainy,0.75
99,5,Hamilton (Mercedes),45.54158,230.0579,Rainy,0.75
99,1,Verstappen (Red Bull),45.90736,45.90736,Rainy,0.75
99,2,Verstappen (Red Bull),45.01442,90.92178,Rainy,0.75
99,3,Verstappen (Red Bull),45.46961,136.39139,Rainy,0.75
99,4,Verstappen (Red Bull),45.72177,182.11316,Rainy,0.75
99,5,Verstappen (Red Bull),45.22443,227.33759,Rainy,0.75
99,1,Norris (McLaren),45.96404,45.96404,Rainy,0.75
99,2,Norris (McLaren),45.37228,91.33632,Rainy,0.75
99,3,Norris (McLaren),45.62485,136.96117,Rainy,0.75
99,4,Norris (McLaren),44.90112,181.86228,Rainy,0.75
99,5,Norris (McLaren),45.39418,227.25646,Rainy,0.75
99,1,Leclerc (Ferrari),45.52809,45.52809,Rainy,0.75
99,2,Leclerc (Ferrari),45.70322,91.23131,Rainy,0.75
99,3,Leclerc (Ferrari),44.78122,136.01253,Rainy,0.75
99,4,Leclerc (Ferrari),44.63071,180.64324,Rainy,0.75
99,5,Leclerc (Ferrari),44.37639,225.01963,Rainy,0.75
99,1,Russell (Williams),44.99492,44.99492,Rainy,0.75
99,2,Russell (Williams),45.98474,90.97966,Rainy,0.75
99,3,Russell (Williams),43.79916,134.77882,Rainy,0.75
99,4,Russell (Williams),44.16729,178.94611,Rainy,0.75
99,5,Russell (Williams),44.65093,223.59704,Rainy,0.75
99,1,Piastri (Alpine),44.49299,44.49299,Rainy,0.75
99,2,Piastri (Alpine),44.83709,89.33008,Rainy,0.75
99,3,Piastri (Alpine),45.23143,134.56151,Rainy,0.75
99,4,Piastri (Alpine),47.70985,182.27136,Rainy,0.75
99,5,Piastri (Alpine),46.87207,229.14343,Rainy,0.75
100,1,Hamilton (Mercedes),46.49793,46.49793,Rainy,0.75
100,2,Hamilton (Mercedes),46.7238,93.22173,Rainy,0.75
100,3,Hamilton (Mercedes),46.26949,139.49122,Rainy,0.75
100,4,Hamilton (Mercedes),46.47681,185.96803,Rainy,0.75
100,5,Hamilton (Mercedes),47.09972,233.06775,Rainy,0.75
100,1,Verstappen (Red Bull),45.46224,45.46224,Rainy,0.75
100,2,Verstappen (Red Bull),44.86137,90.32361,Rainy,0.75
100,3,Verstappen (Red Bull),45.12276,135.44637,Rainy,0.75
100,4,Verstappen (Red Bull),44.76176,180.20813,Rainy,0.75
100,5,Verstappen (Red Bull),45.26998,225.47811,Rainy,0.75
100,1,Norris (McLaren),46.25649,46.25649,Rainy,0.75
100,2,Norris (McLaren),45.97662,92.23311,Rainy,0.75
100,3,Norris (McLaren),46.00421,138.23732,Rainy,0.75
100,4,Norris (McLaren),45.19749,183.43481,Rainy,0.75
100,5,Norris (McLaren),46.11344,229.54825,Rainy,0.75
100,1,Leclerc (Ferrari),45.5928,45.5928,Rainy,0.75
100,2,Leclerc (Ferrari),44.68665,90.27945,Rainy,0.75
100,3,Leclerc (Ferrari),46.29724,136.57668,Rainy,0.75
100,4,Leclerc (Ferrari),44.01443,180.59112,Rainy,0.75
100,5,Leclerc (Ferrari),44.93875,225.52987,Rainy,0.75
100,1,Russell (Williams),45.37689,45.37689,Rainy,0.75
100,2,Russell (Williams),44.11148,89.48837,Rainy,0.75
100,3,Russell (Williams),45.15489,134.64327,Rainy,0.75
100,4,Russell (Williams),43.31838,177.96165,Rainy,0.75
100,5,Russell (Williams),44.44959,222.41123,Rainy,0.75
100,1,Piastri (Alpine),45.6462,45.6462,Rainy,0.75
100,2,Piastri (Alpine),44.99217,90.63837,Rainy,0.75
100,3,Piastri (Alpine),46.31317,136.95154,Rainy,0.75
100,4,Piastri (Alpine),45.35939,182.31093,Rainy,0.75
100,5,Piastri (Alpine),45.41465,227.72558,Rainy,0.75
101,1,Hamilton (Mercedes),45.76537,45.76537,Rainy,0.75
101,2,Hamilton (Mercedes),45.78413,91.5495,Rainy,0.75
101,3,Hamilton (Mercedes),46.48083,138.03032,Rainy,0.75
101,4,Hamilton (Mercedes),45.15835,183.18867,Rainy,0.75
101,5,Hamilton (Mercedes),46.99112,230.17978,Rainy,0.75
101,1,Verstappen (Red Bull),44.54036,44.54036,Rainy,0.75
101,2,Verstappen (Red Bull),45.9202,90.46056,Rainy,0.75
101,3,Verstappen (Red Bull),45.8223,136.28285,Rainy,0.75
101,4,Verstappen (Red Bull),44.33529,180.61814,Rainy,0.75
101,5,Verstappen (Red Bull),45.19741,225.81555,Rainy,0.75
101,1,Norris (McLaren),46.07178,46.07178,Rainy,0.75
101,2,Norris (McLaren),46.19153,92.26332,Rainy,0.75
101,3,Norris (McLaren),45.89654,138.15986,Rainy,0.75
101,4,Norris (McLaren),47.18875,185.34861,Rainy,0.75
101,5,Norris (McLaren),45.21672,230.56534,Rainy,0.75
101,1,Leclerc (Ferrari),44.79617,44.79617,Rainy,0.75
101,2,Leclerc (Ferrari),44.87671,89.67289,Rainy,0.75
101,3,Leclerc (Ferrari),44.50251,134.1754,Rainy,0.75
101,4,Leclerc (Ferrari),45.08274,179.25814,Rainy,0.75
101,5,Leclerc (Ferrari),44.98917,224.24731,Rainy,0.75
101,1,Russell (Williams),44.8238,44.8238,Rainy,0.75
101,2,Russell (Williams),45.86977,90.69357,Rainy,0.75
101,3,Russell (Williams),43.51647,134.21004,Rainy,0.75
101,4,Russell (Williams),44.94808,179.15812,Rainy,0.75
101,5,Russell (Williams),45.27284,224.43096,Rainy,0.75
101,1,Piastri (Alpine),45.12,45.12,Rainy,0.75
101,2,Piastri (Alpine),46.30215,91.42216,Rainy,0.75
101,3,Piastri (Alpine),45.77273,137.19489,Rainy,0.75
101,4,Piastri (Alpine),44.73011,181.925,Rainy,0.75
101,5,Piastri (Alpine),44.23426,226.15926,Rainy,0.75
102,1,Hamilton (Mercedes),45.47069,45.47069,Rainy,0.75
102,2,Hamilton (Mercedes),45.76177,91.23246,Rainy,0.75
102,3,Hamilton (Mercedes),46.57151,137.80397,Rainy,0.75
102,4,Hamilton (Mercedes),45.08701,182.89098,Rainy,0.75
102,5,Hamilton (Mercedes),45.95744,228.84843,Rainy,0.75
102,1,Verstappen (Red Bull),45.14557,45.14557,Rainy,0.75
102,2,Verstappen (Red Bull),45.43872,90.5843,Rainy,0.75
102,3,Verstappen (Red Bull),45.41099,135.99529,Rainy,0.75
102,4,Verstappen (Red Bull),45.54655,181.54184,Rainy,0.75
102,5,Verstappen (Red Bull),45.00246,226.5443,Rainy,0.75
102,1,Norris (McLaren),46.92157,46.92157,Rainy,0.75
102,2,Norris (McLaren),46.38021,93.30178,Rainy,0.75
102,3,Norris (McLaren),45.93954,139.24131,Rainy,0.75
102,4,Norris (McLaren),45.91697,185.15828,Rainy,0.75
102,5,Norris (McLaren),44.81038,229.96867,Rainy,0.75
102,1,Leclerc (Ferrari),44.99475,44.99475,Rainy,0.75
102,2,Leclerc (Ferrari),44.84975,89.84449,Rainy,0.75
102,3,Leclerc (Ferrari),44.65951,134.504,Rainy,0.75
102,4,Leclerc (Ferrari),46.17821,180.68222,Rainy,0.75
102,5,Leclerc (Ferrari),45.53035,226.21257,Rainy,0.75
102,1,Russell (Williams),44.01661,44.01661,Rainy,0.75
102,2,Russell (Williams),45.5253,89.54191,Rainy,0.75
102,3,Russell (Williams),45.19211,134.73402,Rainy,0.75
102,4,Russell (Williams),45.29341,180.02743,Rainy,0.75
102,5,Russell (Williams),44.47203,224.49946,Rainy,0.75
102,1,Piastri (Alpine),45.25866,45.25866,Rainy,0.75
102,2,Piastri (Alpine),45.70315,90.96181,Rainy,0.75
102,3,Piastri (Alpine),46.95528,137.9171,Rainy,0.75
102,4,Piastri (Alpine),45.27667,183.19377,Rainy,0.75
102,5,Piastri (Alpine),46.70508,229.89884,Rainy,0.75
103,1,Hamilton (Mercedes),45.9094,45.9094,Rainy,0.75
103,2,Hamilton (Mercedes),46.41171,92.32111,Rainy,0.75
103,3,Hamilton (Mercedes),46.95961,139.28072,Rainy,0.75
103,4,Hamilton (Mercedes),45.39352,184.67424,Rainy,0.75
103,5,Hamilton (Mercedes),46.92714,231.60138,Rainy,0.75
103,1,Verstappen (Red Bull),45.11129,45.11129,Rainy,0.75
103,2,Verstappen (Red Bull),45.5725,90.68379,Rainy,0.75
103,3,Verstappen (Red Bull),45.51931,136.2031,Rainy,0.75
103,4,Verstappen (Red Bull),46.87271,183.07581,Rainy,0.75
103,5,Verstappen (Red Bull),45.12292,228.19873,Rainy,0.75
103,1,Norris (McLaren),44.83276,44.83276,Rainy,0.75
103,2,Norris (McLaren),45.45753,90.29029,Rainy,0.75
103,3,Norris (McLaren),45.48896,135.77925,Rainy,0.75
103,4,Norris (McLaren),45.23203,181.01128,Rainy,0.75
103,5,Norris (McLaren),44.82103,225.83231,Rainy,0.75
103,1,Leclerc (Ferrari),43.79511,43.79511,Rainy,0.75
103,2,Leclerc (Ferrari),44.34209,88.1372,Rainy,0.75
103,3,Leclerc (Ferrari),45.72655,133.86375,Rainy,0.75
103,4,Leclerc (Ferrari),44.88251,178.74626,Rainy,0.75
103,5,Leclerc (Ferrari),44.62844,223.3747,Rainy,0.75
103,1,Russell (Williams),44.08017,44.08017,Rainy,0.75
103,2,Russell (Williams),44.96184,89.04201,Rainy,0.75
103,3,Russell (Williams),45.18799,134.23001,Rainy,0.75
103,4,Russell (Williams),45.8787,180.10871,Rainy,0.75
103,5,Russell (Williams),44.90897,225.01768,Rainy,0.75
103,1,Piastri (Alpine),45.95455,45.95455,Rainy,0.75
103,2,Piastri (Alpine),46.56611,92.52066,Rainy,0.75
103,3,Piastri (Alpine),45.44577,137.96643,Rainy,0.75
103,4,Piastri (Alpine),46.22935,184.19578,Rainy,0.75
103,5,Piastri (Alpine),46.51193,230.7077,Rainy,0.75
104,1,Hamilton (Mercedes),47.03618,47.03618,Rainy,0.75
104,2,Hamilton (Mercedes),46.26193,93.29811,Rainy,0.75
104,3,Hamilton (Mercedes),46.64392,139.94203,Rainy,0.75
104,4,Hamilton (Mercedes),46.20702,186.14905,Rainy,0.75
104,5,Hamilton (Mercedes),45.74334,231.89239,Rainy,0.75
104,1,Verstappen (Red Bull),44.83997,44.83997,Rainy,0.75
104,2,Verstappen (Red Bull),45.03988,89.87986,Rainy,0.75
104,3,Verstappen (Red Bull),44.96573,134.84559,Rainy,0.75
104,4,Verstappen (Red Bull),45.58114,180.42673,Rainy,0.75
104,5,Verstappen (Red Bull),46.01277,226.4395,Rainy,0.75
104,1,Norris (McLaren),44.77264,44.77264,Rainy,0.75
104,2,Norris (McLaren),46.13579,90.90843,Rainy,0.75
104,3,Norris (McLaren),44.9109,135.81933,Rainy,0.75
104,4,Norris (McLaren),45.65757,181.47691,Rainy,0.75
104,5,Norris (McLaren),45.64142,227.11833,Rainy,0.75
104,1,Leclerc (Ferrari),45.10046,45.10046,Rainy,0.75
104,2,Leclerc (Ferrari),46.01431,91.11477,Rainy,0.75
104,3,Leclerc (Ferrari),45.1679,136.28268,Rainy,0.75
104,4,Leclerc (Ferrari),43.93779,180.22046,Rainy,0.75
104,5,Leclerc (Ferrari),45.69289,225.91336,Rainy,0.75
104,1,Russell (Williams),45.41877,45.41877,Rainy,0.75
104,2,Russell (Williams),44.66535,90.08412,Rainy,0.75
104,3,Russell (Williams),44.66881,134.75294,Rainy,0.75
104,4,Russell (Williams),43.99191,178.74485,Rainy,0.75
104,5,Russell (Williams),45.89427,224.63911,Rainy,0.75
104,1,Piastri (Alpine),46.76208,46.76208,Rainy,0.75
104,2,Piastri (Alpine),45.46411,92.22619,Rainy,0.75
104,3,Piastri (Alpine),46.63178,138.85797,Rainy,0.75
104,4,Piastri (Alpine),45.95286,184.81084,Rainy,0.75
104,5,Piastri (Alpine),44.57168,229.38251,Rainy,0.75
105,1,Hamilton (Mercedes),46.69876,46.69876,Rainy,0.75
105,2,Hamilton (Mercedes),45.09871,91.79748,Rainy,0.75
105,3,Hamilton (Mercedes),45.8547,137.65218,Rainy,0.75
105,4,Hamilton (Mercedes),46.59276,184.24493,Rainy,0.75
105,5,Hamilton (Mercedes),45.58834,229.83328,Rainy,0.75
105,1,Verstappen (Red Bull),45.12792,45.12792,Rainy,0.75
105,2,Verstappen (Red Bull),45.96027,91.08819,Rainy,0.75
105,3,Verstappen (Red Bull),44.89998,135.98817,Rainy,0.75
105,4,Verstappen (Red Bull),45.60199,181.59015,Rainy,0.75
105,5,Verstappen (Red Bull),45.72192,227.31208,Rainy,0.75
105,1,Norris (McLaren),45.6651,45.6651,Rainy,0.75
105,2,Norris (McLaren),44.78464,90.44974,Rainy,0.75
105,3,Norris (McLaren),45.80349,136.25323,Rainy,0.75
105,4,Norris (McLaren),45.8301,182.08333,Rainy,0.75
105,5,Norris (McLaren),44.93406,227.01739,Rainy,0.75
105,1,Leclerc (Ferrari),45.44961,45.44961,Rainy,0.75
105,2,Leclerc (Ferrari),45.13903,90.58864,Rainy,0.75
105,3,Leclerc (Ferrari),45.1891,135.77774,Rainy,0.75
105,4,Leclerc (Ferrari),45.07553,180.85327,Rainy,0.75
105,5,Leclerc (Ferrari),44.60573,225.459,Rainy,0.75
105,1,Russell (Williams),44.91133,44.91133,Rainy,0.75
105,2,Russell (Williams),46.07955,90.99088,Rainy,0.75
105,3,Russell (Williams),44.3685,135.35938,Rainy,0.75
105,4,Russell (Williams),45.1617,180.52108,Rainy,0.75
105,5,Russell (Williams),44.03918,224.56025,Rainy,0.75
105,1,Piastri (Alpine),45.34776,45.34776,Rainy,0.75
105,2,Piastri (Alpine),45.62987,90.97763,Rainy,0.75
105,3,Piastri (Alpine),46.23007,137.20769,Rainy,0.75
105,4,Piastri (Alpine),45.2056,182.4133,Rainy,0.75
105,5,Piastri (Alpine),46.2195,228.63279,Rainy,0.75
106,1,Hamilton (Mercedes),46.50953,46.50953,Rainy,0.75
106,2,Hamilton (Mercedes),46.47199,92.98152,Rainy,0.75
106,3,Hamilton (Mercedes),46.47,139.45152,Rainy,0.75
106,4,Hamilton (Mercedes),46.02787,185.47938,Rainy,0.75
106,5,Hamilton (Mercedes),46.75307,232.23245,Rainy,0.75
106,1,Verstappen (Red Bull),45.60616,45.60616,Rainy,0.75
106,2,Verstappen (Red Bull),44.76842,90.37458,Rainy,0.75
106,3,Verstappen (Red Bull),44.48238,134.85696,Rainy,0.75
106,4,Verstappen (Red Bull),45.2667,180.12366,Rainy,0.75
106,5,Verstappen (Red Bull),45.38377,225.50743,Rainy,0.75
106,1,Norris (McLaren),45.32644,45.32644,Rainy,0.75
106,2,Norris (McLaren),45.16731,90.49376,Rainy,0.75
106,3,Norris (McLaren),46.06613,136.55988,Rainy,0.75
106,4,Norris (McLaren),45.14644,181.70633,Rainy,0.75
106,5,Norris (McLaren),45.75586,227.46218,Rainy,0.75
106,1,Leclerc (Ferrari),44.63347,44.63347,Rainy,0.75
106,2,Leclerc (Ferrari),44.80642,89.43989,Rainy,0.75
106,3,Leclerc (Ferrari),45.03899,134.47888,Rainy,0.75
106,4,Leclerc (Ferrari),45.14449,179.62337,Rainy,0.75
106,5,Leclerc (Ferrari),45.37663,225.0,Rainy,0.75
106,1,Russell (Williams),44.76593,44.76593,Rainy,0.75
106,2,Russell (Williams),46.11963,90.88556,Rainy,0.75
106,3,Russell (Williams),44.05628,134.94184,Rainy,0.75
106,4,Russell (Williams),43.59685,178.53869,Rainy,0.75
106,5,Russell (Williams),44.39561,222.9343,Rainy,0.75
106,1,Piastri (Alpine),45.45035,45.45035,Rainy,0.75
106,2,Piastri (Alpine),45.75956,91.20991,Rainy,0.75
106,3,Piastri (Alpine),45.41725,136.62716,Rainy,0.75
106,4,Piastri (Alpine),47.08373,183.7109,Rainy,0.75
106,5,Piastri (Alpine),44.22004,227.93094,Rainy,0.75
107,1,Hamilton (Mercedes),47.09873,47.09873,Rainy,0.75
107,2,Hamilton (Mercedes),46.06666,93.16539,Rainy,0.75
107,3,Hamilton (Mercedes),45.89077,139.05616,Rainy,0.75
107,4,Hamilton (Mercedes),46.51223,185.56839,Rainy,0.75
107,5,Hamilton (Mercedes),46.67765,232.24604,Rainy,0.75
107,1,Verstappen (Red Bull),45.18343,45.18343,Rainy,0.75
107,2,Verstappen (Red Bull),44.69053,89.87395,Rainy,0.75
107,3,Verstappen (Red Bull),44.80551,134.67946,Rainy,0.75
107,4,Verstappen (Red Bull),44.50967,179.18913,Rainy,0.75
107,5,Verstappen (Red Bull),45.38254,224.57168,Rainy,0.75
107,1,Norris (McLaren),45.56084,45.56084,Rainy,0.75
107,2,Norris (McLaren),45.7921,91.35294,Rainy,0.75
107,3,Norris (McLaren),45.16205,136.51499,Rainy,0.75
107,4,Norris (McLaren),45.72428,182.23928,Rainy,0.75
107,5,Norris (McLaren),43.84414,226.08342,Rainy,0.75
107,1,Leclerc (Ferrari),45.94487,45.94487,Rainy,0.75
107,2,Leclerc (Ferrari),45.60653,91.5514,Rainy,0.75
107,3,Leclerc (Ferrari),44.97414,136.52554,Rainy,0.75
107,4,Leclerc (Ferrari),45.29741,181.82295,Rainy,0.75
107,5,Leclerc (Ferrari),45.66401,227.48696,Rainy,0.75
107,1,Russell (Williams),45.50475,45.50475,Rainy,0.75
107,2,Russell (Williams),44.87006,90.37481,Rainy,0.75
107,3,Russell (Williams),44.88195,135.25676,Rainy,0.75
107,4,Russell (Williams),45.65913,180.91589,Rainy,0.75
107,5,Russell (Williams),45.10717,226.02306,Rainy,0.75
107,1,Piastri (Alpine),44.48315,44.48315,Rainy,0.75
107,2,Piastri (Alpine),46.70818,91.19133,Rainy,0.75
107,3,Piastri (Alpine),45.0188,136.21013,Rainy,0.75
107,4,Piastri (Alpine),46.54376,182.75389,Rainy,0.75
107,5,Piastri (Alpine),46.43377,229.18766,Rainy,0.75
108,1,Hamilton (Mercedes),44.8476,44.8476,Rainy,0.75
108,2,Hamilton (Mercedes),45.59148,90.43908,Rainy,0.75
108,3,Hamilton (Mercedes),46.0779,136.51698,Rainy,0.75
108,4,Hamilton (Mercedes),46.65463,183.17161,Rainy,0.75
108,5,Hamilton (Mercedes),45.79573,228.96734,Rainy,0.75
108,1,Verstappen (Red Bull),44.95297,44.95297,Rainy,0.75
108,2,Verstappen (Red Bull),45.47668,90.42964,Rainy,0.75
108,3,Verstappen (Red Bull),45.59031,136.01995,Rainy,0.75
108,4,Verstappen (Red Bull),44.91752,180.93747,Rainy,0.75
108,5,Verstappen (Red Bull),44.7978,225.73526,Rainy,0.75
108,1,Norris (McLaren),45.67548,45.67548,Rainy,0.75
108,2,Norris (McLaren),45.91797,91.59345,Rainy,0.75
108,3,Norris (McLaren),45.10106,136.69452,Rainy,0.75
108,4,Norris (McLaren),44.50507,181.19958,Rainy,0.75
108,5,Norris (McLaren),45.88594,227.08552,Rainy,0.75
108,1,Leclerc (Ferrari),44.75628,44.75628,Rainy,0.75
108,2,Leclerc (Ferrari),44.67049,89.42677,Rainy,0.75
108,3,Leclerc (Ferrari),46.27508,135.70185,Rainy,0.75
108,4,Leclerc (Ferrari),45.34361,181.04547,Rainy,0.75
108,5,Leclerc (Ferrari),45.47077,226.51623,Rainy,0.75
108,1,Russell (Williams),44.90695,44.90695,Rainy,0.75
108,2,Russell (Williams),46.99219,91.89915,Rainy,0.75
108,3,Russell (Williams),46.71773,138.61688,Rainy,0.75
108,4,Russell (Williams),45.2553,183.87218,Rainy,0.75
108,5,Russell (Williams),44.88773,228.75991,Rainy,0.75
108,1,Piastri (Alpine),45.23141,45.23141,Rainy,0.75
108,2,Piastri (Alpine),46.844,92.07541,Rainy,0.75
108,3,Piastri (Alpine),45.76401,137.83942,Rainy,0.75
108,4,Piastri (Alpine),46.51856,184.35798,Rainy,0.75
108,5,Piastri (Alpine),45.73595,230.09393,Rainy,0.75
109,1,Hamilton (Mercedes),46.0078,46.0078,Rainy,0.75
109,2,Hamilton (Mercedes),45.85574,91.86354,Rainy,0.75
109,3,Hamilton (Mercedes),46.51308,138.37662,Rainy,0.75
109,4,Hamilton (Mercedes),46.79775,185.17437,Rainy,0.75
109,5,Hamilton (Mercedes),46.13799,231.31236,Rainy,0.75
109,1,Verstappen (Red Bull),44.40534,44.40534,Rainy,0.75
109,2,Verstappen (Red Bull),44.39174,88.79707,Rainy,0.75
109,3,Verstappen (Red Bull),45.97831,134.77538,Rainy,0.75
109,4,Verstappen (Red Bull),45.94764,180.72302,Rainy,0.75
109,5,Verstappen (Red Bull),44.9376,225.66062,Rainy,0.75
109,1,Norris (McLaren),46.20207,46.20207,Rainy,0.75
109,2,Norris (McLaren),45.69474,91.89681,Rainy,0.75
109,3,Norris (McLaren),45.15274,137.04955,Rainy,0.75
109,4,Norris (McLaren),46.91422,183.96377,Rainy,0.75
109,5,Norris (McLaren),46.03611,229.99988,Rainy,0.75
109,1,Leclerc (Ferrari),45.69216,45.69216,Rainy,0.75
109,2,Leclerc (Ferrari),45.20983,90.90199,Rainy,0.75
109,3,Leclerc (Ferrari),44.75405,135.65603,Rainy,0.75
109,4,Leclerc (Ferrari),44.18138,179.83741,Rainy,0.75
109,5,Leclerc (Ferrari),45.01974,224.85716,Rainy,0.75
109,1,Russell (Williams),45.00051,45.00051,Rainy,0.75
109,2,Russell (Williams),46.21722,91.21773,Rainy,0.75
109,3,Russell (Williams),45.59905,136.81679,Rainy,0.75
109,4,Russell (Williams),45.28808,182.10486,Rainy,0.75
109,5,Russell (Williams),44.86452,226.96938,Rainy,0.75
109,1,Piastri (Alpine),43.65531,43.65531,Rainy,0.75
109,2,Piastri (Alpine),45.22906,88.88438,Rainy,0.75
109,3,Piastri (Alpine),47.02475,135.90912,Rainy,0.75
109,4,Piastri (Alpine),44.97428,180.8834,Rainy,0.75
109,5,Piastri (Alpine),46.83465,227.71805,Rainy,0.75
110,1,Hamilton (Mercedes),45.9999,45.9999,Rainy,0.75
110,2,Hamilton (Mercedes),45.5859,91.58581,Rainy,0.75
110,3,Hamilton (Mercedes),45.89995,137.48575,Rainy,0.75
110,4,Hamilton (Mercedes),45.59456,183.08031,Rainy,0.75
110,5,Hamilton (Mercedes),45.33529,228.4156,Rainy,0.75
110,1,Verstappen (Red Bull),44.6831,44.6831,Rainy,0.75
110,2,Verstappen (Red Bull),44.82167,89.50478,Rainy,0.75
110,3,Verstappen (Red Bull),45.62881,135.13359,Rainy,0.75
110,4,Verstappen (Red Bull),45.01038,180.14397,Rainy,0.75
110,5,Verstappen (Red Bull),45.5378,225.68177,Rainy,0.75
110,1,Norris (McLaren),43.72173,43.72173,Rainy,0.75
110,2,Norris (McLaren),45.26387,88.98559,Rainy,0.75
110,3,Norris (McLaren),46.14856,135.13415,Rainy,0.75
110,4,Norris (McLaren),46.42184,181.55599,Rainy,0.75
110,5,Norris (McLaren),45.23624,226.79222,Rainy,0.75
110,1,Leclerc (Ferrari),45.28361,45.28361,Rainy,0.75
110,2,Leclerc (Ferrari),45.18388,90.46749,Rainy,0.75
110,3,Leclerc (Ferrari),45.53321,136.0007,Rainy,0.75
110,4,Leclerc (Ferrari),43.74859,179.74929,Rainy,0.75
110,5,Leclerc (Ferrari),44.33036,224.07965,Rainy,0.75
110,1,Russell (Williams),44.33526,44.33526,Rainy,0.75
110,2,Russell (Williams),44.35514,88.6904,Rainy,0.75
110,3,Russell (Williams),44.65595,133.34635,Rainy,0.75
110,4,Russell (Williams),44.39223,177.73858,Rainy,0.75
110,5,Russell (Williams),45.26736,223.00594,Rainy,0.75
110,1,Piastri (Alpine),45.53719,45.53719,Rainy,0.75
110,2,Piastri (Alpine),45.07559,90.61278,Rainy,0.75
110,3,Piastri (Alpine),44.43606,135.04885,Rainy,0.75
110,4,Piastri (Alpine),44.84708,179.89593,Rainy,0.75
110,5,Piastri (Alpine),45.44491,225.34084,Rainy,0.75
111,1,Hamilton (Mercedes),45.6676,45.6676,Rainy,0.75
111,2,Hamilton (Mercedes),44.93631,90.60392,Rainy,0.75
111,3,Hamilton (Mercedes),46.63256,137.23648,Rainy,0.75
111,4,Hamilton (Mercedes),45.69269,182.92917,Rainy,0.75
111,5,Hamilton (Mercedes),46.39734,229.32651,Rainy,0.75
111,1,Verstappen (Red Bull),46.55251,46.55251,Rainy,0.75
111,2,Verstappen (Red Bull),44.85637,91.40888,Rainy,0.75
111,3,Verstappen (Red Bull),44.69034,136.09922,Rainy,0.75
111,4,Verstappen (Red Bull),44.79843,180.89765,Rainy,0.75
111,5,Verstappen (Red Bull),44.76043,225.65808,Rainy,0.75
111,1,Norris (McLaren),44.97274,44.97274,Rainy,0.75
111,2,Norris (McLaren),44.46508,89.43782,Rainy,0.75
111,3,Norris (McLaren),44.99259,134.4304,Rainy,0.75
111,4,Norris (McLaren),45.01892,179.44932,Rainy,0.75
111,5,Norris (McLaren),46.20399,225.65331,Rainy,0.75
111,1,Leclerc (Ferrari),44.82866,44.82866,Rainy,0.75
111,2,Leclerc (Ferrari),45.38447,90.21313,Rainy,0.75
111,3,Leclerc (Ferrari),45.2613,135.47443,Rainy,0.75
111,4,Leclerc (Ferrari),44.46033,179.93476,Rainy,0.75
111,5,Leclerc (Ferrari),45.62728,225.56203,Rainy,0.75
111,1,Russell (Williams),44.90562,44.90562,Rainy,0.75
111,2,Russell (Williams),45.8183,90.72391,Rainy,0.75
111,3,Russell (Williams),46.08537,136.80929,Rainy,0.75
111,4,Russell (Williams),43.9922,180.80148,Rainy,0.75
111,5,Russell (Williams),45.76397,226.56545,Rainy,0.75
111,1,Piastri (Alpine),45.47817,45.47817,Rainy,0.75
111,2,Piastri (Alpine),46.77103,92.2492,Rainy,0.75
111,3,Piastri (Alpine),46.11896,138.36815,Rainy,0.75
111,4,Piastri (Alpine),44.43315,182.80131,Rainy,0.75
111,5,Piastri (Alpine),45.54078,228.34209,Rainy,0.75
112,1,Hamilton (Mercedes),47.79126,47.79126,Rainy,0.75
112,2,Hamilton (Mercedes),46.8175,94.60876,Rainy,0.75
112,3,Hamilton (Mercedes),46.07965,140.68841,Rainy,0.75
112,4,Hamilton (Mercedes),45.47768,186.16609,Rainy,0.75
112,5,Hamilton (Mercedes),45.46702,231.63312,Rainy,0.75
112,1,Verstappen (Red Bull),45.48954,45.48954,Rainy,0.75
112,2,Verstappen (Red Bull),44.79749,90.28703,Rainy,0.75
112,3,Verstappen (Red Bull),45.71143,135.99846,Rainy,0.75
112,4,Verstappen (Red Bull),45.42846,181.42692,Rainy,0.75
112,5,Verstappen (Red Bull),45.44223,226.86915,Rainy,0.75
112,1,Norris (McLaren),45.51916,45.51916,Rainy,0.75
112,2,Norris (McLaren),46.53624,92.0554,Rainy,0.75
112,3,Norris (McLaren),46.78873,138.84414,Rainy,0.75
112,4,Norris (McLaren),44.98913,183.83326,Rainy,0.75
112,5,Norris (McLaren),45.64775,229.48101,Rainy,0.75
112,1,Leclerc (Ferrari),45.20815,45.20815,Rainy,0.75
112,2,Leclerc (Ferrari),45.13282,90.34097,Rainy,0.75
112,3,Leclerc (Ferrari),45.48174,135.82271,Rainy,0.75
112,4,Leclerc (Ferrari),44.07591,179.89862,Rainy,0.75
112,5,Leclerc (Ferrari),45.64787,225.54649,Rainy,0.75
112,1,Russell (Williams),45.43862,45.43862,Rainy,0.75
112,2,Russell (Williams),44.22833,89.66694,Rainy,0.75
112,3,Russell (Williams),45.92576,135.59271,Rainy,0.75
112,4,Russell (Williams),44.62248,180.21519,Rainy,0.75
112,5,Russell (Williams),44.48039,224.69558,Rainy,0.75
112,1,Piastri (Alpine),45.67037,45.67037,Rainy,0.75
112,2,Piastri (Alpine),44.76192,90.43229,Rainy,0.75
112,3,Piastri (Alpine),45.51442,135.9467,Rainy,0.75
112,4,Piastri (Alpine),46.39644,182.34315,Rainy,0.75
112,5,Piastri (Alpine),45.37878,227.72193,Rainy,0.75
113,1,Hamilton (Mercedes),45.08409,45.08409,Rainy,0.75
113,2,Hamilton (Mercedes),45.8598,90.94389,Rainy,0.75
113,3,Hamilton (Mercedes),46.34181,137.2857,Rainy,0.75
113,4,Hamilton (Mercedes),46.39927,183.68496,Rainy,0.75
113,5,Hamilton (Mercedes),45.60932,229.29428,Rainy,0.75
113,1,Verstappen (Red Bull),45.54853,45.54853,Rainy,0.75
113,2,Verstappen (Red Bull),45.99,91.53853,Rainy,0.75
113,3,Verstappen (Red Bull),45.58309,137.12162,Rainy,0.75
113,4,Verstappen (Red Bull),45.3781,182.49972,Rainy,0.75
113,5,Verstappen (Red Bull),44.93783,227.43754,Rainy,0.75
113,1,Norris (McLaren),44.47053,44.47053,Rainy,0.75
113,2,Norris (McLaren),45.05236,89.52289,Rainy,0.75
113,3,Norris (McLaren),45.78773,135.31062,Rainy,0.75
113,4,Norris (McLaren),44.77262,180.08324,Rainy,0.75
113,5,Norris (McLaren),45.5801,225.66334,Rainy,0.75
113,1,Leclerc (Ferrari),45.11939,45.11939,Rainy,0.75
113,2,Leclerc (Ferrari),44.91354,90.03293,Rainy,0.75
113,3,Leclerc (Ferrari),45.29536,135.32829,Rainy,0.75
113,4,Leclerc (Ferrari),44.64002,179.96831,Rainy,0.75
113,5,Leclerc (Ferrari),44.81394,224.78225,Rainy,0.75
113,1,Russell (Williams),45.28701,45.28701,Rainy,0.75
113,2,Russell (Williams),45.43702,90.72403,Rainy,0.75
113,3,Russell (Williams),43.86265,134.58668,Rainy,0.75
113,4,Russell (Williams),45.23787,179.82455,Rainy,0.75
113,5,Russell (Williams),45.23931,225.06385,Rainy,0.75
113,1,Piastri (Alpine),44.28682,44.28682,Rainy,0.75
113,2,Piastri (Alpine),46.75226,91.03908,Rainy,0.75
113,3,Piastri (Alpine),45.23356,136.27264,Rainy,0.75
113,4,Piastri (Alpine),44.27297,180.54561,Rainy,0.75
113,5,Piastri (Alpine),46.6169,227.16251,Rainy,0.75
114,1,Hamilton (Mercedes),45.84211,45.84211,Rainy,0.75
114,2,Hamilton (Mercedes),46.41075,92.25286,Rainy,0.75
114,3,Hamilton (Mercedes),46.18066,138.43351,Rainy,0.75
114,4,Hamilton (Mercedes),45.69916,184.13268,Rainy,0.75
114,5,Hamilton (Mercedes),45.88535,230.01803,Rainy,0.75
114,1,Verstappen (Red Bull),45.09401,45.09401,Rainy,0.75
114,2,Verstappen (Red Bull),44.95548,90.04949,Rainy,0.75
114,3,Verstappen (Red Bull),44.89659,134.94608,Rainy,0.75
114,4,Verstappen (Red Bull),45.47378,180.41986,Rainy,0.75
114,5,Verstappen (Red Bull),45.05518,225.47504,Rainy,0.75
114,1,Norris (McLaren),44.76018,44.76018,Rainy,0.75
114,2,Norris (McLaren),45.12221,89.88239,Rainy,0.75
114,3,Norris (McLaren),45.62986,135.51225,Rainy,0.75
114,4,Norris (McLaren),45.35105,180.8633,Rainy,0.75
114,5,Norris (McLaren),45.39431,226.25761,Rainy,0.75
114,1,Leclerc (Ferrari),44.81174,44.81174,Rainy,0.75
114,2,Leclerc (Ferrari),44.51159,89.32333,Rainy,0.75
114,3,Leclerc (Ferrari),45.61213,134.93546,Rainy,0.75
114,4,Leclerc (Ferrari),44.1809,179.11636,Rainy,0.75
114,5,Leclerc (Ferrari),45.80017,224.91652,Rainy,0.75
114,1,Russell (Williams),44.93283,44.93283,Rainy,0.75
114,2,Russell (Williams),45.76657,90.6994,Rainy,0.75
114,3,Russell (Williams),45.62726,136.32666,Rainy,0.75
114,4,Russell (Williams),44.73543,181.0621,Rainy,0.75
114,5,Russell (Williams),45.83782,226.89992,Rainy,0.75
114,1,Piastri (Alpine),45.14437,45.14437,Rainy,0.75
114,2,Piastri (Alpine),46.0389,91.18327,Rainy,0.75
114,3,Piastri (Alpine),44.96444,136.14771,Rainy,0.75
114,4,Piastri (Alpine),46.16778,182.3155,Rainy,0.75
114,5,Piastri (Alpine),46.05674,228.37224,Rainy,0.75
115,1,Hamilton (Mercedes),46.42637,46.42637,Rainy,0.75
115,2,Hamilton (Mercedes),45.47,91.89637,Rainy,0.75
115,3,Hamilton (Mercedes),45.59989,137.49626,Rainy,0.75
115,4,Hamilton (Mercedes),45.08849,182.58476,Rainy,0.75
115,5,Hamilton (Mercedes),46.17205,228.7568,Rainy,0.75
115,1,Verstappen (Red Bull),44.94332,44.94332,Rainy,0.75
115,2,Verstappen (Red Bull),46.07092,91.01424,Rainy,0.75
115,3,Verstappen (Red Bull),45.83177,136.84602,Rainy,0.75
115,4,Verstappen (Red Bull),45.63647,182.48248,Rainy,0.75
115,5,Verstappen (Red Bull),45.793,228.27548,Rainy,0.75
115,1,Norris (McLaren),45.52876,45.52876,Rainy,0.75
115,2,Norris (McLaren),46.22324,91.752,Rainy,0.75
115,3,Norris (McLaren),46.02622,137.77821,Rainy,0.75
115,4,Norris (McLaren),45.96001,183.73823,Rainy,0.75
115,5,Norris (McLaren),45.82218,229.5604,Rainy,0.75
115,1,Leclerc (Ferrari),46.15813,46.15813,Rainy,0.75
115,2,Leclerc (Ferrari),45.57055,91.72868,Rainy,0.75
115,3,Leclerc (Ferrari),46.94285,138.67153,Rainy,0.75
115,4,Leclerc (Ferrari),45.2251,183.89662,Rainy,0.75
115,5,Leclerc (Ferrari),44.57368,228.4703,Rainy,0.75
115,1,Russell (Williams),45.42703,45.42703,Rainy,0.75
115,2,Russell (Williams),45.46311,90.89014,Rainy,0.75
115,3,Russell (Williams),45.61342,136.50357,Rainy,0.75
115,4,Russell (Williams),45.08232,181.58588,Rainy,0.75
115,5,Russell (Williams),44.93536,226.52124,Rainy,0.75
115,1,Piastri (Alpine),45.52671,45.52671,Rainy,0.75
115,2,Piastri (Alpine),46.48664,92.01335,Rainy,0.75
115,3,Piastri (Alpine),45.79293,137.80628,Rainy,0.75
115,4,Piastri (Alpine),45.97529,183.78157,Rainy,0.75
115,5,Piastri (Alpine),45.47653,229.2581,Rainy,0.75
116,1,Hamilton (Mercedes),46.33747,46.33747,Rainy,0.75
116,2,Hamilton (Mercedes),45.65674,91.99421,Rainy,0.75
116,3,Hamilton (Mercedes),45.94586,137.94007,Rainy,0.75
116,4,Hamilton (Mercedes),46.22774,184.16781,Rainy,0.75
116,5,Hamilton (Mercedes),46.89968,231.06749,Rainy,0.75
116,1,Verstappen (Red Bull),44.79215,44.79215,Rainy,0.75
116,2,Verstappen (Red Bull),45.5839,90.37605,Rainy,0.75
116,3,Verstappen (Red Bull),45.51882,135.89487,Rainy,0.75
116,4,Verstappen (Red Bull),45.59977,181.49464,Rainy,0.75
116,5,Verstappen (Red Bull),46.01129,227.50592,Rainy,0.75
116,1,Norris (McLaren),44.82464,44.82464,Rainy,0.75
116,2,Norris (McLaren),45.93435,90.75899,Rainy,0.75
116,3,Norris (McLaren),45.77043,136.52943,Rainy,0.75
116,4,Norris (McLaren),44.32061,180.85004,Rainy,0.75
116,5,Norris (McLaren),45.16973,226.01976,Rainy,0.75
116,1,Leclerc (Ferrari),44.48935,44.48935,Rainy,0.75
116,2,Leclerc (Ferrari),45.29433,89.78368,Rainy,0.75
116,3,Leclerc (Ferrari),45.67951,135.46319,Rainy,0.75
116,4,Leclerc (Ferrari),44.36544,179.82863,Rainy,0.75
116,5,Leclerc (Ferrari),44.8826,224.71122,Rainy,0.75
116,1,Russell (Williams),44.4485,44.4485,Rainy,0.75
116,2,Russell (Williams),44.94151,89.39001,Rainy,0.75
116,3,Russell (Williams),45.46177,134.85178,Rainy,0.75
116,4,Russell (Williams),44.83696,179.68875,Rainy,0.75
116,5,Russell (Williams),45.51178,225.20053,Rainy,0.75
116,1,Piastri (Alpine),45.82544,45.82544,Rainy,0.75
116,2,Piastri (Alpine),44.56548,90.39092,Rainy,0.75
116,3,Piastri (Alpine),45.75621,136.14713,Rainy,0.75
116,4,Piastri (Alpine),44.15168,180.29881,Rainy,0.75
116,5,Piastri (Alpine),46.78466,227.08347,Rainy,0.75
117,1,Hamilton (Mercedes),45.42342,45.42342,Rainy,0.75
117,2,Hamilton (Mercedes),46.72102,92.14444,Rainy,0.75
117,3,Hamilton (Mercedes),45.62842,137.77286,Rainy,0.75
117,4,Hamilton (Mercedes),45.47221,183.24506,Rainy,0.75
117,5,Hamilton (Mercedes),46.70298,229.94804,Rainy,0.75
117,1,Verstappen (Red Bull),44.90677,44.90677,Rainy,0.75
117,2,Verstappen (Red Bull),44.95447,89.86124,Rainy,0.75
117,3,Verstappen (Red Bull),45.09216,134.95339,Rainy,0.75
117,4,Verstappen (Red Bull),45.88286,180.83625,Rainy,0.75
117,5,Verstappen (Red Bull),45.21579,226.05204,Rainy,0.75
117,1,Norris (McLaren),45.35248,45.35248,Rainy,0.75
117,2,Norris (McLaren),45.9202,91.27268,Rainy,0.75
117,3,Norris (McLaren),46.17585,137.44853,Rainy,0.75
117,4,Norris (McLaren),45.17113,182.61966,Rainy,0.75
117,5,Norris (McLaren),45.04288,227.66254,Rainy,0.75
117,1,Leclerc (Ferrari),45.28257,45.28257,Rainy,0.75
117,2,Leclerc (Ferrari),44.21072,89.49329,Rainy,0.75
117,3,Leclerc (Ferrari),44.89097,134.38426,Rainy,0.75
117,4,Leclerc (Ferrari),44.24066,178.62492,Rainy,0.75
117,5,Leclerc (Ferrari),44.96079,223.58572,Rainy,0.75
117,1,Russell (Williams),44.5319,44.5319,Rainy,0.75
117,2,Russell (Williams),46.24859,90.78049,Rainy,0.75
117,3,Russell (Williams),45.74421,136.5247,Rainy,0.75
117,4,Russell (Williams),45.12337,181.64808,Rainy,0.75
117,5,Russell (Williams),45.60594,227.25402,Rainy,0.75
117,1,Piastri (Alpine),45.33269,45.33269,Rainy,0.75
117,2,Piastri (Alpine),44.87827,90.21096,Rainy,0.75
117,3,Piastri (Alpine),46.67705,136.88801,Rainy,0.75
117,4,Piastri (Alpine),45.69713,182.58513,Rainy,0.75
117,5,Piastri (Alpine),46.55543,229.14056,Rainy,0.75
118,1,Hamilton (Mercedes),45.66047,45.66047,Rainy,0.75
118,2,Hamilton (Mercedes),46.51716,92.17763,Rainy,0.75
118,3,Hamilton (Mercedes),45.41353,137.59116,Rainy,0.75
118,4,Hamilton (Mercedes),46.22741,183.81857,Rainy,0.75
118,5,Hamilton (Mercedes),46.09743,229.916,Rainy,0.75
118,1,Verstappen (Red Bull),45.29343,45.29343,Rainy,0.75
118,2,Verstappen (Red Bull),45.37939,90.67283,Rainy,0.75
118,3,Verstappen (Red Bull),45.44245,136.11527,Rainy,0.75
118,4,Verstappen (Red Bull),45.38303,181.4983,Rainy,0.75
118,5,Verstappen (Red Bull),44.95559,226.45389,Rainy,0.75
118,1,Norris (McLaren),45.51722,45.51722,Rainy,0.75
118,2,Norris (McLaren),46.28922,91.80645,Rainy,0.75
118,3,Norris (McLaren),44.91363,136.72008,Rainy,0.75
118,4,Norris (McLaren),45.74498,182.46506,Rainy,0.75
118,5,Norris (McLaren),45.06776,227.53283,Rainy,0.75
118,1,Leclerc (Ferrari),46.15356,46.15356,Rainy,0.75
118,2,Leclerc (Ferrari),45.33912,91.49268,Rainy,0.75
118,3,Leclerc (Ferrari),45.66804,137.16072,Rainy,0.75
118,4,Leclerc (Ferrari),45.73026,182.89097,Rainy,0.75
118,5,Leclerc (Ferrari),44.90882,227.79979,Rainy,0.75
118,1,Russell (Williams),45.02387,45.02387,Rainy,0.75
118,2,Russell (Williams),43.46796,88.49183,Rainy,0.75
118,3,Russell (Williams),46.26057,134.7524,Rainy,0.75
118,4,Russell (Williams),44.67267,179.42507,Rainy,0.75
118,5,Russell (Williams),45.62054,225.04561,Rainy,0.75
118,1,Piastri (Alpine),45.81085,45.81085,Rainy,0.75
118,2,Piastri (Alpine),46.14097,91.95182,Rainy,0.75
118,3,Piastri (Alpine),45.64889,137.60071,Rainy,0.75
118,4,Piastri (Alpine),45.06763,182.66834,Rainy,0.75
118,5,Piastri (Alpine),44.92564,227.59398,Rainy,0.75
119,1,Hamilton (Mercedes),46.45068,46.45068,Rainy,0.75
119,2,Hamilton (Mercedes),45.96312,92.4138,Rainy,0.75
119,3,Hamilton (Mercedes),45.17294,137.58674,Rainy,0.75
119,4,Hamilton (Mercedes),45.65229,183.23903,Rainy,0.75
119,5,Hamilton (Mercedes),45.46914,228.70817,Rainy,0.75
119,1,Verstappen (Red Bull),45.58208,45.58208,Rainy,0.75
119,2,Verstappen (Red Bull),44.75934,90.34142,Rainy,0.75
119,3,Verstappen (Red Bull),44.84035,135.18177,Rainy,0.75
119,4,Verstappen (Red Bull),45.00621,180.18798,Rainy,0.75
119,5,Verstappen (Red Bull),45.32517,225.51316,Rainy,0.75
119,1,Norris (McLaren),44.10366,44.10366,Rainy,0.75
119,2,Norris (McLaren),46.27561,90.37927,Rainy,0.75
119,3,Norris (McLaren),44.27126,134.65053,Rainy,0.75
119,4,Norris (McLaren),45.49672,180.14726,Rainy,0.75
119,5,Norris (McLaren),45.06459,225.21185,Rainy,0.75
119,1,Leclerc (Ferrari),46.3814,46.3814,Rainy,0.75
119,2,Leclerc (Ferrari),43.91751,90.29892,Rainy,0.75
119,3,Leclerc (Ferrari),45.23343,135.53235,Rainy,0.75
119,4,Leclerc (Ferrari),44.81129,180.34364,Rainy,0.75
119,5,Leclerc (Ferrari),44.2348,224.57844,Rainy,0.75
119,1,Russell (Williams),45.2574,45.2574,Rainy,0.75
119,2,Russell (Williams),45.88176,91.13916,Rainy,0.75
119,3,Russell (Williams),44.65694,135.7961,Rainy,0.75
119,4,Russell (Williams),45.84012,181.63622,Rainy,0.75
119,5,Russell (Williams),45.03507,226.67129,Rainy,0.75
119,1,Piastri (Alpine),45.00881,45.00881,Rainy,0.75
119,2,Piastri (Alpine),46.22398,91.23279,Rainy,0.75
119,3,Piastri (Alpine),45.43773,136.67051,Rainy,0.75
119,4,Piastri (Alpine),45.82963,182.50014,Rainy,0.75
119,5,Piastri (Alpine),46.1531,228.65324,Rainy,0.75
120,1,Hamilton (Mercedes),45.24947,45.24947,Rainy,0.75
120,2,Hamilton (Mercedes),46.42826,91.67772,Rainy,0.75
120,3,Hamilton (Mercedes),46.19602,137.87374,Rainy,0.75
120,4,Hamilton (Mercedes),45.02428,182.89802,Rainy,0.75
120,5,Hamilton (Mercedes),46.38357,229.28158,Rainy,0.75
120,1,Verstappen (Red Bull),44.68709,44.68709,Rainy,0.75
120,2,Verstappen (Red Bull),45.11459,89.80169,Rainy,0.75
120,3,Verstappen (Red Bull),44.66803,134.46971,Rainy,0.75
120,4,Verstappen (Red Bull),45.94753,180.41725,Rainy,0.75
120,5,Verstappen (Red Bull),44.48947,224.90672,Rainy,0.75
120,1,Norris (McLaren),46.20128,46.20128,Rainy,0.75
120,2,Norris (McLaren),45.43562,91.6369,Rainy,0.75
120,3,Norris (McLaren),46.35045,137.98735,Rainy,0.75
120,4,Norris (McLaren),45.76655,183.7539,Rainy,0.75
120,5,Norris (McLaren),46.143,229.8969,Rainy,0.75
120,1,Leclerc (Ferrari),44.28879,44.28879,Rainy,0.75
120,2,Leclerc (Ferrari),46.0533,90.34209,Rainy,0.75
120,3,Leclerc (Ferrari),44.79651,135.1386,Rainy,0.75
120,4,Leclerc (Ferrari),45.08591,180.22451,Rainy,0.75
120,5,Leclerc (Ferrari),46.21761,226.44212,Rainy,0.75
120,1,Russell (Williams),45.63195,45.63195,Rainy,0.75
120,2,Russell (Williams),44.86734,90.49929,Rainy,0.75
120,3,Russell (Williams),45.9156,136.41489,Rainy,0.75
120,4,Russell (Williams),44.36516,180.78005,Rainy,0.75
120,5,Russell (Williams),44.77994,225.55999,Rainy,0.75
120,1,Piastri (Alpine),45.94268,45.94268,Rainy,0.75
120,2,Piastri (Alpine),45.58765,91.53033,Rainy,0.75
120,3,Piastri (Alpine),45.89627,137.4266,Rainy,0.75
120,4,Piastri (Alpine),44.91114,182.33774,Rainy,0.75
120,5,Piastri (Alpine),45.15474,227.49248,Rainy,0.75
121,1,Hamilton (Mercedes),46.29363,46.29363,Rainy,0.75
121,2,Hamilton (Mercedes),46.79741,93.09104,Rainy,0.75
121,3,Hamilton (Mercedes),45.71272,138.80376,Rainy,0.75
121,4,Hamilton (Mercedes),45.79332,184.59708,Rainy,0.75
121,5,Hamilton (Mercedes),45.29039,229.88747,Rainy,0.75
121,1,Verstappen (Red Bull),45.70768,45.70768,Rainy,0.75
121,2,Verstappen (Red Bull),44.62757,90.33525,Rainy,0.75
121,3,Verstappen (Red Bull),46.00931,136.34456,Rainy,0.75
121,4,Verstappen (Red Bull),45.92542,182.26999,Rainy,0.75
121,5,Verstappen (Red Bull),45.73657,228.00656,Rainy,0.75
121,1,Norris (McLaren),45.09261,45.09261,Rainy,0.75
121,2,Norris (McLaren),45.89148,90.98409,Rainy,0.75
121,3,Norris (McLaren),45.44976,136.43385,Rainy,0.75
121,4,Norris (McLaren),45.20268,181.63653,Rainy,0.75
121,5,Norris (McLaren),45.00339,226.63992,Rainy,0.75
121,1,Leclerc (Ferrari),45.11645,45.11645,Rainy,0.75
121,2,Leclerc (Ferrari),44.99612,90.11257,Rainy,0.75
121,3,Leclerc (Ferrari),43.66296,133.77554,Rainy,0.75
121,4,Leclerc (Ferrari),45.09551,178.87105,Rainy,0.75
121,5,Leclerc (Ferrari),44.39043,223.26148,Rainy,0.75
121,1,Russell (Williams),44.56506,44.56506,Rainy,0.75
121,2,Russell (Williams),45.20543,89.77049,Rainy,0.75
121,3,Russell (Williams),45.6489,135.41939,Rainy,0.75
121,4,Russell (Williams),45.80442,181.22381,Rainy,0.75
121,5,Russell (Williams),45.40884,226.63266,Rainy,0.75
121,1,Piastri (Alpine),45.25454,45.25454,Rainy,0.75
121,2,Piastri (Alpine),46.43042,91.68496,Rainy,0.75
121,3,Piastri (Alpine),45.00903,136.69399,Rainy,0.75
121,4,Piastri (Alpine),44.91855,181.61254,Rainy,0.75
121,5,Piastri (Alpine),45.44089,227.05343,Rainy,0.75
122,1,Hamilton (Mercedes),46.91545,46.91545,Rainy,0.75
122,2,Hamilton (Mercedes),46.13837,93.05382,Rainy,0.75
122,3,Hamilton (Mercedes),45.80677,138.86058,Rainy,0.75
122,4,Hamilton (Mercedes),45.98808,184.84867,Rainy,0.75
122,5,Hamilton (Mercedes),45.65705,230.50572,Rainy,0.75
122,1,Verstappen (Red Bull),46.45928,46.45928,Rainy,0.75
122,2,Verstappen (Red Bull),45.14659,91.60588,Rainy,0.75
122,3,Verstappen (Red Bull),45.8883,137.49417,Rainy,0.75
122,4,Verstappen (Red Bull),44.55784,182.05201,Rainy,0.75
122,5,Verstappen (Red Bull),46.57349,228.6255,Rainy,0.75
122,1,Norris (McLaren),44.95028,44.95028,Rainy,0.75
122,2,Norris (McLaren),45.49535,90.44563,Rainy,0.75
122,3,Norris (McLaren),45.9228,136.36843,Rainy,0.75
122,4,Norris (McLaren),45.48389,181.85232,Rainy,0.75
122,5,Norris (McLaren),45.60794,227.46026,Rainy,0.75
122,1,Leclerc (Ferrari),45.90564,45.90564,Rainy,0.75
122,2,Leclerc (Ferrari),43.91014,89.81578,Rainy,0.75
122,3,Leclerc (Ferrari),44.46347,134.27925,Rainy,0.75
122,4,Leclerc (Ferrari),44.62298,178.90223,Rainy,0.75
122,5,Leclerc (Ferrari),45.94406,224.84629,Rainy,0.75
122,1,Russell (Williams),44.31762,44.31762,Rainy,0.75
122,2,Russell (Williams),45.6055,89.92312,Rainy,0.75
122,3,Russell (Williams),45.66608,135.58921,Rainy,0.75
122,4,Russell (Williams),44.55284,180.14205,Rainy,0.75
122,5,Russell (Williams),43.92661,224.06865,Rainy,0.75
122,1,Piastri (Alpine),44.39228,44.39228,Rainy,0.75
122,2,Piastri (Alpine),43.91459,88.30687,Rainy,0.75
122,3,Piastri (Alpine),46.08526,134.39213,Rainy,0.75
122,4,Piastri (Alpine),44.16201,178.55414,Rainy,0.75
122,5,Piastri (Alpine),45.75146,224.3056,Rainy,0.75
123,1,Hamilton (Mercedes),46.22474,46.22474,Rainy,0.75
123,2,Hamilton (Mercedes),45.38611,91.61085,Rainy,0.75
123,3,Hamilton (Mercedes),46.21114,137.82199,Rainy,0.75
123,4,Hamilton (Mercedes),46.08496,183.90695,Rainy,0.75
123,5,Hamilton (Mercedes),45.38488,229.29183,Rainy,0.75
123,1,Verstappen (Red Bull),45.93654,45.93654,Rainy,0.75
123,2,Verstappen (Red Bull),45.64562,91.58216,Rainy,0.75
123,3,Verstappen (Red Bull),45.25224,136.8344,Rainy,0.75
123,4,Verstappen (Red Bull),45.08961,181.92401,Rainy,0.75
123,5,Verstappen (Red Bull),44.71693,226.64094,Rainy,0.75
123,1,Norris (McLaren),46.3415,46.3415,Rainy,0.75
123,2,Norris (McLaren),45.18915,91.53065,Rainy,0.75
123,3,Norris (McLaren),45.65875,137.1894,Rainy,0.75
123,4,Norris (McLaren),45.80287,182.99227,Rainy,0.75
123,5,Norris (McLaren),46.47128,229.46355,Rainy,0.75
123,1,Leclerc (Ferrari),45.68939,45.68939,Rainy,0.75
123,2,Leclerc (Ferrari),45.49237,91.18176,Rainy,0.75
123,3,Leclerc (Ferrari),44.8479,136.02966,Rainy,0.75
123,4,Leclerc (Ferrari),44.87718,180.90684,Rainy,0.75
123,5,Leclerc (Ferrari),44.86713,225.77397,Rainy,0.75
123,1,Russell (Williams),45.68806,45.68806,Rainy,0.75
123,2,Russell (Williams),44.69892,90.38697,Rainy,0.75
123,3,Russell (Williams),44.42401,134.81099,Rainy,0.75
123,4,Russell (Williams),44.9837,179.79468,Rainy,0.75
123,5,Russell (Williams),44.76434,224.55903,Rainy,0.75
123,1,Piastri (Alpine),44.95595,44.95595,Rainy,0.75
123,2,Piastri (Alpine),45.10732,90.06326,Rainy,0.75
123,3,Piastri (Alpine),44.68516,134.74843,Rainy,0.75
123,4,Piastri (Alpine),47.31599,182.06441,Rainy,0.75
123,5,Piastri (Alpine),45.56427,227.62868,Rainy,0.75
124,1,Hamilton (Mercedes),46.72908,46.72908,Rainy,0.75
124,2,Hamilton (Mercedes),45.8357,92.56478,Rainy,0.75
124,3,Hamilton (Mercedes),46.4793,139.04408,Rainy,0.75
124,4,Hamilton (Mercedes),46.15981,185.20389,Rainy,0.75
124,5,Hamilton (Mercedes),45.37768,230.58156,Rainy,0.75
124,1,Verstappen (Red Bull),45.53708,45.53708,Rainy,0.75
124,2,Verstappen (Red Bull),44.69713,90.23421,Rainy,0.75
124,3,Verstappen (Red Bull),45.18796,135.42218,Rainy,0.75
124,4,Verstappen (Red Bull),45.41919,180.84137,Rainy,0.75
124,5,Verstappen (Red Bull),46.07181,226.91318,Rainy,0.75
124,1,Norris (McLaren),45.38772,45.38772,Rainy,0.75
124,2,Norris (McLaren),44.71252,90.10024,Rainy,0.75
124,3,Norris (McLaren),44.41993,134.52017,Rainy,0.75
124,4,Norris (McLaren),44.86999,179.39015,Rainy,0.75
124,5,Norris (McLaren),45.85762,225.24778,Rainy,0.75
124,1,Leclerc (Ferrari),45.12327,45.12327,Rainy,0.75
124,2,Leclerc (Ferrari),46.24636,91.36963,Rainy,0.75
124,3,Leclerc (Ferrari),45.22595,136.59558,Rainy,0.75
124,4,Leclerc (Ferrari),45.28765,181.88323,Rainy,0.75
124,5,Leclerc (Ferrari),44.53842,226.42165,Rainy,0.75
124,1,Russell (Williams),45.57376,45.57376,Rainy,0.75
124,2,Russell (Williams),46.65609,92.22986,Rainy,0.75
124,3,Russell (Williams),45.37611,137.60596,Rainy,0.75
124,4,Russell (Williams),44.49129,182.09725,Rainy,0.75
124,5,Russell (Williams),45.0814,227.17865,Rainy,0.75
124,1,Piastri (Alpine),45.12574,45.12574,Rainy,0.75
124,2,Piastri (Alpine),45.19377,90.31951,Rainy,0.75
124,3,Piastri (Alpine),46.15745,136.47696,Rainy,0.75
124,4,Piastri (Alpine),45.96129,182.43826,Rainy,0.75
124,5,Piastri (Alpine),45.91038,228.34863,Rainy,0.75
125,1,Hamilton (Mercedes),45.42005,45.42005,Rainy,0.75
125,2,Hamilton (Mercedes),46.75216,92.17221,Rainy,0.75
125,3,Hamilton (Mercedes),45.95381,138.12601,Rainy,0.75
125,4,Hamilton (Mercedes),45.51759,183.6436,Rainy,0.75
125,5,Hamilton (Mercedes),47.53193,231.17553,Rainy,0.75
125,1,Verstappen (Red Bull),45.56448,45.56448,Rainy,0.75
125,2,Verstappen (Red Bull),45.10576,90.67024,Rainy,0.75
125,3,Verstappen (Red Bull),44.56573,135.23597,Rainy,0.75
125,4,Verstappen (Red Bull),45.88803,181.124,Rainy,0.75
125,5,Verstappen (Red Bull),45.05883,226.18283,Rainy,0.75
125,1,Norris (McLaren),46.21408,46.21408,Rainy,0.75
125,2,Norris (McLaren),44.66005,90.87413,Rainy,0.75
125,3,Norris (McLaren),46.27786,137.152,Rainy,0.75
125,4,Norris (McLaren),45.66486,182.81686,Rainy,0.75
125,5,Norris (McLaren),44.24944,227.0663,Rainy,0.75
125,1,Leclerc (Ferrari),44.62912,44.62912,Rainy,0.75
125,2,Leclerc (Ferrari),45.53608,90.16519,Rainy,0.75
125,3,Leclerc (Ferrari),44.67013,134.83532,Rainy,0.75
125,4,Leclerc (Ferrari),44.96326,179.79858,Rainy,0.75
125,5,Leclerc (Ferrari),45.57241,225.37099,Rainy,0.75
125,1,Russell (Williams),44.41563,44.41563,Rainy,0.75
125,2,Russell (Williams),44.26403,88.67966,Rainy,0.75
125,3,Russell (Williams),46.20157,134.88123,Rainy,0.75
125,4,Russell (Williams),45.26354,180.14477,Rainy,0.75
125,5,Russell (Williams),44.99824,225.14301,Rainy,0.75
125,1,Piastri (Alpine),44.91467,44.91467,Rainy,0.75
125,2,Piastri (Alpine),45.10542,90.02009,Rainy,0.75
125,3,Piastri (Alpine),45.85717,135.87726,Rainy,0.75
125,4,Piastri (Alpine),46.31034,182.1876,Rainy,0.75
125,5,Piastri (Alpine),44.47809,226.66568,Rainy,0.75
126,1,Hamilton (Mercedes),45.79644,45.79644,Rainy,0.75
126,2,Hamilton (Mercedes),45.6687,91.46514,Rainy,0.75
126,3,Hamilton (Mercedes),46.20961,137.67476,Rainy,0.75
126,4,Hamilton (Mercedes),45.54404,183.2188,Rainy,0.75
126,5,Hamilton (Mercedes),46.47064,229.68944,Rainy,0.75
126,1,Verstappen (Red Bull),46.13164,46.13164,Rainy,0.75
126,2,Verstappen (Red Bull),44.41501,90.54665,Rainy,0.75
126,3,Verstappen (Red Bull),44.97072,135.51736,Rainy,0.75
126,4,Verstappen (Red Bull),45.15241,180.66978,Rainy,0.75
126,5,Verstappen (Red Bull),44.76908,225.43886,Rainy,0.75
126,1,Norris (McLaren),45.12129,45.12129,Rainy,0.75
126,2,Norris (McLaren),44.43546,89.55675,Rainy,0.75
126,3,Norris (McLaren),44.6774,134.23415,Rainy,0.75
126,4,Norris (McLaren),46.19801,180.43216,Rainy,0.75
126,5,Norris (McLaren),46.37839,226.81055,Rainy,0.75
126,1,Leclerc (Ferrari),45.07611,45.07611,Rainy,0.75
126,2,Leclerc (Ferrari),45.47656,90.55267,Rainy,0.75
126,3,Leclerc (Ferrari),44.2746,134.82727,Rainy,0.75
126,4,Leclerc (Ferrari),45.44195,180.26923,Rainy,0.75
126,5,Leclerc (Ferrari),45.70028,225.96951,Rainy,0.75
126,1,Russell (Williams),44.00746,44.00746,Rainy,0.75
126,2,Russell (Williams),44.86167,88.86913,Rainy,0.75
126,3,Russell (Williams),46.41531,135.28444,Rainy,0.75
126,4,Russell (Williams),44.19425,179.47868,Rainy,0.75
126,5,Russell (Williams),44.54253,224.02121,Rainy,0.75
126,1,Piastri (Alpine),46.56061,46.56061,Rainy,0.75
126,2,Piastri (Alpine),45.64781,92.20842,Rainy,0.75
126,3,Piastri (Alpine),45.86581,138.07422,Rainy,0.75
126,4,Piastri (Alpine),45.94299,184.01721,Rainy,0.75
126,5,Piastri (Alpine),44.92531,228.94252,Rainy,0.75
127,1,Hamilton (Mercedes),45.75035,45.75035,Rainy,0.75
127,2,Hamilton (Mercedes),45.26008,91.01044,Rainy,0.75
127,3,Hamilton (Mercedes),46.11211,137.12255,Rainy,0.75
127,4,Hamilton (Mercedes),46.30953,183.43208,Rainy,0.75
127,5,Hamilton (Mercedes),46.49746,229.92954,Rainy,0.75
127,1,Verstappen (Red Bull),45.13121,45.13121,Rainy,0.75
127,2,Verstappen (Red Bull),44.62826,89.75947,Rainy,0.75
127,3,Verstappen (Red Bull),44.89956,134.65902,Rainy,0.75
127,4,Verstappen (Red Bull),44.60229,179.26132,Rainy,0.75
127,5,Verstappen (Red Bull),44.63861,223.89992,Rainy,0.75
127,1,Norris (McLaren),46.01817,46.01817,Rainy,0.75
127,2,Norris (McLaren),44.54234,90.56051,Rainy,0.75
127,3,Norris (McLaren),45.89127,136.45178,Rainy,0.75
127,4,Norris (McLaren),43.96132,180.4131,Rainy,0.75
127,5,Norris (McLaren),45.3528,225.7659,Rainy,0.75
127,1,Leclerc (Ferrari),44.73326,44.73326,Rainy,0.75
127,2,Leclerc (Ferrari),45.7841,90.51736,Rainy,0.75
127,3,Leclerc (Ferrari),45.68825,136.20561,Rainy,0.75
127,4,Leclerc (Ferrari),44.20731,180.41291,Rainy,0.75
127,5,Leclerc (Ferrari),45.95292,226.36583,Rainy,0.75
127,1,Russell (Williams),45.52334,45.52334,Rainy,0.75
127,2,Russell (Williams),45.30288,90.82622,Rainy,0.75
127,3,Russell (Williams),44.82413,135.65034,Rainy,0.75
127,4,Russell (Williams),44.6935,180.34384,Rainy,0.75
127,5,Russell (Williams),44.30151,224.64535,Rainy,0.75
127,1,Piastri (Alpine),45.92516,45.92516,Rainy,0.75
127,2,Piastri (Alpine),45.13589,91.06106,Rainy,0.75
127,3,Piastri (Alpine),47.27619,138.33724,Rainy,0.75
127,4,Piastri (Alpine),44.05142,182.38866,Rainy,0.75
127,5,Piastri (Alpine),45.32156,227.71022,Rainy,0.75
128,1,Hamilton (Mercedes),46.43875,46.43875,Rainy,0.75
128,2,Hamilton (Mercedes),45.97533,92.41408,Rainy,0.75
128,3,Hamilton (Mercedes),45.61471,138.02879,Rainy,0.75
128,4,Hamilton (Mercedes),45.82587,183.85467,Rainy,0.75
128,5,Hamilton (Mercedes),46.00472,229.85938,Rainy,0.75
128,1,Verstappen (Red Bull),45.6474,45.6474,Rainy,0.75
128,2,Verstappen (Red Bull),45.5634,91.2108,Rainy,0.75
128,3,Verstappen (Red Bull),45.94939,137.16019,Rainy,0.75
128,4,Verstappen (Red Bull),46.04146,183.20165,Rainy,0.75
128,5,Verstappen (Red Bull),44.15064,227.35229,Rainy,0.75
128,1,Norris (McLaren),46.63895,46.63895,Rainy,0.75
128,2,Norris (McLaren),43.98319,90.62214,Rainy,0.75
128,3,Norris (McLaren),44.69842,135.32056,Rainy,0.75
128,4,Norris (McLaren),45.20551,180.52607,Rainy,0.75
128,5,Norris (McLaren),45.66284,226.18892,Rainy,0.75
128,1,Leclerc (Ferrari),44.58798,44.58798,Rainy,0.75
128,2,Leclerc (Ferrari),44.90231,89.49029,Rainy,0.75
128,3,Leclerc (Ferrari),44.26726,133.75754,Rainy,0.75
128,4,Leclerc (Ferrari),45.47341,179.23095,Rainy,0.75
128,5,Leclerc (Ferrari),46.03932,225.27027,Rainy,0.75
128,1,Russell (Williams),44.5362,44.5362,Rainy,0.75
128,2,Russell (Williams),44.73074,89.26694,Rainy,0.75
128,3,Russell (Williams),44.88717,134.15411,Rainy,0.75
128,4,Russell (Williams),44.52824,178.68235,Rainy,0.75
128,5,Russell (Williams),45.27782,223.96016,Rainy,0.75
128,1,Piastri (Alpine),45.53399,45.53399,Rainy,0.75
128,2,Piastri (Alpine),44.80473,90.33873,Rainy,0.75
128,3,Piastri (Alpine),44.0196,134.35833,Rainy,0.75
128,4,Piastri (Alpine),45.18258,179.54091,Rainy,0.75
128,5,Piastri (Alpine),46.24563,225.78653,Rainy,0.75
129,1,Hamilton (Mercedes),45.56975,45.56975,Rainy,0.75
129,2,Hamilton (Mercedes),45.59949,91.16924,Rainy,0.75
129,3,Hamilton (Mercedes),45.9497,137.11894,Rainy,0.75
129,4,Hamilton (Mercedes),46.25465,183.37358,Rainy,0.75
129,5,Hamilton (Mercedes),44.99432,228.3679,Rainy,0.75
129,1,Verstappen (Red Bull),45.75933,45.75933,Rainy,0.75
129,2,Verstappen (Red Bull),45.08982,90.84916,Rainy,0.75
129,3,Verstappen (Red Bull),44.86354,135.71269,Rainy,0.75
129,4,Verstappen (Red Bull),44.66289,180.37558,Rainy,0.75
129,5,Verstappen (Red Bull),44.66355,225.03914,Rainy,0.75
129,1,Norris (McLaren),45.44972,45.44972,Rainy,0.75
129,2,Norris (McLaren),45.68967,91.13939,Rainy,0.75
129,3,Norris (McLaren),45.35577,136.49516,Rainy,0.75
129,4,Norris (McLaren),47.138,183.63316,Rainy,0.75
129,5,Norris (McLaren),46.4579,230.09106,Rainy,0.75
129,1,Leclerc (Ferrari),43.81713,43.81713,Rainy,0.75
129,2,Leclerc (Ferrari),45.62638,89.44351,Rainy,0.75
129,3,Leclerc (Ferrari),45.1357,134.57922,Rainy,0.75
129,4,Leclerc (Ferrari),44.611,179.19021,Rainy,0.75
129,5,Leclerc (Ferrari),44.9121,224.10232,Rainy,0.75
129,1,Russell (Williams),44.49891,44.49891,Rainy,0.75
129,2,Russell (Williams),44.90315,89.40206,Rainy,0.75
129,3,Russell (Williams),45.03544,134.4375,Rainy,0.75
129,4,Russell (Williams),44.92362,179.36112,Rainy,0.75
129,5,Russell (Williams),45.88306,225.24418,Rainy,0.75
129,1,Piastri (Alpine),46.13918,46.13918,Rainy,0.75
129,2,Piastri (Alpine),44.48315,90.62232,Rainy,0.75
129,3,Piastri (Alpine),46.00746,136.62978,Rainy,0.75
129,4,Piastri (Alpine),43.55863,180.18841,Rainy,0.75
129,5,Piastri (Alpine),44.00719,224.1956,Rainy,0.75
130,1,Hamilton (Mercedes),46.21787,46.21787,Rainy,0.75
130,2,Hamilton (Mercedes),45.67677,91.89464,Rainy,0.75
130,3,Hamilton (Mercedes),46.33744,138.23208,Rainy,0.75
130,4,Hamilton (Mercedes),45.75161,183.98369,Rainy,0.75
130,5,Hamilton (Mercedes),45.74822,229.73191,Rainy,0.75
130,1,Verstappen (Red Bull),46.17934,46.17934,Rainy,0.75
130,2,Verstappen (Red Bull),46.47845,92.65779,Rainy,0.75
130,3,Verstappen (Red Bull),44.62687,137.28466,Rainy,0.75
130,4,Verstappen (Red Bull),45.87028,183.15494,Rainy,0.75
130,5,Verstappen (Red Bull),44.52294,227.67788,Rainy,0.75
130,1,Norris (McLaren),45.48172,45.48172,Rainy,0.75
130,2,Norris (McLaren),45.33277,90.81449,Rainy,0.75
130,3,Norris (McLaren),45.98793,136.80242,Rainy,0.75
130,4,Norris (McLaren),46.44747,183.24989,Rainy,0.75
130,5,Norris (McLaren),45.41967,228.66956,Rainy,0.75
130,1,Leclerc (Ferrari),45.39208,45.39208,Rainy,0.75
130,2,Leclerc (Ferrari),45.9253,91.31737,Rainy,0.75
130,3,Leclerc (Ferrari),45.37925,136.69662,Rainy,0.75
130,4,Leclerc (Ferrari),44.91427,181.61089,Rainy,0.75
130,5,Leclerc (Ferrari),44.906,226.51688,Rainy,0.75
130,1,Russell (Williams),44.12595,44.12595,Rainy,0.75
130,2,Russell (Williams),44.48519,88.61114,Rainy,0.75
130,3,Russell (Williams),44.80281,133.41395,Rainy,0.75
130,4,Russell (Williams),45.90844,179.32239,Rainy,0.75
130,5,Russell (Williams),44.85056,224.17295,Rainy,0.75
130,1,Piastri (Alpine),44.96376,44.96376,Rainy,0.75
130,2,Piastri (Alpine),44.38817,89.35193,Rainy,0.75
130,3,Piastri (Alpine),45.41851,134.77044,Rainy,0.75
130,4,Piastri (Alpine),45.96983,180.74027,Rainy,0.75
130,5,Piastri (Alpine),43.74146,224.48173,Rainy,0.75
131,1,Hamilton (Mercedes),46.36823,46.36823,Rainy,0.75
131,2,Hamilton (Mercedes),46.26982,92.63804,Rainy,0.75
131,3,Hamilton (Mercedes),46.53884,139.17688,Rainy,0.75
131,4,Hamilton (Mercedes),45.90471,185.0816,Rainy,0.75
131,5,Hamilton (Mercedes),46.08007,231.16167,Rainy,0.75
131,1,Verstappen (Red Bull),44.77547,44.77547,Rainy,0.75
131,2,Verstappen (Red Bull),44.67513,89.4506,Rainy,0.75
131,3,Verstappen (Red Bull),45.63722,135.08782,Rainy,0.75
131,4,Verstappen (Red Bull),46.25224,181.34006,Rainy,0.75
131,5,Verstappen (Red Bull),45.03552,226.37558,Rainy,0.75
131,1,Norris (McLaren),45.60515,45.60515,Rainy,0.75
131,2,Norris (McLaren),46.25111,91.85626,Rainy,0.75
131,3,Norris (McLaren),45.39332,137.24958,Rainy,0.75
131,4,Norris (McLaren),46.22845,183.47803,Rainy,0.75
131,5,Norris (McLaren),44.88024,228.35827,Rainy,0.75
131,1,Leclerc (Ferrari),45.84045,45.84045,Rainy,0.75
131,2,Leclerc (Ferrari),45.21092,91.05136,Rainy,0.75
131,3,Leclerc (Ferrari),46.53953,137.59089,Rainy,0.75
131,4,Leclerc (Ferrari),45.36365,182.95454,Rainy,0.75
131,5,Leclerc (Ferrari),45.13312,228.08766,Rainy,0.75
131,1,Russell (Williams),45.10137,45.10137,Rainy,0.75
131,2,Russell (Williams),45.95255,91.05392,Rainy,0.75
131,3,Russell (Williams),44.67951,135.73343,Rainy,0.75
131,4,Russell (Williams),45.51082,181.24425,Rainy,0.75
131,5,Russell (Williams),44.84502,226.08927,Rainy,0.75
131,1,Piastri (Alpine),47.53804,47.53804,Rainy,0.75
131,2,Piastri (Alpine),45.53272,93.07076,Rainy,0.75
131,3,Piastri (Alpine),46.7262,139.79696,Rainy,0.75
131,4,Piastri (Alpine),45.79573,185.59268,Rainy,0.75
131,5,Piastri (Alpine),45.65831,231.25099,Rainy,0.75
132,1,Hamilton (Mercedes),46.58035,46.58035,Rainy,0.75
132,2,Hamilton (Mercedes),46.64169,93.22205,Rainy,0.75
132,3,Hamilton (Mercedes),45.62121,138.84325,Rainy,0.75
132,4,Hamilton (Mercedes),46.00974,184.85299,Rainy,0.75
132,5,Hamilton (Mercedes),45.54105,230.39404,Rainy,0.75
132,1,Verstappen (Red Bull),44.29634,44.29634,Rainy,0.75
132,2,Verstappen (Red Bull),44.87228,89.16862,Rainy,0.75
132,3,Verstappen (Red Bull),46.14219,135.31081,Rainy,0.75
132,4,Verstappen (Red Bull),45.42911,180.73993,Rainy,0.75
132,5,Verstappen (Red Bull),46.41217,227.1521,Rainy,0.75
132,1,Norris (McLaren),45.38722,45.38722,Rainy,0.75
132,2,Norris (McLaren),44.13762,89.52484,Rainy,0.75
132,3,Norris (McLaren),44.83754,134.36238,Rainy,0.75
132,4,Norris (McLaren),45.0724,179.43477,Rainy,0.75
132,5,Norris (McLaren),46.65061,226.08539,Rainy,0.75
132,1,Leclerc (Ferrari),44.9797,44.9797,Rainy,0.75
132,2,Leclerc (Ferrari),44.45918,89.43889,Rainy,0.75
132,3,Leclerc (Ferrari),45.8276,135.26648,Rainy,0.75
132,4,Leclerc (Ferrari),44.89325,180.15973,Rainy,0.75
132,5,Leclerc (Ferrari),45.20363,225.36336,Rainy,0.75
132,1,Russell (Williams),44.53804,44.53804,Rainy,0.75
132,2,Russell (Williams),47.14029,91.67833,Rainy,0.75
132,3,Russell (Williams),45.82163,137.49996,Rainy,0.75
132,4,Russell (Williams),45.51185,183.01181,Rainy,0.75
132,5,Russell (Williams),45.541,228.55281,Rainy,0.75
132,1,Piastri (Alpine),46.78746,46.78746,Rainy,0.75
132,2,Piastri (Alpine),46.69624,93.4837,Rainy,0.75
132,3,Piastri (Alpine),45.655,139.1387,Rainy,0.75
132,4,Piastri (Alpine),45.34548,184.48418,Rainy,0.75
132,5,Piastri (Alpine),45.60378,230.08796,Rainy,0.75
133,1,Hamilton (Mercedes),45.84524,45.84524,Rainy,0.75
133,2,Hamilton (Mercedes),45.60422,91.44946,Rainy,0.75
133,3,Hamilton (Mercedes),46.48506,137.93452,Rainy,0.75
133,4,Hamilton (Mercedes),45.20481,183.13933,Rainy,0.75
133,5,Hamilton (Mercedes),45.06507,228.2044,Rainy,0.75
133,1,Verstappen (Red Bull),45.18892,45.18892,Rainy,0.75
133,2,Verstappen (Red Bull),45.11226,90.30119,Rainy,0.75
133,3,Verstappen (Red Bull),44.7818,135.08299,Rainy,0.75
133,4,Verstappen (Red Bull),45.84431,180.92729,Rainy,0.75
133,5,Verstappen (Red Bull),45.63977,226.56706,Rainy,0.75
133,1,Norris (McLaren),45.06095,45.06095,Rainy,0.75
133,2,Norris (McLaren),45.22934,90.29029,Rainy,0.75
133,3,Norris (McLaren),44.76261,135.05291,Rainy,0.75
133,4,Norris (McLaren),45.98902,181.04192,Rainy,0.75
133,5,Norris (McLaren),46.09253,227.13446,Rainy,0.75
133,1,Leclerc (Ferrari),46.57648,46.57648,Rainy,0.75
133,2,Leclerc (Ferrari),45.41982,91.99631,Rainy,0.75
133,3,Leclerc (Ferrari),44.32115,136.31746,Rainy,0.75
133,4,Leclerc (Ferrari),44.7066,181.02406,Rainy,0.75
133,5,Leclerc (Ferrari),44.68313,225.70719,Rainy,0.75
133,1,Russell (Williams),45.32125,45.32125,Rainy,0.75
133,2,Russell (Williams),45.48637,90.80761,Rainy,0.75
133,3,Russell (Williams),45.17875,135.98637,Rainy,0.75
133,4,Russell (Williams),45.02802,181.01438,Rainy,0.75
133,5,Russell (Williams),44.79039,225.80477,Rainy,0.75
133,1,Piastri (Alpine),44.54629,44.54629,Rainy,0.75
133,2,Piastri (Alpine),46.04666,90.59295,Rainy,0.75
133,3,Piastri (Alpine),46.11022,136.70317,Rainy,0.75
133,4,Piastri (Alpine),45.30274,182.00591,Rainy,0.75
133,5,Piastri (Alpine),45.29747,227.30338,Rainy,0.75
134,1,Hamilton (Mercedes),45.73153,45.73153,Rainy,0.75
134,2,Hamilton (Mercedes),46.31045,92.04197,Rainy,0.75
134,3,Hamilton (Mercedes),46.9521,138.99407,Rainy,0.75
134,4,Hamilton (Mercedes),47.09966,186.09373,Rainy,0.75
134,5,Hamilton (Mercedes),46.20157,232.2953,Rainy,0.75
134,1,Verstappen (Red Bull),45.86909,45.86909,Rainy,0.75
134,2,Verstappen (Red Bull),45.01359,90.88268,Rainy,0.75
134,3,Verstappen (Red Bull),45.84343,136.72611,Rainy,0.75
134,4,Verstappen (Red Bull),45.26582,181.99193,Rainy,0.75
134,5,Verstappen (Red Bull),45.33136,227.32329,Rainy,0.75
134,1,Norris (McLaren),46.04285,46.04285,Rainy,0.75
134,2,Norris (McLaren),45.10228,91.14513,Rainy,0.75
134,3,Norris (McLaren),45.6864,136.83154,Rainy,0.75
134,4,Norris (McLaren),45.76427,182.5958,Rainy,0.75
134,5,Norris (McLaren),46.0644,228.6602,Rainy,0.75
134,1,Leclerc (Ferrari),45.08539,45.08539,Rainy,0.75
134,2,Leclerc (Ferrari),45.79068,90.87607,Rainy,0.75
134,3,Leclerc (Ferrari),46.01667,136.89274,Rainy,0.75
134,4,Leclerc (Ferrari),44.60099,181.49373,Rainy,0.75
134,5,Leclerc (Ferrari),44.98902,226.48275,Rainy,0.75
134,1,Russell (Williams),46.01211,46.01211,Rainy,0.75
134,2,Russell (Williams),44.98108,90.99319,Rainy,0.75
134,3,Russell (Williams),45.7886,136.78179,Rainy,0.75
134,4,Russell (Williams),44.36511,181.1469,Rainy,0.75
134,5,Russell (Williams),46.21763,227.36453,Rainy,0.75
134,1,Piastri (Alpine),46.64604,46.64604,Rainy,0.75
134,2,Piastri (Alpine),43.92615,90.57219,Rainy,0.75
134,3,Piastri (Alpine),44.93163,135.50382,Rainy,0.75
134,4,Piastri (Alpine),45.41176,180.91557,Rainy,0.75
134,5,Piastri (Alpine),44.16989,225.08547,Rainy,0.75
135,1,Hamilton (Mercedes),46.12283,46.12283,Rainy,0.75
135,2,Hamilton (Mercedes),45.25127,91.3741,Rainy,0.75
135,3,Hamilton (Mercedes),45.51692,136.89102,Rainy,0.75
135,4,Hamilton (Mercedes),46.16081,183.05183,Rainy,0.75
135,5,Hamilton (Mercedes),45.69065,228.74248,Rainy,0.75
135,1,Verstappen (Red Bull),44.64883,44.64883,Rainy,0.75
135,2,Verstappen (Red Bull),45.76347,90.4123,Rainy,0.75
135,3,Verstappen (Red Bull),45.50053,135.91283,Rainy,0.75
135,4,Verstappen (Red Bull),45.61667,181.52951,Rainy,0.75
135,5,Verstappen (Red Bull),45.3822,226.91171,Rainy,0.75
135,1,Norris (McLaren),45.7089,45.7089,Rainy,0.75
135,2,Norris (McLaren),45.25275,90.96165,Rainy,0.75
135,3,Norris (McLaren),45.47587,136.43752,Rainy,0.75
135,4,Norris (McLaren),45.9678,182.40532,Rainy,0.75
135,5,Norris (McLaren),45.16129,227.56661,Rainy,0.75
135,1,Leclerc (Ferrari),44.93866,44.93866,Rainy,0.75
135,2,Leclerc (Ferrari),46.38402,91.32269,Rainy,0.75
135,3,Leclerc (Ferrari),44.48977,135.81245,Rainy,0.75
135,4,Leclerc (Ferrari),43.7705,179.58295,Rainy,0.75
135,5,Leclerc (Ferrari),45.19009,224.77304,Rainy,0.75
135,1,Russell (Williams),46.38465,46.38465,Rainy,0.75
135,2,Russell (Williams),43.88638,90.27103,Rainy,0.75
135,3,Russell (Williams),44.16448,134.43551,Rainy,0.75
135,4,Russell (Williams),45.87744,180.31295,Rainy,0.75
135,5,Russell (Williams),45.25661,225.56956,Rainy,0.75
135,1,Piastri (Alpine),45.40339,45.40339,Rainy,0.75
135,2,Piastri (Alpine),46.48631,91.88969,Rainy,0.75
135,3,Piastri (Alpine),44.46765,136.35734,Rainy,0.75
135,4,Piastri (Alpine),46.12109,182.47843,Rainy,0.75
135,5,Piastri (Alpine),45.29297,227.7714,Rainy,0.75
136,1,Hamilton (Mercedes),46.50215,46.50215,Rainy,0.75
136,2,Hamilton (Mercedes),46.18951,92.69166,Rainy,0.75
136,3,Hamilton (Mercedes),45.69228,138.38394,Rainy,0.75
136,4,Hamilton (Mercedes),46.55322,184.93716,Rainy,0.75
136,5,Hamilton (Mercedes),46.68584,231.623,Rainy,0.75
136,1,Verstappen (Red Bull),45.62566,45.62566,Rainy,0.75
136,2,Verstappen (Red Bull),44.73987,90.36553,Rainy,0.75
136,3,Verstappen (Red Bull),47.03076,137.3963,Rainy,0.75
136,4,Verstappen (Red Bull),46.26606,183.66235,Rainy,0.75
136,5,Verstappen (Red Bull),45.34235,229.0047,Rainy,0.75
136,1,Norris (McLaren),45.78163,45.78163,Rainy,0.75
136,2,Norris (McLaren),46.81364,92.59527,Rainy,0.75
136,3,Norris (McLaren),45.33988,137.93515,Rainy,0.75
136,4,Norris (McLaren),44.99449,182.92965,Rainy,0.75
136,5,Norris (McLaren),46.29815,229.2278,Rainy,0.75
136,1,Leclerc (Ferrari),44.75344,44.75344,Rainy,0.75
136,2,Leclerc (Ferrari),45.17822,89.93166,Rainy,0.75
136,3,Leclerc (Ferrari),44.33956,134.27122,Rainy,0.75
136,4,Leclerc (Ferrari),46.51503,180.78625,Rainy,0.75
136,5,Leclerc (Ferrari),44.12669,224.91294,Rainy,0.75
136,1,Russell (Williams),45.00197,45.00197,Rainy,0.75
136,2,Russell (Williams),44.57098,89.57295,Rainy,0.75
136,3,Russell (Williams),46.21945,135.7924,Rainy,0.75
136,4,Russell (Williams),44.1212,179.9136,Rainy,0.75
136,5,Russell (Williams),45.75981,225.67341,Rainy,0.75
136,1,Piastri (Alpine),43.98157,43.98157,Rainy,0.75
136,2,Piastri (Alpine),45.02245,89.00402,Rainy,0.75
136,3,Piastri (Alpine),45.72392,134.72794,Rainy,0.75
136,4,Piastri (Alpine),44.93031,179.65825,Rainy,0.75
136,5,Piastri (Alpine),46.45477,226.11302,Rainy,0.75
137,1,Hamilton (Mercedes),45.73643,45.73643,Rainy,0.75
137,2,Hamilton (Mercedes),45.6851,91.42153,Rainy,0.75
137,3,Hamilton (Mercedes),46.36206,137.78359,Rainy,0.75
137,4,Hamilton (Mercedes),46.80951,184.5931,Rainy,0.75
137,5,Hamilton (Mercedes),46.25343,230.84653,Rainy,0.75
137,1,Verstappen (Red Bull),45.43678,45.43678,Rainy,0.75
137,2,Verstappen (Red Bull),45.64885,91.08564,Rainy,0.75
137,3,Verstappen (Red Bull),45.02168,136.10731,Rainy,0.75
137,4,Verstappen (Red Bull),46.25047,182.35779,Rainy,0.75
137,5,Verstappen (Red Bull),45.0957,227.45349,Rainy,0.75
137,1,Norris (McLaren),45.27423,45.27423,Rainy,0.75
137,2,Norris (McLaren),45.42776,90.70199,Rainy,0.75
137,3,Norris (McLaren),45.63002,136.33201,Rainy,0.75
137,4,Norris (McLaren),44.99533,181.32734,Rainy,0.75
137,5,Norris (McLaren),45.19047,226.51781,Rainy,0.75
137,1,Leclerc (Ferrari),45.11325,45.11325,Rainy,0.75
137,2,Leclerc (Ferrari),44.91117,90.02442,Rainy,0.75
137,3,Leclerc (Ferrari),44.764,134.78842,Rainy,0.75
137,4,Leclerc (Ferrari),45.95141,180.73983,Rainy,0.75
137,5,Leclerc (Ferrari),44.98922,225.72905,Rainy,0.75
137,1,Russell (Williams),45.75895,45.75895,Rainy,0.75
137,2,Russell (Williams),45.04662,90.80557,Rainy,0.75
137,3,Russell (Williams),45.36394,136.16951,Rainy,0.75
137,4,Russell (Williams),45.90837,182.07788,Rainy,0.75
137,5,Russell (Williams),45.15169,227.22957,Rainy,0.75
137,1,Piastri (Alpine),46.80845,46.80845,Rainy,0.75
137,2,Piastri (Alpine),44.69735,91.5058,Rainy,0.75
137,3,Piastri (Alpine),45.52349,137.02929,Rainy,0.75
137,4,Piastri (Alpine),45.28282,182.31211,Rainy,0.75
137,5,Piastri (Alpine),45.29956,227.61167,Rainy,0.75
138,1,Hamilton (Mercedes),46.25082,46.25082,Rainy,0.75
138,2,Hamilton (Mercedes),45.60479,91.85561,Rainy,0.75
138,3,Hamilton (Mercedes),46.38709,138.2427,Rainy,0.75
138,4,Hamilton (Mercedes),47.07283,185.31553,Rainy,0.75
138,5,Hamilton (Mercedes),46.03738,231.35291,Rainy,0.75
138,1,Verstappen (Red Bull),45.27943,45.27943,Rainy,0.75
138,2,Verstappen (Red Bull),45.36671,90.64613,Rainy,0.75
138,3,Verstappen (Red Bull),45.11284,135.75897,Rainy,0.75
138,4,Verstappen (Red Bull),45.59534,181.35431,Rainy,0.75
138,5,Verstappen (Red Bull),45.76783,227.12214,Rainy,0.75
138,1,Norris (McLaren),46.72937,46.72937,Rainy,0.75
138,2,Norris (McLaren),46.60383,93.3332,Rainy,0.75
138,3,Norris (McLaren),45.97654,139.30975,Rainy,0.75
138,4,Norris (McLaren),46.73679,186.04654,Rainy,0.75
138,5,Norris (McLaren),43.19258,229.23912,Rainy,0.75
138,1,Leclerc (Ferrari),44.50891,44.50891,Rainy,0.75
138,2,Leclerc (Ferrari),44.11505,88.62396,Rainy,0.75
138,3,Leclerc (Ferrari),44.98027,133.60423,Rainy,0.75
138,4,Leclerc (Ferrari),45.51678,179.12101,Rainy,0.75
138,5,Leclerc (Ferrari),45.24197,224.36298,Rainy,0.75
138,1,Russell (Williams),45.41928,45.41928,Rainy,0.75
138,2,Russell (Williams),44.84426,90.26353,Rainy,0.75
138,3,Russell (Williams),45.34538,135.60891,Rainy,0.75
138,4,Russell (Williams),46.21827,181.82718,Rainy,0.75
138,5,Russell (Williams),45.1984,227.02559,Rainy,0.75
138,1,Piastri (Alpine),47.15146,47.15146,Rainy,0.75
138,2,Piastri (Alpine),45.04818,92.19965,Rainy,0.75
138,3,Piastri (Alpine),44.70871,136.90836,Rainy,0.75
138,4,Piastri (Alpine),44.96604,181.87441,Rainy,0.75
138,5,Piastri (Alpine),47.30867,229.18308,Rainy,0.75
139,1,Hamilton (Mercedes),47.14231,47.14231,Rainy,0.75
139,2,Hamilton (Mercedes),44.99888,92.14119,Rainy,0.75
139,3,Hamilton (Mercedes),45.43558,137.57677,Rainy,0.75
139,4,Hamilton (Mercedes),46.76428,184.34105,Rainy,0.75
139,5,Hamilton (Mercedes),46.19355,230.5346,Rainy,0.75
139,1,Verstappen (Red Bull),45.27054,45.27054,Rainy,0.75
139,2,Verstappen (Red Bull),45.68816,90.9587,Rainy,0.75
139,3,Verstappen (Red Bull),45.59051,136.54921,Rainy,0.75
139,4,Verstappen (Red Bull),44.90348,181.45269,Rainy,0.75
139,5,Verstappen (Red Bull),44.63332,226.08601,Rainy,0.75
139,1,Norris (McLaren),45.42307,45.42307,Rainy,0.75
139,2,Norris (McLaren),45.66851,91.09159,Rainy,0.75
139,3,Norris (McLaren),45.4193,136.51089,Rainy,0.75
139,4,Norris (McLaren),44.44404,180.95493,Rainy,0.75
139,5,Norris (McLaren),44.87004,225.82497,Rainy,0.75
139,1,Leclerc (Ferrari),46.44538,46.44538,Rainy,0.75
139,2,Leclerc (Ferrari),45.26368,91.70906,Rainy,0.75
139,3,Leclerc (Ferrari),45.74928,137.45833,Rainy,0.75
139,4,Leclerc (Ferrari),43.72294,181.18128,Rainy,0.75
139,5,Leclerc (Ferrari),44.90354,226.08482,Rainy,0.75
139,1,Russell (Williams),44.35195,44.35195,Rainy,0.75
139,2,Russell (Williams),45.46138,89.81333,Rainy,0.75
139,3,Russell (Williams),43.84147,133.65479,Rainy,0.75
139,4,Russell (Williams),44.9019,178.55669,Rainy,0.75
139,5,Russell (Williams),45.1286,223.68529,Rainy,0.75
139,1,Piastri (Alpine),46.60143,46.60143,Rainy,0.75
139,2,Piastri (Alpine),45.64971,92.25114,Rainy,0.75
139,3,Piastri (Alpine),44.60075,136.85188,Rainy,0.75
139,4,Piastri (Alpine),44.09672,180.94861,Rainy,0.75
139,5,Piastri (Alpine),46.10754,227.05615,Rainy,0.75
140,1,Hamilton (Mercedes),45.96742,45.96742,Rainy,0.75
140,2,Hamilton (Mercedes),45.80134,91.76876,Rainy,0.75
140,3,Hamilton (Mercedes),46.08607,137.85483,Rainy,0.75
140,4,Hamilton (Mercedes),46.11433,183.96916,Rainy,0.75
140,5,Hamilton (Mercedes),46.11648,230.08565,Rainy,0.75
140,1,Verstappen (Red Bull),44.95515,44.95515,Rainy,0.75
140,2,Verstappen (Red Bull),45.39135,90.3465,Rainy,0.75
140,3,Verstappen (Red Bull),45.86811,136.21461,Rainy,0.75
140,4,Verstappen (Red Bull),44.69513,180.90974,Rainy,0.75
140,5,Verstappen (Red Bull),45.34613,226.25587,Rainy,0.75
140,1,Norris (McLaren),44.34452,44.34452,Rainy,0.75
140,2,Norris (McLaren),44.9366,89.28112,Rainy,0.75
140,3,Norris (McLaren),45.04177,134.32289,Rainy,0.75
140,4,Norris (McLaren),46.40628,180.72917,Rainy,0.75
140,5,Norris (McLaren),45.67627,226.40544,Rainy,0.75
140,1,Leclerc (Ferrari),45.69018,45.69018,Rainy,0.75
140,2,Leclerc (Ferrari),44.01764,89.70782,Rainy,0.75
140,3,Leclerc (Ferrari),45.77117,135.479,Rainy,0.75
140,4,Leclerc (Ferrari),44.35986,179.83886,Rainy,0.75
140,5,Leclerc (Ferrari),44.87999,224.71885,Rainy,0.75
140,1,Russell (Williams),43.94671,43.94671,Rainy,0.75
140,2,Russell (Williams),44.65779,88.6045,Rainy,0.75
140,3,Russell (Williams),44.69208,133.29658,Rainy,0.75
140,4,Russell (Williams),44.85854,178.15512,Rainy,0.75
140,5,Russell (Williams),45.55944,223.71456,Rainy,0.75
140,1,Piastri (Alpine),44.61209,44.61209,Rainy,0.75
140,2,Piastri (Alpine),46.4297,91.04179,Rainy,0.75
140,3,Piastri (Alpine),45.24204,136.28383,Rainy,0.75
140,4,Piastri (Alpine),45.92406,182.20789,Rainy,0.75
140,5,Piastri (Alpine),45.67762,227.8855,Rainy,0.75
141,1,Hamilton (Mercedes),44.74873,44.74873,Rainy,0.75
141,2,Hamilton (Mercedes),45.92464,90.67337,Rainy,0.75
141,3,Hamilton (Mercedes),45.47898,136.15235,Rainy,0.75
141,4,Hamilton (Mercedes),46.05669,182.20904,Rainy,0.75
141,5,Hamilton (Mercedes),45.49536,227.7044,Rainy,0.75
141,1,Verstappen (Red Bull),44.75276,44.75276,Rainy,0.75
141,2,Verstappen (Red Bull),45.1008,89.85356,Rainy,0.75
141,3,Verstappen (Red Bull),45.42358,135.27714,Rainy,0.75
141,4,Verstappen (Red Bull),45.55604,180.83317,Rainy,0.75
141,5,Verstappen (Red Bull),45.04509,225.87826,Rainy,0.75
141,1,Norris (McLaren),46.04504,46.04504,Rainy,0.75
141,2,Norris (McLaren),45.20027,91.24531,Rainy,0.75
141,3,Norris (McLaren),45.36314,136.60845,Rainy,0.75
141,4,Norris (McLaren),44.29565,180.9041,Rainy,0.75
141,5,Norris (McLaren),45.40763,226.31173,Rainy,0.75
141,1,Leclerc (Ferrari),45.2663,45.2663,Rainy,0.75
141,2,Leclerc (Ferrari),46.15375,91.42006,Rainy,0.75
141,3,Leclerc (Ferrari),45.63179,137.05185,Rainy,0.75
141,4,Leclerc (Ferrari),44.2791,181.33095,Rainy,0.75
141,5,Leclerc (Ferrari),45.08231,226.41326,Rainy,0.75
141,1,Russell (Williams),43.88172,43.88172,Rainy,0.75
141,2,Russell (Williams),45.96888,89.8506,Rainy,0.75
141,3,Russell (Williams),44.68538,134.53599,Rainy,0.75
141,4,Russell (Williams),45.25809,179.79408,Rainy,0.75
141,5,Russell (Williams),45.67796,225.47204,Rainy,0.75
141,1,Piastri (Alpine),45.75922,45.75922,Rainy,0.75
141,2,Piastri (Alpine),45.25905,91.01827,Rainy,0.75
141,3,Piastri (Alpine),47.58092,138.59919,Rainy,0.75
141,4,Piastri (Alpine),45.44789,184.04709,Rainy,0.75
141,5,Piastri (Alpine),43.74489,227.79197,Rainy,0.75
142,1,Hamilton (Mercedes),46.47672,46.47672,Rainy,0.75
142,2,Hamilton (Mercedes),46.43102,92.90774,Rainy,0.75
142,3,Hamilton (Mercedes),44.90311,137.81085,Rainy,0.75
142,4,Hamilton (Mercedes),46.93108,184.74193,Rainy,0.75
142,5,Hamilton (Mercedes),45.67599,230.41791,Rainy,0.75
142,1,Verstappen (Red Bull),45.31487,45.31487,Rainy,0.75
142,2,Verstappen (Red Bull),45.91129,91.22616,Rainy,0.75
142,3,Verstappen (Red Bull),46.55178,137.77794,Rainy,0.75
142,4,Verstappen (Red Bull),45.88524,183.66318,Rainy,0.75
142,5,Verstappen (Red Bull),45.30747,228.97065,Rainy,0.75
142,1,Norris (McLaren),45.24869,45.24869,Rainy,0.75
142,2,Norris (McLaren),45.34652,90.5952,Rainy,0.75
142,3,Norris (McLaren),45.00926,135.60446,Rainy,0.75
142,4,Norris (McLaren),46.25634,181.8608,Rainy,0.75
142,5,Norris (McLaren),45.04625,226.90705,Rainy,0.75
142,1,Leclerc (Ferrari),42.92731,42.92731,Rainy,0.75
142,2,Leclerc (Ferrari),43.92406,86.85136,Rainy,0.75
142,3,Leclerc (Ferrari),45.77592,132.62728,Rainy,0.75
142,4,Leclerc (Ferrari),45.06954,177.69682,Rainy,0.75
142,5,Leclerc (Ferrari),45.43973,223.13655,Rainy,0.75
142,1,Russell (Williams),45.13171,45.13171,Rainy,0.75
142,2,Russell (Williams),44.93626,90.06798,Rainy,0.75
142,3,Russell (Williams),44.1287,134.19668,Rainy,0.75
142,4,Russell (Williams),45.62735,179.82403,Rainy,0.75
142,5,Russell (Williams),45.51588,225.33991,Rainy,0.75
142,1,Piastri (Alpine),45.8289,45.8289,Rainy,0.75
142,2,Piastri (Alpine),46.01621,91.84511,Rainy,0.75
142,3,Piastri (Alpine),45.32917,137.17428,Rainy,0.75
142,4,Piastri (Alpine),45.42204,182.59632,Rainy,0.75
142,5,Piastri (Alpine),45.61381,228.21012,Rainy,0.75
143,1,Hamilton (Mercedes),46.25733,46.25733,Rainy,0.75
143,2,Hamilton (Mercedes),46.16299,92.42032,Rainy,0.75
143,3,Hamilton (Mercedes),46.04407,138.46439,Rainy,0.75
143,4,Hamilton (Mercedes),44.73785,183.20225,Rainy,0.75
143,5,Hamilton (Mercedes),46.33308,229.53532,Rainy,0.75
143,1,Verstappen (Red Bull),44.46152,44.46152,Rainy,0.75
143,2,Verstappen (Red Bull),45.02518,89.4867,Rainy,0.75
143,3,Verstappen (Red Bull),44.83507,134.32177,Rainy,0.75
143,4,Verstappen (Red Bull),46.50371,180.82548,Rainy,0.75
143,5,Verstappen (Red Bull),45.44695,226.27243,Rainy,0.75
143,1,Norris (McLaren),44.982,44.982,Rainy,0.75
143,2,Norris (McLaren),44.4284,89.41039,Rainy,0.75
143,3,Norris (McLaren),45.854,135.26439,Rainy,0.75
143,4,Norris (McLaren),45.76766,181.03205,Rainy,0.75
143,5,Norris (McLaren),45.30437,226.33641,Rainy,0.75
143,1,Leclerc (Ferrari),44.65819,44.65819,Rainy,0.75
143,2,Leclerc (Ferrari),44.80627,89.46446,Rainy,0.75
143,3,Leclerc (Ferrari),44.39619,133.86065,Rainy,0.75
143,4,Leclerc (Ferrari),44.93119,178.79184,Rainy,0.75
143,5,Leclerc (Ferrari),44.91293,223.70477,Rainy,0.75
143,1,Russell (Williams),45.1178,45.1178,Rainy,0.75
143,2,Russell (Williams),45.20779,90.32559,Rainy,0.75
143,3,Russell (Williams),44.20359,134.52918,Rainy,0.75
143,4,Russell (Williams),44.95759,179.48677,Rainy,0.75
143,5,Russell (Williams),44.67471,224.16148,Rainy,0.75
143,1,Piastri (Alpine),46.35768,46.35768,Rainy,0.75
143,2,Piastri (Alpine),47.17504,93.53272,Rainy,0.75
143,3,Piastri (Alpine),44.85618,138.38889,Rainy,0.75
143,4,Piastri (Alpine),45.42426,183.81315,Rainy,0.75
143,5,Piastri (Alpine),45.13866,228.95181,Rainy,0.75
144,1,Hamilton (Mercedes),45.85758,45.85758,Rainy,0.75
144,2,Hamilton (Mercedes),46.53852,92.3961,Rainy,0.75
144,3,Hamilton (Mercedes),45.05121,137.44731,Rainy,0.75
144,4,Hamilton (Mercedes),45.77087,183.21818,Rainy,0.75
144,5,Hamilton (Mercedes),45.7622,228.98038,Rainy,0.75
144,1,Verstappen (Red Bull),45.22711,45.22711,Rainy,0.75
144,2,Verstappen (Red Bull),44.72614,89.95326,Rainy,0.75
144,3,Verstappen (Red Bull),46.00551,135.95876,Rainy,0.75
144,4,Verstappen (Red Bull),44.99727,180.95603,Rainy,0.75
144,5,Verstappen (Red Bull),45.75659,226.71262,Rainy,0.75
144,1,Norris (McLaren),45.23392,45.23392,Rainy,0.75
144,2,Norris (McLaren),46.88555,92.11947,Rainy,0.75
144,3,Norris (McLaren),45.34541,137.46488,Rainy,0.75
144,4,Norris (McLaren),45.01067,182.47555,Rainy,0.75
144,5,Norris (McLaren),45.14341,227.61896,Rainy,0.75
144,1,Leclerc (Ferrari),44.55621,44.55621,Rainy,0.75
144,2,Leclerc (Ferrari),44.65144,89.20765,Rainy,0.75
144,3,Leclerc (Ferrari),45.0871,134.29476,Rainy,0.75
144,4,Leclerc (Ferrari),44.94587,179.24062,Rainy,0.75
144,5,Leclerc (Ferrari),44.91024,224.15087,Rainy,0.75
144,1,Russell (Williams),44.46638,44.46638,Rainy,0.75
144,2,Russell (Williams),44.65094,89.11732,Rainy,0.75
144,3,Russell (Williams),45.79808,134.9154,Rainy,0.75
144,4,Russell (Williams),44.35435,179.26975,Rainy,0.75
144,5,Russell (Williams),44.56062,223.83037,Rainy,0.75
144,1,Piastri (Alpine),46.25026,46.25026,Rainy,0.75
144,2,Piastri (Alpine),46.35734,92.60759,Rainy,0.75
144,3,Piastri (Alpine),45.1239,137.73149,Rainy,0.75
144,4,Piastri (Alpine),45.78404,183.51553,Rainy,0.75
144,5,Piastri (Alpine),46.15583,229.67135,Rainy,0.75
145,1,Hamilton (Mercedes),46.07246,46.07246,Rainy,0.75
145,2,Hamilton (Mercedes),45.66464,91.73711,Rainy,0.75
145,3,Hamilton (Mercedes),44.92589,136.663,Rainy,0.75
145,4,Hamilton (Mercedes),45.65214,182.31515,Rainy,0.75
145,5,Hamilton (Mercedes),46.41836,228.73351,Rainy,0.75
145,1,Verstappen (Red Bull),44.47516,44.47516,Rainy,0.75
145,2,Verstappen (Red Bull),45.35122,89.82638,Rainy,0.75
145,3,Verstappen (Red Bull),45.05503,134.8814,Rainy,0.75
145,4,Verstappen (Red Bull),45.01767,179.89907,Rainy,0.75
145,5,Verstappen (Red Bull),46.07328,225.97236,Rainy,0.75
145,1,Norris (McLaren),46.28212,46.28212,Rainy,0.75
145,2,Norris (McLaren),44.65313,90.93525,Rainy,0.75
145,3,Norris (McLaren),45.24965,136.1849,Rainy,0.75
145,4,Norris (McLaren),45.59602,181.78092,Rainy,0.75
145,5,Norris (McLaren),45.27055,227.05148,Rainy,0.75
145,1,Leclerc (Ferrari),45.55326,45.55326,Rainy,0.75
145,2,Leclerc (Ferrari),44.70749,90.26075,Rainy,0.75
145,3,Leclerc (Ferrari),45.31056,135.57131,Rainy,0.75
145,4,Leclerc (Ferrari),44.06488,179.63619,Rainy,0.75
145,5,Leclerc (Ferrari),44.52222,224.15841,Rainy,0.75
145,1,Russell (Williams),46.16801,46.16801,Rainy,0.75
145,2,Russell (Williams),45.3142,91.48221,Rainy,0.75
145,3,Russell (Williams),45.50939,136.99159,Rainy,0.75
145,4,Russell (Williams),44.93669,181.92828,Rainy,0.75
145,5,Russell (Williams),44.09589,226.02417,Rainy,0.75
145,1,Piastri (Alpine),44.2351,44.2351,Rainy,0.75
145,2,Piastri (Alpine),45.89719,90.13229,Rainy,0.75
145,3,Piastri (Alpine),47.36569,137.49798,Rainy,0.75
145,4,Piastri (Alpine),44.19186,181.68985,Rainy,0.75
145,5,Piastri (Alpine),45.97027,227.66012,Rainy,0.75
146,1,Hamilton (Mercedes),46.47394,46.47394,Rainy,0.75
146,2,Hamilton (Mercedes),46.11944,92.59337,Rainy,0.75
146,3,Hamilton (Mercedes),45.85292,138.44629,Rainy,0.75
146,4,Hamilton (Mercedes),45.75036,184.19665,Rainy,0.75
146,5,Hamilton (Mercedes),46.0437,230.24035,Rainy,0.75
146,1,Verstappen (Red Bull),45.8224,45.8224,Rainy,0.75
146,2,Verstappen (Red Bull),44.99576,90.81816,Rainy,0.75
146,3,Verstappen (Red Bull),45.69106,136.50922,Rainy,0.75
146,4,Verstappen (Red Bull),44.15741,180.66663,Rainy,0.75
146,5,Verstappen (Red Bull),45.59515,226.26178,Rainy,0.75
146,1,Norris (McLaren),44.64011,44.64011,Rainy,0.75
146,2,Norris (McLaren),45.84535,90.48546,Rainy,0.75
146,3,Norris (McLaren),45.50825,135.99371,Rainy,0.75
146,4,Norris (McLaren),45.0604,181.05411,Rainy,0.75
146,5,Norris (McLaren),45.65209,226.7062,Rainy,0.75
146,1,Leclerc (Ferrari),44.81663,44.81663,Rainy,0.75
146,2,Leclerc (Ferrari),45.7337,90.55033,Rainy,0.75
146,3,Leclerc (Ferrari),44.61551,135.16584,Rainy,0.75
146,4,Leclerc (Ferrari),45.89949,181.06533,Rainy,0.75
146,5,Leclerc (Ferrari),45.15166,226.21699,Rainy,0.75
146,1,Russell (Williams),46.70954,46.70954,Rainy,0.75
146,2,Russell (Williams),44.40469,91.11423,Rainy,0.75
146,3,Russell (Williams),44.42627,135.5405,Rainy,0.75
146,4,Russell (Williams),44.7736,180.3141,Rainy,0.75
146,5,Russell (Williams),44.28618,224.60028,Rainy,0.75
146,1,Piastri (Alpine),45.12657,45.12657,Rainy,0.75
146,2,Piastri (Alpine),45.7959,90.92247,Rainy,0.75
146,3,Piastri (Alpine),45.1885,136.11097,Rainy,0.75
146,4,Piastri (Alpine),45.81108,181.92205,Rainy,0.75
146,5,Piastri (Alpine),45.11247,227.03453,Rainy,0.75
147,1,Hamilton (Mercedes),46.09988,46.09988,Rainy,0.75
147,2,Hamilton (Mercedes),46.62108,92.72096,Rainy,0.75
147,3,Hamilton (Mercedes),45.59149,138.31245,Rainy,0.75
147,4,Hamilton (Mercedes),46.09978,184.41223,Rainy,0.75
147,5,Hamilton (Mercedes),46.30361,230.71584,Rainy,0.75
147,1,Verstappen (Red Bull),45.54402,45.54402,Rainy,0.75
147,2,Verstappen (Red Bull),44.8342,90.37822,Rainy,0.75
147,3,Verstappen (Red Bull),46.45045,136.82867,Rainy,0.75
147,4,Verstappen (Red Bull),45.66109,182.48975,Rainy,0.75
147,5,Verstappen (Red Bull),44.76495,227.25471,Rainy,0.75
147,1,Norris (McLaren),45.97831,45.97831,Rainy,0.75
147,2,Norris (McLaren),45.20722,91.18553,Rainy,0.75
147,3,Norris (McLaren),45.41729,136.60282,Rainy,0.75
147,4,Norris (McLaren),45.91559,182.51841,Rainy,0.75
147,5,Norris (McLaren),45.56201,228.08042,Rainy,0.75
147,1,Leclerc (Ferrari),44.43663,44.43663,Rainy,0.75
147,2,Leclerc (Ferrari),45.35749,89.79412,Rainy,0.75
147,3,Leclerc (Ferrari),44.86814,134.66226,Rainy,0.75
147,4,Leclerc (Ferrari),43.98093,178.64319,Rainy,0.75
147,5,Leclerc (Ferrari),45.3446,223.98779,Rainy,0.75
147,1,Russell (Williams),45.53007,45.53007,Rainy,0.75
147,2,Russell (Williams),43.73985,89.26992,Rainy,0.75
147,3,Russell (Williams),46.14426,135.41419,Rainy,0.75
147,4,Russell (Williams),44.65152,180.06571,Rainy,0.75
147,5,Russell (Williams),44.52065,224.58636,Rainy,0.75
147,1,Piastri (Alpine),45.73593,45.73593,Rainy,0.75
147,2,Piastri (Alpine),46.21667,91.9526,Rainy,0.75
147,3,Piastri (Alpine),45.37915,137.33175,Rainy,0.75
147,4,Piastri (Alpine),45.50234,182.83409,Rainy,0.75
147,5,Piastri (Alpine),46.71209,229.54618,Rainy,0.75
148,1,Hamilton (Mercedes),45.5723,45.5723,Rainy,0.75
148,2,Hamilton (Mercedes),45.74896,91.32126,Rainy,0.75
148,3,Hamilton (Mercedes),46.24302,137.56428,Rainy,0.75
148,4,Hamilton (Mercedes),46.36498,183.92926,Rainy,0.75
148,5,Hamilton (Mercedes),46.35928,230.28854,Rainy,0.75
148,1,Verstappen (Red Bull),45.64022,45.64022,Rainy,0.75
148,2,Verstappen (Red Bull),45.89683,91.53705,Rainy,0.75
148,3,Verstappen (Red Bull),44.47823,136.01528,Rainy,0.75
148,4,Verstappen (Red Bull),46.07004,182.08532,Rainy,0.75
148,5,Verstappen (Red Bull),45.47335,227.55868,Rainy,0.75
148,1,Norris (McLaren),45.16602,45.16602,Rainy,0.75
148,2,Norris (McLaren),45.50392,90.66994,Rainy,0.75
148,3,Norris (McLaren),44.78922,135.45916,Rainy,0.75
148,4,Norris (McLaren),44.99993,180.4591,Rainy,0.75
148,5,Norris (McLaren),45.70573,226.16483,Rainy,0.75
148,1,Leclerc (Ferrari),44.9611,44.9611,Rainy,0.75
148,2,Leclerc (Ferrari),45.16363,90.12473,Rainy,0.75
148,3,Leclerc (Ferrari),44.26577,134.3905,Rainy,0.75
148,4,Leclerc (Ferrari),45.5797,179.97019,Rainy,0.75
148,5,Leclerc (Ferrari),43.11817,223.08836,Rainy,0.75
148,1,Russell (Williams),45.25363,45.25363,Rainy,0.75
148,2,Russell (Williams),45.58922,90.84284,Rainy,0.75
148,3,Russell (Williams),44.63549,135.47833,Rainy,0.75
148,4,Russell (Williams),45.31312,180.79146,Rainy,0.75
148,5,Russell (Williams),46.14531,226.93677,Rainy,0.75
148,1,Piastri (Alpine),45.53698,45.53698,Rainy,0.75
148,2,Piastri (Alpine),44.8898,90.42678,Rainy,0.75
148,3,Piastri (Alpine),45.45008,135.87686,Rainy,0.75
148,4,Piastri (Alpine),45.42189,181.29876,Rainy,0.75
148,5,Piastri (Alpine),46.75768,228.05644,Rainy,0.75
149,1,Hamilton (Mercedes),46.33164,46.33164,Rainy,0.75
149,2,Hamilton (Mercedes),46.08328,92.41492,Rainy,0.75
149,3,Hamilton (Mercedes),45.77178,138.1867,Rainy,0.75
149,4,Hamilton (Mercedes),45.81223,183.99893,Rainy,0.75
149,5,Hamilton (Mercedes),45.81463,229.81356,Rainy,0.75
149,1,Verstappen (Red Bull),45.01362,45.01362,Rainy,0.75
149,2,Verstappen (Red Bull),45.51739,90.53101,Rainy,0.75
149,3,Verstappen (Red Bull),44.95062,135.48163,Rainy,0.75
149,4,Verstappen (Red Bull),44.75618,180.23781,Rainy,0.75
149,5,Verstappen (Red Bull),46.3735,226.61132,Rainy,0.75
149,1,Norris (McLaren),45.10574,45.10574,Rainy,0.75
149,2,Norris (McLaren),44.93494,90.04068,Rainy,0.75
149,3,Norris (McLaren),46.52598,136.56666,Rainy,0.75
149,4,Norris (McLaren),44.97608,181.54273,Rainy,0.75
149,5,Norris (McLaren),45.24954,226.79227,Rainy,0.75
149,1,Leclerc (Ferrari),44.82874,44.82874,Rainy,0.75
149,2,Leclerc (Ferrari),44.22049,89.04923,Rainy,0.75
149,3,Leclerc (Ferrari),45.08987,134.1391,Rainy,0.75
149,4,Leclerc (Ferrari),45.04649,179.18559,Rainy,0.75
149,5,Leclerc (Ferrari),43.43395,222.61954,Rainy,0.75
149,1,Russell (Williams),46.13613,46.13613,Rainy,0.75
149,2,Russell (Williams),45.92776,92.06389,Rainy,0.75
149,3,Russell (Williams),45.14146,137.20535,Rainy,0.75
149,4,Russell (Williams),45.61949,182.82484,Rainy,0.75
149,5,Russell (Williams),45.07427,227.89911,Rainy,0.75
149,1,Piastri (Alpine),45.17326,45.17326,Rainy,0.75
149,2,Piastri (Alpine),46.78409,91.95735,Rainy,0.75
149,3,Piastri (Alpine),43.92792,135.88527,Rainy,0.75
149,4,Piastri (Alpine),45.85132,181.73659,Rainy,0.75
149,5,Piastri (Alpine),46.20071,227.9373,Rainy,0.75
150,1,Hamilton (Mercedes),46.17591,46.17591,Rainy,0.75
150,2,Hamilton (Mercedes),46.01507,92.19098,Rainy,0.75
150,3,Hamilton (Mercedes),45.88828,138.07926,Rainy,0.75
150,4,Hamilton (Mercedes),45.75074,183.83,Rainy,0.75
150,5,Hamilton (Mercedes),45.76181,229.59181,Rainy,0.75
150,1,Verstappen (Red Bull),45.55117,45.55117,Rainy,0.75
150,2,Verstappen (Red Bull),44.34046,89.89163,Rainy,0.75
150,3,Verstappen (Red Bull),44.97991,134.87154,Rainy,0.75
150,4,Verstappen (Red Bull),45.01755,179.88909,Rainy,0.75
150,5,Verstappen (Red Bull),45.92521,225.8143,Rainy,0.75
150,1,Norris (McLaren),45.28839,45.28839,Rainy,0.75
150,2,Norris (McLaren),45.87503,91.16342,Rainy,0.75
150,3,Norris (McLaren),45.45861,136.62203,Rainy,0.75
150,4,Norris (McLaren),46.22324,182.84527,Rainy,0.75
150,5,Norris (McLaren),45.46689,228.31216,Rainy,0.75
150,1,Leclerc (Ferrari),45.56533,45.56533,Rainy,0.75
150,2,Leclerc (Ferrari),45.01624,90.58157,Rainy,0.75
150,3,Leclerc (Ferrari),46.02212,136.60369,Rainy,0.75
150,4,Leclerc (Ferrari),44.92461,181.5283,Rainy,0.75
150,5,Leclerc (Ferrari),44.78056,226.30887,Rainy,0.75
150,1,Russell (Williams),45.03737,45.03737,Rainy,0.75
150,2,Russell (Williams),45.19646,90.23382,Rainy,0.75
150,3,Russell (Williams),45.11236,135.34618,Rainy,0.75
150,4,Russell (Williams),45.78354,181.12973,Rainy,0.75
150,5,Russell (Williams),45.39673,226.52646,Rainy,0.75
150,1,Piastri (Alpine),44.67804,44.67804,Rainy,0.75
150,2,Piastri (Alpine),44.78188,89.45992,Rainy,0.75
150,3,Piastri (Alpine),44.0172,133.47712,Rainy,0.75
150,4,Piastri (Alpine),44.58006,178.05718,Rainy,0.75
150,5,Piastri (Alpine),45.44565,223.50283,Rainy,0.75
151,1,Hamilton (Mercedes),45.43864,45.43864,Rainy,0.75
151,2,Hamilton (Mercedes),45.48113,90.91978,Rainy,0.75
151,3,Hamilton (Mercedes),45.63123,136.55101,Rainy,0.75
151,4,Hamilton (Mercedes),45.79731,182.34832,Rainy,0.75
151,5,Hamilton (Mercedes),45.80511,228.15343,Rainy,0.75
151,1,Verstappen (Red Bull),45.27001,45.27001,Rainy,0.75
151,2,Verstappen (Red Bull),44.3725,89.64251,Rainy,0.75
151,3,Verstappen (Red Bull),45.6543,135.29681,Rainy,0.75
151,4,Verstappen (Red Bull),46.28035,181.57717,Rainy,0.75
151,5,Verstappen (Red Bull),45.06475,226.64191,Rainy,0.75
151,1,Norris (McLaren),46.21323,46.21323,Rainy,0.75
151,2,Norris (McLaren),44.79044,91.00367,Rainy,0.75
151,3,Norris (McLaren),45.45212,136.45579,Rainy,0.75
151,4,Norris (McLaren),45.89772,182.35351,Rainy,0.75
151,5,Norris (McLaren),46.39292,228.74643,Rainy,0.75
151,1,Leclerc (Ferrari),45.13657,45.13657,Rainy,0.75
151,2,Leclerc (Ferrari),45.26894,90.40552,Rainy,0.75
151,3,Leclerc (Ferrari),45.14486,135.55038,Rainy,0.75
151,4,Leclerc (Ferrari),46.42314,181.97352,Rainy,0.75
151,5,Leclerc (Ferrari),45.2239,227.19742,Rainy,0.75
151,1,Russell (Williams),45.47885,45.47885,Rainy,0.75
151,2,Russell (Williams),45.6222,91.10105,Rainy,0.75
151,3,Russell (Williams),46.0568,137.15785,Rainy,0.75
151,4,Russell (Williams),45.54213,182.69998,Rainy,0.75
151,5,Russell (Williams),44.46983,227.1698,Rainy,0.75
151,1,Piastri (Alpine),44.12193,44.12193,Rainy,0.75
151,2,Piastri (Alpine),44.59891,88.72084,Rainy,0.75
151,3,Piastri (Alpine),46.00645,134.72729,Rainy,0.75
151,4,Piastri (Alpine),46.19458,180.92187,Rainy,0.75
151,5,Piastri (Alpine),44.0205,224.94237,Rainy,0.75
152,1,Hamilton (Mercedes),46.64133,46.64133,Rainy,0.75
152,2,Hamilton (Mercedes),45.52054,92.16186,Rainy,0.75
152,3,Hamilton (Mercedes),45.8961,138.05797,Rainy,0.75
152,4,Hamilton (Mercedes),47.0305,185.08847,Rainy,0.75
152,5,Hamilton (Mercedes),46.37126,231.45974,Rainy,0.75
152,1,Verstappen (Red Bull),44.89252,44.89252,Rainy,0.75
152,2,Verstappen (Red Bull),46.10486,90.99738,Rainy,0.75
152,3,Verstappen (Red Bull),45.70808,136.70546,Rainy,0.75
152,4,Verstappen (Red Bull),44.59323,181.29869,Rainy,0.75
152,5,Verstappen (Red Bull),44.5973,225.89599,Rainy,0.75
152,1,Norris (McLaren),46.40932,46.40932,Rainy,0.75
152,2,Norris (McLaren),45.41738,91.8267,Rainy,0.75
152,3,Norris (McLaren),44.84582,136.67252,Rainy,0.75
152,4,Norris (McLaren),44.56491,181.23743,Rainy,0.75
152,5,Norris (McLaren),45.99906,227.23649,Rainy,0.75
152,1,Leclerc (Ferrari),43.63781,43.63781,Rainy,0.75
152,2,Leclerc (Ferrari),46.2724,89.91021,Rainy,0.75
152,3,Leclerc (Ferrari),45.75121,135.66142,Rainy,0.75
152,4,Leclerc (Ferrari),43.92446,179.58589,Rainy,0.75
152,5,Leclerc (Ferrari),44.87544,224.46132,Rainy,0.75
152,1,Russell (Williams),43.28805,43.28805,Rainy,0.75
152,2,Russell (Williams),44.3184,87.60645,Rainy,0.75
152,3,Russell (Williams),45.40566,133.01211,Rainy,0.75
152,4,Russell (Williams),44.87719,177.8893,Rainy,0.75
152,5,Russell (Williams),44.14524,222.03454,Rainy,0.75
152,1,Piastri (Alpine),45.26611,45.26611,Rainy,0.75
152,2,Piastri (Alpine),45.64802,90.91413,Rainy,0.75
152,3,Piastri (Alpine),44.13005,135.04418,Rainy,0.75
152,4,Piastri (Alpine),45.57445,180.61863,Rainy,0.75
152,5,Piastri (Alpine),44.71398,225.33261,Rainy,0.75
153,1,Hamilton (Mercedes),45.48098,45.48098,Rainy,0.75
153,2,Hamilton (Mercedes),44.89887,90.37985,Rainy,0.75
153,3,Hamilton (Mercedes),46.87157,137.25142,Rainy,0.75
153,4,Hamilton (Mercedes),46.35772,183.60913,Rainy,0.75
153,5,Hamilton (Mercedes),45.97941,229.58855,Rainy,0.75
153,1,Verstappen (Red Bull),45.63149,45.63149,Rainy,0.75
153,2,Verstappen (Red Bull),44.95204,90.58353,Rainy,0.75
153,3,Verstappen (Red Bull),45.46887,136.0524,Rainy,0.75
153,4,Verstappen (Red Bull),44.36191,180.41432,Rainy,0.75
153,5,Verstappen (Red Bull),45.29032,225.70464,Rainy,0.75
153,1,Norris (McLaren),45.5541,45.5541,Rainy,0.75
153,2,Norris (McLaren),45.54819,91.10229,Rainy,0.75
153,3,Norris (McLaren),45.07398,136.17627,Rainy,0.75
153,4,Norris (McLaren),45.58648,181.76275,Rainy,0.75
153,5,Norris (McLaren),44.21086,225.97361,Rainy,0.75
153,1,Leclerc (Ferrari),45.15605,45.15605,Rainy,0.75
153,2,Leclerc (Ferrari),45.23578,90.39183,Rainy,0.75
153,3,Leclerc (Ferrari),44.60072,134.99255,Rainy,0.75
153,4,Leclerc (Ferrari),44.3562,179.34876,Rainy,0.75
153,5,Leclerc (Ferrari),44.78071,224.12946,Rainy,0.75
153,1,Russell (Williams),44.95715,44.95715,Rainy,0.75
153,2,Russell (Williams),45.24303,90.20018,Rainy,0.75
153,3,Russell (Williams),45.76654,135.96672,Rainy,0.75
153,4,Russell (Williams),44.13631,180.10303,Rainy,0.75
153,5,Russell (Williams),45.4979,225.60093,Rainy,0.75
153,1,Piastri (Alpine),44.4295,44.4295,Rainy,0.75
153,2,Piastri (Alpine),45.29968,89.72917,Rainy,0.75
153,3,Piastri (Alpine),45.56988,135.29905,Rainy,0.75
153,4,Piastri (Alpine),44.69324,179.99229,Rainy,0.75
153,5,Piastri (Alpine),46.36537,226.35766,Rainy,0.75
154,1,Hamilton (Mercedes),46.09968,46.09968,Rainy,0.75
154,2,Hamilton (Mercedes),46.07304,92.17273,Rainy,0.75
154,3,Hamilton (Mercedes),46.91922,139.09194,Rainy,0.75
154,4,Hamilton (Mercedes),47.05537,186.14731,Rainy,0.75
154,5,Hamilton (Mercedes),46.71326,232.86057,Rainy,0.75
154,1,Verstappen (Red Bull),44.42887,44.42887,Rainy,0.75
154,2,Verstappen (Red Bull),44.96068,89.38955,Rainy,0.75
154,3,Verstappen (Red Bull),45.5587,134.94825,Rainy,0.75
154,4,Verstappen (Red Bull),45.14184,180.09009,Rainy,0.75
154,5,Verstappen (Red Bull),44.88609,224.97618,Rainy,0.75
154,1,Norris (McLaren),45.8149,45.8149,Rainy,0.75
154,2,Norris (McLaren),47.05824,92.87314,Rainy,0.75
154,3,Norris (McLaren),45.82387,138.697,Rainy,0.75
154,4,Norris (McLaren),45.47393,184.17093,Rainy,0.75
154,5,Norris (McLaren),45.21706,229.38799,Rainy,0.75
154,1,Leclerc (Ferrari),45.58911,45.58911,Rainy,0.75
154,2,Leclerc (Ferrari),45.16343,90.75253,Rainy,0.75
154,3,Leclerc (Ferrari),44.92081,135.67334,Rainy,0.75
154,4,Leclerc (Ferrari),45.1862,180.85955,Rainy,0.75
154,5,Leclerc (Ferrari),44.18395,225.04349,Rainy,0.75
154,1,Russell (Williams),46.08233,46.08233,Rainy,0.75
154,2,Russell (Williams),45.08312,91.16545,Rainy,0.75
154,3,Russell (Williams),44.84869,136.01415,Rainy,0.75
154,4,Russell (Williams),44.30928,180.32343,Rainy,0.75
154,5,Russell (Williams),44.78988,225.11331,Rainy,0.75
154,1,Piastri (Alpine),46.44712,46.44712,Rainy,0.75
154,2,Piastri (Alpine),44.97778,91.42489,Rainy,0.75
154,3,Piastri (Alpine),43.95552,135.38041,Rainy,0.75
154,4,Piastri (Alpine),44.768,180.14842,Rainy,0.75
154,5,Piastri (Alpine),46.37496,226.52337,Rainy,0.75
155,1,Hamilton (Mercedes),45.91949,45.91949,Rainy,0.75
155,2,Hamilton (Mercedes),46.0377,91.95718,Rainy,0.75
155,3,Hamilton (Mercedes),45.74677,137.70396,Rainy,0.75
155,4,Hamilton (Mercedes),45.9636,183.66756,Rainy,0.75
155,5,Hamilton (Mercedes),45.0792,228.74676,Rainy,0.75
155,1,Verstappen (Red Bull),45.23918,45.23918,Rainy,0.75
155,2,Verstappen (Red Bull),45.21873,90.45792,Rainy,0.75
155,3,Verstappen (Red Bull),45.50025,135.95817,Rainy,0.75
155,4,Verstappen (Red Bull),45.12085,181.07902,Rainy,0.75
155,5,Verstappen (Red Bull),45.37603,226.45505,Rainy,0.75
155,1,Norris (McLaren),46.03033,46.03033,Rainy,0.75
155,2,Norris (McLaren),46.49929,92.52963,Rainy,0.75
155,3,Norris (McLaren),45.47757,138.0072,Rainy,0.75
155,4,Norris (McLaren),46.33759,184.34479,Rainy,0.75
155,5,Norris (McLaren),45.2509,229.59569,Rainy,0.75
155,1,Leclerc (Ferrari),44.22276,44.22276,Rainy,0.75
155,2,Leclerc (Ferrari),45.37713,89.59989,Rainy,0.75
155,3,Leclerc (Ferrari),44.5605,134.16039,Rainy,0.75
155,4,Leclerc (Ferrari),44.89508,179.05547,Rainy,0.75
155,5,Leclerc (Ferrari),44.58291,223.63838,Rainy,0.75
155,1,Russell (Williams),43.68255,43.68255,Rainy,0.75
155,2,Russell (Williams),45.59649,89.27904,Rainy,0.75
155,3,Russell (Williams),45.283,134.56204,Rainy,0.75
155,4,Russell (Williams),45.19671,179.75875,Rainy,0.75
155,5,Russell (Williams),45.30517,225.06392,Rainy,0.75
155,1,Piastri (Alpine),43.73242,43.73242,Rainy,0.75
155,2,Piastri (Alpine),45.67925,89.41167,Rainy,0.75
155,3,Piastri (Alpine),45.09646,134.50813,Rainy,0.75
155,4,Piastri (Alpine),46.51101,181.01914,Rainy,0.75
155,5,Piastri (Alpine),45.932,226.95115,Rainy,0.75
156,1,Hamilton (Mercedes),45.84163,45.84163,Rainy,0.75
156,2,Hamilton (Mercedes),46.37656,92.21819,Rainy,0.75
156,3,Hamilton (Mercedes),45.99347,138.21167,Rainy,0.75
156,4,Hamilton (Mercedes),45.07942,183.29108,Rainy,0.75
156,5,Hamilton (Mercedes),44.82531,228.11639,Rainy,0.75
156,1,Verstappen (Red Bull),45.06519,45.06519,Rainy,0.75
156,2,Verstappen (Red Bull),45.45428,90.51946,Rainy,0.75
156,3,Verstappen (Red Bull),45.41164,135.93111,Rainy,0.75
156,4,Verstappen (Red Bull),44.26255,180.19365,Rainy,0.75
156,5,Verstappen (Red Bull),44.84069,225.03435,Rainy,0.75
156,1,Norris (McLaren),43.40077,43.40077,Rainy,0.75
156,2,Norris (McLaren),45.98123,89.382,Rainy,0.75
156,3,Norris (McLaren),45.56541,134.9474,Rainy,0.75
156,4,Norris (McLaren),46.3413,181.2887,Rainy,0.75
156,5,Norris (McLaren),45.93936,227.22806,Rainy,0.75
156,1,Leclerc (Ferrari),44.85049,44.85049,Rainy,0.75
156,2,Leclerc (Ferrari),45.35662,90.20711,Rainy,0.75
156,3,Leclerc (Ferrari),45.24433,135.45144,Rainy,0.75
156,4,Leclerc (Ferrari),43.77314,179.22458,Rainy,0.75
156,5,Leclerc (Ferrari),45.19314,224.41772,Rainy,0.75
156,1,Russell (Williams),44.49569,44.49569,Rainy,0.75
156,2,Russell (Williams),45.93242,90.4281,Rainy,0.75
156,3,Russell (Williams),45.30562,135.73372,Rainy,0.75
156,4,Russell (Williams),44.85664,180.59036,Rainy,0.75
156,5,Russell (Williams),45.09648,225.68684,Rainy,0.75
156,1,Piastri (Alpine),46.12172,46.12172,Rainy,0.75
156,2,Piastri (Alpine),45.34463,91.46635,Rainy,0.75
156,3,Piastri (Alpine),45.64693,137.11328,Rainy,0.75
156,4,Piastri (Alpine),45.39976,182.51304,Rainy,0.75
156,5,Piastri (Alpine),45.46799,227.98103,Rainy,0.75
157,1,Hamilton (Mercedes),46.0074,46.0074,Rainy,0.75
157,2,Hamilton (Mercedes),45.6316,91.63901,Rainy,0.75
157,3,Hamilton (Mercedes),46.63561,138.27462,Rainy,0.75
157,4,Hamilton (Mercedes),47.66962,185.94423,Rainy,0.75
157,5,Hamilton (Mercedes),46.64498,232.58921,Rainy,0.75
157,1,Verstappen (Red Bull),45.07506,45.07506,Rainy,0.75
157,2,Verstappen (Red Bull),45.81844,90.8935,Rainy,0.75
157,3,Verstappen (Red Bull),44.29731,135.19081,Rainy,0.75
157,4,Verstappen (Red Bull),45.36696,180.55777,Rainy,0.75
157,5,Verstappen (Red Bull),44.66298,225.22075,Rainy,0.75
157,1,Norris (McLaren),45.46192,45.46192,Rainy,0.75
157,2,Norris (McLaren),46.21636,91.67828,Rainy,0.75
157,3,Norris (McLaren),46.14983,137.82811,Rainy,0.75
157,4,Norris (McLaren),44.81688,182.64499,Rainy,0.75
157,5,Norris (McLaren),45.06877,227.71376,Rainy,0.75
157,1,Leclerc (Ferrari),45.14065,45.14065,Rainy,0.75
157,2,Leclerc (Ferrari),45.25141,90.39206,Rainy,0.75
157,3,Leclerc (Ferrari),46.70715,137.0992,Rainy,0.75
157,4,Leclerc (Ferrari),45.28237,182.38157,Rainy,0.75
157,5,Leclerc (Ferrari),45.45995,227.84152,Rainy,0.75
157,1,Russell (Williams),45.10383,45.10383,Rainy,0.75
157,2,Russell (Williams),46.86694,91.97077,Rainy,0.75
157,3,Russell (Williams),45.65338,137.62415,Rainy,0.75
157,4,Russell (Williams),45.38543,183.00958,Rainy,0.75
157,5,Russell (Williams),45.62618,228.63576,Rainy,0.75
157,1,Piastri (Alpine),45.27547,45.27547,Rainy,0.75
157,2,Piastri (Alpine),45.81797,91.09344,Rainy,0.75
157,3,Piastri (Alpine),45.59726,136.6907,Rainy,0.75
157,4,Piastri (Alpine),46.12389,182.81458,Rainy,0.75
157,5,Piastri (Alpine),45.40657,228.22115,Rainy,0.75
158,1,Hamilton (Mercedes),46.43045,46.43045,Rainy,0.75
158,2,Hamilton (Mercedes),46.04823,92.47868,Rainy,0.75
158,3,Hamilton (Mercedes),46.0445,138.52318,Rainy,0.75
158,4,Hamilton (Mercedes),45.33724,183.86042,Rainy,0.75
158,5,Hamilton (Mercedes),45.57705,229.43747,Rainy,0.75
158,1,Verstappen (Red Bull),45.2295,45.2295,Rainy,0.75
158,2,Verstappen (Red Bull),45.60315,90.83264,Rainy,0.75
158,3,Verstappen (Red Bull),44.13742,134.97006,Rainy,0.75
158,4,Verstappen (Red Bull),44.24072,179.21078,Rainy,0.75
158,5,Verstappen (Red Bull),46.16109,225.37187,Rainy,0.75
158,1,Norris (McLaren),44.7643,44.7643,Rainy,0.75
158,2,Norris (McLaren),46.11115,90.87545,Rainy,0.75
158,3,Norris (McLaren),46.12144,136.99689,Rainy,0.75
158,4,Norris (McLaren),46.69259,183.68948,Rainy,0.75
158,5,Norris (McLaren),45.58307,229.27255,Rainy,0.75
158,1,Leclerc (Ferrari),44.75782,44.75782,Rainy,0.75
158,2,Leclerc (Ferrari),46.1387,90.89652,Rainy,0.75
158,3,Leclerc (Ferrari),47.25352,138.15004,Rainy,0.75
158,4,Leclerc (Ferrari),43.80981,181.95985,Rainy,0.75
158,5,Leclerc (Ferrari),45.52795,227.4878,Rainy,0.75
158,1,Russell (Williams),45.37452,45.37452,Rainy,0.75
158,2,Russell (Williams),45.28525,90.65976,Rainy,0.75
158,3,Russell (Williams),44.73696,135.39672,Rainy,0.75
158,4,Russell (Williams),44.81304,180.20976,Rainy,0.75
158,5,Russell (Williams),44.74531,224.95506,Rainy,0.75
158,1,Piastri (Alpine),44.86231,44.86231,Rainy,0.75
158,2,Piastri (Alpine),46.71566,91.57798,Rainy,0.75
158,3,Piastri (Alpine),46.23962,137.81759,Rainy,0.75
158,4,Piastri (Alpine),47.1493,184.96689,Rainy,0.75
158,5,Piastri (Alpine),45.58358,230.55047,Rainy,0.75
159,1,Hamilton (Mercedes),45.92253,45.92253,Rainy,0.75
159,2,Hamilton (Mercedes),45.29886,91.22139,Rainy,0.75
159,3,Hamilton (Mercedes),45.79777,137.01916,Rainy,0.75
159,4,Hamilton (Mercedes),46.18797,183.20713,Rainy,0.75
159,5,Hamilton (Mercedes),46.60271,229.80984,Rainy,0.75
159,1,Verstappen (Red Bull),45.06599,45.06599,Rainy,0.75
159,2,Verstappen (Red Bull),45.07078,90.13677,Rainy,0.75
159,3,Verstappen (Red Bull),45.5798,135.71657,Rainy,0.75
159,4,Verstappen (Red Bull),45.09182,180.80839,Rainy,0.75
159,5,Verstappen (Red Bull),44.82864,225.63703,Rainy,0.75
159,1,Norris (McLaren),44.81103,44.81103,Rainy,0.75
159,2,Norris (McLaren),44.45297,89.264,Rainy,0.75
159,3,Norris (McLaren),45.64418,134.90817,Rainy,0.75
159,4,Norris (McLaren),45.29447,180.20264,Rainy,0.75
159,5,Norris (McLaren),46.21591,226.41855,Rainy,0.75
159,1,Leclerc (Ferrari),44.78251,44.78251,Rainy,0.75
159,2,Leclerc (Ferrari),45.43011,90.21262,Rainy,0.75
159,3,Leclerc (Ferrari),45.41794,135.63056,Rainy,0.75
159,4,Leclerc (Ferrari),45.22989,180.86045,Rainy,0.75
159,5,Leclerc (Ferrari),45.53167,226.39212,Rainy,0.75
159,1,Russell (Williams),44.63615,44.63615,Rainy,0.75
159,2,Russell (Williams),44.09037,88.72651,Rainy,0.75
159,3,Russell (Williams),46.02753,134.75404,Rainy,0.75
159,4,Russell (Williams),44.99552,179.74957,Rainy,0.75
159,5,Russell (Williams),46.06494,225.81451,Rainy,0.75
159,1,Piastri (Alpine),44.63328,44.63328,Rainy,0.75
159,2,Piastri (Alpine),44.94613,89.57941,Rainy,0.75
159,3,Piastri (Alpine),44.11102,133.69043,Rainy,0.75
159,4,Piastri (Alpine),46.03759,179.72802,Rainy,0.75
159,5,Piastri (Alpine),45.49827,225.22629,Rainy,0.75
160,1,Hamilton (Mercedes),45.64567,45.64567,Rainy,0.75
160,2,Hamilton (Mercedes),46.64253,92.28819,Rainy,0.75
160,3,Hamilton (Mercedes),46.71061,138.99881,Rainy,0.75
160,4,Hamilton (Mercedes),46.69127,185.69008,Rainy,0.75
160,5,Hamilton (Mercedes),46.91752,232.60759,Rainy,0.75
160,1,Verstappen (Red Bull),45.01002,45.01002,Rainy,0.75
160,2,Verstappen (Red Bull),45.54546,90.55548,Rainy,0.75
160,3,Verstappen (Red Bull),45.92318,136.47866,Rainy,0.75
160,4,Verstappen (Red Bull),45.95437,182.43303,Rainy,0.75
160,5,Verstappen (Red Bull),45.26956,227.70259,Rainy,0.75
160,1,Norris (McLaren),45.04722,45.04722,Rainy,0.75
160,2,Norris (McLaren),45.98666,91.03388,Rainy,0.75
160,3,Norris (McLaren),45.49595,136.52983,Rainy,0.75
160,4,Norris (McLaren),45.64508,182.17491,Rainy,0.75
160,5,Norris (McLaren),45.4056,227.58051,Rainy,0.75
160,1,Leclerc (Ferrari),45.24617,45.24617,Rainy,0.75
160,2,Leclerc (Ferrari),44.33753,89.58369,Rainy,0.75
160,3,Leclerc (Ferrari),44.91105,134.49474,Rainy,0.75
160,4,Leclerc (Ferrari),44.34064,178.83538,Rainy,0.75
160,5,Leclerc (Ferrari),44.41154,223.24692,Rainy,0.75
160,1,Russell (Williams),44.62962,44.62962,Rainy,0.75
160,2,Russell (Williams),44.78533,89.41495,Rainy,0.75
160,3,Russell (Williams),44.84156,134.25652,Rainy,0.75
160,4,Russell (Williams),44.50278,178.7593,Rainy,0.75
160,5,Russell (Williams),45.68913,224.44843,Rainy,0.75
160,1,Piastri (Alpine),44.34129,44.34129,Rainy,0.75
160,2,Piastri (Alpine),45.26738,89.60867,Rainy,0.75
160,3,Piastri (Alpine),45.89978,135.50845,Rainy,0.75
160,4,Piastri (Alpine),46.16996,181.67841,Rainy,0.75
160,5,Piastri (Alpine),45.29124,226.96965,Rainy,0.75
161,1,Hamilton (Mercedes),46.76007,46.76007,Rainy,0.75
161,2,Hamilton (Mercedes),45.99595,92.75602,Rainy,0.75
161,3,Hamilton (Mercedes),45.52881,138.28483,Rainy,0.75
161,4,Hamilton (Mercedes),45.8267,184.11153,Rainy,0.75
161,5,Hamilton (Mercedes),46.29513,230.40666,Rainy,0.75
161,1,Verstappen (Red Bull),45.06159,45.06159,Rainy,0.75
161,2,Verstappen (Red Bull),45.183,90.24459,Rainy,0.75
161,3,Verstappen (Red Bull),46.33552,136.58011,Rainy,0.75
161,4,Verstappen (Red Bull),44.51383,181.09394,Rainy,0.75
161,5,Verstappen (Red Bull),45.35358,226.44751,Rainy,0.75
161,1,Norris (McLaren),46.21725,46.21725,Rainy,0.75
161,2,Norris (McLaren),44.77226,90.98951,Rainy,0.75
161,3,Norris (McLaren),46.02012,137.00963,Rainy,0.75
161,4,Norris (McLaren),44.5532,181.56283,Rainy,0.75
161,5,Norris (McLaren),45.23763,226.80046,Rainy,0.75
161,1,Leclerc (Ferrari),44.52865,44.52865,Rainy,0.75
161,2,Leclerc (Ferrari),44.46814,88.99679,Rainy,0.75
161,3,Leclerc (Ferrari),43.91711,132.9139,Rainy,0.75
161,4,Leclerc (Ferrari),44.44821,177.36211,Rainy,0.75
161,5,Leclerc (Ferrari),45.89674,223.25885,Rainy,0.75
161,1,Russell (Williams),44.68322,44.68322,Rainy,0.75
161,2,Russell (Williams),44.35871,89.04193,Rainy,0.75
161,3,Russell (Williams),45.01284,134.05477,Rainy,0.75
161,4,Russell (Williams),44.9598,179.01457,Rainy,0.75
161,5,Russell (Williams),44.97404,223.98861,Rainy,0.75
161,1,Piastri (Alpine),44.55433,44.55433,Rainy,0.75
161,2,Piastri (Alpine),46.01172,90.56606,Rainy,0.75
161,3,Piastri (Alpine),45.59351,136.15957,Rainy,0.75
161,4,Piastri (Alpine),44.94899,181.10856,Rainy,0.75
161,5,Piastri (Alpine),44.50602,225.61458,Rainy,0.75
162,1,Hamilton (Mercedes),46.70067,46.70067,Rainy,0.75
162,2,Hamilton (Mercedes),46.00847,92.70914,Rainy,0.75
162,3,Hamilton (Mercedes),46.3522,139.06134,Rainy,0.75
162,4,Hamilton (Mercedes),45.8832,184.94454,Rainy,0.75
162,5,Hamilton (Mercedes),46.61993,231.56447,Rainy,0.75
162,1,Verstappen (Red Bull),45.58376,45.58376,Rainy,0.75
162,2,Verstappen (Red Bull),45.48365,91.06741,Rainy,0.75
162,3,Verstappen (Red Bull),45.46485,136.53227,Rainy,0.75
162,4,Verstappen (Red Bull),45.36449,181.89675,Rainy,0.75
162,5,Verstappen (Red Bull),45.18714,227.0839,Rainy,0.75
162,1,Norris (McLaren),46.07193,46.07193,Rainy,0.75
162,2,Norris (McLaren),45.56128,91.63321,Rainy,0.75
162,3,Norris (McLaren),45.49595,137.12916,Rainy,0.75
162,4,Norris (McLaren),46.81138,183.94054,Rainy,0.75
162,5,Norris (McLaren),45.13527,229.07581,Rainy,0.75
162,1,Leclerc (Ferrari),45.37779,45.37779,Rainy,0.75
162,2,Leclerc (Ferrari),44.15592,89.53371,Rainy,0.75
162,3,Leclerc (Ferrari),44.68431,134.21802,Rainy,0.75
162,4,Leclerc (Ferrari),45.68851,179.90653,Rainy,0.75
162,5,Leclerc (Ferrari),44.99291,224.89944,Rainy,0.75
162,1,Russell (Williams),44.51945,44.51945,Rainy,0.75
162,2,Russell (Williams),44.82536,89.3448,Rainy,0.75
162,3,Russell (Williams),45.19722,134.54202,Rainy,0.75
162,4,Russell (Williams),44.76462,179.30664,Rainy,0.75
162,5,Russell (Williams),46.14666,225.4533,Rainy,0.75
162,1,Piastri (Alpine),45.86213,45.86213,Rainy,0.75
162,2,Piastri (Alpine),46.03742,91.89955,Rainy,0.75
162,3,Piastri (Alpine),46.38305,138.28259,Rainy,0.75
162,4,Piastri (Alpine),44.14269,182.42529,Rainy,0.75
162,5,Piastri (Alpine),44.59133,227.01661,Rainy,0.75
163,1,Hamilton (Mercedes),46.68314,46.68314,Rainy,0.75
163,2,Hamilton (Mercedes),45.89849,92.58163,Rainy,0.75
163,3,Hamilton (Mercedes),44.75584,137.33747,Rainy,0.75
163,4,Hamilton (Mercedes),46.3941,183.73157,Rainy,0.75
163,5,Hamilton (Mercedes),45.65813,229.3897,Rainy,0.75
163,1,Verstappen (Red Bull),45.05136,45.05136,Rainy,0.75
163,2,Verstappen (Red Bull),45.73796,90.78932,Rainy,0.75
163,3,Verstappen (Red Bull),45.51834,136.30766,Rainy,0.75
163,4,Verstappen (Red Bull),45.23993,181.54759,Rainy,0.75
163,5,Verstappen (Red Bull),45.19119,226.73878,Rainy,0.75
163,1,Norris (McLaren),44.65118,44.65118,Rainy,0.75
163,2,Norris (McLaren),45.91812,90.56931,Rainy,0.75
163,3,Norris (McLaren),44.94059,135.5099,Rainy,0.75
163,4,Norris (McLaren),45.23904,180.74894,Rainy,0.75
163,5,Norris (McLaren),46.31415,227.0631,Rainy,0.75
163,1,Leclerc (Ferrari),44.54784,44.54784,Rainy,0.75
163,2,Leclerc (Ferrari),45.25222,89.80006,Rainy,0.75
163,3,Leclerc (Ferrari),44.63299,134.43305,Rainy,0.75
163,4,Leclerc (Ferrari),44.64487,179.07792,Rainy,0.75
163,5,Leclerc (Ferrari),44.12566,223.20358,Rainy,0.75
163,1,Russell (Williams),46.1923,46.1923,Rainy,0.75
163,2,Russell (Williams),44.5689,90.7612,Rainy,0.75
163,3,Russell (Williams),45.25049,136.01169,Rainy,0.75
163,4,Russell (Williams),45.41623,181.42792,Rainy,0.75
163,5,Russell (Williams),45.35526,226.78318,Rainy,0.75
163,1,Piastri (Alpine),46.36149,46.36149,Rainy,0.75
163,2,Piastri (Alpine),45.59811,91.9596,Rainy,0.75
163,3,Piastri (Alpine),46.45853,138.41813,Rainy,0.75
163,4,Piastri (Alpine),46.51324,184.93138,Rainy,0.75
163,5,Piastri (Alpine),45.71672,230.64809,Rainy,0.75
164,1,Hamilton (Mercedes),45.30811,45.30811,Rainy,0.75
164,2,Hamilton (Mercedes),45.86146,91.16957,Rainy,0.75
164,3,Hamilton (Mercedes),46.4246,137.59417,Rainy,0.75
164,4,Hamilton (Mercedes),46.18856,183.78273,Rainy,0.75
164,5,Hamilton (Mercedes),45.40993,229.19266,Rainy,0.75
164,1,Verstappen (Red Bull),45.30249,45.30249,Rainy,0.75
164,2,Verstappen (Red Bull),45.8338,91.13628,Rainy,0.75
164,3,Verstappen (Red Bull),45.28218,136.41846,Rainy,0.75
164,4,Verstappen (Red Bull),44.36392,180.78238,Rainy,0.75
164,5,Verstappen (Red Bull),44.25738,225.03976,Rainy,0.75
164,1,Norris (McLaren),44.63651,44.63651,Rainy,0.75
164,2,Norris (McLaren),44.44141,89.07792,Rainy,0.75
164,3,Norris (McLaren),46.57006,135.64798,Rainy,0.75
164,4,Norris (McLaren),45.297,180.94498,Rainy,0.75
164,5,Norris (McLaren),45.51998,226.46496,Rainy,0.75
164,1,Leclerc (Ferrari),44.53497,44.53497,Rainy,0.75
164,2,Leclerc (Ferrari),45.63269,90.16766,Rainy,0.75
164,3,Leclerc (Ferrari),44.8693,135.03696,Rainy,0.75
164,4,Leclerc (Ferrari),44.53127,179.56823,Rainy,0.75
164,5,Leclerc (Ferrari),45.33939,224.90762,Rainy,0.75
164,1,Russell (Williams),44.88675,44.88675,Rainy,0.75
164,2,Russell (Williams),44.66915,89.5559,Rainy,0.75
164,3,Russell (Williams),46.12568,135.68158,Rainy,0.75
164,4,Russell (Williams),44.29742,179.979,Rainy,0.75
164,5,Russell (Williams),44.62275,224.60176,Rainy,0.75
164,1,Piastri (Alpine),45.83662,45.83662,Rainy,0.75
164,2,Piastri (Alpine),44.8517,90.68832,Rainy,0.75
164,3,Piastri (Alpine),46.54744,137.23576,Rainy,0.75
164,4,Piastri (Alpine),45.44862,182.68438,Rainy,0.75
164,5,Piastri (Alpine),45.72518,228.40956,Rainy,0.75
165,1,Hamilton (Mercedes),45.89415,45.89415,Rainy,0.75
165,2,Hamilton (Mercedes),46.19477,92.08892,Rainy,0.75
165,3,Hamilton (Mercedes),46.3557,138.44462,Rainy,0.75
165,4,Hamilton (Mercedes),46.13357,184.57819,Rainy,0.75
165,5,Hamilton (Mercedes),46.58016,231.15835,Rainy,0.75
165,1,Verstappen (Red Bull),46.02571,46.02571,Rainy,0.75
165,2,Verstappen (Red Bull),44.70802,90.73373,Rainy,0.75
165,3,Verstappen (Red Bull),45.17427,135.908,Rainy,0.75
165,4,Verstappen (Red Bull),45.18259,181.09059,Rainy,0.75
165,5,Verstappen (Red Bull),45.45017,226.54075,Rainy,0.75
165,1,Norris (McLaren),45.1506,45.1506,Rainy,0.75
165,2,Norris (McLaren),45.76596,90.91656,Rainy,0.75
165,3,Norris (McLaren),44.34017,135.25673,Rainy,0.75
165,4,Norris (McLaren),45.59661,180.85334,Rainy,0.75
165,5,Norris (McLaren),45.08622,225.93956,Rainy,0.75
165,1,Leclerc (Ferrari),45.0206,45.0206,Rainy,0.75
165,2,Leclerc (Ferrari),45.49662,90.51722,Rainy,0.75
165,3,Leclerc (Ferrari),44.3203,134.83751,Rainy,0.75
165,4,Leclerc (Ferrari),46.26358,181.10109,Rainy,0.75
165,5,Leclerc (Ferrari),44.98514,226.08623,Rainy,0.75
165,1,Russell (Williams),44.90028,44.90028,Rainy,0.75
165,2,Russell (Williams),44.61157,89.51184,Rainy,0.75
165,3,Russell (Williams),44.62566,134.13751,Rainy,0.75
165,4,Russell (Williams),45.41242,179.54993,Rainy,0.75
165,5,Russell (Williams),45.16492,224.71484,Rainy,0.75
165,1,Piastri (Alpine),45.12252,45.12252,Rainy,0.75
165,2,Piastri (Alpine),45.7978,90.92032,Rainy,0.75
165,3,Piastri (Alpine),45.29852,136.21883,Rainy,0.75
165,4,Piastri (Alpine),45.55116,181.76999,Rainy,0.75
165,5,Piastri (Alpine),45.1422,226.91219,Rainy,0.75
166,1,Hamilton (Mercedes),45.86391,45.86391,Rainy,0.75
166,2,Hamilton (Mercedes),46.93297,92.79688,Rainy,0.75
166,3,Hamilton (Mercedes),47.0818,139.87868,Rainy,0.75
166,4,Hamilton (Mercedes),45.83398,185.71265,Rainy,0.75
166,5,Hamilton (Mercedes),46.16372,231.87637,Rainy,0.75
166,1,Verstappen (Red Bull),44.89776,44.89776,Rainy,0.75
166,2,Verstappen (Red Bull),45.03815,89.93591,Rainy,0.75
166,3,Verstappen (Red Bull),44.82096,134.75687,Rainy,0.75
166,4,Verstappen (Red Bull),46.04899,180.80586,Rainy,0.75
166,5,Verstappen (Red Bull),45.30339,226.10925,Rainy,0.75
166,1,Norris (McLaren),45.34832,45.34832,Rainy,0.75
166,2,Norris (McLaren),45.12866,90.47698,Rainy,0.75
166,3,Norris (McLaren),44.71191,135.18889,Rainy,0.75
166,4,Norris (McLaren),46.86127,182.05016,Rainy,0.75
166,5,Norris (McLaren),45.32454,227.3747,Rainy,0.75
166,1,Leclerc (Ferrari),45.4866,45.4866,Rainy,0.75
166,2,Leclerc (Ferrari),45.55542,91.04202,Rainy,0.75
166,3,Leclerc (Ferrari),45.36494,136.40695,Rainy,0.75
166,4,Leclerc (Ferrari),45.2636,181.67056,Rainy,0.75
166,5,Leclerc (Ferrari),45.31639,226.98695,Rainy,0.75
166,1,Russell (Williams),43.35506,43.35506,Rainy,0.75
166,2,Russell (Williams),45.5844,88.93947,Rainy,0.75
166,3,Russell (Williams),45.31285,134.25232,Rainy,0.75
166,4,Russell (Williams),45.11357,179.36589,Rainy,0.75
166,5,Russell (Williams),44.93999,224.30588,Rainy,0.75
166,1,Piastri (Alpine),48.51283,48.51283,Rainy,0.75
166,2,Piastri (Alpine),47.11606,95.62889,Rainy,0.75
166,3,Piastri (Alpine),45.84775,141.47664,Rainy,0.75
166,4,Piastri (Alpine),45.75657,187.23322,Rainy,0.75
166,5,Piastri (Alpine),44.96418,232.1974,Rainy,0.75
167,1,Hamilton (Mercedes),45.82659,45.82659,Rainy,0.75
167,2,Hamilton (Mercedes),46.27685,92.10344,Rainy,0.75
167,3,Hamilton (Mercedes),45.4889,137.59234,Rainy,0.75
167,4,Hamilton (Mercedes),46.45881,184.05115,Rainy,0.75
167,5,Hamilton (Mercedes),46.53471,230.58586,Rainy,0.75
167,1,Verstappen (Red Bull),45.65806,45.65806,Rainy,0.75
167,2,Verstappen (Red Bull),45.54786,91.20592,Rainy,0.75
167,3,Verstappen (Red Bull),45.92204,137.12797,Rainy,0.75
167,4,Verstappen (Red Bull),45.11344,182.2414,Rainy,0.75
167,5,Verstappen (Red Bull),46.49673,228.73813,Rainy,0.75
167,1,Norris (McLaren),45.48812,45.48812,Rainy,0.75
167,2,Norris (McLaren),45.698,91.18612,Rainy,0.75
167,3,Norris (McLaren),46.47873,137.66486,Rainy,0.75
167,4,Norris (McLaren),44.55195,182.21681,Rainy,0.75
167,5,Norris (McLaren),44.38937,226.60618,Rainy,0.75
167,1,Leclerc (Ferrari),44.45294,44.45294,Rainy,0.75
167,2,Leclerc (Ferrari),45.6161,90.06904,Rainy,0.75
167,3,Leclerc (Ferrari),46.067,136.13604,Rainy,0.75
167,4,Leclerc (Ferrari),44.85034,180.98638,Rainy,0.75
167,5,Leclerc (Ferrari),43.8801,224.86648,Rainy,0.75
167,1,Russell (Williams),46.36756,46.36756,Rainy,0.75
167,2,Russell (Williams),44.72208,91.08964,Rainy,0.75
167,3,Russell (Williams),45.66004,136.74968,Rainy,0.75
167,4,Russell (Williams),46.08338,182.83306,Rainy,0.75
167,5,Russell (Williams),45.50377,228.33683,Rainy,0.75
167,1,Piastri (Alpine),47.20566,47.20566,Rainy,0.75
167,2,Piastri (Alpine),45.41049,92.61615,Rainy,0.75
167,3,Piastri (Alpine),46.30433,138.92048,Rainy,0.75
167,4,Piastri (Alpine),44.59378,183.51426,Rainy,0.75
167,5,Piastri (Alpine),46.53689,230.05115,Rainy,0.75
168,1,Hamilton (Mercedes),46.35592,46.35592,Rainy,0.75
168,2,Hamilton (Mercedes),45.60563,91.96155,Rainy,0.75
168,3,Hamilton (Mercedes),46.04442,138.00596,Rainy,0.75
168,4,Hamilton (Mercedes),46.4063,184.41226,Rainy,0.75
168,5,Hamilton (Mercedes),45.78016,230.19242,Rainy,0.75
168,1,Verstappen (Red Bull),45.25639,45.25639,Rainy,0.75
168,2,Verstappen (Red Bull),45.59527,90.85166,Rainy,0.75
168,3,Verstappen (Red Bull),44.67874,135.5304,Rainy,0.75
168,4,Verstappen (Red Bull),44.52719,180.05758,Rainy,0.75
168,5,Verstappen (Red Bull),44.87882,224.93641,Rainy,0.75
168,1,Norris (McLaren),44.93402,44.93402,Rainy,0.75
168,2,Norris (McLaren),46.19549,91.12951,Rainy,0.75
168,3,Norris (McLaren),45.01213,136.14164,Rainy,0.75
168,4,Norris (McLaren),44.95076,181.0924,Rainy,0.75
168,5,Norris (McLaren),44.81187,225.90426,Rainy,0.75
168,1,Leclerc (Ferrari),45.64436,45.64436,Rainy,0.75
168,2,Leclerc (Ferrari),45.8731,91.51746,Rainy,0.75
168,3,Leclerc (Ferrari),44.52872,136.04619,Rainy,0.75
168,4,Leclerc (Ferrari),45.38363,181.42981,Rainy,0.75
168,5,Leclerc (Ferrari),45.73101,227.16083,Rainy,0.75
168,1,Russell (Williams),46.22488,46.22488,Rainy,0.75
168,2,Russell (Williams),45.46543,91.69031,Rainy,0.75
168,3,Russell (Williams),45.27677,136.96708,Rainy,0.75
168,4,Russell (Williams),45.20822,182.17531,Rainy,0.75
168,5,Russell (Williams),45.26984,227.44515,Rainy,0.75
168,1,Piastri (Alpine),45.25452,45.25452,Rainy,0.75
168,2,Piastri (Alpine),48.26249,93.51701,Rainy,0.75
168,3,Piastri (Alpine),46.12047,139.63747,Rainy,0.75
168,4,Piastri (Alpine),44.64844,184.28592,Rainy,0.75
168,5,Piastri (Alpine),44.46998,228.75589,Rainy,0.75
169,1,Hamilton (Mercedes),45.91187,45.91187,Rainy,0.75
169,2,Hamilton (Mercedes),46.7653,92.67717,Rainy,0.75
169,3,Hamilton (Mercedes),46.05569,138.73285,Rainy,0.75
169,4,Hamilton (Mercedes),46.07868,184.81154,Rainy,0.75
169,5,Hamilton (Mercedes),45.98547,230.79701,Rainy,0.75
169,1,Verstappen (Red Bull),45.87296,45.87296,Rainy,0.75
169,2,Verstappen (Red Bull),45.78916,91.66213,Rainy,0.75
169,3,Verstappen (Red Bull),45.58085,137.24297,Rainy,0.75
169,4,Verstappen (Red Bull),45.4284,182.67137,Rainy,0.75
169,5,Verstappen (Red Bull),44.81417,227.48554,Rainy,0.75
169,1,Norris (McLaren),46.24723,46.24723,Rainy,0.75
169,2,Norris (McLaren),44.91552,91.16275,Rainy,0.75
169,3,Norris (McLaren),45.40727,136.57002,Rainy,0.75
169,4,Norris (McLaren),45.64727,182.21729,Rainy,0.75
169,5,Norris (McLaren),45.7642,227.98149,Rainy,0.75
169,1,Leclerc (Ferrari),45.74192,45.74192,Rainy,0.75
169,2,Leclerc (Ferrari),45.11095,90.85288,Rainy,0.75
169,3,Leclerc (Ferrari),45.35095,136.20383,Rainy,0.75
169,4,Leclerc (Ferrari),45.34138,181.54521,Rainy,0.75
169,5,Leclerc (Ferrari),45.47865,227.02386,Rainy,0.75
169,1,Russell (Williams),45.83747,45.83747,Rainy,0.75
169,2,Russell (Williams),45.22239,91.05986,Rainy,0.75
169,3,Russell (Williams),45.01071,136.07057,Rainy,0.75
169,4,Russell (Williams),46.21448,182.28505,Rainy,0.75
169,5,Russell (Williams),45.52864,227.81369,Rainy,0.75
169,1,Piastri (Alpine),45.15655,45.15655,Rainy,0.75
169,2,Piastri (Alpine),45.75628,90.91283,Rainy,0.75
169,3,Piastri (Alpine),45.88208,136.79491,Rainy,0.75
169,4,Piastri (Alpine),44.71552,181.51042,Rainy,0.75
169,5,Piastri (Alpine),45.15551,226.66593,Rainy,0.75
170,1,Hamilton (Mercedes),45.94303,45.94303,Rainy,0.75
170,2,Hamilton (Mercedes),46.51884,92.46188,Rainy,0.75
170,3,Hamilton (Mercedes),45.3567,137.81858,Rainy,0.75
170,4,Hamilton (Mercedes),45.12818,182.94676,Rainy,0.75
170,5,Hamilton (Mercedes),45.78176,228.72851,Rainy,0.75
170,1,Verstappen (Red Bull),45.50556,45.50556,Rainy,0.75
170,2,Verstappen (Red Bull),45.39803,90.90359,Rainy,0.75
170,3,Verstappen (Red Bull),44.61144,135.51504,Rainy,0.75
170,4,Verstappen (Red Bull),44.87123,180.38626,Rainy,0.75
170,5,Verstappen (Red Bull),45.09731,225.48357,Rainy,0.75
170,1,Norris (McLaren),45.44103,45.44103,Rainy,0.75
170,2,Norris (McLaren),46.67345,92.11448,Rainy,0.75
170,3,Norris (McLaren),45.99879,138.11326,Rainy,0.75
170,4,Norris (McLaren),45.2152,183.32846,Rainy,0.75
170,5,Norris (McLaren),43.8364,227.16486,Rainy,0.75
170,1,Leclerc (Ferrari),45.96946,45.96946,Rainy,0.75
170,2,Leclerc (Ferrari),45.86313,91.83259,Rainy,0.75
170,3,Leclerc (Ferrari),43.8924,135.72499,Rainy,0.75
170,4,Leclerc (Ferrari),44.70777,180.43276,Rainy,0.75
170,5,Leclerc (Ferrari),45.09492,225.52768,Rainy,0.75
170,1,Russell (Williams),45.34161,45.34161,Rainy,0.75
170,2,Russell (Williams),45.89541,91.23702,Rainy,0.75
170,3,Russell (Williams),44.08089,135.31791,Rainy,0.75
170,4,Russell (Williams),45.76922,181.08713,Rainy,0.75
170,5,Russell (Williams),44.69788,225.78501,Rainy,0.75
170,1,Piastri (Alpine),44.76211,44.76211,Rainy,0.75
170,2,Piastri (Alpine),44.32833,89.09043,Rainy,0.75
170,3,Piastri (Alpine),47.32993,136.42037,Rainy,0.75
170,4,Piastri (Alpine),44.77438,181.19475,Rainy,0.75
170,5,Piastri (Alpine),45.37304,226.56779,Rainy,0.75
171,1,Hamilton (Mercedes),46.75054,46.75054,Rainy,0.75
171,2,Hamilton (Mercedes),45.95365,92.70419,Rainy,0.75
171,3,Hamilton (Mercedes),45.89028,138.59447,Rainy,0.75
171,4,Hamilton (Mercedes),46.23984,184.83431,Rainy,0.75
171,5,Hamilton (Mercedes),46.61628,231.45059,Rainy,0.75
171,1,Verstappen (Red Bull),45.01455,45.01455,Rainy,0.75
171,2,Verstappen (Red Bull),46.32501,91.33956,Rainy,0.75
171,3,Verstappen (Red Bull),45.28455,136.62411,Rainy,0.75
171,4,Verstappen (Red Bull),45.161,181.78511,Rainy,0.75
171,5,Verstappen (Red Bull),44.60773,226.39284,Rainy,0.75
171,1,Norris (McLaren),45.14727,45.14727,Rainy,0.75
171,2,Norris (McLaren),45.62873,90.776,Rainy,0.75
171,3,Norris (McLaren),46.11648,136.89249,Rainy,0.75
171,4,Norris (McLaren),45.63887,182.53136,Rainy,0.75
171,5,Norris (McLaren),45.5264,228.05776,Rainy,0.75
171,1,Leclerc (Ferrari),44.85323,44.85323,Rainy,0.75
171,2,Leclerc (Ferrari),44.10606,88.95929,Rainy,0.75
171,3,Leclerc (Ferrari),45.74289,134.70218,Rainy,0.75
171,4,Leclerc (Ferrari),45.97881,180.68099,Rainy,0.75
171,5,Leclerc (Ferrari),44.26572,224.94671,Rainy,0.75
171,1,Russell (Williams),45.92373,45.92373,Rainy,0.75
171,2,Russell (Williams),45.21806,91.14179,Rainy,0.75
171,3,Russell (Williams),46.52404,137.66583,Rainy,0.75
171,4,Russell (Williams),44.50217,182.16799,Rainy,0.75
171,5,Russell (Williams),45.87961,228.0476,Rainy,0.75
171,1,Piastri (Alpine),45.11098,45.11098,Rainy,0.75
171,2,Piastri (Alpine),45.92386,91.03484,Rainy,0.75
171,3,Piastri (Alpine),44.57756,135.6124,Rainy,0.75
171,4,Piastri (Alpine),46.48146,182.09386,Rainy,0.75
171,5,Piastri (Alpine),46.08219,228.17604,Rainy,0.75
172,1,Hamilton (Mercedes),45.69553,45.69553,Rainy,0.75
172,2,Hamilton (Mercedes),45.99543,91.69097,Rainy,0.75
172,3,Hamilton (Mercedes),46.09075,137.78172,Rainy,0.75
172,4,Hamilton (Mercedes),46.0883,183.87002,Rainy,0.75
172,5,Hamilton (Mercedes),46.46569,230.33571,Rainy,0.75
172,1,Verstappen (Red Bull),46.14152,46.14152,Rainy,0.75
172,2,Verstappen (Red Bull),46.23749,92.37901,Rainy,0.75
172,3,Verstappen (Red Bull),45.4836,137.86262,Rainy,0.75
172,4,Verstappen (Red Bull),45.14235,183.00497,Rainy,0.75
172,5,Verstappen (Red Bull),45.34026,228.34522,Rainy,0.75
172,1,Norris (McLaren),45.57482,45.57482,Rainy,0.75
172,2,Norris (McLaren),45.79788,91.3727,Rainy,0.75
172,3,Norris (McLaren),45.82064,137.19334,Rainy,0.75
172,4,Norris (McLaren),46.21126,183.4046,Rainy,0.75
172,5,Norris (McLaren),45.42494,228.82954,Rainy,0.75
172,1,Leclerc (Ferrari),44.99502,44.99502,Rainy,0.75
172,2,Leclerc (Ferrari),45.45942,90.45444,Rainy,0.75
172,3,Leclerc (Ferrari),46.14201,136.59644,Rainy,0.75
172,4,Leclerc (Ferrari),44.08818,180.68462,Rainy,0.75
172,5,Leclerc (Ferrari),45.56682,226.25145,Rainy,0.75
172,1,Russell (Williams),44.30017,44.30017,Rainy,0.75
172,2,Russell (Williams),45.03319,89.33336,Rainy,0.75
172,3,Russell (Williams),45.08344,134.41679,Rainy,0.75
172,4,Russell (Williams),44.17988,178.59668,Rainy,0.75
172,5,Russell (Williams),45.72331,224.31999,Rainy,0.75
172,1,Piastri (Alpine),46.7712,46.7712,Rainy,0.75
172,2,Piastri (Alpine),45.74328,92.51448,Rainy,0.75
172,3,Piastri (Alpine),45.34913,137.86361,Rainy,0.75
172,4,Piastri (Alpine),45.36314,183.22676,Rainy,0.75
172,5,Piastri (Alpine),45.32251,228.54927,Rainy,0.75
173,1,Hamilton (Mercedes),46.0593,46.0593,Rainy,0.75
173,2,Hamilton (Mercedes),46.52711,92.58641,Rainy,0.75
173,3,Hamilton (Mercedes),45.82594,138.41235,Rainy,0.75
173,4,Hamilton (Mercedes),45.65568,184.06803,Rainy,0.75
173,5,Hamilton (Mercedes),46.00543,230.07346,Rainy,0.75
173,1,Verstappen (Red Bull),44.81352,44.81352,Rainy,0.75
173,2,Verstappen (Red Bull),44.86806,89.68158,Rainy,0.75
173,3,Verstappen (Red Bull),45.86826,135.54984,Rainy,0.75
173,4,Verstappen (Red Bull),45.26751,180.81735,Rainy,0.75
173,5,Verstappen (Red Bull),45.58094,226.39829,Rainy,0.75
173,1,Norris (McLaren),46.1605,46.1605,Rainy,0.75
173,2,Norris (McLaren),45.29123,91.45174,Rainy,0.75
173,3,Norris (McLaren),45.59253,137.04427,Rainy,0.75
173,4,Norris (McLaren),46.053,183.09726,Rainy,0.75
173,5,Norris (McLaren),44.37417,227.47143,Rainy,0.75
173,1,Leclerc (Ferrari),44.98177,44.98177,Rainy,0.75
173,2,Leclerc (Ferrari),45.04741,90.02918,Rainy,0.75
173,3,Leclerc (Ferrari),45.00996,135.03914,Rainy,0.75
173,4,Leclerc (Ferrari),44.11753,179.15667,Rainy,0.75
173,5,Leclerc (Ferrari),45.27168,224.42835,Rainy,0.75
173,1,Russell (Williams),45.63937,45.63937,Rainy,0.75
173,2,Russell (Williams),45.41637,91.05573,Rainy,0.75
173,3,Russell (Williams),45.24065,136.29639,Rainy,0.75
173,4,Russell (Williams),45.48899,181.78537,Rainy,0.75
173,5,Russell (Williams),45.12075,226.90613,Rainy,0.75
173,1,Piastri (Alpine),45.68267,45.68267,Rainy,0.75
173,2,Piastri (Alpine),45.40627,91.08894,Rainy,0.75
173,3,Piastri (Alpine),43.50097,134.58991,Rainy,0.75
173,4,Piastri (Alpine),45.39312,179.98304,Rainy,0.75
173,5,Piastri (Alpine),44.4147,224.39773,Rainy,0.75
174,1,Hamilton (Mercedes),46.07988,46.07988,Rainy,0.75
174,2,Hamilton (Mercedes),45.78308,91.86296,Rainy,0.75
174,3,Hamilton (Mercedes),46.15126,138.01422,Rainy,0.75
174,4,Hamilton (Mercedes),45.97392,183.98815,Rainy,0.75
174,5,Hamilton (Mercedes),45.78214,229.77029,Rainy,0.75
174,1,Verstappen (Red Bull),45.17245,45.17245,Rainy,0.75
174,2,Verstappen (Red Bull),45.65601,90.82847,Rainy,0.75
174,3,Verstappen (Red Bull),45.25804,136.08651,Rainy,0.75
174,4,Verstappen (Red Bull),45.34885,181.43536,Rainy,0.75
174,5,Verstappen (Red Bull),44.84312,226.27848,Rainy,0.75
174,1,Norris (McLaren),45.95751,45.95751,Rainy,0.75
174,2,Norris (McLaren),44.52935,90.48686,Rainy,0.75
174,3,Norris (McLaren),44.6708,135.15765,Rainy,0.75
174,4,Norris (McLaren),45.02253,180.18018,Rainy,0.75
174,5,Norris (McLaren),45.6044,225.78458,Rainy,0.75
174,1,Leclerc (Ferrari),44.15794,44.15794,Rainy,0.75
174,2,Leclerc (Ferrari),44.60037,88.75831,Rainy,0.75
174,3,Leclerc (Ferrari),45.53444,134.29275,Rainy,0.75
174,4,Leclerc (Ferrari),45.85156,180.14431,Rainy,0.75
174,5,Leclerc (Ferrari),45.2935,225.43781,Rainy,0.75
174,1,Russell (Williams),45.38447,45.38447,Rainy,0.75
174,2,Russell (Williams),44.97112,90.35559,Rainy,0.75
174,3,Russell (Williams),46.49748,136.85307,Rainy,0.75
174,4,Russell (Williams),45.13586,181.98893,Rainy,0.75
174,5,Russell (Williams),45.63051,227.61945,Rainy,0.75
174,1,Piastri (Alpine),44.88692,44.88692,Rainy,0.75
174,2,Piastri (Alpine),44.14731,89.03423,Rainy,0.75
174,3,Piastri (Alpine),46.12938,135.16361,Rainy,0.75
174,4,Piastri (Alpine),45.71651,180.88012,Rainy,0.75
174,5,Piastri (Alpine),45.81821,226.69833,Rainy,0.75
175,1,Hamilton (Mercedes),46.60137,46.60137,Rainy,0.75
175,2,Hamilton (Mercedes),45.27514,91.87651,Rainy,0.75
175,3,Hamilton (Mercedes),47.25087,139.12738,Rainy,0.75
175,4,Hamilton (Mercedes),45.15495,184.28232,Rainy,0.75
175,5,Hamilton (Mercedes),46.13814,230.42046,Rainy,0.75
175,1,Verstappen (Red Bull),45.46318,45.46318,Rainy,0.75
175,2,Verstappen (Red Bull),45.69419,91.15737,Rainy,0.75
175,3,Verstappen (Red Bull),45.01595,136.17332,Rainy,0.75
175,4,Verstappen (Red Bull),44.75712,180.93044,Rainy,0.75
175,5,Verstappen (Red Bull),46.30462,227.23507,Rainy,0.75
175,1,Norris (McLaren),46.90765,46.90765,Rainy,0.75
175,2,Norris (McLaren),46.16049,93.06814,Rainy,0.75
175,3,Norris (McLaren),45.6318,138.69993,Rainy,0.75
175,4,Norris (McLaren),45.862,184.56193,Rainy,0.75
175,5,Norris (McLaren),46.09065,230.65258,Rainy,0.75
175,1,Leclerc (Ferrari),45.42844,45.42844,Rainy,0.75
175,2,Leclerc (Ferrari),45.07057,90.499,Rainy,0.75
175,3,Leclerc (Ferrari),44.48941,134.98842,Rainy,0.75
175,4,Leclerc (Ferrari),46.28661,181.27503,Rainy,0.75
175,5,Leclerc (Ferrari),44.96141,226.23644,Rainy,0.75
175,1,Russell (Williams),44.74595,44.74595,Rainy,0.75
175,2,Russell (Williams),45.39975,90.1457,Rainy,0.75
175,3,Russell (Williams),45.5261,135.67179,Rainy,0.75
175,4,Russell (Williams),45.61933,181.29112,Rainy,0.75
175,5,Russell (Williams),45.86816,227.15928,Rainy,0.75
175,1,Piastri (Alpine),45.87534,45.87534,Rainy,0.75
175,2,Piastri (Alpine),45.2819,91.15724,Rainy,0.75
175,3,Piastri (Alpine),44.2337,135.39094,Rainy,0.75
175,4,Piastri (Alpine),45.22273,180.61367,Rainy,0.75
175,5,Piastri (Alpine),45.18651,225.80018,Rainy,0.75
176,1,Hamilton (Mercedes),46.52469,46.52469,Rainy,0.75
176,2,Hamilton (Mercedes),45.88177,92.40646,Rainy,0.75
176,3,Hamilton (Mercedes),46.36311,138.76957,Rainy,0.75
176,4,Hamilton (Mercedes),46.40888,185.17845,Rainy,0.75
176,5,Hamilton (Mercedes),45.85563,231.03409,Rainy,0.75
176,1,Verstappen (Red Bull),46.46756,46.46756,Rainy,0.75
176,2,Verstappen (Red Bull),45.66923,92.13679,Rainy,0.75
176,3,Verstappen (Red Bull),45.19629,137.33308,Rainy,0.75
176,4,Verstappen (Red Bull),45.6261,182.95918,Rainy,0.75
176,5,Verstappen (Red Bull),44.49554,227.45472,Rainy,0.75
176,1,Norris (McLaren),46.00487,46.00487,Rainy,0.75
176,2,Norris (McLaren),45.365,91.36986,Rainy,0.75
176,3,Norris (McLaren),45.38703,136.75689,Rainy,0.75
176,4,Norris (McLaren),46.3291,183.08599,Rainy,0.75
176,5,Norris (McLaren),45.10447,228.19046,Rainy,0.75
176,1,Leclerc (Ferrari),43.89272,43.89272,Rainy,0.75
176,2,Leclerc (Ferrari),44.64878,88.5415,Rainy,0.75
176,3,Leclerc (Ferrari),45.65436,134.19586,Rainy,0.75
176,4,Leclerc (Ferrari),45.70285,179.89871,Rainy,0.75
176,5,Leclerc (Ferrari),45.36415,225.26286,Rainy,0.75
176,1,Russell (Williams),45.15794,45.15794,Rainy,0.75
176,2,Russell (Williams),44.14581,89.30375,Rainy,0.75
176,3,Russell (Williams),45.16435,134.4681,Rainy,0.75
176,4,Russell (Williams),44.75346,179.22155,Rainy,0.75
176,5,Russell (Williams),44.62251,223.84406,Rainy,0.75
176,1,Piastri (Alpine),45.36255,45.36255,Rainy,0.75
176,2,Piastri (Alpine),46.49679,91.85934,Rainy,0.75
176,3,Piastri (Alpine),45.75938,137.61873,Rainy,0.75
176,4,Piastri (Alpine),45.50952,183.12824,Rainy,0.75
176,5,Piastri (Alpine),45.29902,228.42727,Rainy,0.75
177,1,Hamilton (Mercedes),45.65101,45.65101,Rainy,0.75
177,2,Hamilton (Mercedes),46.41224,92.06326,Rainy,0.75
177,3,Hamilton (Mercedes),45.77106,137.83432,Rainy,0.75
177,4,Hamilton (Mercedes),45.94042,183.77474,Rainy,0.75
177,5,Hamilton (Mercedes),45.30339,229.07813,Rainy,0.75
177,1,Verstappen (Red Bull),45.52317,45.52317,Rainy,0.75
177,2,Verstappen (Red Bull),45.53072,91.0539,Rainy,0.75
177,3,Verstappen (Red Bull),44.89727,135.95117,Rainy,0.75
177,4,Verstappen (Red Bull),44.49095,180.44211,Rainy,0.75
177,5,Verstappen (Red Bull),46.01339,226.4555,Rainy,0.75
177,1,Norris (McLaren),44.8178,44.8178,Rainy,0.75
177,2,Norris (McLaren),44.57585,89.39365,Rainy,0.75
177,3,Norris (McLaren),45.39264,134.78629,Rainy,0.75
177,4,Norris (McLaren),45.55202,180.33831,Rainy,0.75
177,5,Norris (McLaren),45.29346,225.63176,Rainy,0.75
177,1,Leclerc (Ferrari),45.19406,45.19406,Rainy,0.75
177,2,Leclerc (Ferrari),45.24226,90.43633,Rainy,0.75
177,3,Leclerc (Ferrari),45.25856,135.69489,Rainy,0.75
177,4,Leclerc (Ferrari),44.71898,180.41387,Rainy,0.75
177,5,Leclerc (Ferrari),44.82406,225.23793,Rainy,0.75
177,1,Russell (Williams),45.82816,45.82816,Rainy,0.75
177,2,Russell (Williams),44.04446,89.87263,Rainy,0.75
177,3,Russell (Williams),45.39067,135.2633,Rainy,0.75
177,4,Russell (Williams),45.11348,180.37677,Rainy,0.75
177,5,Russell (Williams),45.45562,225.83239,Rainy,0.75
177,1,Piastri (Alpine),46.38312,46.38312,Rainy,0.75
177,2,Piastri (Alpine),45.82687,92.20999,Rainy,0.75
177,3,Piastri (Alpine),43.42399,135.63398,Rainy,0.75
177,4,Piastri (Alpine),44.51991,180.15389,Rainy,0.75
177,5,Piastri (Alpine),46.03788,226.19177,Rainy,0.75
178,1,Hamilton (Mercedes),46.01979,46.01979,Rainy,0.75
178,2,Hamilton (Mercedes),45.85271,91.8725,Rainy,0.75
178,3,Hamilton (Mercedes),46.52525,138.39776,Rainy,0.75
178,4,Hamilton (Mercedes),46.87879,185.27655,Rainy,0.75
178,5,Hamilton (Mercedes),46.07119,231.34774,Rainy,0.75
178,1,Verstappen (Red Bull),45.51549,45.51549,Rainy,0.75
178,2,Verstappen (Red Bull),44.95967,90.47515,Rainy,0.75
178,3,Verstappen (Red Bull),45.59577,136.07092,Rainy,0.75
178,4,Verstappen (Red Bull),45.22775,181.29867,Rainy,0.75
178,5,Verstappen (Red Bull),44.52896,225.82763,Rainy,0.75
178,1,Norris (McLaren),45.62766,45.62766,Rainy,0.75
178,2,Norris (McLaren),45.65301,91.28068,Rainy,0.75
178,3,Norris (McLaren),45.70311,136.98379,Rainy,0.75
178,4,Norris (McLaren),46.38016,183.36395,Rainy,0.75
178,5,Norris (McLaren),45.0495,228.41345,Rainy,0.75
178,1,Leclerc (Ferrari),45.68876,45.68876,Rainy,0.75
178,2,Leclerc (Ferrari),44.63858,90.32734,Rainy,0.75
178,3,Leclerc (Ferrari),45.63698,135.96432,Rainy,0.75
178,4,Leclerc (Ferrari),45.11382,181.07814,Rainy,0.75
178,5,Leclerc (Ferrari),45.13553,226.21367,Rainy,0.75
178,1,Russell (Williams),44.93982,44.93982,Rainy,0.75
178,2,Russell (Williams),46.0414,90.98122,Rainy,0.75
178,3,Russell (Williams),44.81334,135.79456,Rainy,0.75
178,4,Russell (Williams),43.78087,179.57543,Rainy,0.75
178,5,Russell (Williams),45.37192,224.94735,Rainy,0.75
178,1,Piastri (Alpine),45.07245,45.07245,Rainy,0.75
178,2,Piastri (Alpine),45.71365,90.78609,Rainy,0.75
178,3,Piastri (Alpine),45.88556,136.67165,Rainy,0.75
178,4,Piastri (Alpine),45.23055,181.90221,Rainy,0.75
178,5,Piastri (Alpine),45.8382,227.7404,Rainy,0.75
179,1,Hamilton (Mercedes),46.3026,46.3026,Rainy,0.75
179,2,Hamilton (Mercedes),46.40952,92.71212,Rainy,0.75
179,3,Hamilton (Mercedes),46.88287,139.59498,Rainy,0.75
179,4,Hamilton (Mercedes),46.33256,185.92755,Rainy,0.75
179,5,Hamilton (Mercedes),44.93783,230.86538,Rainy,0.75
179,1,Verstappen (Red Bull),44.74427,44.74427,Rainy,0.75
179,2,Verstappen (Red Bull),44.93957,89.68384,Rainy,0.75
179,3,Verstappen (Red Bull),44.446,134.12984,Rainy,0.75
179,4,Verstappen (Red Bull),44.8779,179.00774,Rainy,0.75
179,5,Verstappen (Red Bull),44.40998,223.41772,Rainy,0.75
179,1,Norris (McLaren),45.26403,45.26403,Rainy,0.75
179,2,Norris (McLaren),46.0498,91.31384,Rainy,0.75
179,3,Norris (McLaren),45.55679,136.87063,Rainy,0.75
179,4,Norris (McLaren),45.82846,182.69909,Rainy,0.75
179,5,Norris (McLaren),46.0266,228.72569,Rainy,0.75
179,1,Leclerc (Ferrari),44.4561,44.4561,Rainy,0.75
179,2,Leclerc (Ferrari),44.59493,89.05103,Rainy,0.75
179,3,Leclerc (Ferrari),44.403,133.45403,Rainy,0.75
179,4,Leclerc (Ferrari),45.47749,178.93151,Rainy,0.75
179,5,Leclerc (Ferrari),45.17277,224.10428,Rainy,0.75
179,1,Russell (Williams),44.38614,44.38614,Rainy,0.75
179,2,Russell (Williams),45.33037,89.71651,Rainy,0.75
179,3,Russell (Williams),44.4506,134.16711,Rainy,0.75
179,4,Russell (Williams),45.53013,179.69724,Rainy,0.75
179,5,Russell (Williams),44.9217,224.61894,Rainy,0.75
179,1,Piastri (Alpine),44.03069,44.03069,Rainy,0.75
179,2,Piastri (Alpine),45.31685,89.34754,Rainy,0.75
179,3,Piastri (Alpine),43.75419,133.10174,Rainy,0.75
179,4,Piastri (Alpine),44.4348,177.53654,Rainy,0.75
179,5,Piastri (Alpine),47.87466,225.4112,Rainy,0.75
180,1,Hamilton (Mercedes),46.7056,46.7056,Rainy,0.75
180,2,Hamilton (Mercedes),45.9354,92.641,Rainy,0.75
180,3,Hamilton (Mercedes),46.09783,138.73883,Rainy,0.75
180,4,Hamilton (Mercedes),46.51663,185.25546,Rainy,0.75
180,5,Hamilton (Mercedes),46.07396,231.32942,Rainy,0.75
180,1,Verstappen (Red Bull),45.32315,45.32315,Rainy,0.75
180,2,Verstappen (Red Bull),45.28934,90.61249,Rainy,0.75
180,3,Verstappen (Red Bull),45.34766,135.96015,Rainy,0.75
180,4,Verstappen (Red Bull),45.84939,181.80954,Rainy,0.75
180,5,Verstappen (Red Bull),44.38996,226.1995,Rainy,0.75
180,1,Norris (McLaren),46.00537,46.00537,Rainy,0.75
180,2,Norris (McLaren),46.32367,92.32903,Rainy,0.75
180,3,Norris (McLaren),44.43442,136.76345,Rainy,0.75
180,4,Norris (McLaren),44.6806,181.44404,Rainy,0.75
180,5,Norris (McLaren),44.42795,225.87199,Rainy,0.75
180,1,Leclerc (Ferrari),45.36946,45.36946,Rainy,0.75
180,2,Leclerc (Ferrari),44.24742,89.61688,Rainy,0.75
180,3,Leclerc (Ferrari),43.89584,133.51273,Rainy,0.75
180,4,Leclerc (Ferrari),45.04652,178.55925,Rainy,0.75
180,5,Leclerc (Ferrari),44.34807,222.90731,Rainy,0.75
180,1,Russell (Williams),45.98175,45.98175,Rainy,0.75
180,2,Russell (Williams),44.35118,90.33293,Rainy,0.75
180,3,Russell (Williams),45.98412,136.31705,Rainy,0.75
180,4,Russell (Williams),46.08342,182.40046,Rainy,0.75
180,5,Russell (Williams),45.74918,228.14964,Rainy,0.75
180,1,Piastri (Alpine),46.05143,46.05143,Rainy,0.75
180,2,Piastri (Alpine),43.5127,89.56414,Rainy,0.75
180,3,Piastri (Alpine),45.70354,135.26768,Rainy,0.75
180,4,Piastri (Alpine),46.17597,181.44365,Rainy,0.75
180,5,Piastri (Alpine),45.46033,226.90399,Rainy,0.75
181,1,Hamilton (Mercedes),45.52161,45.52161,Rainy,0.75
181,2,Hamilton (Mercedes),46.14198,91.66359,Rainy,0.75
181,3,Hamilton (Mercedes),46.78362,138.44721,Rainy,0.75
181,4,Hamilton (Mercedes),46.1637,184.61091,Rainy,0.75
181,5,Hamilton (Mercedes),46.63341,231.24432,Rainy,0.75
181,1,Verstappen (Red Bull),45.44828,45.44828,Rainy,0.75
181,2,Verstappen (Red Bull),45.18358,90.63186,Rainy,0.75
181,3,Verstappen (Red Bull),44.61777,135.24964,Rainy,0.75
181,4,Verstappen (Red Bull),44.70413,179.95376,Rainy,0.75
181,5,Verstappen (Red Bull),46.31454,226.2683,Rainy,0.75
181,1,Norris (McLaren),44.05565,44.05565,Rainy,0.75
181,2,Norris (McLaren),44.89854,88.95419,Rainy,0.75
181,3,Norris (McLaren),46.39476,135.34895,Rainy,0.75
181,4,Norris (McLaren),44.86466,180.21361,Rainy,0.75
181,5,Norris (McLaren),46.01797,226.23158,Rainy,0.75
181,1,Leclerc (Ferrari),44.49323,44.49323,Rainy,0.75
181,2,Leclerc (Ferrari),45.62969,90.12291,Rainy,0.75
181,3,Leclerc (Ferrari),44.13947,134.26238,Rainy,0.75
181,4,Leclerc (Ferrari),44.16057,178.42295,Rainy,0.75
181,5,Leclerc (Ferrari),45.94313,224.36608,Rainy,0.75
181,1,Russell (Williams),44.70774,44.70774,Rainy,0.75
181,2,Russell (Williams),46.05815,90.76589,Rainy,0.75
181,3,Russell (Williams),44.89136,135.65725,Rainy,0.75
181,4,Russell (Williams),45.32979,180.98705,Rainy,0.75
181,5,Russell (Williams),46.36923,227.35628,Rainy,0.75
181,1,Piastri (Alpine),45.89412,45.89412,Rainy,0.75
181,2,Piastri (Alpine),45.27801,91.17213,Rainy,0.75
181,3,Piastri (Alpine),45.15845,136.33058,Rainy,0.75
181,4,Piastri (Alpine),44.51049,180.84107,Rainy,0.75
181,5,Piastri (Alpine),46.99516,227.83623,Rainy,0.75
182,1,Hamilton (Mercedes),46.49899,46.49899,Rainy,0.75
182,2,Hamilton (Mercedes),45.26969,91.76867,Rainy,0.75
182,3,Hamilton (Mercedes),45.60937,137.37805,Rainy,0.75
182,4,Hamilton (Mercedes),46.11886,183.49691,Rainy,0.75
182,5,Hamilton (Mercedes),45.489,228.98591,Rainy,0.75
182,1,Verstappen (Red Bull),45.04368,45.04368,Rainy,0.75
182,2,Verstappen (Red Bull),45.39335,90.43703,Rainy,0.75
182,3,Verstappen (Red Bull),45.854,136.29103,Rainy,0.75
182,4,Verstappen (Red Bull),44.26298,180.554,Rainy,0.75
182,5,Verstappen (Red Bull),46.15357,226.70758,Rainy,0.75
182,1,Norris (McLaren),46.05699,46.05699,Rainy,0.75
182,2,Norris (McLaren),45.0003,91.0573,Rainy,0.75
182,3,Norris (McLaren),45.31386,136.37116,Rainy,0.75
182,4,Norris (McLaren),45.58562,181.95678,Rainy,0.75
182,5,Norris (McLaren),45.60179,227.55857,Rainy,0.75
182,1,Leclerc (Ferrari),45.4618,45.4618,Rainy,0.75
182,2,Leclerc (Ferrari),44.80542,90.26723,Rainy,0.75
182,3,Leclerc (Ferrari),45.15448,135.42171,Rainy,0.75
182,4,Leclerc (Ferrari),45.17184,180.59355,Rainy,0.75
182,5,Leclerc (Ferrari),44.35899,224.95254,Rainy,0.75
182,1,Russell (Williams),44.63859,44.63859,Rainy,0.75
182,2,Russell (Williams),44.75691,89.39551,Rainy,0.75
182,3,Russell (Williams),44.40868,133.80419,Rainy,0.75
182,4,Russell (Williams),44.85949,178.66368,Rainy,0.75
182,5,Russell (Williams),44.87417,223.53785,Rainy,0.75
182,1,Piastri (Alpine),44.79569,44.79569,Rainy,0.75
182,2,Piastri (Alpine),45.5133,90.30899,Rainy,0.75
182,3,Piastri (Alpine),45.36595,135.67494,Rainy,0.75
182,4,Piastri (Alpine),45.68595,181.36089,Rainy,0.75
182,5,Piastri (Alpine),44.58259,225.94348,Rainy,0.75
183,1,Hamilton (Mercedes),46.58665,46.58665,Rainy,0.75
183,2,Hamilton (Mercedes),45.56273,92.14939,Rainy,0.75
183,3,Hamilton (Mercedes),46.21255,138.36194,Rainy,0.75
183,4,Hamilton (Mercedes),45.67027,184.03221,Rainy,0.75
183,5,Hamilton (Mercedes),47.04149,231.0737,Rainy,0.75
183,1,Verstappen (Red Bull),45.71765,45.71765,Rainy,0.75
183,2,Verstappen (Red Bull),45.05668,90.77433,Rainy,0.75
183,3,Verstappen (Red Bull),44.95059,135.72492,Rainy,0.75
183,4,Verstappen (Red Bull),46.14607,181.87098,Rainy,0.75
183,5,Verstappen (Red Bull),45.87728,227.74827,Rainy,0.75
183,1,Norris (McLaren),44.61417,44.61417,Rainy,0.75
183,2,Norris (McLaren),45.88643,90.50061,Rainy,0.75
183,3,Norris (McLaren),45.05938,135.55999,Rainy,0.75
183,4,Norris (McLaren),45.42377,180.98375,Rainy,0.75
183,5,Norris (McLaren),45.54436,226.52811,Rainy,0.75
183,1,Leclerc (Ferrari),43.66472,43.66472,Rainy,0.75
183,2,Leclerc (Ferrari),44.59665,88.26136,Rainy,0.75
183,3,Leclerc (Ferrari),44.98534,133.2467,Rainy,0.75
183,4,Leclerc (Ferrari),44.55191,177.79861,Rainy,0.75
183,5,Leclerc (Ferrari),45.45012,223.24873,Rainy,0.75
183,1,Russell (Williams),44.18279,44.18279,Rainy,0.75
183,2,Russell (Williams),46.10831,90.29109,Rainy,0.75
183,3,Russell (Williams),45.21124,135.50234,Rainy,0.75
183,4,Russell (Williams),44.76554,180.26788,Rainy,0.75
183,5,Russell (Williams),44.93584,225.20372,Rainy,0.75
183,1,Piastri (Alpine),45.24834,45.24834,Rainy,0.75
183,2,Piastri (Alpine),45.81475,91.06309,Rainy,0.75
183,3,Piastri (Alpine),45.34998,136.41307,Rainy,0.75
183,4,Piastri (Alpine),45.06013,181.4732,Rainy,0.75
183,5,Piastri (Alpine),44.76801,226.2412,Rainy,0.75
184,1,Hamilton (Mercedes),45.83373,45.83373,Rainy,0.75
184,2,Hamilton (Mercedes),46.63292,92.46665,Rainy,0.75
184,3,Hamilton (Mercedes),46.2336,138.70025,Rainy,0.75
184,4,Hamilton (Mercedes),45.39923,184.09948,Rainy,0.75
184,5,Hamilton (Mercedes),46.54682,230.6463,Rainy,0.75
184,1,Verstappen (Red Bull),44.99823,44.99823,Rainy,0.75
184,2,Verstappen (Red Bull),45.99898,90.9972,Rainy,0.75
184,3,Verstappen (Red Bull),46.43688,137.43409,Rainy,0.75
184,4,Verstappen (Red Bull),44.43945,181.87353,Rainy,0.75
184,5,Verstappen (Red Bull),47.3099,229.18343,Rainy,0.75
184,1,Norris (McLaren),46.45473,46.45473,Rainy,0.75
184,2,Norris (McLaren),45.84682,92.30155,Rainy,0.75
184,3,Norris (McLaren),45.53432,137.83587,Rainy,0.75
184,4,Norris (McLaren),45.27211,183.10798,Rainy,0.75
184,5,Norris (McLaren),45.74888,228.85685,Rainy,0.75
184,1,Leclerc (Ferrari),45.54757,45.54757,Rainy,0.75
184,2,Leclerc (Ferrari),45.81713,91.3647,Rainy,0.75
184,3,Leclerc (Ferrari),45.84477,137.20947,Rainy,0.75
184,4,Leclerc (Ferrari),43.75529,180.96475,Rainy,0.75
184,5,Leclerc (Ferrari),44.87369,225.83845,Rainy,0.75
184,1,Russell (Williams),45.04657,45.04657,Rainy,0.75
184,2,Russell (Williams),45.114,90.16057,Rainy,0.75
184,3,Russell (Williams),45.00218,135.16275,Rainy,0.75
184,4,Russell (Williams),44.65077,179.81352,Rainy,0.75
184,5,Russell (Williams),45.10112,224.91464,Rainy,0.75
184,1,Piastri (Alpine),44.81393,44.81393,Rainy,0.75
184,2,Piastri (Alpine),44.32561,89.13954,Rainy,0.75
184,3,Piastri (Alpine),46.17604,135.31557,Rainy,0.75
184,4,Piastri (Alpine),44.26033,179.5759,Rainy,0.75
184,5,Piastri (Alpine),45.03654,224.61244,Rainy,0.75
185,1,Hamilton (Mercedes),46.83112,46.83112,Rainy,0.75
185,2,Hamilton (Mercedes),45.53818,92.3693,Rainy,0.75
185,3,Hamilton (Mercedes),46.00312,138.37242,Rainy,0.75
185,4,Hamilton (Mercedes),46.09039,184.46281,Rainy,0.75
185,5,Hamilton (Mercedes),46.67603,231.13884,Rainy,0.75
185,1,Verstappen (Red Bull),46.0222,46.0222,Rainy,0.75
185,2,Verstappen (Red Bull),44.68745,90.70965,Rainy,0.75
185,3,Verstappen (Red Bull),45.60504,136.31468,Rainy,0.75
185,4,Verstappen (Red Bull),45.44688,181.76157,Rainy,0.75
185,5,Verstappen (Red Bull),45.22067,226.98223,Rainy,0.75
185,1,Norris (McLaren),45.29641,45.29641,Rainy,0.75
185,2,Norris (McLaren),44.4977,89.79411,Rainy,0.75
185,3,Norris (McLaren),44.93064,134.72475,Rainy,0.75
185,4,Norris (McLaren),44.71829,179.44304,Rainy,0.75
185,5,Norris (McLaren),45.59609,225.03913,Rainy,0.75
185,1,Leclerc (Ferrari),44.09149,44.09149,Rainy,0.75
185,2,Leclerc (Ferrari),45.00681,89.09829,Rainy,0.75
185,3,Leclerc (Ferrari),44.378,133.4763,Rainy,0.75
185,4,Leclerc (Ferrari),46.2748,179.7511,Rainy,0.75
185,5,Leclerc (Ferrari),45.14809,224.89919,Rainy,0.75
185,1,Russell (Williams),44.40029,44.40029,Rainy,0.75
185,2,Russell (Williams),45.16532,89.5656,Rainy,0.75
185,3,Russell (Williams),46.27293,135.83853,Rainy,0.75
185,4,Russell (Williams),45.63739,181.47592,Rainy,0.75
185,5,Russell (Williams),45.5586,227.03452,Rainy,0.75
185,1,Piastri (Alpine),44.96929,44.96929,Rainy,0.75
185,2,Piastri (Alpine),46.32251,91.2918,Rainy,0.75
185,3,Piastri (Alpine),47.16164,138.45345,Rainy,0.75
185,4,Piastri (Alpine),42.61904,181.07248,Rainy,0.75
185,5,Piastri (Alpine),46.59784,227.67032,Rainy,0.75
186,1,Hamilton (Mercedes),46.98793,46.98793,Rainy,0.75
186,2,Hamilton (Mercedes),46.05213,93.04006,Rainy,0.75
186,3,Hamilton (Mercedes),45.74871,138.78877,Rainy,0.75
186,4,Hamilton (Mercedes),46.60558,185.39435,Rainy,0.75
186,5,Hamilton (Mercedes),46.21754,231.61189,Rainy,0.75
186,1,Verstappen (Red Bull),46.12944,46.12944,Rainy,0.75
186,2,Verstappen (Red Bull),45.59482,91.72426,Rainy,0.75
186,3,Verstappen (Red Bull),44.82592,136.55018,Rainy,0.75
186,4,Verstappen (Red Bull),45.70419,182.25437,Rainy,0.75
186,5,Verstappen (Red Bull),45.59162,227.84599,Rainy,0.75
186,1,Norris (McLaren),47.21287,47.21287,Rainy,0.75
186,2,Norris (McLaren),45.31841,92.53128,Rainy,0.75
186,3,Norris (McLaren),46.58546,139.11674,Rainy,0.75
186,4,Norris (McLaren),44.21386,183.3306,Rainy,0.75
186,5,Norris (McLaren),46.18253,229.51313,Rainy,0.75
186,1,Leclerc (Ferrari),44.60952,44.60952,Rainy,0.75
186,2,Leclerc (Ferrari),45.17779,89.78731,Rainy,0.75
186,3,Leclerc (Ferrari),45.57098,135.35829,Rainy,0.75
186,4,Leclerc (Ferrari),44.58484,179.94314,Rainy,0.75
186,5,Leclerc (Ferrari),45.29062,225.23376,Rainy,0.75
186,1,Russell (Williams),45.7328,45.7328,Rainy,0.75
186,2,Russell (Williams),44.59982,90.33262,Rainy,0.75
186,3,Russell (Williams),45.77941,136.11204,Rainy,0.75
186,4,Russell (Williams),44.82172,180.93376,Rainy,0.75
186,5,Russell (Williams),44.76479,225.69855,Rainy,0.75
186,1,Piastri (Alpine),46.52633,46.52633,Rainy,0.75
186,2,Piastri (Alpine),46.47974,93.00607,Rainy,0.75
186,3,Piastri (Alpine),45.9221,138.92818,Rainy,0.75
186,4,Piastri (Alpine),44.28651,183.21469,Rainy,0.75
186,5,Piastri (Alpine),43.56463,226.77931,Rainy,0.75
187,1,Hamilton (Mercedes),46.58862,46.58862,Rainy,0.75
187,2,Hamilton (Mercedes),45.99474,92.58337,Rainy,0.75
187,3,Hamilton (Mercedes),46.51634,139.09971,Rainy,0.75
187,4,Hamilton (Mercedes),46.20565,185.30536,Rainy,0.75
187,5,Hamilton (Mercedes),45.99109,231.29645,Rainy,0.75
187,1,Verstappen (Red Bull),45.77957,45.77957,Rainy,0.75
187,2,Verstappen (Red Bull),45.09238,90.87195,Rainy,0.75
187,3,Verstappen (Red Bull),45.76481,136.63676,Rainy,0.75
187,4,Verstappen (Red Bull),45.31216,181.94892,Rainy,0.75
187,5,Verstappen (Red Bull),45.59434,227.54325,Rainy,0.75
187,1,Norris (McLaren),44.93156,44.93156,Rainy,0.75
187,2,Norris (McLaren),45.22313,90.1547,Rainy,0.75
187,3,Norris (McLaren),44.538,134.6927,Rainy,0.75
187,4,Norris (McLaren),45.80382,180.49651,Rainy,0.75
187,5,Norris (McLaren),45.9582,226.45471,Rainy,0.75
187,1,Leclerc (Ferrari),45.77927,45.77927,Rainy,0.75
187,2,Leclerc (Ferrari),46.44866,92.22793,Rainy,0.75
187,3,Leclerc (Ferrari),44.29703,136.52496,Rainy,0.75
187,4,Leclerc (Ferrari),45.41743,181.94238,Rainy,0.75
187,5,Leclerc (Ferrari),45.13918,227.08157,Rainy,0.75
187,1,Russell (Williams),44.77782,44.77782,Rainy,0.75
187,2,Russell (Williams),44.7483,89.52612,Rainy,0.75
187,3,Russell (Williams),45.9542,135.48031,Rainy,0.75
187,4,Russell (Williams),44.0978,179.57812,Rainy,0.75
187,5,Russell (Williams),45.53682,225.11494,Rainy,0.75
187,1,Piastri (Alpine),44.62014,44.62014,Rainy,0.75
187,2,Piastri (Alpine),46.83833,91.45847,Rainy,0.75
187,3,Piastri (Alpine),45.5677,137.02617,Rainy,0.75
187,4,Piastri (Alpine),45.67647,182.70264,Rainy,0.75
187,5,Piastri (Alpine),45.43225,228.13489,Rainy,0.75
188,1,Hamilton (Mercedes),47.16953,47.16953,Rainy,0.75
188,2,Hamilton (Mercedes),46.31071,93.48023,Rainy,0.75
188,3,Hamilton (Mercedes),45.94263,139.42286,Rainy,0.75
188,4,Hamilton (Mercedes),45.76473,185.18759,Rainy,0.75
188,5,Hamilton (Mercedes),46.64173,231.82932,Rainy,0.75
188,1,Verstappen (Red Bull),45.27153,45.27153,Rainy,0.75
188,2,Verstappen (Red Bull),45.29918,90.57071,Rainy,0.75
188,3,Verstappen (Red Bull),45.39529,135.966,Rainy,0.75
188,4,Verstappen (Red Bull),45.2616,181.22761,Rainy,0.75
188,5,Verstappen (Red Bull),44.84556,226.07317,Rainy,0.75
188,1,Norris (McLaren),44.49036,44.49036,Rainy,0.75
188,2,Norris (McLaren),45.19373,89.68409,Rainy,0.75
188,3,Norris (McLaren),45.76338,135.44747,Rainy,0.75
188,4,Norris (McLaren),44.34317,179.79064,Rainy,0.75
188,5,Norris (McLaren),44.87417,224.66481,Rainy,0.75
188,1,Leclerc (Ferrari),45.08475,45.08475,Rainy,0.75
188,2,Leclerc (Ferrari),45.79818,90.88292,Rainy,0.75
188,3,Leclerc (Ferrari),45.3687,136.25162,Rainy,0.75
188,4,Leclerc (Ferrari),45.15561,181.40724,Rainy,0.75
188,5,Leclerc (Ferrari),45.69413,227.10137,Rainy,0.75
188,1,Russell (Williams),45.43766,45.43766,Rainy,0.75
188,2,Russell (Williams),45.80622,91.24387,Rainy,0.75
188,3,Russell (Williams),44.47776,135.72164,Rainy,0.75
188,4,Russell (Williams),46.24166,181.96329,Rainy,0.75
188,5,Russell (Williams),44.88051,226.84381,Rainy,0.75
188,1,Piastri (Alpine),44.48723,44.48723,Rainy,0.75
188,2,Piastri (Alpine),45.74687,90.23409,Rainy,0.75
188,3,Piastri (Alpine),44.86223,135.09633,Rainy,0.75
188,4,Piastri (Alpine),45.91818,181.01451,Rainy,0.75
188,5,Piastri (Alpine),46.67127,227.68577,Rainy,0.75
189,1,Hamilton (Mercedes),46.31831,46.31831,Rainy,0.75
189,2,Hamilton (Mercedes),46.04009,92.3584,Rainy,0.75
189,3,Hamilton (Mercedes),45.80325,138.16165,Rainy,0.75
189,4,Hamilton (Mercedes),45.65442,183.81608,Rainy,0.75
189,5,Hamilton (Mercedes),45.80456,229.62064,Rainy,0.75
189,1,Verstappen (Red Bull),45.03959,45.03959,Rainy,0.75
189,2,Verstappen (Red Bull),44.75014,89.78973,Rainy,0.75
189,3,Verstappen (Red Bull),45.6803,135.47003,Rainy,0.75
189,4,Verstappen (Red Bull),45.56433,181.03436,Rainy,0.75
189,5,Verstappen (Red Bull),46.07533,227.10969,Rainy,0.75
189,1,Norris (McLaren),46.76082,46.76082,Rainy,0.75
189,2,Norris (McLaren),44.67728,91.4381,Rainy,0.75
189,3,Norris (McLaren),46.7397,138.1778,Rainy,0.75
189,4,Norris (McLaren),45.43538,183.61318,Rainy,0.75
189,5,Norris (McLaren),45.39602,229.0092,Rainy,0.75
189,1,Leclerc (Ferrari),45.44228,45.44228,Rainy,0.75
189,2,Leclerc (Ferrari),45.41262,90.8549,Rainy,0.75
189,3,Leclerc (Ferrari),45.85954,136.71444,Rainy,0.75
189,4,Leclerc (Ferrari),43.75778,180.47222,Rainy,0.75
189,5,Leclerc (Ferrari),45.12012,225.59235,Rainy,0.75
189,1,Russell (Williams),45.71676,45.71676,Rainy,0.75
189,2,Russell (Williams),44.91019,90.62694,Rainy,0.75
189,3,Russell (Williams),46.08193,136.70888,Rainy,0.75
189,4,Russell (Williams),45.55098,182.25986,Rainy,0.75
189,5,Russell (Williams),44.43616,226.69602,Rainy,0.75
189,1,Piastri (Alpine),45.94569,45.94569,Rainy,0.75
189,2,Piastri (Alpine),46.24267,92.18836,Rainy,0.75
189,3,Piastri (Alpine),43.87208,136.06043,Rainy,0.75
189,4,Piastri (Alpine),45.6397,181.70013,Rainy,0.75
189,5,Piastri (Alpine),45.6602,227.36033,Rainy,0.75
190,1,Hamilton (Mercedes),46.36349,46.36349,Rainy,0.75
190,2,Hamilton (Mercedes),46.18339,92.54688,Rainy,0.75
190,3,Hamilton (Mercedes),45.37843,137.92531,Rainy,0.75
190,4,Hamilton (Mercedes),45.80895,183.73427,Rainy,0.75
190,5,Hamilton (Mercedes),45.7628,229.49706,Rainy,0.75
190,1,Verstappen (Red Bull),44.84217,44.84217,Rainy,0.75
190,2,Verstappen (Red Bull),46.25566,91.09783,Rainy,0.75
190,3,Verstappen (Red Bull),46.41645,137.51428,Rainy,0.75
190,4,Verstappen (Red Bull),46.02704,183.54132,Rainy,0.75
190,5,Verstappen (Red Bull),45.39034,228.93166,Rainy,0.75
190,1,Norris (McLaren),46.85508,46.85508,Rainy,0.75
190,2,Norris (McLaren),46.18694,93.04202,Rainy,0.75
190,3,Norris (McLaren),44.82199,137.86401,Rainy,0.75
190,4,Norris (McLaren),45.59963,183.46364,Rainy,0.75
190,5,Norris (McLaren),46.68226,230.1459,Rainy,0.75
190,1,Leclerc (Ferrari),45.9534,45.9534,Rainy,0.75
190,2,Leclerc (Ferrari),45.12335,91.07675,Rainy,0.75
190,3,Leclerc (Ferrari),45.4913,136.56805,Rainy,0.75
190,4,Leclerc (Ferrari),46.1214,182.68945,Rainy,0.75
190,5,Leclerc (Ferrari),44.89243,227.58188,Rainy,0.75
190,1,Russell (Williams),45.71826,45.71826,Rainy,0.75
190,2,Russell (Williams),45.05553,90.77379,Rainy,0.75
190,3,Russell (Williams),43.99926,134.77306,Rainy,0.75
190,4,Russell (Williams),45.32087,180.09393,Rainy,0.75
190,5,Russell (Williams),46.20847,226.3024,Rainy,0.75
190,1,Piastri (Alpine),45.72824,45.72824,Rainy,0.75
190,2,Piastri (Alpine),46.02697,91.75521,Rainy,0.75
190,3,Piastri (Alpine),44.66095,136.41616,Rainy,0.75
190,4,Piastri (Alpine),45.45593,181.87209,Rainy,0.75
190,5,Piastri (Alpine),44.92941,226.8015,Rainy,0.75
191,1,Hamilton (Mercedes),46.09825,46.09825,Rainy,0.75
191,2,Hamilton (Mercedes),45.19452,91.29277,Rainy,0.75
191,3,Hamilton (Mercedes),46.72577,138.01853,Rainy,0.75
191,4,Hamilton (Mercedes),44.57032,182.58885,Rainy,0.75
191,5,Hamilton (Mercedes),45.93891,228.52776,Rainy,0.75
191,1,Verstappen (Red Bull),46.09178,46.09178,Rainy,0.75
191,2,Verstappen (Red Bull),44.77414,90.86592,Rainy,0.75
191,3,Verstappen (Red Bull),45.53452,136.40044,Rainy,0.75
191,4,Verstappen (Red Bull),45.98717,182.38762,Rainy,0.75
191,5,Verstappen (Red Bull),45.19065,227.57827,Rainy,0.75
191,1,Norris (McLaren),45.14092,45.14092,Rainy,0.75
191,2,Norris (McLaren),45.78596,90.92688,Rainy,0.75
191,3,Norris (McLaren),46.31616,137.24304,Rainy,0.75
191,4,Norris (McLaren),45.54451,182.78755,Rainy,0.75
191,5,Norris (McLaren),44.41356,227.20111,Rainy,0.75
191,1,Leclerc (Ferrari),44.50195,44.50195,Rainy,0.75
191,2,Leclerc (Ferrari),44.62818,89.13012,Rainy,0.75
191,3,Leclerc (Ferrari),44.22484,133.35497,Rainy,0.75
191,4,Leclerc (Ferrari),45.29171,178.64668,Rainy,0.75
191,5,Leclerc (Ferrari),45.47739,224.12407,Rainy,0.75
191,1,Russell (Williams),44.4455,44.4455,Rainy,0.75
191,2,Russell (Williams),43.48956,87.93506,Rainy,0.75
191,3,Russell (Williams),44.14441,132.07947,Rainy,0.75
191,4,Russell (Williams),46.07682,178.15629,Rainy,0.75
191,5,Russell (Williams),45.34174,223.49803,Rainy,0.75
191,1,Piastri (Alpine),45.06704,45.06704,Rainy,0.75
191,2,Piastri (Alpine),45.368,90.43505,Rainy,0.75
191,3,Piastri (Alpine),45.4464,135.88144,Rainy,0.75
191,4,Piastri (Alpine),47.03943,182.92088,Rainy,0.75
191,5,Piastri (Alpine),46.96923,229.89011,Rainy,0.75
192,1,Hamilton (Mercedes),44.98073,44.98073,Rainy,0.75
192,2,Hamilton (Mercedes),45.89807,90.8788,Rainy,0.75
192,3,Hamilton (Mercedes),47.28865,138.16745,Rainy,0.75
192,4,Hamilton (Mercedes),46.66301,184.83047,Rainy,0.75
192,5,Hamilton (Mercedes),45.25169,230.08216,Rainy,0.75
192,1,Verstappen (Red Bull),45.52673,45.52673,Rainy,0.75
192,2,Verstappen (Red Bull),46.17943,91.70616,Rainy,0.75
192,3,Verstappen (Red Bull),45.5184,137.22456,Rainy,0.75
192,4,Verstappen (Red Bull),44.92954,182.1541,Rainy,0.75
192,5,Verstappen (Red Bull),45.66648,227.82058,Rainy,0.75
192,1,Norris (McLaren),45.37354,45.37354,Rainy,0.75
192,2,Norris (McLaren),45.5005,90.87404,Rainy,0.75
192,3,Norris (McLaren),45.32172,136.19576,Rainy,0.75
192,4,Norris (McLaren),45.20006,181.39582,Rainy,0.75
192,5,Norris (McLaren),45.44584,226.84166,Rainy,0.75
192,1,Leclerc (Ferrari),45.20981,45.20981,Rainy,0.75
192,2,Leclerc (Ferrari),44.35498,89.56479,Rainy,0.75
192,3,Leclerc (Ferrari),44.74829,134.31308,Rainy,0.75
192,4,Leclerc (Ferrari),44.13882,178.45189,Rainy,0.75
192,5,Leclerc (Ferrari),45.6439,224.0958,Rainy,0.75
192,1,Russell (Williams),44.14296,44.14296,Rainy,0.75
192,2,Russell (Williams),46.35798,90.50094,Rainy,0.75
192,3,Russell (Williams),44.83857,135.33951,Rainy,0.75
192,4,Russell (Williams),45.17405,180.51357,Rainy,0.75
192,5,Russell (Williams),45.19946,225.71303,Rainy,0.75
192,1,Piastri (Alpine),44.25673,44.25673,Rainy,0.75
192,2,Piastri (Alpine),45.57324,89.82997,Rainy,0.75
192,3,Piastri (Alpine),46.45233,136.2823,Rainy,0.75
192,4,Piastri (Alpine),46.77365,183.05595,Rainy,0.75
192,5,Piastri (Alpine),45.84278,228.89873,Rainy,0.75
193,1,Hamilton (Mercedes),46.57979,46.57979,Rainy,0.75
193,2,Hamilton (Mercedes),45.77259,92.35238,Rainy,0.75
193,3,Hamilton (Mercedes),46.02653,138.37891,Rainy,0.75
193,4,Hamilton (Mercedes),46.12087,184.49978,Rainy,0.75
193,5,Hamilton (Mercedes),46.67057,231.17035,Rainy,0.75
193,1,Verstappen (Red Bull),45.46118,45.46118,Rainy,0.75
193,2,Verstappen (Red Bull),44.7674,90.22858,Rainy,0.75
193,3,Verstappen (Red Bull),44.79938,135.02796,Rainy,0.75
193,4,Verstappen (Red Bull),45.2061,180.23406,Rainy,0.75
193,5,Verstappen (Red Bull),45.20205,225.43612,Rainy,0.75
193,1,Norris (McLaren),45.3625,45.3625,Rainy,0.75
193,2,Norris (McLaren),44.18344,89.54595,Rainy,0.75
193,3,Norris (McLaren),44.87753,134.42348,Rainy,0.75
193,4,Norris (McLaren),45.22708,179.65056,Rainy,0.75
193,5,Norris (McLaren),45.44645,225.09702,Rainy,0.75
193,1,Leclerc (Ferrari),45.86507,45.86507,Rainy,0.75
193,2,Leclerc (Ferrari),44.47629,90.34136,Rainy,0.75
193,3,Leclerc (Ferrari),45.1901,135.53146,Rainy,0.75
193,4,Leclerc (Ferrari),45.07935,180.61081,Rainy,0.75
193,5,Leclerc (Ferrari),45.52994,226.14075,Rainy,0.75
193,1,Russell (Williams),45.72249,45.72249,Rainy,0.75
193,2,Russell (Williams),44.69779,90.42027,Rainy,0.75
193,3,Russell (Williams),44.02507,134.44535,Rainy,0.75
193,4,Russell (Williams),45.79877,180.24412,Rainy,0.75
193,5,Russell (Williams),44.66592,224.91004,Rainy,0.75
193,1,Piastri (Alpine),45.5134,45.5134,Rainy,0.75
193,2,Piastri (Alpine),45.22582,90.73922,Rainy,0.75
193,3,Piastri (Alpine),45.68031,136.41953,Rainy,0.75
193,4,Piastri (Alpine),45.78709,182.20663,Rainy,0.75
193,5,Piastri (Alpine),45.17606,227.38268,Rainy,0.75
194,1,Hamilton (Mercedes),47.27043,47.27043,Rainy,0.75
194,2,Hamilton (Mercedes),46.18723,93.45765,Rainy,0.75
194,3,Hamilton (Mercedes),46.0187,139.47635,Rainy,0.75
194,4,Hamilton (Mercedes),45.93717,185.41353,Rainy,0.75
194,5,Hamilton (Mercedes),45.9969,231.41043,Rainy,0.75
194,1,Verstappen (Red Bull),44.73926,44.73926,Rainy,0.75
194,2,Verstappen (Red Bull),45.02434,89.76361,Rainy,0.75
194,3,Verstappen (Red Bull),45.49493,135.25854,Rainy,0.75
194,4,Verstappen (Red Bull),44.89714,180.15568,Rainy,0.75
194,5,Verstappen (Red Bull),44.1685,224.32417,Rainy,0.75
194,1,Norris (McLaren),45.38182,45.38182,Rainy,0.75
194,2,Norris (McLaren),46.42435,91.80617,Rainy,0.75
194,3,Norris (McLaren),46.75048,138.55665,Rainy,0.75
194,4,Norris (McLaren),46.32718,184.88382,Rainy,0.75
194,5,Norris (McLaren),45.27499,230.15881,Rainy,0.75
194,1,Leclerc (Ferrari),45.67111,45.67111,Rainy,0.75
194,2,Leclerc (Ferrari),44.67357,90.34468,Rainy,0.75
194,3,Leclerc (Ferrari),44.93001,135.27469,Rainy,0.75
194,4,Leclerc (Ferrari),44.4559,179.73059,Rainy,0.75
194,5,Leclerc (Ferrari),45.39227,225.12287,Rainy,0.75
194,1,Russell (Williams),45.06706,45.06706,Rainy,0.75
194,2,Russell (Williams),44.537,89.60406,Rainy,0.75
194,3,Russell (Williams),45.87014,135.4742,Rainy,0.75
194,4,Russell (Williams),43.77032,179.24452,Rainy,0.75
194,5,Russell (Williams),43.92453,223.16905,Rainy,0.75
194,1,Piastri (Alpine),46.40413,46.40413,Rainy,0.75
194,2,Piastri (Alpine),46.72218,93.12631,Rainy,0.75
194,3,Piastri (Alpine),45.95592,139.08223,Rainy,0.75
194,4,Piastri (Alpine),44.66668,183.74891,Rainy,0.75
194,5,Piastri (Alpine),44.66641,228.41533,Rainy,0.75
195,1,Hamilton (Mercedes),45.39035,45.39035,Rainy,0.75
195,2,Hamilton (Mercedes),46.25594,91.64629,Rainy,0.75
195,3,Hamilton (Mercedes),46.45892,138.10521,Rainy,0.75
195,4,Hamilton (Mercedes),46.66193,184.76713,Rainy,0.75
195,5,Hamilton (Mercedes),46.18871,230.95584,Rainy,0.75
195,1,Verstappen (Red Bull),45.0446,45.0446,Rainy,0.75
195,2,Verstappen (Red Bull),45.67394,90.71853,Rainy,0.75
195,3,Verstappen (Red Bull),45.51887,136.2374,Rainy,0.75
195,4,Verstappen (Red Bull),45.43478,181.67218,Rainy,0.75
195,5,Verstappen (Red Bull),45.09043,226.76261,Rainy,0.75
195,1,Norris (McLaren),45.56279,45.56279,Rainy,0.75
195,2,Norris (McLaren),46.45301,92.0158,Rainy,0.75
195,3,Norris (McLaren),45.70464,137.72044,Rainy,0.75
195,4,Norris (McLaren),46.01753,183.73798,Rainy,0.75
195,5,Norris (McLaren),45.53488,229.27285,Rainy,0.75
195,1,Leclerc (Ferrari),45.59607,45.59607,Rainy,0.75
195,2,Leclerc (Ferrari),44.91455,90.51063,Rainy,0.75
195,3,Leclerc (Ferrari),44.42105,134.93168,Rainy,0.75
195,4,Leclerc (Ferrari),44.54667,179.47835,Rainy,0.75
195,5,Leclerc (Ferrari),45.76264,225.24099,Rainy,0.75
195,1,Russell (Williams),47.0759,47.0759,Rainy,0.75
195,2,Russell (Williams),46.20301,93.2789,Rainy,0.75
195,3,Russell (Williams),45.20093,138.47984,Rainy,0.75
195,4,Russell (Williams),45.28026,183.7601,Rainy,0.75
195,5,Russell (Williams),45.3944,229.1545,Rainy,0.75
195,1,Piastri (Alpine),44.32319,44.32319,Rainy,0.75
195,2,Piastri (Alpine),47.12094,91.44412,Rainy,0.75
195,3,Piastri (Alpine),46.52331,137.96743,Rainy,0.75
195,4,Piastri (Alpine),45.73451,183.70194,Rainy,0.75
195,5,Piastri (Alpine),44.66306,228.36499,Rainy,0.75
196,1,Hamilton (Mercedes),45.32387,45.32387,Rainy,0.75
196,2,Hamilton (Mercedes),46.39784,91.7217,Rainy,0.75
196,3,Hamilton (Mercedes),46.42354,138.14524,Rainy,0.75
196,4,Hamilton (Mercedes),46.29269,184.43793,Rainy,0.75
196,5,Hamilton (Mercedes),45.86923,230.30717,Rainy,0.75
196,1,Verstappen (Red Bull),45.46928,45.46928,Rainy,0.75
196,2,Verstappen (Red Bull),45.10876,90.57804,Rainy,0.75
196,3,Verstappen (Red Bull),44.62508,135.20313,Rainy,0.75
196,4,Verstappen (Red Bull),45.14391,180.34703,Rainy,0.75
196,5,Verstappen (Red Bull),45.69047,226.0375,Rainy,0.75
196,1,Norris (McLaren),45.57681,45.57681,Rainy,0.75
196,2,Norris (McLaren),45.65851,91.23532,Rainy,0.75
196,3,Norris (McLaren),45.41431,136.64963,Rainy,0.75
196,4,Norris (McLaren),46.40047,183.05009,Rainy,0.75
196,5,Norris (McLaren),46.36587,229.41596,Rainy,0.75
196,1,Leclerc (Ferrari),44.1802,44.1802,Rainy,0.75
196,2,Leclerc (Ferrari),45.15097,89.33118,Rainy,0.75
196,3,Leclerc (Ferrari),46.18342,135.5146,Rainy,0.75
196,4,Leclerc (Ferrari),44.40281,179.91741,Rainy,0.75
196,5,Leclerc (Ferrari),44.88128,224.7987,Rainy,0.75
196,1,Russell (Williams),45.79691,45.79691,Rainy,0.75
196,2,Russell (Williams),46.08428,91.88118,Rainy,0.75
196,3,Russell (Williams),45.58479,137.46597,Rainy,0.75
196,4,Russell (Williams),45.33589,182.80187,Rainy,0.75
196,5,Russell (Williams),44.59871,227.40058,Rainy,0.75
196,1,Piastri (Alpine),46.15502,46.15502,Rainy,0.75
196,2,Piastri (Alpine),45.45083,91.60585,Rainy,0.75
196,3,Piastri (Alpine),44.6959,136.30175,Rainy,0.75
196,4,Piastri (Alpine),45.15937,181.46111,Rainy,0.75
196,5,Piastri (Alpine),45.10398,226.5651,Rainy,0.75
197,1,Hamilton (Mercedes),45.79433,45.79433,Rainy,0.75
197,2,Hamilton (Mercedes),46.33237,92.1267,Rainy,0.75
197,3,Hamilton (Mercedes),45.59731,137.72401,Rainy,0.75
197,4,Hamilton (Mercedes),45.3583,183.08231,Rainy,0.75
197,5,Hamilton (Mercedes),45.13174,228.21405,Rainy,0.75
197,1,Verstappen (Red Bull),45.21964,45.21964,Rainy,0.75
197,2,Verstappen (Red Bull),44.46495,89.68458,Rainy,0.75
197,3,Verstappen (Red Bull),44.56221,134.2468,Rainy,0.75
197,4,Verstappen (Red Bull),46.18987,180.43667,Rainy,0.75
197,5,Verstappen (Red Bull),44.51165,224.94832,Rainy,0.75
197,1,Norris (McLaren),45.13918,45.13918,Rainy,0.75
197,2,Norris (McLaren),45.90109,91.04027,Rainy,0.75
197,3,Norris (McLaren),45.82936,136.86963,Rainy,0.75
197,4,Norris (McLaren),45.53329,182.40292,Rainy,0.75
197,5,Norris (McLaren),46.21097,228.61389,Rainy,0.75
197,1,Leclerc (Ferrari),43.62754,43.62754,Rainy,0.75
197,2,Leclerc (Ferrari),46.021,89.64854,Rainy,0.75
197,3,Leclerc (Ferrari),44.87122,134.51976,Rainy,0.75
197,4,Leclerc (Ferrari),45.63119,180.15095,Rainy,0.75
197,5,Leclerc (Ferrari),45.5934,225.74434,Rainy,0.75
197,1,Russell (Williams),45.2897,45.2897,Rainy,0.75
197,2,Russell (Williams),44.34063,89.63032,Rainy,0.75
197,3,Russell (Williams),45.62455,135.25487,Rainy,0.75
197,4,Russell (Williams),45.7479,181.00278,Rainy,0.75
197,5,Russell (Williams),45.0521,226.05488,Rainy,0.75
197,1,Piastri (Alpine),46.10786,46.10786,Rainy,0.75
197,2,Piastri (Alpine),45.08945,91.19731,Rainy,0.75
197,3,Piastri (Alpine),45.68938,136.88669,Rainy,0.75
197,4,Piastri (Alpine),47.06925,183.95594,Rainy,0.75
197,5,Piastri (Alpine),46.30154,230.25748,Rainy,0.75
198,1,Hamilton (Mercedes),45.38621,45.38621,Rainy,0.75
198,2,Hamilton (Mercedes),45.88621,91.27242,Rainy,0.75
198,3,Hamilton (Mercedes),45.85031,137.12274,Rainy,0.75
198,4,Hamilton (Mercedes),46.50227,183.625,Rainy,0.75
198,5,Hamilton (Mercedes),46.36257,229.98758,Rainy,0.75
198,1,Verstappen (Red Bull),44.49099,44.49099,Rainy,0.75
198,2,Verstappen (Red Bull),44.26414,88.75513,Rainy,0.75
198,3,Verstappen (Red Bull),43.94332,132.69845,Rainy,0.75
198,4,Verstappen (Red Bull),46.41158,179.11003,Rainy,0.75
198,5,Verstappen (Red Bull),46.0496,225.15963,Rainy,0.75
198,1,Norris (McLaren),45.3633,45.3633,Rainy,0.75
198,2,Norris (McLaren),45.50421,90.86752,Rainy,0.75
198,3,Norris (McLaren),45.57348,136.44099,Rainy,0.75
198,4,Norris (McLaren),45.87955,182.32055,Rainy,0.75
198,5,Norris (McLaren),45.27852,227.59907,Rainy,0.75
198,1,Leclerc (Ferrari),44.99403,44.99403,Rainy,0.75
198,2,Leclerc (Ferrari),44.07532,89.06936,Rainy,0.75
198,3,Leclerc (Ferrari),45.68718,134.75654,Rainy,0.75
198,4,Leclerc (Ferrari),44.19306,178.9496,Rainy,0.75
198,5,Leclerc (Ferrari),44.1281,223.0777,Rainy,0.75
198,1,Russell (Williams),44.37479,44.37479,Rainy,0.75
198,2,Russell (Williams),45.35375,89.72854,Rainy,0.75
198,3,Russell (Williams),45.96871,135.69726,Rainy,0.75
198,4,Russell (Williams),44.72481,180.42207,Rainy,0.75
198,5,Russell (Williams),45.38657,225.80864,Rainy,0.75
198,1,Piastri (Alpine),45.36756,45.36756,Rainy,0.75
198,2,Piastri (Alpine),44.83215,90.19971,Rainy,0.75
198,3,Piastri (Alpine),46.41955,136.61926,Rainy,0.75
198,4,Piastri (Alpine),45.67202,182.29128,Rainy,0.75
198,5,Piastri (Alpine),44.37387,226.66515,Rainy,0.75
199,1,Hamilton (Mercedes),46.8723,46.8723,Rainy,0.75
199,2,Hamilton (Mercedes),45.11125,91.98355,Rainy,0.75
199,3,Hamilton (Mercedes),45.95323,137.93677,Rainy,0.75
199,4,Hamilton (Mercedes),45.7501,183.68687,Rainy,0.75
199,5,Hamilton (Mercedes),45.78907,229.47594,Rainy,0.75
199,1,Verstappen (Red Bull),45.4481,45.4481,Rainy,0.75
199,2,Verstappen (Red Bull),45.34083,90.78892,Rainy,0.75
199,3,Verstappen (Red Bull),45.05037,135.83929,Rainy,0.75
199,4,Verstappen (Red Bull),44.44854,180.28783,Rainy,0.75
199,5,Verstappen (Red Bull),46.08023,226.36806,Rainy,0.75
199,1,Norris (McLaren),45.52795,45.52795,Rainy,0.75
199,2,Norris (McLaren),45.88058,91.40853,Rainy,0.75
199,3,Norris (McLaren),45.24484,136.65337,Rainy,0.75
199,4,Norris (McLaren),45.89936,182.55273,Rainy,0.75
199,5,Norris (McLaren),43.75841,226.31114,Rainy,0.75
199,1,Leclerc (Ferrari),43.7203,43.7203,Rainy,0.75
199,2,Leclerc (Ferrari),46.24359,89.96389,Rainy,0.75
199,3,Leclerc (Ferrari),44.93155,134.89543,Rainy,0.75
199,4,Leclerc (Ferrari),45.59192,180.48735,Rainy,0.75
199,5,Leclerc (Ferrari),45.90131,226.38866,Rainy,0.75
199,1,Russell (Williams),46.43401,46.43401,Rainy,0.75
199,2,Russell (Williams),45.15381,91.58782,Rainy,0.75
199,3,Russell (Williams),45.95583,137.54365,Rainy,0.75
199,4,Russell (Williams),43.86336,181.40701,Rainy,0.75
199,5,Russell (Williams),43.77061,225.17763,Rainy,0.75
199,1,Piastri (Alpine),45.3315,45.3315,Rainy,0.75
199,2,Piastri (Alpine),43.98243,89.31394,Rainy,0.75
199,3,Piastri (Alpine),46.89346,136.20739,Rainy,0.75
199,4,Piastri (Alpine),45.53814,181.74553,Rainy,0.75
199,5,Piastri (Alpine),45.05964,226.80517,Rainy,0.75
200,1,Hamilton (Mercedes),46.24169,46.24169,Rainy,0.75
200,2,Hamilton (Mercedes),46.58513,92.82682,Rainy,0.75
200,3,Hamilton (Mercedes),45.34145,138.16827,Rainy,0.75
200,4,Hamilton (Mercedes),46.1419,184.31017,Rainy,0.75
200,5,Hamilton (Mercedes),45.93048,230.24064,Rainy,0.75
200,1,Verstappen (Red Bull),45.1244,45.1244,Rainy,0.75
200,2,Verstappen (Red Bull),45.00269,90.1271,Rainy,0.75
200,3,Verstappen (Red Bull),46.45502,136.58212,Rainy,0.75
200,4,Verstappen (Red Bull),45.30286,181.88498,Rainy,0.75
200,5,Verstappen (Red Bull),45.0674,226.95238,Rainy,0.75
200,1,Norris (McLaren),46.17585,46.17585,Rainy,0.75
200,2,Norris (McLaren),44.80443,90.98028,Rainy,0.75
200,3,Norris (McLaren),44.97468,135.95495,Rainy,0.75
200,4,Norris (McLaren),46.79718,182.75213,Rainy,0.75
200,5,Norris (McLaren),46.58618,229.33831,Rainy,0.75
200,1,Leclerc (Ferrari),45.70613,45.70613,Rainy,0.75
200,2,Leclerc (Ferrari),45.06909,90.77521,Rainy,0.75
200,3,Leclerc (Ferrari),44.67021,135.44543,Rainy,0.75
200,4,Leclerc (Ferrari),43.93602,179.38144,Rainy,0.75
200,5,Leclerc (Ferrari),46.41688,225.79833,Rainy,0.75
200,1,Russell (Williams),45.05662,45.05662,Rainy,0.75
200,2,Russell (Williams),44.94067,89.99729,Rainy,0.75
200,3,Russell (Williams),43.98879,133.98609,Rainy,0.75
200,4,Russell (Williams),45.39343,179.37952,Rainy,0.75
200,5,Russell (Williams),44.98012,224.35964,Rainy,0.75
200,1,Piastri (Alpine),45.83181,45.83181,Rainy,0.75
200,2,Piastri (Alpine),45.95273,91.78454,Rainy,0.75
200,3,Piastri (Alpine),45.08993,136.87447,Rainy,0.75
200,4,Piastri (Alpine),45.55853,182.433,Rainy,0.75
200,5,Piastri (Alpine),44.40238,226.83538,Rainy,0.75
