trial,lap,entrant,lap_time,cumulative_time,weather,wetness
1,1,Hamilton (Mercedes),43.19164,43.19164,Sunny,0.05
1,2,Hamilton (Mercedes),43.8167,87.00834,Sunny,0.05
1,3,Hamilton (Mercedes),43.70092,130.70926,Sunny,0.05
1,4,Hamilton (Mercedes),43.37258,174.08184,Sunny,0.05
1,5,Hamilton (Mercedes),42.37622,216.45806,Sunny,0.05
1,1,Verstappen (Red Bull),42.60333,42.60333,Sunny,0.05
1,2,Verstappen (Red Bull),41.83012,84.43346,Sunny,0.05
1,3,Verstappen (Red Bull),43.10368,127.53714,Sunny,0.05
1,4,Verstappen (Red Bull),42.45864,169.99578,Sunny,0.05
1,5,Verstappen (Red Bull),42.31774,212.31352,Sunny,0.05
1,1,Norris (McLaren),44.21179,44.21179,Sunny,0.05
1,2,Norris (McLaren),43.3144,87.52619,Sunny,0.05
1,3,Norris (McLaren),42.38227,129.90846,Sunny,0.05
1,4,Norris (McLaren),43.42201,173.33047,Sunny,0.05
1,5,Norris (McLaren),43.77278,217.10325,Sunny,0.05
2,1,Hamilton (Mercedes),42.64484,42.64484,Sunny,0.05
2,2,Hamilton (Mercedes),42.83439,85.47924,Sunny,0.05
2,3,Hamilton (Mercedes),43.23923,128.71847,Sunny,0.05
2,4,Hamilton (Mercedes),42.45119,171.16966,Sunny,0.05
2,5,Hamilton (Mercedes),43.02456,214.19421,Sunny,0.05
2,1,Verstappen (Red Bull),42.04492,42.04492,Sunny,0.05
2,2,Verstappen (Red Bull),43.20588,85.2508,Sunny,0.05
2,3,Verstappen (Red Bull),42.0362,127.28699,Sunny,0.05
2,4,Verstappen (Red Bull),42.98258,170.26958,Sunny,0.05
2,5,Verstappen (Red Bull),43.24501,213.51459,Sunny,0.05
2,1,Norris (McLaren),43.19229,43.19229,Sunny,0.05
2,2,Norris (McLaren),42.54054,85.73283,Sunny,0.05
2,3,Norris (McLaren),43.24316,128.976,Sunny,0.05
2,4,Norris (McLaren),43.29413,172.27013,Sunny,0.05
2,5,Norris (McLaren),42.3508,214.62093,Sunny,0.05
3,1,Hamilton (Mercedes),43.52671,43.52671,Sunny,0.05
3,2,Hamilton (Mercedes),42.83353,86.36024,Sunny,0.05
3,3,Hamilton (Mercedes),41.9902,128.35044,Sunny,0.05
3,4,Hamilton (Mercedes),43.04627,171.39671,Sunny,0.05
3,5,Hamilton (Mercedes),44.47028,215.86699,Sunny,0.05
3,1,Verstappen (Red Bull),43.04609,43.04609,Sunny,0.05
3,2,Verstappen (Red Bull),42.03338,85.07947,Sunny,0.05
3,3,Verstappen (Red Bull),42.92625,128.00572,Sunny,0.05
3,4,Verstappen (Red Bull),43.22273,171.22845,Sunny,0.05
3,5,Verstappen (Red Bull),42.5483,213.77675,Sunny,0.05
3,1,Norris (McLaren),43.40449,43.40449,Sunny,0.05
3,2,Norris (McLaren),42.91603,86.32052,Sunny,0.05
3,3,Norris (McLaren),42.74534,129.06586,Sunny,0.05
3,4,Norris (McLaren),43.32465,172.39051,Sunny,0.05
3,5,Norris (McLaren),42.80275,215.19326,Sunny,0.05
4,1,Hamilton (Mercedes),43.12052,43.12052,Sunny,0.05
4,2,Hamilton (Mercedes),43.80593,86.92645,Sunny,0.05
4,3,Hamilton (Mercedes),43.73803,130.66447,Sunny,0.05
4,4,Hamilton (Mercedes),42.99041,173.65488,Sunny,0.05
4,5,Hamilton (Mercedes),43.59555,217.25043,Sunny,0.05
4,1,Verstappen (Red Bull),42.76515,42.76515,Sunny,0.05
4,2,Verstappen (Red Bull),43.26405,86.0292,Sunny,0.05
4,3,Verstappen (Red Bull),43.17655,129.20576,Sunny,0.05
4,4,Verstappen (Red Bull),42.75662,171.96237,Sunny,0.05
4,5,Verstappen (Red Bull),42.72938,214.69175,Sunny,0.05
4,1,Norris (McLaren),43.0641,43.0641,Sunny,0.05
4,2,Norris (McLaren),42.72969,85.79379,Sunny,0.05
4,3,Norris (McLaren),43.19944,128.99323,Sunny,0.05
4,4,Norris (McLaren),42.62627,171.6195,Sunny,0.05
4,5,Norris (McLaren),43.49183,215.11133,Sunny,0.05
5,1,Hamilton (Mercedes),43.12768,43.12768,Sunny,0.05
5,2,Hamilton (Mercedes),43.08058,86.20826,Sunny,0.05
5,3,Hamilton (Mercedes),43.76019,129.96845,Sunny,0.05
5,4,Hamilton (Mercedes),43.79321,173.76166,Sunny,0.05
5,5,Hamilton (Mercedes),43.64074,217.4024,Sunny,0.05
5,1,Verstappen (Red Bull),42.42105,42.42105,Sunny,0.05
5,2,Verstappen (Red Bull),42.6099,85.03094,Sunny,0.05
5,3,Verstappen (Red Bull),43.24454,128.27548,Sunny,0.05
5,4,Verstappen (Red Bull),43.58609,171.86158,Sunny,0.05
5,5,Verstappen (Red Bull),41.50139,213.36296,Sunny,0.05
5,1,Norris (McLaren),42.50156,42.50156,Sunny,0.05
5,2,Norris (McLaren),42.99264,85.4942,Sunny,0.05
5,3,Norris (McLaren),42.31965,127.81384,Sunny,0.05
5,4,Norris (McLaren),43.65344,171.46728,Sunny,0.05
5,5,Norris (McLaren),42.21291,213.68019,Sunny,0.05
6,1,Hamilton (Mercedes),43.38156,43.38156,Sunny,0.05
6,2,Hamilton (Mercedes),42.75986,86.14142,Sunny,0.05
6,3,Hamilton (Mercedes),43.29049,129.43191,Sunny,0.05
6,4,Hamilton (Mercedes),43.40195,172.83386,Sunny,0.05
6,5,Hamilton (Mercedes),42.29084,215.1247,Sunny,0.05
6,1,Verstappen (Red Bull),41.63438,41.63438,Sunny,0.05
6,2,Verstappen (Red Bull),43.26509,84.89947,Sunny,0.05
6,3,Verstappen (Red Bull),42.81665,127.71612,Sunny,0.05
6,4,Verstappen (Red Bull),42.34845,170.06457,Sunny,0.05
6,5,Verstappen (Red Bull),43.04597,213.11053,Sunny,0.05
6,1,Norris (McLaren),43.41733,43.41733,Sunny,0.05
6,2,Norris (McLaren),42.73342,86.15074,Sunny,0.05
6,3,Norris (McLaren),43.02669,129.17743,Sunny,0.05
6,4,Norris (McLaren),44.17074,173.34816,Sunny,0.05
6,5,Norris (McLaren),43.08826,216.43642,Sunny,0.05
7,1,Hamilton (Mercedes),43.67825,43.67825,Sunny,0.05
7,2,Hamilton (Mercedes),41.98062,85.65887,Sunny,0.05
7,3,Hamilton (Mercedes),43.41849,129.07736,Sunny,0.05
7,4,Hamilton (Mercedes),43.53565,172.61301,Sunny,0.05
7,5,Hamilton (Mercedes),42.64565,215.25866,Sunny,0.05
7,1,Verstappen (Red Bull),43.39324,43.39324,Sunny,0.05
7,2,Verstappen (Red Bull),43.39927,86.79251,Sunny,0.05
7,3,Verstappen (Red Bull),42.32772,129.12023,Sunny,0.05
7,4,Verstappen (Red Bull),43.85269,172.97292,Sunny,0.05
7,5,Verstappen (Red Bull),43.02136,215.99428,Sunny,0.05
7,1,Norris (McLaren),42.17037,42.17037,Sunny,0.05
7,2,Norris (McLaren),42.86911,85.03948,Sunny,0.05
7,3,Norris (McLaren),43.24193,128.28141,Sunny,0.05
7,4,Norris (McLaren),43.22285,171.50426,Sunny,0.05
7,5,Norris (McLaren),42.92334,214.4276,Sunny,0.05
8,1,Hamilton (Mercedes),42.88529,42.88529,Sunny,0.05
8,2,Hamilton (Mercedes),42.9695,85.85479,Sunny,0.05
8,3,Hamilton (Mercedes),42.63039,128.48518,Sunny,0.05
8,4,Hamilton (Mercedes),42.54773,171.03291,Sunny,0.05
8,5,Hamilton (Mercedes),42.3907,213.42361,Sunny,0.05
8,1,Verstappen (Red Bull),44.44329,44.44329,Sunny,0.05
8,2,Verstappen (Red Bull),43.26835,87.71164,Sunny,0.05
8,3,Verstappen (Red Bull),42.94954,130.66118,Sunny,0.05
8,4,Verstappen (Red Bull),42.79976,173.46094,Sunny,0.05
8,5,Verstappen (Red Bull),42.57334,216.03428,Sunny,0.05
8,1,Norris (McLaren),42.92833,42.92833,Sunny,0.05
8,2,Norris (McLaren),42.68524,85.61357,Sunny,0.05
8,3,Norris (McLaren),43.42322,129.03679,Sunny,0.05
8,4,Norris (McLaren),42.40718,171.44396,Sunny,0.05
8,5,Norris (McLaren),43.93359,215.37755,Sunny,0.05
9,1,Hamilton (Mercedes),42.98793,42.98793,Sunny,0.05
9,2,Hamilton (Mercedes),42.87698,85.86491,Sunny,0.05
9,3,Hamilton (Mercedes),42.78626,128.65117,Sunny,0.05
9,4,Hamilton (Mercedes),43.88669,172.53786,Sunny,0.05
9,5,Hamilton (Mercedes),43.04469,215.58255,Sunny,0.05
9,1,Verstappen (Red Bull),42.31558,42.31558,Sunny,0.05
9,2,Verstappen (Red Bull),42.50773,84.82331,Sunny,0.05
9,3,Verstappen (Red Bull),42.75564,127.57896,Sunny,0.05
9,4,Verstappen (Red Bull),42.93484,170.5138,Sunny,0.05
9,5,Verstappen (Red Bull),42.78652,213.30033,Sunny,0.05
9,1,Norris (McLaren),42.18573,42.18573,Sunny,0.05
9,2,Norris (McLaren),43.64934,85.83508,Sunny,0.05
9,3,Norris (McLaren),43.92589,129.76096,Sunny,0.05
9,4,Norris (McLaren),42.40894,172.16991,Sunny,0.05
9,5,Norris (McLaren),42.96125,215.13116,Sunny,0.05
10,1,Hamilton (Mercedes),43.24378,43.24378,Sunny,0.05
10,2,Hamilton (Mercedes),42.42879,85.67257,Sunny,0.05
10,3,Hamilton (Mercedes),42.31098,127.98355,Sunny,0.05
10,4,Hamilton (Mercedes),44.60074,172.58429,Sunny,0.05
10,5,Hamilton (Mercedes),43.45012,216.03441,Sunny,0.05
10,1,Verstappen (Red Bull),42.2817,42.2817,Sunny,0.05
10,2,Verstappen (Red Bull),43.44627,85.72797,Sunny,0.05
10,3,Verstappen (Red Bull),43.04621,128.77418,Sunny,0.05
10,4,Verstappen (Red Bull),43.44547,172.21964,Sunny,0.05
10,5,Verstappen (Red Bull),43.48542,215.70507,Sunny,0.05
10,1,Norris (McLaren),42.63815,42.63815,Sunny,0.05
10,2,Norris (McLaren),41.8344,84.47255,Sunny,0.05
10,3,Norris (McLaren),44.62018,129.09273,Sunny,0.05
10,4,Norris (McLaren),43.0717,172.16443,Sunny,0.05
10,5,Norris (McLaren),43.01038,215.1748,Sunny,0.05
11,1,Hamilton (Mercedes),42.2898,42.2898,Sunny,0.05
11,2,Hamilton (Mercedes),43.48791,85.77771,Sunny,0.05
11,3,Hamilton (Mercedes),43.81474,129.59245,Sunny,0.05
11,4,Hamilton (Mercedes),43.17023,172.76268,Sunny,0.05
11,5,Hamilton (Mercedes),42.68231,215.44499,Sunny,0.05
11,1,Verstappen (Red Bull),41.8444,41.8444,Sunny,0.05
11,2,Verstappen (Red Bull),42.53192,84.37631,Sunny,0.05
11,3,Verstappen (Red Bull),43.16788,127.54419,Sunny,0.05
11,4,Verstappen (Red Bull),42.68125,170.22544,Sunny,0.05
11,5,Verstappen (Red Bull),42.53519,212.76063,Sunny,0.05
11,1,Norris (McLaren),43.70455,43.70455,Sunny,0.05
11,2,Norris (McLaren),41.97328,85.67783,Sunny,0.05
11,3,Norris (McLaren),43.08967,128.7675,Sunny,0.05
11,4,Norris (McLaren),43.50138,172.26889,Sunny,0.05
11,5,Norris (McLaren),43.2988,215.56769,Sunny,0.05
12,1,Hamilton (Mercedes),44.14689,44.14689,Sunny,0.05
12,2,Hamilton (Mercedes),42.15801,86.3049,Sunny,0.05
12,3,Hamilton (Mercedes),42.33667,128.64157,Sunny,0.05
12,4,Hamilton (Mercedes),42.14133,170.78289,Sunny,0.05
12,5,Hamilton (Mercedes),43.1245,213.90739,Sunny,0.05
12,1,Verstappen (Red Bull),42.98274,42.98274,Sunny,0.05
12,2,Verstappen (Red Bull),42.33035,85.3131,Sunny,0.05
12,3,Verstappen (Red Bull),43.08053,128.39363,Sunny,0.05
12,4,Verstappen (Red Bull),42.23553,170.62916,Sunny,0.05
12,5,Verstappen (Red Bull),43.246,213.87515,Sunny,0.05
12,1,Norris (McLaren),42.32571,42.32571,Sunny,0.05
12,2,Norris (McLaren),42.93851,85.26423,Sunny,0.05
12,3,Norris (McLaren),43.82542,129.08965,Sunny,0.05
12,4,Norris (McLaren),42.93098,172.02063,Sunny,0.05
12,5,Norris (McLaren),42.26852,214.28915,Sunny,0.05
13,1,Hamilton (Mercedes),42.21335,42.21335,Sunny,0.05
13,2,Hamilton (Mercedes),43.02313,85.23648,Sunny,0.05
13,3,Hamilton (Mercedes),43.05182,128.2883,Sunny,0.05
13,4,Hamilton (Mercedes),43.1496,171.4379,Sunny,0.05
13,5,Hamilton (Mercedes),43.8822,215.3201,Sunny,0.05
13,1,Verstappen (Red Bull),42.63609,42.63609,Sunny,0.05
13,2,Verstappen (Red Bull),42.14378,84.77987,Sunny,0.05
13,3,Verstappen (Red Bull),43.38847,128.16834,Sunny,0.05
13,4,Verstappen (Red Bull),42.38546,170.5538,Sunny,0.05
13,5,Verstappen (Red Bull),42.64712,213.20092,Sunny,0.05
13,1,Norris (McLaren),43.1154,43.1154,Sunny,0.05
13,2,Norris (McLaren),43.51141,86.62681,Sunny,0.05
13,3,Norris (McLaren),42.59592,129.22273,Sunny,0.05
13,4,Norris (McLaren),42.76931,171.99204,Sunny,0.05
13,5,Norris (McLaren),43.20172,215.19375,Sunny,0.05
14,1,Hamilton (Mercedes),42.64516,42.64516,Sunny,0.05
14,2,Hamilton (Mercedes),43.3985,86.04366,Sunny,0.05
14,3,Hamilton (Mercedes),43.03343,129.0771,Sunny,0.05
14,4,Hamilton (Mercedes),42.78696,171.86405,Sunny,0.05
14,5,Hamilton (Mercedes),42.87163,214.73569,Sunny,0.05
14,1,Verstappen (Red Bull),42.90591,42.90591,Sunny,0.05
14,2,Verstappen (Red Bull),42.56989,85.47581,Sunny,0.05
14,3,Verstappen (Red Bull),42.17153,127.64734,Sunny,0.05
14,4,Verstappen (Red Bull),42.86732,170.51466,Sunny,0.05
14,5,Verstappen (Red Bull),42.90772,213.42238,Sunny,0.05
14,1,Norris (McLaren),43.20923,43.20923,Sunny,0.05
14,2,Norris (McLaren),41.86483,85.07406,Sunny,0.05
14,3,Norris (McLaren),43.4034,128.47746,Sunny,0.05
14,4,Norris (McLaren),42.56036,171.03782,Sunny,0.05
14,5,Norris (McLaren),42.57585,213.61367,Sunny,0.05
15,1,Hamilton (Mercedes),41.86467,41.86467,Sunny,0.05
15,2,Hamilton (Mercedes),42.80217,84.66684,Sunny,0.05
15,3,Hamilton (Mercedes),43.46371,128.13055,Sunny,0.05
15,4,Hamilton (Mercedes),43.39554,171.52609,Sunny,0.05
15,5,Hamilton (Mercedes),43.07157,214.59765,Sunny,0.05
15,1,Verstappen (Red Bull),43.33631,43.33631,Sunny,0.05
15,2,Verstappen (Red Bull),43.33436,86.67067,Sunny,0.05
15,3,Verstappen (Red Bull),42.63346,129.30413,Sunny,0.05
15,4,Verstappen (Red Bull),42.37947,171.6836,Sunny,0.05
15,5,Verstappen (Red Bull),41.58273,213.26633,Sunny,0.05
15,1,Norris (McLaren),42.91227,42.91227,Sunny,0.05
15,2,Norris (McLaren),43.44577,86.35804,Sunny,0.05
15,3,Norris (McLaren),43.71098,130.06902,Sunny,0.05
15,4,Norris (McLaren),44.01776,174.08678,Sunny,0.05
15,5,Norris (McLaren),43.61784,217.70462,Sunny,0.05
16,1,Hamilton (Mercedes),42.74466,42.74466,Sunny,0.05
16,2,Hamilton (Mercedes),43.53418,86.27883,Sunny,0.05
16,3,Hamilton (Mercedes),43.16233,129.44116,Sunny,0.05
16,4,Hamilton (Mercedes),43.53246,172.97362,Sunny,0.05
16,5,Hamilton (Mercedes),42.80952,215.78314,Sunny,0.05
16,1,Verstappen (Red Bull),42.58853,42.58853,Sunny,0.05
16,2,Verstappen (Red Bull),42.46434,85.05287,Sunny,0.05
16,3,Verstappen (Red Bull),42.90366,127.95653,Sunny,0.05
16,4,Verstappen (Red Bull),42.81201,170.76854,Sunny,0.05
16,5,Verstappen (Red Bull),42.37065,213.13919,Sunny,0.05
16,1,Norris (McLaren),42.89704,42.89704,Sunny,0.05
16,2,Norris (McLaren),42.71557,85.61261,Sunny,0.05
16,3,Norris (McLaren),43.9829,129.59551,Sunny,0.05
16,4,Norris (McLaren),43.28695,172.88246,Sunny,0.05
16,5,Norris (McLaren),42.79456,215.67702,Sunny,0.05
17,1,Hamilton (Mercedes),43.20755,43.20755,Sunny,0.05
17,2,Hamilton (Mercedes),43.57089,86.77844,Sunny,0.05
17,3,Hamilton (Mercedes),43.94053,130.71896,Sunny,0.05
17,4,Hamilton (Mercedes),43.7724,174.49136,Sunny,0.05
17,5,Hamilton (Mercedes),43.06674,217.5581,Sunny,0.05
17,1,Verstappen (Red Bull),43.50878,43.50878,Sunny,0.05
17,2,Verstappen (Red Bull),44.28332,87.7921,Sunny,0.05
17,3,Verstappen (Red Bull),42.34184,130.13394,Sunny,0.05
17,4,Verstappen (Red Bull),42.31639,172.45033,Sunny,0.05
17,5,Verstappen (Red Bull),42.75994,215.21027,Sunny,0.05
17,1,Norris (McLaren),42.71485,42.71485,Sunny,0.05
17,2,Norris (McLaren),42.07453,84.78938,Sunny,0.05
17,3,Norris (McLaren),43.08631,127.87569,Sunny,0.05
17,4,Norris (McLaren),42.60336,170.47905,Sunny,0.05
17,5,Norris (McLaren),43.31376,213.79281,Sunny,0.05
18,1,Hamilton (Mercedes),43.19865,43.19865,Sunny,0.05
18,2,Hamilton (Mercedes),43.04559,86.24425,Sunny,0.05
18,3,Hamilton (Mercedes),43.08653,129.33078,Sunny,0.05
18,4,Hamilton (Mercedes),43.03255,172.36334,Sunny,0.05
18,5,Hamilton (Mercedes),42.9457,215.30903,Sunny,0.05
18,1,Verstappen (Red Bull),42.78095,42.78095,Sunny,0.05
18,2,Verstappen (Red Bull),43.56455,86.3455,Sunny,0.05
18,3,Verstappen (Red Bull),42.58706,128.93256,Sunny,0.05
18,4,Verstappen (Red Bull),43.01268,171.94524,Sunny,0.05
18,5,Verstappen (Red Bull),43.00004,214.94528,Sunny,0.05
18,1,Norris (McLaren),43.59877,43.59877,Sunny,0.05
18,2,Norris (McLaren),42.23188,85.83064,Sunny,0.05
18,3,Norris (McLaren),44.34946,130.1801,Sunny,0.05
18,4,Norris (McLaren),43.50165,173.68175,Sunny,0.05
18,5,Norris (McLaren),43.38601,217.06776,Sunny,0.05
19,1,Hamilton (Mercedes),43.09994,43.09994,Sunny,0.05
19,2,Hamilton (Mercedes),43.20773,86.30766,Sunny,0.05
19,3,Hamilton (Mercedes),42.85644,129.1641,Sunny,0.05
19,4,Hamilton (Mercedes),43.76212,172.92622,Sunny,0.05
19,5,Hamilton (Mercedes),44.00954,216.93577,Sunny,0.05
19,1,Verstappen (Red Bull),43.03597,43.03597,Sunny,0.05
19,2,Verstappen (Red Bull),42.63736,85.67333,Sunny,0.05
19,3,Verstappen (Red Bull),42.04948,127.72282,Sunny,0.05
19,4,Verstappen (Red Bull),42.65675,170.37956,Sunny,0.05
19,5,Verstappen (Red Bull),42.24195,212.62151,Sunny,0.05
19,1,Norris (McLaren),41.99605,41.99605,Sunny,0.05
19,2,Norris (McLaren),44.74047,86.73653,Sunny,0.05
19,3,Norris (McLaren),42.62,129.35653,Sunny,0.05
19,4,Norris (McLaren),42.81218,172.1687,Sunny,0.05
19,5,Norris (McLaren),42.98618,215.15489,Sunny,0.05
20,1,Hamilton (Mercedes),42.79622,42.79622,Sunny,0.05
20,2,Hamilton (Mercedes),42.88313,85.67935,Sunny,0.05
20,3,Hamilton (Mercedes),43.07052,128.74987,Sunny,0.05
20,4,Hamilton (Mercedes),42.2703,171.02017,Sunny,0.05
20,5,Hamilton (Mercedes),42.79804,213.81821,Sunny,0.05
20,1,Verstappen (Red Bull),42.254,42.254,Sunny,0.05
20,2,Verstappen (Red Bull),43.0272,85.2812,Sunny,0.05
20,3,Verstappen (Red Bull),42.58855,127.86975,Sunny,0.05
20,4,Verstappen (Red Bull),42.67854,170.54829,Sunny,0.05
20,5,Verstappen (Red Bull),42.25172,212.80001,Sunny,0.05
20,1,Norris (McLaren),44.81721,44.81721,Sunny,0.05
20,2,Norris (McLaren),43.36628,88.18349,Sunny,0.05
20,3,Norris (McLaren),42.59685,130.78034,Sunny,0.05
20,4,Norris (McLaren),43.88397,174.66431,Sunny,0.05
20,5,Norris (McLaren),44.26036,218.92467,Sunny,0.05
21,1,Hamilton (Mercedes),43.34786,43.34786,Sunny,0.05
21,2,Hamilton (Mercedes),43.77901,87.12688,Sunny,0.05
21,3,Hamilton (Mercedes),43.23701,130.36389,Sunny,0.05
21,4,Hamilton (Mercedes),42.90414,173.26803,Sunny,0.05
21,5,Hamilton (Mercedes),43.10899,216.37702,Sunny,0.05
21,1,Verstappen (Red Bull),43.41743,43.41743,Sunny,0.05
21,2,Verstappen (Red Bull),43.18859,86.60602,Sunny,0.05
21,3,Verstappen (Red Bull),43.54789,130.1539,Sunny,0.05
21,4,Verstappen (Red Bull),42.63169,172.7856,Sunny,0.05
21,5,Verstappen (Red Bull),42.59199,215.37759,Sunny,0.05
21,1,Norris (McLaren),42.03349,42.03349,Sunny,0.05
21,2,Norris (McLaren),43.76404,85.79753,Sunny,0.05
21,3,Norris (McLaren),42.62461,128.42214,Sunny,0.05
21,4,Norris (McLaren),42.61642,171.03856,Sunny,0.05
21,5,Norris (McLaren),43.28616,214.32471,Sunny,0.05
22,1,Hamilton (Mercedes),43.80253,43.80253,Sunny,0.05
22,2,Hamilton (Mercedes),43.50621,87.30874,Sunny,0.05
22,3,Hamilton (Mercedes),42.79698,130.10572,Sunny,0.05
22,4,Hamilton (Mercedes),42.11178,172.2175,Sunny,0.05
22,5,Hamilton (Mercedes),43.08625,215.30376,Sunny,0.05
22,1,Verstappen (Red Bull),43.51586,43.51586,Sunny,0.05
22,2,Verstappen (Red Bull),42.3884,85.90426,Sunny,0.05
22,3,Verstappen (Red Bull),43.16136,129.06562,Sunny,0.05
22,4,Verstappen (Red Bull),43.5355,172.60112,Sunny,0.05
22,5,Verstappen (Red Bull),42.57018,215.1713,Sunny,0.05
22,1,Norris (McLaren),43.20558,43.20558,Sunny,0.05
22,2,Norris (McLaren),43.25928,86.46486,Sunny,0.05
22,3,Norris (McLaren),44.46925,130.9341,Sunny,0.05
22,4,Norris (McLaren),44.21774,175.15184,Sunny,0.05
22,5,Norris (McLaren),43.81541,218.96726,Sunny,0.05
23,1,Hamilton (Mercedes),43.01809,43.01809,Sunny,0.05
23,2,Hamilton (Mercedes),43.18516,86.20325,Sunny,0.05
23,3,Hamilton (Mercedes),43.41496,129.61821,Sunny,0.05
23,4,Hamilton (Mercedes),43.3782,172.99641,Sunny,0.05
23,5,Hamilton (Mercedes),44.42983,217.42624,Sunny,0.05
23,1,Verstappen (Red Bull),42.38078,42.38078,Sunny,0.05
23,2,Verstappen (Red Bull),42.50549,84.88627,Sunny,0.05
23,3,Verstappen (Red Bull),42.17083,127.05711,Sunny,0.05
23,4,Verstappen (Red Bull),42.95183,170.00894,Sunny,0.05
23,5,Verstappen (Red Bull),41.42499,211.43392,Sunny,0.05
23,1,Norris (McLaren),44.21929,44.21929,Sunny,0.05
23,2,Norris (McLaren),43.39298,87.61228,Sunny,0.05
23,3,Norris (McLaren),42.64675,130.25903,Sunny,0.05
23,4,Norris (McLaren),43.33659,173.59562,Sunny,0.05
23,5,Norris (McLaren),42.7779,216.37352,Sunny,0.05
24,1,Hamilton (Mercedes),43.24502,43.24502,Sunny,0.05
24,2,Hamilton (Mercedes),42.0551,85.30012,Sunny,0.05
24,3,Hamilton (Mercedes),43.37495,128.67507,Sunny,0.05
24,4,Hamilton (Mercedes),42.03333,170.7084,Sunny,0.05
24,5,Hamilton (Mercedes),43.10834,213.81674,Sunny,0.05
24,1,Verstappen (Red Bull),42.01568,42.01568,Sunny,0.05
24,2,Verstappen (Red Bull),41.95319,83.96887,Sunny,0.05
24,3,Verstappen (Red Bull),42.61158,126.58045,Sunny,0.05
24,4,Verstappen (Red Bull),43.14104,169.72148,Sunny,0.05
24,5,Verstappen (Red Bull),43.01344,212.73492,Sunny,0.05
24,1,Norris (McLaren),43.72268,43.72268,Sunny,0.05
24,2,Norris (McLaren),42.46763,86.19031,Sunny,0.05
24,3,Norris (McLaren),42.68132,128.87163,Sunny,0.05
24,4,Norris (McLaren),44.79956,173.67119,Sunny,0.05
24,5,Norris (McLaren),43.93325,217.60444,Sunny,0.05
25,1,Hamilton (Mercedes),43.451,43.451,Sunny,0.05
25,2,Hamilton (Mercedes),44.16464,87.61564,Sunny,0.05
25,3,Hamilton (Mercedes),42.96503,130.58066,Sunny,0.05
25,4,Hamilton (Mercedes),43.00488,173.58554,Sunny,0.05
25,5,Hamilton (Mercedes),44.53814,218.12368,Sunny,0.05
25,1,Verstappen (Red Bull),42.71102,42.71102,Sunny,0.05
25,2,Verstappen (Red Bull),43.12321,85.83423,Sunny,0.05
25,3,Verstappen (Red Bull),42.96437,128.79859,Sunny,0.05
25,4,Verstappen (Red Bull),43.05786,171.85645,Sunny,0.05
25,5,Verstappen (Red Bull),43.14877,215.00523,Sunny,0.05
25,1,Norris (McLaren),43.59329,43.59329,Sunny,0.05
25,2,Norris (McLaren),42.78184,86.37513,Sunny,0.05
25,3,Norris (McLaren),42.92599,129.30113,Sunny,0.05
25,4,Norris (McLaren),41.68193,170.98306,Sunny,0.05
25,5,Norris (McLaren),42.28535,213.26841,Sunny,0.05
26,1,Hamilton (Mercedes),43.29487,43.29487,Sunny,0.05
26,2,Hamilton (Mercedes),42.74239,86.03726,Sunny,0.05
26,3,Hamilton (Mercedes),42.41369,128.45095,Sunny,0.05
26,4,Hamilton (Mercedes),44.04969,172.50064,Sunny,0.05
26,5,Hamilton (Mercedes),43.44462,215.94525,Sunny,0.05
26,1,Verstappen (Red Bull),42.56991,42.56991,Sunny,0.05
26,2,Verstappen (Red Bull),43.02611,85.59602,Sunny,0.05
26,3,Verstappen (Red Bull),42.40442,128.00044,Sunny,0.05
26,4,Verstappen (Red Bull),43.27876,171.2792,Sunny,0.05
26,5,Verstappen (Red Bull),43.67792,214.95712,Sunny,0.05
26,1,Norris (McLaren),42.95908,42.95908,Sunny,0.05
26,2,Norris (McLaren),43.42873,86.38781,Sunny,0.05
26,3,Norris (McLaren),43.08432,129.47213,Sunny,0.05
26,4,Norris (McLaren),42.26887,171.741,Sunny,0.05
26,5,Norris (McLaren),44.41024,216.15124,Sunny,0.05
27,1,Hamilton (Mercedes),42.62101,42.62101,Sunny,0.05
27,2,Hamilton (Mercedes),42.76999,85.391,Sunny,0.05
27,3,Hamilton (Mercedes),43.6853,129.07631,Sunny,0.05
27,4,Hamilton (Mercedes),43.26292,172.33923,Sunny,0.05
27,5,Hamilton (Mercedes),42.91044,215.24966,Sunny,0.05
27,1,Verstappen (Red Bull),42.54868,42.54868,Sunny,0.05
27,2,Verstappen (Red Bull),42.94693,85.49561,Sunny,0.05
27,3,Verstappen (Red Bull),42.72276,128.21837,Sunny,0.05
27,4,Verstappen (Red Bull),42.36842,170.58679,Sunny,0.05
27,5,Verstappen (Red Bull),42.72657,213.31336,Sunny,0.05
27,1,Norris (McLaren),42.94861,42.94861,Sunny,0.05
27,2,Norris (McLaren),44.29939,87.24801,Sunny,0.05
27,3,Norris (McLaren),43.22382,130.47182,Sunny,0.05
27,4,Norris (McLaren),43.12651,173.59834,Sunny,0.05
27,5,Norris (McLaren),43.73907,217.3374,Sunny,0.05
28,1,Hamilton (Mercedes),41.90032,41.90032,Sunny,0.05
28,2,Hamilton (Mercedes),43.68379,85.58411,Sunny,0.05
28,3,Hamilton (Mercedes),43.49533,129.07944,Sunny,0.05
28,4,Hamilton (Mercedes),42.07908,171.15852,Sunny,0.05
28,5,Hamilton (Mercedes),43.56125,214.71977,Sunny,0.05
28,1,Verstappen (Red Bull),42.53315,42.53315,Sunny,0.05
28,2,Verstappen (Red Bull),43.10715,85.64031,Sunny,0.05
28,3,Verstappen (Red Bull),41.71534,127.35565,Sunny,0.05
28,4,Verstappen (Red Bull),42.30498,169.66063,Sunny,0.05
28,5,Verstappen (Red Bull),42.42416,212.08478,Sunny,0.05
28,1,Norris (McLaren),42.53754,42.53754,Sunny,0.05
28,2,Norris (McLaren),42.91421,85.45175,Sunny,0.05
28,3,Norris (McLaren),43.64617,129.09792,Sunny,0.05
28,4,Norris (McLaren),42.03357,171.13148,Sunny,0.05
28,5,Norris (McLaren),43.81707,214.94855,Sunny,0.05
29,1,Hamilton (Mercedes),43.16779,43.16779,Sunny,0.05
29,2,Hamilton (Mercedes),42.65347,85.82126,Sunny,0.05
29,3,Hamilton (Mercedes),42.79368,128.61494,Sunny,0.05
29,4,Hamilton (Mercedes),42.40623,171.02117,Sunny,0.05
29,5,Hamilton (Mercedes),41.4923,212.51347,Sunny,0.05
29,1,Verstappen (Red Bull),43.12147,43.12147,Sunny,0.05
29,2,Verstappen (Red Bull),42.92928,86.05075,Sunny,0.05
29,3,Verstappen (Red Bull),41.79184,127.84259,Sunny,0.05
29,4,Verstappen (Red Bull),41.73285,169.57544,Sunny,0.05
29,5,Verstappen (Red Bull),42.65186,212.22729,Sunny,0.05
29,1,Norris (McLaren),43.86378,43.86378,Sunny,0.05
29,2,Norris (McLaren),43.64512,87.5089,Sunny,0.05
29,3,Norris (McLaren),42.71313,130.22203,Sunny,0.05
29,4,Norris (McLaren),43.35384,173.57587,Sunny,0.05
29,5,Norris (McLaren),42.7664,216.34227,Sunny,0.05
30,1,Hamilton (Mercedes),43.55772,43.55772,Sunny,0.05
30,2,Hamilton (Mercedes),43.82691,87.38463,Sunny,0.05
30,3,Hamilton (Mercedes),42.8438,130.22843,Sunny,0.05
30,4,Hamilton (Mercedes),43.04259,173.27102,Sunny,0.05
30,5,Hamilton (Mercedes),42.38929,215.66032,Sunny,0.05
30,1,Verstappen (Red Bull),42.54542,42.54542,Sunny,0.05
30,2,Verstappen (Red Bull),42.7194,85.26482,Sunny,0.05
30,3,Verstappen (Red Bull),42.01479,127.27961,Sunny,0.05
30,4,Verstappen (Red Bull),42.27525,169.55486,Sunny,0.05
30,5,Verstappen (Red Bull),42.01943,211.5743,Sunny,0.05
30,1,Norris (McLaren),42.54999,42.54999,Sunny,0.05
30,2,Norris (McLaren),42.77639,85.32638,Sunny,0.05
30,3,Norris (McLaren),43.32085,128.64723,Sunny,0.05
30,4,Norris (McLaren),42.33024,170.97747,Sunny,0.05
30,5,Norris (McLaren),41.7192,212.69667,Sunny,0.05
31,1,Hamilton (Mercedes),43.27685,43.27685,Sunny,0.05
31,2,Hamilton (Mercedes),42.89772,86.17457,Sunny,0.05
31,3,Hamilton (Mercedes),42.371,128.54557,Sunny,0.05
31,4,Hamilton (Mercedes),43.07973,171.6253,Sunny,0.05
31,5,Hamilton (Mercedes),41.99241,213.61771,Sunny,0.05
31,1,Verstappen (Red Bull),42.97902,42.97902,Sunny,0.05
31,2,Verstappen (Red Bull),42.97243,85.95145,Sunny,0.05
31,3,Verstappen (Red Bull),42.51255,128.464,Sunny,0.05
31,4,Verstappen (Red Bull),41.73674,170.20074,Sunny,0.05
31,5,Verstappen (Red Bull),42.17393,212.37467,Sunny,0.05
31,1,Norris (McLaren),43.72159,43.72159,Sunny,0.05
31,2,Norris (McLaren),43.43562,87.15721,Sunny,0.05
31,3,Norris (McLaren),43.13387,130.29108,Sunny,0.05
31,4,Norris (McLaren),43.70547,173.99655,Sunny,0.05
31,5,Norris (McLaren),43.12581,217.12236,Sunny,0.05
32,1,Hamilton (Mercedes),43.28764,43.28764,Sunny,0.05
32,2,Hamilton (Mercedes),42.91325,86.20089,Sunny,0.05
32,3,Hamilton (Mercedes),42.60752,128.80842,Sunny,0.05
32,4,Hamilton (Mercedes),43.33935,172.14776,Sunny,0.05
32,5,Hamilton (Mercedes),42.92715,215.07491,Sunny,0.05
32,1,Verstappen (Red Bull),42.35377,42.35377,Sunny,0.05
32,2,Verstappen (Red Bull),42.26244,84.6162,Sunny,0.05
32,3,Verstappen (Red Bull),43.08769,127.70389,Sunny,0.05
32,4,Verstappen (Red Bull),43.49481,171.1987,Sunny,0.05
32,5,Verstappen (Red Bull),42.93846,214.13716,Sunny,0.05
32,1,Norris (McLaren),42.93537,42.93537,Sunny,0.05
32,2,Norris (McLaren),43.18527,86.12064,Sunny,0.05
32,3,Norris (McLaren),44.19821,130.31886,Sunny,0.05
32,4,Norris (McLaren),42.99197,173.31082,Sunny,0.05
32,5,Norris (McLaren),43.22953,216.54035,Sunny,0.05
33,1,Hamilton (Mercedes),43.12435,43.12435,Sunny,0.05
33,2,Hamilton (Mercedes),43.13002,86.25437,Sunny,0.05
33,3,Hamilton (Mercedes),43.28433,129.5387,Sunny,0.05
33,4,Hamilton (Mercedes),42.94243,172.48113,Sunny,0.05
33,5,Hamilton (Mercedes),43.57539,216.05652,Sunny,0.05
33,1,Verstappen (Red Bull),42.86253,42.86253,Sunny,0.05
33,2,Verstappen (Red Bull),42.5846,85.44714,Sunny,0.05
33,3,Verstappen (Red Bull),43.3618,128.80894,Sunny,0.05
33,4,Verstappen (Red Bull),41.60654,170.41548,Sunny,0.05
33,5,Verstappen (Red Bull),42.38443,212.79991,Sunny,0.05
33,1,Norris (McLaren),41.62378,41.62378,Sunny,0.05
33,2,Norris (McLaren),43.95385,85.57763,Sunny,0.05
33,3,Norris (McLaren),43.42525,129.00288,Sunny,0.05
33,4,Norris (McLaren),44.13686,173.13974,Sunny,0.05
33,5,Norris (McLaren),42.62646,215.7662,Sunny,0.05
34,1,Hamilton (Mercedes),42.32387,42.32387,Sunny,0.05
34,2,Hamilton (Mercedes),42.96726,85.29112,Sunny,0.05
34,3,Hamilton (Mercedes),43.74618,129.0373,Sunny,0.05
34,4,Hamilton (Mercedes),41.72171,170.75901,Sunny,0.05
34,5,Hamilton (Mercedes),43.40491,214.16392,Sunny,0.05
34,1,Verstappen (Red Bull),42.93764,42.93764,Sunny,0.05
34,2,Verstappen (Red Bull),41.99111,84.92875,Sunny,0.05
34,3,Verstappen (Red Bull),42.98751,127.91626,Sunny,0.05
34,4,Verstappen (Red Bull),42.32035,170.23662,Sunny,0.05
34,5,Verstappen (Red Bull),43.23567,213.47229,Sunny,0.05
34,1,Norris (McLaren),44.69882,44.69882,Sunny,0.05
34,2,Norris (McLaren),43.25248,87.9513,Sunny,0.05
34,3,Norris (McLaren),42.99392,130.94522,Sunny,0.05
34,4,Norris (McLaren),43.61051,174.55573,Sunny,0.05
34,5,Norris (McLaren),43.01866,217.5744,Sunny,0.05
35,1,Hamilton (Mercedes),42.97537,42.97537,Sunny,0.05
35,2,Hamilton (Mercedes),43.62851,86.60388,Sunny,0.05
35,3,Hamilton (Mercedes),42.81708,129.42096,Sunny,0.05
35,4,Hamilton (Mercedes),43.34793,172.76889,Sunny,0.05
35,5,Hamilton (Mercedes),42.62294,215.39183,Sunny,0.05
35,1,Verstappen (Red Bull),42.41538,42.41538,Sunny,0.05
35,2,Verstappen (Red Bull),41.77563,84.191,Sunny,0.05
35,3,Verstappen (Red Bull),42.86742,127.05842,Sunny,0.05
35,4,Verstappen (Red Bull),43.10607,170.16449,Sunny,0.05
35,5,Verstappen (Red Bull),41.78687,211.95137,Sunny,0.05
35,1,Norris (McLaren),43.7907,43.7907,Sunny,0.05
35,2,Norris (McLaren),43.94206,87.73275,Sunny,0.05
35,3,Norris (McLaren),43.49355,131.2263,Sunny,0.05
35,4,Norris (McLaren),43.03089,174.25719,Sunny,0.05
35,5,Norris (McLaren),43.60889,217.86608,Sunny,0.05
36,1,Hamilton (Mercedes),43.34329,43.34329,Sunny,0.05
36,2,Hamilton (Mercedes),42.94023,86.28351,Sunny,0.05
36,3,Hamilton (Mercedes),42.48747,128.77098,Sunny,0.05
36,4,Hamilton (Mercedes),42.52316,171.29414,Sunny,0.05
36,5,Hamilton (Mercedes),43.19568,214.48982,Sunny,0.05
36,1,Verstappen (Red Bull),40.72169,40.72169,Sunny,0.05
36,2,Verstappen (Red Bull),42.48023,83.20191,Sunny,0.05
36,3,Verstappen (Red Bull),43.23317,126.43508,Sunny,0.05
36,4,Verstappen (Red Bull),42.89599,169.33107,Sunny,0.05
36,5,Verstappen (Red Bull),43.72852,213.05959,Sunny,0.05
36,1,Norris (McLaren),44.58968,44.58968,Sunny,0.05
36,2,Norris (McLaren),43.33813,87.92781,Sunny,0.05
36,3,Norris (McLaren),43.63084,131.55865,Sunny,0.05
36,4,Norris (McLaren),42.77971,174.33836,Sunny,0.05
36,5,Norris (McLaren),44.04221,218.38057,Sunny,0.05
37,1,Hamilton (Mercedes),42.145,42.145,Sunny,0.05
37,2,Hamilton (Mercedes),42.84018,84.98518,Sunny,0.05
37,3,Hamilton (Mercedes),44.34968,129.33486,Sunny,0.05
37,4,Hamilton (Mercedes),42.3616,171.69646,Sunny,0.05
37,5,Hamilton (Mercedes),43.86219,215.55865,Sunny,0.05
37,1,Verstappen (Red Bull),42.32372,42.32372,Sunny,0.05
37,2,Verstappen (Red Bull),42.34762,84.67134,Sunny,0.05
37,3,Verstappen (Red Bull),43.06881,127.74015,Sunny,0.05
37,4,Verstappen (Red Bull),42.42917,170.16932,Sunny,0.05
37,5,Verstappen (Red Bull),41.77426,211.94357,Sunny,0.05
37,1,Norris (McLaren),42.82111,42.82111,Sunny,0.05
37,2,Norris (McLaren),43.93966,86.76077,Sunny,0.05
37,3,Norris (McLaren),43.53197,130.29274,Sunny,0.05
37,4,Norris (McLaren),42.93493,173.22766,Sunny,0.05
37,5,Norris (McLaren),43.66176,216.88942,Sunny,0.05
38,1,Hamilton (Mercedes),42.79037,42.79037,Sunny,0.05
38,2,Hamilton (Mercedes),43.33949,86.12986,Sunny,0.05
38,3,Hamilton (Mercedes),42.66232,128.79218,Sunny,0.05
38,4,Hamilton (Mercedes),41.96041,170.75259,Sunny,0.05
38,5,Hamilton (Mercedes),44.23172,214.98431,Sunny,0.05
38,1,Verstappen (Red Bull),42.15545,42.15545,Sunny,0.05
38,2,Verstappen (Red Bull),42.36425,84.51971,Sunny,0.05
38,3,Verstappen (Red Bull),42.79275,127.31246,Sunny,0.05
38,4,Verstappen (Red Bull),42.70363,170.01608,Sunny,0.05
38,5,Verstappen (Red Bull),43.195,213.21109,Sunny,0.05
38,1,Norris (McLaren),44.7617,44.7617,Sunny,0.05
38,2,Norris (McLaren),44.22392,88.98562,Sunny,0.05
38,3,Norris (McLaren),44.21131,133.19693,Sunny,0.05
38,4,Norris (McLaren),42.49113,175.68806,Sunny,0.05
38,5,Norris (McLaren),42.899,218.58705,Sunny,0.05
39,1,Hamilton (Mercedes),43.17752,43.17752,Sunny,0.05
39,2,Hamilton (Mercedes),43.03577,86.21329,Sunny,0.05
39,3,Hamilton (Mercedes),42.79072,129.00402,Sunny,0.05
39,4,Hamilton (Mercedes),43.79704,172.80106,Sunny,0.05
39,5,Hamilton (Mercedes),42.08516,214.88622,Sunny,0.05
39,1,Verstappen (Red Bull),43.15226,43.15226,Sunny,0.05
39,2,Verstappen (Red Bull),42.81194,85.9642,Sunny,0.05
39,3,Verstappen (Red Bull),42.41817,128.38237,Sunny,0.05
39,4,Verstappen (Red Bull),43.48533,171.8677,Sunny,0.05
39,5,Verstappen (Red Bull),42.42346,214.29116,Sunny,0.05
39,1,Norris (McLaren),43.96156,43.96156,Sunny,0.05
39,2,Norris (McLaren),43.51125,87.4728,Sunny,0.05
39,3,Norris (McLaren),43.36239,130.8352,Sunny,0.05
39,4,Norris (McLaren),43.45502,174.29022,Sunny,0.05
39,5,Norris (McLaren),43.37465,217.66487,Sunny,0.05
40,1,Hamilton (Mercedes),42.87147,42.87147,Sunny,0.05
40,2,Hamilton (Mercedes),42.95606,85.82753,Sunny,0.05
40,3,Hamilton (Mercedes),43.45861,129.28614,Sunny,0.05
40,4,Hamilton (Mercedes),43.58603,172.87217,Sunny,0.05
40,5,Hamilton (Mercedes),42.57188,215.44405,Sunny,0.05
40,1,Verstappen (Red Bull),41.9629,41.9629,Sunny,0.05
40,2,Verstappen (Red Bull),43.66763,85.63053,Sunny,0.05
40,3,Verstappen (Red Bull),43.66323,129.29376,Sunny,0.05
40,4,Verstappen (Red Bull),43.2874,172.58116,Sunny,0.05
40,5,Verstappen (Red Bull),42.1809,214.76206,Sunny,0.05
40,1,Norris (McLaren),42.98535,42.98535,Sunny,0.05
40,2,Norris (McLaren),42.49206,85.47741,Sunny,0.05
40,3,Norris (McLaren),42.80603,128.28343,Sunny,0.05
40,4,Norris (McLaren),42.45189,170.73532,Sunny,0.05
40,5,Norris (McLaren),42.38423,213.11955,Sunny,0.05
41,1,Hamilton (Mercedes),42.34025,42.34025,Sunny,0.05
41,2,Hamilton (Mercedes),43.38313,85.72338,Sunny,0.05
41,3,Hamilton (Mercedes),44.14129,129.86467,Sunny,0.05
41,4,Hamilton (Mercedes),43.20036,173.06503,Sunny,0.05
41,5,Hamilton (Mercedes),43.04692,216.11195,Sunny,0.05
41,1,Verstappen (Red Bull),42.29925,42.29925,Sunny,0.05
41,2,Verstappen (Red Bull),42.69281,84.99207,Sunny,0.05
41,3,Verstappen (Red Bull),42.70494,127.69701,Sunny,0.05
41,4,Verstappen (Red Bull),42.17172,169.86873,Sunny,0.05
41,5,Verstappen (Red Bull),41.96282,211.83155,Sunny,0.05
41,1,Norris (McLaren),43.19593,43.19593,Sunny,0.05
41,2,Norris (McLaren),44.28668,87.4826,Sunny,0.05
41,3,Norris (McLaren),44.80742,132.29002,Sunny,0.05
41,4,Norris (McLaren),42.49774,174.78776,Sunny,0.05
41,5,Norris (McLaren),43.22938,218.01714,Sunny,0.05
42,1,Hamilton (Mercedes),43.40804,43.40804,Sunny,0.05
42,2,Hamilton (Mercedes),43.45566,86.8637,Sunny,0.05
42,3,Hamilton (Mercedes),42.44532,129.30902,Sunny,0.05
42,4,Hamilton (Mercedes),43.39685,172.70587,Sunny,0.05
42,5,Hamilton (Mercedes),42.36918,215.07506,Sunny,0.05
42,1,Verstappen (Red Bull),42.77548,42.77548,Sunny,0.05
42,2,Verstappen (Red Bull),42.7436,85.51908,Sunny,0.05
42,3,Verstappen (Red Bull),41.84897,127.36805,Sunny,0.05
42,4,Verstappen (Red Bull),43.1486,170.51665,Sunny,0.05
42,5,Verstappen (Red Bull),42.17241,212.68905,Sunny,0.05
42,1,Norris (McLaren),43.21519,43.21519,Sunny,0.05
42,2,Norris (McLaren),43.78841,87.0036,Sunny,0.05
42,3,Norris (McLaren),43.94608,130.94968,Sunny,0.05
42,4,Norris (McLaren),42.69682,173.64649,Sunny,0.05
42,5,Norris (McLaren),43.33185,216.97835,Sunny,0.05
43,1,Hamilton (Mercedes),42.90072,42.90072,Sunny,0.05
43,2,Hamilton (Mercedes),42.04452,84.94524,Sunny,0.05
43,3,Hamilton (Mercedes),43.05847,128.00371,Sunny,0.05
43,4,Hamilton (Mercedes),42.84219,170.8459,Sunny,0.05
43,5,Hamilton (Mercedes),42.8064,213.65231,Sunny,0.05
43,1,Verstappen (Red Bull),42.7721,42.7721,Sunny,0.05
43,2,Verstappen (Red Bull),42.16326,84.93536,Sunny,0.05
43,3,Verstappen (Red Bull),42.61318,127.54854,Sunny,0.05
43,4,Verstappen (Red Bull),41.89165,169.44019,Sunny,0.05
43,5,Verstappen (Red Bull),41.98694,211.42713,Sunny,0.05
43,1,Norris (McLaren),44.01783,44.01783,Sunny,0.05
43,2,Norris (McLaren),42.96829,86.98612,Sunny,0.05
43,3,Norris (McLaren),42.94605,129.93217,Sunny,0.05
43,4,Norris (McLaren),43.2047,173.13688,Sunny,0.05
43,5,Norris (McLaren),42.8472,215.98407,Sunny,0.05
44,1,Hamilton (Mercedes),41.95447,41.95447,Sunny,0.05
44,2,Hamilton (Mercedes),42.09487,84.04933,Sunny,0.05
44,3,Hamilton (Mercedes),42.3398,126.38913,Sunny,0.05
44,4,Hamilton (Mercedes),42.37732,168.76645,Sunny,0.05
44,5,Hamilton (Mercedes),42.916,211.68246,Sunny,0.05
44,1,Verstappen (Red Bull),42.69646,42.69646,Sunny,0.05
44,2,Verstappen (Red Bull),42.1576,84.85406,Sunny,0.05
44,3,Verstappen (Red Bull),41.72595,126.58001,Sunny,0.05
44,4,Verstappen (Red Bull),42.0176,168.59761,Sunny,0.05
44,5,Verstappen (Red Bull),42.41377,211.01138,Sunny,0.05
44,1,Norris (McLaren),43.22309,43.22309,Sunny,0.05
44,2,Norris (McLaren),43.87716,87.10026,Sunny,0.05
44,3,Norris (McLaren),43.72318,130.82344,Sunny,0.05
44,4,Norris (McLaren),44.71418,175.53762,Sunny,0.05
44,5,Norris (McLaren),43.99312,219.53074,Sunny,0.05
45,1,Hamilton (Mercedes),42.7358,42.7358,Sunny,0.05
45,2,Hamilton (Mercedes),42.4381,85.1739,Sunny,0.05
45,3,Hamilton (Mercedes),42.93852,128.11242,Sunny,0.05
45,4,Hamilton (Mercedes),42.97183,171.08426,Sunny,0.05
45,5,Hamilton (Mercedes),43.37598,214.46024,Sunny,0.05
45,1,Verstappen (Red Bull),42.07527,42.07527,Sunny,0.05
45,2,Verstappen (Red Bull),42.22828,84.30355,Sunny,0.05
45,3,Verstappen (Red Bull),42.24688,126.55043,Sunny,0.05
45,4,Verstappen (Red Bull),42.85352,169.40395,Sunny,0.05
45,5,Verstappen (Red Bull),42.85553,212.25948,Sunny,0.05
45,1,Norris (McLaren),44.27382,44.27382,Sunny,0.05
45,2,Norris (McLaren),42.27741,86.55123,Sunny,0.05
45,3,Norris (McLaren),42.02627,128.5775,Sunny,0.05
45,4,Norris (McLaren),42.71798,171.29548,Sunny,0.05
45,5,Norris (McLaren),43.62263,214.91811,Sunny,0.05
46,1,Hamilton (Mercedes),43.65268,43.65268,Sunny,0.05
46,2,Hamilton (Mercedes),43.33352,86.98621,Sunny,0.05
46,3,Hamilton (Mercedes),42.99526,129.98147,Sunny,0.05
46,4,Hamilton (Mercedes),43.07501,173.05648,Sunny,0.05
46,5,Hamilton (Mercedes),43.02148,216.07796,Sunny,0.05
46,1,Verstappen (Red Bull),42.22193,42.22193,Sunny,0.05
46,2,Verstappen (Red Bull),43.55792,85.77985,Sunny,0.05
46,3,Verstappen (Red Bull),43.33964,129.1195,Sunny,0.05
46,4,Verstappen (Red Bull),42.82328,171.94278,Sunny,0.05
46,5,Verstappen (Red Bull),42.73854,214.68132,Sunny,0.05
46,1,Norris (McLaren),43.86024,43.86024,Sunny,0.05
46,2,Norris (McLaren),42.6526,86.51284,Sunny,0.05
46,3,Norris (McLaren),44.18549,130.69833,Sunny,0.05
46,4,Norris (McLaren),42.72898,173.42731,Sunny,0.05
46,5,Norris (McLaren),43.12909,216.55639,Sunny,0.05
47,1,Hamilton (Mercedes),44.0882,44.0882,Sunny,0.05
47,2,Hamilton (Mercedes),42.76197,86.85017,Sunny,0.05
47,3,Hamilton (Mercedes),43.43099,130.28115,Sunny,0.05
47,4,Hamilton (Mercedes),43.29884,173.57999,Sunny,0.05
47,5,Hamilton (Mercedes),43.47442,217.05442,Sunny,0.05
47,1,Verstappen (Red Bull),42.21391,42.21391,Sunny,0.05
47,2,Verstappen (Red Bull),41.96776,84.18167,Sunny,0.05
47,3,Verstappen (Red Bull),41.55577,125.73744,Sunny,0.05
47,4,Verstappen (Red Bull),41.98578,167.72321,Sunny,0.05
47,5,Verstappen (Red Bull),42.93948,210.66269,Sunny,0.05
47,1,Norris (McLaren),42.83756,42.83756,Sunny,0.05
47,2,Norris (McLaren),42.43308,85.27065,Sunny,0.05
47,3,Norris (McLaren),42.65038,127.92103,Sunny,0.05
47,4,Norris (McLaren),42.61416,170.53519,Sunny,0.05
47,5,Norris (McLaren),42.36656,212.90176,Sunny,0.05
48,1,Hamilton (Mercedes),41.42583,41.42583,Sunny,0.05
48,2,Hamilton (Mercedes),43.6388,85.06463,Sunny,0.05
48,3,Hamilton (Mercedes),43.32853,128.39316,Sunny,0.05
48,4,Hamilton (Mercedes),42.87033,171.26349,Sunny,0.05
48,5,Hamilton (Mercedes),44.15341,215.4169,Sunny,0.05
48,1,Verstappen (Red Bull),43.26103,43.26103,Sunny,0.05
48,2,Verstappen (Red Bull),41.76521,85.02624,Sunny,0.05
48,3,Verstappen (Red Bull),42.63625,127.66249,Sunny,0.05
48,4,Verstappen (Red Bull),42.98134,170.64382,Sunny,0.05
48,5,Verstappen (Red Bull),42.98835,213.63217,Sunny,0.05
48,1,Norris (McLaren),44.04402,44.04402,Sunny,0.05
48,2,Norris (McLaren),43.49188,87.5359,Sunny,0.05
48,3,Norris (McLaren),43.95466,131.49056,Sunny,0.05
48,4,Norris (McLaren),43.46924,174.95981,Sunny,0.05
48,5,Norris (McLaren),42.40688,217.36669,Sunny,0.05
49,1,Hamilton (Mercedes),42.80851,42.80851,Sunny,0.05
49,2,Hamilton (Mercedes),42.77123,85.57974,Sunny,0.05
49,3,Hamilton (Mercedes),42.47898,128.05872,Sunny,0.05
49,4,Hamilton (Mercedes),42.97484,171.03356,Sunny,0.05
49,5,Hamilton (Mercedes),42.79151,213.82507,Sunny,0.05
49,1,Verstappen (Red Bull),43.27356,43.27356,Sunny,0.05
49,2,Verstappen (Red Bull),40.93727,84.21083,Sunny,0.05
49,3,Verstappen (Red Bull),42.03651,126.24734,Sunny,0.05
49,4,Verstappen (Red Bull),42.00314,168.25049,Sunny,0.05
49,5,Verstappen (Red Bull),42.55674,210.80723,Sunny,0.05
49,1,Norris (McLaren),43.16741,43.16741,Sunny,0.05
49,2,Norris (McLaren),43.45216,86.61957,Sunny,0.05
49,3,Norris (McLaren),43.5288,130.14837,Sunny,0.05
49,4,Norris (McLaren),42.26846,172.41683,Sunny,0.05
49,5,Norris (McLaren),42.82553,215.24236,Sunny,0.05
50,1,Hamilton (Mercedes),43.28971,43.28971,Sunny,0.05
50,2,Hamilton (Mercedes),43.66261,86.95232,Sunny,0.05
50,3,Hamilton (Mercedes),42.80314,129.75546,Sunny,0.05
50,4,Hamilton (Mercedes),41.90664,171.66209,Sunny,0.05
50,5,Hamilton (Mercedes),43.94305,215.60514,Sunny,0.05
50,1,Verstappen (Red Bull),42.3269,42.3269,Sunny,0.05
50,2,Verstappen (Red Bull),41.68373,84.01063,Sunny,0.05
50,3,Verstappen (Red Bull),42.03043,126.04106,Sunny,0.05
50,4,Verstappen (Red Bull),42.90191,168.94297,Sunny,0.05
50,5,Verstappen (Red Bull),42.86319,211.80617,Sunny,0.05
50,1,Norris (McLaren),43.04461,43.04461,Sunny,0.05
50,2,Norris (McLaren),43.34661,86.39122,Sunny,0.05
50,3,Norris (McLaren),44.1584,130.54962,Sunny,0.05
50,4,Norris (McLaren),42.32024,172.86986,Sunny,0.05
50,5,Norris (McLaren),44.23503,217.10489,Sunny,0.05
51,1,Hamilton (Mercedes),42.71243,42.71243,Sunny,0.05
51,2,Hamilton (Mercedes),42.91451,85.62694,Sunny,0.05
51,3,Hamilton (Mercedes),43.41732,129.04426,Sunny,0.05
51,4,Hamilton (Mercedes),42.43724,171.4815,Sunny,0.05
51,5,Hamilton (Mercedes),43.38757,214.86907,Sunny,0.05
51,1,Verstappen (Red Bull),42.68724,42.68724,Sunny,0.05
51,2,Verstappen (Red Bull),42.52217,85.20941,Sunny,0.05
51,3,Verstappen (Red Bull),42.55434,127.76375,Sunny,0.05
51,4,Verstappen (Red Bull),42.6342,170.39794,Sunny,0.05
51,5,Verstappen (Red Bull),41.76141,212.15936,Sunny,0.05
51,1,Norris (McLaren),42.5551,42.5551,Sunny,0.05
51,2,Norris (McLaren),42.5507,85.1058,Sunny,0.05
51,3,Norris (McLaren),43.5001,128.60591,Sunny,0.05
51,4,Norris (McLaren),43.58917,172.19507,Sunny,0.05
51,5,Norris (McLaren),43.95372,216.1488,Sunny,0.05
52,1,Hamilton (Mercedes),42.80269,42.80269,Sunny,0.05
52,2,Hamilton (Mercedes),43.28126,86.08396,Sunny,0.05
52,3,Hamilton (Mercedes),43.70738,129.79133,Sunny,0.05
52,4,Hamilton (Mercedes),43.39443,173.18577,Sunny,0.05
52,5,Hamilton (Mercedes),43.09236,216.27813,Sunny,0.05
52,1,Verstappen (Red Bull),42.2868,42.2868,Sunny,0.05
52,2,Verstappen (Red Bull),42.16069,84.44749,Sunny,0.05
52,3,Verstappen (Red Bull),41.67993,126.12742,Sunny,0.05
52,4,Verstappen (Red Bull),42.86663,168.99405,Sunny,0.05
52,5,Verstappen (Red Bull),43.63634,212.63039,Sunny,0.05
52,1,Norris (McLaren),42.74985,42.74985,Sunny,0.05
52,2,Norris (McLaren),44.08547,86.83532,Sunny,0.05
52,3,Norris (McLaren),42.88995,129.72527,Sunny,0.05
52,4,Norris (McLaren),42.54398,172.26925,Sunny,0.05
52,5,Norris (McLaren),43.49608,215.76534,Sunny,0.05
53,1,Hamilton (Mercedes),44.32552,44.32552,Sunny,0.05
53,2,Hamilton (Mercedes),43.00044,87.32595,Sunny,0.05
53,3,Hamilton (Mercedes),42.92574,130.25169,Sunny,0.05
53,4,Hamilton (Mercedes),43.16825,173.41994,Sunny,0.05
53,5,Hamilton (Mercedes),43.48451,216.90445,Sunny,0.05
53,1,Verstappen (Red Bull),43.25446,43.25446,Sunny,0.05
53,2,Verstappen (Red Bull),42.66678,85.92124,Sunny,0.05
53,3,Verstappen (Red Bull),42.94525,128.86649,Sunny,0.05
53,4,Verstappen (Red Bull),42.71281,171.5793,Sunny,0.05
53,5,Verstappen (Red Bull),41.22846,212.80776,Sunny,0.05
53,1,Norris (McLaren),43.28465,43.28465,Sunny,0.05
53,2,Norris (McLaren),44.76102,88.04566,Sunny,0.05
53,3,Norris (McLaren),43.56079,131.60645,Sunny,0.05
53,4,Norris (McLaren),43.00681,174.61327,Sunny,0.05
53,5,Norris (McLaren),43.47582,218.08909,Sunny,0.05
54,1,Hamilton (Mercedes),42.45324,42.45324,Sunny,0.05
54,2,Hamilton (Mercedes),42.90962,85.36286,Sunny,0.05
54,3,Hamilton (Mercedes),42.8969,128.25976,Sunny,0.05
54,4,Hamilton (Mercedes),43.05133,171.31109,Sunny,0.05
54,5,Hamilton (Mercedes),43.19479,214.50588,Sunny,0.05
54,1,Verstappen (Red Bull),42.90163,42.90163,Sunny,0.05
54,2,Verstappen (Red Bull),42.85234,85.75397,Sunny,0.05
54,3,Verstappen (Red Bull),42.56815,128.32212,Sunny,0.05
54,4,Verstappen (Red Bull),42.3907,170.71282,Sunny,0.05
54,5,Verstappen (Red Bull),42.25471,212.96753,Sunny,0.05
54,1,Norris (McLaren),43.34541,43.34541,Sunny,0.05
54,2,Norris (McLaren),45.76356,89.10897,Sunny,0.05
54,3,Norris (McLaren),43.20452,132.31349,Sunny,0.05
54,4,Norris (McLaren),43.68758,176.00107,Sunny,0.05
54,5,Norris (McLaren),43.85085,219.85192,Sunny,0.05
55,1,Hamilton (Mercedes),42.79223,42.79223,Sunny,0.05
55,2,Hamilton (Mercedes),42.41623,85.20846,Sunny,0.05
55,3,Hamilton (Mercedes),42.85565,128.06411,Sunny,0.05
55,4,Hamilton (Mercedes),43.1248,171.18891,Sunny,0.05
55,5,Hamilton (Mercedes),43.14624,214.33515,Sunny,0.05
55,1,Verstappen (Red Bull),42.62601,42.62601,Sunny,0.05
55,2,Verstappen (Red Bull),42.24408,84.87009,Sunny,0.05
55,3,Verstappen (Red Bull),41.93558,126.80567,Sunny,0.05
55,4,Verstappen (Red Bull),42.4128,169.21847,Sunny,0.05
55,5,Verstappen (Red Bull),43.17982,212.39829,Sunny,0.05
55,1,Norris (McLaren),43.82998,43.82998,Sunny,0.05
55,2,Norris (McLaren),43.64295,87.47293,Sunny,0.05
55,3,Norris (McLaren),42.83128,130.30421,Sunny,0.05
55,4,Norris (McLaren),42.68368,172.98788,Sunny,0.05
55,5,Norris (McLaren),43.01168,215.99956,Sunny,0.05
56,1,Hamilton (Mercedes),43.12461,43.12461,Sunny,0.05
56,2,Hamilton (Mercedes),43.41387,86.53849,Sunny,0.05
56,3,Hamilton (Mercedes),43.14843,129.68692,Sunny,0.05
56,4,Hamilton (Mercedes),44.33632,174.02324,Sunny,0.05
56,5,Hamilton (Mercedes),43.83442,217.85766,Sunny,0.05
56,1,Verstappen (Red Bull),43.09335,43.09335,Sunny,0.05
56,2,Verstappen (Red Bull),42.05526,85.14861,Sunny,0.05
56,3,Verstappen (Red Bull),42.97636,128.12497,Sunny,0.05
56,4,Verstappen (Red Bull),42.71763,170.8426,Sunny,0.05
56,5,Verstappen (Red Bull),41.96104,212.80364,Sunny,0.05
56,1,Norris (McLaren),44.04611,44.04611,Sunny,0.05
56,2,Norris (McLaren),43.54168,87.58779,Sunny,0.05
56,3,Norris (McLaren),42.84883,130.43662,Sunny,0.05
56,4,Norris (McLaren),43.66342,174.10004,Sunny,0.05
56,5,Norris (McLaren),42.5858,216.68583,Sunny,0.05
57,1,Hamilton (Mercedes),42.77046,42.77046,Sunny,0.05
57,2,Hamilton (Mercedes),43.53571,86.30617,Sunny,0.05
57,3,Hamilton (Mercedes),43.79917,130.10535,Sunny,0.05
57,4,Hamilton (Mercedes),44.34845,174.45379,Sunny,0.05
57,5,Hamilton (Mercedes),43.02678,217.48057,Sunny,0.05
57,1,Verstappen (Red Bull),42.68378,42.68378,Sunny,0.05
57,2,Verstappen (Red Bull),42.60849,85.29227,Sunny,0.05
57,3,Verstappen (Red Bull),42.17037,127.46264,Sunny,0.05
57,4,Verstappen (Red Bull),43.48458,170.94722,Sunny,0.05
57,5,Verstappen (Red Bull),42.5625,213.50973,Sunny,0.05
57,1,Norris (McLaren),44.25367,44.25367,Sunny,0.05
57,2,Norris (McLaren),43.17317,87.42684,Sunny,0.05
57,3,Norris (McLaren),42.89513,130.32197,Sunny,0.05
57,4,Norris (McLaren),44.3926,174.71457,Sunny,0.05
57,5,Norris (McLaren),41.86681,216.58138,Sunny,0.05
58,1,Hamilton (Mercedes),42.50249,42.50249,Sunny,0.05
58,2,Hamilton (Mercedes),43.23126,85.73376,Sunny,0.05
58,3,Hamilton (Mercedes),43.41325,129.14701,Sunny,0.05
58,4,Hamilton (Mercedes),42.92984,172.07685,Sunny,0.05
58,5,Hamilton (Mercedes),43.09854,215.17539,Sunny,0.05
58,1,Verstappen (Red Bull),41.87686,41.87686,Sunny,0.05
58,2,Verstappen (Red Bull),42.83247,84.70933,Sunny,0.05
58,3,Verstappen (Red Bull),42.25115,126.96047,Sunny,0.05
58,4,Verstappen (Red Bull),42.87127,169.83174,Sunny,0.05
58,5,Verstappen (Red Bull),41.90952,211.74126,Sunny,0.05
58,1,Norris (McLaren),43.3798,43.3798,Sunny,0.05
58,2,Norris (McLaren),43.27025,86.65005,Sunny,0.05
58,3,Norris (McLaren),42.61314,129.26319,Sunny,0.05
58,4,Norris (McLaren),43.68255,172.94574,Sunny,0.05
58,5,Norris (McLaren),43.60254,216.54828,Sunny,0.05
59,1,Hamilton (Mercedes),43.52418,43.52418,Sunny,0.05
59,2,Hamilton (Mercedes),43.54058,87.06476,Sunny,0.05
59,3,Hamilton (Mercedes),43.02947,130.09423,Sunny,0.05
59,4,Hamilton (Mercedes),43.0564,173.15063,Sunny,0.05
59,5,Hamilton (Mercedes),43.5799,216.73053,Sunny,0.05
59,1,Verstappen (Red Bull),42.99906,42.99906,Sunny,0.05
59,2,Verstappen (Red Bull),41.77477,84.77382,Sunny,0.05
59,3,Verstappen (Red Bull),42.85796,127.63178,Sunny,0.05
59,4,Verstappen (Red Bull),43.15177,170.78355,Sunny,0.05
59,5,Verstappen (Red Bull),43.19537,213.97892,Sunny,0.05
59,1,Norris (McLaren),42.83168,42.83168,Sunny,0.05
59,2,Norris (McLaren),43.58016,86.41184,Sunny,0.05
59,3,Norris (McLaren),43.07641,129.48825,Sunny,0.05
59,4,Norris (McLaren),43.34608,172.83433,Sunny,0.05
59,5,Norris (McLaren),44.2583,217.09263,Sunny,0.05
60,1,Hamilton (Mercedes),43.02683,43.02683,Sunny,0.05
60,2,Hamilton (Mercedes),43.24754,86.27437,Sunny,0.05
60,3,Hamilton (Mercedes),42.36029,128.63466,Sunny,0.05
60,4,Hamilton (Mercedes),42.76733,171.40199,Sunny,0.05
60,5,Hamilton (Mercedes),42.89513,214.29713,Sunny,0.05
60,1,Verstappen (Red Bull),42.05359,42.05359,Sunny,0.05
60,2,Verstappen (Red Bull),42.47699,84.53058,Sunny,0.05
60,3,Verstappen (Red Bull),41.42625,125.95683,Sunny,0.05
60,4,Verstappen (Red Bull),43.36724,169.32407,Sunny,0.05
60,5,Verstappen (Red Bull),42.21041,211.53448,Sunny,0.05
60,1,Norris (McLaren),43.0723,43.0723,Sunny,0.05
60,2,Norris (McLaren),43.41099,86.48328,Sunny,0.05
60,3,Norris (McLaren),43.90606,130.38934,Sunny,0.05
60,4,Norris (McLaren),44.02248,174.41182,Sunny,0.05
60,5,Norris (McLaren),42.40863,216.82045,Sunny,0.05
61,1,Hamilton (Mercedes),42.00768,42.00768,Sunny,0.05
61,2,Hamilton (Mercedes),42.98643,84.99411,Sunny,0.05
61,3,Hamilton (Mercedes),42.71503,127.70914,Sunny,0.05
61,4,Hamilton (Mercedes),42.65692,170.36606,Sunny,0.05
61,5,Hamilton (Mercedes),43.15252,213.51858,Sunny,0.05
61,1,Verstappen (Red Bull),42.25274,42.25274,Sunny,0.05
61,2,Verstappen (Red Bull),42.94937,85.2021,Sunny,0.05
61,3,Verstappen (Red Bull),43.27552,128.47762,Sunny,0.05
61,4,Verstappen (Red Bull),43.00109,171.47871,Sunny,0.05
61,5,Verstappen (Red Bull),42.24672,213.72543,Sunny,0.05
61,1,Norris (McLaren),42.94316,42.94316,Sunny,0.05
61,2,Norris (McLaren),44.07968,87.02284,Sunny,0.05
61,3,Norris (McLaren),43.07418,130.09702,Sunny,0.05
61,4,Norris (McLaren),43.71299,173.81,Sunny,0.05
61,5,Norris (McLaren),42.19613,216.00614,Sunny,0.05
62,1,Hamilton (Mercedes),43.60352,43.60352,Sunny,0.05
62,2,Hamilton (Mercedes),42.97713,86.58065,Sunny,0.05
62,3,Hamilton (Mercedes),43.27117,129.85182,Sunny,0.05
62,4,Hamilton (Mercedes),43.72308,173.5749,Sunny,0.05
62,5,Hamilton (Mercedes),43.52569,217.10059,Sunny,0.05
62,1,Verstappen (Red Bull),42.15497,42.15497,Sunny,0.05
62,2,Verstappen (Red Bull),42.82945,84.98441,Sunny,0.05
62,3,Verstappen (Red Bull),43.09775,128.08216,Sunny,0.05
62,4,Verstappen (Red Bull),42.50722,170.58938,Sunny,0.05
62,5,Verstappen (Red Bull),43.1307,213.72009,Sunny,0.05
62,1,Norris (McLaren),42.64035,42.64035,Sunny,0.05
62,2,Norris (McLaren),42.90924,85.54959,Sunny,0.05
62,3,Norris (McLaren),43.94394,129.49353,Sunny,0.05
62,4,Norris (McLaren),44.54709,174.04063,Sunny,0.05
62,5,Norris (McLaren),42.26329,216.30392,Sunny,0.05
63,1,Hamilton (Mercedes),43.41344,43.41344,Sunny,0.05
63,2,Hamilton (Mercedes),41.87566,85.2891,Sunny,0.05
63,3,Hamilton (Mercedes),43.64046,128.92955,Sunny,0.05
63,4,Hamilton (Mercedes),43.24148,172.17103,Sunny,0.05
63,5,Hamilton (Mercedes),43.58363,215.75466,Sunny,0.05
63,1,Verstappen (Red Bull),43.07727,43.07727,Sunny,0.05
63,2,Verstappen (Red Bull),43.25312,86.33039,Sunny,0.05
63,3,Verstappen (Red Bull),42.35589,128.68628,Sunny,0.05
63,4,Verstappen (Red Bull),42.14793,170.8342,Sunny,0.05
63,5,Verstappen (Red Bull),43.63503,214.46923,Sunny,0.05
63,1,Norris (McLaren),43.22671,43.22671,Sunny,0.05
63,2,Norris (McLaren),42.1529,85.37961,Sunny,0.05
63,3,Norris (McLaren),42.53091,127.91052,Sunny,0.05
63,4,Norris (McLaren),42.52805,170.43857,Sunny,0.05
63,5,Norris (McLaren),43.75946,214.19803,Sunny,0.05
64,1,Hamilton (Mercedes),42.9518,42.9518,Sunny,0.05
64,2,Hamilton (Mercedes),42.81379,85.7656,Sunny,0.05
64,3,Hamilton (Mercedes),43.35466,129.12025,Sunny,0.05
64,4,Hamilton (Mercedes),42.1359,171.25615,Sunny,0.05
64,5,Hamilton (Mercedes),43.69554,214.95169,Sunny,0.05
64,1,Verstappen (Red Bull),42.96321,42.96321,Sunny,0.05
64,2,Verstappen (Red Bull),43.50345,86.46665,Sunny,0.05
64,3,Verstappen (Red Bull),41.8483,128.31496,Sunny,0.05
64,4,Verstappen (Red Bull),42.80595,171.1209,Sunny,0.05
64,5,Verstappen (Red Bull),42.70477,213.82567,Sunny,0.05
64,1,Norris (McLaren),43.17772,43.17772,Sunny,0.05
64,2,Norris (McLaren),43.0135,86.19121,Sunny,0.05
64,3,Norris (McLaren),43.47366,129.66487,Sunny,0.05
64,4,Norris (McLaren),43.64473,173.30961,Sunny,0.05
64,5,Norris (McLaren),43.27971,216.58932,Sunny,0.05
65,1,Hamilton (Mercedes),43.21736,43.21736,Sunny,0.05
65,2,Hamilton (Mercedes),42.13781,85.35518,Sunny,0.05
65,3,Hamilton (Mercedes),43.3424,128.69758,Sunny,0.05
65,4,Hamilton (Mercedes),42.98633,171.68391,Sunny,0.05
65,5,Hamilton (Mercedes),43.52876,215.21267,Sunny,0.05
65,1,Verstappen (Red Bull),43.10262,43.10262,Sunny,0.05
65,2,Verstappen (Red Bull),41.38077,84.48338,Sunny,0.05
65,3,Verstappen (Red Bull),42.08699,126.57038,Sunny,0.05
65,4,Verstappen (Red Bull),42.54432,169.11469,Sunny,0.05
65,5,Verstappen (Red Bull),42.12238,211.23707,Sunny,0.05
65,1,Norris (McLaren),41.97919,41.97919,Sunny,0.05
65,2,Norris (McLaren),43.27939,85.25857,Sunny,0.05
65,3,Norris (McLaren),43.09827,128.35685,Sunny,0.05
65,4,Norris (McLaren),42.88257,171.23942,Sunny,0.05
65,5,Norris (McLaren),42.90189,214.14131,Sunny,0.05
66,1,Hamilton (Mercedes),43.0902,43.0902,Sunny,0.05
66,2,Hamilton (Mercedes),42.94208,86.03228,Sunny,0.05
66,3,Hamilton (Mercedes),43.50241,129.5347,Sunny,0.05
66,4,Hamilton (Mercedes),43.42746,172.96216,Sunny,0.05
66,5,Hamilton (Mercedes),43.39349,216.35565,Sunny,0.05
66,1,Verstappen (Red Bull),43.10271,43.10271,Sunny,0.05
66,2,Verstappen (Red Bull),42.65272,85.75543,Sunny,0.05
66,3,Verstappen (Red Bull),42.89476,128.6502,Sunny,0.05
66,4,Verstappen (Red Bull),42.71821,171.3684,Sunny,0.05
66,5,Verstappen (Red Bull),42.81291,214.18131,Sunny,0.05
66,1,Norris (McLaren),42.63834,42.63834,Sunny,0.05
66,2,Norris (McLaren),43.61978,86.25812,Sunny,0.05
66,3,Norris (McLaren),43.60387,129.862,Sunny,0.05
66,4,Norris (McLaren),43.05055,172.91255,Sunny,0.05
66,5,Norris (McLaren),43.84218,216.75473,Sunny,0.05
67,1,Hamilton (Mercedes),43.539,43.539,Sunny,0.05
67,2,Hamilton (Mercedes),42.49794,86.03694,Sunny,0.05
67,3,Hamilton (Mercedes),42.90042,128.93735,Sunny,0.05
67,4,Hamilton (Mercedes),42.8646,171.80195,Sunny,0.05
67,5,Hamilton (Mercedes),42.79309,214.59504,Sunny,0.05
67,1,Verstappen (Red Bull),42.89832,42.89832,Sunny,0.05
67,2,Verstappen (Red Bull),42.04806,84.94639,Sunny,0.05
67,3,Verstappen (Red Bull),43.22591,128.17229,Sunny,0.05
67,4,Verstappen (Red Bull),42.76976,170.94205,Sunny,0.05
67,5,Verstappen (Red Bull),42.18319,213.12524,Sunny,0.05
67,1,Norris (McLaren),43.76636,43.76636,Sunny,0.05
67,2,Norris (McLaren),43.03913,86.8055,Sunny,0.05
67,3,Norris (McLaren),43.29289,130.09839,Sunny,0.05
67,4,Norris (McLaren),41.95115,172.04953,Sunny,0.05
67,5,Norris (McLaren),42.66224,214.71177,Sunny,0.05
68,1,Hamilton (Mercedes),42.77092,42.77092,Sunny,0.05
68,2,Hamilton (Mercedes),43.76277,86.53369,Sunny,0.05
68,3,Hamilton (Mercedes),42.32643,128.86012,Sunny,0.05
68,4,Hamilton (Mercedes),43.22797,172.08809,Sunny,0.05
68,5,Hamilton (Mercedes),43.45601,215.5441,Sunny,0.05
68,1,Verstappen (Red Bull),42.31774,42.31774,Sunny,0.05
68,2,Verstappen (Red Bull),43.02724,85.34498,Sunny,0.05
68,3,Verstappen (Red Bull),42.75528,128.10026,Sunny,0.05
68,4,Verstappen (Red Bull),42.65186,170.75211,Sunny,0.05
68,5,Verstappen (Red Bull),43.53815,214.29027,Sunny,0.05
68,1,Norris (McLaren),43.51552,43.51552,Sunny,0.05
68,2,Norris (McLaren),42.90255,86.41807,Sunny,0.05
68,3,Norris (McLaren),44.30093,130.719,Sunny,0.05
68,4,Norris (McLaren),43.06121,173.78021,Sunny,0.05
68,5,Norris (McLaren),43.88222,217.66243,Sunny,0.05
69,1,Hamilton (Mercedes),43.4641,43.4641,Sunny,0.05
69,2,Hamilton (Mercedes),43.01032,86.47442,Sunny,0.05
69,3,Hamilton (Mercedes),42.93243,129.40684,Sunny,0.05
69,4,Hamilton (Mercedes),43.22092,172.62776,Sunny,0.05
69,5,Hamilton (Mercedes),42.45788,215.08564,Sunny,0.05
69,1,Verstappen (Red Bull),43.60765,43.60765,Sunny,0.05
69,2,Verstappen (Red Bull),42.58713,86.19479,Sunny,0.05
69,3,Verstappen (Red Bull),41.48243,127.67722,Sunny,0.05
69,4,Verstappen (Red Bull),42.32625,170.00346,Sunny,0.05
69,5,Verstappen (Red Bull),42.23508,212.23854,Sunny,0.05
69,1,Norris (McLaren),43.02231,43.02231,Sunny,0.05
69,2,Norris (McLaren),43.85579,86.8781,Sunny,0.05
69,3,Norris (McLaren),43.65516,130.53326,Sunny,0.05
69,4,Norris (McLaren),44.12507,174.65833,Sunny,0.05
69,5,Norris (McLaren),43.02954,217.68787,Sunny,0.05
70,1,Hamilton (Mercedes),43.62009,43.62009,Sunny,0.05
70,2,Hamilton (Mercedes),42.99192,86.61201,Sunny,0.05
70,3,Hamilton (Mercedes),43.97697,130.58898,Sunny,0.05
70,4,Hamilton (Mercedes),42.4189,173.00788,Sunny,0.05
70,5,Hamilton (Mercedes),43.35252,216.36041,Sunny,0.05
70,1,Verstappen (Red Bull),42.46577,42.46577,Sunny,0.05
70,2,Verstappen (Red Bull),42.59877,85.06454,Sunny,0.05
70,3,Verstappen (Red Bull),43.82917,128.89371,Sunny,0.05
70,4,Verstappen (Red Bull),41.94419,170.8379,Sunny,0.05
70,5,Verstappen (Red Bull),42.12655,212.96445,Sunny,0.05
70,1,Norris (McLaren),42.63238,42.63238,Sunny,0.05
70,2,Norris (McLaren),43.04603,85.67841,Sunny,0.05
70,3,Norris (McLaren),44.00216,129.68057,Sunny,0.05
70,4,Norris (McLaren),43.9368,173.61737,Sunny,0.05
70,5,Norris (McLaren),44.00531,217.62268,Sunny,0.05
71,1,Hamilton (Mercedes),42.96547,42.96547,Sunny,0.05
71,2,Hamilton (Mercedes),42.55308,85.51854,Sunny,0.05
71,3,Hamilton (Mercedes),43.79696,129.3155,Sunny,0.05
71,4,Hamilton (Mercedes),43.25837,172.57387,Sunny,0.05
71,5,Hamilton (Mercedes),42.85407,215.42794,Sunny,0.05
71,1,Verstappen (Red Bull),43.61083,43.61083,Sunny,0.05
71,2,Verstappen (Red Bull),42.93616,86.54699,Sunny,0.05
71,3,Verstappen (Red Bull),42.92955,129.47654,Sunny,0.05
71,4,Verstappen (Red Bull),42.70885,172.18539,Sunny,0.05
71,5,Verstappen (Red Bull),41.61249,213.79788,Sunny,0.05
71,1,Norris (McLaren),43.47084,43.47084,Sunny,0.05
71,2,Norris (McLaren),43.8675,87.33834,Sunny,0.05
71,3,Norris (McLaren),42.65899,129.99733,Sunny,0.05
71,4,Norris (McLaren),43.12028,173.11761,Sunny,0.05
71,5,Norris (McLaren),43.26745,216.38506,Sunny,0.05
72,1,Hamilton (Mercedes),44.22971,44.22971,Sunny,0.05
72,2,Hamilton (Mercedes),42.92481,87.15452,Sunny,0.05
72,3,Hamilton (Mercedes),42.8282,129.98272,Sunny,0.05
72,4,Hamilton (Mercedes),43.30766,173.29038,Sunny,0.05
72,5,Hamilton (Mercedes),42.42491,215.71529,Sunny,0.05
72,1,Verstappen (Red Bull),42.01847,42.01847,Sunny,0.05
72,2,Verstappen (Red Bull),43.0167,85.03518,Sunny,0.05
72,3,Verstappen (Red Bull),43.91,128.94518,Sunny,0.05
72,4,Verstappen (Red Bull),41.77572,170.7209,Sunny,0.05
72,5,Verstappen (Red Bull),43.38976,214.11066,Sunny,0.05
72,1,Norris (McLaren),42.46146,42.46146,Sunny,0.05
72,2,Norris (McLaren),43.91987,86.38132,Sunny,0.05
72,3,Norris (McLaren),43.25144,129.63276,Sunny,0.05
72,4,Norris (McLaren),43.15247,172.78523,Sunny,0.05
72,5,Norris (McLaren),43.08362,215.86886,Sunny,0.05
73,1,Hamilton (Mercedes),42.73144,42.73144,Sunny,0.05
73,2,Hamilton (Mercedes),42.91154,85.64298,Sunny,0.05
73,3,Hamilton (Mercedes),42.78416,128.42714,Sunny,0.05
73,4,Hamilton (Mercedes),43.01226,171.4394,Sunny,0.05
73,5,Hamilton (Mercedes),43.49457,214.93397,Sunny,0.05
73,1,Verstappen (Red Bull),41.55902,41.55902,Sunny,0.05
73,2,Verstappen (Red Bull),43.17831,84.73733,Sunny,0.05
73,3,Verstappen (Red Bull),42.76142,127.49875,Sunny,0.05
73,4,Verstappen (Red Bull),44.41524,171.91399,Sunny,0.05
73,5,Verstappen (Red Bull),42.77951,214.6935,Sunny,0.05
73,1,Norris (McLaren),43.38289,43.38289,Sunny,0.05
73,2,Norris (McLaren),42.29205,85.67493,Sunny,0.05
73,3,Norris (McLaren),42.74044,128.41537,Sunny,0.05
73,4,Norris (McLaren),42.99481,171.41018,Sunny,0.05
73,5,Norris (McLaren),43.49795,214.90813,Sunny,0.05
74,1,Hamilton (Mercedes),42.77365,42.77365,Sunny,0.05
74,2,Hamilton (Mercedes),42.76482,85.53848,Sunny,0.05
74,3,Hamilton (Mercedes),42.92894,128.46742,Sunny,0.05
74,4,Hamilton (Mercedes),42.54676,171.01418,Sunny,0.05
74,5,Hamilton (Mercedes),42.51517,213.52935,Sunny,0.05
74,1,Verstappen (Red Bull),41.89777,41.89777,Sunny,0.05
74,2,Verstappen (Red Bull),42.3363,84.23407,Sunny,0.05
74,3,Verstappen (Red Bull),43.30309,127.53716,Sunny,0.05
74,4,Verstappen (Red Bull),42.97554,170.5127,Sunny,0.05
74,5,Verstappen (Red Bull),42.89988,213.41258,Sunny,0.05
74,1,Norris (McLaren),43.29152,43.29152,Sunny,0.05
74,2,Norris (McLaren),42.8514,86.14293,Sunny,0.05
74,3,Norris (McLaren),42.63635,128.77928,Sunny,0.05
74,4,Norris (McLaren),42.34937,171.12865,Sunny,0.05
74,5,Norris (McLaren),43.5951,214.72375,Sunny,0.05
75,1,Hamilton (Mercedes),43.52214,43.52214,Sunny,0.05
75,2,Hamilton (Mercedes),42.94331,86.46546,Sunny,0.05
75,3,Hamilton (Mercedes),43.76318,130.22864,Sunny,0.05
75,4,Hamilton (Mercedes),41.88128,172.10992,Sunny,0.05
75,5,Hamilton (Mercedes),43.54543,215.65535,Sunny,0.05
75,1,Verstappen (Red Bull),41.55384,41.55384,Sunny,0.05
75,2,Verstappen (Red Bull),42.8172,84.37103,Sunny,0.05
75,3,Verstappen (Red Bull),41.69622,126.06725,Sunny,0.05
75,4,Verstappen (Red Bull),42.46199,168.52924,Sunny,0.05
75,5,Verstappen (Red Bull),42.70247,211.23172,Sunny,0.05
75,1,Norris (McLaren),43.29516,43.29516,Sunny,0.05
75,2,Norris (McLaren),43.63898,86.93415,Sunny,0.05
75,3,Norris (McLaren),43.31815,130.25229,Sunny,0.05
75,4,Norris (McLaren),43.0422,173.29449,Sunny,0.05
75,5,Norris (McLaren),43.06726,216.36175,Sunny,0.05
76,1,Hamilton (Mercedes),42.37425,42.37425,Sunny,0.05
76,2,Hamilton (Mercedes),42.78513,85.15938,Sunny,0.05
76,3,Hamilton (Mercedes),43.41482,128.57419,Sunny,0.05
76,4,Hamilton (Mercedes),43.25403,171.82822,Sunny,0.05
76,5,Hamilton (Mercedes),43.30495,215.13318,Sunny,0.05
76,1,Verstappen (Red Bull),42.38076,42.38076,Sunny,0.05
76,2,Verstappen (Red Bull),42.43443,84.81519,Sunny,0.05
76,3,Verstappen (Red Bull),42.49447,127.30967,Sunny,0.05
76,4,Verstappen (Red Bull),42.25526,169.56493,Sunny,0.05
76,5,Verstappen (Red Bull),42.41745,211.98237,Sunny,0.05
76,1,Norris (McLaren),43.20499,43.20499,Sunny,0.05
76,2,Norris (McLaren),43.47557,86.68056,Sunny,0.05
76,3,Norris (McLaren),43.96021,130.64077,Sunny,0.05
76,4,Norris (McLaren),43.05106,173.69184,Sunny,0.05
76,5,Norris (McLaren),42.66469,216.35652,Sunny,0.05
77,1,Hamilton (Mercedes),42.57157,42.57157,Sunny,0.05
77,2,Hamilton (Mercedes),43.07203,85.64359,Sunny,0.05
77,3,Hamilton (Mercedes),42.52201,128.1656,Sunny,0.05
77,4,Hamilton (Mercedes),43.44009,171.60569,Sunny,0.05
77,5,Hamilton (Mercedes),42.87628,214.48197,Sunny,0.05
77,1,Verstappen (Red Bull),42.10442,42.10442,Sunny,0.05
77,2,Verstappen (Red Bull),42.92097,85.0254,Sunny,0.05
77,3,Verstappen (Red Bull),42.9338,127.9592,Sunny,0.05
77,4,Verstappen (Red Bull),43.17981,171.139,Sunny,0.05
77,5,Verstappen (Red Bull),42.34327,213.48228,Sunny,0.05
77,1,Norris (McLaren),43.48139,43.48139,Sunny,0.05
77,2,Norris (McLaren),42.22419,85.70558,Sunny,0.05
77,3,Norris (McLaren),43.06236,128.76793,Sunny,0.05
77,4,Norris (McLaren),43.24796,172.0159,Sunny,0.05
77,5,Norris (McLaren),42.6747,214.6906,Sunny,0.05
78,1,Hamilton (Mercedes),43.21441,43.21441,Sunny,0.05
78,2,Hamilton (Mercedes),43.00366,86.21807,Sunny,0.05
78,3,Hamilton (Mercedes),42.63238,128.85045,Sunny,0.05
78,4,Hamilton (Mercedes),42.46051,171.31096,Sunny,0.05
78,5,Hamilton (Mercedes),42.80579,214.11675,Sunny,0.05
78,1,Verstappen (Red Bull),42.4081,42.4081,Sunny,0.05
78,2,Verstappen (Red Bull),43.37407,85.78217,Sunny,0.05
78,3,Verstappen (Red Bull),42.75302,128.53519,Sunny,0.05
78,4,Verstappen (Red Bull),43.81198,172.34716,Sunny,0.05
78,5,Verstappen (Red Bull),43.21249,215.55965,Sunny,0.05
78,1,Norris (McLaren),43.15378,43.15378,Sunny,0.05
78,2,Norris (McLaren),43.71347,86.86726,Sunny,0.05
78,3,Norris (McLaren),43.21795,130.08521,Sunny,0.05
78,4,Norris (McLaren),43.22392,173.30912,Sunny,0.05
78,5,Norris (McLaren),43.78867,217.0978,Sunny,0.05
79,1,Hamilton (Mercedes),42.08702,42.08702,Sunny,0.05
79,2,Hamilton (Mercedes),43.38262,85.46963,Sunny,0.05
79,3,Hamilton (Mercedes),42.74731,128.21694,Sunny,0.05
79,4,Hamilton (Mercedes),42.91216,171.1291,Sunny,0.05
79,5,Hamilton (Mercedes),43.41542,214.54452,Sunny,0.05
79,1,Verstappen (Red Bull),43.5973,43.5973,Sunny,0.05
79,2,Verstappen (Red Bull),43.00844,86.60574,Sunny,0.05
79,3,Verstappen (Red Bull),42.44628,129.05202,Sunny,0.05
79,4,Verstappen (Red Bull),42.71576,171.76778,Sunny,0.05
79,5,Verstappen (Red Bull),41.64132,213.40911,Sunny,0.05
79,1,Norris (McLaren),43.18373,43.18373,Sunny,0.05
79,2,Norris (McLaren),43.786,86.96974,Sunny,0.05
79,3,Norris (McLaren),42.42596,129.39569,Sunny,0.05
79,4,Norris (McLaren),44.90402,174.29971,Sunny,0.05
79,5,Norris (McLaren),44.18772,218.48743,Sunny,0.05
80,1,Hamilton (Mercedes),43.41255,43.41255,Sunny,0.05
80,2,Hamilton (Mercedes),44.02703,87.43958,Sunny,0.05
80,3,Hamilton (Mercedes),42.09299,129.53257,Sunny,0.05
80,4,Hamilton (Mercedes),42.52147,172.05405,Sunny,0.05
80,5,Hamilton (Mercedes),43.35657,215.41062,Sunny,0.05
80,1,Verstappen (Red Bull),42.75947,42.75947,Sunny,0.05
80,2,Verstappen (Red Bull),42.04016,84.79962,Sunny,0.05
80,3,Verstappen (Red Bull),43.11822,127.91784,Sunny,0.05
80,4,Verstappen (Red Bull),42.35735,170.27519,Sunny,0.05
80,5,Verstappen (Red Bull),41.63646,211.91164,Sunny,0.05
80,1,Norris (McLaren),43.25496,43.25496,Sunny,0.05
80,2,Norris (McLaren),42.87488,86.12984,Sunny,0.05
80,3,Norris (McLaren),42.63351,128.76334,Sunny,0.05
80,4,Norris (McLaren),42.85317,171.61651,Sunny,0.05
80,5,Norris (McLaren),42.71905,214.33557,Sunny,0.05
81,1,Hamilton (Mercedes),43.44208,43.44208,Sunny,0.05
81,2,Hamilton (Mercedes),42.69005,86.13213,Sunny,0.05
81,3,Hamilton (Mercedes),42.58039,128.71252,Sunny,0.05
81,4,Hamilton (Mercedes),43.98052,172.69304,Sunny,0.05
81,5,Hamilton (Mercedes),43.03032,215.72336,Sunny,0.05
81,1,Verstappen (Red Bull),43.05449,43.05449,Sunny,0.05
81,2,Verstappen (Red Bull),42.4587,85.51319,Sunny,0.05
81,3,Verstappen (Red Bull),43.45972,128.9729,Sunny,0.05
81,4,Verstappen (Red Bull),42.41473,171.38763,Sunny,0.05
81,5,Verstappen (Red Bull),43.04337,214.431,Sunny,0.05
81,1,Norris (McLaren),43.06892,43.06892,Sunny,0.05
81,2,Norris (McLaren),43.19411,86.26303,Sunny,0.05
81,3,Norris (McLaren),42.90006,129.16309,Sunny,0.05
81,4,Norris (McLaren),43.283,172.44609,Sunny,0.05
81,5,Norris (McLaren),42.10421,214.55029,Sunny,0.05
82,1,Hamilton (Mercedes),43.69269,43.69269,Sunny,0.05
82,2,Hamilton (Mercedes),43.22187,86.91455,Sunny,0.05
82,3,Hamilton (Mercedes),43.38271,130.29726,Sunny,0.05
82,4,Hamilton (Mercedes),43.50559,173.80285,Sunny,0.05
82,5,Hamilton (Mercedes),43.25246,217.05531,Sunny,0.05
82,1,Verstappen (Red Bull),42.50417,42.50417,Sunny,0.05
82,2,Verstappen (Red Bull),42.98694,85.49111,Sunny,0.05
82,3,Verstappen (Red Bull),41.51399,127.0051,Sunny,0.05
82,4,Verstappen (Red Bull),42.88648,169.89158,Sunny,0.05
82,5,Verstappen (Red Bull),42.76467,212.65625,Sunny,0.05
82,1,Norris (McLaren),43.52211,43.52211,Sunny,0.05
82,2,Norris (McLaren),43.3028,86.82491,Sunny,0.05
82,3,Norris (McLaren),43.62496,130.44986,Sunny,0.05
82,4,Norris (McLaren),43.42586,173.87572,Sunny,0.05
82,5,Norris (McLaren),42.43345,216.30918,Sunny,0.05
83,1,Hamilton (Mercedes),43.27882,43.27882,Sunny,0.05
83,2,Hamilton (Mercedes),42.74353,86.02234,Sunny,0.05
83,3,Hamilton (Mercedes),43.71864,129.74098,Sunny,0.05
83,4,Hamilton (Mercedes),43.73722,173.4782,Sunny,0.05
83,5,Hamilton (Mercedes),43.4274,216.9056,Sunny,0.05
83,1,Verstappen (Red Bull),42.34328,42.34328,Sunny,0.05
83,2,Verstappen (Red Bull),42.76759,85.11087,Sunny,0.05
83,3,Verstappen (Red Bull),41.94419,127.05505,Sunny,0.05
83,4,Verstappen (Red Bull),43.18385,170.2389,Sunny,0.05
83,5,Verstappen (Red Bull),42.57142,212.81032,Sunny,0.05
83,1,Norris (McLaren),43.77163,43.77163,Sunny,0.05
83,2,Norris (McLaren),42.6368,86.40843,Sunny,0.05
83,3,Norris (McLaren),42.68751,129.09594,Sunny,0.05
83,4,Norris (McLaren),44.12435,173.22029,Sunny,0.05
83,5,Norris (McLaren),41.9195,215.13978,Sunny,0.05
84,1,Hamilton (Mercedes),41.96884,41.96884,Sunny,0.05
84,2,Hamilton (Mercedes),42.38283,84.35167,Sunny,0.05
84,3,Hamilton (Mercedes),42.33011,126.68177,Sunny,0.05
84,4,Hamilton (Mercedes),43.12935,169.81113,Sunny,0.05
84,5,Hamilton (Mercedes),43.19708,213.00821,Sunny,0.05
84,1,Verstappen (Red Bull),42.59259,42.59259,Sunny,0.05
84,2,Verstappen (Red Bull),42.88996,85.48255,Sunny,0.05
84,3,Verstappen (Red Bull),42.53734,128.01988,Sunny,0.05
84,4,Verstappen (Red Bull),42.86792,170.88781,Sunny,0.05
84,5,Verstappen (Red Bull),42.11335,213.00116,Sunny,0.05
84,1,Norris (McLaren),43.50608,43.50608,Sunny,0.05
84,2,Norris (McLaren),43.22306,86.72913,Sunny,0.05
84,3,Norris (McLaren),42.83887,129.568,Sunny,0.05
84,4,Norris (McLaren),41.48832,171.05632,Sunny,0.05
84,5,Norris (McLaren),43.6936,214.74992,Sunny,0.05
85,1,Hamilton (Mercedes),42.55146,42.55146,Sunny,0.05
85,2,Hamilton (Mercedes),41.88945,84.44091,Sunny,0.05
85,3,Hamilton (Mercedes),42.97323,127.41414,Sunny,0.05
85,4,Hamilton (Mercedes),43.06935,170.48349,Sunny,0.05
85,5,Hamilton (Mercedes),43.12547,213.60896,Sunny,0.05
85,1,Verstappen (Red Bull),43.09491,43.09491,Sunny,0.05
85,2,Verstappen (Red Bull),42.66463,85.75954,Sunny,0.05
85,3,Verstappen (Red Bull),43.48396,129.2435,Sunny,0.05
85,4,Verstappen (Red Bull),42.22381,171.46731,Sunny,0.05
85,5,Verstappen (Red Bull),43.5076,214.97491,Sunny,0.05
85,1,Norris (McLaren),45.26597,45.26597,Sunny,0.05
85,2,Norris (McLaren),43.72335,88.98932,Sunny,0.05
85,3,Norris (McLaren),42.30858,131.2979,Sunny,0.05
85,4,Norris (McLaren),44.24389,175.54179,Sunny,0.05
85,5,Norris (McLaren),44.18653,219.72831,Sunny,0.05
86,1,Hamilton (Mercedes),43.00755,43.00755,Sunny,0.05
86,2,Hamilton (Mercedes),43.21385,86.2214,Sunny,0.05
86,3,Hamilton (Mercedes),42.95288,129.17428,Sunny,0.05
86,4,Hamilton (Mercedes),42.76454,171.93882,Sunny,0.05
86,5,Hamilton (Mercedes),42.71509,214.65391,Sunny,0.05
86,1,Verstappen (Red Bull),42.01632,42.01632,Sunny,0.05
86,2,Verstappen (Red Bull),41.95769,83.97401,Sunny,0.05
86,3,Verstappen (Red Bull),42.68612,126.66014,Sunny,0.05
86,4,Verstappen (Red Bull),42.94835,169.60849,Sunny,0.05
86,5,Verstappen (Red Bull),41.99661,211.6051,Sunny,0.05
86,1,Norris (McLaren),43.45387,43.45387,Sunny,0.05
86,2,Norris (McLaren),42.72842,86.18229,Sunny,0.05
86,3,Norris (McLaren),43.19132,129.37361,Sunny,0.05
86,4,Norris (McLaren),44.45178,173.82539,Sunny,0.05
86,5,Norris (McLaren),43.989,217.81439,Sunny,0.05
87,1,Hamilton (Mercedes),43.24063,43.24063,Sunny,0.05
87,2,Hamilton (Mercedes),43.86562,87.10625,Sunny,0.05
87,3,Hamilton (Mercedes),42.75077,129.85702,Sunny,0.05
87,4,Hamilton (Mercedes),42.88695,172.74396,Sunny,0.05
87,5,Hamilton (Mercedes),42.48736,215.23132,Sunny,0.05
87,1,Verstappen (Red Bull),42.92821,42.92821,Sunny,0.05
87,2,Verstappen (Red Bull),43.10002,86.02823,Sunny,0.05
87,3,Verstappen (Red Bull),42.79519,128.82342,Sunny,0.05
87,4,Verstappen (Red Bull),42.04245,170.86588,Sunny,0.05
87,5,Verstappen (Red Bull),43.25312,214.11899,Sunny,0.05
87,1,Norris (McLaren),42.6545,42.6545,Sunny,0.05
87,2,Norris (McLaren),43.51782,86.17232,Sunny,0.05
87,3,Norris (McLaren),44.13602,130.30834,Sunny,0.05
87,4,Norris (McLaren),43.88631,174.19466,Sunny,0.05
87,5,Norris (McLaren),43.62223,217.81689,Sunny,0.05
88,1,Hamilton (Mercedes),43.07371,43.07371,Sunny,0.05
88,2,Hamilton (Mercedes),43.42783,86.50154,Sunny,0.05
88,3,Hamilton (Mercedes),43.56682,130.06835,Sunny,0.05
88,4,Hamilton (Mercedes),43.01578,173.08413,Sunny,0.05
88,5,Hamilton (Mercedes),44.03868,217.12281,Sunny,0.05
88,1,Verstappen (Red Bull),42.59907,42.59907,Sunny,0.05
88,2,Verstappen (Red Bull),42.19574,84.79481,Sunny,0.05
88,3,Verstappen (Red Bull),42.54599,127.3408,Sunny,0.05
88,4,Verstappen (Red Bull),42.94195,170.28275,Sunny,0.05
88,5,Verstappen (Red Bull),43.00418,213.28693,Sunny,0.05
88,1,Norris (McLaren),43.42178,43.42178,Sunny,0.05
88,2,Norris (McLaren),43.88215,87.30394,Sunny,0.05
88,3,Norris (McLaren),44.57541,131.87935,Sunny,0.05
88,4,Norris (McLaren),42.4612,174.34055,Sunny,0.05
88,5,Norris (McLaren),43.53926,217.87981,Sunny,0.05
89,1,Hamilton (Mercedes),41.73347,41.73347,Sunny,0.05
89,2,Hamilton (Mercedes),44.11384,85.84731,Sunny,0.05
89,3,Hamilton (Mercedes),42.36386,128.21117,Sunny,0.05
89,4,Hamilton (Mercedes),43.30638,171.51755,Sunny,0.05
89,5,Hamilton (Mercedes),41.81281,213.33036,Sunny,0.05
89,1,Verstappen (Red Bull),42.81279,42.81279,Sunny,0.05
89,2,Verstappen (Red Bull),42.34913,85.16193,Sunny,0.05
89,3,Verstappen (Red Bull),43.01118,128.17311,Sunny,0.05
89,4,Verstappen (Red Bull),43.24012,171.41323,Sunny,0.05
89,5,Verstappen (Red Bull),43.21817,214.6314,Sunny,0.05
89,1,Norris (McLaren),42.62424,42.62424,Sunny,0.05
89,2,Norris (McLaren),43.91454,86.53878,Sunny,0.05
89,3,Norris (McLaren),43.015,129.55378,Sunny,0.05
89,4,Norris (McLaren),43.65614,173.20992,Sunny,0.05
89,5,Norris (McLaren),43.24897,216.45889,Sunny,0.05
90,1,Hamilton (Mercedes),42.92316,42.92316,Sunny,0.05
90,2,Hamilton (Mercedes),43.4179,86.34106,Sunny,0.05
90,3,Hamilton (Mercedes),42.46051,128.80157,Sunny,0.05
90,4,Hamilton (Mercedes),43.70485,172.50641,Sunny,0.05
90,5,Hamilton (Mercedes),43.89847,216.40489,Sunny,0.05
90,1,Verstappen (Red Bull),43.25112,43.25112,Sunny,0.05
90,2,Verstappen (Red Bull),43.22388,86.475,Sunny,0.05
90,3,Verstappen (Red Bull),43.59358,130.06857,Sunny,0.05
90,4,Verstappen (Red Bull),42.7592,172.82777,Sunny,0.05
90,5,Verstappen (Red Bull),42.49605,215.32382,Sunny,0.05
90,1,Norris (McLaren),42.79661,42.79661,Sunny,0.05
90,2,Norris (McLaren),42.59068,85.38729,Sunny,0.05
90,3,Norris (McLaren),43.33563,128.72292,Sunny,0.05
90,4,Norris (McLaren),43.71546,172.43838,Sunny,0.05
90,5,Norris (McLaren),45.05131,217.48969,Sunny,0.05
91,1,Hamilton (Mercedes),43.78911,43.78911,Sunny,0.05
91,2,Hamilton (Mercedes),43.02882,86.81793,Sunny,0.05
91,3,Hamilton (Mercedes),44.24052,131.05845,Sunny,0.05
91,4,Hamilton (Mercedes),43.80794,174.86639,Sunny,0.05
91,5,Hamilton (Mercedes),42.97118,217.83757,Sunny,0.05
91,1,Verstappen (Red Bull),42.28634,42.28634,Sunny,0.05
91,2,Verstappen (Red Bull),42.15451,84.44085,Sunny,0.05
91,3,Verstappen (Red Bull),42.11119,126.55204,Sunny,0.05
91,4,Verstappen (Red Bull),43.80123,170.35327,Sunny,0.05
91,5,Verstappen (Red Bull),43.48814,213.84141,Sunny,0.05
91,1,Norris (McLaren),43.82291,43.82291,Sunny,0.05
91,2,Norris (McLaren),42.59074,86.41364,Sunny,0.05
91,3,Norris (McLaren),43.44412,129.85776,Sunny,0.05
91,4,Norris (McLaren),44.14503,174.0028,Sunny,0.05
91,5,Norris (McLaren),41.99888,216.00167,Sunny,0.05
92,1,Hamilton (Mercedes),42.76025,42.76025,Sunny,0.05
92,2,Hamilton (Mercedes),43.18668,85.94693,Sunny,0.05
92,3,Hamilton (Mercedes),43.6273,129.57423,Sunny,0.05
92,4,Hamilton (Mercedes),42.6911,172.26533,Sunny,0.05
92,5,Hamilton (Mercedes),43.52784,215.79317,Sunny,0.05
92,1,Verstappen (Red Bull),43.52012,43.52012,Sunny,0.05
92,2,Verstappen (Red Bull),43.55813,87.07825,Sunny,0.05
92,3,Verstappen (Red Bull),43.95165,131.0299,Sunny,0.05
92,4,Verstappen (Red Bull),42.27927,173.30917,Sunny,0.05
92,5,Verstappen (Red Bull),42.7371,216.04627,Sunny,0.05
92,1,Norris (McLaren),42.92766,42.92766,Sunny,0.05
92,2,Norris (McLaren),43.43813,86.36578,Sunny,0.05
92,3,Norris (McLaren),43.44295,129.80873,Sunny,0.05
92,4,Norris (McLaren),42.64967,172.4584,Sunny,0.05
92,5,Norris (McLaren),42.64141,215.09981,Sunny,0.05
93,1,Hamilton (Mercedes),43.55104,43.55104,Sunny,0.05
93,2,Hamilton (Mercedes),41.91081,85.46185,Sunny,0.05
93,3,Hamilton (Mercedes),42.83555,128.2974,Sunny,0.05
93,4,Hamilton (Mercedes),43.12056,171.41795,Sunny,0.05
93,5,Hamilton (Mercedes),42.93772,214.35568,Sunny,0.05
93,1,Verstappen (Red Bull),43.15617,43.15617,Sunny,0.05
93,2,Verstappen (Red Bull),41.78046,84.93664,Sunny,0.05
93,3,Verstappen (Red Bull),42.06058,126.99722,Sunny,0.05
93,4,Verstappen (Red Bull),42.46364,169.46085,Sunny,0.05
93,5,Verstappen (Red Bull),42.12071,211.58156,Sunny,0.05
93,1,Norris (McLaren),43.25702,43.25702,Sunny,0.05
93,2,Norris (McLaren),43.76967,87.02668,Sunny,0.05
93,3,Norris (McLaren),44.24846,131.27514,Sunny,0.05
93,4,Norris (McLaren),42.6324,173.90754,Sunny,0.05
93,5,Norris (McLaren),42.39041,216.29795,Sunny,0.05
94,1,Hamilton (Mercedes),42.95843,42.95843,Sunny,0.05
94,2,Hamilton (Mercedes),43.67156,86.62999,Sunny,0.05
94,3,Hamilton (Mercedes),44.07738,130.70737,Sunny,0.05
94,4,Hamilton (Mercedes),42.92933,173.6367,Sunny,0.05
94,5,Hamilton (Mercedes),43.24078,216.87748,Sunny,0.05
94,1,Verstappen (Red Bull),41.99148,41.99148,Sunny,0.05
94,2,Verstappen (Red Bull),42.20217,84.19365,Sunny,0.05
94,3,Verstappen (Red Bull),43.06149,127.25514,Sunny,0.05
94,4,Verstappen (Red Bull),42.04051,169.29565,Sunny,0.05
94,5,Verstappen (Red Bull),42.74389,212.03953,Sunny,0.05
94,1,Norris (McLaren),42.49557,42.49557,Sunny,0.05
94,2,Norris (McLaren),42.42142,84.91699,Sunny,0.05
94,3,Norris (McLaren),44.04682,128.96381,Sunny,0.05
94,4,Norris (McLaren),43.65682,172.62064,Sunny,0.05
94,5,Norris (McLaren),41.94724,214.56788,Sunny,0.05
95,1,Hamilton (Mercedes),43.43785,43.43785,Sunny,0.05
95,2,Hamilton (Mercedes),43.88436,87.3222,Sunny,0.05
95,3,Hamilton (Mercedes),42.67806,130.00027,Sunny,0.05
95,4,Hamilton (Mercedes),43.91485,173.91511,Sunny,0.05
95,5,Hamilton (Mercedes),42.33266,216.24778,Sunny,0.05
95,1,Verstappen (Red Bull),41.98403,41.98403,Sunny,0.05
95,2,Verstappen (Red Bull),42.82058,84.80461,Sunny,0.05
95,3,Verstappen (Red Bull),42.68372,127.48833,Sunny,0.05
95,4,Verstappen (Red Bull),42.45461,169.94294,Sunny,0.05
95,5,Verstappen (Red Bull),42.32335,212.26628,Sunny,0.05
95,1,Norris (McLaren),42.61203,42.61203,Sunny,0.05
95,2,Norris (McLaren),43.51535,86.12739,Sunny,0.05
95,3,Norris (McLaren),43.16476,129.29214,Sunny,0.05
95,4,Norris (McLaren),43.46988,172.76202,Sunny,0.05
95,5,Norris (McLaren),44.14995,216.91197,Sunny,0.05
96,1,Hamilton (Mercedes),42.80739,42.80739,Sunny,0.05
96,2,Hamilton (Mercedes),43.74618,86.55357,Sunny,0.05
96,3,Hamilton (Mercedes),43.29178,129.84535,Sunny,0.05
96,4,Hamilton (Mercedes),42.12724,171.97259,Sunny,0.05
96,5,Hamilton (Mercedes),42.75863,214.73121,Sunny,0.05
96,1,Verstappen (Red Bull),42.92098,42.92098,Sunny,0.05
96,2,Verstappen (Red Bull),43.03017,85.95115,Sunny,0.05
96,3,Verstappen (Red Bull),42.8144,128.76554,Sunny,0.05
96,4,Verstappen (Red Bull),42.7744,171.53994,Sunny,0.05
96,5,Verstappen (Red Bull),43.65981,215.19976,Sunny,0.05
96,1,Norris (McLaren),41.99995,41.99995,Sunny,0.05
96,2,Norris (McLaren),43.08548,85.08542,Sunny,0.05
96,3,Norris (McLaren),42.65116,127.73658,Sunny,0.05
96,4,Norris (McLaren),43.34472,171.0813,Sunny,0.05
96,5,Norris (McLaren),43.05758,214.13889,Sunny,0.05
97,1,Hamilton (Mercedes),43.12144,43.12144,Sunny,0.05
97,2,Hamilton (Mercedes),43.55311,86.67455,Sunny,0.05
97,3,Hamilton (Mercedes),43.11654,129.79109,Sunny,0.05
97,4,Hamilton (Mercedes),43.8541,173.64519,Sunny,0.05
97,5,Hamilton (Mercedes),43.45421,217.0994,Sunny,0.05
97,1,Verstappen (Red Bull),41.98941,41.98941,Sunny,0.05
97,2,Verstappen (Red Bull),42.83269,84.82209,Sunny,0.05
97,3,Verstappen (Red Bull),42.16772,126.98981,Sunny,0.05
97,4,Verstappen (Red Bull),42.38892,169.37873,Sunny,0.05
97,5,Verstappen (Red Bull),43.13327,212.512,Sunny,0.05
97,1,Norris (McLaren),43.30899,43.30899,Sunny,0.05
97,2,Norris (McLaren),44.46713,87.77612,Sunny,0.05
97,3,Norris (McLaren),43.32311,131.09923,Sunny,0.05
97,4,Norris (McLaren),44.29955,175.39879,Sunny,0.05
97,5,Norris (McLaren),43.83081,219.2296,Sunny,0.05
98,1,Hamilton (Mercedes),43.72192,43.72192,Sunny,0.05
98,2,Hamilton (Mercedes),42.91843,86.64035,Sunny,0.05
98,3,Hamilton (Mercedes),43.31148,129.95183,Sunny,0.05
98,4,Hamilton (Mercedes),43.26343,173.21526,Sunny,0.05
98,5,Hamilton (Mercedes),42.90143,216.11669,Sunny,0.05
98,1,Verstappen (Red Bull),43.00559,43.00559,Sunny,0.05
98,2,Verstappen (Red Bull),42.1271,85.13268,Sunny,0.05
98,3,Verstappen (Red Bull),42.74478,127.87747,Sunny,0.05
98,4,Verstappen (Red Bull),42.16107,170.03854,Sunny,0.05
98,5,Verstappen (Red Bull),42.59784,212.63637,Sunny,0.05
98,1,Norris (McLaren),43.10479,43.10479,Sunny,0.05
98,2,Norris (McLaren),42.88991,85.9947,Sunny,0.05
98,3,Norris (McLaren),44.02745,130.02215,Sunny,0.05
98,4,Norris (McLaren),43.36369,173.38584,Sunny,0.05
98,5,Norris (McLaren),44.12504,217.51088,Sunny,0.05
99,1,Hamilton (Mercedes),42.90816,42.90816,Sunny,0.05
99,2,Hamilton (Mercedes),43.03061,85.93877,Sunny,0.05
99,3,Hamilton (Mercedes),43.78217,129.72094,Sunny,0.05
99,4,Hamilton (Mercedes),42.76719,172.48813,Sunny,0.05
99,5,Hamilton (Mercedes),44.27283,216.76097,Sunny,0.05
99,1,Verstappen (Red Bull),43.59211,43.59211,Sunny,0.05
99,2,Verstappen (Red Bull),43.61281,87.20492,Sunny,0.05
99,3,Verstappen (Red Bull),41.97599,129.18091,Sunny,0.05
99,4,Verstappen (Red Bull),42.92674,172.10766,Sunny,0.05
99,5,Verstappen (Red Bull),42.56749,214.67515,Sunny,0.05
99,1,Norris (McLaren),43.54178,43.54178,Sunny,0.05
99,2,Norris (McLaren),44.103,87.64478,Sunny,0.05
99,3,Norris (McLaren),43.20752,130.85229,Sunny,0.05
99,4,Norris (McLaren),43.45354,174.30583,Sunny,0.05
99,5,Norris (McLaren),43.96773,218.27356,Sunny,0.05
100,1,Hamilton (Mercedes),42.48233,42.48233,Sunny,0.05
100,2,Hamilton (Mercedes),43.46649,85.94881,Sunny,0.05
100,3,Hamilton (Mercedes),43.29519,129.24401,Sunny,0.05
100,4,Hamilton (Mercedes),43.18159,172.4256,Sunny,0.05
100,5,Hamilton (Mercedes),42.8977,215.3233,Sunny,0.05
100,1,Verstappen (Red Bull),42.59491,42.59491,Sunny,0.05
100,2,Verstappen (Red Bull),42.28094,84.87585,Sunny,0.05
100,3,Verstappen (Red Bull),42.37169,127.24754,Sunny,0.05
100,4,Verstappen (Red Bull),42.70218,169.94972,Sunny,0.05
100,5,Verstappen (Red Bull),43.06288,213.0126,Sunny,0.05
100,1,Norris (McLaren),43.29082,43.29082,Sunny,0.05
100,2,Norris (McLaren),42.20988,85.5007,Sunny,0.05
100,3,Norris (McLaren),42.78438,128.28508,Sunny,0.05
100,4,Norris (McLaren),43.5695,171.85458,Sunny,0.05
100,5,Norris (McLaren),44.82246,216.67704,Sunny,0.05
101,1,Hamilton (Mercedes),43.3092,43.3092,Sunny,0.05
101,2,Hamilton (Mercedes),44.02829,87.3375,Sunny,0.05
101,3,Hamilton (Mercedes),42.082,129.4195,Sunny,0.05
101,4,Hamilton (Mercedes),43.70133,173.12083,Sunny,0.05
101,5,Hamilton (Mercedes),42.72502,215.84585,Sunny,0.05
101,1,Verstappen (Red Bull),42.63651,42.63651,Sunny,0.05
101,2,Verstappen (Red Bull),43.52575,86.16225,Sunny,0.05
101,3,Verstappen (Red Bull),42.60213,128.76439,Sunny,0.05
101,4,Verstappen (Red Bull),43.16433,171.92872,Sunny,0.05
101,5,Verstappen (Red Bull),42.54681,214.47553,Sunny,0.05
101,1,Norris (McLaren),43.15096,43.15096,Sunny,0.05
101,2,Norris (McLaren),43.56545,86.71641,Sunny,0.05
101,3,Norris (McLaren),42.76735,129.48375,Sunny,0.05
101,4,Norris (McLaren),43.59911,173.08287,Sunny,0.05
101,5,Norris (McLaren),44.37404,217.45691,Sunny,0.05
102,1,Hamilton (Mercedes),43.27038,43.27038,Sunny,0.05
102,2,Hamilton (Mercedes),42.52141,85.79179,Sunny,0.05
102,3,Hamilton (Mercedes),43.24164,129.03344,Sunny,0.05
102,4,Hamilton (Mercedes),43.71138,172.74482,Sunny,0.05
102,5,Hamilton (Mercedes),42.90323,215.64804,Sunny,0.05
102,1,Verstappen (Red Bull),43.15771,43.15771,Sunny,0.05
102,2,Verstappen (Red Bull),42.51925,85.67696,Sunny,0.05
102,3,Verstappen (Red Bull),42.84289,128.51985,Sunny,0.05
102,4,Verstappen (Red Bull),43.44186,171.96171,Sunny,0.05
102,5,Verstappen (Red Bull),41.84761,213.80932,Sunny,0.05
102,1,Norris (McLaren),42.64573,42.64573,Sunny,0.05
102,2,Norris (McLaren),43.64073,86.28646,Sunny,0.05
102,3,Norris (McLaren),42.74439,129.03085,Sunny,0.05
102,4,Norris (McLaren),43.06524,172.09609,Sunny,0.05
102,5,Norris (McLaren),43.93025,216.02634,Sunny,0.05
103,1,Hamilton (Mercedes),43.07844,43.07844,Sunny,0.05
103,2,Hamilton (Mercedes),43.67898,86.75742,Sunny,0.05
103,3,Hamilton (Mercedes),44.20423,130.96165,Sunny,0.05
103,4,Hamilton (Mercedes),42.79724,173.75889,Sunny,0.05
103,5,Hamilton (Mercedes),42.86363,216.62252,Sunny,0.05
103,1,Verstappen (Red Bull),41.71787,41.71787,Sunny,0.05
103,2,Verstappen (Red Bull),42.77254,84.49041,Sunny,0.05
103,3,Verstappen (Red Bull),42.33176,126.82217,Sunny,0.05
103,4,Verstappen (Red Bull),42.67386,169.49604,Sunny,0.05
103,5,Verstappen (Red Bull),41.9448,211.44083,Sunny,0.05
103,1,Norris (McLaren),42.48341,42.48341,Sunny,0.05
103,2,Norris (McLaren),42.763,85.24642,Sunny,0.05
103,3,Norris (McLaren),42.44829,127.6947,Sunny,0.05
103,4,Norris (McLaren),43.52884,171.22355,Sunny,0.05
103,5,Norris (McLaren),43.06835,214.2919,Sunny,0.05
104,1,Hamilton (Mercedes),43.95447,43.95447,Sunny,0.05
104,2,Hamilton (Mercedes),42.68358,86.63805,Sunny,0.05
104,3,Hamilton (Mercedes),42.39359,129.03164,Sunny,0.05
104,4,Hamilton (Mercedes),42.23043,171.26207,Sunny,0.05
104,5,Hamilton (Mercedes),42.20854,213.47061,Sunny,0.05
104,1,Verstappen (Red Bull),42.71579,42.71579,Sunny,0.05
104,2,Verstappen (Red Bull),41.59953,84.31533,Sunny,0.05
104,3,Verstappen (Red Bull),42.30455,126.61988,Sunny,0.05
104,4,Verstappen (Red Bull),42.11542,168.7353,Sunny,0.05
104,5,Verstappen (Red Bull),42.52265,211.25795,Sunny,0.05
104,1,Norris (McLaren),43.08704,43.08704,Sunny,0.05
104,2,Norris (McLaren),43.65492,86.74196,Sunny,0.05
104,3,Norris (McLaren),41.89866,128.64062,Sunny,0.05
104,4,Norris (McLaren),42.59259,171.23321,Sunny,0.05
104,5,Norris (McLaren),42.57586,213.80907,Sunny,0.05
105,1,Hamilton (Mercedes),43.19093,43.19093,Sunny,0.05
105,2,Hamilton (Mercedes),43.45229,86.64322,Sunny,0.05
105,3,Hamilton (Mercedes),43.1866,129.82982,Sunny,0.05
105,4,Hamilton (Mercedes),42.87867,172.70849,Sunny,0.05
105,5,Hamilton (Mercedes),42.95037,215.65886,Sunny,0.05
105,1,Verstappen (Red Bull),42.04414,42.04414,Sunny,0.05
105,2,Verstappen (Red Bull),42.1365,84.18064,Sunny,0.05
105,3,Verstappen (Red Bull),43.1496,127.33024,Sunny,0.05
105,4,Verstappen (Red Bull),42.24373,169.57397,Sunny,0.05
105,5,Verstappen (Red Bull),41.77449,211.34846,Sunny,0.05
105,1,Norris (McLaren),41.76263,41.76263,Sunny,0.05
105,2,Norris (McLaren),43.71029,85.47292,Sunny,0.05
105,3,Norris (McLaren),43.10959,128.58251,Sunny,0.05
105,4,Norris (McLaren),42.52457,171.10708,Sunny,0.05
105,5,Norris (McLaren),43.0519,214.15897,Sunny,0.05
106,1,Hamilton (Mercedes),43.42745,43.42745,Sunny,0.05
106,2,Hamilton (Mercedes),43.15155,86.579,Sunny,0.05
106,3,Hamilton (Mercedes),42.50456,129.08356,Sunny,0.05
106,4,Hamilton (Mercedes),43.4583,172.54186,Sunny,0.05
106,5,Hamilton (Mercedes),42.58274,215.1246,Sunny,0.05
106,1,Verstappen (Red Bull),42.907,42.907,Sunny,0.05
106,2,Verstappen (Red Bull),43.46896,86.37595,Sunny,0.05
106,3,Verstappen (Red Bull),42.83992,129.21588,Sunny,0.05
106,4,Verstappen (Red Bull),41.95471,171.17058,Sunny,0.05
106,5,Verstappen (Red Bull),42.89007,214.06065,Sunny,0.05
106,1,Norris (McLaren),44.7257,44.7257,Sunny,0.05
106,2,Norris (McLaren),42.79338,87.51908,Sunny,0.05
106,3,Norris (McLaren),43.94444,131.46351,Sunny,0.05
106,4,Norris (McLaren),43.2519,174.71542,Sunny,0.05
106,5,Norris (McLaren),42.75042,217.46583,Sunny,0.05
107,1,Hamilton (Mercedes),43.06239,43.06239,Sunny,0.05
107,2,Hamilton (Mercedes),43.21466,86.27705,Sunny,0.05
107,3,Hamilton (Mercedes),43.12722,129.40427,Sunny,0.05
107,4,Hamilton (Mercedes),43.11459,172.51885,Sunny,0.05
107,5,Hamilton (Mercedes),43.69864,216.21749,Sunny,0.05
107,1,Verstappen (Red Bull),42.95808,42.95808,Sunny,0.05
107,2,Verstappen (Red Bull),42.12445,85.08253,Sunny,0.05
107,3,Verstappen (Red Bull),42.33475,127.41728,Sunny,0.05
107,4,Verstappen (Red Bull),42.62899,170.04627,Sunny,0.05
107,5,Verstappen (Red Bull),42.05872,212.10499,Sunny,0.05
107,1,Norris (McLaren),43.23935,43.23935,Sunny,0.05
107,2,Norris (McLaren),43.32768,86.56702,Sunny,0.05
107,3,Norris (McLaren),43.7228,130.28982,Sunny,0.05
107,4,Norris (McLaren),43.5005,173.79032,Sunny,0.05
107,5,Norris (McLaren),42.35904,216.14936,Sunny,0.05
108,1,Hamilton (Mercedes),42.8759,42.8759,Sunny,0.05
108,2,Hamilton (Mercedes),43.80919,86.68509,Sunny,0.05
108,3,Hamilton (Mercedes),42.53966,129.22476,Sunny,0.05
108,4,Hamilton (Mercedes),42.24717,171.47193,Sunny,0.05
108,5,Hamilton (Mercedes),42.79906,214.27099,Sunny,0.05
108,1,Verstappen (Red Bull),43.02556,43.02556,Sunny,0.05
108,2,Verstappen (Red Bull),42.72736,85.75292,Sunny,0.05
108,3,Verstappen (Red Bull),42.09872,127.85164,Sunny,0.05
108,4,Verstappen (Red Bull),41.95338,169.80501,Sunny,0.05
108,5,Verstappen (Red Bull),42.22993,212.03494,Sunny,0.05
108,1,Norris (McLaren),43.47483,43.47483,Sunny,0.05
108,2,Norris (McLaren),42.93247,86.40729,Sunny,0.05
108,3,Norris (McLaren),42.61281,129.02011,Sunny,0.05
108,4,Norris (McLaren),43.62384,172.64395,Sunny,0.05
108,5,Norris (McLaren),43.82069,216.46464,Sunny,0.05
109,1,Hamilton (Mercedes),42.64238,42.64238,Sunny,0.05
109,2,Hamilton (Mercedes),42.87494,85.51732,Sunny,0.05
109,3,Hamilton (Mercedes),43.44856,128.96588,Sunny,0.05
109,4,Hamilton (Mercedes),43.37596,172.34183,Sunny,0.05
109,5,Hamilton (Mercedes),43.07071,215.41254,Sunny,0.05
109,1,Verstappen (Red Bull),41.78321,41.78321,Sunny,0.05
109,2,Verstappen (Red Bull),41.6354,83.41861,Sunny,0.05
109,3,Verstappen (Red Bull),43.4196,126.83821,Sunny,0.05
109,4,Verstappen (Red Bull),42.66574,169.50395,Sunny,0.05
109,5,Verstappen (Red Bull),42.81697,212.32092,Sunny,0.05
109,1,Norris (McLaren),44.9008,44.9008,Sunny,0.05
109,2,Norris (McLaren),43.47858,88.37938,Sunny,0.05
109,3,Norris (McLaren),43.06722,131.4466,Sunny,0.05
109,4,Norris (McLaren),43.77779,175.22439,Sunny,0.05
109,5,Norris (McLaren),42.33531,217.5597,Sunny,0.05
110,1,Hamilton (Mercedes),43.00092,43.00092,Sunny,0.05
110,2,Hamilton (Mercedes),42.79684,85.79775,Sunny,0.05
110,3,Hamilton (Mercedes),43.43336,129.23111,Sunny,0.05
110,4,Hamilton (Mercedes),42.18155,171.41266,Sunny,0.05
110,5,Hamilton (Mercedes),42.60448,214.01715,Sunny,0.05
110,1,Verstappen (Red Bull),43.13494,43.13494,Sunny,0.05
110,2,Verstappen (Red Bull),43.21377,86.3487,Sunny,0.05
110,3,Verstappen (Red Bull),42.61598,128.96469,Sunny,0.05
110,4,Verstappen (Red Bull),43.22493,172.18962,Sunny,0.05
110,5,Verstappen (Red Bull),43.56489,215.75451,Sunny,0.05
110,1,Norris (McLaren),43.25732,43.25732,Sunny,0.05
110,2,Norris (McLaren),43.42541,86.68273,Sunny,0.05
110,3,Norris (McLaren),43.51162,130.19435,Sunny,0.05
110,4,Norris (McLaren),43.51795,173.7123,Sunny,0.05
110,5,Norris (McLaren),45.10777,218.82007,Sunny,0.05
111,1,Hamilton (Mercedes),42.88904,42.88904,Sunny,0.05
111,2,Hamilton (Mercedes),43.3312,86.22025,Sunny,0.05
111,3,Hamilton (Mercedes),42.98564,129.20589,Sunny,0.05
111,4,Hamilton (Mercedes),42.846,172.05189,Sunny,0.05
111,5,Hamilton (Mercedes),42.70462,214.75651,Sunny,0.05
111,1,Verstappen (Red Bull),43.24803,43.24803,Sunny,0.05
111,2,Verstappen (Red Bull),42.74603,85.99406,Sunny,0.05
111,3,Verstappen (Red Bull),43.98194,129.976,Sunny,0.05
111,4,Verstappen (Red Bull),42.98603,172.96203,Sunny,0.05
111,5,Verstappen (Red Bull),42.69786,215.65989,Sunny,0.05
111,1,Norris (McLaren),43.50134,43.50134,Sunny,0.05
111,2,Norris (McLaren),43.12592,86.62727,Sunny,0.05
111,3,Norris (McLaren),42.89475,129.52202,Sunny,0.05
111,4,Norris (McLaren),42.94342,172.46544,Sunny,0.05
111,5,Norris (McLaren),43.652,216.11744,Sunny,0.05
112,1,Hamilton (Mercedes),42.88521,42.88521,Sunny,0.05
112,2,Hamilton (Mercedes),43.12122,86.00642,Sunny,0.05
112,3,Hamilton (Mercedes),43.73877,129.74519,Sunny,0.05
112,4,Hamilton (Mercedes),44.041,173.78619,Sunny,0.05
112,5,Hamilton (Mercedes),42.43664,216.22283,Sunny,0.05
112,1,Verstappen (Red Bull),42.7617,42.7617,Sunny,0.05
112,2,Verstappen (Red Bull),42.22215,84.98385,Sunny,0.05
112,3,Verstappen (Red Bull),43.88198,128.86583,Sunny,0.05
112,4,Verstappen (Red Bull),42.17867,171.04451,Sunny,0.05
112,5,Verstappen (Red Bull),43.81376,214.85827,Sunny,0.05
112,1,Norris (McLaren),44.91214,44.91214,Sunny,0.05
112,2,Norris (McLaren),43.37094,88.28309,Sunny,0.05
112,3,Norris (McLaren),42.98686,131.26995,Sunny,0.05
112,4,Norris (McLaren),41.27109,172.54104,Sunny,0.05
112,5,Norris (McLaren),43.61585,216.15689,Sunny,0.05
113,1,Hamilton (Mercedes),42.92604,42.92604,Sunny,0.05
113,2,Hamilton (Mercedes),42.78099,85.70703,Sunny,0.05
113,3,Hamilton (Mercedes),43.59772,129.30475,Sunny,0.05
113,4,Hamilton (Mercedes),43.3204,172.62516,Sunny,0.05
113,5,Hamilton (Mercedes),42.37032,214.99548,Sunny,0.05
113,1,Verstappen (Red Bull),41.8202,41.8202,Sunny,0.05
113,2,Verstappen (Red Bull),41.76059,83.5808,Sunny,0.05
113,3,Verstappen (Red Bull),42.52152,126.10232,Sunny,0.05
113,4,Verstappen (Red Bull),42.31092,168.41324,Sunny,0.05
113,5,Verstappen (Red Bull),42.99023,211.40347,Sunny,0.05
113,1,Norris (McLaren),42.58892,42.58892,Sunny,0.05
113,2,Norris (McLaren),43.29127,85.88019,Sunny,0.05
113,3,Norris (McLaren),43.45441,129.33459,Sunny,0.05
113,4,Norris (McLaren),43.49413,172.82872,Sunny,0.05
113,5,Norris (McLaren),43.71227,216.54099,Sunny,0.05
114,1,Hamilton (Mercedes),43.14135,43.14135,Sunny,0.05
114,2,Hamilton (Mercedes),42.73106,85.8724,Sunny,0.05
114,3,Hamilton (Mercedes),44.10393,129.97633,Sunny,0.05
114,4,Hamilton (Mercedes),43.21581,173.19214,Sunny,0.05
114,5,Hamilton (Mercedes),42.49199,215.68413,Sunny,0.05
114,1,Verstappen (Red Bull),43.34066,43.34066,Sunny,0.05
114,2,Verstappen (Red Bull),42.86432,86.20498,Sunny,0.05
114,3,Verstappen (Red Bull),42.60772,128.8127,Sunny,0.05
114,4,Verstappen (Red Bull),43.90068,172.71338,Sunny,0.05
114,5,Verstappen (Red Bull),41.64587,214.35925,Sunny,0.05
114,1,Norris (McLaren),43.32337,43.32337,Sunny,0.05
114,2,Norris (McLaren),44.53074,87.85411,Sunny,0.05
114,3,Norris (McLaren),43.57182,131.42593,Sunny,0.05
114,4,Norris (McLaren),45.02139,176.44733,Sunny,0.05
114,5,Norris (McLaren),43.34234,219.78967,Sunny,0.05
115,1,Hamilton (Mercedes),42.65001,42.65001,Sunny,0.05
115,2,Hamilton (Mercedes),42.94309,85.59311,Sunny,0.05
115,3,Hamilton (Mercedes),42.8172,128.4103,Sunny,0.05
115,4,Hamilton (Mercedes),41.75377,170.16407,Sunny,0.05
115,5,Hamilton (Mercedes),43.48729,213.65136,Sunny,0.05
115,1,Verstappen (Red Bull),43.34168,43.34168,Sunny,0.05
115,2,Verstappen (Red Bull),43.2889,86.63058,Sunny,0.05
115,3,Verstappen (Red Bull),42.82655,129.45713,Sunny,0.05
115,4,Verstappen (Red Bull),42.97161,172.42873,Sunny,0.05
115,5,Verstappen (Red Bull),43.0987,215.52744,Sunny,0.05
115,1,Norris (McLaren),44.66395,44.66395,Sunny,0.05
115,2,Norris (McLaren),43.51345,88.1774,Sunny,0.05
115,3,Norris (McLaren),43.37382,131.55122,Sunny,0.05
115,4,Norris (McLaren),43.65598,175.20719,Sunny,0.05
115,5,Norris (McLaren),43.7739,218.98109,Sunny,0.05
116,1,Hamilton (Mercedes),43.1727,43.1727,Sunny,0.05
116,2,Hamilton (Mercedes),43.55681,86.72951,Sunny,0.05
116,3,Hamilton (Mercedes),43.47952,130.20903,Sunny,0.05
116,4,Hamilton (Mercedes),42.85635,173.06538,Sunny,0.05
116,5,Hamilton (Mercedes),42.48931,215.55469,Sunny,0.05
116,1,Verstappen (Red Bull),42.70396,42.70396,Sunny,0.05
116,2,Verstappen (Red Bull),43.3357,86.03965,Sunny,0.05
116,3,Verstappen (Red Bull),42.1569,128.19655,Sunny,0.05
116,4,Verstappen (Red Bull),42.66035,170.8569,Sunny,0.05
116,5,Verstappen (Red Bull),41.66638,212.52328,Sunny,0.05
116,1,Norris (McLaren),43.48975,43.48975,Sunny,0.05
116,2,Norris (McLaren),44.32735,87.8171,Sunny,0.05
116,3,Norris (McLaren),44.14937,131.96647,Sunny,0.05
116,4,Norris (McLaren),42.4198,174.38627,Sunny,0.05
116,5,Norris (McLaren),43.82087,218.20714,Sunny,0.05
117,1,Hamilton (Mercedes),43.33192,43.33192,Sunny,0.05
117,2,Hamilton (Mercedes),43.47,86.80192,Sunny,0.05
117,3,Hamilton (Mercedes),43.13858,129.94051,Sunny,0.05
117,4,Hamilton (Mercedes),43.99264,173.93315,Sunny,0.05
117,5,Hamilton (Mercedes),42.65221,216.58535,Sunny,0.05
117,1,Verstappen (Red Bull),43.30728,43.30728,Sunny,0.05
117,2,Verstappen (Red Bull),42.63825,85.94553,Sunny,0.05
117,3,Verstappen (Red Bull),42.14702,128.09255,Sunny,0.05
117,4,Verstappen (Red Bull),42.33086,170.42341,Sunny,0.05
117,5,Verstappen (Red Bull),42.07172,212.49514,Sunny,0.05
117,1,Norris (McLaren),44.00518,44.00518,Sunny,0.05
117,2,Norris (McLaren),43.76092,87.76611,Sunny,0.05
117,3,Norris (McLaren),42.17005,129.93616,Sunny,0.05
117,4,Norris (McLaren),43.37247,173.30863,Sunny,0.05
117,5,Norris (McLaren),42.95853,216.26717,Sunny,0.05
118,1,Hamilton (Mercedes),42.34207,42.34207,Sunny,0.05
118,2,Hamilton (Mercedes),42.36768,84.70975,Sunny,0.05
118,3,Hamilton (Mercedes),41.58844,126.29819,Sunny,0.05
118,4,Hamilton (Mercedes),43.49469,169.79288,Sunny,0.05
118,5,Hamilton (Mercedes),43.19249,212.98537,Sunny,0.05
118,1,Verstappen (Red Bull),42.66001,42.66001,Sunny,0.05
118,2,Verstappen (Red Bull),41.7924,84.45241,Sunny,0.05
118,3,Verstappen (Red Bull),43.13489,127.5873,Sunny,0.05
118,4,Verstappen (Red Bull),43.42035,171.00765,Sunny,0.05
118,5,Verstappen (Red Bull),42.56705,213.5747,Sunny,0.05
118,1,Norris (McLaren),42.85314,42.85314,Sunny,0.05
118,2,Norris (McLaren),43.43298,86.28612,Sunny,0.05
118,3,Norris (McLaren),43.72408,130.0102,Sunny,0.05
118,4,Norris (McLaren),43.86333,173.87353,Sunny,0.05
118,5,Norris (McLaren),43.34474,217.21827,Sunny,0.05
119,1,Hamilton (Mercedes),42.89435,42.89435,Sunny,0.05
119,2,Hamilton (Mercedes),43.47547,86.36982,Sunny,0.05
119,3,Hamilton (Mercedes),43.41665,129.78647,Sunny,0.05
119,4,Hamilton (Mercedes),42.72921,172.51568,Sunny,0.05
119,5,Hamilton (Mercedes),43.47067,215.98635,Sunny,0.05
119,1,Verstappen (Red Bull),42.60393,42.60393,Sunny,0.05
119,2,Verstappen (Red Bull),42.11038,84.71431,Sunny,0.05
119,3,Verstappen (Red Bull),43.82522,128.53953,Sunny,0.05
119,4,Verstappen (Red Bull),42.0894,170.62893,Sunny,0.05
119,5,Verstappen (Red Bull),42.25135,212.88028,Sunny,0.05
119,1,Norris (McLaren),43.67142,43.67142,Sunny,0.05
119,2,Norris (McLaren),44.35766,88.02908,Sunny,0.05
119,3,Norris (McLaren),42.84694,130.87602,Sunny,0.05
119,4,Norris (McLaren),42.39184,173.26786,Sunny,0.05
119,5,Norris (McLaren),44.84873,218.11659,Sunny,0.05
120,1,Hamilton (Mercedes),43.27806,43.27806,Sunny,0.05
120,2,Hamilton (Mercedes),42.35215,85.63021,Sunny,0.05
120,3,Hamilton (Mercedes),43.72426,129.35447,Sunny,0.05
120,4,Hamilton (Mercedes),42.34409,171.69857,Sunny,0.05
120,5,Hamilton (Mercedes),43.14308,214.84165,Sunny,0.05
120,1,Verstappen (Red Bull),43.13908,43.13908,Sunny,0.05
120,2,Verstappen (Red Bull),42.63993,85.779,Sunny,0.05
120,3,Verstappen (Red Bull),42.74655,128.52555,Sunny,0.05
120,4,Verstappen (Red Bull),43.14787,171.67343,Sunny,0.05
120,5,Verstappen (Red Bull),42.11342,213.78685,Sunny,0.05
120,1,Norris (McLaren),42.57652,42.57652,Sunny,0.05
120,2,Norris (McLaren),42.14156,84.71808,Sunny,0.05
120,3,Norris (McLaren),43.27701,127.99509,Sunny,0.05
120,4,Norris (McLaren),43.18566,171.18075,Sunny,0.05
120,5,Norris (McLaren),43.11055,214.29129,Sunny,0.05
121,1,Hamilton (Mercedes),42.98108,42.98108,Sunny,0.05
121,2,Hamilton (Mercedes),42.92057,85.90166,Sunny,0.05
121,3,Hamilton (Mercedes),42.27001,128.17167,Sunny,0.05
121,4,Hamilton (Mercedes),43.21782,171.38949,Sunny,0.05
121,5,Hamilton (Mercedes),42.53124,213.92072,Sunny,0.05
121,1,Verstappen (Red Bull),43.35449,43.35449,Sunny,0.05
121,2,Verstappen (Red Bull),42.31104,85.66553,Sunny,0.05
121,3,Verstappen (Red Bull),42.02675,127.69227,Sunny,0.05
121,4,Verstappen (Red Bull),42.59913,170.2914,Sunny,0.05
121,5,Verstappen (Red Bull),42.45506,212.74647,Sunny,0.05
121,1,Norris (McLaren),44.1573,44.1573,Sunny,0.05
121,2,Norris (McLaren),43.68183,87.83913,Sunny,0.05
121,3,Norris (McLaren),42.79214,130.63126,Sunny,0.05
121,4,Norris (McLaren),42.53873,173.16999,Sunny,0.05
121,5,Norris (McLaren),42.5966,215.76659,Sunny,0.05
122,1,Hamilton (Mercedes),42.99463,42.99463,Sunny,0.05
122,2,Hamilton (Mercedes),43.22885,86.22348,Sunny,0.05
122,3,Hamilton (Mercedes),42.28664,128.51012,Sunny,0.05
122,4,Hamilton (Mercedes),43.69795,172.20807,Sunny,0.05
122,5,Hamilton (Mercedes),42.90465,215.11272,Sunny,0.05
122,1,Verstappen (Red Bull),42.74117,42.74117,Sunny,0.05
122,2,Verstappen (Red Bull),42.72356,85.46473,Sunny,0.05
122,3,Verstappen (Red Bull),42.92023,128.38496,Sunny,0.05
122,4,Verstappen (Red Bull),42.48991,170.87487,Sunny,0.05
122,5,Verstappen (Red Bull),43.05338,213.92825,Sunny,0.05
122,1,Norris (McLaren),43.25011,43.25011,Sunny,0.05
122,2,Norris (McLaren),43.23086,86.48096,Sunny,0.05
122,3,Norris (McLaren),42.41029,128.89125,Sunny,0.05
122,4,Norris (McLaren),43.63445,172.52571,Sunny,0.05
122,5,Norris (McLaren),42.48134,215.00704,Sunny,0.05
123,1,Hamilton (Mercedes),42.53618,42.53618,Sunny,0.05
123,2,Hamilton (Mercedes),43.20945,85.74563,Sunny,0.05
123,3,Hamilton (Mercedes),41.85824,127.60386,Sunny,0.05
123,4,Hamilton (Mercedes),43.36452,170.96838,Sunny,0.05
123,5,Hamilton (Mercedes),43.24585,214.21423,Sunny,0.05
123,1,Verstappen (Red Bull),42.07718,42.07718,Sunny,0.05
123,2,Verstappen (Red Bull),42.01423,84.09141,Sunny,0.05
123,3,Verstappen (Red Bull),41.92315,126.01456,Sunny,0.05
123,4,Verstappen (Red Bull),42.66492,168.67948,Sunny,0.05
123,5,Verstappen (Red Bull),42.74024,211.41973,Sunny,0.05
123,1,Norris (McLaren),42.8903,42.8903,Sunny,0.05
123,2,Norris (McLaren),43.38584,86.27614,Sunny,0.05
123,3,Norris (McLaren),45.17173,131.44788,Sunny,0.05
123,4,Norris (McLaren),43.12984,174.57771,Sunny,0.05
123,5,Norris (McLaren),43.28449,217.8622,Sunny,0.05
124,1,Hamilton (Mercedes),43.20677,43.20677,Sunny,0.05
124,2,Hamilton (Mercedes),43.871,87.07777,Sunny,0.05
124,3,Hamilton (Mercedes),43.87599,130.95375,Sunny,0.05
124,4,Hamilton (Mercedes),43.54778,174.50153,Sunny,0.05
124,5,Hamilton (Mercedes),42.90978,217.41131,Sunny,0.05
124,1,Verstappen (Red Bull),42.10711,42.10711,Sunny,0.05
124,2,Verstappen (Red Bull),42.74615,84.85326,Sunny,0.05
124,3,Verstappen (Red Bull),42.24851,127.10177,Sunny,0.05
124,4,Verstappen (Red Bull),43.8591,170.96087,Sunny,0.05
124,5,Verstappen (Red Bull),42.09331,213.05418,Sunny,0.05
124,1,Norris (McLaren),44.39293,44.39293,Sunny,0.05
124,2,Norris (McLaren),43.36206,87.75499,Sunny,0.05
124,3,Norris (McLaren),43.56899,131.32398,Sunny,0.05
124,4,Norris (McLaren),43.66829,174.99228,Sunny,0.05
124,5,Norris (McLaren),44.34913,219.34141,Sunny,0.05
125,1,Hamilton (Mercedes),42.63247,42.63247,Sunny,0.05
125,2,Hamilton (Mercedes),43.59883,86.2313,Sunny,0.05
125,3,Hamilton (Mercedes),43.83446,130.06576,Sunny,0.05
125,4,Hamilton (Mercedes),43.97012,174.03587,Sunny,0.05
125,5,Hamilton (Mercedes),43.67324,217.70912,Sunny,0.05
125,1,Verstappen (Red Bull),42.60755,42.60755,Sunny,0.05
125,2,Verstappen (Red Bull),42.69677,85.30432,Sunny,0.05
125,3,Verstappen (Red Bull),43.72726,129.03158,Sunny,0.05
125,4,Verstappen (Red Bull),41.94159,170.97317,Sunny,0.05
125,5,Verstappen (Red Bull),42.45561,213.42878,Sunny,0.05
125,1,Norris (McLaren),42.70135,42.70135,Sunny,0.05
125,2,Norris (McLaren),42.71458,85.41593,Sunny,0.05
125,3,Norris (McLaren),44.96965,130.38558,Sunny,0.05
125,4,Norris (McLaren),43.11022,173.4958,Sunny,0.05
125,5,Norris (McLaren),42.59634,216.09214,Sunny,0.05
126,1,Hamilton (Mercedes),43.37229,43.37229,Sunny,0.05
126,2,Hamilton (Mercedes),42.65505,86.02734,Sunny,0.05
126,3,Hamilton (Mercedes),42.7251,128.75244,Sunny,0.05
126,4,Hamilton (Mercedes),43.48871,172.24115,Sunny,0.05
126,5,Hamilton (Mercedes),43.43557,215.67673,Sunny,0.05
126,1,Verstappen (Red Bull),42.70981,42.70981,Sunny,0.05
126,2,Verstappen (Red Bull),43.06301,85.77283,Sunny,0.05
126,3,Verstappen (Red Bull),42.29855,128.07138,Sunny,0.05
126,4,Verstappen (Red Bull),42.54716,170.61854,Sunny,0.05
126,5,Verstappen (Red Bull),43.03354,213.65208,Sunny,0.05
126,1,Norris (McLaren),43.67291,43.67291,Sunny,0.05
126,2,Norris (McLaren),43.72836,87.40127,Sunny,0.05
126,3,Norris (McLaren),43.54645,130.94772,Sunny,0.05
126,4,Norris (McLaren),43.88924,174.83696,Sunny,0.05
126,5,Norris (McLaren),43.9721,218.80907,Sunny,0.05
127,1,Hamilton (Mercedes),42.6431,42.6431,Sunny,0.05
127,2,Hamilton (Mercedes),43.47592,86.11903,Sunny,0.05
127,3,Hamilton (Mercedes),42.76094,128.87997,Sunny,0.05
127,4,Hamilton (Mercedes),43.1506,172.03057,Sunny,0.05
127,5,Hamilton (Mercedes),44.08894,216.11951,Sunny,0.05
127,1,Verstappen (Red Bull),43.24167,43.24167,Sunny,0.05
127,2,Verstappen (Red Bull),42.41941,85.66109,Sunny,0.05
127,3,Verstappen (Red Bull),41.58222,127.24331,Sunny,0.05
127,4,Verstappen (Red Bull),42.00502,169.24833,Sunny,0.05
127,5,Verstappen (Red Bull),42.89604,212.14437,Sunny,0.05
127,1,Norris (McLaren),43.93096,43.93096,Sunny,0.05
127,2,Norris (McLaren),43.18402,87.11498,Sunny,0.05
127,3,Norris (McLaren),43.35524,130.47022,Sunny,0.05
127,4,Norris (McLaren),44.27561,174.74583,Sunny,0.05
127,5,Norris (McLaren),43.0025,217.74833,Sunny,0.05
128,1,Hamilton (Mercedes),43.43499,43.43499,Sunny,0.05
128,2,Hamilton (Mercedes),42.62271,86.0577,Sunny,0.05
128,3,Hamilton (Mercedes),42.85108,128.90878,Sunny,0.05
128,4,Hamilton (Mercedes),42.73467,171.64345,Sunny,0.05
128,5,Hamilton (Mercedes),42.36682,214.01027,Sunny,0.05
128,1,Verstappen (Red Bull),42.23677,42.23677,Sunny,0.05
128,2,Verstappen (Red Bull),42.10098,84.33775,Sunny,0.05
128,3,Verstappen (Red Bull),42.29927,126.63702,Sunny,0.05
128,4,Verstappen (Red Bull),42.6025,169.23951,Sunny,0.05
128,5,Verstappen (Red Bull),42.57698,211.81649,Sunny,0.05
128,1,Norris (McLaren),43.14429,43.14429,Sunny,0.05
128,2,Norris (McLaren),41.60631,84.75059,Sunny,0.05
128,3,Norris (McLaren),42.72979,127.48038,Sunny,0.05
128,4,Norris (McLaren),43.72592,171.2063,Sunny,0.05
128,5,Norris (McLaren),43.67773,214.88403,Sunny,0.05
129,1,Hamilton (Mercedes),43.59009,43.59009,Sunny,0.05
129,2,Hamilton (Mercedes),42.98425,86.57434,Sunny,0.05
129,3,Hamilton (Mercedes),43.19146,129.7658,Sunny,0.05
129,4,Hamilton (Mercedes),43.25987,173.02566,Sunny,0.05
129,5,Hamilton (Mercedes),43.12121,216.14687,Sunny,0.05
129,1,Verstappen (Red Bull),42.21603,42.21603,Sunny,0.05
129,2,Verstappen (Red Bull),41.97224,84.18827,Sunny,0.05
129,3,Verstappen (Red Bull),42.19088,126.37915,Sunny,0.05
129,4,Verstappen (Red Bull),42.1256,168.50475,Sunny,0.05
129,5,Verstappen (Red Bull),42.40106,210.90581,Sunny,0.05
129,1,Norris (McLaren),43.1265,43.1265,Sunny,0.05
129,2,Norris (McLaren),42.86847,85.99498,Sunny,0.05
129,3,Norris (McLaren),43.98392,129.9789,Sunny,0.05
129,4,Norris (McLaren),43.49684,173.47573,Sunny,0.05
129,5,Norris (McLaren),41.83616,215.3119,Sunny,0.05
130,1,Hamilton (Mercedes),43.59264,43.59264,Sunny,0.05
130,2,Hamilton (Mercedes),43.29466,86.88731,Sunny,0.05
130,3,Hamilton (Mercedes),42.50525,129.39255,Sunny,0.05
130,4,Hamilton (Mercedes),43.78142,173.17397,Sunny,0.05
130,5,Hamilton (Mercedes),43.00422,216.17819,Sunny,0.05
130,1,Verstappen (Red Bull),41.87128,41.87128,Sunny,0.05
130,2,Verstappen (Red Bull),43.373,85.24428,Sunny,0.05
130,3,Verstappen (Red Bull),42.39018,127.63447,Sunny,0.05
130,4,Verstappen (Red Bull),42.94167,170.57613,Sunny,0.05
130,5,Verstappen (Red Bull),42.40605,212.98219,Sunny,0.05
130,1,Norris (McLaren),43.27058,43.27058,Sunny,0.05
130,2,Norris (McLaren),43.29342,86.564,Sunny,0.05
130,3,Norris (McLaren),42.71607,129.28007,Sunny,0.05
130,4,Norris (McLaren),43.41384,172.6939,Sunny,0.05
130,5,Norris (McLaren),42.6366,215.33051,Sunny,0.05
131,1,Hamilton (Mercedes),43.90818,43.90818,Sunny,0.05
131,2,Hamilton (Mercedes),43.45503,87.36321,Sunny,0.05
131,3,Hamilton (Mercedes),43.13366,130.49687,Sunny,0.05
131,4,Hamilton (Mercedes),43.55627,174.05314,Sunny,0.05
131,5,Hamilton (Mercedes),42.80369,216.85683,Sunny,0.05
131,1,Verstappen (Red Bull),42.66124,42.66124,Sunny,0.05
131,2,Verstappen (Red Bull),42.55913,85.22037,Sunny,0.05
131,3,Verstappen (Red Bull),42.43114,127.65151,Sunny,0.05
131,4,Verstappen (Red Bull),43.1688,170.8203,Sunny,0.05
131,5,Verstappen (Red Bull),43.23064,214.05095,Sunny,0.05
131,1,Norris (McLaren),43.62756,43.62756,Sunny,0.05
131,2,Norris (McLaren),44.61921,88.24677,Sunny,0.05
131,3,Norris (McLaren),42.91082,131.15759,Sunny,0.05
131,4,Norris (McLaren),43.20881,174.3664,Sunny,0.05
131,5,Norris (McLaren),44.25656,218.62297,Sunny,0.05
132,1,Hamilton (Mercedes),43.27146,43.27146,Sunny,0.05
132,2,Hamilton (Mercedes),43.59612,86.86758,Sunny,0.05
132,3,Hamilton (Mercedes),42.72282,129.5904,Sunny,0.05
132,4,Hamilton (Mercedes),43.15687,172.74728,Sunny,0.05
132,5,Hamilton (Mercedes),43.17039,215.91767,Sunny,0.05
132,1,Verstappen (Red Bull),43.18153,43.18153,Sunny,0.05
132,2,Verstappen (Red Bull),42.33274,85.51427,Sunny,0.05
132,3,Verstappen (Red Bull),43.46435,128.97862,Sunny,0.05
132,4,Verstappen (Red Bull),42.45553,171.43415,Sunny,0.05
132,5,Verstappen (Red Bull),42.61488,214.04903,Sunny,0.05
132,1,Norris (McLaren),43.41975,43.41975,Sunny,0.05
132,2,Norris (McLaren),44.00303,87.42278,Sunny,0.05
132,3,Norris (McLaren),41.6674,129.09018,Sunny,0.05
132,4,Norris (McLaren),42.9825,172.07268,Sunny,0.05
132,5,Norris (McLaren),44.06465,216.13733,Sunny,0.05
133,1,Hamilton (Mercedes),43.37886,43.37886,Sunny,0.05
133,2,Hamilton (Mercedes),43.0703,86.44916,Sunny,0.05
133,3,Hamilton (Mercedes),43.36823,129.81739,Sunny,0.05
133,4,Hamilton (Mercedes),43.22234,173.03973,Sunny,0.05
133,5,Hamilton (Mercedes),44.11338,217.15311,Sunny,0.05
133,1,Verstappen (Red Bull),42.28348,42.28348,Sunny,0.05
133,2,Verstappen (Red Bull),43.79989,86.08338,Sunny,0.05
133,3,Verstappen (Red Bull),42.72645,128.80983,Sunny,0.05
133,4,Verstappen (Red Bull),42.45483,171.26465,Sunny,0.05
133,5,Verstappen (Red Bull),42.93555,214.20021,Sunny,0.05
133,1,Norris (McLaren),42.35192,42.35192,Sunny,0.05
133,2,Norris (McLaren),43.18342,85.53533,Sunny,0.05
133,3,Norris (McLaren),42.58503,128.12036,Sunny,0.05
133,4,Norris (McLaren),44.60826,172.72862,Sunny,0.05
133,5,Norris (McLaren),43.79419,216.52281,Sunny,0.05
134,1,Hamilton (Mercedes),42.39721,42.39721,Sunny,0.05
134,2,Hamilton (Mercedes),44.16452,86.56173,Sunny,0.05
134,3,Hamilton (Mercedes),42.71218,129.27392,Sunny,0.05
134,4,Hamilton (Mercedes),42.83994,172.11386,Sunny,0.05
134,5,Hamilton (Mercedes),43.38429,215.49816,Sunny,0.05
134,1,Verstappen (Red Bull),42.37052,42.37052,Sunny,0.05
134,2,Verstappen (Red Bull),42.18051,84.55103,Sunny,0.05
134,3,Verstappen (Red Bull),42.56582,127.11685,Sunny,0.05
134,4,Verstappen (Red Bull),43.46139,170.57824,Sunny,0.05
134,5,Verstappen (Red Bull),42.49404,213.07229,Sunny,0.05
134,1,Norris (McLaren),43.76273,43.76273,Sunny,0.05
134,2,Norris (McLaren),43.07677,86.8395,Sunny,0.05
134,3,Norris (McLaren),43.11783,129.95733,Sunny,0.05
134,4,Norris (McLaren),43.05819,173.01552,Sunny,0.05
134,5,Norris (McLaren),42.14515,215.16068,Sunny,0.05
135,1,Hamilton (Mercedes),42.94208,42.94208,Sunny,0.05
135,2,Hamilton (Mercedes),42.65136,85.59343,Sunny,0.05
135,3,Hamilton (Mercedes),43.40924,129.00267,Sunny,0.05
135,4,Hamilton (Mercedes),42.52412,171.52679,Sunny,0.05
135,5,Hamilton (Mercedes),43.20276,214.72955,Sunny,0.05
135,1,Verstappen (Red Bull),42.95041,42.95041,Sunny,0.05
135,2,Verstappen (Red Bull),41.86153,84.81194,Sunny,0.05
135,3,Verstappen (Red Bull),42.42702,127.23895,Sunny,0.05
135,4,Verstappen (Red Bull),42.65913,169.89808,Sunny,0.05
135,5,Verstappen (Red Bull),42.80805,212.70613,Sunny,0.05
135,1,Norris (McLaren),42.95607,42.95607,Sunny,0.05
135,2,Norris (McLaren),43.56704,86.52312,Sunny,0.05
135,3,Norris (McLaren),41.34764,127.87076,Sunny,0.05
135,4,Norris (McLaren),43.85657,171.72733,Sunny,0.05
135,5,Norris (McLaren),42.63981,214.36714,Sunny,0.05
136,1,Hamilton (Mercedes),42.71827,42.71827,Sunny,0.05
136,2,Hamilton (Mercedes),42.76395,85.48222,Sunny,0.05
136,3,Hamilton (Mercedes),42.94183,128.42405,Sunny,0.05
136,4,Hamilton (Mercedes),43.57395,171.998,Sunny,0.05
136,5,Hamilton (Mercedes),43.29536,215.29336,Sunny,0.05
136,1,Verstappen (Red Bull),41.56934,41.56934,Sunny,0.05
136,2,Verstappen (Red Bull),43.18578,84.75512,Sunny,0.05
136,3,Verstappen (Red Bull),43.22567,127.98078,Sunny,0.05
136,4,Verstappen (Red Bull),41.98305,169.96383,Sunny,0.05
136,5,Verstappen (Red Bull),43.08046,213.04429,Sunny,0.05
136,1,Norris (McLaren),43.34857,43.34857,Sunny,0.05
136,2,Norris (McLaren),42.57095,85.91952,Sunny,0.05
136,3,Norris (McLaren),43.10399,129.02351,Sunny,0.05
136,4,Norris (McLaren),43.00418,172.02769,Sunny,0.05
136,5,Norris (McLaren),45.00998,217.03767,Sunny,0.05
137,1,Hamilton (Mercedes),43.62965,43.62965,Sunny,0.05
137,2,Hamilton (Mercedes),43.81095,87.4406,Sunny,0.05
137,3,Hamilton (Mercedes),43.35969,130.80029,Sunny,0.05
137,4,Hamilton (Mercedes),42.98054,173.78083,Sunny,0.05
137,5,Hamilton (Mercedes),43.38029,217.16112,Sunny,0.05
137,1,Verstappen (Red Bull),43.05875,43.05875,Sunny,0.05
137,2,Verstappen (Red Bull),43.31793,86.37668,Sunny,0.05
137,3,Verstappen (Red Bull),43.0231,129.39978,Sunny,0.05
137,4,Verstappen (Red Bull),43.14711,172.54689,Sunny,0.05
137,5,Verstappen (Red Bull),42.98193,215.52882,Sunny,0.05
137,1,Norris (McLaren),43.77693,43.77693,Sunny,0.05
137,2,Norris (McLaren),43.34009,87.11702,Sunny,0.05
137,3,Norris (McLaren),42.6988,129.81583,Sunny,0.05
137,4,Norris (McLaren),43.56673,173.38256,Sunny,0.05
137,5,Norris (McLaren),42.96196,216.34452,Sunny,0.05
138,1,Hamilton (Mercedes),42.61282,42.61282,Sunny,0.05
138,2,Hamilton (Mercedes),42.68744,85.30026,Sunny,0.05
138,3,Hamilton (Mercedes),43.77259,129.07286,Sunny,0.05
138,4,Hamilton (Mercedes),42.48845,171.56131,Sunny,0.05
138,5,Hamilton (Mercedes),43.01148,214.57279,Sunny,0.05
138,1,Verstappen (Red Bull),42.41155,42.41155,Sunny,0.05
138,2,Verstappen (Red Bull),42.76574,85.17729,Sunny,0.05
138,3,Verstappen (Red Bull),42.31639,127.49368,Sunny,0.05
138,4,Verstappen (Red Bull),42.78842,170.2821,Sunny,0.05
138,5,Verstappen (Red Bull),42.42135,212.70345,Sunny,0.05
138,1,Norris (McLaren),43.62017,43.62017,Sunny,0.05
138,2,Norris (McLaren),43.97384,87.59402,Sunny,0.05
138,3,Norris (McLaren),43.61863,131.21265,Sunny,0.05
138,4,Norris (McLaren),43.162,174.37464,Sunny,0.05
138,5,Norris (McLaren),43.40665,217.7813,Sunny,0.05
139,1,Hamilton (Mercedes),42.57654,42.57654,Sunny,0.05
139,2,Hamilton (Mercedes),43.48254,86.05909,Sunny,0.05
139,3,Hamilton (Mercedes),43.08452,129.1436,Sunny,0.05
139,4,Hamilton (Mercedes),43.85502,172.99862,Sunny,0.05
139,5,Hamilton (Mercedes),42.36406,215.36268,Sunny,0.05
139,1,Verstappen (Red Bull),42.09632,42.09632,Sunny,0.05
139,2,Verstappen (Red Bull),43.54482,85.64114,Sunny,0.05
139,3,Verstappen (Red Bull),43.01654,128.65768,Sunny,0.05
139,4,Verstappen (Red Bull),42.93662,171.5943,Sunny,0.05
139,5,Verstappen (Red Bull),41.80132,213.39562,Sunny,0.05
139,1,Norris (McLaren),42.45654,42.45654,Sunny,0.05
139,2,Norris (McLaren),42.57261,85.02915,Sunny,0.05
139,3,Norris (McLaren),43.61059,128.63974,Sunny,0.05
139,4,Norris (McLaren),43.09191,171.73164,Sunny,0.05
139,5,Norris (McLaren),42.69172,214.42336,Sunny,0.05
140,1,Hamilton (Mercedes),43.524,43.524,Sunny,0.05
140,2,Hamilton (Mercedes),42.81659,86.3406,Sunny,0.05
140,3,Hamilton (Mercedes),43.77461,130.1152,Sunny,0.05
140,4,Hamilton (Mercedes),43.28612,173.40132,Sunny,0.05
140,5,Hamilton (Mercedes),42.87843,216.27976,Sunny,0.05
140,1,Verstappen (Red Bull),43.16666,43.16666,Sunny,0.05
140,2,Verstappen (Red Bull),42.76968,85.93634,Sunny,0.05
140,3,Verstappen (Red Bull),42.83384,128.77018,Sunny,0.05
140,4,Verstappen (Red Bull),42.28557,171.05576,Sunny,0.05
140,5,Verstappen (Red Bull),43.54241,214.59816,Sunny,0.05
140,1,Norris (McLaren),42.83494,42.83494,Sunny,0.05
140,2,Norris (McLaren),42.62519,85.46013,Sunny,0.05
140,3,Norris (McLaren),43.72509,129.18522,Sunny,0.05
140,4,Norris (McLaren),43.70656,172.89178,Sunny,0.05
140,5,Norris (McLaren),44.4625,217.35428,Sunny,0.05
141,1,Hamilton (Mercedes),43.06348,43.06348,Sunny,0.05
141,2,Hamilton (Mercedes),43.51322,86.5767,Sunny,0.05
141,3,Hamilton (Mercedes),43.27835,129.85505,Sunny,0.05
141,4,Hamilton (Mercedes),43.74603,173.60107,Sunny,0.05
141,5,Hamilton (Mercedes),43.27512,216.87619,Sunny,0.05
141,1,Verstappen (Red Bull),42.80226,42.80226,Sunny,0.05
141,2,Verstappen (Red Bull),43.27212,86.07437,Sunny,0.05
141,3,Verstappen (Red Bull),42.25685,128.33122,Sunny,0.05
141,4,Verstappen (Red Bull),43.80444,172.13566,Sunny,0.05
141,5,Verstappen (Red Bull),43.56954,215.7052,Sunny,0.05
141,1,Norris (McLaren),42.77084,42.77084,Sunny,0.05
141,2,Norris (McLaren),42.77105,85.54189,Sunny,0.05
141,3,Norris (McLaren),43.45992,129.00181,Sunny,0.05
141,4,Norris (McLaren),42.58799,171.58981,Sunny,0.05
141,5,Norris (McLaren),42.09013,213.67994,Sunny,0.05
142,1,Hamilton (Mercedes),42.82495,42.82495,Sunny,0.05
142,2,Hamilton (Mercedes),43.19067,86.01562,Sunny,0.05
142,3,Hamilton (Mercedes),44.00361,130.01922,Sunny,0.05
142,4,Hamilton (Mercedes),43.70363,173.72285,Sunny,0.05
142,5,Hamilton (Mercedes),41.54378,215.26663,Sunny,0.05
142,1,Verstappen (Red Bull),42.16729,42.16729,Sunny,0.05
142,2,Verstappen (Red Bull),43.06951,85.23679,Sunny,0.05
142,3,Verstappen (Red Bull),42.78958,128.02637,Sunny,0.05
142,4,Verstappen (Red Bull),42.85601,170.88239,Sunny,0.05
142,5,Verstappen (Red Bull),42.67627,213.55866,Sunny,0.05
142,1,Norris (McLaren),43.55869,43.55869,Sunny,0.05
142,2,Norris (McLaren),43.17758,86.73627,Sunny,0.05
142,3,Norris (McLaren),43.18986,129.92613,Sunny,0.05
142,4,Norris (McLaren),43.46239,173.38852,Sunny,0.05
142,5,Norris (McLaren),43.56082,216.94934,Sunny,0.05
143,1,Hamilton (Mercedes),43.2938,43.2938,Sunny,0.05
143,2,Hamilton (Mercedes),43.07828,86.37208,Sunny,0.05
143,3,Hamilton (Mercedes),42.88717,129.25925,Sunny,0.05
143,4,Hamilton (Mercedes),42.81717,172.07641,Sunny,0.05
143,5,Hamilton (Mercedes),42.75509,214.83151,Sunny,0.05
143,1,Verstappen (Red Bull),42.88868,42.88868,Sunny,0.05
143,2,Verstappen (Red Bull),42.6603,85.54897,Sunny,0.05
143,3,Verstappen (Red Bull),42.83783,128.3868,Sunny,0.05
143,4,Verstappen (Red Bull),41.52357,169.91037,Sunny,0.05
143,5,Verstappen (Red Bull),41.98996,211.90033,Sunny,0.05
143,1,Norris (McLaren),43.73912,43.73912,Sunny,0.05
143,2,Norris (McLaren),42.56715,86.30628,Sunny,0.05
143,3,Norris (McLaren),44.04169,130.34797,Sunny,0.05
143,4,Norris (McLaren),42.46253,172.81049,Sunny,0.05
143,5,Norris (McLaren),42.37075,215.18124,Sunny,0.05
144,1,Hamilton (Mercedes),41.61427,41.61427,Sunny,0.05
144,2,Hamilton (Mercedes),42.87989,84.49416,Sunny,0.05
144,3,Hamilton (Mercedes),42.98397,127.47813,Sunny,0.05
144,4,Hamilton (Mercedes),42.83824,170.31637,Sunny,0.05
144,5,Hamilton (Mercedes),43.28893,213.6053,Sunny,0.05
144,1,Verstappen (Red Bull),43.03927,43.03927,Sunny,0.05
144,2,Verstappen (Red Bull),43.53084,86.57011,Sunny,0.05
144,3,Verstappen (Red Bull),41.00925,127.57936,Sunny,0.05
144,4,Verstappen (Red Bull),42.50916,170.08852,Sunny,0.05
144,5,Verstappen (Red Bull),41.9096,211.99811,Sunny,0.05
144,1,Norris (McLaren),43.26879,43.26879,Sunny,0.05
144,2,Norris (McLaren),42.82058,86.08936,Sunny,0.05
144,3,Norris (McLaren),43.71182,129.80118,Sunny,0.05
144,4,Norris (McLaren),43.24377,173.04495,Sunny,0.05
144,5,Norris (McLaren),42.75682,215.80177,Sunny,0.05
145,1,Hamilton (Mercedes),43.2516,43.2516,Sunny,0.05
145,2,Hamilton (Mercedes),42.67897,85.93057,Sunny,0.05
145,3,Hamilton (Mercedes),43.53209,129.46265,Sunny,0.05
145,4,Hamilton (Mercedes),42.4883,171.95095,Sunny,0.05
145,5,Hamilton (Mercedes),43.13363,215.08458,Sunny,0.05
145,1,Verstappen (Red Bull),42.47498,42.47498,Sunny,0.05
145,2,Verstappen (Red Bull),43.18826,85.66323,Sunny,0.05
145,3,Verstappen (Red Bull),42.19238,127.85562,Sunny,0.05
145,4,Verstappen (Red Bull),43.04349,170.89911,Sunny,0.05
145,5,Verstappen (Red Bull),43.17558,214.07469,Sunny,0.05
145,1,Norris (McLaren),42.72845,42.72845,Sunny,0.05
145,2,Norris (McLaren),42.74769,85.47614,Sunny,0.05
145,3,Norris (McLaren),42.14598,127.62212,Sunny,0.05
145,4,Norris (McLaren),43.54941,171.17153,Sunny,0.05
145,5,Norris (McLaren),43.27047,214.442,Sunny,0.05
146,1,Hamilton (Mercedes),42.58929,42.58929,Sunny,0.05
146,2,Hamilton (Mercedes),43.48282,86.07211,Sunny,0.05
146,3,Hamilton (Mercedes),42.86373,128.93584,Sunny,0.05
146,4,Hamilton (Mercedes),42.39754,171.33338,Sunny,0.05
146,5,Hamilton (Mercedes),42.88491,214.21829,Sunny,0.05
146,1,Verstappen (Red Bull),42.9663,42.9663,Sunny,0.05
146,2,Verstappen (Red Bull),43.05989,86.02619,Sunny,0.05
146,3,Verstappen (Red Bull),42.10879,128.13498,Sunny,0.05
146,4,Verstappen (Red Bull),41.63907,169.77405,Sunny,0.05
146,5,Verstappen (Red Bull),42.16333,211.93738,Sunny,0.05
146,1,Norris (McLaren),43.97077,43.97077,Sunny,0.05
146,2,Norris (McLaren),43.73717,87.70794,Sunny,0.05
146,3,Norris (McLaren),43.8268,131.53474,Sunny,0.05
146,4,Norris (McLaren),42.56021,174.09495,Sunny,0.05
146,5,Norris (McLaren),42.7842,216.87915,Sunny,0.05
147,1,Hamilton (Mercedes),42.45963,42.45963,Sunny,0.05
147,2,Hamilton (Mercedes),43.46266,85.92229,Sunny,0.05
147,3,Hamilton (Mercedes),42.97124,128.89353,Sunny,0.05
147,4,Hamilton (Mercedes),43.88962,172.78316,Sunny,0.05
147,5,Hamilton (Mercedes),43.70878,216.49193,Sunny,0.05
147,1,Verstappen (Red Bull),41.90315,41.90315,Sunny,0.05
147,2,Verstappen (Red Bull),42.31607,84.21922,Sunny,0.05
147,3,Verstappen (Red Bull),43.12056,127.33978,Sunny,0.05
147,4,Verstappen (Red Bull),42.2473,169.58708,Sunny,0.05
147,5,Verstappen (Red Bull),42.50292,212.09,Sunny,0.05
147,1,Norris (McLaren),43.04615,43.04615,Sunny,0.05
147,2,Norris (McLaren),43.70543,86.75158,Sunny,0.05
147,3,Norris (McLaren),44.08881,130.84039,Sunny,0.05
147,4,Norris (McLaren),42.53145,173.37185,Sunny,0.05
147,5,Norris (McLaren),43.13034,216.50218,Sunny,0.05
148,1,Hamilton (Mercedes),43.77526,43.77526,Sunny,0.05
148,2,Hamilton (Mercedes),43.12854,86.9038,Sunny,0.05
148,3,Hamilton (Mercedes),43.21451,130.11831,Sunny,0.05
148,4,Hamilton (Mercedes),43.24553,173.36383,Sunny,0.05
148,5,Hamilton (Mercedes),43.34284,216.70668,Sunny,0.05
148,1,Verstappen (Red Bull),41.9156,41.9156,Sunny,0.05
148,2,Verstappen (Red Bull),43.2145,85.1301,Sunny,0.05
148,3,Verstappen (Red Bull),41.32435,126.45445,Sunny,0.05
148,4,Verstappen (Red Bull),42.93555,169.39,Sunny,0.05
148,5,Verstappen (Red Bull),42.61568,212.00568,Sunny,0.05
148,1,Norris (McLaren),42.54683,42.54683,Sunny,0.05
148,2,Norris (McLaren),43.44351,85.99034,Sunny,0.05
148,3,Norris (McLaren),44.14645,130.13678,Sunny,0.05
148,4,Norris (McLaren),43.75246,173.88924,Sunny,0.05
148,5,Norris (McLaren),43.25959,217.14884,Sunny,0.05
149,1,Hamilton (Mercedes),43.08607,43.08607,Sunny,0.05
149,2,Hamilton (Mercedes),42.69866,85.78473,Sunny,0.05
149,3,Hamilton (Mercedes),42.29864,128.08337,Sunny,0.05
149,4,Hamilton (Mercedes),42.55067,170.63405,Sunny,0.05
149,5,Hamilton (Mercedes),42.76938,213.40342,Sunny,0.05
149,1,Verstappen (Red Bull),42.85325,42.85325,Sunny,0.05
149,2,Verstappen (Red Bull),42.704,85.55726,Sunny,0.05
149,3,Verstappen (Red Bull),43.09365,128.65091,Sunny,0.05
149,4,Verstappen (Red Bull),42.71591,171.36681,Sunny,0.05
149,5,Verstappen (Red Bull),43.01643,214.38324,Sunny,0.05
149,1,Norris (McLaren),45.23392,45.23392,Sunny,0.05
149,2,Norris (McLaren),43.35824,88.59217,Sunny,0.05
149,3,Norris (McLaren),42.58446,131.17663,Sunny,0.05
149,4,Norris (McLaren),44.10629,175.28292,Sunny,0.05
149,5,Norris (McLaren),44.65572,219.93863,Sunny,0.05
150,1,Hamilton (Mercedes),42.90226,42.90226,Sunny,0.05
150,2,Hamilton (Mercedes),43.68211,86.58437,Sunny,0.05
150,3,Hamilton (Mercedes),42.2088,128.79317,Sunny,0.05
150,4,Hamilton (Mercedes),43.3943,172.18747,Sunny,0.05
150,5,Hamilton (Mercedes),42.95054,215.138,Sunny,0.05
150,1,Verstappen (Red Bull),42.45539,42.45539,Sunny,0.05
150,2,Verstappen (Red Bull),43.49061,85.94601,Sunny,0.05
150,3,Verstappen (Red Bull),43.05237,128.99838,Sunny,0.05
150,4,Verstappen (Red Bull),42.56818,171.56656,Sunny,0.05
150,5,Verstappen (Red Bull),42.25942,213.82598,Sunny,0.05
150,1,Norris (McLaren),43.59889,43.59889,Sunny,0.05
150,2,Norris (McLaren),43.90834,87.50723,Sunny,0.05
150,3,Norris (McLaren),44.44467,131.9519,Sunny,0.05
150,4,Norris (McLaren),43.4733,175.42521,Sunny,0.05
150,5,Norris (McLaren),43.79816,219.22336,Sunny,0.05
151,1,Hamilton (Mercedes),41.83436,41.83436,Sunny,0.05
151,2,Hamilton (Mercedes),42.36456,84.19891,Sunny,0.05
151,3,Hamilton (Mercedes),43.05465,127.25357,Sunny,0.05
151,4,Hamilton (Mercedes),43.25893,170.5125,Sunny,0.05
151,5,Hamilton (Mercedes),42.34297,212.85546,Sunny,0.05
151,1,Verstappen (Red Bull),41.40324,41.40324,Sunny,0.05
151,2,Verstappen (Red Bull),42.07422,83.47746,Sunny,0.05
151,3,Verstappen (Red Bull),42.55273,126.03019,Sunny,0.05
151,4,Verstappen (Red Bull),42.21212,168.24231,Sunny,0.05
151,5,Verstappen (Red Bull),42.67739,210.9197,Sunny,0.05
151,1,Norris (McLaren),44.02483,44.02483,Sunny,0.05
151,2,Norris (McLaren),44.49684,88.52167,Sunny,0.05
151,3,Norris (McLaren),43.494,132.01567,Sunny,0.05
151,4,Norris (McLaren),42.6562,174.67186,Sunny,0.05
151,5,Norris (McLaren),42.9601,217.63197,Sunny,0.05
152,1,Hamilton (Mercedes),43.87904,43.87904,Sunny,0.05
152,2,Hamilton (Mercedes),43.24954,87.12858,Sunny,0.05
152,3,Hamilton (Mercedes),43.64881,130.77739,Sunny,0.05
152,4,Hamilton (Mercedes),43.33113,174.10852,Sunny,0.05
152,5,Hamilton (Mercedes),43.35619,217.46471,Sunny,0.05
152,1,Verstappen (Red Bull),43.69886,43.69886,Sunny,0.05
152,2,Verstappen (Red Bull),42.46186,86.16072,Sunny,0.05
152,3,Verstappen (Red Bull),43.27608,129.4368,Sunny,0.05
152,4,Verstappen (Red Bull),43.32815,172.76495,Sunny,0.05
152,5,Verstappen (Red Bull),43.23252,215.99747,Sunny,0.05
152,1,Norris (McLaren),43.00967,43.00967,Sunny,0.05
152,2,Norris (McLaren),42.62875,85.63842,Sunny,0.05
152,3,Norris (McLaren),44.84963,130.48805,Sunny,0.05
152,4,Norris (McLaren),43.0805,173.56855,Sunny,0.05
152,5,Norris (McLaren),42.79634,216.36489,Sunny,0.05
153,1,Hamilton (Mercedes),42.67143,42.67143,Sunny,0.05
153,2,Hamilton (Mercedes),42.44448,85.1159,Sunny,0.05
153,3,Hamilton (Mercedes),42.2005,127.3164,Sunny,0.05
153,4,Hamilton (Mercedes),43.32832,170.64472,Sunny,0.05
153,5,Hamilton (Mercedes),42.77176,213.41648,Sunny,0.05
153,1,Verstappen (Red Bull),43.01559,43.01559,Sunny,0.05
153,2,Verstappen (Red Bull),43.33221,86.3478,Sunny,0.05
153,3,Verstappen (Red Bull),42.54767,128.89546,Sunny,0.05
153,4,Verstappen (Red Bull),43.56083,172.45629,Sunny,0.05
153,5,Verstappen (Red Bull),42.4237,214.87999,Sunny,0.05
153,1,Norris (McLaren),42.74294,42.74294,Sunny,0.05
153,2,Norris (McLaren),43.67086,86.4138,Sunny,0.05
153,3,Norris (McLaren),43.47135,129.88515,Sunny,0.05
153,4,Norris (McLaren),43.42636,173.31151,Sunny,0.05
153,5,Norris (McLaren),44.60539,217.9169,Sunny,0.05
154,1,Hamilton (Mercedes),42.10832,42.10832,Sunny,0.05
154,2,Hamilton (Mercedes),42.76235,84.87066,Sunny,0.05
154,3,Hamilton (Mercedes),44.29482,129.16549,Sunny,0.05
154,4,Hamilton (Mercedes),42.5808,171.74629,Sunny,0.05
154,5,Hamilton (Mercedes),43.35358,215.09987,Sunny,0.05
154,1,Verstappen (Red Bull),43.16518,43.16518,Sunny,0.05
154,2,Verstappen (Red Bull),43.57437,86.73955,Sunny,0.05
154,3,Verstappen (Red Bull),41.47806,128.21761,Sunny,0.05
154,4,Verstappen (Red Bull),42.79162,171.00923,Sunny,0.05
154,5,Verstappen (Red Bull),42.70639,213.71561,Sunny,0.05
154,1,Norris (McLaren),43.32701,43.32701,Sunny,0.05
154,2,Norris (McLaren),42.54841,85.87542,Sunny,0.05
154,3,Norris (McLaren),42.47377,128.34919,Sunny,0.05
154,4,Norris (McLaren),43.47716,171.82634,Sunny,0.05
154,5,Norris (McLaren),42.74628,214.57262,Sunny,0.05
155,1,Hamilton (Mercedes),43.55475,43.55475,Sunny,0.05
155,2,Hamilton (Mercedes),43.40205,86.9568,Sunny,0.05
155,3,Hamilton (Mercedes),43.03641,129.99321,Sunny,0.05
155,4,Hamilton (Mercedes),42.33732,172.33053,Sunny,0.05
155,5,Hamilton (Mercedes),42.85154,215.18207,Sunny,0.05
155,1,Verstappen (Red Bull),42.25123,42.25123,Sunny,0.05
155,2,Verstappen (Red Bull),42.28613,84.53736,Sunny,0.05
155,3,Verstappen (Red Bull),42.77792,127.31527,Sunny,0.05
155,4,Verstappen (Red Bull),42.43658,169.75186,Sunny,0.05
155,5,Verstappen (Red Bull),42.16263,211.91449,Sunny,0.05
155,1,Norris (McLaren),42.91743,42.91743,Sunny,0.05
155,2,Norris (McLaren),43.4729,86.39033,Sunny,0.05
155,3,Norris (McLaren),42.3016,128.69192,Sunny,0.05
155,4,Norris (McLaren),43.18516,171.87708,Sunny,0.05
155,5,Norris (McLaren),43.69739,215.57448,Sunny,0.05
156,1,Hamilton (Mercedes),42.11064,42.11064,Sunny,0.05
156,2,Hamilton (Mercedes),43.0259,85.13654,Sunny,0.05
156,3,Hamilton (Mercedes),43.594,128.73054,Sunny,0.05
156,4,Hamilton (Mercedes),42.7148,171.44534,Sunny,0.05
156,5,Hamilton (Mercedes),43.26109,214.70642,Sunny,0.05
156,1,Verstappen (Red Bull),42.50792,42.50792,Sunny,0.05
156,2,Verstappen (Red Bull),42.4766,84.98452,Sunny,0.05
156,3,Verstappen (Red Bull),42.27718,127.2617,Sunny,0.05
156,4,Verstappen (Red Bull),42.5367,169.79839,Sunny,0.05
156,5,Verstappen (Red Bull),43.01012,212.80852,Sunny,0.05
156,1,Norris (McLaren),43.00923,43.00923,Sunny,0.05
156,2,Norris (McLaren),43.12533,86.13455,Sunny,0.05
156,3,Norris (McLaren),43.08142,129.21597,Sunny,0.05
156,4,Norris (McLaren),43.93033,173.14631,Sunny,0.05
156,5,Norris (McLaren),44.3206,217.46691,Sunny,0.05
157,1,Hamilton (Mercedes),42.66175,42.66175,Sunny,0.05
157,2,Hamilton (Mercedes),42.70352,85.36527,Sunny,0.05
157,3,Hamilton (Mercedes),42.31314,127.67842,Sunny,0.05
157,4,Hamilton (Mercedes),42.29636,169.97478,Sunny,0.05
157,5,Hamilton (Mercedes),43.04426,213.01903,Sunny,0.05
157,1,Verstappen (Red Bull),43.62357,43.62357,Sunny,0.05
157,2,Verstappen (Red Bull),42.92759,86.55115,Sunny,0.05
157,3,Verstappen (Red Bull),42.45213,129.00328,Sunny,0.05
157,4,Verstappen (Red Bull),42.92411,171.92739,Sunny,0.05
157,5,Verstappen (Red Bull),41.84301,213.7704,Sunny,0.05
157,1,Norris (McLaren),42.50472,42.50472,Sunny,0.05
157,2,Norris (McLaren),43.38645,85.89117,Sunny,0.05
157,3,Norris (McLaren),42.37628,128.26745,Sunny,0.05
157,4,Norris (McLaren),42.58411,170.85155,Sunny,0.05
157,5,Norris (McLaren),43.87591,214.72747,Sunny,0.05
158,1,Hamilton (Mercedes),43.1804,43.1804,Sunny,0.05
158,2,Hamilton (Mercedes),42.14024,85.32064,Sunny,0.05
158,3,Hamilton (Mercedes),43.27868,128.59932,Sunny,0.05
158,4,Hamilton (Mercedes),43.39477,171.99408,Sunny,0.05
158,5,Hamilton (Mercedes),43.56735,215.56143,Sunny,0.05
158,1,Verstappen (Red Bull),42.21731,42.21731,Sunny,0.05
158,2,Verstappen (Red Bull),42.47581,84.69311,Sunny,0.05
158,3,Verstappen (Red Bull),43.35704,128.05015,Sunny,0.05
158,4,Verstappen (Red Bull),42.4789,170.52905,Sunny,0.05
158,5,Verstappen (Red Bull),42.99184,213.52089,Sunny,0.05
158,1,Norris (McLaren),44.5824,44.5824,Sunny,0.05
158,2,Norris (McLaren),41.7149,86.29731,Sunny,0.05
158,3,Norris (McLaren),44.29514,130.59244,Sunny,0.05
158,4,Norris (McLaren),42.73752,173.32996,Sunny,0.05
158,5,Norris (McLaren),42.51968,215.84964,Sunny,0.05
159,1,Hamilton (Mercedes),43.12614,43.12614,Sunny,0.05
159,2,Hamilton (Mercedes),43.35966,86.4858,Sunny,0.05
159,3,Hamilton (Mercedes),43.13493,129.62073,Sunny,0.05
159,4,Hamilton (Mercedes),42.85998,172.48071,Sunny,0.05
159,5,Hamilton (Mercedes),43.38729,215.868,Sunny,0.05
159,1,Verstappen (Red Bull),42.95508,42.95508,Sunny,0.05
159,2,Verstappen (Red Bull),41.94648,84.90156,Sunny,0.05
159,3,Verstappen (Red Bull),43.48588,128.38745,Sunny,0.05
159,4,Verstappen (Red Bull),42.93562,171.32307,Sunny,0.05
159,5,Verstappen (Red Bull),42.08059,213.40366,Sunny,0.05
159,1,Norris (McLaren),43.53734,43.53734,Sunny,0.05
159,2,Norris (McLaren),42.87232,86.40967,Sunny,0.05
159,3,Norris (McLaren),43.94656,130.35622,Sunny,0.05
159,4,Norris (McLaren),45.08492,175.44114,Sunny,0.05
159,5,Norris (McLaren),42.63935,218.08049,Sunny,0.05
160,1,Hamilton (Mercedes),42.25607,42.25607,Sunny,0.05
160,2,Hamilton (Mercedes),43.45421,85.71028,Sunny,0.05
160,3,Hamilton (Mercedes),43.4393,129.14959,Sunny,0.05
160,4,Hamilton (Mercedes),42.29449,171.44408,Sunny,0.05
160,5,Hamilton (Mercedes),42.93354,214.37762,Sunny,0.05
160,1,Verstappen (Red Bull),42.59627,42.59627,Sunny,0.05
160,2,Verstappen (Red Bull),42.2274,84.82367,Sunny,0.05
160,3,Verstappen (Red Bull),42.44621,127.26988,Sunny,0.05
160,4,Verstappen (Red Bull),44.16333,171.43321,Sunny,0.05
160,5,Verstappen (Red Bull),43.33304,214.76625,Sunny,0.05
160,1,Norris (McLaren),42.8941,42.8941,Sunny,0.05
160,2,Norris (McLaren),42.93643,85.83053,Sunny,0.05
160,3,Norris (McLaren),43.04708,128.87761,Sunny,0.05
160,4,Norris (McLaren),43.73458,172.61219,Sunny,0.05
160,5,Norris (McLaren),45.33001,217.9422,Sunny,0.05
161,1,Hamilton (Mercedes),42.33867,42.33867,Sunny,0.05
161,2,Hamilton (Mercedes),43.0322,85.37086,Sunny,0.05
161,3,Hamilton (Mercedes),42.72312,128.09398,Sunny,0.05
161,4,Hamilton (Mercedes),43.58268,171.67667,Sunny,0.05
161,5,Hamilton (Mercedes),42.55415,214.23081,Sunny,0.05
161,1,Verstappen (Red Bull),42.87884,42.87884,Sunny,0.05
161,2,Verstappen (Red Bull),43.08298,85.96182,Sunny,0.05
161,3,Verstappen (Red Bull),42.40221,128.36403,Sunny,0.05
161,4,Verstappen (Red Bull),42.31647,170.6805,Sunny,0.05
161,5,Verstappen (Red Bull),43.32133,214.00183,Sunny,0.05
161,1,Norris (McLaren),43.91641,43.91641,Sunny,0.05
161,2,Norris (McLaren),42.71329,86.6297,Sunny,0.05
161,3,Norris (McLaren),43.27387,129.90357,Sunny,0.05
161,4,Norris (McLaren),43.34379,173.24736,Sunny,0.05
161,5,Norris (McLaren),43.93423,217.1816,Sunny,0.05
162,1,Hamilton (Mercedes),43.84428,43.84428,Sunny,0.05
162,2,Hamilton (Mercedes),43.94016,87.78444,Sunny,0.05
162,3,Hamilton (Mercedes),43.13781,130.92225,Sunny,0.05
162,4,Hamilton (Mercedes),42.87419,173.79644,Sunny,0.05
162,5,Hamilton (Mercedes),43.05046,216.84691,Sunny,0.05
162,1,Verstappen (Red Bull),43.00272,43.00272,Sunny,0.05
162,2,Verstappen (Red Bull),43.36376,86.36647,Sunny,0.05
162,3,Verstappen (Red Bull),41.3896,127.75608,Sunny,0.05
162,4,Verstappen (Red Bull),42.22819,169.98427,Sunny,0.05
162,5,Verstappen (Red Bull),42.9156,212.89986,Sunny,0.05
162,1,Norris (McLaren),43.46835,43.46835,Sunny,0.05
162,2,Norris (McLaren),44.17073,87.63908,Sunny,0.05
162,3,Norris (McLaren),42.31258,129.95166,Sunny,0.05
162,4,Norris (McLaren),43.2797,173.23136,Sunny,0.05
162,5,Norris (McLaren),43.10711,216.33847,Sunny,0.05
163,1,Hamilton (Mercedes),42.48952,42.48952,Sunny,0.05
163,2,Hamilton (Mercedes),43.07018,85.55971,Sunny,0.05
163,3,Hamilton (Mercedes),44.11172,129.67143,Sunny,0.05
163,4,Hamilton (Mercedes),43.4603,173.13173,Sunny,0.05
163,5,Hamilton (Mercedes),41.79213,214.92387,Sunny,0.05
163,1,Verstappen (Red Bull),42.46587,42.46587,Sunny,0.05
163,2,Verstappen (Red Bull),42.25551,84.72139,Sunny,0.05
163,3,Verstappen (Red Bull),41.20211,125.92349,Sunny,0.05
163,4,Verstappen (Red Bull),42.91838,168.84187,Sunny,0.05
163,5,Verstappen (Red Bull),42.00991,210.85178,Sunny,0.05
163,1,Norris (McLaren),43.48832,43.48832,Sunny,0.05
163,2,Norris (McLaren),41.56866,85.05698,Sunny,0.05
163,3,Norris (McLaren),44.04442,129.1014,Sunny,0.05
163,4,Norris (McLaren),42.79734,171.89874,Sunny,0.05
163,5,Norris (McLaren),42.70848,214.60723,Sunny,0.05
164,1,Hamilton (Mercedes),43.74078,43.74078,Sunny,0.05
164,2,Hamilton (Mercedes),42.71974,86.46051,Sunny,0.05
164,3,Hamilton (Mercedes),42.98812,129.44864,Sunny,0.05
164,4,Hamilton (Mercedes),43.1686,172.61724,Sunny,0.05
164,5,Hamilton (Mercedes),43.31658,215.93383,Sunny,0.05
164,1,Verstappen (Red Bull),43.0926,43.0926,Sunny,0.05
164,2,Verstappen (Red Bull),42.29505,85.38765,Sunny,0.05
164,3,Verstappen (Red Bull),42.16361,127.55126,Sunny,0.05
164,4,Verstappen (Red Bull),42.89558,170.44684,Sunny,0.05
164,5,Verstappen (Red Bull),41.87107,212.31791,Sunny,0.05
164,1,Norris (McLaren),43.58059,43.58059,Sunny,0.05
164,2,Norris (McLaren),43.33549,86.91608,Sunny,0.05
164,3,Norris (McLaren),43.48384,130.39993,Sunny,0.05
164,4,Norris (McLaren),43.53179,173.93172,Sunny,0.05
164,5,Norris (McLaren),43.51478,217.4465,Sunny,0.05
165,1,Hamilton (Mercedes),42.73992,42.73992,Sunny,0.05
165,2,Hamilton (Mercedes),42.62727,85.36719,Sunny,0.05
165,3,Hamilton (Mercedes),43.54428,128.91147,Sunny,0.05
165,4,Hamilton (Mercedes),43.48157,172.39304,Sunny,0.05
165,5,Hamilton (Mercedes),43.17265,215.56569,Sunny,0.05
165,1,Verstappen (Red Bull),42.80782,42.80782,Sunny,0.05
165,2,Verstappen (Red Bull),43.71478,86.5226,Sunny,0.05
165,3,Verstappen (Red Bull),42.16313,128.68573,Sunny,0.05
165,4,Verstappen (Red Bull),42.87197,171.5577,Sunny,0.05
165,5,Verstappen (Red Bull),42.44159,213.99929,Sunny,0.05
165,1,Norris (McLaren),42.02993,42.02993,Sunny,0.05
165,2,Norris (McLaren),42.04323,84.07316,Sunny,0.05
165,3,Norris (McLaren),42.68241,126.75557,Sunny,0.05
165,4,Norris (McLaren),42.84293,169.5985,Sunny,0.05
165,5,Norris (McLaren),43.87846,213.47696,Sunny,0.05
166,1,Hamilton (Mercedes),43.36973,43.36973,Sunny,0.05
166,2,Hamilton (Mercedes),43.17372,86.54345,Sunny,0.05
166,3,Hamilton (Mercedes),42.63788,129.18133,Sunny,0.05
166,4,Hamilton (Mercedes),42.41603,171.59736,Sunny,0.05
166,5,Hamilton (Mercedes),43.21488,214.81224,Sunny,0.05
166,1,Verstappen (Red Bull),43.16957,43.16957,Sunny,0.05
166,2,Verstappen (Red Bull),42.86882,86.03838,Sunny,0.05
166,3,Verstappen (Red Bull),42.49135,128.52973,Sunny,0.05
166,4,Verstappen (Red Bull),42.79119,171.32092,Sunny,0.05
166,5,Verstappen (Red Bull),42.98974,214.31066,Sunny,0.05
166,1,Norris (McLaren),43.35494,43.35494,Sunny,0.05
166,2,Norris (McLaren),42.72579,86.08073,Sunny,0.05
166,3,Norris (McLaren),44.01624,130.09697,Sunny,0.05
166,4,Norris (McLaren),45.09633,175.1933,Sunny,0.05
166,5,Norris (McLaren),42.25271,217.44601,Sunny,0.05
167,1,Hamilton (Mercedes),43.23623,43.23623,Sunny,0.05
167,2,Hamilton (Mercedes),43.03586,86.2721,Sunny,0.05
167,3,Hamilton (Mercedes),42.47949,128.75158,Sunny,0.05
167,4,Hamilton (Mercedes),43.60915,172.36074,Sunny,0.05
167,5,Hamilton (Mercedes),42.61662,214.97736,Sunny,0.05
167,1,Verstappen (Red Bull),42.36891,42.36891,Sunny,0.05
167,2,Verstappen (Red Bull),42.27776,84.64667,Sunny,0.05
167,3,Verstappen (Red Bull),41.22041,125.86708,Sunny,0.05
167,4,Verstappen (Red Bull),43.41371,169.28079,Sunny,0.05
167,5,Verstappen (Red Bull),42.13323,211.41403,Sunny,0.05
167,1,Norris (McLaren),43.55415,43.55415,Sunny,0.05
167,2,Norris (McLaren),43.31886,86.873,Sunny,0.05
167,3,Norris (McLaren),43.39623,130.26923,Sunny,0.05
167,4,Norris (McLaren),44.03005,174.29929,Sunny,0.05
167,5,Norris (McLaren),43.28364,217.58292,Sunny,0.05
168,1,Hamilton (Mercedes),42.89667,42.89667,Sunny,0.05
168,2,Hamilton (Mercedes),42.78419,85.68086,Sunny,0.05
168,3,Hamilton (Mercedes),43.27099,128.95185,Sunny,0.05
168,4,Hamilton (Mercedes),42.33035,171.2822,Sunny,0.05
168,5,Hamilton (Mercedes),43.51743,214.79963,Sunny,0.05
168,1,Verstappen (Red Bull),43.01025,43.01025,Sunny,0.05
168,2,Verstappen (Red Bull),41.89024,84.90048,Sunny,0.05
168,3,Verstappen (Red Bull),42.38756,127.28804,Sunny,0.05
168,4,Verstappen (Red Bull),42.15651,169.44455,Sunny,0.05
168,5,Verstappen (Red Bull),42.76859,212.21314,Sunny,0.05
168,1,Norris (McLaren),42.93743,42.93743,Sunny,0.05
168,2,Norris (McLaren),44.61758,87.55501,Sunny,0.05
168,3,Norris (McLaren),42.52252,130.07753,Sunny,0.05
168,4,Norris (McLaren),43.3403,173.41783,Sunny,0.05
168,5,Norris (McLaren),43.15475,216.57258,Sunny,0.05
169,1,Hamilton (Mercedes),41.47845,41.47845,Sunny,0.05
169,2,Hamilton (Mercedes),43.20967,84.68812,Sunny,0.05
169,3,Hamilton (Mercedes),43.27673,127.96485,Sunny,0.05
169,4,Hamilton (Mercedes),43.26457,171.22942,Sunny,0.05
169,5,Hamilton (Mercedes),42.88347,214.11289,Sunny,0.05
169,1,Verstappen (Red Bull),42.41381,42.41381,Sunny,0.05
169,2,Verstappen (Red Bull),41.77171,84.18552,Sunny,0.05
169,3,Verstappen (Red Bull),42.60466,126.79018,Sunny,0.05
169,4,Verstappen (Red Bull),43.06547,169.85565,Sunny,0.05
169,5,Verstappen (Red Bull),43.33661,213.19226,Sunny,0.05
169,1,Norris (McLaren),42.73317,42.73317,Sunny,0.05
169,2,Norris (McLaren),43.43114,86.16431,Sunny,0.05
169,3,Norris (McLaren),43.41019,129.5745,Sunny,0.05
169,4,Norris (McLaren),44.18068,173.75517,Sunny,0.05
169,5,Norris (McLaren),43.51734,217.27251,Sunny,0.05
170,1,Hamilton (Mercedes),43.27248,43.27248,Sunny,0.05
170,2,Hamilton (Mercedes),43.60804,86.88052,Sunny,0.05
170,3,Hamilton (Mercedes),42.75903,129.63955,Sunny,0.05
170,4,Hamilton (Mercedes),42.43131,172.07086,Sunny,0.05
170,5,Hamilton (Mercedes),42.24734,214.3182,Sunny,0.05
170,1,Verstappen (Red Bull),43.57329,43.57329,Sunny,0.05
170,2,Verstappen (Red Bull),43.04042,86.61371,Sunny,0.05
170,3,Verstappen (Red Bull),42.6516,129.26532,Sunny,0.05
170,4,Verstappen (Red Bull),43.26272,172.52804,Sunny,0.05
170,5,Verstappen (Red Bull),43.34614,215.87417,Sunny,0.05
170,1,Norris (McLaren),41.90924,41.90924,Sunny,0.05
170,2,Norris (McLaren),43.6063,85.51554,Sunny,0.05
170,3,Norris (McLaren),43.74141,129.25695,Sunny,0.05
170,4,Norris (McLaren),43.29518,172.55213,Sunny,0.05
170,5,Norris (McLaren),43.09553,215.64766,Sunny,0.05
171,1,Hamilton (Mercedes),42.30447,42.30447,Sunny,0.05
171,2,Hamilton (Mercedes),43.912,86.21647,Sunny,0.05
171,3,Hamilton (Mercedes),43.06421,129.28068,Sunny,0.05
171,4,Hamilton (Mercedes),43.38005,172.66072,Sunny,0.05
171,5,Hamilton (Mercedes),43.63457,216.2953,Sunny,0.05
171,1,Verstappen (Red Bull),43.15578,43.15578,Sunny,0.05
171,2,Verstappen (Red Bull),42.68775,85.84353,Sunny,0.05
171,3,Verstappen (Red Bull),41.93208,127.77561,Sunny,0.05
171,4,Verstappen (Red Bull),42.0857,169.86131,Sunny,0.05
171,5,Verstappen (Red Bull),42.22113,212.08245,Sunny,0.05
171,1,Norris (McLaren),42.57875,42.57875,Sunny,0.05
171,2,Norris (McLaren),44.12278,86.70153,Sunny,0.05
171,3,Norris (McLaren),43.36602,130.06754,Sunny,0.05
171,4,Norris (McLaren),42.03155,172.09909,Sunny,0.05
171,5,Norris (McLaren),43.15311,215.25221,Sunny,0.05
172,1,Hamilton (Mercedes),42.47424,42.47424,Sunny,0.05
172,2,Hamilton (Mercedes),42.98632,85.46056,Sunny,0.05
172,3,Hamilton (Mercedes),43.717,129.17756,Sunny,0.05
172,4,Hamilton (Mercedes),42.87391,172.05146,Sunny,0.05
172,5,Hamilton (Mercedes),42.71875,214.77021,Sunny,0.05
172,1,Verstappen (Red Bull),42.69404,42.69404,Sunny,0.05
172,2,Verstappen (Red Bull),42.42659,85.12063,Sunny,0.05
172,3,Verstappen (Red Bull),42.77717,127.8978,Sunny,0.05
172,4,Verstappen (Red Bull),42.46914,170.36694,Sunny,0.05
172,5,Verstappen (Red Bull),42.64715,213.01409,Sunny,0.05
172,1,Norris (McLaren),43.40947,43.40947,Sunny,0.05
172,2,Norris (McLaren),43.54344,86.95291,Sunny,0.05
172,3,Norris (McLaren),43.71106,130.66397,Sunny,0.05
172,4,Norris (McLaren),43.36096,174.02492,Sunny,0.05
172,5,Norris (McLaren),44.2596,218.28452,Sunny,0.05
173,1,Hamilton (Mercedes),43.93639,43.93639,Sunny,0.05
173,2,Hamilton (Mercedes),43.04181,86.9782,Sunny,0.05
173,3,Hamilton (Mercedes),42.44255,129.42075,Sunny,0.05
173,4,Hamilton (Mercedes),43.98039,173.40114,Sunny,0.05
173,5,Hamilton (Mercedes),42.51758,215.91872,Sunny,0.05
173,1,Verstappen (Red Bull),42.56572,42.56572,Sunny,0.05
173,2,Verstappen (Red Bull),42.77463,85.34034,Sunny,0.05
173,3,Verstappen (Red Bull),42.94882,128.28916,Sunny,0.05
173,4,Verstappen (Red Bull),42.26051,170.54967,Sunny,0.05
173,5,Verstappen (Red Bull),42.96434,213.51401,Sunny,0.05
173,1,Norris (McLaren),43.92624,43.92624,Sunny,0.05
173,2,Norris (McLaren),43.25148,87.17772,Sunny,0.05
173,3,Norris (McLaren),43.16958,130.3473,Sunny,0.05
173,4,Norris (McLaren),42.12988,172.47718,Sunny,0.05
173,5,Norris (McLaren),43.6067,216.08389,Sunny,0.05
174,1,Hamilton (Mercedes),43.00226,43.00226,Sunny,0.05
174,2,Hamilton (Mercedes),42.97506,85.97732,Sunny,0.05
174,3,Hamilton (Mercedes),43.12508,129.1024,Sunny,0.05
174,4,Hamilton (Mercedes),43.36936,172.47176,Sunny,0.05
174,5,Hamilton (Mercedes),43.5309,216.00267,Sunny,0.05
174,1,Verstappen (Red Bull),42.49731,42.49731,Sunny,0.05
174,2,Verstappen (Red Bull),43.03545,85.53275,Sunny,0.05
174,3,Verstappen (Red Bull),42.14681,127.67956,Sunny,0.05
174,4,Verstappen (Red Bull),42.53765,170.21721,Sunny,0.05
174,5,Verstappen (Red Bull),41.88298,212.10019,Sunny,0.05
174,1,Norris (McLaren),43.29968,43.29968,Sunny,0.05
174,2,Norris (McLaren),41.98483,85.2845,Sunny,0.05
174,3,Norris (McLaren),42.01379,127.29829,Sunny,0.05
174,4,Norris (McLaren),44.45622,171.75451,Sunny,0.05
174,5,Norris (McLaren),44.68545,216.43996,Sunny,0.05
175,1,Hamilton (Mercedes),43.74888,43.74888,Sunny,0.05
175,2,Hamilton (Mercedes),43.64945,87.39833,Sunny,0.05
175,3,Hamilton (Mercedes),42.69765,130.09598,Sunny,0.05
175,4,Hamilton (Mercedes),42.79226,172.88824,Sunny,0.05
175,5,Hamilton (Mercedes),43.10759,215.99582,Sunny,0.05
175,1,Verstappen (Red Bull),42.75243,42.75243,Sunny,0.05
175,2,Verstappen (Red Bull),41.74646,84.4989,Sunny,0.05
175,3,Verstappen (Red Bull),42.17375,126.67265,Sunny,0.05
175,4,Verstappen (Red Bull),41.87433,168.54698,Sunny,0.05
175,5,Verstappen (Red Bull),42.66997,211.21695,Sunny,0.05
175,1,Norris (McLaren),43.63101,43.63101,Sunny,0.05
175,2,Norris (McLaren),42.93553,86.56654,Sunny,0.05
175,3,Norris (McLaren),44.36481,130.93134,Sunny,0.05
175,4,Norris (McLaren),44.24926,175.1806,Sunny,0.05
175,5,Norris (McLaren),43.0003,218.1809,Sunny,0.05
176,1,Hamilton (Mercedes),43.33689,43.33689,Sunny,0.05
176,2,Hamilton (Mercedes),42.49545,85.83234,Sunny,0.05
176,3,Hamilton (Mercedes),43.18406,129.0164,Sunny,0.05
176,4,Hamilton (Mercedes),42.9483,171.96471,Sunny,0.05
176,5,Hamilton (Mercedes),43.65809,215.6228,Sunny,0.05
176,1,Verstappen (Red Bull),41.17687,41.17687,Sunny,0.05
176,2,Verstappen (Red Bull),42.35953,83.5364,Sunny,0.05
176,3,Verstappen (Red Bull),41.94271,125.47911,Sunny,0.05
176,4,Verstappen (Red Bull),42.52751,168.00662,Sunny,0.05
176,5,Verstappen (Red Bull),42.58172,210.58834,Sunny,0.05
176,1,Norris (McLaren),42.98662,42.98662,Sunny,0.05
176,2,Norris (McLaren),43.58121,86.56783,Sunny,0.05
176,3,Norris (McLaren),43.69434,130.26218,Sunny,0.05
176,4,Norris (McLaren),43.68036,173.94254,Sunny,0.05
176,5,Norris (McLaren),42.95171,216.89425,Sunny,0.05
177,1,Hamilton (Mercedes),42.56049,42.56049,Sunny,0.05
177,2,Hamilton (Mercedes),43.04856,85.60905,Sunny,0.05
177,3,Hamilton (Mercedes),43.0614,128.67045,Sunny,0.05
177,4,Hamilton (Mercedes),42.41407,171.08452,Sunny,0.05
177,5,Hamilton (Mercedes),43.98844,215.07296,Sunny,0.05
177,1,Verstappen (Red Bull),42.00226,42.00226,Sunny,0.05
177,2,Verstappen (Red Bull),43.47188,85.47415,Sunny,0.05
177,3,Verstappen (Red Bull),43.42478,128.89892,Sunny,0.05
177,4,Verstappen (Red Bull),42.66153,171.56045,Sunny,0.05
177,5,Verstappen (Red Bull),42.56922,214.12968,Sunny,0.05
177,1,Norris (McLaren),42.49193,42.49193,Sunny,0.05
177,2,Norris (McLaren),43.29102,85.78294,Sunny,0.05
177,3,Norris (McLaren),42.84303,128.62597,Sunny,0.05
177,4,Norris (McLaren),43.09332,171.71929,Sunny,0.05
177,5,Norris (McLaren),43.81297,215.53226,Sunny,0.05
178,1,Hamilton (Mercedes),44.04971,44.04971,Sunny,0.05
178,2,Hamilton (Mercedes),42.64267,86.69239,Sunny,0.05
178,3,Hamilton (Mercedes),43.5418,130.23419,Sunny,0.05
178,4,Hamilton (Mercedes),42.80973,173.04392,Sunny,0.05
178,5,Hamilton (Mercedes),43.04254,216.08646,Sunny,0.05
178,1,Verstappen (Red Bull),43.40171,43.40171,Sunny,0.05
178,2,Verstappen (Red Bull),43.1056,86.50732,Sunny,0.05
178,3,Verstappen (Red Bull),42.87975,129.38707,Sunny,0.05
178,4,Verstappen (Red Bull),42.05531,171.44238,Sunny,0.05
178,5,Verstappen (Red Bull),43.22245,214.66482,Sunny,0.05
178,1,Norris (McLaren),43.45181,43.45181,Sunny,0.05
178,2,Norris (McLaren),41.40926,84.86107,Sunny,0.05
178,3,Norris (McLaren),44.43801,129.29908,Sunny,0.05
178,4,Norris (McLaren),42.52975,171.82883,Sunny,0.05
178,5,Norris (McLaren),43.6401,215.46893,Sunny,0.05
179,1,Hamilton (Mercedes),42.89736,42.89736,Sunny,0.05
179,2,Hamilton (Mercedes),41.77945,84.67681,Sunny,0.05
179,3,Hamilton (Mercedes),42.92178,127.59859,Sunny,0.05
179,4,Hamilton (Mercedes),42.44934,170.04793,Sunny,0.05
179,5,Hamilton (Mercedes),43.58341,213.63134,Sunny,0.05
179,1,Verstappen (Red Bull),42.43697,42.43697,Sunny,0.05
179,2,Verstappen (Red Bull),42.25837,84.69534,Sunny,0.05
179,3,Verstappen (Red Bull),43.31284,128.00818,Sunny,0.05
179,4,Verstappen (Red Bull),42.75929,170.76747,Sunny,0.05
179,5,Verstappen (Red Bull),42.6494,213.41687,Sunny,0.05
179,1,Norris (McLaren),43.25111,43.25111,Sunny,0.05
179,2,Norris (McLaren),42.91962,86.17072,Sunny,0.05
179,3,Norris (McLaren),43.92802,130.09874,Sunny,0.05
179,4,Norris (McLaren),42.58682,172.68556,Sunny,0.05
179,5,Norris (McLaren),43.81142,216.49699,Sunny,0.05
180,1,Hamilton (Mercedes),43.65739,43.65739,Sunny,0.05
180,2,Hamilton (Mercedes),43.25482,86.91221,Sunny,0.05
180,3,Hamilton (Mercedes),42.98189,129.89409,Sunny,0.05
180,4,Hamilton (Mercedes),42.4125,172.3066,Sunny,0.05
180,5,Hamilton (Mercedes),43.94543,216.25203,Sunny,0.05
180,1,Verstappen (Red Bull),43.38626,43.38626,Sunny,0.05
180,2,Verstappen (Red Bull),42.4356,85.82186,Sunny,0.05
180,3,Verstappen (Red Bull),41.81857,127.64043,Sunny,0.05
180,4,Verstappen (Red Bull),42.89893,170.53936,Sunny,0.05
180,5,Verstappen (Red Bull),42.94244,213.4818,Sunny,0.05
180,1,Norris (McLaren),43.88777,43.88777,Sunny,0.05
180,2,Norris (McLaren),43.46846,87.35622,Sunny,0.05
180,3,Norris (McLaren),43.4457,130.80192,Sunny,0.05
180,4,Norris (McLaren),44.29919,175.10112,Sunny,0.05
180,5,Norris (McLaren),42.99386,218.09498,Sunny,0.05
181,1,Hamilton (Mercedes),42.08575,42.08575,Sunny,0.05
181,2,Hamilton (Mercedes),43.4396,85.52535,Sunny,0.05
181,3,Hamilton (Mercedes),43.49737,129.02272,Sunny,0.05
181,4,Hamilton (Mercedes),43.88309,172.90581,Sunny,0.05
181,5,Hamilton (Mercedes),43.11548,216.02129,Sunny,0.05
181,1,Verstappen (Red Bull),43.67284,43.67284,Sunny,0.05
181,2,Verstappen (Red Bull),43.25677,86.92961,Sunny,0.05
181,3,Verstappen (Red Bull),43.4903,130.41991,Sunny,0.05
181,4,Verstappen (Red Bull),43.33432,173.75423,Sunny,0.05
181,5,Verstappen (Red Bull),41.8478,215.60203,Sunny,0.05
181,1,Norris (McLaren),43.85017,43.85017,Sunny,0.05
181,2,Norris (McLaren),42.9197,86.76987,Sunny,0.05
181,3,Norris (McLaren),42.79911,129.56898,Sunny,0.05
181,4,Norris (McLaren),42.64377,172.21276,Sunny,0.05
181,5,Norris (McLaren),44.54105,216.75381,Sunny,0.05
182,1,Hamilton (Mercedes),43.63528,43.63528,Sunny,0.05
182,2,Hamilton (Mercedes),42.56276,86.19804,Sunny,0.05
182,3,Hamilton (Mercedes),42.93756,129.1356,Sunny,0.05
182,4,Hamilton (Mercedes),42.66946,171.80506,Sunny,0.05
182,5,Hamilton (Mercedes),42.00499,213.81006,Sunny,0.05
182,1,Verstappen (Red Bull),42.58794,42.58794,Sunny,0.05
182,2,Verstappen (Red Bull),43.46173,86.04967,Sunny,0.05
182,3,Verstappen (Red Bull),42.73095,128.78063,Sunny,0.05
182,4,Verstappen (Red Bull),41.53899,170.31961,Sunny,0.05
182,5,Verstappen (Red Bull),43.34721,213.66682,Sunny,0.05
182,1,Norris (McLaren),43.40519,43.40519,Sunny,0.05
182,2,Norris (McLaren),43.38276,86.78795,Sunny,0.05
182,3,Norris (McLaren),43.76576,130.55371,Sunny,0.05
182,4,Norris (McLaren),44.13799,174.6917,Sunny,0.05
182,5,Norris (McLaren),43.53372,218.22542,Sunny,0.05
183,1,Hamilton (Mercedes),43.28763,43.28763,Sunny,0.05
183,2,Hamilton (Mercedes),42.60159,85.88922,Sunny,0.05
183,3,Hamilton (Mercedes),43.96246,129.85168,Sunny,0.05
183,4,Hamilton (Mercedes),43.26703,173.11871,Sunny,0.05
183,5,Hamilton (Mercedes),44.15838,217.27709,Sunny,0.05
183,1,Verstappen (Red Bull),42.579,42.579,Sunny,0.05
183,2,Verstappen (Red Bull),43.45678,86.03578,Sunny,0.05
183,3,Verstappen (Red Bull),43.31484,129.35062,Sunny,0.05
183,4,Verstappen (Red Bull),43.4083,172.75892,Sunny,0.05
183,5,Verstappen (Red Bull),42.59874,215.35766,Sunny,0.05
183,1,Norris (McLaren),43.17694,43.17694,Sunny,0.05
183,2,Norris (McLaren),43.87227,87.04922,Sunny,0.05
183,3,Norris (McLaren),42.71333,129.76255,Sunny,0.05
183,4,Norris (McLaren),42.12772,171.89027,Sunny,0.05
183,5,Norris (McLaren),42.31796,214.20823,Sunny,0.05
184,1,Hamilton (Mercedes),43.35065,43.35065,Sunny,0.05
184,2,Hamilton (Mercedes),42.47602,85.82668,Sunny,0.05
184,3,Hamilton (Mercedes),42.72555,128.55223,Sunny,0.05
184,4,Hamilton (Mercedes),42.13784,170.69007,Sunny,0.05
184,5,Hamilton (Mercedes),43.4208,214.11088,Sunny,0.05
184,1,Verstappen (Red Bull),43.03169,43.03169,Sunny,0.05
184,2,Verstappen (Red Bull),42.74971,85.78139,Sunny,0.05
184,3,Verstappen (Red Bull),42.68489,128.46629,Sunny,0.05
184,4,Verstappen (Red Bull),43.04279,171.50908,Sunny,0.05
184,5,Verstappen (Red Bull),42.10295,213.61203,Sunny,0.05
184,1,Norris (McLaren),43.01662,43.01662,Sunny,0.05
184,2,Norris (McLaren),43.11732,86.13394,Sunny,0.05
184,3,Norris (McLaren),43.7182,129.85214,Sunny,0.05
184,4,Norris (McLaren),43.10585,172.95799,Sunny,0.05
184,5,Norris (McLaren),43.68723,216.64522,Sunny,0.05
185,1,Hamilton (Mercedes),42.56501,42.56501,Sunny,0.05
185,2,Hamilton (Mercedes),43.14404,85.70905,Sunny,0.05
185,3,Hamilton (Mercedes),42.30055,128.00961,Sunny,0.05
185,4,Hamilton (Mercedes),43.69524,171.70485,Sunny,0.05
185,5,Hamilton (Mercedes),43.33927,215.04412,Sunny,0.05
185,1,Verstappen (Red Bull),42.82781,42.82781,Sunny,0.05
185,2,Verstappen (Red Bull),42.08722,84.91503,Sunny,0.05
185,3,Verstappen (Red Bull),42.4494,127.36443,Sunny,0.05
185,4,Verstappen (Red Bull),41.19883,168.56326,Sunny,0.05
185,5,Verstappen (Red Bull),42.78368,211.34694,Sunny,0.05
185,1,Norris (McLaren),43.56837,43.56837,Sunny,0.05
185,2,Norris (McLaren),43.61973,87.1881,Sunny,0.05
185,3,Norris (McLaren),43.51164,130.69974,Sunny,0.05
185,4,Norris (McLaren),42.63469,173.33443,Sunny,0.05
185,5,Norris (McLaren),43.77104,217.10547,Sunny,0.05
186,1,Hamilton (Mercedes),42.76363,42.76363,Sunny,0.05
186,2,Hamilton (Mercedes),43.25588,86.01951,Sunny,0.05
186,3,Hamilton (Mercedes),43.09098,129.11048,Sunny,0.05
186,4,Hamilton (Mercedes),43.64363,172.75412,Sunny,0.05
186,5,Hamilton (Mercedes),43.49399,216.2481,Sunny,0.05
186,1,Verstappen (Red Bull),42.71063,42.71063,Sunny,0.05
186,2,Verstappen (Red Bull),42.05289,84.76353,Sunny,0.05
186,3,Verstappen (Red Bull),42.07263,126.83615,Sunny,0.05
186,4,Verstappen (Red Bull),43.2885,170.12465,Sunny,0.05
186,5,Verstappen (Red Bull),43.47361,213.59826,Sunny,0.05
186,1,Norris (McLaren),44.14461,44.14461,Sunny,0.05
186,2,Norris (McLaren),44.72084,88.86545,Sunny,0.05
186,3,Norris (McLaren),42.96967,131.83512,Sunny,0.05
186,4,Norris (McLaren),43.58172,175.41684,Sunny,0.05
186,5,Norris (McLaren),44.01842,219.43526,Sunny,0.05
187,1,Hamilton (Mercedes),43.17749,43.17749,Sunny,0.05
187,2,Hamilton (Mercedes),42.78553,85.96302,Sunny,0.05
187,3,Hamilton (Mercedes),43.30842,129.27144,Sunny,0.05
187,4,Hamilton (Mercedes),43.99055,173.262,Sunny,0.05
187,5,Hamilton (Mercedes),43.10377,216.36577,Sunny,0.05
187,1,Verstappen (Red Bull),42.64368,42.64368,Sunny,0.05
187,2,Verstappen (Red Bull),42.4573,85.10097,Sunny,0.05
187,3,Verstappen (Red Bull),42.3834,127.48437,Sunny,0.05
187,4,Verstappen (Red Bull),43.1983,170.68267,Sunny,0.05
187,5,Verstappen (Red Bull),42.83852,213.52119,Sunny,0.05
187,1,Norris (McLaren),42.8793,42.8793,Sunny,0.05
187,2,Norris (McLaren),43.36258,86.24189,Sunny,0.05
187,3,Norris (McLaren),43.30915,129.55103,Sunny,0.05
187,4,Norris (McLaren),43.82065,173.37168,Sunny,0.05
187,5,Norris (McLaren),43.35795,216.72964,Sunny,0.05
188,1,Hamilton (Mercedes),42.57544,42.57544,Sunny,0.05
188,2,Hamilton (Mercedes),43.31289,85.88833,Sunny,0.05
188,3,Hamilton (Mercedes),42.70932,128.59765,Sunny,0.05
188,4,Hamilton (Mercedes),43.19994,171.79759,Sunny,0.05
188,5,Hamilton (Mercedes),44.11303,215.91062,Sunny,0.05
188,1,Verstappen (Red Bull),42.73322,42.73322,Sunny,0.05
188,2,Verstappen (Red Bull),42.06603,84.79925,Sunny,0.05
188,3,Verstappen (Red Bull),42.63965,127.4389,Sunny,0.05
188,4,Verstappen (Red Bull),41.95275,169.39165,Sunny,0.05
188,5,Verstappen (Red Bull),43.16627,212.55792,Sunny,0.05
188,1,Norris (McLaren),43.26522,43.26522,Sunny,0.05
188,2,Norris (McLaren),43.83179,87.09702,Sunny,0.05
188,3,Norris (McLaren),43.38771,130.48472,Sunny,0.05
188,4,Norris (McLaren),43.21456,173.69928,Sunny,0.05
188,5,Norris (McLaren),43.17637,216.87565,Sunny,0.05
189,1,Hamilton (Mercedes),43.41987,43.41987,Sunny,0.05
189,2,Hamilton (Mercedes),42.51592,85.93579,Sunny,0.05
189,3,Hamilton (Mercedes),43.68247,129.61826,Sunny,0.05
189,4,Hamilton (Mercedes),43.94671,173.56497,Sunny,0.05
189,5,Hamilton (Mercedes),43.25752,216.82249,Sunny,0.05
189,1,Verstappen (Red Bull),42.84613,42.84613,Sunny,0.05
189,2,Verstappen (Red Bull),41.57676,84.42289,Sunny,0.05
189,3,Verstappen (Red Bull),42.35961,126.7825,Sunny,0.05
189,4,Verstappen (Red Bull),41.35769,168.14019,Sunny,0.05
189,5,Verstappen (Red Bull),41.96614,210.10633,Sunny,0.05
189,1,Norris (McLaren),42.947,42.947,Sunny,0.05
189,2,Norris (McLaren),42.66147,85.60847,Sunny,0.05
189,3,Norris (McLaren),44.25702,129.86549,Sunny,0.05
189,4,Norris (McLaren),43.50976,173.37524,Sunny,0.05
189,5,Norris (McLaren),43.56662,216.94186,Sunny,0.05
190,1,Hamilton (Mercedes),43.05228,43.05228,Sunny,0.05
190,2,Hamilton (Mercedes),42.37793,85.4302,Sunny,0.05
190,3,Hamilton (Mercedes),43.63487,129.06507,Sunny,0.05
190,4,Hamilton (Mercedes),42.91873,171.9838,Sunny,0.05
190,5,Hamilton (Mercedes),43.22816,215.21196,Sunny,0.05
190,1,Verstappen (Red Bull),42.18569,42.18569,Sunny,0.05
190,2,Verstappen (Red Bull),43.09972,85.28542,Sunny,0.05
190,3,Verstappen (Red Bull),43.6681,128.95352,Sunny,0.05
190,4,Verstappen (Red Bull),42.40972,171.36324,Sunny,0.05
190,5,Verstappen (Red Bull),42.8492,214.21244,Sunny,0.05
190,1,Norris (McLaren),44.37091,44.37091,Sunny,0.05
190,2,Norris (McLaren),43.90065,88.27156,Sunny,0.05
190,3,Norris (McLaren),43.14339,131.41495,Sunny,0.05
190,4,Norris (McLaren),42.61872,174.03368,Sunny,0.05
190,5,Norris (McLaren),43.44914,217.48282,Sunny,0.05
191,1,Hamilton (Mercedes),43.14729,43.14729,Sunny,0.05
191,2,Hamilton (Mercedes),43.32694,86.47423,Sunny,0.05
191,3,Hamilton (Mercedes),42.63651,129.11074,Sunny,0.05
191,4,Hamilton (Mercedes),42.8181,171.92884,Sunny,0.05
191,5,Hamilton (Mercedes),42.38024,214.30908,Sunny,0.05
191,1,Verstappen (Red Bull),41.682,41.682,Sunny,0.05
191,2,Verstappen (Red Bull),41.72243,83.40443,Sunny,0.05
191,3,Verstappen (Red Bull),42.3573,125.76172,Sunny,0.05
191,4,Verstappen (Red Bull),42.68723,168.44895,Sunny,0.05
191,5,Verstappen (Red Bull),43.21392,211.66287,Sunny,0.05
191,1,Norris (McLaren),43.69779,43.69779,Sunny,0.05
191,2,Norris (McLaren),43.88279,87.58057,Sunny,0.05
191,3,Norris (McLaren),43.85692,131.43749,Sunny,0.05
191,4,Norris (McLaren),43.39861,174.8361,Sunny,0.05
191,5,Norris (McLaren),43.6983,218.5344,Sunny,0.05
192,1,Hamilton (Mercedes),42.94064,42.94064,Sunny,0.05
192,2,Hamilton (Mercedes),42.76199,85.70263,Sunny,0.05
192,3,Hamilton (Mercedes),42.1116,127.81423,Sunny,0.05
192,4,Hamilton (Mercedes),41.73629,169.55052,Sunny,0.05
192,5,Hamilton (Mercedes),43.0161,212.56662,Sunny,0.05
192,1,Verstappen (Red Bull),42.47899,42.47899,Sunny,0.05
192,2,Verstappen (Red Bull),42.80337,85.28236,Sunny,0.05
192,3,Verstappen (Red Bull),42.88339,128.16574,Sunny,0.05
192,4,Verstappen (Red Bull),42.12235,170.28809,Sunny,0.05
192,5,Verstappen (Red Bull),43.63176,213.91986,Sunny,0.05
192,1,Norris (McLaren),42.96709,42.96709,Sunny,0.05
192,2,Norris (McLaren),43.74993,86.71702,Sunny,0.05
192,3,Norris (McLaren),43.71319,130.43021,Sunny,0.05
192,4,Norris (McLaren),44.00492,174.43513,Sunny,0.05
192,5,Norris (McLaren),43.15189,217.58702,Sunny,0.05
193,1,Hamilton (Mercedes),43.33931,43.33931,Sunny,0.05
193,2,Hamilton (Mercedes),44.42232,87.76163,Sunny,0.05
193,3,Hamilton (Mercedes),43.38123,131.14287,Sunny,0.05
193,4,Hamilton (Mercedes),42.46391,173.60678,Sunny,0.05
193,5,Hamilton (Mercedes),42.93174,216.53852,Sunny,0.05
193,1,Verstappen (Red Bull),42.34709,42.34709,Sunny,0.05
193,2,Verstappen (Red Bull),43.05211,85.3992,Sunny,0.05
193,3,Verstappen (Red Bull),41.90818,127.30738,Sunny,0.05
193,4,Verstappen (Red Bull),42.71571,170.02309,Sunny,0.05
193,5,Verstappen (Red Bull),42.04095,212.06404,Sunny,0.05
193,1,Norris (McLaren),42.99668,42.99668,Sunny,0.05
193,2,Norris (McLaren),43.00549,86.00217,Sunny,0.05
193,3,Norris (McLaren),41.9727,127.97487,Sunny,0.05
193,4,Norris (McLaren),43.23,171.20487,Sunny,0.05
193,5,Norris (McLaren),44.1783,215.38316,Sunny,0.05
194,1,Hamilton (Mercedes),42.33694,42.33694,Sunny,0.05
194,2,Hamilton (Mercedes),44.0099,86.34684,Sunny,0.05
194,3,Hamilton (Mercedes),43.55228,129.89913,Sunny,0.05
194,4,Hamilton (Mercedes),42.83727,172.73639,Sunny,0.05
194,5,Hamilton (Mercedes),43.08823,215.82462,Sunny,0.05
194,1,Verstappen (Red Bull),43.08942,43.08942,Sunny,0.05
194,2,Verstappen (Red Bull),42.4143,85.50372,Sunny,0.05
194,3,Verstappen (Red Bull),43.34456,128.84828,Sunny,0.05
194,4,Verstappen (Red Bull),42.70702,171.5553,Sunny,0.05
194,5,Verstappen (Red Bull),43.83219,215.38748,Sunny,0.05
194,1,Norris (McLaren),43.60796,43.60796,Sunny,0.05
194,2,Norris (McLaren),43.16608,86.77404,Sunny,0.05
194,3,Norris (McLaren),44.45548,131.22953,Sunny,0.05
194,4,Norris (McLaren),43.26291,174.49244,Sunny,0.05
194,5,Norris (McLaren),42.47049,216.96293,Sunny,0.05
195,1,Hamilton (Mercedes),43.71733,43.71733,Sunny,0.05
195,2,Hamilton (Mercedes),43.894,87.61133,Sunny,0.05
195,3,Hamilton (Mercedes),43.38292,130.99425,Sunny,0.05
195,4,Hamilton (Mercedes),43.13497,174.12923,Sunny,0.05
195,5,Hamilton (Mercedes),43.79894,217.92816,Sunny,0.05
195,1,Verstappen (Red Bull),43.27578,43.27578,Sunny,0.05
195,2,Verstappen (Red Bull),43.01653,86.29232,Sunny,0.05
195,3,Verstappen (Red Bull),42.53717,128.82948,Sunny,0.05
195,4,Verstappen (Red Bull),42.27855,171.10803,Sunny,0.05
195,5,Verstappen (Red Bull),44.09377,215.2018,Sunny,0.05
195,1,Norris (McLaren),44.369,44.369,Sunny,0.05
195,2,Norris (McLaren),44.20195,88.57096,Sunny,0.05
195,3,Norris (McLaren),45.054,133.62495,Sunny,0.05
195,4,Norris (McLaren),43.23766,176.86262,Sunny,0.05
195,5,Norris (McLaren),43.63043,220.49305,Sunny,0.05
196,1,Hamilton (Mercedes),43.53836,43.53836,Sunny,0.05
196,2,Hamilton (Mercedes),43.06129,86.59965,Sunny,0.05
196,3,Hamilton (Mercedes),43.31296,129.91261,Sunny,0.05
196,4,Hamilton (Mercedes),43.11617,173.02878,Sunny,0.05
196,5,Hamilton (Mercedes),43.71698,216.74576,Sunny,0.05
196,1,Verstappen (Red Bull),42.40415,42.40415,Sunny,0.05
196,2,Verstappen (Red Bull),43.61667,86.02082,Sunny,0.05
196,3,Verstappen (Red Bull),43.20392,129.22474,Sunny,0.05
196,4,Verstappen (Red Bull),42.0114,171.23613,Sunny,0.05
196,5,Verstappen (Red Bull),42.85313,214.08926,Sunny,0.05
196,1,Norris (McLaren),43.40842,43.40842,Sunny,0.05
196,2,Norris (McLaren),43.57632,86.98474,Sunny,0.05
196,3,Norris (McLaren),42.8309,129.81564,Sunny,0.05
196,4,Norris (McLaren),43.77254,173.58818,Sunny,0.05
196,5,Norris (McLaren),42.93475,216.52292,Sunny,0.05
197,1,Hamilton (Mercedes),42.4693,42.4693,Sunny,0.05
197,2,Hamilton (Mercedes),43.7486,86.21789,Sunny,0.05
197,3,Hamilton (Mercedes),43.28107,129.49896,Sunny,0.05
197,4,Hamilton (Mercedes),43.71099,173.20995,Sunny,0.05
197,5,Hamilton (Mercedes),43.86153,217.07148,Sunny,0.05
197,1,Verstappen (Red Bull),43.51526,43.51526,Sunny,0.05
197,2,Verstappen (Red Bull),43.26783,86.78309,Sunny,0.05
197,3,Verstappen (Red Bull),41.77387,128.55696,Sunny,0.05
197,4,Verstappen (Red Bull),43.18053,171.73749,Sunny,0.05
197,5,Verstappen (Red Bull),43.34639,215.08388,Sunny,0.05
197,1,Norris (McLaren),43.75821,43.75821,Sunny,0.05
197,2,Norris (McLaren),42.0954,85.85361,Sunny,0.05
197,3,Norris (McLaren),43.53905,129.39266,Sunny,0.05
197,4,Norris (McLaren),43.19696,172.58961,Sunny,0.05
197,5,Norris (McLaren),42.17414,214.76375,Sunny,0.05
198,1,Hamilton (Mercedes),42.34957,42.34957,Sunny,0.05
198,2,Hamilton (Mercedes),42.75334,85.10291,Sunny,0.05
198,3,Hamilton (Mercedes),43.09333,128.19623,Sunny,0.05
198,4,Hamilton (Mercedes),43.64961,171.84585,Sunny,0.05
198,5,Hamilton (Mercedes),43.18214,215.02799,Sunny,0.05
198,1,Verstappen (Red Bull),42.65435,42.65435,Sunny,0.05
198,2,Verstappen (Red Bull),42.78266,85.43702,Sunny,0.05
198,3,Verstappen (Red Bull),43.55707,128.99409,Sunny,0.05
198,4,Verstappen (Red Bull),42.17173,171.16582,Sunny,0.05
198,5,Verstappen (Red Bull),42.44396,213.60977,Sunny,0.05
198,1,Norris (McLaren),43.34456,43.34456,Sunny,0.05
198,2,Norris (McLaren),41.56083,84.90538,Sunny,0.05
198,3,Norris (McLaren),43.66033,128.56571,Sunny,0.05
198,4,Norris (McLaren),43.44289,172.0086,Sunny,0.05
198,5,Norris (McLaren),44.41173,216.42033,Sunny,0.05
199,1,Hamilton (Mercedes),41.89668,41.89668,Sunny,0.05
199,2,Hamilton (Mercedes),42.67817,84.57485,Sunny,0.05
199,3,Hamilton (Mercedes),43.59058,128.16542,Sunny,0.05
199,4,Hamilton (Mercedes),42.63619,170.80161,Sunny,0.05
199,5,Hamilton (Mercedes),42.54861,213.35022,Sunny,0.05
199,1,Verstappen (Red Bull),42.1776,42.1776,Sunny,0.05
199,2,Verstappen (Red Bull),42.79962,84.97722,Sunny,0.05
199,3,Verstappen (Red Bull),42.42074,127.39795,Sunny,0.05
199,4,Verstappen (Red Bull),42.2419,169.63985,Sunny,0.05
199,5,Verstappen (Red Bull),43.08481,212.72466,Sunny,0.05
199,1,Norris (McLaren),43.06126,43.06126,Sunny,0.05
199,2,Norris (McLaren),44.78687,87.84814,Sunny,0.05
199,3,Norris (McLaren),42.28579,130.13393,Sunny,0.05
199,4,Norris (McLaren),43.09562,173.22955,Sunny,0.05
199,5,Norris (McLaren),42.74994,215.97949,Sunny,0.05
200,1,Hamilton (Mercedes),42.62687,42.62687,Sunny,0.05
200,2,Hamilton (Mercedes),43.31318,85.94005,Sunny,0.05
200,3,Hamilton (Mercedes),44.26012,130.20017,Sunny,0.05
200,4,Hamilton (Mercedes),43.58475,173.78492,Sunny,0.05
200,5,Hamilton (Mercedes),42.3079,216.09281,Sunny,0.05
200,1,Verstappen (Red Bull),42.03415,42.03415,Sunny,0.05
200,2,Verstappen (Red Bull),42.10904,84.14319,Sunny,0.05
200,3,Verstappen (Red Bull),42.66618,126.80937,Sunny,0.05
200,4,Verstappen (Red Bull),42.56868,169.37805,Sunny,0.05
200,5,Verstappen (Red Bull),42.07096,211.44901,Sunny,0.05
200,1,Norris (McLaren),43.20686,43.20686,Sunny,0.05
200,2,Norris (McLaren),42.97196,86.17882,Sunny,0.05
200,3,Norris (McLaren),43.95385,130.13267,Sunny,0.05
200,4,Norris (McLaren),43.2716,173.40427,Sunny,0.05
200,5,Norris (McLaren),41.40777,214.81205,Sunny,0.05
