trial,lap,entrant,lap_time,cumulative_time,weather,wetness
1,1,Hamilton (Mercedes),28.89336,28.89336,Sunny,0.05
1,2,Hamilton (Mercedes),28.53337,57.42673,Sunny,0.05
1,3,Hamilton (Mercedes),27.71482,85.14155,Sunny,0.05
1,4,Hamilton (Mercedes),28.15185,113.2934,Sunny,0.05
1,5,Hamilton (Mercedes),28.98066,142.27405,Sunny,0.05
1,1,Verstappen (Red Bull),27.66753,27.66753,Sunny,0.05
1,2,Verstappen (Red Bull),27.68894,55.35648,Sunny,0.05
1,3,Verstappen (Red Bull),27.99589,83.35236,Sunny,0.05
1,4,Verstappen (Red Bull),28.00034,111.35271,Sunny,0.05
1,5,Verstappen (Red Bull),28.69533,140.04804,Sunny,0.05
1,1,Norris (McLaren),28.21012,28.21012,Sunny,0.05
1,2,Norris (McLaren),28.59128,56.8014,Sunny,0.05
1,3,Norris (McLaren),27.93875,84.74015,Sunny,0.05
1,4,Norris (McLaren),28.39141,113.13156,Sunny,0.05
1,5,Norris (McLaren),28.67578,141.80735,Sunny,0.05
2,1,Hamilton (Mercedes),28.61859,28.61859,Sunny,0.05
2,2,Hamilton (Mercedes),27.88185,56.50044,Sunny,0.05
2,3,Hamilton (Mercedes),28.5164,85.01684,Sunny,0.05
2,4,Hamilton (Mercedes),28.70079,113.71763,Sunny,0.05
2,5,Hamilton (Mercedes),27.79613,141.51375,Sunny,0.05
2,1,Verstappen (Red Bull),28.89637,28.89637,Sunny,0.05
2,2,Verstappen (Red Bull),28.80005,57.69642,Sunny,0.05
2,3,Verstappen (Red Bull),28.49363,86.19005,Sunny,0.05
2,4,Verstappen (Red Bull),28.1691,114.35915,Sunny,0.05
2,5,Verstappen (Red Bull),28.12435,142.48349,Sunny,0.05
2,1,Norris (McLaren),28.73626,28.73626,Sunny,0.05
2,2,Norris (McLaren),28.55592,57.29219,Sunny,0.05
2,3,Norris (McLaren),28.85842,86.15061,Sunny,0.05
2,4,Norris (McLaren),28.67379,114.8244,Sunny,0.05
2,5,Norris (McLaren),28.65902,143.48342,Sunny,0.05
3,1,Hamilton (Mercedes),27.72495,27.72495,Sunny,0.05
3,2,Hamilton (Mercedes),27.59056,55.3155,Sunny,0.05
3,3,Hamilton (Mercedes),28.2508,83.5663,Sunny,0.05
3,4,Hamilton (Mercedes),29.04824,112.61454,Sunny,0.05
3,5,Hamilton (Mercedes),28.6126,141.22714,Sunny,0.05
3,1,Verstappen (Red Bull),28.62381,28.62381,Sunny,0.05
3,2,Verstappen (Red Bull),27.9551,56.57891,Sunny,0.05
3,3,Verstappen (Red Bull),27.61034,84.18925,Sunny,0.05
3,4,Verstappen (Red Bull),27.98806,112.17731,Sunny,0.05
3,5,Verstappen (Red Bull),27.54532,139.72263,Sunny,0.05
3,1,Norris (McLaren),26.75768,26.75768,Sunny,0.05
3,2,Norris (McLaren),28.66093,55.41861,Sunny,0.05
3,3,Norris (McLaren),28.11634,83.53494,Sunny,0.05
3,4,Norris (McLaren),29.06695,112.60189,Sunny,0.05
3,5,Norris (McLaren),28.92245,141.52435,Sunny,0.05
4,1,Hamilton (Mercedes),28.67141,28.67141,Sunny,0.05
4,2,Hamilton (Mercedes),27.46178,56.13318,Sunny,0.05
4,3,Hamilton (Mercedes),27.56034,83.69353,Sunny,0.05
4,4,Hamilton (Mercedes),28.75707,112.4506,Sunny,0.05
4,5,Hamilton (Mercedes),28.15276,140.60336,Sunny,0.05
4,1,Verstappen (Red Bull),28.29518,28.29518,Sunny,0.05
4,2,Verstappen (Red Bull),28.74173,57.03691,Sunny,0.05
4,3,Verstappen (Red Bull),28.10379,85.1407,Sunny,0.05
4,4,Verstappen (Red Bull),27.88135,113.02206,Sunny,0.05
4,5,Verstappen (Red Bull),28.56772,141.58977,Sunny,0.05
4,1,Norris (McLaren),28.03768,28.03768,Sunny,0.05
4,2,Norris (McLaren),28.96088,56.99856,Sunny,0.05
4,3,Norris (McLaren),28.90082,85.89938,Sunny,0.05
4,4,Norris (McLaren),29.74689,115.64627,Sunny,0.05
4,5,Norris (McLaren),29.58819,145.23446,Sunny,0.05
5,1,Hamilton (Mercedes),28.28067,28.28067,Sunny,0.05
5,2,Hamilton (Mercedes),28.99724,57.27791,Sunny,0.05
5,3,Hamilton (Mercedes),28.91032,86.18823,Sunny,0.05
5,4,Hamilton (Mercedes),28.09596,114.2842,Sunny,0.05
5,5,Hamilton (Mercedes),27.84577,142.12996,Sunny,0.05
5,1,Verstappen (Red Bull),27.75077,27.75077,Sunny,0.05
5,2,Verstappen (Red Bull),29.24836,56.99913,Sunny,0.05
5,3,Verstappen (Red Bull),28.51409,85.51322,Sunny,0.05
5,4,Verstappen (Red Bull),27.85744,113.37066,Sunny,0.05
5,5,Verstappen (Red Bull),28.63401,142.00467,Sunny,0.05
5,1,Norris (McLaren),28.65275,28.65275,Sunny,0.05
5,2,Norris (McLaren),28.98149,57.63424,Sunny,0.05
5,3,Norris (McLaren),29.46104,87.09528,Sunny,0.05
5,4,Norris (McLaren),28.56811,115.66339,Sunny,0.05
5,5,Norris (McLaren),29.1031,144.76649,Sunny,0.05
6,1,Hamilton (Mercedes),27.21767,27.21767,Sunny,0.05
6,2,Hamilton (Mercedes),28.27414,55.49181,Sunny,0.05
6,3,Hamilton (Mercedes),28.11512,83.60694,Sunny,0.05
6,4,Hamilton (Mercedes),28.59399,112.20092,Sunny,0.05
6,5,Hamilton (Mercedes),28.74031,140.94123,Sunny,0.05
6,1,Verstappen (Red Bull),28.59964,28.59964,Sunny,0.05
6,2,Verstappen (Red Bull),29.04464,57.64428,Sunny,0.05
6,3,Verstappen (Red Bull),28.81753,86.4618,Sunny,0.05
6,4,Verstappen (Red Bull),28.12657,114.58837,Sunny,0.05
6,5,Verstappen (Red Bull),27.17343,141.76181,Sunny,0.05
6,1,Norris (McLaren),27.0604,27.0604,Sunny,0.05
6,2,Norris (McLaren),29.48364,56.54404,Sunny,0.05
6,3,Norris (McLaren),28.10919,84.65323,Sunny,0.05
6,4,Norris (McLaren),28.85944,113.51268,Sunny,0.05
6,5,Norris (McLaren),28.2168,141.72947,Sunny,0.05
7,1,Hamilton (Mercedes),29.00065,29.00065,Sunny,0.05
7,2,Hamilton (Mercedes),28.07278,57.07343,Sunny,0.05
7,3,Hamilton (Mercedes),28.18336,85.25679,Sunny,0.05
7,4,Hamilton (Mercedes),28.66212,113.91891,Sunny,0.05
7,5,Hamilton (Mercedes),28.23178,142.15069,Sunny,0.05
7,1,Verstappen (Red Bull),27.78211,27.78211,Sunny,0.05
7,2,Verstappen (Red Bull),28.15088,55.93299,Sunny,0.05
7,3,Verstappen (Red Bull),27.45174,83.38472,Sunny,0.05
7,4,Verstappen (Red Bull),28.22397,111.60869,Sunny,0.05
7,5,Verstappen (Red Bull),28.99652,140.60521,Sunny,0.05
7,1,Norris (McLaren),29.65308,29.65308,Sunny,0.05
7,2,Norris (McLaren),27.29685,56.94993,Sunny,0.05
7,3,Norris (McLaren),29.70294,86.65286,Sunny,0.05
7,4,Norris (McLaren),28.99836,115.65122,Sunny,0.05
7,5,Norris (McLaren),29.26498,144.9162,Sunny,0.05
8,1,Hamilton (Mercedes),28.15506,28.15506,Sunny,0.05
8,2,Hamilton (Mercedes),28.50236,56.65742,Sunny,0.05
8,3,Hamilton (Mercedes),28.55687,85.21429,Sunny,0.05
8,4,Hamilton (Mercedes),28.98009,114.19438,Sunny,0.05
8,5,Hamilton (Mercedes),29.18974,143.38412,Sunny,0.05
8,1,Verstappen (Red Bull),28.61924,28.61924,Sunny,0.05
8,2,Verstappen (Red Bull),28.52574,57.14499,Sunny,0.05
8,3,Verstappen (Red Bull),28.81042,85.9554,Sunny,0.05
8,4,Verstappen (Red Bull),28.5444,114.49981,Sunny,0.05
8,5,Verstappen (Red Bull),28.23454,142.73435,Sunny,0.05
8,1,Norris (McLaren),28.91562,28.91562,Sunny,0.05
8,2,Norris (McLaren),29.7865,58.70212,Sunny,0.05
8,3,Norris (McLaren),29.19628,87.89839,Sunny,0.05
8,4,Norris (McLaren),27.64079,115.53919,Sunny,0.05
8,5,Norris (McLaren),27.61881,143.15799,Sunny,0.05
9,1,Hamilton (Mercedes),29.26156,29.26156,Sunny,0.05
9,2,Hamilton (Mercedes),28.70879,57.97034,Sunny,0.05
9,3,Hamilton (Mercedes),28.93758,86.90792,Sunny,0.05
9,4,Hamilton (Mercedes),28.72862,115.63655,Sunny,0.05
9,5,Hamilton (Mercedes),27.46584,143.10239,Sunny,0.05
9,1,Verstappen (Red Bull),28.30042,28.30042,Sunny,0.05
9,2,Verstappen (Red Bull),28.48927,56.7897,Sunny,0.05
9,3,Verstappen (Red Bull),28.33515,85.12485,Sunny,0.05
9,4,Verstappen (Red Bull),28.35925,113.4841,Sunny,0.05
9,5,Verstappen (Red Bull),28.30371,141.78781,Sunny,0.05
9,1,Norris (McLaren),28.27599,28.27599,Sunny,0.05
9,2,Norris (McLaren),27.96738,56.24337,Sunny,0.05
9,3,Norris (McLaren),27.67953,83.9229,Sunny,0.05
9,4,Norris (McLaren),29.69341,113.61632,Sunny,0.05
9,5,Norris (McLaren),29.19586,142.81218,Sunny,0.05
10,1,Hamilton (Mercedes),27.69634,27.69634,Sunny,0.05
10,2,Hamilton (Mercedes),27.6566,55.35294,Sunny,0.05
10,3,Hamilton (Mercedes),28.15545,83.50839,Sunny,0.05
10,4,Hamilton (Mercedes),29.23272,112.74111,Sunny,0.05
10,5,Hamilton (Mercedes),29.57274,142.31385,Sunny,0.05
10,1,Verstappen (Red Bull),28.55078,28.55078,Sunny,0.05
10,2,Verstappen (Red Bull),28.84913,57.39992,Sunny,0.05
10,3,Verstappen (Red Bull),28.39676,85.79668,Sunny,0.05
10,4,Verstappen (Red Bull),28.34049,114.13716,Sunny,0.05
10,5,Verstappen (Red Bull),28.22288,142.36005,Sunny,0.05
10,1,Norris (McLaren),28.93422,28.93422,Sunny,0.05
10,2,Norris (McLaren),28.7188,57.65302,Sunny,0.05
10,3,Norris (McLaren),29.56014,87.21316,Sunny,0.05
10,4,Norris (McLaren),28.46679,115.67995,Sunny,0.05
10,5,Norris (McLaren),27.70809,143.38804,Sunny,0.05
11,1,Hamilton (Mercedes),28.62969,28.62969,Sunny,0.05
11,2,Hamilton (Mercedes),28.01705,56.64674,Sunny,0.05
11,3,Hamilton (Mercedes),28.31397,84.9607,Sunny,0.05
11,4,Hamilton (Mercedes),28.08385,113.04456,Sunny,0.05
11,5,Hamilton (Mercedes),28.47488,141.51944,Sunny,0.05
11,1,Verstappen (Red Bull),28.06329,28.06329,Sunny,0.05
11,2,Verstappen (Red Bull),28.47893,56.54223,Sunny,0.05
11,3,Verstappen (Red Bull),28.9329,85.47513,Sunny,0.05
11,4,Verstappen (Red Bull),26.98702,112.46215,Sunny,0.05
11,5,Verstappen (Red Bull),28.36443,140.82658,Sunny,0.05
11,1,Norris (McLaren),28.12056,28.12056,Sunny,0.05
11,2,Norris (McLaren),28.53229,56.65285,Sunny,0.05
11,3,Norris (McLaren),29.13367,85.78651,Sunny,0.05
11,4,Norris (McLaren),29.15414,114.94065,Sunny,0.05
11,5,Norris (McLaren),28.2776,143.21825,Sunny,0.05
12,1,Hamilton (Mercedes),29.22359,29.22359,Sunny,0.05
12,2,Hamilton (Mercedes),29.87069,59.09428,Sunny,0.05
12,3,Hamilton (Mercedes),28.13815,87.23243,Sunny,0.05
12,4,Hamilton (Mercedes),28.63167,115.8641,Sunny,0.05
12,5,Hamilton (Mercedes),26.89097,142.75507,Sunny,0.05
12,1,Verstappen (Red Bull),28.87497,28.87497,Sunny,0.05
12,2,Verstappen (Red Bull),28.64087,57.51584,Sunny,0.05
12,3,Verstappen (Red Bull),28.60499,86.12083,Sunny,0.05
12,4,Verstappen (Red Bull),28.82243,114.94326,Sunny,0.05
12,5,Verstappen (Red Bull),28.1178,143.06106,Sunny,0.05
12,1,Norris (McLaren),29.33595,29.33595,Sunny,0.05
12,2,Norris (McLaren),29.60771,58.94365,Sunny,0.05
12,3,Norris (McLaren),28.3373,87.28095,Sunny,0.05
12,4,Norris (McLaren),28.8466,116.12755,Sunny,0.05
12,5,Norris (McLaren),29.26365,145.3912,Sunny,0.05
13,1,Hamilton (Mercedes),27.81011,27.81011,Sunny,0.05
13,2,Hamilton (Mercedes),28.41654,56.22665,Sunny,0.05
13,3,Hamilton (Mercedes),28.17961,84.40625,Sunny,0.05
13,4,Hamilton (Mercedes),28.45693,112.86319,Sunny,0.05
13,5,Hamilton (Mercedes),28.80796,141.67114,Sunny,0.05
13,1,Verstappen (Red Bull),27.94585,27.94585,Sunny,0.05
13,2,Verstappen (Red Bull),29.05782,57.00368,Sunny,0.05
13,3,Verstappen (Red Bull),27.85696,84.86063,Sunny,0.05
13,4,Verstappen (Red Bull),28.25294,113.11357,Sunny,0.05
13,5,Verstappen (Red Bull),28.23294,141.34652,Sunny,0.05
13,1,Norris (McLaren),28.67119,28.67119,Sunny,0.05
13,2,Norris (McLaren),29.04273,57.71393,Sunny,0.05
13,3,Norris (McLaren),28.18053,85.89446,Sunny,0.05
13,4,Norris (McLaren),29.44612,115.34058,Sunny,0.05
13,5,Norris (McLaren),29.78436,145.12494,Sunny,0.05
14,1,Hamilton (Mercedes),27.83327,27.83327,Sunny,0.05
14,2,Hamilton (Mercedes),28.30986,56.14313,Sunny,0.05
14,3,Hamilton (Mercedes),28.42386,84.56699,Sunny,0.05
14,4,Hamilton (Mercedes),28.82184,113.38883,Sunny,0.05
14,5,Hamilton (Mercedes),28.72788,142.11671,Sunny,0.05
14,1,Verstappen (Red Bull),28.67736,28.67736,Sunny,0.05
14,2,Verstappen (Red Bull),27.21073,55.8881,Sunny,0.05
14,3,Verstappen (Red Bull),27.35419,83.24229,Sunny,0.05
14,4,Verstappen (Red Bull),28.2411,111.48339,Sunny,0.05
14,5,Verstappen (Red Bull),27.47322,138.9566,Sunny,0.05
14,1,Norris (McLaren),29.07239,29.07239,Sunny,0.05
14,2,Norris (McLaren),29.50539,58.57778,Sunny,0.05
14,3,Norris (McLaren),28.91695,87.49473,Sunny,0.05
14,4,Norris (McLaren),28.18502,115.67975,Sunny,0.05
14,5,Norris (McLaren),28.36198,144.04173,Sunny,0.05
15,1,Hamilton (Mercedes),28.3998,28.3998,Sunny,0.05
15,2,Hamilton (Mercedes),28.53618,56.93599,Sunny,0.05
15,3,Hamilton (Mercedes),28.35493,85.29092,Sunny,0.05
15,4,Hamilton (Mercedes),28.24204,113.53295,Sunny,0.05
15,5,Hamilton (Mercedes),27.44996,140.98292,Sunny,0.05
15,1,Verstappen (Red Bull),28.74371,28.74371,Sunny,0.05
15,2,Verstappen (Red Bull),28.12518,56.86889,Sunny,0.05
15,3,Verstappen (Red Bull),27.66182,84.53071,Sunny,0.05
15,4,Verstappen (Red Bull),28.03069,112.5614,Sunny,0.05
15,5,Verstappen (Red Bull),28.61499,141.17639,Sunny,0.05
15,1,Norris (McLaren),28.84382,28.84382,Sunny,0.05
15,2,Norris (McLaren),28.05256,56.89638,Sunny,0.05
15,3,Norris (McLaren),28.41743,85.31382,Sunny,0.05
15,4,Norris (McLaren),29.38974,114.70355,Sunny,0.05
15,5,Norris (McLaren),28.31412,143.01767,Sunny,0.05
16,1,Hamilton (Mercedes),27.9923,27.9923,Sunny,0.05
16,2,Hamilton (Mercedes),28.88401,56.87632,Sunny,0.05
16,3,Hamilton (Mercedes),28.33635,85.21267,Sunny,0.05
16,4,Hamilton (Mercedes),27.95837,113.17104,Sunny,0.05
16,5,Hamilton (Mercedes),28.89056,142.0616,Sunny,0.05
16,1,Verstappen (Red Bull),27.92345,27.92345,Sunny,0.05
16,2,Verstappen (Red Bull),27.85334,55.77679,Sunny,0.05
16,3,Verstappen (Red Bull),28.20925,83.98604,Sunny,0.05
16,4,Verstappen (Red Bull),29.55075,113.5368,Sunny,0.05
16,5,Verstappen (Red Bull),27.99809,141.53488,Sunny,0.05
16,1,Norris (McLaren),28.08052,28.08052,Sunny,0.05
16,2,Norris (McLaren),28.01379,56.09431,Sunny,0.05
16,3,Norris (McLaren),28.83321,84.92753,Sunny,0.05
16,4,Norris (McLaren),29.38467,114.31219,Sunny,0.05
16,5,Norris (McLaren),28.25875,142.57094,Sunny,0.05
17,1,Hamilton (Mercedes),27.747,27.747,Sunny,0.05
17,2,Hamilton (Mercedes),28.83734,56.58434,Sunny,0.05
17,3,Hamilton (Mercedes),27.62148,84.20583,Sunny,0.05
17,4,Hamilton (Mercedes),27.92011,112.12593,Sunny,0.05
17,5,Hamilton (Mercedes),27.92333,140.04926,Sunny,0.05
17,1,Verstappen (Red Bull),28.12942,28.12942,Sunny,0.05
17,2,Verstappen (Red Bull),27.37135,55.50076,Sunny,0.05
17,3,Verstappen (Red Bull),28.59105,84.09181,Sunny,0.05
17,4,Verstappen (Red Bull),27.63524,111.72705,Sunny,0.05
17,5,Verstappen (Red Bull),28.71822,140.44527,Sunny,0.05
17,1,Norris (McLaren),28.41537,28.41537,Sunny,0.05
17,2,Norris (McLaren),28.02859,56.44396,Sunny,0.05
17,3,Norris (McLaren),28.46896,84.91291,Sunny,0.05
17,4,Norris (McLaren),28.62157,113.53449,Sunny,0.05
17,5,Norris (McLaren),28.31651,141.851,Sunny,0.05
18,1,Hamilton (Mercedes),28.12861,28.12861,Sunny,0.05
18,2,Hamilton (Mercedes),27.6216,55.75021,Sunny,0.05
18,3,Hamilton (Mercedes),28.52403,84.27425,Sunny,0.05
18,4,Hamilton (Mercedes),28.40817,112.68242,Sunny,0.05
18,5,Hamilton (Mercedes),28.22116,140.90358,Sunny,0.05
18,1,Verstappen (Red Bull),28.52564,28.52564,Sunny,0.05
18,2,Verstappen (Red Bull),27.27527,55.80091,Sunny,0.05
18,3,Verstappen (Red Bull),28.529,84.32992,Sunny,0.05
18,4,Verstappen (Red Bull),28.15409,112.484,Sunny,0.05
18,5,Verstappen (Red Bull),28.86195,141.34595,Sunny,0.05
18,1,Norris (McLaren),28.2762,28.2762,Sunny,0.05
18,2,Norris (McLaren),30.10573,58.38193,Sunny,0.05
18,3,Norris (McLaren),29.54655,87.92848,Sunny,0.05
18,4,Norris (McLaren),29.23952,117.16799,Sunny,0.05
18,5,Norris (McLaren),29.98905,147.15704,Sunny,0.05
19,1,Hamilton (Mercedes),28.0401,28.0401,Sunny,0.05
19,2,Hamilton (Mercedes),27.55556,55.59566,Sunny,0.05
19,3,Hamilton (Mercedes),29.21528,84.81094,Sunny,0.05
19,4,Hamilton (Mercedes),28.58419,113.39513,Sunny,0.05
19,5,Hamilton (Mercedes),28.18916,141.58429,Sunny,0.05
19,1,Verstappen (Red Bull),28.41853,28.41853,Sunny,0.05
19,2,Verstappen (Red Bull),27.92344,56.34197,Sunny,0.05
19,3,Verstappen (Red Bull),29.3912,85.73318,Sunny,0.05
19,4,Verstappen (Red Bull),27.49698,113.23015,Sunny,0.05
19,5,Verstappen (Red Bull),28.49671,141.72686,Sunny,0.05
19,1,Norris (McLaren),29.12075,29.12075,Sunny,0.05
19,2,Norris (McLaren),27.82827,56.94902,Sunny,0.05
19,3,Norris (McLaren),29.76983,86.71885,Sunny,0.05
19,4,Norris (McLaren),27.45275,114.1716,Sunny,0.05
19,5,Norris (McLaren),28.40165,142.57324,Sunny,0.05
20,1,Hamilton (Mercedes),26.97803,26.97803,Sunny,0.05
20,2,Hamilton (Mercedes),27.53356,54.51159,Sunny,0.05
20,3,Hamilton (Mercedes),28.69896,83.21055,Sunny,0.05
20,4,Hamilton (Mercedes),29.00126,112.21181,Sunny,0.05
20,5,Hamilton (Mercedes),28.65591,140.86772,Sunny,0.05
20,1,Verstappen (Red Bull),28.26469,28.26469,Sunny,0.05
20,2,Verstappen (Red Bull),28.94858,57.21327,Sunny,0.05
20,3,Verstappen (Red Bull),28.63899,85.85226,Sunny,0.05
20,4,Verstappen (Red Bull),26.86888,112.72115,Sunny,0.05
20,5,Verstappen (Red Bull),28.56464,141.28578,Sunny,0.05
20,1,Norris (McLaren),29.12842,29.12842,Sunny,0.05
20,2,Norris (McLaren),28.32896,57.45738,Sunny,0.05
20,3,Norris (McLaren),29.55698,87.01436,Sunny,0.05
20,4,Norris (McLaren),27.97508,114.98945,Sunny,0.05
20,5,Norris (McLaren),29.4606,144.45005,Sunny,0.05
21,1,Hamilton (Mercedes),28.2354,28.2354,Sunny,0.05
21,2,Hamilton (Mercedes),28.25021,56.48561,Sunny,0.05
21,3,Hamilton (Mercedes),28.22351,84.70913,Sunny,0.05
21,4,Hamilton (Mercedes),29.43749,114.14662,Sunny,0.05
21,5,Hamilton (Mercedes),29.11962,143.26624,Sunny,0.05
21,1,Verstappen (Red Bull),27.64562,27.64562,Sunny,0.05
21,2,Verstappen (Red Bull),28.09376,55.73938,Sunny,0.05
21,3,Verstappen (Red Bull),28.55183,84.29121,Sunny,0.05
21,4,Verstappen (Red Bull),27.82565,112.11685,Sunny,0.05
21,5,Verstappen (Red Bull),29.10477,141.22162,Sunny,0.05
21,1,Norris (McLaren),29.04248,29.04248,Sunny,0.05
21,2,Norris (McLaren),28.36369,57.40617,Sunny,0.05
21,3,Norris (McLaren),28.29589,85.70205,Sunny,0.05
21,4,Norris (McLaren),29.16288,114.86493,Sunny,0.05
21,5,Norris (McLaren),28.16456,143.02949,Sunny,0.05
22,1,Hamilton (Mercedes),28.07602,28.07602,Sunny,0.05
22,2,Hamilton (Mercedes),28.31631,56.39232,Sunny,0.05
22,3,Hamilton (Mercedes),28.18229,84.57461,Sunny,0.05
22,4,Hamilton (Mercedes),26.85349,111.4281,Sunny,0.05
22,5,Hamilton (Mercedes),28.41529,139.84339,Sunny,0.05
22,1,Verstappen (Red Bull),27.24543,27.24543,Sunny,0.05
22,2,Verstappen (Red Bull),27.42986,54.67528,Sunny,0.05
22,3,Verstappen (Red Bull),27.78617,82.46146,Sunny,0.05
22,4,Verstappen (Red Bull),28.37386,110.83532,Sunny,0.05
22,5,Verstappen (Red Bull),29.32644,140.16176,Sunny,0.05
22,1,Norris (McLaren),28.78959,28.78959,Sunny,0.05
22,2,Norris (McLaren),28.07554,56.86513,Sunny,0.05
22,3,Norris (McLaren),28.81144,85.67657,Sunny,0.05
22,4,Norris (McLaren),28.14965,113.82622,Sunny,0.05
22,5,Norris (McLaren),28.685,142.51122,Sunny,0.05
23,1,Hamilton (Mercedes),28.77025,28.77025,Sunny,0.05
23,2,Hamilton (Mercedes),27.22589,55.99615,Sunny,0.05
23,3,Hamilton (Mercedes),28.48518,84.48133,Sunny,0.05
23,4,Hamilton (Mercedes),28.28452,112.76585,Sunny,0.05
23,5,Hamilton (Mercedes),28.87661,141.64246,Sunny,0.05
23,1,Verstappen (Red Bull),28.74918,28.74918,Sunny,0.05
23,2,Verstappen (Red Bull),27.80333,56.55251,Sunny,0.05
23,3,Verstappen (Red Bull),28.88823,85.44074,Sunny,0.05
23,4,Verstappen (Red Bull),27.80733,113.24807,Sunny,0.05
23,5,Verstappen (Red Bull),28.53652,141.78459,Sunny,0.05
23,1,Norris (McLaren),28.06297,28.06297,Sunny,0.05
23,2,Norris (McLaren),29.33811,57.40108,Sunny,0.05
23,3,Norris (McLaren),28.71142,86.11251,Sunny,0.05
23,4,Norris (McLaren),28.55899,114.6715,Sunny,0.05
23,5,Norris (McLaren),28.15237,142.82386,Sunny,0.05
24,1,Hamilton (Mercedes),29.03028,29.03028,Sunny,0.05
24,2,Hamilton (Mercedes),28.03527,57.06555,Sunny,0.05
24,3,Hamilton (Mercedes),28.59055,85.6561,Sunny,0.05
24,4,Hamilton (Mercedes),28.06927,113.72537,Sunny,0.05
24,5,Hamilton (Mercedes),27.75358,141.47895,Sunny,0.05
24,1,Verstappen (Red Bull),27.48109,27.48109,Sunny,0.05
24,2,Verstappen (Red Bull),28.40412,55.88522,Sunny,0.05
24,3,Verstappen (Red Bull),28.19362,84.07884,Sunny,0.05
24,4,Verstappen (Red Bull),28.62815,112.70699,Sunny,0.05
24,5,Verstappen (Red Bull),27.33573,140.04272,Sunny,0.05
24,1,Norris (McLaren),27.93446,27.93446,Sunny,0.05
24,2,Norris (McLaren),28.8048,56.73926,Sunny,0.05
24,3,Norris (McLaren),28.86737,85.60662,Sunny,0.05
24,4,Norris (McLaren),28.7965,114.40312,Sunny,0.05
24,5,Norris (McLaren),28.43206,142.83518,Sunny,0.05
25,1,Hamilton (Mercedes),28.87011,28.87011,Sunny,0.05
25,2,Hamilton (Mercedes),27.76631,56.63642,Sunny,0.05
25,3,Hamilton (Mercedes),28.22528,84.86169,Sunny,0.05
25,4,Hamilton (Mercedes),27.66975,112.53144,Sunny,0.05
25,5,Hamilton (Mercedes),28.76731,141.29875,Sunny,0.05
25,1,Verstappen (Red Bull),28.18972,28.18972,Sunny,0.05
25,2,Verstappen (Red Bull),28.56972,56.75944,Sunny,0.05
25,3,Verstappen (Red Bull),28.52952,85.28896,Sunny,0.05
25,4,Verstappen (Red Bull),28.27363,113.5626,Sunny,0.05
25,5,Verstappen (Red Bull),28.17753,141.74012,Sunny,0.05
25,1,Norris (McLaren),28.04638,28.04638,Sunny,0.05
25,2,Norris (McLaren),28.55854,56.60491,Sunny,0.05
25,3,Norris (McLaren),28.73409,85.339,Sunny,0.05
25,4,Norris (McLaren),29.10923,114.44823,Sunny,0.05
25,5,Norris (McLaren),27.78374,142.23197,Sunny,0.05
26,1,Hamilton (Mercedes),28.86459,28.86459,Sunny,0.05
26,2,Hamilton (Mercedes),28.92685,57.79144,Sunny,0.05
26,3,Hamilton (Mercedes),28.04923,85.84066,Sunny,0.05
26,4,Hamilton (Mercedes),28.31306,114.15372,Sunny,0.05
26,5,Hamilton (Mercedes),27.33927,141.49299,Sunny,0.05
26,1,Verstappen (Red Bull),27.88564,27.88564,Sunny,0.05
26,2,Verstappen (Red Bull),28.37459,56.26023,Sunny,0.05
26,3,Verstappen (Red Bull),27.87439,84.13462,Sunny,0.05
26,4,Verstappen (Red Bull),28.00747,112.14209,Sunny,0.05
26,5,Verstappen (Red Bull),29.65513,141.79722,Sunny,0.05
26,1,Norris (McLaren),27.8572,27.8572,Sunny,0.05
26,2,Norris (McLaren),29.49266,57.34986,Sunny,0.05
26,3,Norris (McLaren),28.83257,86.18243,Sunny,0.05
26,4,Norris (McLaren),29.18536,115.36779,Sunny,0.05
26,5,Norris (McLaren),28.69357,144.06136,Sunny,0.05
27,1,Hamilton (Mercedes),27.67345,27.67345,Sunny,0.05
27,2,Hamilton (Mercedes),28.00563,55.67908,Sunny,0.05
27,3,Hamilton (Mercedes),28.20948,83.88856,Sunny,0.05
27,4,Hamilton (Mercedes),28.20676,112.09532,Sunny,0.05
27,5,Hamilton (Mercedes),28.67017,140.76549,Sunny,0.05
27,1,Verstappen (Red Bull),27.87597,27.87597,Sunny,0.05
27,2,Verstappen (Red Bull),27.2,55.07596,Sunny,0.05
27,3,Verstappen (Red Bull),28.00157,83.07754,Sunny,0.05
27,4,Verstappen (Red Bull),28.01978,111.09732,Sunny,0.05
27,5,Verstappen (Red Bull),27.90171,138.99903,Sunny,0.05
27,1,Norris (McLaren),28.75093,28.75093,Sunny,0.05
27,2,Norris (McLaren),28.73853,57.48946,Sunny,0.05
27,3,Norris (McLaren),28.73094,86.2204,Sunny,0.05
27,4,Norris (McLaren),28.19642,114.41682,Sunny,0.05
27,5,Norris (McLaren),28.3784,142.79523,Sunny,0.05
28,1,Hamilton (Mercedes),28.7562,28.7562,Sunny,0.05
28,2,Hamilton (Mercedes),27.65608,56.41228,Sunny,0.05
28,3,Hamilton (Mercedes),26.94319,83.35548,Sunny,0.05
28,4,Hamilton (Mercedes),28.75324,112.10872,Sunny,0.05
28,5,Hamilton (Mercedes),28.37948,140.4882,Sunny,0.05
28,1,Verstappen (Red Bull),27.91118,27.91118,Sunny,0.05
28,2,Verstappen (Red Bull),27.93744,55.84861,Sunny,0.05
28,3,Verstappen (Red Bull),28.28836,84.13697,Sunny,0.05
28,4,Verstappen (Red Bull),28.21452,112.35149,Sunny,0.05
28,5,Verstappen (Red Bull),28.54035,140.89185,Sunny,0.05
28,1,Norris (McLaren),29.03603,29.03603,Sunny,0.05
28,2,Norris (McLaren),29.11818,58.15421,Sunny,0.05
28,3,Norris (McLaren),28.81812,86.97233,Sunny,0.05
28,4,Norris (McLaren),28.64179,115.61412,Sunny,0.05
28,5,Norris (McLaren),29.08314,144.69726,Sunny,0.05
29,1,Hamilton (Mercedes),28.47093,28.47093,Sunny,0.05
29,2,Hamilton (Mercedes),27.60379,56.07472,Sunny,0.05
29,3,Hamilton (Mercedes),28.47377,84.5485,Sunny,0.05
29,4,Hamilton (Mercedes),28.8068,113.35529,Sunny,0.05
29,5,Hamilton (Mercedes),28.71039,142.06569,Sunny,0.05
29,1,Verstappen (Red Bull),28.10469,28.10469,Sunny,0.05
29,2,Verstappen (Red Bull),27.87435,55.97904,Sunny,0.05
29,3,Verstappen (Red Bull),27.94164,83.92067,Sunny,0.05
29,4,Verstappen (Red Bull),28.28053,112.20121,Sunny,0.05
29,5,Verstappen (Red Bull),28.71178,140.91299,Sunny,0.05
29,1,Norris (McLaren),27.67849,27.67849,Sunny,0.05
29,2,Norris (McLaren),29.80609,57.48458,Sunny,0.05
29,3,Norris (McLaren),28.05492,85.5395,Sunny,0.05
29,4,Norris (McLaren),28.24543,113.78493,Sunny,0.05
29,5,Norris (McLaren),28.77006,142.55499,Sunny,0.05
30,1,Hamilton (Mercedes),27.7403,27.7403,Sunny,0.05
30,2,Hamilton (Mercedes),28.08617,55.82647,Sunny,0.05
30,3,Hamilton (Mercedes),27.92392,83.75039,Sunny,0.05
30,4,Hamilton (Mercedes),28.14152,111.89191,Sunny,0.05
30,5,Hamilton (Mercedes),28.09316,139.98508,Sunny,0.05
30,1,Verstappen (Red Bull),27.34002,27.34002,Sunny,0.05
30,2,Verstappen (Red Bull),28.6513,55.99132,Sunny,0.05
30,3,Verstappen (Red Bull),28.23395,84.22526,Sunny,0.05
30,4,Verstappen (Red Bull),28.78628,113.01154,Sunny,0.05
30,5,Verstappen (Red Bull),27.40865,140.42019,Sunny,0.05
30,1,Norris (McLaren),28.94378,28.94378,Sunny,0.05
30,2,Norris (McLaren),29.30127,58.24505,Sunny,0.05
30,3,Norris (McLaren),29.62021,87.86526,Sunny,0.05
30,4,Norris (McLaren),29.52418,117.38944,Sunny,0.05
30,5,Norris (McLaren),29.01422,146.40365,Sunny,0.05
31,1,Hamilton (Mercedes),28.87859,28.87859,Sunny,0.05
31,2,Hamilton (Mercedes),27.75562,56.63422,Sunny,0.05
31,3,Hamilton (Mercedes),28.84097,85.47519,Sunny,0.05
31,4,Hamilton (Mercedes),28.17756,113.65275,Sunny,0.05
31,5,Hamilton (Mercedes),27.89014,141.54289,Sunny,0.05
31,1,Verstappen (Red Bull),29.24679,29.24679,Sunny,0.05
31,2,Verstappen (Red Bull),28.08257,57.32935,Sunny,0.05
31,3,Verstappen (Red Bull),27.75338,85.08274,Sunny,0.05
31,4,Verstappen (Red Bull),28.84001,113.92274,Sunny,0.05
31,5,Verstappen (Red Bull),28.51201,142.43476,Sunny,0.05
31,1,Norris (McLaren),27.28302,27.28302,Sunny,0.05
31,2,Norris (McLaren),28.54227,55.82529,Sunny,0.05
31,3,Norris (McLaren),28.19317,84.01846,Sunny,0.05
31,4,Norris (McLaren),28.91216,112.93061,Sunny,0.05
31,5,Norris (McLaren),29.24732,142.17793,Sunny,0.05
32,1,Hamilton (Mercedes),27.72257,27.72257,Sunny,0.05
32,2,Hamilton (Mercedes),29.03904,56.76161,Sunny,0.05
32,3,Hamilton (Mercedes),28.42723,85.18884,Sunny,0.05
32,4,Hamilton (Mercedes),28.37032,113.55916,Sunny,0.05
32,5,Hamilton (Mercedes),28.74729,142.30645,Sunny,0.05
32,1,Verstappen (Red Bull),27.58429,27.58429,Sunny,0.05
32,2,Verstappen (Red Bull),27.70492,55.28921,Sunny,0.05
32,3,Verstappen (Red Bull),28.35429,83.6435,Sunny,0.05
32,4,Verstappen (Red Bull),29.1731,112.8166,Sunny,0.05
32,5,Verstappen (Red Bull),28.15718,140.97379,Sunny,0.05
32,1,Norris (McLaren),27.79393,27.79393,Sunny,0.05
32,2,Norris (McLaren),29.18182,56.97575,Sunny,0.05
32,3,Norris (McLaren),28.91868,85.89443,Sunny,0.05
32,4,Norris (McLaren),28.867,114.76143,Sunny,0.05
32,5,Norris (McLaren),29.1365,143.89793,Sunny,0.05
33,1,Hamilton (Mercedes),27.83281,27.83281,Sunny,0.05
33,2,Hamilton (Mercedes),28.67753,56.51034,Sunny,0.05
33,3,Hamilton (Mercedes),28.00449,84.51483,Sunny,0.05
33,4,Hamilton (Mercedes),28.52663,113.04146,Sunny,0.05
33,5,Hamilton (Mercedes),28.36117,141.40263,Sunny,0.05
33,1,Verstappen (Red Bull),28.05154,28.05154,Sunny,0.05
33,2,Verstappen (Red Bull),28.49012,56.54165,Sunny,0.05
33,3,Verstappen (Red Bull),28.2773,84.81895,Sunny,0.05
33,4,Verstappen (Red Bull),29.28846,114.10741,Sunny,0.05
33,5,Verstappen (Red Bull),28.29236,142.39978,Sunny,0.05
33,1,Norris (McLaren),28.87834,28.87834,Sunny,0.05
33,2,Norris (McLaren),28.05904,56.93737,Sunny,0.05
33,3,Norris (McLaren),28.68113,85.61851,Sunny,0.05
33,4,Norris (McLaren),28.64355,114.26205,Sunny,0.05
33,5,Norris (McLaren),28.46784,142.72989,Sunny,0.05
34,1,Hamilton (Mercedes),29.07315,29.07315,Sunny,0.05
34,2,Hamilton (Mercedes),27.97416,57.04731,Sunny,0.05
34,3,Hamilton (Mercedes),27.15851,84.20582,Sunny,0.05
34,4,Hamilton (Mercedes),27.57606,111.78188,Sunny,0.05
34,5,Hamilton (Mercedes),29.04638,140.82826,Sunny,0.05
34,1,Verstappen (Red Bull),28.87296,28.87296,Sunny,0.05
34,2,Verstappen (Red Bull),27.48981,56.36277,Sunny,0.05
34,3,Verstappen (Red Bull),28.2385,84.60127,Sunny,0.05
34,4,Verstappen (Red Bull),27.69275,112.29402,Sunny,0.05
34,5,Verstappen (Red Bull),27.43876,139.73278,Sunny,0.05
34,1,Norris (McLaren),29.04448,29.04448,Sunny,0.05
34,2,Norris (McLaren),29.2469,58.29137,Sunny,0.05
34,3,Norris (McLaren),30.10632,88.39769,Sunny,0.05
34,4,Norris (McLaren),27.89535,116.29304,Sunny,0.05
34,5,Norris (McLaren),28.44832,144.74136,Sunny,0.05
35,1,Hamilton (Mercedes),28.37764,28.37764,Sunny,0.05
35,2,Hamilton (Mercedes),28.21444,56.59208,Sunny,0.05
35,3,Hamilton (Mercedes),28.32121,84.91329,Sunny,0.05
35,4,Hamilton (Mercedes),28.50412,113.41741,Sunny,0.05
35,5,Hamilton (Mercedes),28.735,142.1524,Sunny,0.05
35,1,Verstappen (Red Bull),28.50736,28.50736,Sunny,0.05
35,2,Verstappen (Red Bull),28.94319,57.45054,Sunny,0.05
35,3,Verstappen (Red Bull),28.58113,86.03167,Sunny,0.05
35,4,Verstappen (Red Bull),28.71883,114.7505,Sunny,0.05
35,5,Verstappen (Red Bull),28.07282,142.82332,Sunny,0.05
35,1,Norris (McLaren),29.09163,29.09163,Sunny,0.05
35,2,Norris (McLaren),27.72743,56.81906,Sunny,0.05
35,3,Norris (McLaren),28.80952,85.62858,Sunny,0.05
35,4,Norris (McLaren),28.76141,114.38999,Sunny,0.05
35,5,Norris (McLaren),28.95237,143.34237,Sunny,0.05
36,1,Hamilton (Mercedes),28.31898,28.31898,Sunny,0.05
36,2,Hamilton (Mercedes),28.91975,57.23873,Sunny,0.05
36,3,Hamilton (Mercedes),28.55221,85.79094,Sunny,0.05
36,4,Hamilton (Mercedes),28.26985,114.06079,Sunny,0.05
36,5,Hamilton (Mercedes),28.79386,142.85465,Sunny,0.05
36,1,Verstappen (Red Bull),28.03149,28.03149,Sunny,0.05
36,2,Verstappen (Red Bull),29.0053,57.0368,Sunny,0.05
36,3,Verstappen (Red Bull),28.01596,85.05276,Sunny,0.05
36,4,Verstappen (Red Bull),28.36376,113.41652,Sunny,0.05
36,5,Verstappen (Red Bull),28.29141,141.70793,Sunny,0.05
36,1,Norris (McLaren),29.76445,29.76445,Sunny,0.05
36,2,Norris (McLaren),27.63829,57.40274,Sunny,0.05
36,3,Norris (McLaren),28.83213,86.23486,Sunny,0.05
36,4,Norris (McLaren),29.5372,115.77207,Sunny,0.05
36,5,Norris (McLaren),28.2673,144.03937,Sunny,0.05
37,1,Hamilton (Mercedes),27.38136,27.38136,Sunny,0.05
37,2,Hamilton (Mercedes),27.75933,55.14069,Sunny,0.05
37,3,Hamilton (Mercedes),28.14509,83.28578,Sunny,0.05
37,4,Hamilton (Mercedes),29.01187,112.29765,Sunny,0.05
37,5,Hamilton (Mercedes),28.3386,140.63625,Sunny,0.05
37,1,Verstappen (Red Bull),28.17696,28.17696,Sunny,0.05
37,2,Verstappen (Red Bull),28.66711,56.84407,Sunny,0.05
37,3,Verstappen (Red Bull),26.32615,83.17022,Sunny,0.05
37,4,Verstappen (Red Bull),28.50478,111.675,Sunny,0.05
37,5,Verstappen (Red Bull),27.90662,139.58162,Sunny,0.05
37,1,Norris (McLaren),29.06758,29.06758,Sunny,0.05
37,2,Norris (McLaren),28.67985,57.74743,Sunny,0.05
37,3,Norris (McLaren),28.77948,86.52691,Sunny,0.05
37,4,Norris (McLaren),29.53798,116.06489,Sunny,0.05
37,5,Norris (McLaren),29.39726,145.46215,Sunny,0.05
38,1,Hamilton (Mercedes),28.33187,28.33187,Sunny,0.05
38,2,Hamilton (Mercedes),27.90886,56.24073,Sunny,0.05
38,3,Hamilton (Mercedes),28.76134,85.00207,Sunny,0.05
38,4,Hamilton (Mercedes),28.54697,113.54904,Sunny,0.05
38,5,Hamilton (Mercedes),29.40695,142.95599,Sunny,0.05
38,1,Verstappen (Red Bull),27.6024,27.6024,Sunny,0.05
38,2,Verstappen (Red Bull),28.99581,56.59821,Sunny,0.05
38,3,Verstappen (Red Bull),28.69876,85.29697,Sunny,0.05
38,4,Verstappen (Red Bull),28.37089,113.66786,Sunny,0.05
38,5,Verstappen (Red Bull),28.42977,142.09763,Sunny,0.05
38,1,Norris (McLaren),29.06352,29.06352,Sunny,0.05
38,2,Norris (McLaren),29.34545,58.40897,Sunny,0.05
38,3,Norris (McLaren),28.10138,86.51035,Sunny,0.05
38,4,Norris (McLaren),28.11061,114.62096,Sunny,0.05
38,5,Norris (McLaren),28.89195,143.5129,Sunny,0.05
39,1,Hamilton (Mercedes),27.34053,27.34053,Sunny,0.05
39,2,Hamilton (Mercedes),29.47859,56.81913,Sunny,0.05
39,3,Hamilton (Mercedes),27.87148,84.69061,Sunny,0.05
39,4,Hamilton (Mercedes),28.28844,112.97905,Sunny,0.05
39,5,Hamilton (Mercedes),28.7019,141.68095,Sunny,0.05
39,1,Verstappen (Red Bull),27.99037,27.99037,Sunny,0.05
39,2,Verstappen (Red Bull),27.64262,55.63299,Sunny,0.05
39,3,Verstappen (Red Bull),27.24765,82.88064,Sunny,0.05
39,4,Verstappen (Red Bull),27.68057,110.56121,Sunny,0.05
39,5,Verstappen (Red Bull),27.8135,138.3747,Sunny,0.05
39,1,Norris (McLaren),29.01521,29.01521,Sunny,0.05
39,2,Norris (McLaren),28.46046,57.47568,Sunny,0.05
39,3,Norris (McLaren),28.55532,86.031,Sunny,0.05
39,4,Norris (McLaren),29.30648,115.33748,Sunny,0.05
39,5,Norris (McLaren),28.28395,143.62143,Sunny,0.05
40,1,Hamilton (Mercedes),28.71461,28.71461,Sunny,0.05
40,2,Hamilton (Mercedes),28.45926,57.17387,Sunny,0.05
40,3,Hamilton (Mercedes),28.757,85.93087,Sunny,0.05
40,4,Hamilton (Mercedes),28.06621,113.99708,Sunny,0.05
40,5,Hamilton (Mercedes),27.93759,141.93467,Sunny,0.05
40,1,Verstappen (Red Bull),27.35844,27.35844,Sunny,0.05
40,2,Verstappen (Red Bull),28.80974,56.16818,Sunny,0.05
40,3,Verstappen (Red Bull),28.68698,84.85516,Sunny,0.05
40,4,Verstappen (Red Bull),28.35181,113.20696,Sunny,0.05
40,5,Verstappen (Red Bull),28.89288,142.09984,Sunny,0.05
40,1,Norris (McLaren),29.79012,29.79012,Sunny,0.05
40,2,Norris (McLaren),29.30201,59.09213,Sunny,0.05
40,3,Norris (McLaren),27.78407,86.8762,Sunny,0.05
40,4,Norris (McLaren),29.40268,116.27888,Sunny,0.05
40,5,Norris (McLaren),27.79215,144.07103,Sunny,0.05
41,1,Hamilton (Mercedes),28.85529,28.85529,Sunny,0.05
41,2,Hamilton (Mercedes),28.66891,57.5242,Sunny,0.05
41,3,Hamilton (Mercedes),28.99405,86.51825,Sunny,0.05
41,4,Hamilton (Mercedes),28.81552,115.33377,Sunny,0.05
41,5,Hamilton (Mercedes),28.58477,143.91854,Sunny,0.05
41,1,Verstappen (Red Bull),29.15414,29.15414,Sunny,0.05
41,2,Verstappen (Red Bull),28.14249,57.29663,Sunny,0.05
41,3,Verstappen (Red Bull),28.03792,85.33455,Sunny,0.05
41,4,Verstappen (Red Bull),29.34863,114.68318,Sunny,0.05
41,5,Verstappen (Red Bull),27.83994,142.52312,Sunny,0.05
41,1,Norris (McLaren),28.06016,28.06016,Sunny,0.05
41,2,Norris (McLaren),28.49552,56.55568,Sunny,0.05
41,3,Norris (McLaren),28.92245,85.47813,Sunny,0.05
41,4,Norris (McLaren),27.94894,113.42707,Sunny,0.05
41,5,Norris (McLaren),29.07577,142.50284,Sunny,0.05
42,1,Hamilton (Mercedes),28.50436,28.50436,Sunny,0.05
42,2,Hamilton (Mercedes),28.46937,56.97374,Sunny,0.05
42,3,Hamilton (Mercedes),28.44458,85.41832,Sunny,0.05
42,4,Hamilton (Mercedes),28.42704,113.84535,Sunny,0.05
42,5,Hamilton (Mercedes),28.31013,142.15548,Sunny,0.05
42,1,Verstappen (Red Bull),28.22286,28.22286,Sunny,0.05
42,2,Verstappen (Red Bull),29.07425,57.2971,Sunny,0.05
42,3,Verstappen (Red Bull),27.28597,84.58308,Sunny,0.05
42,4,Verstappen (Red Bull),28.32314,112.90622,Sunny,0.05
42,5,Verstappen (Red Bull),27.68571,140.59192,Sunny,0.05
42,1,Norris (McLaren),29.27407,29.27407,Sunny,0.05
42,2,Norris (McLaren),27.93727,57.21134,Sunny,0.05
42,3,Norris (McLaren),27.9021,85.11344,Sunny,0.05
42,4,Norris (McLaren),27.79046,112.90389,Sunny,0.05
42,5,Norris (McLaren),27.79199,140.69588,Sunny,0.05
43,1,Hamilton (Mercedes),28.15189,28.15189,Sunny,0.05
43,2,Hamilton (Mercedes),27.82875,55.98064,Sunny,0.05
43,3,Hamilton (Mercedes),28.594,84.57465,Sunny,0.05
43,4,Hamilton (Mercedes),28.70202,113.27667,Sunny,0.05
43,5,Hamilton (Mercedes),27.33887,140.61554,Sunny,0.05
43,1,Verstappen (Red Bull),28.4826,28.4826,Sunny,0.05
43,2,Verstappen (Red Bull),28.19194,56.67454,Sunny,0.05
43,3,Verstappen (Red Bull),27.09952,83.77406,Sunny,0.05
43,4,Verstappen (Red Bull),27.86057,111.63463,Sunny,0.05
43,5,Verstappen (Red Bull),27.9229,139.55753,Sunny,0.05
43,1,Norris (McLaren),29.28659,29.28659,Sunny,0.05
43,2,Norris (McLaren),27.65001,56.93659,Sunny,0.05
43,3,Norris (McLaren),29.05383,85.99042,Sunny,0.05
43,4,Norris (McLaren),30.58373,116.57415,Sunny,0.05
43,5,Norris (McLaren),27.5453,144.11945,Sunny,0.05
44,1,Hamilton (Mercedes),28.53497,28.53497,Sunny,0.05
44,2,Hamilton (Mercedes),28.66823,57.20319,Sunny,0.05
44,3,Hamilton (Mercedes),28.83054,86.03373,Sunny,0.05
44,4,Hamilton (Mercedes),27.40765,113.44138,Sunny,0.05
44,5,Hamilton (Mercedes),28.51637,141.95775,Sunny,0.05
44,1,Verstappen (Red Bull),28.22757,28.22757,Sunny,0.05
44,2,Verstappen (Red Bull),27.6795,55.90708,Sunny,0.05
44,3,Verstappen (Red Bull),28.53833,84.44541,Sunny,0.05
44,4,Verstappen (Red Bull),28.54709,112.9925,Sunny,0.05
44,5,Verstappen (Red Bull),27.7994,140.7919,Sunny,0.05
44,1,Norris (McLaren),28.22193,28.22193,Sunny,0.05
44,2,Norris (McLaren),28.79801,57.01994,Sunny,0.05
44,3,Norris (McLaren),28.67176,85.6917,Sunny,0.05
44,4,Norris (McLaren),27.93561,113.62731,Sunny,0.05
44,5,Norris (McLaren),28.89304,142.52035,Sunny,0.05
45,1,Hamilton (Mercedes),28.72445,28.72445,Sunny,0.05
45,2,Hamilton (Mercedes),28.60146,57.32591,Sunny,0.05
45,3,Hamilton (Mercedes),29.52223,86.84814,Sunny,0.05
45,4,Hamilton (Mercedes),28.43437,115.28251,Sunny,0.05
45,5,Hamilton (Mercedes),28.70485,143.98736,Sunny,0.05
45,1,Verstappen (Red Bull),29.22219,29.22219,Sunny,0.05
45,2,Verstappen (Red Bull),27.83096,57.05315,Sunny,0.05
45,3,Verstappen (Red Bull),28.29403,85.34718,Sunny,0.05
45,4,Verstappen (Red Bull),27.99103,113.33821,Sunny,0.05
45,5,Verstappen (Red Bull),29.11756,142.45577,Sunny,0.05
45,1,Norris (McLaren),28.5004,28.5004,Sunny,0.05
45,2,Norris (McLaren),27.15295,55.65335,Sunny,0.05
45,3,Norris (McLaren),28.29033,83.94368,Sunny,0.05
45,4,Norris (McLaren),27.63248,111.57617,Sunny,0.05
45,5,Norris (McLaren),28.46718,140.04335,Sunny,0.05
46,1,Hamilton (Mercedes),28.49778,28.49778,Sunny,0.05
46,2,Hamilton (Mercedes),28.78988,57.28766,Sunny,0.05
46,3,Hamilton (Mercedes),29.24675,86.53441,Sunny,0.05
46,4,Hamilton (Mercedes),28.13419,114.6686,Sunny,0.05
46,5,Hamilton (Mercedes),28.96386,143.63246,Sunny,0.05
46,1,Verstappen (Red Bull),28.32102,28.32102,Sunny,0.05
46,2,Verstappen (Red Bull),27.53987,55.8609,Sunny,0.05
46,3,Verstappen (Red Bull),28.48202,84.34291,Sunny,0.05
46,4,Verstappen (Red Bull),28.42114,112.76405,Sunny,0.05
46,5,Verstappen (Red Bull),27.89922,140.66327,Sunny,0.05
46,1,Norris (McLaren),29.1308,29.1308,Sunny,0.05
46,2,Norris (McLaren),27.17132,56.30212,Sunny,0.05
46,3,Norris (McLaren),29.28126,85.58338,Sunny,0.05
46,4,Norris (McLaren),29.81223,115.39562,Sunny,0.05
46,5,Norris (McLaren),29.88275,145.27837,Sunny,0.05
47,1,Hamilton (Mercedes),27.87118,27.87118,Sunny,0.05
47,2,Hamilton (Mercedes),28.33021,56.20139,Sunny,0.05
47,3,Hamilton (Mercedes),28.35951,84.56089,Sunny,0.05
47,4,Hamilton (Mercedes),28.7925,113.35339,Sunny,0.05
47,5,Hamilton (Mercedes),28.54832,141.90171,Sunny,0.05
47,1,Verstappen (Red Bull),28.56062,28.56062,Sunny,0.05
47,2,Verstappen (Red Bull),28.72351,57.28414,Sunny,0.05
47,3,Verstappen (Red Bull),29.00856,86.2927,Sunny,0.05
47,4,Verstappen (Red Bull),28.47093,114.76363,Sunny,0.05
47,5,Verstappen (Red Bull),27.24811,142.01174,Sunny,0.05
47,1,Norris (McLaren),30.62249,30.62249,Sunny,0.05
47,2,Norris (McLaren),28.42822,59.05071,Sunny,0.05
47,3,Norris (McLaren),28.36218,87.41288,Sunny,0.05
47,4,Norris (McLaren),26.87134,114.28423,Sunny,0.05
47,5,Norris (McLaren),28.19716,142.48139,Sunny,0.05
48,1,Hamilton (Mercedes),27.84739,27.84739,Sunny,0.05
48,2,Hamilton (Mercedes),29.17244,57.01983,Sunny,0.05
48,3,Hamilton (Mercedes),28.08309,85.10292,Sunny,0.05
48,4,Hamilton (Mercedes),27.98548,113.08841,Sunny,0.05
48,5,Hamilton (Mercedes),27.76681,140.85522,Sunny,0.05
48,1,Verstappen (Red Bull),27.70246,27.70246,Sunny,0.05
48,2,Verstappen (Red Bull),27.90674,55.6092,Sunny,0.05
48,3,Verstappen (Red Bull),28.23559,83.84479,Sunny,0.05
48,4,Verstappen (Red Bull),28.26736,112.11215,Sunny,0.05
48,5,Verstappen (Red Bull),28.46777,140.57992,Sunny,0.05
48,1,Norris (McLaren),29.48602,29.48602,Sunny,0.05
48,2,Norris (McLaren),28.41367,57.89969,Sunny,0.05
48,3,Norris (McLaren),28.25842,86.15811,Sunny,0.05
48,4,Norris (McLaren),29.50769,115.66579,Sunny,0.05
48,5,Norris (McLaren),28.03892,143.70472,Sunny,0.05
49,1,Hamilton (Mercedes),27.88083,27.88083,Sunny,0.05
49,2,Hamilton (Mercedes),28.45016,56.33099,Sunny,0.05
49,3,Hamilton (Mercedes),29.30583,85.63683,Sunny,0.05
49,4,Hamilton (Mercedes),28.57448,114.2113,Sunny,0.05
49,5,Hamilton (Mercedes),28.5251,142.7364,Sunny,0.05
49,1,Verstappen (Red Bull),28.26486,28.26486,Sunny,0.05
49,2,Verstappen (Red Bull),28.0927,56.35756,Sunny,0.05
49,3,Verstappen (Red Bull),28.16952,84.52708,Sunny,0.05
49,4,Verstappen (Red Bull),28.17786,112.70494,Sunny,0.05
49,5,Verstappen (Red Bull),26.79992,139.50486,Sunny,0.05
49,1,Norris (McLaren),28.09278,28.09278,Sunny,0.05
49,2,Norris (McLaren),28.98699,57.07977,Sunny,0.05
49,3,Norris (McLaren),28.52426,85.60404,Sunny,0.05
49,4,Norris (McLaren),28.75159,114.35563,Sunny,0.05
49,5,Norris (McLaren),29.20404,143.55967,Sunny,0.05
50,1,Hamilton (Mercedes),28.46582,28.46582,Sunny,0.05
50,2,Hamilton (Mercedes),28.49687,56.96269,Sunny,0.05
50,3,Hamilton (Mercedes),29.66994,86.63263,Sunny,0.05
50,4,Hamilton (Mercedes),28.36327,114.9959,Sunny,0.05
50,5,Hamilton (Mercedes),27.86962,142.86552,Sunny,0.05
50,1,Verstappen (Red Bull),28.1201,28.1201,Sunny,0.05
50,2,Verstappen (Red Bull),28.20361,56.32371,Sunny,0.05
50,3,Verstappen (Red Bull),27.23336,83.55708,Sunny,0.05
50,4,Verstappen (Red Bull),28.62294,112.18001,Sunny,0.05
50,5,Verstappen (Red Bull),27.84843,140.02844,Sunny,0.05
50,1,Norris (McLaren),29.41728,29.41728,Sunny,0.05
50,2,Norris (McLaren),28.69878,58.11606,Sunny,0.05
50,3,Norris (McLaren),29.31628,87.43234,Sunny,0.05
50,4,Norris (McLaren),28.45237,115.88471,Sunny,0.05
50,5,Norris (McLaren),28.28731,144.17203,Sunny,0.05
51,1,Hamilton (Mercedes),28.11103,28.11103,Sunny,0.05
51,2,Hamilton (Mercedes),28.1424,56.25343,Sunny,0.05
51,3,Hamilton (Mercedes),28.60918,84.8626,Sunny,0.05
51,4,Hamilton (Mercedes),28.67139,113.53399,Sunny,0.05
51,5,Hamilton (Mercedes),28.35616,141.89015,Sunny,0.05
51,1,Verstappen (Red Bull),26.92979,26.92979,Sunny,0.05
51,2,Verstappen (Red Bull),28.0625,54.99229,Sunny,0.05
51,3,Verstappen (Red Bull),28.05838,83.05067,Sunny,0.05
51,4,Verstappen (Red Bull),27.92959,110.98026,Sunny,0.05
51,5,Verstappen (Red Bull),27.91372,138.89398,Sunny,0.05
51,1,Norris (McLaren),28.76307,28.76307,Sunny,0.05
51,2,Norris (McLaren),28.7009,57.46397,Sunny,0.05
51,3,Norris (McLaren),28.30803,85.772,Sunny,0.05
51,4,Norris (McLaren),28.83845,114.61045,Sunny,0.05
51,5,Norris (McLaren),29.77793,144.38837,Sunny,0.05
52,1,Hamilton (Mercedes),28.57723,28.57723,Sunny,0.05
52,2,Hamilton (Mercedes),28.09901,56.67624,Sunny,0.05
52,3,Hamilton (Mercedes),28.1285,84.80474,Sunny,0.05
52,4,Hamilton (Mercedes),27.72552,112.53026,Sunny,0.05
52,5,Hamilton (Mercedes),28.76667,141.29693,Sunny,0.05
52,1,Verstappen (Red Bull),27.90466,27.90466,Sunny,0.05
52,2,Verstappen (Red Bull),29.21721,57.12187,Sunny,0.05
52,3,Verstappen (Red Bull),28.41568,85.53755,Sunny,0.05
52,4,Verstappen (Red Bull),29.30796,114.84551,Sunny,0.05
52,5,Verstappen (Red Bull),28.89411,143.73961,Sunny,0.05
52,1,Norris (McLaren),29.72537,29.72537,Sunny,0.05
52,2,Norris (McLaren),29.17164,58.89701,Sunny,0.05
52,3,Norris (McLaren),28.291,87.18802,Sunny,0.05
52,4,Norris (McLaren),27.91942,115.10743,Sunny,0.05
52,5,Norris (McLaren),28.34639,143.45382,Sunny,0.05
53,1,Hamilton (Mercedes),28.18536,28.18536,Sunny,0.05
53,2,Hamilton (Mercedes),27.88953,56.0749,Sunny,0.05
53,3,Hamilton (Mercedes),27.92922,84.00412,Sunny,0.05
53,4,Hamilton (Mercedes),28.78848,112.7926,Sunny,0.05
53,5,Hamilton (Mercedes),29.13106,141.92366,Sunny,0.05
53,1,Verstappen (Red Bull),28.46491,28.46491,Sunny,0.05
53,2,Verstappen (Red Bull),28.41363,56.87854,Sunny,0.05
53,3,Verstappen (Red Bull),28.5932,85.47174,Sunny,0.05
53,4,Verstappen (Red Bull),28.01769,113.48944,Sunny,0.05
53,5,Verstappen (Red Bull),28.48596,141.9754,Sunny,0.05
53,1,Norris (McLaren),28.38197,28.38197,Sunny,0.05
53,2,Norris (McLaren),27.90562,56.28758,Sunny,0.05
53,3,Norris (McLaren),29.24923,85.53681,Sunny,0.05
53,4,Norris (McLaren),28.46243,113.99924,Sunny,0.05
53,5,Norris (McLaren),28.62037,142.61961,Sunny,0.05
54,1,Hamilton (Mercedes),28.50407,28.50407,Sunny,0.05
54,2,Hamilton (Mercedes),27.71762,56.22169,Sunny,0.05
54,3,Hamilton (Mercedes),28.58791,84.8096,Sunny,0.05
54,4,Hamilton (Mercedes),29.33173,114.14133,Sunny,0.05
54,5,Hamilton (Mercedes),28.37955,142.52087,Sunny,0.05
54,1,Verstappen (Red Bull),27.99424,27.99424,Sunny,0.05
54,2,Verstappen (Red Bull),27.99044,55.98468,Sunny,0.05
54,3,Verstappen (Red Bull),27.73453,83.71921,Sunny,0.05
54,4,Verstappen (Red Bull),27.67778,111.39699,Sunny,0.05
54,5,Verstappen (Red Bull),27.98726,139.38426,Sunny,0.05
54,1,Norris (McLaren),27.157,27.157,Sunny,0.05
54,2,Norris (McLaren),28.31648,55.47348,Sunny,0.05
54,3,Norris (McLaren),28.2455,83.71898,Sunny,0.05
54,4,Norris (McLaren),28.76615,112.48513,Sunny,0.05
54,5,Norris (McLaren),28.57762,141.06275,Sunny,0.05
55,1,Hamilton (Mercedes),28.85917,28.85917,Sunny,0.05
55,2,Hamilton (Mercedes),28.31404,57.17321,Sunny,0.05
55,3,Hamilton (Mercedes),28.49085,85.66406,Sunny,0.05
55,4,Hamilton (Mercedes),29.55619,115.22026,Sunny,0.05
55,5,Hamilton (Mercedes),28.36912,143.58938,Sunny,0.05
55,1,Verstappen (Red Bull),28.10934,28.10934,Sunny,0.05
55,2,Verstappen (Red Bull),28.75968,56.86901,Sunny,0.05
55,3,Verstappen (Red Bull),28.34436,85.21338,Sunny,0.05
55,4,Verstappen (Red Bull),27.44044,112.65382,Sunny,0.05
55,5,Verstappen (Red Bull),28.9303,141.58412,Sunny,0.05
55,1,Norris (McLaren),29.32439,29.32439,Sunny,0.05
55,2,Norris (McLaren),28.95698,58.28137,Sunny,0.05
55,3,Norris (McLaren),29.40048,87.68185,Sunny,0.05
55,4,Norris (McLaren),27.307,114.98885,Sunny,0.05
55,5,Norris (McLaren),28.82974,143.81859,Sunny,0.05
56,1,Hamilton (Mercedes),28.58693,28.58693,Sunny,0.05
56,2,Hamilton (Mercedes),28.22056,56.80749,Sunny,0.05
56,3,Hamilton (Mercedes),28.52487,85.33235,Sunny,0.05
56,4,Hamilton (Mercedes),29.68684,115.01919,Sunny,0.05
56,5,Hamilton (Mercedes),27.87576,142.89494,Sunny,0.05
56,1,Verstappen (Red Bull),28.3601,28.3601,Sunny,0.05
56,2,Verstappen (Red Bull),27.4613,55.8214,Sunny,0.05
56,3,Verstappen (Red Bull),28.48446,84.30586,Sunny,0.05
56,4,Verstappen (Red Bull),27.82657,112.13243,Sunny,0.05
56,5,Verstappen (Red Bull),28.47862,140.61105,Sunny,0.05
56,1,Norris (McLaren),29.44385,29.44385,Sunny,0.05
56,2,Norris (McLaren),27.99019,57.43403,Sunny,0.05
56,3,Norris (McLaren),28.54979,85.98382,Sunny,0.05
56,4,Norris (McLaren),28.73199,114.71581,Sunny,0.05
56,5,Norris (McLaren),28.0492,142.76501,Sunny,0.05
57,1,Hamilton (Mercedes),29.03132,29.03132,Sunny,0.05
57,2,Hamilton (Mercedes),27.58743,56.61874,Sunny,0.05
57,3,Hamilton (Mercedes),27.82609,84.44483,Sunny,0.05
57,4,Hamilton (Mercedes),27.67369,112.11852,Sunny,0.05
57,5,Hamilton (Mercedes),27.46155,139.58008,Sunny,0.05
57,1,Verstappen (Red Bull),28.87914,28.87914,Sunny,0.05
57,2,Verstappen (Red Bull),27.84543,56.72457,Sunny,0.05
57,3,Verstappen (Red Bull),28.10811,84.83267,Sunny,0.05
57,4,Verstappen (Red Bull),28.60353,113.4362,Sunny,0.05
57,5,Verstappen (Red Bull),28.62451,142.06071,Sunny,0.05
57,1,Norris (McLaren),28.42141,28.42141,Sunny,0.05
57,2,Norris (McLaren),28.69339,57.1148,Sunny,0.05
57,3,Norris (McLaren),28.30878,85.42358,Sunny,0.05
57,4,Norris (McLaren),29.78578,115.20936,Sunny,0.05
57,5,Norris (McLaren),27.93318,143.14254,Sunny,0.05
58,1,Hamilton (Mercedes),28.31302,28.31302,Sunny,0.05
58,2,Hamilton (Mercedes),27.9834,56.29642,Sunny,0.05
58,3,Hamilton (Mercedes),27.88067,84.17709,Sunny,0.05
58,4,Hamilton (Mercedes),28.19407,112.37115,Sunny,0.05
58,5,Hamilton (Mercedes),28.02958,140.40074,Sunny,0.05
58,1,Verstappen (Red Bull),27.80573,27.80573,Sunny,0.05
58,2,Verstappen (Red Bull),27.53682,55.34255,Sunny,0.05
58,3,Verstappen (Red Bull),28.28369,83.62624,Sunny,0.05
58,4,Verstappen (Red Bull),28.50465,112.13089,Sunny,0.05
58,5,Verstappen (Red Bull),27.53239,139.66328,Sunny,0.05
58,1,Norris (McLaren),29.40758,29.40758,Sunny,0.05
58,2,Norris (McLaren),27.78154,57.18912,Sunny,0.05
58,3,Norris (McLaren),28.91705,86.10617,Sunny,0.05
58,4,Norris (McLaren),29.51849,115.62466,Sunny,0.05
58,5,Norris (McLaren),28.78575,144.41041,Sunny,0.05
59,1,Hamilton (Mercedes),28.30275,28.30275,Sunny,0.05
59,2,Hamilton (Mercedes),28.99088,57.29363,Sunny,0.05
59,3,Hamilton (Mercedes),29.08999,86.38362,Sunny,0.05
59,4,Hamilton (Mercedes),27.84802,114.23163,Sunny,0.05
59,5,Hamilton (Mercedes),27.69568,141.92732,Sunny,0.05
59,1,Verstappen (Red Bull),27.49801,27.49801,Sunny,0.05
59,2,Verstappen (Red Bull),28.69869,56.1967,Sunny,0.05
59,3,Verstappen (Red Bull),29.19176,85.38846,Sunny,0.05
59,4,Verstappen (Red Bull),28.37426,113.76272,Sunny,0.05
59,5,Verstappen (Red Bull),28.36749,142.13021,Sunny,0.05
59,1,Norris (McLaren),28.33932,28.33932,Sunny,0.05
59,2,Norris (McLaren),28.36278,56.70211,Sunny,0.05
59,3,Norris (McLaren),28.75832,85.46042,Sunny,0.05
59,4,Norris (McLaren),29.55149,115.01191,Sunny,0.05
59,5,Norris (McLaren),28.42933,143.44123,Sunny,0.05
60,1,Hamilton (Mercedes),27.66398,27.66398,Sunny,0.05
60,2,Hamilton (Mercedes),27.72739,55.39138,Sunny,0.05
60,3,Hamilton (Mercedes),29.09377,84.48515,Sunny,0.05
60,4,Hamilton (Mercedes),29.11101,113.59615,Sunny,0.05
60,5,Hamilton (Mercedes),28.61681,142.21297,Sunny,0.05
60,1,Verstappen (Red Bull),28.51218,28.51218,Sunny,0.05
60,2,Verstappen (Red Bull),27.78858,56.30076,Sunny,0.05
60,3,Verstappen (Red Bull),28.52796,84.82872,Sunny,0.05
60,4,Verstappen (Red Bull),28.71116,113.53988,Sunny,0.05
60,5,Verstappen (Red Bull),28.04174,141.58163,Sunny,0.05
60,1,Norris (McLaren),28.48633,28.48633,Sunny,0.05
60,2,Norris (McLaren),29.16151,57.64784,Sunny,0.05
60,3,Norris (McLaren),29.062,86.70983,Sunny,0.05
60,4,Norris (McLaren),28.5834,115.29323,Sunny,0.05
60,5,Norris (McLaren),28.5865,143.87974,Sunny,0.05
61,1,Hamilton (Mercedes),27.75656,27.75656,Sunny,0.05
61,2,Hamilton (Mercedes),27.83838,55.59494,Sunny,0.05
61,3,Hamilton (Mercedes),28.68165,84.2766,Sunny,0.05
61,4,Hamilton (Mercedes),29.10226,113.37886,Sunny,0.05
61,5,Hamilton (Mercedes),29.01222,142.39108,Sunny,0.05
61,1,Verstappen (Red Bull),28.70491,28.70491,Sunny,0.05
61,2,Verstappen (Red Bull),27.88108,56.58599,Sunny,0.05
61,3,Verstappen (Red Bull),28.01517,84.60116,Sunny,0.05
61,4,Verstappen (Red Bull),27.84385,112.44501,Sunny,0.05
61,5,Verstappen (Red Bull),27.94723,140.39224,Sunny,0.05
61,1,Norris (McLaren),28.21343,28.21343,Sunny,0.05
61,2,Norris (McLaren),29.84561,58.05904,Sunny,0.05
61,3,Norris (McLaren),29.23341,87.29245,Sunny,0.05
61,4,Norris (McLaren),29.79551,117.08795,Sunny,0.05
61,5,Norris (McLaren),29.44533,146.53329,Sunny,0.05
62,1,Hamilton (Mercedes),28.43509,28.43509,Sunny,0.05
62,2,Hamilton (Mercedes),27.29212,55.72722,Sunny,0.05
62,3,Hamilton (Mercedes),27.77592,83.50314,Sunny,0.05
62,4,Hamilton (Mercedes),28.56382,112.06696,Sunny,0.05
62,5,Hamilton (Mercedes),27.36875,139.43571,Sunny,0.05
62,1,Verstappen (Red Bull),27.26407,27.26407,Sunny,0.05
62,2,Verstappen (Red Bull),28.03711,55.30118,Sunny,0.05
62,3,Verstappen (Red Bull),28.95827,84.25944,Sunny,0.05
62,4,Verstappen (Red Bull),28.51037,112.76981,Sunny,0.05
62,5,Verstappen (Red Bull),27.49706,140.26687,Sunny,0.05
62,1,Norris (McLaren),28.37559,28.37559,Sunny,0.05
62,2,Norris (McLaren),29.42098,57.79657,Sunny,0.05
62,3,Norris (McLaren),27.68931,85.48588,Sunny,0.05
62,4,Norris (McLaren),29.46221,114.94809,Sunny,0.05
62,5,Norris (McLaren),29.40159,144.34968,Sunny,0.05
63,1,Hamilton (Mercedes),28.72985,28.72985,Sunny,0.05
63,2,Hamilton (Mercedes),27.9967,56.72654,Sunny,0.05
63,3,Hamilton (Mercedes),28.99543,85.72197,Sunny,0.05
63,4,Hamilton (Mercedes),28.22484,113.94681,Sunny,0.05
63,5,Hamilton (Mercedes),28.07179,142.0186,Sunny,0.05
63,1,Verstappen (Red Bull),28.11433,28.11433,Sunny,0.05
63,2,Verstappen (Red Bull),28.40802,56.52234,Sunny,0.05
63,3,Verstappen (Red Bull),28.66737,85.18972,Sunny,0.05
63,4,Verstappen (Red Bull),27.54855,112.73827,Sunny,0.05
63,5,Verstappen (Red Bull),27.96974,140.70801,Sunny,0.05
63,1,Norris (McLaren),29.39271,29.39271,Sunny,0.05
63,2,Norris (McLaren),28.16077,57.55347,Sunny,0.05
63,3,Norris (McLaren),29.54211,87.09558,Sunny,0.05
63,4,Norris (McLaren),28.62074,115.71632,Sunny,0.05
63,5,Norris (McLaren),30.02083,145.73715,Sunny,0.05
64,1,Hamilton (Mercedes),29.26867,29.26867,Sunny,0.05
64,2,Hamilton (Mercedes),28.36715,57.63582,Sunny,0.05
64,3,Hamilton (Mercedes),28.10317,85.739,Sunny,0.05
64,4,Hamilton (Mercedes),27.89588,113.63487,Sunny,0.05
64,5,Hamilton (Mercedes),28.42806,142.06293,Sunny,0.05
64,1,Verstappen (Red Bull),27.70085,27.70085,Sunny,0.05
64,2,Verstappen (Red Bull),27.27568,54.97653,Sunny,0.05
64,3,Verstappen (Red Bull),27.75393,82.73046,Sunny,0.05
64,4,Verstappen (Red Bull),28.63866,111.36912,Sunny,0.05
64,5,Verstappen (Red Bull),28.65416,140.02328,Sunny,0.05
64,1,Norris (McLaren),28.57351,28.57351,Sunny,0.05
64,2,Norris (McLaren),29.31342,57.88693,Sunny,0.05
64,3,Norris (McLaren),28.22127,86.1082,Sunny,0.05
64,4,Norris (McLaren),27.4027,113.5109,Sunny,0.05
64,5,Norris (McLaren),28.96261,142.47351,Sunny,0.05
65,1,Hamilton (Mercedes),27.25413,27.25413,Sunny,0.05
65,2,Hamilton (Mercedes),29.31277,56.5669,Sunny,0.05
65,3,Hamilton (Mercedes),29.12073,85.68763,Sunny,0.05
65,4,Hamilton (Mercedes),28.01668,113.70432,Sunny,0.05
65,5,Hamilton (Mercedes),29.25142,142.95574,Sunny,0.05
65,1,Verstappen (Red Bull),28.50527,28.50527,Sunny,0.05
65,2,Verstappen (Red Bull),28.96632,57.47158,Sunny,0.05
65,3,Verstappen (Red Bull),28.7104,86.18198,Sunny,0.05
65,4,Verstappen (Red Bull),27.61295,113.79494,Sunny,0.05
65,5,Verstappen (Red Bull),27.54802,141.34296,Sunny,0.05
65,1,Norris (McLaren),28.07622,28.07622,Sunny,0.05
65,2,Norris (McLaren),28.92538,57.00161,Sunny,0.05
65,3,Norris (McLaren),29.10553,86.10713,Sunny,0.05
65,4,Norris (McLaren),27.21968,113.32681,Sunny,0.05
65,5,Norris (McLaren),28.763,142.0898,Sunny,0.05
66,1,Hamilton (Mercedes),28.69149,28.69149,Sunny,0.05
66,2,Hamilton (Mercedes),28.39182,57.08331,Sunny,0.05
66,3,Hamilton (Mercedes),28.14127,85.22458,Sunny,0.05
66,4,Hamilton (Mercedes),27.89305,113.11763,Sunny,0.05
66,5,Hamilton (Mercedes),28.32141,141.43904,Sunny,0.05
66,1,Verstappen (Red Bull),28.28063,28.28063,Sunny,0.05
66,2,Verstappen (Red Bull),28.13219,56.41282,Sunny,0.05
66,3,Verstappen (Red Bull),28.805,85.21782,Sunny,0.05
66,4,Verstappen (Red Bull),29.28054,114.49836,Sunny,0.05
66,5,Verstappen (Red Bull),27.6564,142.15476,Sunny,0.05
66,1,Norris (McLaren),28.87209,28.87209,Sunny,0.05
66,2,Norris (McLaren),29.69061,58.5627,Sunny,0.05
66,3,Norris (McLaren),29.13963,87.70233,Sunny,0.05
66,4,Norris (McLaren),28.26791,115.97023,Sunny,0.05
66,5,Norris (McLaren),29.2659,145.23614,Sunny,0.05
67,1,Hamilton (Mercedes),27.50374,27.50374,Sunny,0.05
67,2,Hamilton (Mercedes),27.97132,55.47506,Sunny,0.05
67,3,Hamilton (Mercedes),28.36024,83.8353,Sunny,0.05
67,4,Hamilton (Mercedes),28.28486,112.12015,Sunny,0.05
67,5,Hamilton (Mercedes),27.41378,139.53393,Sunny,0.05
67,1,Verstappen (Red Bull),28.14833,28.14833,Sunny,0.05
67,2,Verstappen (Red Bull),27.76376,55.91209,Sunny,0.05
67,3,Verstappen (Red Bull),28.43309,84.34518,Sunny,0.05
67,4,Verstappen (Red Bull),28.00865,112.35383,Sunny,0.05
67,5,Verstappen (Red Bull),28.7748,141.12863,Sunny,0.05
67,1,Norris (McLaren),28.41748,28.41748,Sunny,0.05
67,2,Norris (McLaren),28.73823,57.15571,Sunny,0.05
67,3,Norris (McLaren),29.33083,86.48654,Sunny,0.05
67,4,Norris (McLaren),28.05309,114.53964,Sunny,0.05
67,5,Norris (McLaren),28.64319,143.18283,Sunny,0.05
68,1,Hamilton (Mercedes),28.17901,28.17901,Sunny,0.05
68,2,Hamilton (Mercedes),28.9724,57.15141,Sunny,0.05
68,3,Hamilton (Mercedes),28.66677,85.81817,Sunny,0.05
68,4,Hamilton (Mercedes),28.04029,113.85847,Sunny,0.05
68,5,Hamilton (Mercedes),28.27579,142.13426,Sunny,0.05
68,1,Verstappen (Red Bull),27.87143,27.87143,Sunny,0.05
68,2,Verstappen (Red Bull),27.72084,55.59228,Sunny,0.05
68,3,Verstappen (Red Bull),27.84936,83.44164,Sunny,0.05
68,4,Verstappen (Red Bull),27.31059,110.75223,Sunny,0.05
68,5,Verstappen (Red Bull),28.50734,139.25957,Sunny,0.05
68,1,Norris (McLaren),28.73048,28.73048,Sunny,0.05
68,2,Norris (McLaren),27.81314,56.54362,Sunny,0.05
68,3,Norris (McLaren),28.09915,84.64277,Sunny,0.05
68,4,Norris (McLaren),28.75907,113.40183,Sunny,0.05
68,5,Norris (McLaren),29.65053,143.05236,Sunny,0.05
69,1,Hamilton (Mercedes),28.51817,28.51817,Sunny,0.05
69,2,Hamilton (Mercedes),28.85235,57.37052,Sunny,0.05
69,3,Hamilton (Mercedes),29.08828,86.4588,Sunny,0.05
69,4,Hamilton (Mercedes),28.89073,115.34953,Sunny,0.05
69,5,Hamilton (Mercedes),28.30581,143.65534,Sunny,0.05
69,1,Verstappen (Red Bull),27.80849,27.80849,Sunny,0.05
69,2,Verstappen (Red Bull),27.7777,55.58619,Sunny,0.05
69,3,Verstappen (Red Bull),27.29109,82.87728,Sunny,0.05
69,4,Verstappen (Red Bull),28.99803,111.87531,Sunny,0.05
69,5,Verstappen (Red Bull),27.92563,139.80094,Sunny,0.05
69,1,Norris (McLaren),29.02742,29.02742,Sunny,0.05
69,2,Norris (McLaren),29.79036,58.81778,Sunny,0.05
69,3,Norris (McLaren),28.49666,87.31444,Sunny,0.05
69,4,Norris (McLaren),28.6767,115.99114,Sunny,0.05
69,5,Norris (McLaren),29.08711,145.07825,Sunny,0.05
70,1,Hamilton (Mercedes),28.75016,28.75016,Sunny,0.05
70,2,Hamilton (Mercedes),29.18163,57.93179,Sunny,0.05
70,3,Hamilton (Mercedes),28.39062,86.32241,Sunny,0.05
70,4,Hamilton (Mercedes),29.35177,115.67418,Sunny,0.05
70,5,Hamilton (Mercedes),29.08037,144.75454,Sunny,0.05
70,1,Verstappen (Red Bull),29.18086,29.18086,Sunny,0.05
70,2,Verstappen (Red Bull),27.68671,56.86757,Sunny,0.05
70,3,Verstappen (Red Bull),28.02238,84.88995,Sunny,0.05
70,4,Verstappen (Red Bull),28.47931,113.36926,Sunny,0.05
70,5,Verstappen (Red Bull),28.39309,141.76235,Sunny,0.05
70,1,Norris (McLaren),30.12945,30.12945,Sunny,0.05
70,2,Norris (McLaren),28.36255,58.492,Sunny,0.05
70,3,Norris (McLaren),29.20827,87.70027,Sunny,0.05
70,4,Norris (McLaren),28.12415,115.82442,Sunny,0.05
70,5,Norris (McLaren),28.46158,144.286,Sunny,0.05
71,1,Hamilton (Mercedes),27.81174,27.81174,Sunny,0.05
71,2,Hamilton (Mercedes),28.64273,56.45447,Sunny,0.05
71,3,Hamilton (Mercedes),28.90656,85.36103,Sunny,0.05
71,4,Hamilton (Mercedes),28.29272,113.65375,Sunny,0.05
71,5,Hamilton (Mercedes),28.2925,141.94625,Sunny,0.05
71,1,Verstappen (Red Bull),28.89647,28.89647,Sunny,0.05
71,2,Verstappen (Red Bull),28.16064,57.05711,Sunny,0.05
71,3,Verstappen (Red Bull),28.36115,85.41826,Sunny,0.05
71,4,Verstappen (Red Bull),27.73204,113.1503,Sunny,0.05
71,5,Verstappen (Red Bull),27.74563,140.89593,Sunny,0.05
71,1,Norris (McLaren),28.89879,28.89879,Sunny,0.05
71,2,Norris (McLaren),28.83283,57.73162,Sunny,0.05
71,3,Norris (McLaren),28.25224,85.98386,Sunny,0.05
71,4,Norris (McLaren),28.20985,114.19371,Sunny,0.05
71,5,Norris (McLaren),29.1834,143.37712,Sunny,0.05
72,1,Hamilton (Mercedes),28.51117,28.51117,Sunny,0.05
72,2,Hamilton (Mercedes),28.20722,56.71839,Sunny,0.05
72,3,Hamilton (Mercedes),28.53785,85.25624,Sunny,0.05
72,4,Hamilton (Mercedes),28.2601,113.51634,Sunny,0.05
72,5,Hamilton (Mercedes),28.78818,142.30453,Sunny,0.05
72,1,Verstappen (Red Bull),28.41066,28.41066,Sunny,0.05
72,2,Verstappen (Red Bull),28.33551,56.74617,Sunny,0.05
72,3,Verstappen (Red Bull),28.52538,85.27155,Sunny,0.05
72,4,Verstappen (Red Bull),28.72058,113.99213,Sunny,0.05
72,5,Verstappen (Red Bull),28.36075,142.35288,Sunny,0.05
72,1,Norris (McLaren),27.37837,27.37837,Sunny,0.05
72,2,Norris (McLaren),28.14215,55.52052,Sunny,0.05
72,3,Norris (McLaren),29.06827,84.58879,Sunny,0.05
72,4,Norris (McLaren),28.2606,112.84939,Sunny,0.05
72,5,Norris (McLaren),27.12115,139.97055,Sunny,0.05
73,1,Hamilton (Mercedes),28.31878,28.31878,Sunny,0.05
73,2,Hamilton (Mercedes),29.10782,57.42661,Sunny,0.05
73,3,Hamilton (Mercedes),28.53969,85.9663,Sunny,0.05
73,4,Hamilton (Mercedes),28.65548,114.62178,Sunny,0.05
73,5,Hamilton (Mercedes),28.22393,142.84571,Sunny,0.05
73,1,Verstappen (Red Bull),28.4948,28.4948,Sunny,0.05
73,2,Verstappen (Red Bull),28.45041,56.94522,Sunny,0.05
73,3,Verstappen (Red Bull),27.18979,84.135,Sunny,0.05
73,4,Verstappen (Red Bull),27.91235,112.04736,Sunny,0.05
73,5,Verstappen (Red Bull),27.66362,139.71097,Sunny,0.05
73,1,Norris (McLaren),29.79776,29.79776,Sunny,0.05
73,2,Norris (McLaren),30.0298,59.82756,Sunny,0.05
73,3,Norris (McLaren),27.63798,87.46554,Sunny,0.05
73,4,Norris (McLaren),30.06112,117.52667,Sunny,0.05
73,5,Norris (McLaren),26.95474,144.4814,Sunny,0.05
74,1,Hamilton (Mercedes),28.56881,28.56881,Sunny,0.05
74,2,Hamilton (Mercedes),28.00174,56.57055,Sunny,0.05
74,3,Hamilton (Mercedes),28.03534,84.6059,Sunny,0.05
74,4,Hamilton (Mercedes),28.14356,112.74946,Sunny,0.05
74,5,Hamilton (Mercedes),27.02162,139.77108,Sunny,0.05
74,1,Verstappen (Red Bull),28.1155,28.1155,Sunny,0.05
74,2,Verstappen (Red Bull),29.81013,57.92564,Sunny,0.05
74,3,Verstappen (Red Bull),28.80859,86.73423,Sunny,0.05
74,4,Verstappen (Red Bull),28.00133,114.73555,Sunny,0.05
74,5,Verstappen (Red Bull),28.75248,143.48803,Sunny,0.05
74,1,Norris (McLaren),29.1551,29.1551,Sunny,0.05
74,2,Norris (McLaren),28.8468,58.0019,Sunny,0.05
74,3,Norris (McLaren),30.1985,88.2004,Sunny,0.05
74,4,Norris (McLaren),28.51426,116.71465,Sunny,0.05
74,5,Norris (McLaren),28.79932,145.51397,Sunny,0.05
75,1,Hamilton (Mercedes),28.62009,28.62009,Sunny,0.05
75,2,Hamilton (Mercedes),28.41559,57.03568,Sunny,0.05
75,3,Hamilton (Mercedes),29.25992,86.2956,Sunny,0.05
75,4,Hamilton (Mercedes),27.9282,114.2238,Sunny,0.05
75,5,Hamilton (Mercedes),28.13592,142.35972,Sunny,0.05
75,1,Verstappen (Red Bull),28.55554,28.55554,Sunny,0.05
75,2,Verstappen (Red Bull),28.81597,57.37151,Sunny,0.05
75,3,Verstappen (Red Bull),27.32612,84.69764,Sunny,0.05
75,4,Verstappen (Red Bull),28.56642,113.26405,Sunny,0.05
75,5,Verstappen (Red Bull),27.36429,140.62834,Sunny,0.05
75,1,Norris (McLaren),28.14781,28.14781,Sunny,0.05
75,2,Norris (McLaren),28.01465,56.16246,Sunny,0.05
75,3,Norris (McLaren),27.4722,83.63466,Sunny,0.05
75,4,Norris (McLaren),29.04533,112.67999,Sunny,0.05
75,5,Norris (McLaren),28.75339,141.43338,Sunny,0.05
76,1,Hamilton (Mercedes),27.53825,27.53825,Sunny,0.05
76,2,Hamilton (Mercedes),28.21366,55.75191,Sunny,0.05
76,3,Hamilton (Mercedes),28.18066,83.93257,Sunny,0.05
76,4,Hamilton (Mercedes),28.5531,112.48567,Sunny,0.05
76,5,Hamilton (Mercedes),28.94785,141.43352,Sunny,0.05
76,1,Verstappen (Red Bull),28.67886,28.67886,Sunny,0.05
76,2,Verstappen (Red Bull),28.08001,56.75886,Sunny,0.05
76,3,Verstappen (Red Bull),28.02325,84.78212,Sunny,0.05
76,4,Verstappen (Red Bull),28.2368,113.01892,Sunny,0.05
76,5,Verstappen (Red Bull),29.08677,142.10569,Sunny,0.05
76,1,Norris (McLaren),28.77119,28.77119,Sunny,0.05
76,2,Norris (McLaren),29.86679,58.63798,Sunny,0.05
76,3,Norris (McLaren),29.43621,88.07419,Sunny,0.05
76,4,Norris (McLaren),28.68252,116.75671,Sunny,0.05
76,5,Norris (McLaren),28.75579,145.5125,Sunny,0.05
77,1,Hamilton (Mercedes),28.48666,28.48666,Sunny,0.05
77,2,Hamilton (Mercedes),28.39413,56.88079,Sunny,0.05
77,3,Hamilton (Mercedes),28.88392,85.76471,Sunny,0.05
77,4,Hamilton (Mercedes),28.39958,114.16429,Sunny,0.05
77,5,Hamilton (Mercedes),29.18048,143.34477,Sunny,0.05
77,1,Verstappen (Red Bull),28.8239,28.8239,Sunny,0.05
77,2,Verstappen (Red Bull),27.93674,56.76065,Sunny,0.05
77,3,Verstappen (Red Bull),28.69237,85.45302,Sunny,0.05
77,4,Verstappen (Red Bull),28.34957,113.80259,Sunny,0.05
77,5,Verstappen (Red Bull),28.40958,142.21216,Sunny,0.05
77,1,Norris (McLaren),28.10821,28.10821,Sunny,0.05
77,2,Norris (McLaren),28.48928,56.59749,Sunny,0.05
77,3,Norris (McLaren),28.34375,84.94124,Sunny,0.05
77,4,Norris (McLaren),29.57307,114.51431,Sunny,0.05
77,5,Norris (McLaren),29.41557,143.92988,Sunny,0.05
78,1,Hamilton (Mercedes),28.05678,28.05678,Sunny,0.05
78,2,Hamilton (Mercedes),28.4792,56.53598,Sunny,0.05
78,3,Hamilton (Mercedes),27.97206,84.50804,Sunny,0.05
78,4,Hamilton (Mercedes),28.80338,113.31142,Sunny,0.05
78,5,Hamilton (Mercedes),28.02722,141.33863,Sunny,0.05
78,1,Verstappen (Red Bull),28.30225,28.30225,Sunny,0.05
78,2,Verstappen (Red Bull),28.58366,56.88591,Sunny,0.05
78,3,Verstappen (Red Bull),28.2583,85.14421,Sunny,0.05
78,4,Verstappen (Red Bull),28.69117,113.83538,Sunny,0.05
78,5,Verstappen (Red Bull),27.77198,141.60735,Sunny,0.05
78,1,Norris (McLaren),28.00648,28.00648,Sunny,0.05
78,2,Norris (McLaren),28.77072,56.7772,Sunny,0.05
78,3,Norris (McLaren),29.73891,86.51611,Sunny,0.05
78,4,Norris (McLaren),27.03083,113.54694,Sunny,0.05
78,5,Norris (McLaren),28.51829,142.06524,Sunny,0.05
79,1,Hamilton (Mercedes),27.1585,27.1585,Sunny,0.05
79,2,Hamilton (Mercedes),28.43664,55.59514,Sunny,0.05
79,3,Hamilton (Mercedes),28.47662,84.07176,Sunny,0.05
79,4,Hamilton (Mercedes),28.64036,112.71212,Sunny,0.05
79,5,Hamilton (Mercedes),27.37426,140.08638,Sunny,0.05
79,1,Verstappen (Red Bull),28.1649,28.1649,Sunny,0.05
79,2,Verstappen (Red Bull),28.41192,56.57682,Sunny,0.05
79,3,Verstappen (Red Bull),28.04713,84.62395,Sunny,0.05
79,4,Verstappen (Red Bull),28.10338,112.72733,Sunny,0.05
79,5,Verstappen (Red Bull),28.21525,140.94258,Sunny,0.05
79,1,Norris (McLaren),27.98864,27.98864,Sunny,0.05
79,2,Norris (McLaren),28.97815,56.96679,Sunny,0.05
79,3,Norris (McLaren),28.85954,85.82633,Sunny,0.05
79,4,Norris (McLaren),27.707,113.53333,Sunny,0.05
79,5,Norris (McLaren),28.66325,142.19657,Sunny,0.05
80,1,Hamilton (Mercedes),28.02593,28.02593,Sunny,0.05
80,2,Hamilton (Mercedes),27.44173,55.46766,Sunny,0.05
80,3,Hamilton (Mercedes),29.00154,84.4692,Sunny,0.05
80,4,Hamilton (Mercedes),27.91077,112.37998,Sunny,0.05
80,5,Hamilton (Mercedes),28.51274,140.89272,Sunny,0.05
80,1,Verstappen (Red Bull),28.40674,28.40674,Sunny,0.05
80,2,Verstappen (Red Bull),27.06361,55.47035,Sunny,0.05
80,3,Verstappen (Red Bull),29.10707,84.57742,Sunny,0.05
80,4,Verstappen (Red Bull),28.79187,113.36928,Sunny,0.05
80,5,Verstappen (Red Bull),27.83073,141.20002,Sunny,0.05
80,1,Norris (McLaren),27.95985,27.95985,Sunny,0.05
80,2,Norris (McLaren),29.31417,57.27401,Sunny,0.05
80,3,Norris (McLaren),29.09587,86.36988,Sunny,0.05
80,4,Norris (McLaren),29.36756,115.73744,Sunny,0.05
80,5,Norris (McLaren),27.92452,143.66196,Sunny,0.05
81,1,Hamilton (Mercedes),28.72764,28.72764,Sunny,0.05
81,2,Hamilton (Mercedes),28.51072,57.23836,Sunny,0.05
81,3,Hamilton (Mercedes),28.34218,85.58053,Sunny,0.05
81,4,Hamilton (Mercedes),28.15179,113.73232,Sunny,0.05
81,5,Hamilton (Mercedes),26.94288,140.6752,Sunny,0.05
81,1,Verstappen (Red Bull),28.40807,28.40807,Sunny,0.05
81,2,Verstappen (Red Bull),27.82179,56.22986,Sunny,0.05
81,3,Verstappen (Red Bull),28.59373,84.82359,Sunny,0.05
81,4,Verstappen (Red Bull),28.04794,112.87153,Sunny,0.05
81,5,Verstappen (Red Bull),28.60693,141.47846,Sunny,0.05
81,1,Norris (McLaren),27.71539,27.71539,Sunny,0.05
81,2,Norris (McLaren),28.07123,55.78662,Sunny,0.05
81,3,Norris (McLaren),30.02456,85.81118,Sunny,0.05
81,4,Norris (McLaren),27.02494,112.83612,Sunny,0.05
81,5,Norris (McLaren),29.25111,142.08723,Sunny,0.05
82,1,Hamilton (Mercedes),28.21585,28.21585,Sunny,0.05
82,2,Hamilton (Mercedes),28.30332,56.51917,Sunny,0.05
82,3,Hamilton (Mercedes),28.0795,84.59867,Sunny,0.05
82,4,Hamilton (Mercedes),28.06978,112.66844,Sunny,0.05
82,5,Hamilton (Mercedes),28.51995,141.18839,Sunny,0.05
82,1,Verstappen (Red Bull),28.27845,28.27845,Sunny,0.05
82,2,Verstappen (Red Bull),28.12628,56.40473,Sunny,0.05
82,3,Verstappen (Red Bull),27.45123,83.85596,Sunny,0.05
82,4,Verstappen (Red Bull),27.64404,111.5,Sunny,0.05
82,5,Verstappen (Red Bull),28.65566,140.15567,Sunny,0.05
82,1,Norris (McLaren),28.44673,28.44673,Sunny,0.05
82,2,Norris (McLaren),28.6349,57.08162,Sunny,0.05
82,3,Norris (McLaren),27.44465,84.52628,Sunny,0.05
82,4,Norris (McLaren),28.66469,113.19097,Sunny,0.05
82,5,Norris (McLaren),29.25333,142.4443,Sunny,0.05
83,1,Hamilton (Mercedes),26.91595,26.91595,Sunny,0.05
83,2,Hamilton (Mercedes),29.11869,56.03464,Sunny,0.05
83,3,Hamilton (Mercedes),27.99916,84.0338,Sunny,0.05
83,4,Hamilton (Mercedes),28.91599,112.9498,Sunny,0.05
83,5,Hamilton (Mercedes),27.77976,140.72956,Sunny,0.05
83,1,Verstappen (Red Bull),27.42735,27.42735,Sunny,0.05
83,2,Verstappen (Red Bull),28.12395,55.5513,Sunny,0.05
83,3,Verstappen (Red Bull),28.16987,83.72117,Sunny,0.05
83,4,Verstappen (Red Bull),28.33481,112.05598,Sunny,0.05
83,5,Verstappen (Red Bull),27.67133,139.72731,Sunny,0.05
83,1,Norris (McLaren),28.6895,28.6895,Sunny,0.05
83,2,Norris (McLaren),28.65069,57.34019,Sunny,0.05
83,3,Norris (McLaren),27.54695,84.88714,Sunny,0.05
83,4,Norris (McLaren),28.94124,113.82838,Sunny,0.05
83,5,Norris (McLaren),28.5734,142.40178,Sunny,0.05
84,1,Hamilton (Mercedes),28.5247,28.5247,Sunny,0.05
84,2,Hamilton (Mercedes),28.58344,57.10814,Sunny,0.05
84,3,Hamilton (Mercedes),27.71555,84.82369,Sunny,0.05
84,4,Hamilton (Mercedes),28.67824,113.50193,Sunny,0.05
84,5,Hamilton (Mercedes),28.44657,141.9485,Sunny,0.05
84,1,Verstappen (Red Bull),28.55568,28.55568,Sunny,0.05
84,2,Verstappen (Red Bull),27.77309,56.32877,Sunny,0.05
84,3,Verstappen (Red Bull),28.25542,84.58419,Sunny,0.05
84,4,Verstappen (Red Bull),27.85298,112.43717,Sunny,0.05
84,5,Verstappen (Red Bull),27.89989,140.33706,Sunny,0.05
84,1,Norris (McLaren),29.06288,29.06288,Sunny,0.05
84,2,Norris (McLaren),28.6127,57.67558,Sunny,0.05
84,3,Norris (McLaren),27.42114,85.09672,Sunny,0.05
84,4,Norris (McLaren),29.26196,114.35869,Sunny,0.05
84,5,Norris (McLaren),28.73779,143.09648,Sunny,0.05
85,1,Hamilton (Mercedes),28.72962,28.72962,Sunny,0.05
85,2,Hamilton (Mercedes),28.96481,57.69443,Sunny,0.05
85,3,Hamilton (Mercedes),27.39307,85.0875,Sunny,0.05
85,4,Hamilton (Mercedes),28.65001,113.73752,Sunny,0.05
85,5,Hamilton (Mercedes),27.62126,141.35878,Sunny,0.05
85,1,Verstappen (Red Bull),28.08549,28.08549,Sunny,0.05
85,2,Verstappen (Red Bull),27.53927,55.62476,Sunny,0.05
85,3,Verstappen (Red Bull),28.17404,83.7988,Sunny,0.05
85,4,Verstappen (Red Bull),28.12442,111.92322,Sunny,0.05
85,5,Verstappen (Red Bull),27.89461,139.81783,Sunny,0.05
85,1,Norris (McLaren),27.85116,27.85116,Sunny,0.05
85,2,Norris (McLaren),29.52134,57.3725,Sunny,0.05
85,3,Norris (McLaren),28.25662,85.62912,Sunny,0.05
85,4,Norris (McLaren),28.77557,114.40469,Sunny,0.05
85,5,Norris (McLaren),28.82038,143.22507,Sunny,0.05
86,1,Hamilton (Mercedes),28.02458,28.02458,Sunny,0.05
86,2,Hamilton (Mercedes),28.09436,56.11894,Sunny,0.05
86,3,Hamilton (Mercedes),28.5617,84.68065,Sunny,0.05
86,4,Hamilton (Mercedes),28.44066,113.1213,Sunny,0.05
86,5,Hamilton (Mercedes),29.18837,142.30968,Sunny,0.05
86,1,Verstappen (Red Bull),27.86044,27.86044,Sunny,0.05
86,2,Verstappen (Red Bull),28.27171,56.13215,Sunny,0.05
86,3,Verstappen (Red Bull),27.65007,83.78222,Sunny,0.05
86,4,Verstappen (Red Bull),28.14684,111.92906,Sunny,0.05
86,5,Verstappen (Red Bull),29.13696,141.06603,Sunny,0.05
86,1,Norris (McLaren),27.85231,27.85231,Sunny,0.05
86,2,Norris (McLaren),28.56624,56.41855,Sunny,0.05
86,3,Norris (McLaren),29.03992,85.45847,Sunny,0.05
86,4,Norris (McLaren),29.07625,114.53472,Sunny,0.05
86,5,Norris (McLaren),28.88791,143.42263,Sunny,0.05
87,1,Hamilton (Mercedes),27.76792,27.76792,Sunny,0.05
87,2,Hamilton (Mercedes),29.01054,56.77846,Sunny,0.05
87,3,Hamilton (Mercedes),28.75761,85.53607,Sunny,0.05
87,4,Hamilton (Mercedes),27.67865,113.21472,Sunny,0.05
87,5,Hamilton (Mercedes),29.61502,142.82973,Sunny,0.05
87,1,Verstappen (Red Bull),27.86257,27.86257,Sunny,0.05
87,2,Verstappen (Red Bull),28.1972,56.05977,Sunny,0.05
87,3,Verstappen (Red Bull),28.40665,84.46642,Sunny,0.05
87,4,Verstappen (Red Bull),27.92081,112.38724,Sunny,0.05
87,5,Verstappen (Red Bull),27.94988,140.33712,Sunny,0.05
87,1,Norris (McLaren),28.2688,28.2688,Sunny,0.05
87,2,Norris (McLaren),28.64095,56.90975,Sunny,0.05
87,3,Norris (McLaren),29.37631,86.28606,Sunny,0.05
87,4,Norris (McLaren),29.47219,115.75825,Sunny,0.05
87,5,Norris (McLaren),28.0957,143.85395,Sunny,0.05
88,1,Hamilton (Mercedes),27.52158,27.52158,Sunny,0.05
88,2,Hamilton (Mercedes),27.54952,55.0711,Sunny,0.05
88,3,Hamilton (Mercedes),28.47542,83.54652,Sunny,0.05
88,4,Hamilton (Mercedes),28.53116,112.07768,Sunny,0.05
88,5,Hamilton (Mercedes),27.98049,140.05817,Sunny,0.05
88,1,Verstappen (Red Bull),27.26203,27.26203,Sunny,0.05
88,2,Verstappen (Red Bull),27.80854,55.07056,Sunny,0.05
88,3,Verstappen (Red Bull),28.53042,83.60098,Sunny,0.05
88,4,Verstappen (Red Bull),28.26578,111.86676,Sunny,0.05
88,5,Verstappen (Red Bull),28.30274,140.1695,Sunny,0.05
88,1,Norris (McLaren),28.29276,28.29276,Sunny,0.05
88,2,Norris (McLaren),28.01561,56.30837,Sunny,0.05
88,3,Norris (McLaren),29.06991,85.37828,Sunny,0.05
88,4,Norris (McLaren),28.29098,113.66926,Sunny,0.05
88,5,Norris (McLaren),29.66534,143.3346,Sunny,0.05
89,1,Hamilton (Mercedes),28.85628,28.85628,Sunny,0.05
89,2,Hamilton (Mercedes),28.68879,57.54506,Sunny,0.05
89,3,Hamilton (Mercedes),28.55245,86.09752,Sunny,0.05
89,4,Hamilton (Mercedes),28.13137,114.22889,Sunny,0.05
89,5,Hamilton (Mercedes),27.89897,142.12786,Sunny,0.05
89,1,Verstappen (Red Bull),28.95349,28.95349,Sunny,0.05
89,2,Verstappen (Red Bull),29.0088,57.96229,Sunny,0.05
89,3,Verstappen (Red Bull),27.62452,85.58681,Sunny,0.05
89,4,Verstappen (Red Bull),29.25813,114.84493,Sunny,0.05
89,5,Verstappen (Red Bull),28.55932,143.40425,Sunny,0.05
89,1,Norris (McLaren),27.28317,27.28317,Sunny,0.05
89,2,Norris (McLaren),28.49448,55.77766,Sunny,0.05
89,3,Norris (McLaren),29.74034,85.518,Sunny,0.05
89,4,Norris (McLaren),28.28435,113.80235,Sunny,0.05
89,5,Norris (McLaren),28.61343,142.41579,Sunny,0.05
90,1,Hamilton (Mercedes),28.13615,28.13615,Sunny,0.05
90,2,Hamilton (Mercedes),28.06102,56.19717,Sunny,0.05
90,3,Hamilton (Mercedes),28.11584,84.31301,Sunny,0.05
90,4,Hamilton (Mercedes),28.34033,112.65334,Sunny,0.05
90,5,Hamilton (Mercedes),28.51886,141.17221,Sunny,0.05
90,1,Verstappen (Red Bull),28.8919,28.8919,Sunny,0.05
90,2,Verstappen (Red Bull),27.63423,56.52613,Sunny,0.05
90,3,Verstappen (Red Bull),29.0302,85.55633,Sunny,0.05
90,4,Verstappen (Red Bull),28.28446,113.84079,Sunny,0.05
90,5,Verstappen (Red Bull),28.54597,142.38676,Sunny,0.05
90,1,Norris (McLaren),29.78145,29.78145,Sunny,0.05
90,2,Norris (McLaren),28.03929,57.82073,Sunny,0.05
90,3,Norris (McLaren),28.6452,86.46593,Sunny,0.05
90,4,Norris (McLaren),29.43017,115.8961,Sunny,0.05
90,5,Norris (McLaren),28.93457,144.83068,Sunny,0.05
91,1,Hamilton (Mercedes),28.96226,28.96226,Sunny,0.05
91,2,Hamilton (Mercedes),28.78265,57.74491,Sunny,0.05
91,3,Hamilton (Mercedes),28.80649,86.5514,Sunny,0.05
91,4,Hamilton (Mercedes),29.06117,115.61257,Sunny,0.05
91,5,Hamilton (Mercedes),28.06882,143.68139,Sunny,0.05
91,1,Verstappen (Red Bull),28.81363,28.81363,Sunny,0.05
91,2,Verstappen (Red Bull),28.53984,57.35347,Sunny,0.05
91,3,Verstappen (Red Bull),28.67255,86.02601,Sunny,0.05
91,4,Verstappen (Red Bull),27.74549,113.77151,Sunny,0.05
91,5,Verstappen (Red Bull),28.83129,142.60279,Sunny,0.05
91,1,Norris (McLaren),29.40241,29.40241,Sunny,0.05
91,2,Norris (McLaren),27.90735,57.30976,Sunny,0.05
91,3,Norris (McLaren),28.08137,85.39113,Sunny,0.05
91,4,Norris (McLaren),29.13113,114.52226,Sunny,0.05
91,5,Norris (McLaren),28.18536,142.70763,Sunny,0.05
92,1,Hamilton (Mercedes),27.91591,27.91591,Sunny,0.05
92,2,Hamilton (Mercedes),27.43326,55.34918,Sunny,0.05
92,3,Hamilton (Mercedes),29.03301,84.38219,Sunny,0.05
92,4,Hamilton (Mercedes),27.07419,111.45638,Sunny,0.05
92,5,Hamilton (Mercedes),28.76302,140.2194,Sunny,0.05
92,1,Verstappen (Red Bull),27.31023,27.31023,Sunny,0.05
92,2,Verstappen (Red Bull),28.0719,55.38212,Sunny,0.05
92,3,Verstappen (Red Bull),28.83848,84.2206,Sunny,0.05
92,4,Verstappen (Red Bull),28.9062,113.1268,Sunny,0.05
92,5,Verstappen (Red Bull),27.43122,140.55802,Sunny,0.05
92,1,Norris (McLaren),28.61021,28.61021,Sunny,0.05
92,2,Norris (McLaren),28.65764,57.26786,Sunny,0.05
92,3,Norris (McLaren),28.76948,86.03734,Sunny,0.05
92,4,Norris (McLaren),27.24064,113.27798,Sunny,0.05
92,5,Norris (McLaren),29.81722,143.0952,Sunny,0.05
93,1,Hamilton (Mercedes),28.41071,28.41071,Sunny,0.05
93,2,Hamilton (Mercedes),28.13478,56.54549,Sunny,0.05
93,3,Hamilton (Mercedes),27.45811,84.0036,Sunny,0.05
93,4,Hamilton (Mercedes),28.74599,112.74958,Sunny,0.05
93,5,Hamilton (Mercedes),28.1786,140.92818,Sunny,0.05
93,1,Verstappen (Red Bull),27.31497,27.31497,Sunny,0.05
93,2,Verstappen (Red Bull),28.11318,55.42815,Sunny,0.05
93,3,Verstappen (Red Bull),27.46355,82.89171,Sunny,0.05
93,4,Verstappen (Red Bull),27.41303,110.30474,Sunny,0.05
93,5,Verstappen (Red Bull),28.50603,138.81076,Sunny,0.05
93,1,Norris (McLaren),28.54245,28.54245,Sunny,0.05
93,2,Norris (McLaren),28.51368,57.05613,Sunny,0.05
93,3,Norris (McLaren),28.61953,85.67566,Sunny,0.05
93,4,Norris (McLaren),29.05584,114.73151,Sunny,0.05
93,5,Norris (McLaren),28.79284,143.52434,Sunny,0.05
94,1,Hamilton (Mercedes),28.51233,28.51233,Sunny,0.05
94,2,Hamilton (Mercedes),28.30035,56.81267,Sunny,0.05
94,3,Hamilton (Mercedes),28.27426,85.08694,Sunny,0.05
94,4,Hamilton (Mercedes),28.12091,113.20785,Sunny,0.05
94,5,Hamilton (Mercedes),28.39096,141.5988,Sunny,0.05
94,1,Verstappen (Red Bull),27.77421,27.77421,Sunny,0.05
94,2,Verstappen (Red Bull),27.83104,55.60525,Sunny,0.05
94,3,Verstappen (Red Bull),27.80883,83.41407,Sunny,0.05
94,4,Verstappen (Red Bull),27.97088,111.38496,Sunny,0.05
94,5,Verstappen (Red Bull),29.29986,140.68482,Sunny,0.05
94,1,Norris (McLaren),29.20238,29.20238,Sunny,0.05
94,2,Norris (McLaren),30.09534,59.29772,Sunny,0.05
94,3,Norris (McLaren),27.9048,87.20252,Sunny,0.05
94,4,Norris (McLaren),28.94523,116.14775,Sunny,0.05
94,5,Norris (McLaren),29.16833,145.31608,Sunny,0.05
95,1,Hamilton (Mercedes),28.4777,28.4777,Sunny,0.05
95,2,Hamilton (Mercedes),29.47911,57.95681,Sunny,0.05
95,3,Hamilton (Mercedes),28.69545,86.65227,Sunny,0.05
95,4,Hamilton (Mercedes),27.53947,114.19173,Sunny,0.05
95,5,Hamilton (Mercedes),29.04985,143.24159,Sunny,0.05
95,1,Verstappen (Red Bull),28.73295,28.73295,Sunny,0.05
95,2,Verstappen (Red Bull),27.79245,56.5254,Sunny,0.05
95,3,Verstappen (Red Bull),29.39729,85.92269,Sunny,0.05
95,4,Verstappen (Red Bull),29.04203,114.96473,Sunny,0.05
95,5,Verstappen (Red Bull),27.52093,142.48565,Sunny,0.05
95,1,Norris (McLaren),28.67279,28.67279,Sunny,0.05
95,2,Norris (McLaren),28.0559,56.72869,Sunny,0.05
95,3,Norris (McLaren),28.56922,85.2979,Sunny,0.05
95,4,Norris (McLaren),29.74171,115.03961,Sunny,0.05
95,5,Norris (McLaren),28.05029,143.08991,Sunny,0.05
96,1,Hamilton (Mercedes),28.68719,28.68719,Sunny,0.05
96,2,Hamilton (Mercedes),28.20115,56.88834,Sunny,0.05
96,3,Hamilton (Mercedes),28.64169,85.53003,Sunny,0.05
96,4,Hamilton (Mercedes),29.03564,114.56567,Sunny,0.05
96,5,Hamilton (Mercedes),28.15118,142.71685,Sunny,0.05
96,1,Verstappen (Red Bull),28.42263,28.42263,Sunny,0.05
96,2,Verstappen (Red Bull),29.66743,58.09007,Sunny,0.05
96,3,Verstappen (Red Bull),28.11842,86.20849,Sunny,0.05
96,4,Verstappen (Red Bull),28.44507,114.65356,Sunny,0.05
96,5,Verstappen (Red Bull),28.33575,142.98932,Sunny,0.05
96,1,Norris (McLaren),29.13413,29.13413,Sunny,0.05
96,2,Norris (McLaren),28.85927,57.9934,Sunny,0.05
96,3,Norris (McLaren),29.55427,87.54767,Sunny,0.05
96,4,Norris (McLaren),26.74716,114.29483,Sunny,0.05
96,5,Norris (McLaren),30.69507,144.9899,Sunny,0.05
97,1,Hamilton (Mercedes),28.46309,28.46309,Sunny,0.05
97,2,Hamilton (Mercedes),28.44407,56.90716,Sunny,0.05
97,3,Hamilton (Mercedes),28.28482,85.19198,Sunny,0.05
97,4,Hamilton (Mercedes),28.91802,114.11,Sunny,0.05
97,5,Hamilton (Mercedes),28.87659,142.98659,Sunny,0.05
97,1,Verstappen (Red Bull),29.14252,29.14252,Sunny,0.05
97,2,Verstappen (Red Bull),27.94284,57.08536,Sunny,0.05
97,3,Verstappen (Red Bull),27.91921,85.00456,Sunny,0.05
97,4,Verstappen (Red Bull),28.65138,113.65594,Sunny,0.05
97,5,Verstappen (Red Bull),28.34566,142.0016,Sunny,0.05
97,1,Norris (McLaren),28.50242,28.50242,Sunny,0.05
97,2,Norris (McLaren),29.21768,57.7201,Sunny,0.05
97,3,Norris (McLaren),28.18503,85.90513,Sunny,0.05
97,4,Norris (McLaren),28.00476,113.90989,Sunny,0.05
97,5,Norris (McLaren),28.12637,142.03626,Sunny,0.05
98,1,Hamilton (Mercedes),27.90962,27.90962,Sunny,0.05
98,2,Hamilton (Mercedes),28.88525,56.79487,Sunny,0.05
98,3,Hamilton (Mercedes),29.42067,86.21553,Sunny,0.05
98,4,Hamilton (Mercedes),28.43205,114.64758,Sunny,0.05
98,5,Hamilton (Mercedes),29.30243,143.95001,Sunny,0.05
98,1,Verstappen (Red Bull),28.49125,28.49125,Sunny,0.05
98,2,Verstappen (Red Bull),28.60476,57.09602,Sunny,0.05
98,3,Verstappen (Red Bull),27.4096,84.50561,Sunny,0.05
98,4,Verstappen (Red Bull),28.55297,113.05859,Sunny,0.05
98,5,Verstappen (Red Bull),29.52117,142.57975,Sunny,0.05
98,1,Norris (McLaren),28.81235,28.81235,Sunny,0.05
98,2,Norris (McLaren),27.41556,56.22791,Sunny,0.05
98,3,Norris (McLaren),27.50125,83.72916,Sunny,0.05
98,4,Norris (McLaren),29.04839,112.77755,Sunny,0.05
98,5,Norris (McLaren),28.02486,140.80241,Sunny,0.05
99,1,Hamilton (Mercedes),27.28222,27.28222,Sunny,0.05
99,2,Hamilton (Mercedes),28.92024,56.20246,Sunny,0.05
99,3,Hamilton (Mercedes),28.10928,84.31174,Sunny,0.05
99,4,Hamilton (Mercedes),28.49709,112.80883,Sunny,0.05
99,5,Hamilton (Mercedes),28.03771,140.84654,Sunny,0.05
99,1,Verstappen (Red Bull),28.2421,28.2421,Sunny,0.05
99,2,Verstappen (Red Bull),28.61517,56.85727,Sunny,0.05
99,3,Verstappen (Red Bull),28.17183,85.0291,Sunny,0.05
99,4,Verstappen (Red Bull),27.967,112.9961,Sunny,0.05
99,5,Verstappen (Red Bull),27.97732,140.97342,Sunny,0.05
99,1,Norris (McLaren),29.11214,29.11214,Sunny,0.05
99,2,Norris (McLaren),28.56921,57.68135,Sunny,0.05
99,3,Norris (McLaren),28.98809,86.66944,Sunny,0.05
99,4,Norris (McLaren),29.95816,116.6276,Sunny,0.05
99,5,Norris (McLaren),28.26571,144.89331,Sunny,0.05
100,1,Hamilton (Mercedes),28.99546,28.99546,Sunny,0.05
100,2,Hamilton (Mercedes),29.1299,58.12536,Sunny,0.05
100,3,Hamilton (Mercedes),29.25269,87.37805,Sunny,0.05
100,4,Hamilton (Mercedes),28.47972,115.85777,Sunny,0.05
100,5,Hamilton (Mercedes),28.93704,144.7948,Sunny,0.05
100,1,Verstappen (Red Bull),28.50656,28.50656,Sunny,0.05
100,2,Verstappen (Red Bull),27.99224,56.4988,Sunny,0.05
100,3,Verstappen (Red Bull),27.88156,84.38037,Sunny,0.05
100,4,Verstappen (Red Bull),29.22113,113.60149,Sunny,0.05
100,5,Verstappen (Red Bull),27.31995,140.92144,Sunny,0.05
100,1,Norris (McLaren),28.39362,28.39362,Sunny,0.05
100,2,Norris (McLaren),28.45062,56.84424,Sunny,0.05
100,3,Norris (McLaren),29.09504,85.93928,Sunny,0.05
100,4,Norris (McLaren),29.08869,115.02797,Sunny,0.05
100,5,Norris (McLaren),28.78963,143.81759,Sunny,0.05
101,1,Hamilton (Mercedes),29.2337,29.2337,Sunny,0.05
101,2,Hamilton (Mercedes),28.10379,57.33749,Sunny,0.05
101,3,Hamilton (Mercedes),27.6644,85.00189,Sunny,0.05
101,4,Hamilton (Mercedes),27.66661,112.6685,Sunny,0.05
101,5,Hamilton (Mercedes),28.61729,141.28579,Sunny,0.05
101,1,Verstappen (Red Bull),28.80583,28.80583,Sunny,0.05
101,2,Verstappen (Red Bull),27.98069,56.78652,Sunny,0.05
101,3,Verstappen (Red Bull),28.90056,85.68708,Sunny,0.05
101,4,Verstappen (Red Bull),28.70893,114.39601,Sunny,0.05
101,5,Verstappen (Red Bull),28.20742,142.60344,Sunny,0.05
101,1,Norris (McLaren),28.9136,28.9136,Sunny,0.05
101,2,Norris (McLaren),28.46821,57.38182,Sunny,0.05
101,3,Norris (McLaren),29.22763,86.60945,Sunny,0.05
101,4,Norris (McLaren),27.95681,114.56625,Sunny,0.05
101,5,Norris (McLaren),29.06752,143.63377,Sunny,0.05
102,1,Hamilton (Mercedes),27.40216,27.40216,Sunny,0.05
102,2,Hamilton (Mercedes),28.13839,55.54055,Sunny,0.05
102,3,Hamilton (Mercedes),28.77581,84.31637,Sunny,0.05
102,4,Hamilton (Mercedes),27.91775,112.23412,Sunny,0.05
102,5,Hamilton (Mercedes),28.02178,140.2559,Sunny,0.05
102,1,Verstappen (Red Bull),28.11708,28.11708,Sunny,0.05
102,2,Verstappen (Red Bull),27.45046,55.56754,Sunny,0.05
102,3,Verstappen (Red Bull),29.19248,84.76002,Sunny,0.05
102,4,Verstappen (Red Bull),28.89124,113.65126,Sunny,0.05
102,5,Verstappen (Red Bull),27.61317,141.26443,Sunny,0.05
102,1,Norris (McLaren),27.75831,27.75831,Sunny,0.05
102,2,Norris (McLaren),28.73681,56.49512,Sunny,0.05
102,3,Norris (McLaren),27.91466,84.40978,Sunny,0.05
102,4,Norris (McLaren),28.69111,113.10089,Sunny,0.05
102,5,Norris (McLaren),28.94149,142.04238,Sunny,0.05
103,1,Hamilton (Mercedes),28.39828,28.39828,Sunny,0.05
103,2,Hamilton (Mercedes),27.44536,55.84364,Sunny,0.05
103,3,Hamilton (Mercedes),27.38071,83.22435,Sunny,0.05
103,4,Hamilton (Mercedes),27.7685,110.99286,Sunny,0.05
103,5,Hamilton (Mercedes),27.75212,138.74498,Sunny,0.05
103,1,Verstappen (Red Bull),28.3381,28.3381,Sunny,0.05
103,2,Verstappen (Red Bull),28.50513,56.84322,Sunny,0.05
103,3,Verstappen (Red Bull),28.94261,85.78583,Sunny,0.05
103,4,Verstappen (Red Bull),27.72562,113.51145,Sunny,0.05
103,5,Verstappen (Red Bull),28.55772,142.06917,Sunny,0.05
103,1,Norris (McLaren),29.00774,29.00774,Sunny,0.05
103,2,Norris (McLaren),29.04538,58.05311,Sunny,0.05
103,3,Norris (McLaren),27.48231,85.53542,Sunny,0.05
103,4,Norris (McLaren),28.6294,114.16482,Sunny,0.05
103,5,Norris (McLaren),28.07246,142.23729,Sunny,0.05
104,1,Hamilton (Mercedes),27.89731,27.89731,Sunny,0.05
104,2,Hamilton (Mercedes),27.90605,55.80336,Sunny,0.05
104,3,Hamilton (Mercedes),28.67429,84.47764,Sunny,0.05
104,4,Hamilton (Mercedes),28.14782,112.62546,Sunny,0.05
104,5,Hamilton (Mercedes),28.79156,141.41702,Sunny,0.05
104,1,Verstappen (Red Bull),28.02314,28.02314,Sunny,0.05
104,2,Verstappen (Red Bull),27.87862,55.90176,Sunny,0.05
104,3,Verstappen (Red Bull),28.54877,84.45053,Sunny,0.05
104,4,Verstappen (Red Bull),29.07447,113.525,Sunny,0.05
104,5,Verstappen (Red Bull),28.06006,141.58506,Sunny,0.05
104,1,Norris (McLaren),27.98503,27.98503,Sunny,0.05
104,2,Norris (McLaren),29.79998,57.78501,Sunny,0.05
104,3,Norris (McLaren),29.22892,87.01393,Sunny,0.05
104,4,Norris (McLaren),28.18021,115.19414,Sunny,0.05
104,5,Norris (McLaren),29.44313,144.63727,Sunny,0.05
105,1,Hamilton (Mercedes),28.21647,28.21647,Sunny,0.05
105,2,Hamilton (Mercedes),28.14438,56.36085,Sunny,0.05
105,3,Hamilton (Mercedes),28.72407,85.08492,Sunny,0.05
105,4,Hamilton (Mercedes),27.0619,112.14682,Sunny,0.05
105,5,Hamilton (Mercedes),28.21589,140.36271,Sunny,0.05
105,1,Verstappen (Red Bull),28.14937,28.14937,Sunny,0.05
105,2,Verstappen (Red Bull),28.08188,56.23125,Sunny,0.05
105,3,Verstappen (Red Bull),28.03678,84.26803,Sunny,0.05
105,4,Verstappen (Red Bull),28.42498,112.69301,Sunny,0.05
105,5,Verstappen (Red Bull),28.2943,140.98731,Sunny,0.05
105,1,Norris (McLaren),28.91258,28.91258,Sunny,0.05
105,2,Norris (McLaren),28.53554,57.44812,Sunny,0.05
105,3,Norris (McLaren),29.49424,86.94236,Sunny,0.05
105,4,Norris (McLaren),29.82525,116.76761,Sunny,0.05
105,5,Norris (McLaren),28.10286,144.87047,Sunny,0.05
106,1,Hamilton (Mercedes),28.87087,28.87087,Sunny,0.05
106,2,Hamilton (Mercedes),27.32319,56.19406,Sunny,0.05
106,3,Hamilton (Mercedes),28.80447,84.99853,Sunny,0.05
106,4,Hamilton (Mercedes),27.84205,112.84059,Sunny,0.05
106,5,Hamilton (Mercedes),28.16882,141.00941,Sunny,0.05
106,1,Verstappen (Red Bull),28.83794,28.83794,Sunny,0.05
106,2,Verstappen (Red Bull),27.53199,56.36993,Sunny,0.05
106,3,Verstappen (Red Bull),27.25903,83.62895,Sunny,0.05
106,4,Verstappen (Red Bull),27.61599,111.24495,Sunny,0.05
106,5,Verstappen (Red Bull),28.39169,139.63664,Sunny,0.05
106,1,Norris (McLaren),29.65013,29.65013,Sunny,0.05
106,2,Norris (McLaren),29.15803,58.80815,Sunny,0.05
106,3,Norris (McLaren),29.20551,88.01366,Sunny,0.05
106,4,Norris (McLaren),28.63655,116.65021,Sunny,0.05
106,5,Norris (McLaren),28.42245,145.07266,Sunny,0.05
107,1,Hamilton (Mercedes),27.40174,27.40174,Sunny,0.05
107,2,Hamilton (Mercedes),28.78183,56.18358,Sunny,0.05
107,3,Hamilton (Mercedes),28.72925,84.91283,Sunny,0.05
107,4,Hamilton (Mercedes),28.62568,113.53851,Sunny,0.05
107,5,Hamilton (Mercedes),28.17756,141.71607,Sunny,0.05
107,1,Verstappen (Red Bull),26.6502,26.6502,Sunny,0.05
107,2,Verstappen (Red Bull),27.71315,54.36335,Sunny,0.05
107,3,Verstappen (Red Bull),28.69104,83.05439,Sunny,0.05
107,4,Verstappen (Red Bull),28.48005,111.53443,Sunny,0.05
107,5,Verstappen (Red Bull),28.63467,140.16911,Sunny,0.05
107,1,Norris (McLaren),28.15992,28.15992,Sunny,0.05
107,2,Norris (McLaren),28.99287,57.15279,Sunny,0.05
107,3,Norris (McLaren),28.75307,85.90586,Sunny,0.05
107,4,Norris (McLaren),27.01616,112.92202,Sunny,0.05
107,5,Norris (McLaren),28.59421,141.51622,Sunny,0.05
108,1,Hamilton (Mercedes),28.66724,28.66724,Sunny,0.05
108,2,Hamilton (Mercedes),28.38262,57.04985,Sunny,0.05
108,3,Hamilton (Mercedes),28.29769,85.34754,Sunny,0.05
108,4,Hamilton (Mercedes),28.33159,113.67914,Sunny,0.05
108,5,Hamilton (Mercedes),28.05849,141.73763,Sunny,0.05
108,1,Verstappen (Red Bull),28.39725,28.39725,Sunny,0.05
108,2,Verstappen (Red Bull),28.45694,56.85419,Sunny,0.05
108,3,Verstappen (Red Bull),28.18119,85.03538,Sunny,0.05
108,4,Verstappen (Red Bull),29.59397,114.62935,Sunny,0.05
108,5,Verstappen (Red Bull),28.5613,143.19065,Sunny,0.05
108,1,Norris (McLaren),28.66392,28.66392,Sunny,0.05
108,2,Norris (McLaren),29.09934,57.76327,Sunny,0.05
108,3,Norris (McLaren),29.12875,86.89202,Sunny,0.05
108,4,Norris (McLaren),28.07723,114.96925,Sunny,0.05
108,5,Norris (McLaren),28.61472,143.58398,Sunny,0.05
109,1,Hamilton (Mercedes),27.81167,27.81167,Sunny,0.05
109,2,Hamilton (Mercedes),28.20876,56.02043,Sunny,0.05
109,3,Hamilton (Mercedes),28.4856,84.50603,Sunny,0.05
109,4,Hamilton (Mercedes),28.727,113.23303,Sunny,0.05
109,5,Hamilton (Mercedes),28.16889,141.40192,Sunny,0.05
109,1,Verstappen (Red Bull),27.7762,27.7762,Sunny,0.05
109,2,Verstappen (Red Bull),27.95888,55.73508,Sunny,0.05
109,3,Verstappen (Red Bull),28.35936,84.09445,Sunny,0.05
109,4,Verstappen (Red Bull),29.05907,113.15351,Sunny,0.05
109,5,Verstappen (Red Bull),28.65519,141.80871,Sunny,0.05
109,1,Norris (McLaren),27.48746,27.48746,Sunny,0.05
109,2,Norris (McLaren),28.36495,55.85241,Sunny,0.05
109,3,Norris (McLaren),27.33006,83.18247,Sunny,0.05
109,4,Norris (McLaren),29.58445,112.76692,Sunny,0.05
109,5,Norris (McLaren),29.33327,142.10019,Sunny,0.05
110,1,Hamilton (Mercedes),28.59133,28.59133,Sunny,0.05
110,2,Hamilton (Mercedes),29.06405,57.65537,Sunny,0.05
110,3,Hamilton (Mercedes),28.63543,86.29081,Sunny,0.05
110,4,Hamilton (Mercedes),27.67704,113.96785,Sunny,0.05
110,5,Hamilton (Mercedes),27.84869,141.81654,Sunny,0.05
110,1,Verstappen (Red Bull),28.00892,28.00892,Sunny,0.05
110,2,Verstappen (Red Bull),27.60967,55.6186,Sunny,0.05
110,3,Verstappen (Red Bull),29.16324,84.78184,Sunny,0.05
110,4,Verstappen (Red Bull),28.10403,112.88587,Sunny,0.05
110,5,Verstappen (Red Bull),27.55152,140.43739,Sunny,0.05
110,1,Norris (McLaren),28.80466,28.80466,Sunny,0.05
110,2,Norris (McLaren),28.8958,57.70046,Sunny,0.05
110,3,Norris (McLaren),26.88847,84.58893,Sunny,0.05
110,4,Norris (McLaren),29.49972,114.08864,Sunny,0.05
110,5,Norris (McLaren),28.37185,142.46049,Sunny,0.05
111,1,Hamilton (Mercedes),29.2395,29.2395,Sunny,0.05
111,2,Hamilton (Mercedes),28.90718,58.14668,Sunny,0.05
111,3,Hamilton (Mercedes),29.15102,87.29771,Sunny,0.05
111,4,Hamilton (Mercedes),28.59816,115.89587,Sunny,0.05
111,5,Hamilton (Mercedes),27.30572,143.2016,Sunny,0.05
111,1,Verstappen (Red Bull),27.65493,27.65493,Sunny,0.05
111,2,Verstappen (Red Bull),28.66101,56.31594,Sunny,0.05
111,3,Verstappen (Red Bull),28.0318,84.34774,Sunny,0.05
111,4,Verstappen (Red Bull),28.66026,113.008,Sunny,0.05
111,5,Verstappen (Red Bull),27.98906,140.99705,Sunny,0.05
111,1,Norris (McLaren),29.98254,29.98254,Sunny,0.05
111,2,Norris (McLaren),28.52087,58.50341,Sunny,0.05
111,3,Norris (McLaren),27.59937,86.10278,Sunny,0.05
111,4,Norris (McLaren),27.70981,113.81259,Sunny,0.05
111,5,Norris (McLaren),28.12417,141.93676,Sunny,0.05
112,1,Hamilton (Mercedes),28.59982,28.59982,Sunny,0.05
112,2,Hamilton (Mercedes),28.21836,56.81819,Sunny,0.05
112,3,Hamilton (Mercedes),28.21966,85.03784,Sunny,0.05
112,4,Hamilton (Mercedes),28.04642,113.08426,Sunny,0.05
112,5,Hamilton (Mercedes),28.64372,141.72798,Sunny,0.05
112,1,Verstappen (Red Bull),29.10999,29.10999,Sunny,0.05
112,2,Verstappen (Red Bull),27.87044,56.98043,Sunny,0.05
112,3,Verstappen (Red Bull),28.59955,85.57998,Sunny,0.05
112,4,Verstappen (Red Bull),27.98002,113.56001,Sunny,0.05
112,5,Verstappen (Red Bull),28.38465,141.94466,Sunny,0.05
112,1,Norris (McLaren),28.47566,28.47566,Sunny,0.05
112,2,Norris (McLaren),28.91277,57.38844,Sunny,0.05
112,3,Norris (McLaren),27.22072,84.60915,Sunny,0.05
112,4,Norris (McLaren),28.03902,112.64817,Sunny,0.05
112,5,Norris (McLaren),28.59242,141.24059,Sunny,0.05
113,1,Hamilton (Mercedes),27.69998,27.69998,Sunny,0.05
113,2,Hamilton (Mercedes),28.32629,56.02626,Sunny,0.05
113,3,Hamilton (Mercedes),28.55903,84.58529,Sunny,0.05
113,4,Hamilton (Mercedes),28.28874,112.87403,Sunny,0.05
113,5,Hamilton (Mercedes),28.49926,141.37329,Sunny,0.05
113,1,Verstappen (Red Bull),27.48725,27.48725,Sunny,0.05
113,2,Verstappen (Red Bull),27.71722,55.20447,Sunny,0.05
113,3,Verstappen (Red Bull),28.13819,83.34266,Sunny,0.05
113,4,Verstappen (Red Bull),28.28264,111.6253,Sunny,0.05
113,5,Verstappen (Red Bull),28.05242,139.67772,Sunny,0.05
113,1,Norris (McLaren),27.35079,27.35079,Sunny,0.05
113,2,Norris (McLaren),28.53566,55.88645,Sunny,0.05
113,3,Norris (McLaren),28.90026,84.7867,Sunny,0.05
113,4,Norris (McLaren),28.87061,113.65732,Sunny,0.05
113,5,Norris (McLaren),29.2105,142.86781,Sunny,0.05
114,1,Hamilton (Mercedes),28.91164,28.91164,Sunny,0.05
114,2,Hamilton (Mercedes),27.84793,56.75957,Sunny,0.05
114,3,Hamilton (Mercedes),28.48662,85.24619,Sunny,0.05
114,4,Hamilton (Mercedes),27.82153,113.06772,Sunny,0.05
114,5,Hamilton (Mercedes),27.7043,140.77202,Sunny,0.05
114,1,Verstappen (Red Bull),28.19519,28.19519,Sunny,0.05
114,2,Verstappen (Red Bull),27.73999,55.93518,Sunny,0.05
114,3,Verstappen (Red Bull),26.61542,82.5506,Sunny,0.05
114,4,Verstappen (Red Bull),28.41579,110.96638,Sunny,0.05
114,5,Verstappen (Red Bull),27.91062,138.87701,Sunny,0.05
114,1,Norris (McLaren),27.89339,27.89339,Sunny,0.05
114,2,Norris (McLaren),29.6558,57.54919,Sunny,0.05
114,3,Norris (McLaren),29.78547,87.33467,Sunny,0.05
114,4,Norris (McLaren),27.9819,115.31657,Sunny,0.05
114,5,Norris (McLaren),27.94088,143.25745,Sunny,0.05
115,1,Hamilton (Mercedes),27.5567,27.5567,Sunny,0.05
115,2,Hamilton (Mercedes),28.48993,56.04663,Sunny,0.05
115,3,Hamilton (Mercedes),28.01913,84.06576,Sunny,0.05
115,4,Hamilton (Mercedes),28.4206,112.48635,Sunny,0.05
115,5,Hamilton (Mercedes),29.68485,142.1712,Sunny,0.05
115,1,Verstappen (Red Bull),28.43891,28.43891,Sunny,0.05
115,2,Verstappen (Red Bull),28.47602,56.91493,Sunny,0.05
115,3,Verstappen (Red Bull),28.80567,85.7206,Sunny,0.05
115,4,Verstappen (Red Bull),28.40661,114.12721,Sunny,0.05
115,5,Verstappen (Red Bull),27.14502,141.27222,Sunny,0.05
115,1,Norris (McLaren),28.75454,28.75454,Sunny,0.05
115,2,Norris (McLaren),28.39314,57.14767,Sunny,0.05
115,3,Norris (McLaren),28.65152,85.79919,Sunny,0.05
115,4,Norris (McLaren),28.18141,113.9806,Sunny,0.05
115,5,Norris (McLaren),28.3275,142.30811,Sunny,0.05
116,1,Hamilton (Mercedes),28.26372,28.26372,Sunny,0.05
116,2,Hamilton (Mercedes),28.43561,56.69933,Sunny,0.05
116,3,Hamilton (Mercedes),28.41144,85.11077,Sunny,0.05
116,4,Hamilton (Mercedes),28.32042,113.43118,Sunny,0.05
116,5,Hamilton (Mercedes),28.07289,141.50407,Sunny,0.05
116,1,Verstappen (Red Bull),28.50556,28.50556,Sunny,0.05
116,2,Verstappen (Red Bull),27.80994,56.3155,Sunny,0.05
116,3,Verstappen (Red Bull),27.28832,83.60382,Sunny,0.05
116,4,Verstappen (Red Bull),28.77746,112.38128,Sunny,0.05
116,5,Verstappen (Red Bull),27.93625,140.31753,Sunny,0.05
116,1,Norris (McLaren),27.97796,27.97796,Sunny,0.05
116,2,Norris (McLaren),30.10001,58.07797,Sunny,0.05
116,3,Norris (McLaren),27.56006,85.63803,Sunny,0.05
116,4,Norris (McLaren),29.60381,115.24184,Sunny,0.05
116,5,Norris (McLaren),28.36692,143.60876,Sunny,0.05
117,1,Hamilton (Mercedes),27.34747,27.34747,Sunny,0.05
117,2,Hamilton (Mercedes),28.66503,56.0125,Sunny,0.05
117,3,Hamilton (Mercedes),28.53542,84.54792,Sunny,0.05
117,4,Hamilton (Mercedes),27.84394,112.39186,Sunny,0.05
117,5,Hamilton (Mercedes),28.88427,141.27613,Sunny,0.05
117,1,Verstappen (Red Bull),28.71206,28.71206,Sunny,0.05
117,2,Verstappen (Red Bull),28.65687,57.36893,Sunny,0.05
117,3,Verstappen (Red Bull),27.74163,85.11056,Sunny,0.05
117,4,Verstappen (Red Bull),27.91401,113.02457,Sunny,0.05
117,5,Verstappen (Red Bull),28.08508,141.10965,Sunny,0.05
117,1,Norris (McLaren),27.81964,27.81964,Sunny,0.05
117,2,Norris (McLaren),28.8357,56.65535,Sunny,0.05
117,3,Norris (McLaren),27.87865,84.53399,Sunny,0.05
117,4,Norris (McLaren),28.24802,112.78201,Sunny,0.05
117,5,Norris (McLaren),28.70746,141.48948,Sunny,0.05
118,1,Hamilton (Mercedes),27.76623,27.76623,Sunny,0.05
118,2,Hamilton (Mercedes),28.1343,55.90053,Sunny,0.05
118,3,Hamilton (Mercedes),28.94235,84.84287,Sunny,0.05
118,4,Hamilton (Mercedes),27.33607,112.17895,Sunny,0.05
118,5,Hamilton (Mercedes),27.74511,139.92406,Sunny,0.05
118,1,Verstappen (Red Bull),28.6923,28.6923,Sunny,0.05
118,2,Verstappen (Red Bull),28.81856,57.51087,Sunny,0.05
118,3,Verstappen (Red Bull),27.74765,85.25852,Sunny,0.05
118,4,Verstappen (Red Bull),28.9685,114.22702,Sunny,0.05
118,5,Verstappen (Red Bull),28.21854,142.44556,Sunny,0.05
118,1,Norris (McLaren),30.00004,30.00004,Sunny,0.05
118,2,Norris (McLaren),28.51296,58.513,Sunny,0.05
118,3,Norris (McLaren),28.71644,87.22945,Sunny,0.05
118,4,Norris (McLaren),28.77763,116.00708,Sunny,0.05
118,5,Norris (McLaren),28.53906,144.54614,Sunny,0.05
119,1,Hamilton (Mercedes),28.18585,28.18585,Sunny,0.05
119,2,Hamilton (Mercedes),28.06487,56.25072,Sunny,0.05
119,3,Hamilton (Mercedes),28.82759,85.07831,Sunny,0.05
119,4,Hamilton (Mercedes),28.32267,113.40099,Sunny,0.05
119,5,Hamilton (Mercedes),28.56843,141.96941,Sunny,0.05
119,1,Verstappen (Red Bull),28.03197,28.03197,Sunny,0.05
119,2,Verstappen (Red Bull),28.05155,56.08352,Sunny,0.05
119,3,Verstappen (Red Bull),28.76762,84.85114,Sunny,0.05
119,4,Verstappen (Red Bull),28.54014,113.39128,Sunny,0.05
119,5,Verstappen (Red Bull),29.67938,143.07066,Sunny,0.05
119,1,Norris (McLaren),28.14817,28.14817,Sunny,0.05
119,2,Norris (McLaren),28.65406,56.80224,Sunny,0.05
119,3,Norris (McLaren),29.85844,86.66067,Sunny,0.05
119,4,Norris (McLaren),28.98736,115.64803,Sunny,0.05
119,5,Norris (McLaren),28.17164,143.81967,Sunny,0.05
120,1,Hamilton (Mercedes),27.91623,27.91623,Sunny,0.05
120,2,Hamilton (Mercedes),27.75075,55.66698,Sunny,0.05
120,3,Hamilton (Mercedes),28.1504,83.81738,Sunny,0.05
120,4,Hamilton (Mercedes),29.19485,113.01222,Sunny,0.05
120,5,Hamilton (Mercedes),28.63375,141.64598,Sunny,0.05
120,1,Verstappen (Red Bull),28.41733,28.41733,Sunny,0.05
120,2,Verstappen (Red Bull),28.13235,56.54968,Sunny,0.05
120,3,Verstappen (Red Bull),28.88188,85.43156,Sunny,0.05
120,4,Verstappen (Red Bull),27.51924,112.9508,Sunny,0.05
120,5,Verstappen (Red Bull),28.18045,141.13125,Sunny,0.05
120,1,Norris (McLaren),28.584,28.584,Sunny,0.05
120,2,Norris (McLaren),28.3688,56.9528,Sunny,0.05
120,3,Norris (McLaren),29.20731,86.1601,Sunny,0.05
120,4,Norris (McLaren),29.61198,115.77208,Sunny,0.05
120,5,Norris (McLaren),29.06257,144.83465,Sunny,0.05
121,1,Hamilton (Mercedes),27.53046,27.53046,Sunny,0.05
121,2,Hamilton (Mercedes),28.48143,56.01189,Sunny,0.05
121,3,Hamilton (Mercedes),28.15896,84.17085,Sunny,0.05
121,4,Hamilton (Mercedes),28.4171,112.58795,Sunny,0.05
121,5,Hamilton (Mercedes),28.52022,141.10817,Sunny,0.05
121,1,Verstappen (Red Bull),28.04027,28.04027,Sunny,0.05
121,2,Verstappen (Red Bull),28.17465,56.21492,Sunny,0.05
121,3,Verstappen (Red Bull),28.07919,84.29411,Sunny,0.05
121,4,Verstappen (Red Bull),27.42519,111.7193,Sunny,0.05
121,5,Verstappen (Red Bull),28.43893,140.15822,Sunny,0.05
121,1,Norris (McLaren),28.36697,28.36697,Sunny,0.05
121,2,Norris (McLaren),27.96842,56.33539,Sunny,0.05
121,3,Norris (McLaren),28.85965,85.19504,Sunny,0.05
121,4,Norris (McLaren),28.38593,113.58097,Sunny,0.05
121,5,Norris (McLaren),29.65927,143.24024,Sunny,0.05
122,1,Hamilton (Mercedes),28.55174,28.55174,Sunny,0.05
122,2,Hamilton (Mercedes),28.43548,56.98722,Sunny,0.05
122,3,Hamilton (Mercedes),27.91437,84.90159,Sunny,0.05
122,4,Hamilton (Mercedes),28.82972,113.73131,Sunny,0.05
122,5,Hamilton (Mercedes),27.75965,141.49096,Sunny,0.05
122,1,Verstappen (Red Bull),27.84769,27.84769,Sunny,0.05
122,2,Verstappen (Red Bull),28.35748,56.20517,Sunny,0.05
122,3,Verstappen (Red Bull),28.34917,84.55434,Sunny,0.05
122,4,Verstappen (Red Bull),28.34862,112.90296,Sunny,0.05
122,5,Verstappen (Red Bull),28.8765,141.77946,Sunny,0.05
122,1,Norris (McLaren),29.13614,29.13614,Sunny,0.05
122,2,Norris (McLaren),29.09095,58.22709,Sunny,0.05
122,3,Norris (McLaren),28.70895,86.93604,Sunny,0.05
122,4,Norris (McLaren),29.25313,116.18917,Sunny,0.05
122,5,Norris (McLaren),28.51644,144.7056,Sunny,0.05
123,1,Hamilton (Mercedes),29.6023,29.6023,Sunny,0.05
123,2,Hamilton (Mercedes),28.10886,57.71115,Sunny,0.05
123,3,Hamilton (Mercedes),28.61173,86.32288,Sunny,0.05
123,4,Hamilton (Mercedes),29.04168,115.36456,Sunny,0.05
123,5,Hamilton (Mercedes),28.19735,143.56191,Sunny,0.05
123,1,Verstappen (Red Bull),27.38361,27.38361,Sunny,0.05
123,2,Verstappen (Red Bull),28.54567,55.92928,Sunny,0.05
123,3,Verstappen (Red Bull),28.23663,84.16591,Sunny,0.05
123,4,Verstappen (Red Bull),28.33804,112.50395,Sunny,0.05
123,5,Verstappen (Red Bull),28.25293,140.75687,Sunny,0.05
123,1,Norris (McLaren),29.70474,29.70474,Sunny,0.05
123,2,Norris (McLaren),29.52151,59.22625,Sunny,0.05
123,3,Norris (McLaren),29.92597,89.15222,Sunny,0.05
123,4,Norris (McLaren),28.94936,118.10158,Sunny,0.05
123,5,Norris (McLaren),28.63657,146.73815,Sunny,0.05
124,1,Hamilton (Mercedes),27.86506,27.86506,Sunny,0.05
124,2,Hamilton (Mercedes),28.51004,56.3751,Sunny,0.05
124,3,Hamilton (Mercedes),28.97415,85.34925,Sunny,0.05
124,4,Hamilton (Mercedes),28.3438,113.69304,Sunny,0.05
124,5,Hamilton (Mercedes),28.17449,141.86754,Sunny,0.05
124,1,Verstappen (Red Bull),27.42576,27.42576,Sunny,0.05
124,2,Verstappen (Red Bull),28.13956,55.56532,Sunny,0.05
124,3,Verstappen (Red Bull),28.57594,84.14126,Sunny,0.05
124,4,Verstappen (Red Bull),28.55229,112.69355,Sunny,0.05
124,5,Verstappen (Red Bull),28.31347,141.00702,Sunny,0.05
124,1,Norris (McLaren),28.09101,28.09101,Sunny,0.05
124,2,Norris (McLaren),28.54073,56.63174,Sunny,0.05
124,3,Norris (McLaren),28.02657,84.65831,Sunny,0.05
124,4,Norris (McLaren),28.50522,113.16353,Sunny,0.05
124,5,Norris (McLaren),28.93107,142.09461,Sunny,0.05
125,1,Hamilton (Mercedes),28.76754,28.76754,Sunny,0.05
125,2,Hamilton (Mercedes),28.9299,57.69744,Sunny,0.05
125,3,Hamilton (Mercedes),27.519,85.21644,Sunny,0.05
125,4,Hamilton (Mercedes),27.65081,112.86725,Sunny,0.05
125,5,Hamilton (Mercedes),28.39191,141.25916,Sunny,0.05
125,1,Verstappen (Red Bull),28.2262,28.2262,Sunny,0.05
125,2,Verstappen (Red Bull),28.58362,56.80982,Sunny,0.05
125,3,Verstappen (Red Bull),28.55683,85.36665,Sunny,0.05
125,4,Verstappen (Red Bull),28.92985,114.2965,Sunny,0.05
125,5,Verstappen (Red Bull),28.6356,142.9321,Sunny,0.05
125,1,Norris (McLaren),29.22237,29.22237,Sunny,0.05
125,2,Norris (McLaren),29.97809,59.20046,Sunny,0.05
125,3,Norris (McLaren),27.83146,87.03192,Sunny,0.05
125,4,Norris (McLaren),28.00112,115.03304,Sunny,0.05
125,5,Norris (McLaren),28.7003,143.73334,Sunny,0.05
126,1,Hamilton (Mercedes),27.80471,27.80471,Sunny,0.05
126,2,Hamilton (Mercedes),28.66062,56.46533,Sunny,0.05
126,3,Hamilton (Mercedes),28.13579,84.60111,Sunny,0.05
126,4,Hamilton (Mercedes),27.99611,112.59722,Sunny,0.05
126,5,Hamilton (Mercedes),28.31307,140.91029,Sunny,0.05
126,1,Verstappen (Red Bull),27.96734,27.96734,Sunny,0.05
126,2,Verstappen (Red Bull),28.91108,56.87842,Sunny,0.05
126,3,Verstappen (Red Bull),28.96255,85.84097,Sunny,0.05
126,4,Verstappen (Red Bull),29.03174,114.87271,Sunny,0.05
126,5,Verstappen (Red Bull),28.75436,143.62707,Sunny,0.05
126,1,Norris (McLaren),27.4093,27.4093,Sunny,0.05
126,2,Norris (McLaren),28.95045,56.35975,Sunny,0.05
126,3,Norris (McLaren),28.7061,85.06585,Sunny,0.05
126,4,Norris (McLaren),29.56107,114.62692,Sunny,0.05
126,5,Norris (McLaren),28.16186,142.78878,Sunny,0.05
127,1,Hamilton (Mercedes),28.23046,28.23046,Sunny,0.05
127,2,Hamilton (Mercedes),28.12376,56.35422,Sunny,0.05
127,3,Hamilton (Mercedes),27.93849,84.29271,Sunny,0.05
127,4,Hamilton (Mercedes),29.0396,113.33231,Sunny,0.05
127,5,Hamilton (Mercedes),29.19535,142.52765,Sunny,0.05
127,1,Verstappen (Red Bull),28.49588,28.49588,Sunny,0.05
127,2,Verstappen (Red Bull),29.10583,57.60171,Sunny,0.05
127,3,Verstappen (Red Bull),27.80008,85.4018,Sunny,0.05
127,4,Verstappen (Red Bull),28.67347,114.07527,Sunny,0.05
127,5,Verstappen (Red Bull),28.89965,142.97492,Sunny,0.05
127,1,Norris (McLaren),28.66062,28.66062,Sunny,0.05
127,2,Norris (McLaren),28.08942,56.75004,Sunny,0.05
127,3,Norris (McLaren),29.28611,86.03615,Sunny,0.05
127,4,Norris (McLaren),28.16062,114.19677,Sunny,0.05
127,5,Norris (McLaren),28.39415,142.59092,Sunny,0.05
128,1,Hamilton (Mercedes),28.38958,28.38958,Sunny,0.05
128,2,Hamilton (Mercedes),28.60975,56.99933,Sunny,0.05
128,3,Hamilton (Mercedes),29.17483,86.17416,Sunny,0.05
128,4,Hamilton (Mercedes),28.01268,114.18684,Sunny,0.05
128,5,Hamilton (Mercedes),28.5789,142.76573,Sunny,0.05
128,1,Verstappen (Red Bull),27.58833,27.58833,Sunny,0.05
128,2,Verstappen (Red Bull),28.14547,55.73379,Sunny,0.05
128,3,Verstappen (Red Bull),28.28542,84.01921,Sunny,0.05
128,4,Verstappen (Red Bull),27.6908,111.71001,Sunny,0.05
128,5,Verstappen (Red Bull),27.5465,139.25651,Sunny,0.05
128,1,Norris (McLaren),29.37614,29.37614,Sunny,0.05
128,2,Norris (McLaren),29.32403,58.70017,Sunny,0.05
128,3,Norris (McLaren),28.67596,87.37613,Sunny,0.05
128,4,Norris (McLaren),28.72172,116.09785,Sunny,0.05
128,5,Norris (McLaren),27.87923,143.97708,Sunny,0.05
129,1,Hamilton (Mercedes),28.60654,28.60654,Sunny,0.05
129,2,Hamilton (Mercedes),28.18316,56.7897,Sunny,0.05
129,3,Hamilton (Mercedes),28.87736,85.66705,Sunny,0.05
129,4,Hamilton (Mercedes),28.06802,113.73507,Sunny,0.05
129,5,Hamilton (Mercedes),27.78193,141.517,Sunny,0.05
129,1,Verstappen (Red Bull),27.94471,27.94471,Sunny,0.05
129,2,Verstappen (Red Bull),28.24429,56.189,Sunny,0.05
129,3,Verstappen (Red Bull),28.21805,84.40705,Sunny,0.05
129,4,Verstappen (Red Bull),28.90544,113.31249,Sunny,0.05
129,5,Verstappen (Red Bull),28.59869,141.91119,Sunny,0.05
129,1,Norris (McLaren),27.94112,27.94112,Sunny,0.05
129,2,Norris (McLaren),29.36622,57.30735,Sunny,0.05
129,3,Norris (McLaren),29.29943,86.60677,Sunny,0.05
129,4,Norris (McLaren),28.63809,115.24486,Sunny,0.05
129,5,Norris (McLaren),28.1766,143.42146,Sunny,0.05
130,1,Hamilton (Mercedes),28.3132,28.3132,Sunny,0.05
130,2,Hamilton (Mercedes),28.21485,56.52806,Sunny,0.05
130,3,Hamilton (Mercedes),27.83801,84.36607,Sunny,0.05
130,4,Hamilton (Mercedes),27.75795,112.12402,Sunny,0.05
130,5,Hamilton (Mercedes),27.79793,139.92195,Sunny,0.05
130,1,Verstappen (Red Bull),27.95888,27.95888,Sunny,0.05
130,2,Verstappen (Red Bull),26.73755,54.69644,Sunny,0.05
130,3,Verstappen (Red Bull),28.91243,83.60887,Sunny,0.05
130,4,Verstappen (Red Bull),27.94397,111.55284,Sunny,0.05
130,5,Verstappen (Red Bull),28.75976,140.3126,Sunny,0.05
130,1,Norris (McLaren),28.50367,28.50367,Sunny,0.05
130,2,Norris (McLaren),28.33071,56.83438,Sunny,0.05
130,3,Norris (McLaren),27.879,84.71337,Sunny,0.05
130,4,Norris (McLaren),28.55558,113.26895,Sunny,0.05
130,5,Norris (McLaren),28.5709,141.83985,Sunny,0.05
131,1,Hamilton (Mercedes),28.85487,28.85487,Sunny,0.05
131,2,Hamilton (Mercedes),28.51949,57.37436,Sunny,0.05
131,3,Hamilton (Mercedes),28.3717,85.74606,Sunny,0.05
131,4,Hamilton (Mercedes),27.92211,113.66817,Sunny,0.05
131,5,Hamilton (Mercedes),27.68545,141.35362,Sunny,0.05
131,1,Verstappen (Red Bull),28.23275,28.23275,Sunny,0.05
131,2,Verstappen (Red Bull),27.76317,55.99592,Sunny,0.05
131,3,Verstappen (Red Bull),27.18099,83.17691,Sunny,0.05
131,4,Verstappen (Red Bull),27.81851,110.99542,Sunny,0.05
131,5,Verstappen (Red Bull),28.61389,139.60931,Sunny,0.05
131,1,Norris (McLaren),28.17088,28.17088,Sunny,0.05
131,2,Norris (McLaren),27.95798,56.12886,Sunny,0.05
131,3,Norris (McLaren),28.93331,85.06218,Sunny,0.05
131,4,Norris (McLaren),28.32406,113.38623,Sunny,0.05
131,5,Norris (McLaren),29.22954,142.61578,Sunny,0.05
132,1,Hamilton (Mercedes),28.77187,28.77187,Sunny,0.05
132,2,Hamilton (Mercedes),28.03314,56.80501,Sunny,0.05
132,3,Hamilton (Mercedes),27.43541,84.24041,Sunny,0.05
132,4,Hamilton (Mercedes),27.41355,111.65396,Sunny,0.05
132,5,Hamilton (Mercedes),27.67172,139.32568,Sunny,0.05
132,1,Verstappen (Red Bull),28.23469,28.23469,Sunny,0.05
132,2,Verstappen (Red Bull),28.78418,57.01887,Sunny,0.05
132,3,Verstappen (Red Bull),28.13438,85.15325,Sunny,0.05
132,4,Verstappen (Red Bull),27.62852,112.78177,Sunny,0.05
132,5,Verstappen (Red Bull),28.0397,140.82147,Sunny,0.05
132,1,Norris (McLaren),29.512,29.512,Sunny,0.05
132,2,Norris (McLaren),28.04286,57.55486,Sunny,0.05
132,3,Norris (McLaren),29.84237,87.39722,Sunny,0.05
132,4,Norris (McLaren),28.70059,116.09781,Sunny,0.05
132,5,Norris (McLaren),27.95261,144.05042,Sunny,0.05
133,1,Hamilton (Mercedes),28.68978,28.68978,Sunny,0.05
133,2,Hamilton (Mercedes),27.69727,56.38704,Sunny,0.05
133,3,Hamilton (Mercedes),29.38109,85.76814,Sunny,0.05
133,4,Hamilton (Mercedes),28.19768,113.96582,Sunny,0.05
133,5,Hamilton (Mercedes),28.15152,142.11734,Sunny,0.05
133,1,Verstappen (Red Bull),28.16993,28.16993,Sunny,0.05
133,2,Verstappen (Red Bull),28.19744,56.36737,Sunny,0.05
133,3,Verstappen (Red Bull),27.24036,83.60774,Sunny,0.05
133,4,Verstappen (Red Bull),28.02247,111.63021,Sunny,0.05
133,5,Verstappen (Red Bull),28.44735,140.07755,Sunny,0.05
133,1,Norris (McLaren),28.92062,28.92062,Sunny,0.05
133,2,Norris (McLaren),27.83799,56.75861,Sunny,0.05
133,3,Norris (McLaren),27.98152,84.74013,Sunny,0.05
133,4,Norris (McLaren),28.30293,113.04306,Sunny,0.05
133,5,Norris (McLaren),27.98349,141.02655,Sunny,0.05
134,1,Hamilton (Mercedes),28.86156,28.86156,Sunny,0.05
134,2,Hamilton (Mercedes),27.47361,56.33517,Sunny,0.05
134,3,Hamilton (Mercedes),27.40965,83.74482,Sunny,0.05
134,4,Hamilton (Mercedes),29.22805,112.97287,Sunny,0.05
134,5,Hamilton (Mercedes),28.6524,141.62526,Sunny,0.05
134,1,Verstappen (Red Bull),28.25696,28.25696,Sunny,0.05
134,2,Verstappen (Red Bull),27.90738,56.16434,Sunny,0.05
134,3,Verstappen (Red Bull),28.18476,84.34909,Sunny,0.05
134,4,Verstappen (Red Bull),28.31525,112.66434,Sunny,0.05
134,5,Verstappen (Red Bull),28.53055,141.19489,Sunny,0.05
134,1,Norris (McLaren),29.55212,29.55212,Sunny,0.05
134,2,Norris (McLaren),28.68468,58.2368,Sunny,0.05
134,3,Norris (McLaren),29.7757,88.0125,Sunny,0.05
134,4,Norris (McLaren),29.77418,117.78668,Sunny,0.05
134,5,Norris (McLaren),29.22521,147.01188,Sunny,0.05
135,1,Hamilton (Mercedes),28.33411,28.33411,Sunny,0.05
135,2,Hamilton (Mercedes),27.593,55.9271,Sunny,0.05
135,3,Hamilton (Mercedes),29.58303,85.51014,Sunny,0.05
135,4,Hamilton (Mercedes),28.03258,113.54272,Sunny,0.05
135,5,Hamilton (Mercedes),28.16896,141.71168,Sunny,0.05
135,1,Verstappen (Red Bull),28.0082,28.0082,Sunny,0.05
135,2,Verstappen (Red Bull),28.40957,56.41776,Sunny,0.05
135,3,Verstappen (Red Bull),28.73927,85.15704,Sunny,0.05
135,4,Verstappen (Red Bull),28.69931,113.85635,Sunny,0.05
135,5,Verstappen (Red Bull),27.80153,141.65788,Sunny,0.05
135,1,Norris (McLaren),28.70411,28.70411,Sunny,0.05
135,2,Norris (McLaren),29.31787,58.02198,Sunny,0.05
135,3,Norris (McLaren),27.98024,86.00222,Sunny,0.05
135,4,Norris (McLaren),29.50773,115.50995,Sunny,0.05
135,5,Norris (McLaren),27.71915,143.2291,Sunny,0.05
136,1,Hamilton (Mercedes),28.66247,28.66247,Sunny,0.05
136,2,Hamilton (Mercedes),27.71526,56.37773,Sunny,0.05
136,3,Hamilton (Mercedes),27.47795,83.85568,Sunny,0.05
136,4,Hamilton (Mercedes),27.45826,111.31393,Sunny,0.05
136,5,Hamilton (Mercedes),28.56005,139.87398,Sunny,0.05
136,1,Verstappen (Red Bull),27.87399,27.87399,Sunny,0.05
136,2,Verstappen (Red Bull),28.30899,56.18298,Sunny,0.05
136,3,Verstappen (Red Bull),28.91806,85.10104,Sunny,0.05
136,4,Verstappen (Red Bull),28.43504,113.53608,Sunny,0.05
136,5,Verstappen (Red Bull),28.30679,141.84287,Sunny,0.05
136,1,Norris (McLaren),28.41266,28.41266,Sunny,0.05
136,2,Norris (McLaren),27.29909,55.71175,Sunny,0.05
136,3,Norris (McLaren),29.99801,85.70976,Sunny,0.05
136,4,Norris (McLaren),28.92038,114.63014,Sunny,0.05
136,5,Norris (McLaren),29.67316,144.3033,Sunny,0.05
137,1,Hamilton (Mercedes),27.51832,27.51832,Sunny,0.05
137,2,Hamilton (Mercedes),28.94703,56.46534,Sunny,0.05
137,3,Hamilton (Mercedes),28.66785,85.13319,Sunny,0.05
137,4,Hamilton (Mercedes),28.68342,113.81661,Sunny,0.05
137,5,Hamilton (Mercedes),27.16623,140.98284,Sunny,0.05
137,1,Verstappen (Red Bull),28.11357,28.11357,Sunny,0.05
137,2,Verstappen (Red Bull),27.45356,55.56713,Sunny,0.05
137,3,Verstappen (Red Bull),28.26191,83.82904,Sunny,0.05
137,4,Verstappen (Red Bull),27.82241,111.65145,Sunny,0.05
137,5,Verstappen (Red Bull),27.76216,139.41361,Sunny,0.05
137,1,Norris (McLaren),28.57426,28.57426,Sunny,0.05
137,2,Norris (McLaren),28.94616,57.52042,Sunny,0.05
137,3,Norris (McLaren),27.64983,85.17025,Sunny,0.05
137,4,Norris (McLaren),29.42368,114.59393,Sunny,0.05
137,5,Norris (McLaren),29.30354,143.89747,Sunny,0.05
138,1,Hamilton (Mercedes),27.41258,27.41258,Sunny,0.05
138,2,Hamilton (Mercedes),28.1859,55.59847,Sunny,0.05
138,3,Hamilton (Mercedes),28.17583,83.7743,Sunny,0.05
138,4,Hamilton (Mercedes),28.6575,112.4318,Sunny,0.05
138,5,Hamilton (Mercedes),27.29119,139.72299,Sunny,0.05
138,1,Verstappen (Red Bull),28.69817,28.69817,Sunny,0.05
138,2,Verstappen (Red Bull),28.21784,56.91601,Sunny,0.05
138,3,Verstappen (Red Bull),29.07511,85.99112,Sunny,0.05
138,4,Verstappen (Red Bull),27.40077,113.39189,Sunny,0.05
138,5,Verstappen (Red Bull),27.50907,140.90096,Sunny,0.05
138,1,Norris (McLaren),28.53426,28.53426,Sunny,0.05
138,2,Norris (McLaren),28.97148,57.50574,Sunny,0.05
138,3,Norris (McLaren),28.76031,86.26605,Sunny,0.05
138,4,Norris (McLaren),28.73205,114.9981,Sunny,0.05
138,5,Norris (McLaren),28.69735,143.69545,Sunny,0.05
139,1,Hamilton (Mercedes),28.64836,28.64836,Sunny,0.05
139,2,Hamilton (Mercedes),28.08632,56.73468,Sunny,0.05
139,3,Hamilton (Mercedes),28.68589,85.42057,Sunny,0.05
139,4,Hamilton (Mercedes),28.03528,113.45585,Sunny,0.05
139,5,Hamilton (Mercedes),27.86124,141.31709,Sunny,0.05
139,1,Verstappen (Red Bull),29.50357,29.50357,Sunny,0.05
139,2,Verstappen (Red Bull),28.05224,57.55582,Sunny,0.05
139,3,Verstappen (Red Bull),27.40098,84.95679,Sunny,0.05
139,4,Verstappen (Red Bull),29.39303,114.34982,Sunny,0.05
139,5,Verstappen (Red Bull),27.76938,142.11921,Sunny,0.05
139,1,Norris (McLaren),27.96231,27.96231,Sunny,0.05
139,2,Norris (McLaren),28.75624,56.71854,Sunny,0.05
139,3,Norris (McLaren),28.86634,85.58488,Sunny,0.05
139,4,Norris (McLaren),28.96438,114.54926,Sunny,0.05
139,5,Norris (McLaren),28.82632,143.37558,Sunny,0.05
140,1,Hamilton (Mercedes),28.82893,28.82893,Sunny,0.05
140,2,Hamilton (Mercedes),29.04124,57.87016,Sunny,0.05
140,3,Hamilton (Mercedes),28.63007,86.50023,Sunny,0.05
140,4,Hamilton (Mercedes),27.47311,113.97334,Sunny,0.05
140,5,Hamilton (Mercedes),29.30369,143.27703,Sunny,0.05
140,1,Verstappen (Red Bull),28.87902,28.87902,Sunny,0.05
140,2,Verstappen (Red Bull),28.50446,57.38348,Sunny,0.05
140,3,Verstappen (Red Bull),29.18966,86.57314,Sunny,0.05
140,4,Verstappen (Red Bull),27.94636,114.5195,Sunny,0.05
140,5,Verstappen (Red Bull),27.97394,142.49344,Sunny,0.05
140,1,Norris (McLaren),28.9001,28.9001,Sunny,0.05
140,2,Norris (McLaren),28.39288,57.29298,Sunny,0.05
140,3,Norris (McLaren),27.98068,85.27365,Sunny,0.05
140,4,Norris (McLaren),28.86401,114.13766,Sunny,0.05
140,5,Norris (McLaren),27.76395,141.90161,Sunny,0.05
141,1,Hamilton (Mercedes),28.03287,28.03287,Sunny,0.05
141,2,Hamilton (Mercedes),27.73826,55.77113,Sunny,0.05
141,3,Hamilton (Mercedes),28.57842,84.34955,Sunny,0.05
141,4,Hamilton (Mercedes),29.26273,113.61228,Sunny,0.05
141,5,Hamilton (Mercedes),28.65015,142.26243,Sunny,0.05
141,1,Verstappen (Red Bull),28.05838,28.05838,Sunny,0.05
141,2,Verstappen (Red Bull),29.26075,57.31914,Sunny,0.05
141,3,Verstappen (Red Bull),28.0557,85.37483,Sunny,0.05
141,4,Verstappen (Red Bull),28.61978,113.99461,Sunny,0.05
141,5,Verstappen (Red Bull),28.48322,142.47784,Sunny,0.05
141,1,Norris (McLaren),28.90259,28.90259,Sunny,0.05
141,2,Norris (McLaren),28.03844,56.94103,Sunny,0.05
141,3,Norris (McLaren),28.51219,85.45322,Sunny,0.05
141,4,Norris (McLaren),29.64078,115.09399,Sunny,0.05
141,5,Norris (McLaren),29.82047,144.91446,Sunny,0.05
142,1,Hamilton (Mercedes),27.57113,27.57113,Sunny,0.05
142,2,Hamilton (Mercedes),27.51276,55.08388,Sunny,0.05
142,3,Hamilton (Mercedes),27.3504,82.43428,Sunny,0.05
142,4,Hamilton (Mercedes),28.58762,111.0219,Sunny,0.05
142,5,Hamilton (Mercedes),28.24228,139.26418,Sunny,0.05
142,1,Verstappen (Red Bull),29.31552,29.31552,Sunny,0.05
142,2,Verstappen (Red Bull),27.85581,57.17133,Sunny,0.05
142,3,Verstappen (Red Bull),28.87015,86.04148,Sunny,0.05
142,4,Verstappen (Red Bull),28.30257,114.34405,Sunny,0.05
142,5,Verstappen (Red Bull),27.70857,142.05262,Sunny,0.05
142,1,Norris (McLaren),28.93536,28.93536,Sunny,0.05
142,2,Norris (McLaren),29.3673,58.30266,Sunny,0.05
142,3,Norris (McLaren),28.9365,87.23916,Sunny,0.05
142,4,Norris (McLaren),29.42638,116.66554,Sunny,0.05
142,5,Norris (McLaren),28.35376,145.0193,Sunny,0.05
143,1,Hamilton (Mercedes),28.08423,28.08423,Sunny,0.05
143,2,Hamilton (Mercedes),28.16589,56.25012,Sunny,0.05
143,3,Hamilton (Mercedes),29.52448,85.7746,Sunny,0.05
143,4,Hamilton (Mercedes),28.72661,114.50121,Sunny,0.05
143,5,Hamilton (Mercedes),28.76664,143.26785,Sunny,0.05
143,1,Verstappen (Red Bull),28.17641,28.17641,Sunny,0.05
143,2,Verstappen (Red Bull),28.41612,56.59253,Sunny,0.05
143,3,Verstappen (Red Bull),28.80895,85.40148,Sunny,0.05
143,4,Verstappen (Red Bull),28.59269,113.99417,Sunny,0.05
143,5,Verstappen (Red Bull),28.19797,142.19214,Sunny,0.05
143,1,Norris (McLaren),29.0332,29.0332,Sunny,0.05
143,2,Norris (McLaren),28.73362,57.76681,Sunny,0.05
143,3,Norris (McLaren),29.06165,86.82846,Sunny,0.05
143,4,Norris (McLaren),27.96125,114.78971,Sunny,0.05
143,5,Norris (McLaren),29.9203,144.71001,Sunny,0.05
144,1,Hamilton (Mercedes),28.72015,28.72015,Sunny,0.05
144,2,Hamilton (Mercedes),29.15448,57.87462,Sunny,0.05
144,3,Hamilton (Mercedes),28.38199,86.25661,Sunny,0.05
144,4,Hamilton (Mercedes),28.28145,114.53806,Sunny,0.05
144,5,Hamilton (Mercedes),27.94499,142.48305,Sunny,0.05
144,1,Verstappen (Red Bull),27.49272,27.49272,Sunny,0.05
144,2,Verstappen (Red Bull),28.54231,56.03503,Sunny,0.05
144,3,Verstappen (Red Bull),27.40499,83.44002,Sunny,0.05
144,4,Verstappen (Red Bull),28.05982,111.49984,Sunny,0.05
144,5,Verstappen (Red Bull),29.16583,140.66567,Sunny,0.05
144,1,Norris (McLaren),28.7405,28.7405,Sunny,0.05
144,2,Norris (McLaren),28.40004,57.14054,Sunny,0.05
144,3,Norris (McLaren),28.37496,85.5155,Sunny,0.05
144,4,Norris (McLaren),28.9552,114.4707,Sunny,0.05
144,5,Norris (McLaren),30.00615,144.47685,Sunny,0.05
145,1,Hamilton (Mercedes),28.50035,28.50035,Sunny,0.05
145,2,Hamilton (Mercedes),28.66013,57.16047,Sunny,0.05
145,3,Hamilton (Mercedes),28.07604,85.23652,Sunny,0.05
145,4,Hamilton (Mercedes),27.2315,112.46802,Sunny,0.05
145,5,Hamilton (Mercedes),28.12478,140.5928,Sunny,0.05
145,1,Verstappen (Red Bull),28.41886,28.41886,Sunny,0.05
145,2,Verstappen (Red Bull),27.21808,55.63694,Sunny,0.05
145,3,Verstappen (Red Bull),27.92991,83.56685,Sunny,0.05
145,4,Verstappen (Red Bull),27.12557,110.69243,Sunny,0.05
145,5,Verstappen (Red Bull),27.42867,138.12109,Sunny,0.05
145,1,Norris (McLaren),29.22431,29.22431,Sunny,0.05
145,2,Norris (McLaren),28.58948,57.81379,Sunny,0.05
145,3,Norris (McLaren),28.25871,86.0725,Sunny,0.05
145,4,Norris (McLaren),28.02914,114.10164,Sunny,0.05
145,5,Norris (McLaren),27.74532,141.84696,Sunny,0.05
146,1,Hamilton (Mercedes),28.57833,28.57833,Sunny,0.05
146,2,Hamilton (Mercedes),29.27333,57.85166,Sunny,0.05
146,3,Hamilton (Mercedes),28.50672,86.35839,Sunny,0.05
146,4,Hamilton (Mercedes),28.4261,114.78449,Sunny,0.05
146,5,Hamilton (Mercedes),28.17128,142.95577,Sunny,0.05
146,1,Verstappen (Red Bull),27.91059,27.91059,Sunny,0.05
146,2,Verstappen (Red Bull),27.67964,55.59023,Sunny,0.05
146,3,Verstappen (Red Bull),27.39697,82.98719,Sunny,0.05
146,4,Verstappen (Red Bull),27.26331,110.2505,Sunny,0.05
146,5,Verstappen (Red Bull),28.30234,138.55284,Sunny,0.05
146,1,Norris (McLaren),28.44818,28.44818,Sunny,0.05
146,2,Norris (McLaren),29.46352,57.9117,Sunny,0.05
146,3,Norris (McLaren),28.89596,86.80766,Sunny,0.05
146,4,Norris (McLaren),28.33339,115.14105,Sunny,0.05
146,5,Norris (McLaren),29.46257,144.60362,Sunny,0.05
147,1,Hamilton (Mercedes),28.36577,28.36577,Sunny,0.05
147,2,Hamilton (Mercedes),27.74641,56.11218,Sunny,0.05
147,3,Hamilton (Mercedes),28.40574,84.51791,Sunny,0.05
147,4,Hamilton (Mercedes),28.31347,112.83139,Sunny,0.05
147,5,Hamilton (Mercedes),28.51445,141.34584,Sunny,0.05
147,1,Verstappen (Red Bull),28.72594,28.72594,Sunny,0.05
147,2,Verstappen (Red Bull),29.0799,57.80584,Sunny,0.05
147,3,Verstappen (Red Bull),27.80516,85.611,Sunny,0.05
147,4,Verstappen (Red Bull),28.14831,113.75932,Sunny,0.05
147,5,Verstappen (Red Bull),28.10507,141.86439,Sunny,0.05
147,1,Norris (McLaren),28.44675,28.44675,Sunny,0.05
147,2,Norris (McLaren),28.03058,56.47733,Sunny,0.05
147,3,Norris (McLaren),29.07427,85.5516,Sunny,0.05
147,4,Norris (McLaren),29.13864,114.69023,Sunny,0.05
147,5,Norris (McLaren),29.19103,143.88127,Sunny,0.05
148,1,Hamilton (Mercedes),28.01435,28.01435,Sunny,0.05
148,2,Hamilton (Mercedes),28.65223,56.66658,Sunny,0.05
148,3,Hamilton (Mercedes),28.10006,84.76664,Sunny,0.05
148,4,Hamilton (Mercedes),28.15478,112.92142,Sunny,0.05
148,5,Hamilton (Mercedes),27.88007,140.80148,Sunny,0.05
148,1,Verstappen (Red Bull),28.1102,28.1102,Sunny,0.05
148,2,Verstappen (Red Bull),27.81637,55.92657,Sunny,0.05
148,3,Verstappen (Red Bull),28.82012,84.74669,Sunny,0.05
148,4,Verstappen (Red Bull),28.16433,112.91101,Sunny,0.05
148,5,Verstappen (Red Bull),27.96598,140.877,Sunny,0.05
148,1,Norris (McLaren),27.69412,27.69412,Sunny,0.05
148,2,Norris (McLaren),29.86988,57.564,Sunny,0.05
148,3,Norris (McLaren),28.94109,86.5051,Sunny,0.05
148,4,Norris (McLaren),28.21428,114.71938,Sunny,0.05
148,5,Norris (McLaren),28.90758,143.62696,Sunny,0.05
149,1,Hamilton (Mercedes),27.95225,27.95225,Sunny,0.05
149,2,Hamilton (Mercedes),28.54995,56.5022,Sunny,0.05
149,3,Hamilton (Mercedes),28.9356,85.4378,Sunny,0.05
149,4,Hamilton (Mercedes),29.3692,114.807,Sunny,0.05
149,5,Hamilton (Mercedes),27.47909,142.28609,Sunny,0.05
149,1,Verstappen (Red Bull),29.03703,29.03703,Sunny,0.05
149,2,Verstappen (Red Bull),27.74029,56.77732,Sunny,0.05
149,3,Verstappen (Red Bull),28.27114,85.04846,Sunny,0.05
149,4,Verstappen (Red Bull),27.90377,112.95222,Sunny,0.05
149,5,Verstappen (Red Bull),29.96124,142.91346,Sunny,0.05
149,1,Norris (McLaren),28.24918,28.24918,Sunny,0.05
149,2,Norris (McLaren),29.31151,57.5607,Sunny,0.05
149,3,Norris (McLaren),28.57991,86.14061,Sunny,0.05
149,4,Norris (McLaren),28.77487,114.91547,Sunny,0.05
149,5,Norris (McLaren),30.44382,145.35929,Sunny,0.05
150,1,Hamilton (Mercedes),29.5038,29.5038,Sunny,0.05
150,2,Hamilton (Mercedes),28.48368,57.98747,Sunny,0.05
150,3,Hamilton (Mercedes),28.05135,86.03882,Sunny,0.05
150,4,Hamilton (Mercedes),27.72394,113.76276,Sunny,0.05
150,5,Hamilton (Mercedes),28.92925,142.69201,Sunny,0.05
150,1,Verstappen (Red Bull),28.5746,28.5746,Sunny,0.05
150,2,Verstappen (Red Bull),27.61033,56.18492,Sunny,0.05
150,3,Verstappen (Red Bull),27.90733,84.09226,Sunny,0.05
150,4,Verstappen (Red Bull),29.32723,113.41949,Sunny,0.05
150,5,Verstappen (Red Bull),28.2125,141.63199,Sunny,0.05
150,1,Norris (McLaren),29.38633,29.38633,Sunny,0.05
150,2,Norris (McLaren),27.56392,56.95025,Sunny,0.05
150,3,Norris (McLaren),28.24746,85.19771,Sunny,0.05
150,4,Norris (McLaren),28.10615,113.30386,Sunny,0.05
150,5,Norris (McLaren),28.88792,142.19178,Sunny,0.05
151,1,Hamilton (Mercedes),28.22364,28.22364,Sunny,0.05
151,2,Hamilton (Mercedes),28.40698,56.63061,Sunny,0.05
151,3,Hamilton (Mercedes),28.55846,85.18907,Sunny,0.05
151,4,Hamilton (Mercedes),29.17585,114.36492,Sunny,0.05
151,5,Hamilton (Mercedes),28.5974,142.96232,Sunny,0.05
151,1,Verstappen (Red Bull),28.96027,28.96027,Sunny,0.05
151,2,Verstappen (Red Bull),26.98075,55.94103,Sunny,0.05
151,3,Verstappen (Red Bull),28.22012,84.16115,Sunny,0.05
151,4,Verstappen (Red Bull),28.56604,112.72718,Sunny,0.05
151,5,Verstappen (Red Bull),27.61556,140.34275,Sunny,0.05
151,1,Norris (McLaren),28.71329,28.71329,Sunny,0.05
151,2,Norris (McLaren),28.26768,56.98097,Sunny,0.05
151,3,Norris (McLaren),28.9638,85.94476,Sunny,0.05
151,4,Norris (McLaren),28.75019,114.69495,Sunny,0.05
151,5,Norris (McLaren),28.89466,143.58962,Sunny,0.05
152,1,Hamilton (Mercedes),27.67672,27.67672,Sunny,0.05
152,2,Hamilton (Mercedes),28.61589,56.29261,Sunny,0.05
152,3,Hamilton (Mercedes),29.29741,85.59002,Sunny,0.05
152,4,Hamilton (Mercedes),28.27688,113.8669,Sunny,0.05
152,5,Hamilton (Mercedes),28.81853,142.68544,Sunny,0.05
152,1,Verstappen (Red Bull),28.24315,28.24315,Sunny,0.05
152,2,Verstappen (Red Bull),29.08292,57.32607,Sunny,0.05
152,3,Verstappen (Red Bull),28.467,85.79307,Sunny,0.05
152,4,Verstappen (Red Bull),28.34485,114.13791,Sunny,0.05
152,5,Verstappen (Red Bull),28.4751,142.61301,Sunny,0.05
152,1,Norris (McLaren),28.52019,28.52019,Sunny,0.05
152,2,Norris (McLaren),28.30668,56.82686,Sunny,0.05
152,3,Norris (McLaren),28.61035,85.43721,Sunny,0.05
152,4,Norris (McLaren),27.92316,113.36037,Sunny,0.05
152,5,Norris (McLaren),29.45163,142.812,Sunny,0.05
153,1,Hamilton (Mercedes),27.78456,27.78456,Sunny,0.05
153,2,Hamilton (Mercedes),28.78722,56.57178,Sunny,0.05
153,3,Hamilton (Mercedes),28.03738,84.60916,Sunny,0.05
153,4,Hamilton (Mercedes),28.46954,113.0787,Sunny,0.05
153,5,Hamilton (Mercedes),27.71633,140.79503,Sunny,0.05
153,1,Verstappen (Red Bull),28.12706,28.12706,Sunny,0.05
153,2,Verstappen (Red Bull),28.51459,56.64166,Sunny,0.05
153,3,Verstappen (Red Bull),28.86035,85.50201,Sunny,0.05
153,4,Verstappen (Red Bull),28.62153,114.12353,Sunny,0.05
153,5,Verstappen (Red Bull),27.02668,141.15021,Sunny,0.05
153,1,Norris (McLaren),28.51858,28.51858,Sunny,0.05
153,2,Norris (McLaren),29.44969,57.96827,Sunny,0.05
153,3,Norris (McLaren),28.24584,86.2141,Sunny,0.05
153,4,Norris (McLaren),29.67183,115.88593,Sunny,0.05
153,5,Norris (McLaren),28.90349,144.78941,Sunny,0.05
154,1,Hamilton (Mercedes),28.96589,28.96589,Sunny,0.05
154,2,Hamilton (Mercedes),28.98933,57.95523,Sunny,0.05
154,3,Hamilton (Mercedes),28.34954,86.30477,Sunny,0.05
154,4,Hamilton (Mercedes),28.05632,114.36109,Sunny,0.05
154,5,Hamilton (Mercedes),27.78261,142.14371,Sunny,0.05
154,1,Verstappen (Red Bull),27.97536,27.97536,Sunny,0.05
154,2,Verstappen (Red Bull),27.53652,55.51187,Sunny,0.05
154,3,Verstappen (Red Bull),27.85352,83.3654,Sunny,0.05
154,4,Verstappen (Red Bull),27.78026,111.14566,Sunny,0.05
154,5,Verstappen (Red Bull),28.20651,139.35217,Sunny,0.05
154,1,Norris (McLaren),29.13844,29.13844,Sunny,0.05
154,2,Norris (McLaren),28.65419,57.79263,Sunny,0.05
154,3,Norris (McLaren),28.59139,86.38402,Sunny,0.05
154,4,Norris (McLaren),28.21057,114.59459,Sunny,0.05
154,5,Norris (McLaren),28.75893,143.35352,Sunny,0.05
155,1,Hamilton (Mercedes),28.38033,28.38033,Sunny,0.05
155,2,Hamilton (Mercedes),28.00936,56.38969,Sunny,0.05
155,3,Hamilton (Mercedes),28.53407,84.92376,Sunny,0.05
155,4,Hamilton (Mercedes),28.84951,113.77328,Sunny,0.05
155,5,Hamilton (Mercedes),28.78716,142.56043,Sunny,0.05
155,1,Verstappen (Red Bull),28.5668,28.5668,Sunny,0.05
155,2,Verstappen (Red Bull),28.57623,57.14303,Sunny,0.05
155,3,Verstappen (Red Bull),28.93464,86.07766,Sunny,0.05
155,4,Verstappen (Red Bull),28.29914,114.3768,Sunny,0.05
155,5,Verstappen (Red Bull),27.76876,142.14556,Sunny,0.05
155,1,Norris (McLaren),28.58589,28.58589,Sunny,0.05
155,2,Norris (McLaren),30.01273,58.59862,Sunny,0.05
155,3,Norris (McLaren),28.55138,87.14999,Sunny,0.05
155,4,Norris (McLaren),29.07511,116.2251,Sunny,0.05
155,5,Norris (McLaren),28.53752,144.76262,Sunny,0.05
156,1,Hamilton (Mercedes),29.18528,29.18528,Sunny,0.05
156,2,Hamilton (Mercedes),27.71855,56.90383,Sunny,0.05
156,3,Hamilton (Mercedes),28.59613,85.49996,Sunny,0.05
156,4,Hamilton (Mercedes),28.06505,113.565,Sunny,0.05
156,5,Hamilton (Mercedes),28.43443,141.99944,Sunny,0.05
156,1,Verstappen (Red Bull),28.4669,28.4669,Sunny,0.05
156,2,Verstappen (Red Bull),28.29659,56.76349,Sunny,0.05
156,3,Verstappen (Red Bull),27.72972,84.4932,Sunny,0.05
156,4,Verstappen (Red Bull),28.17785,112.67105,Sunny,0.05
156,5,Verstappen (Red Bull),28.82112,141.49217,Sunny,0.05
156,1,Norris (McLaren),28.35234,28.35234,Sunny,0.05
156,2,Norris (McLaren),28.15629,56.50863,Sunny,0.05
156,3,Norris (McLaren),28.08391,84.59254,Sunny,0.05
156,4,Norris (McLaren),29.01702,113.60956,Sunny,0.05
156,5,Norris (McLaren),28.71758,142.32714,Sunny,0.05
157,1,Hamilton (Mercedes),28.00539,28.00539,Sunny,0.05
157,2,Hamilton (Mercedes),28.87168,56.87707,Sunny,0.05
157,3,Hamilton (Mercedes),28.41403,85.2911,Sunny,0.05
157,4,Hamilton (Mercedes),27.70192,112.99302,Sunny,0.05
157,5,Hamilton (Mercedes),27.9609,140.95392,Sunny,0.05
157,1,Verstappen (Red Bull),28.21276,28.21276,Sunny,0.05
157,2,Verstappen (Red Bull),28.19786,56.41062,Sunny,0.05
157,3,Verstappen (Red Bull),28.455,84.86562,Sunny,0.05
157,4,Verstappen (Red Bull),27.49543,112.36105,Sunny,0.05
157,5,Verstappen (Red Bull),27.79959,140.16064,Sunny,0.05
157,1,Norris (McLaren),28.6016,28.6016,Sunny,0.05
157,2,Norris (McLaren),29.08489,57.6865,Sunny,0.05
157,3,Norris (McLaren),29.10645,86.79295,Sunny,0.05
157,4,Norris (McLaren),30.15002,116.94296,Sunny,0.05
157,5,Norris (McLaren),29.22882,146.17179,Sunny,0.05
158,1,Hamilton (Mercedes),27.97979,27.97979,Sunny,0.05
158,2,Hamilton (Mercedes),28.36234,56.34213,Sunny,0.05
158,3,Hamilton (Mercedes),28.98143,85.32357,Sunny,0.05
158,4,Hamilton (Mercedes),28.05728,113.38085,Sunny,0.05
158,5,Hamilton (Mercedes),27.99315,141.374,Sunny,0.05
158,1,Verstappen (Red Bull),28.14646,28.14646,Sunny,0.05
158,2,Verstappen (Red Bull),28.15673,56.30319,Sunny,0.05
158,3,Verstappen (Red Bull),28.171,84.47419,Sunny,0.05
158,4,Verstappen (Red Bull),28.82952,113.30371,Sunny,0.05
158,5,Verstappen (Red Bull),28.96185,142.26556,Sunny,0.05
158,1,Norris (McLaren),27.03227,27.03227,Sunny,0.05
158,2,Norris (McLaren),28.40538,55.43765,Sunny,0.05
158,3,Norris (McLaren),28.88874,84.3264,Sunny,0.05
158,4,Norris (McLaren),28.53423,112.86062,Sunny,0.05
158,5,Norris (McLaren),28.90435,141.76498,Sunny,0.05
159,1,Hamilton (Mercedes),29.01104,29.01104,Sunny,0.05
159,2,Hamilton (Mercedes),27.81515,56.82619,Sunny,0.05
159,3,Hamilton (Mercedes),28.34237,85.16855,Sunny,0.05
159,4,Hamilton (Mercedes),28.32678,113.49533,Sunny,0.05
159,5,Hamilton (Mercedes),28.3744,141.86973,Sunny,0.05
159,1,Verstappen (Red Bull),28.34077,28.34077,Sunny,0.05
159,2,Verstappen (Red Bull),28.19391,56.53469,Sunny,0.05
159,3,Verstappen (Red Bull),28.02559,84.56028,Sunny,0.05
159,4,Verstappen (Red Bull),29.25989,113.82017,Sunny,0.05
159,5,Verstappen (Red Bull),29.20441,143.02458,Sunny,0.05
159,1,Norris (McLaren),29.21615,29.21615,Sunny,0.05
159,2,Norris (McLaren),28.62518,57.84134,Sunny,0.05
159,3,Norris (McLaren),28.90813,86.74947,Sunny,0.05
159,4,Norris (McLaren),28.67023,115.4197,Sunny,0.05
159,5,Norris (McLaren),27.77808,143.19778,Sunny,0.05
160,1,Hamilton (Mercedes),28.49452,28.49452,Sunny,0.05
160,2,Hamilton (Mercedes),28.11934,56.61386,Sunny,0.05
160,3,Hamilton (Mercedes),28.37744,84.9913,Sunny,0.05
160,4,Hamilton (Mercedes),28.14772,113.13902,Sunny,0.05
160,5,Hamilton (Mercedes),28.74183,141.88085,Sunny,0.05
160,1,Verstappen (Red Bull),28.66408,28.66408,Sunny,0.05
160,2,Verstappen (Red Bull),28.06426,56.72834,Sunny,0.05
160,3,Verstappen (Red Bull),27.95339,84.68173,Sunny,0.05
160,4,Verstappen (Red Bull),28.12828,112.81001,Sunny,0.05
160,5,Verstappen (Red Bull),28.76141,141.57142,Sunny,0.05
160,1,Norris (McLaren),29.53708,29.53708,Sunny,0.05
160,2,Norris (McLaren),28.2059,57.74298,Sunny,0.05
160,3,Norris (McLaren),28.20241,85.94539,Sunny,0.05
160,4,Norris (McLaren),28.30896,114.25435,Sunny,0.05
160,5,Norris (McLaren),29.18041,143.43476,Sunny,0.05
161,1,Hamilton (Mercedes),28.02271,28.02271,Sunny,0.05
161,2,Hamilton (Mercedes),28.61531,56.63802,Sunny,0.05
161,3,Hamilton (Mercedes),28.04326,84.68129,Sunny,0.05
161,4,Hamilton (Mercedes),28.41512,113.09641,Sunny,0.05
161,5,Hamilton (Mercedes),28.03584,141.13225,Sunny,0.05
161,1,Verstappen (Red Bull),27.86972,27.86972,Sunny,0.05
161,2,Verstappen (Red Bull),27.88017,55.74988,Sunny,0.05
161,3,Verstappen (Red Bull),29.15886,84.90875,Sunny,0.05
161,4,Verstappen (Red Bull),28.00968,112.91843,Sunny,0.05
161,5,Verstappen (Red Bull),27.86522,140.78365,Sunny,0.05
161,1,Norris (McLaren),28.96178,28.96178,Sunny,0.05
161,2,Norris (McLaren),28.80481,57.76659,Sunny,0.05
161,3,Norris (McLaren),30.67923,88.44582,Sunny,0.05
161,4,Norris (McLaren),29.46612,117.91194,Sunny,0.05
161,5,Norris (McLaren),29.05971,146.97165,Sunny,0.05
162,1,Hamilton (Mercedes),28.684,28.684,Sunny,0.05
162,2,Hamilton (Mercedes),27.97826,56.66225,Sunny,0.05
162,3,Hamilton (Mercedes),29.18676,85.84902,Sunny,0.05
162,4,Hamilton (Mercedes),28.11077,113.95979,Sunny,0.05
162,5,Hamilton (Mercedes),27.97403,141.93382,Sunny,0.05
162,1,Verstappen (Red Bull),28.32621,28.32621,Sunny,0.05
162,2,Verstappen (Red Bull),28.35334,56.67955,Sunny,0.05
162,3,Verstappen (Red Bull),27.57268,84.25223,Sunny,0.05
162,4,Verstappen (Red Bull),28.4578,112.71003,Sunny,0.05
162,5,Verstappen (Red Bull),29.20291,141.91294,Sunny,0.05
162,1,Norris (McLaren),27.57904,27.57904,Sunny,0.05
162,2,Norris (McLaren),29.64392,57.22296,Sunny,0.05
162,3,Norris (McLaren),29.28085,86.50381,Sunny,0.05
162,4,Norris (McLaren),27.2108,113.71461,Sunny,0.05
162,5,Norris (McLaren),28.96213,142.67674,Sunny,0.05
163,1,Hamilton (Mercedes),27.909,27.909,Sunny,0.05
163,2,Hamilton (Mercedes),27.59245,55.50144,Sunny,0.05
163,3,Hamilton (Mercedes),28.06561,83.56706,Sunny,0.05
163,4,Hamilton (Mercedes),28.695,112.26205,Sunny,0.05
163,5,Hamilton (Mercedes),29.14067,141.40272,Sunny,0.05
163,1,Verstappen (Red Bull),28.34017,28.34017,Sunny,0.05
163,2,Verstappen (Red Bull),28.45138,56.79155,Sunny,0.05
163,3,Verstappen (Red Bull),28.0758,84.86736,Sunny,0.05
163,4,Verstappen (Red Bull),28.60487,113.47222,Sunny,0.05
163,5,Verstappen (Red Bull),27.94016,141.41238,Sunny,0.05
163,1,Norris (McLaren),28.41208,28.41208,Sunny,0.05
163,2,Norris (McLaren),29.0951,57.50718,Sunny,0.05
163,3,Norris (McLaren),29.82424,87.33142,Sunny,0.05
163,4,Norris (McLaren),29.06827,116.3997,Sunny,0.05
163,5,Norris (McLaren),29.18733,145.58703,Sunny,0.05
164,1,Hamilton (Mercedes),29.21972,29.21972,Sunny,0.05
164,2,Hamilton (Mercedes),28.54874,57.76846,Sunny,0.05
164,3,Hamilton (Mercedes),28.51198,86.28043,Sunny,0.05
164,4,Hamilton (Mercedes),28.41834,114.69877,Sunny,0.05
164,5,Hamilton (Mercedes),27.81654,142.51531,Sunny,0.05
164,1,Verstappen (Red Bull),28.0046,28.0046,Sunny,0.05
164,2,Verstappen (Red Bull),28.27498,56.27958,Sunny,0.05
164,3,Verstappen (Red Bull),27.88457,84.16415,Sunny,0.05
164,4,Verstappen (Red Bull),28.3017,112.46585,Sunny,0.05
164,5,Verstappen (Red Bull),27.81971,140.28556,Sunny,0.05
164,1,Norris (McLaren),29.6127,29.6127,Sunny,0.05
164,2,Norris (McLaren),27.9196,57.5323,Sunny,0.05
164,3,Norris (McLaren),29.42493,86.95724,Sunny,0.05
164,4,Norris (McLaren),29.75266,116.7099,Sunny,0.05
164,5,Norris (McLaren),30.35048,147.06038,Sunny,0.05
165,1,Hamilton (Mercedes),27.97695,27.97695,Sunny,0.05
165,2,Hamilton (Mercedes),28.41588,56.39284,Sunny,0.05
165,3,Hamilton (Mercedes),28.29204,84.68488,Sunny,0.05
165,4,Hamilton (Mercedes),28.52463,113.20951,Sunny,0.05
165,5,Hamilton (Mercedes),29.17022,142.37972,Sunny,0.05
165,1,Verstappen (Red Bull),27.51459,27.51459,Sunny,0.05
165,2,Verstappen (Red Bull),28.13969,55.65428,Sunny,0.05
165,3,Verstappen (Red Bull),28.6581,84.31239,Sunny,0.05
165,4,Verstappen (Red Bull),27.69246,112.00484,Sunny,0.05
165,5,Verstappen (Red Bull),28.80868,140.81352,Sunny,0.05
165,1,Norris (McLaren),27.58807,27.58807,Sunny,0.05
165,2,Norris (McLaren),28.96897,56.55704,Sunny,0.05
165,3,Norris (McLaren),27.87586,84.4329,Sunny,0.05
165,4,Norris (McLaren),28.3703,112.8032,Sunny,0.05
165,5,Norris (McLaren),28.42225,141.22545,Sunny,0.05
166,1,Hamilton (Mercedes),28.66308,28.66308,Sunny,0.05
166,2,Hamilton (Mercedes),27.99635,56.65943,Sunny,0.05
166,3,Hamilton (Mercedes),28.82367,85.48309,Sunny,0.05
166,4,Hamilton (Mercedes),29.00445,114.48755,Sunny,0.05
166,5,Hamilton (Mercedes),28.69119,143.17873,Sunny,0.05
166,1,Verstappen (Red Bull),28.17892,28.17892,Sunny,0.05
166,2,Verstappen (Red Bull),27.61432,55.79324,Sunny,0.05
166,3,Verstappen (Red Bull),28.23548,84.02872,Sunny,0.05
166,4,Verstappen (Red Bull),28.2287,112.25742,Sunny,0.05
166,5,Verstappen (Red Bull),27.92853,140.18595,Sunny,0.05
166,1,Norris (McLaren),29.15278,29.15278,Sunny,0.05
166,2,Norris (McLaren),29.07493,58.22771,Sunny,0.05
166,3,Norris (McLaren),30.07304,88.30074,Sunny,0.05
166,4,Norris (McLaren),29.04912,117.34986,Sunny,0.05
166,5,Norris (McLaren),28.78103,146.13089,Sunny,0.05
167,1,Hamilton (Mercedes),28.22407,28.22407,Sunny,0.05
167,2,Hamilton (Mercedes),27.68112,55.90519,Sunny,0.05
167,3,Hamilton (Mercedes),27.9938,83.89899,Sunny,0.05
167,4,Hamilton (Mercedes),29.27434,113.17333,Sunny,0.05
167,5,Hamilton (Mercedes),28.47404,141.64737,Sunny,0.05
167,1,Verstappen (Red Bull),28.02294,28.02294,Sunny,0.05
167,2,Verstappen (Red Bull),28.38729,56.41023,Sunny,0.05
167,3,Verstappen (Red Bull),29.22649,85.63672,Sunny,0.05
167,4,Verstappen (Red Bull),28.55925,114.19597,Sunny,0.05
167,5,Verstappen (Red Bull),29.04671,143.24268,Sunny,0.05
167,1,Norris (McLaren),28.12993,28.12993,Sunny,0.05
167,2,Norris (McLaren),29.18403,57.31395,Sunny,0.05
167,3,Norris (McLaren),28.80013,86.11408,Sunny,0.05
167,4,Norris (McLaren),29.04152,115.1556,Sunny,0.05
167,5,Norris (McLaren),28.76497,143.92058,Sunny,0.05
168,1,Hamilton (Mercedes),29.61798,29.61798,Sunny,0.05
168,2,Hamilton (Mercedes),28.01153,57.6295,Sunny,0.05
168,3,Hamilton (Mercedes),27.53034,85.15985,Sunny,0.05
168,4,Hamilton (Mercedes),27.89225,113.0521,Sunny,0.05
168,5,Hamilton (Mercedes),29.36076,142.41285,Sunny,0.05
168,1,Verstappen (Red Bull),27.77934,27.77934,Sunny,0.05
168,2,Verstappen (Red Bull),28.41022,56.18956,Sunny,0.05
168,3,Verstappen (Red Bull),28.23751,84.42707,Sunny,0.05
168,4,Verstappen (Red Bull),28.82399,113.25106,Sunny,0.05
168,5,Verstappen (Red Bull),28.3701,141.62116,Sunny,0.05
168,1,Norris (McLaren),28.00811,28.00811,Sunny,0.05
168,2,Norris (McLaren),29.5323,57.54041,Sunny,0.05
168,3,Norris (McLaren),28.87709,86.4175,Sunny,0.05
168,4,Norris (McLaren),28.42881,114.84631,Sunny,0.05
168,5,Norris (McLaren),27.74347,142.58978,Sunny,0.05
169,1,Hamilton (Mercedes),28.37942,28.37942,Sunny,0.05
169,2,Hamilton (Mercedes),27.94308,56.3225,Sunny,0.05
169,3,Hamilton (Mercedes),29.06152,85.38402,Sunny,0.05
169,4,Hamilton (Mercedes),28.3393,113.72332,Sunny,0.05
169,5,Hamilton (Mercedes),27.67151,141.39483,Sunny,0.05
169,1,Verstappen (Red Bull),27.78891,27.78891,Sunny,0.05
169,2,Verstappen (Red Bull),27.53271,55.32162,Sunny,0.05
169,3,Verstappen (Red Bull),28.37004,83.69166,Sunny,0.05
169,4,Verstappen (Red Bull),28.29844,111.9901,Sunny,0.05
169,5,Verstappen (Red Bull),28.0969,140.087,Sunny,0.05
169,1,Norris (McLaren),27.98641,27.98641,Sunny,0.05
169,2,Norris (McLaren),28.21608,56.20248,Sunny,0.05
169,3,Norris (McLaren),29.33517,85.53765,Sunny,0.05
169,4,Norris (McLaren),28.31245,113.8501,Sunny,0.05
169,5,Norris (McLaren),28.56224,142.41234,Sunny,0.05
170,1,Hamilton (Mercedes),28.54098,28.54098,Sunny,0.05
170,2,Hamilton (Mercedes),28.71488,57.25586,Sunny,0.05
170,3,Hamilton (Mercedes),27.73292,84.98878,Sunny,0.05
170,4,Hamilton (Mercedes),27.86709,112.85587,Sunny,0.05
170,5,Hamilton (Mercedes),28.87478,141.73065,Sunny,0.05
170,1,Verstappen (Red Bull),28.45529,28.45529,Sunny,0.05
170,2,Verstappen (Red Bull),28.05559,56.51088,Sunny,0.05
170,3,Verstappen (Red Bull),27.82823,84.33911,Sunny,0.05
170,4,Verstappen (Red Bull),28.62194,112.96105,Sunny,0.05
170,5,Verstappen (Red Bull),28.50192,141.46298,Sunny,0.05
170,1,Norris (McLaren),29.25526,29.25526,Sunny,0.05
170,2,Norris (McLaren),28.59364,57.84891,Sunny,0.05
170,3,Norris (McLaren),29.15512,87.00402,Sunny,0.05
170,4,Norris (McLaren),29.10754,116.11156,Sunny,0.05
170,5,Norris (McLaren),28.69978,144.81134,Sunny,0.05
171,1,Hamilton (Mercedes),28.11307,28.11307,Sunny,0.05
171,2,Hamilton (Mercedes),28.3641,56.47716,Sunny,0.05
171,3,Hamilton (Mercedes),29.46588,85.94304,Sunny,0.05
171,4,Hamilton (Mercedes),28.16617,114.10922,Sunny,0.05
171,5,Hamilton (Mercedes),28.59093,142.70014,Sunny,0.05
171,1,Verstappen (Red Bull),27.95657,27.95657,Sunny,0.05
171,2,Verstappen (Red Bull),28.23318,56.18975,Sunny,0.05
171,3,Verstappen (Red Bull),28.32773,84.51747,Sunny,0.05
171,4,Verstappen (Red Bull),28.24952,112.767,Sunny,0.05
171,5,Verstappen (Red Bull),29.12479,141.89179,Sunny,0.05
171,1,Norris (McLaren),29.43451,29.43451,Sunny,0.05
171,2,Norris (McLaren),29.32058,58.75509,Sunny,0.05
171,3,Norris (McLaren),28.43574,87.19083,Sunny,0.05
171,4,Norris (McLaren),28.44219,115.63302,Sunny,0.05
171,5,Norris (McLaren),28.32853,143.96156,Sunny,0.05
172,1,Hamilton (Mercedes),27.83005,27.83005,Sunny,0.05
172,2,Hamilton (Mercedes),28.58592,56.41597,Sunny,0.05
172,3,Hamilton (Mercedes),29.31204,85.72801,Sunny,0.05
172,4,Hamilton (Mercedes),28.03058,113.75859,Sunny,0.05
172,5,Hamilton (Mercedes),27.22178,140.98037,Sunny,0.05
172,1,Verstappen (Red Bull),27.30698,27.30698,Sunny,0.05
172,2,Verstappen (Red Bull),27.99294,55.29991,Sunny,0.05
172,3,Verstappen (Red Bull),27.9844,83.28432,Sunny,0.05
172,4,Verstappen (Red Bull),27.44998,110.7343,Sunny,0.05
172,5,Verstappen (Red Bull),28.86115,139.59545,Sunny,0.05
172,1,Norris (McLaren),28.46352,28.46352,Sunny,0.05
172,2,Norris (McLaren),29.95281,58.41633,Sunny,0.05
172,3,Norris (McLaren),29.80828,88.22461,Sunny,0.05
172,4,Norris (McLaren),29.27854,117.50315,Sunny,0.05
172,5,Norris (McLaren),28.653,146.15616,Sunny,0.05
173,1,Hamilton (Mercedes),29.32233,29.32233,Sunny,0.05
173,2,Hamilton (Mercedes),28.32095,57.64328,Sunny,0.05
173,3,Hamilton (Mercedes),28.1949,85.83818,Sunny,0.05
173,4,Hamilton (Mercedes),28.08586,113.92404,Sunny,0.05
173,5,Hamilton (Mercedes),27.18705,141.11109,Sunny,0.05
173,1,Verstappen (Red Bull),28.09562,28.09562,Sunny,0.05
173,2,Verstappen (Red Bull),29.24699,57.34262,Sunny,0.05
173,3,Verstappen (Red Bull),27.90962,85.25223,Sunny,0.05
173,4,Verstappen (Red Bull),29.00343,114.25566,Sunny,0.05
173,5,Verstappen (Red Bull),28.50286,142.75852,Sunny,0.05
173,1,Norris (McLaren),29.76145,29.76145,Sunny,0.05
173,2,Norris (McLaren),28.75664,58.5181,Sunny,0.05
173,3,Norris (McLaren),28.93184,87.44994,Sunny,0.05
173,4,Norris (McLaren),29.73787,117.18781,Sunny,0.05
173,5,Norris (McLaren),28.19683,145.38464,Sunny,0.05
174,1,Hamilton (Mercedes),29.21846,29.21846,Sunny,0.05
174,2,Hamilton (Mercedes),27.61432,56.83278,Sunny,0.05
174,3,Hamilton (Mercedes),28.21886,85.05164,Sunny,0.05
174,4,Hamilton (Mercedes),28.57073,113.62237,Sunny,0.05
174,5,Hamilton (Mercedes),28.52208,142.14445,Sunny,0.05
174,1,Verstappen (Red Bull),28.52666,28.52666,Sunny,0.05
174,2,Verstappen (Red Bull),28.44645,56.97311,Sunny,0.05
174,3,Verstappen (Red Bull),28.68046,85.65358,Sunny,0.05
174,4,Verstappen (Red Bull),28.31478,113.96836,Sunny,0.05
174,5,Verstappen (Red Bull),28.77164,142.73999,Sunny,0.05
174,1,Norris (McLaren),28.44364,28.44364,Sunny,0.05
174,2,Norris (McLaren),29.03408,57.47771,Sunny,0.05
174,3,Norris (McLaren),30.06928,87.54699,Sunny,0.05
174,4,Norris (McLaren),28.40183,115.94882,Sunny,0.05
174,5,Norris (McLaren),27.63767,143.58649,Sunny,0.05
175,1,Hamilton (Mercedes),28.00103,28.00103,Sunny,0.05
175,2,Hamilton (Mercedes),27.54918,55.5502,Sunny,0.05
175,3,Hamilton (Mercedes),28.35674,83.90695,Sunny,0.05
175,4,Hamilton (Mercedes),28.91786,112.8248,Sunny,0.05
175,5,Hamilton (Mercedes),28.3137,141.1385,Sunny,0.05
175,1,Verstappen (Red Bull),27.75667,27.75667,Sunny,0.05
175,2,Verstappen (Red Bull),28.98876,56.74544,Sunny,0.05
175,3,Verstappen (Red Bull),28.71607,85.46151,Sunny,0.05
175,4,Verstappen (Red Bull),27.72137,113.18287,Sunny,0.05
175,5,Verstappen (Red Bull),27.71251,140.89538,Sunny,0.05
175,1,Norris (McLaren),28.44867,28.44867,Sunny,0.05
175,2,Norris (McLaren),27.96943,56.4181,Sunny,0.05
175,3,Norris (McLaren),28.96846,85.38656,Sunny,0.05
175,4,Norris (McLaren),30.46025,115.84681,Sunny,0.05
175,5,Norris (McLaren),28.37811,144.22492,Sunny,0.05
176,1,Hamilton (Mercedes),27.88972,27.88972,Sunny,0.05
176,2,Hamilton (Mercedes),28.07422,55.96394,Sunny,0.05
176,3,Hamilton (Mercedes),29.08705,85.05099,Sunny,0.05
176,4,Hamilton (Mercedes),28.19594,113.24693,Sunny,0.05
176,5,Hamilton (Mercedes),28.49418,141.74111,Sunny,0.05
176,1,Verstappen (Red Bull),27.11227,27.11227,Sunny,0.05
176,2,Verstappen (Red Bull),27.66798,54.78025,Sunny,0.05
176,3,Verstappen (Red Bull),28.37285,83.15311,Sunny,0.05
176,4,Verstappen (Red Bull),28.0212,111.17431,Sunny,0.05
176,5,Verstappen (Red Bull),28.0762,139.25051,Sunny,0.05
176,1,Norris (McLaren),28.59391,28.59391,Sunny,0.05
176,2,Norris (McLaren),28.78401,57.37792,Sunny,0.05
176,3,Norris (McLaren),28.82694,86.20485,Sunny,0.05
176,4,Norris (McLaren),28.24785,114.4527,Sunny,0.05
176,5,Norris (McLaren),28.8375,143.2902,Sunny,0.05
177,1,Hamilton (Mercedes),28.88475,28.88475,Sunny,0.05
177,2,Hamilton (Mercedes),27.44044,56.32519,Sunny,0.05
177,3,Hamilton (Mercedes),28.27098,84.59617,Sunny,0.05
177,4,Hamilton (Mercedes),28.76916,113.36533,Sunny,0.05
177,5,Hamilton (Mercedes),28.21622,141.58155,Sunny,0.05
177,1,Verstappen (Red Bull),28.90353,28.90353,Sunny,0.05
177,2,Verstappen (Red Bull),28.98644,57.88996,Sunny,0.05
177,3,Verstappen (Red Bull),27.87818,85.76815,Sunny,0.05
177,4,Verstappen (Red Bull),27.75856,113.5267,Sunny,0.05
177,5,Verstappen (Red Bull),28.19556,141.72226,Sunny,0.05
177,1,Norris (McLaren),29.12224,29.12224,Sunny,0.05
177,2,Norris (McLaren),28.74221,57.86445,Sunny,0.05
177,3,Norris (McLaren),28.02583,85.89029,Sunny,0.05
177,4,Norris (McLaren),28.40779,114.29807,Sunny,0.05
177,5,Norris (McLaren),28.29767,142.59574,Sunny,0.05
178,1,Hamilton (Mercedes),29.3291,29.3291,Sunny,0.05
178,2,Hamilton (Mercedes),28.93427,58.26337,Sunny,0.05
178,3,Hamilton (Mercedes),28.11361,86.37698,Sunny,0.05
178,4,Hamilton (Mercedes),28.31588,114.69286,Sunny,0.05
178,5,Hamilton (Mercedes),28.89421,143.58707,Sunny,0.05
178,1,Verstappen (Red Bull),27.08853,27.08853,Sunny,0.05
178,2,Verstappen (Red Bull),28.10294,55.19147,Sunny,0.05
178,3,Verstappen (Red Bull),27.9762,83.16767,Sunny,0.05
178,4,Verstappen (Red Bull),27.32195,110.48962,Sunny,0.05
178,5,Verstappen (Red Bull),28.73129,139.22091,Sunny,0.05
178,1,Norris (McLaren),29.45629,29.45629,Sunny,0.05
178,2,Norris (McLaren),28.62698,58.08327,Sunny,0.05
178,3,Norris (McLaren),29.48124,87.56451,Sunny,0.05
178,4,Norris (McLaren),29.01888,116.58338,Sunny,0.05
178,5,Norris (McLaren),29.07482,145.6582,Sunny,0.05
179,1,Hamilton (Mercedes),28.80704,28.80704,Sunny,0.05
179,2,Hamilton (Mercedes),27.80012,56.60716,Sunny,0.05
179,3,Hamilton (Mercedes),28.26958,84.87674,Sunny,0.05
179,4,Hamilton (Mercedes),27.75504,112.63178,Sunny,0.05
179,5,Hamilton (Mercedes),28.7099,141.34167,Sunny,0.05
179,1,Verstappen (Red Bull),28.16752,28.16752,Sunny,0.05
179,2,Verstappen (Red Bull),28.08691,56.25443,Sunny,0.05
179,3,Verstappen (Red Bull),28.01162,84.26605,Sunny,0.05
179,4,Verstappen (Red Bull),28.33127,112.59732,Sunny,0.05
179,5,Verstappen (Red Bull),28.56598,141.16331,Sunny,0.05
179,1,Norris (McLaren),28.36608,28.36608,Sunny,0.05
179,2,Norris (McLaren),27.12001,55.4861,Sunny,0.05
179,3,Norris (McLaren),29.97481,85.46091,Sunny,0.05
179,4,Norris (McLaren),27.94463,113.40554,Sunny,0.05
179,5,Norris (McLaren),29.22956,142.6351,Sunny,0.05
180,1,Hamilton (Mercedes),29.01701,29.01701,Sunny,0.05
180,2,Hamilton (Mercedes),27.62298,56.63999,Sunny,0.05
180,3,Hamilton (Mercedes),29.01144,85.65143,Sunny,0.05
180,4,Hamilton (Mercedes),28.37677,114.0282,Sunny,0.05
180,5,Hamilton (Mercedes),27.73395,141.76216,Sunny,0.05
180,1,Verstappen (Red Bull),28.11433,28.11433,Sunny,0.05
180,2,Verstappen (Red Bull),28.50207,56.61639,Sunny,0.05
180,3,Verstappen (Red Bull),28.38086,84.99725,Sunny,0.05
180,4,Verstappen (Red Bull),28.54802,113.54527,Sunny,0.05
180,5,Verstappen (Red Bull),27.56837,141.11364,Sunny,0.05
180,1,Norris (McLaren),29.53703,29.53703,Sunny,0.05
180,2,Norris (McLaren),29.14005,58.67708,Sunny,0.05
180,3,Norris (McLaren),28.05028,86.72736,Sunny,0.05
180,4,Norris (McLaren),28.03752,114.76487,Sunny,0.05
180,5,Norris (McLaren),28.14708,142.91195,Sunny,0.05
181,1,Hamilton (Mercedes),28.71542,28.71542,Sunny,0.05
181,2,Hamilton (Mercedes),27.70828,56.4237,Sunny,0.05
181,3,Hamilton (Mercedes),27.77698,84.20068,Sunny,0.05
181,4,Hamilton (Mercedes),28.09938,112.30006,Sunny,0.05
181,5,Hamilton (Mercedes),28.25577,140.55584,Sunny,0.05
181,1,Verstappen (Red Bull),28.24014,28.24014,Sunny,0.05
181,2,Verstappen (Red Bull),27.66985,55.90998,Sunny,0.05
181,3,Verstappen (Red Bull),27.50511,83.41509,Sunny,0.05
181,4,Verstappen (Red Bull),28.16008,111.57517,Sunny,0.05
181,5,Verstappen (Red Bull),28.44911,140.02429,Sunny,0.05
181,1,Norris (McLaren),28.46373,28.46373,Sunny,0.05
181,2,Norris (McLaren),27.54232,56.00604,Sunny,0.05
181,3,Norris (McLaren),29.28452,85.29056,Sunny,0.05
181,4,Norris (McLaren),28.45669,113.74725,Sunny,0.05
181,5,Norris (McLaren),28.28845,142.0357,Sunny,0.05
182,1,Hamilton (Mercedes),28.286,28.286,Sunny,0.05
182,2,Hamilton (Mercedes),28.68662,56.97262,Sunny,0.05
182,3,Hamilton (Mercedes),28.74139,85.71401,Sunny,0.05
182,4,Hamilton (Mercedes),29.09639,114.8104,Sunny,0.05
182,5,Hamilton (Mercedes),28.63143,143.44183,Sunny,0.05
182,1,Verstappen (Red Bull),27.71559,27.71559,Sunny,0.05
182,2,Verstappen (Red Bull),28.35017,56.06577,Sunny,0.05
182,3,Verstappen (Red Bull),27.89945,83.96521,Sunny,0.05
182,4,Verstappen (Red Bull),27.99766,111.96287,Sunny,0.05
182,5,Verstappen (Red Bull),28.5058,140.46868,Sunny,0.05
182,1,Norris (McLaren),28.47263,28.47263,Sunny,0.05
182,2,Norris (McLaren),28.88798,57.36061,Sunny,0.05
182,3,Norris (McLaren),27.76025,85.12085,Sunny,0.05
182,4,Norris (McLaren),28.63626,113.75711,Sunny,0.05
182,5,Norris (McLaren),29.34386,143.10097,Sunny,0.05
183,1,Hamilton (Mercedes),29.48473,29.48473,Sunny,0.05
183,2,Hamilton (Mercedes),28.7119,58.19663,Sunny,0.05
183,3,Hamilton (Mercedes),28.01851,86.21514,Sunny,0.05
183,4,Hamilton (Mercedes),27.86389,114.07902,Sunny,0.05
183,5,Hamilton (Mercedes),27.44822,141.52724,Sunny,0.05
183,1,Verstappen (Red Bull),28.33653,28.33653,Sunny,0.05
183,2,Verstappen (Red Bull),27.69793,56.03446,Sunny,0.05
183,3,Verstappen (Red Bull),27.87344,83.9079,Sunny,0.05
183,4,Verstappen (Red Bull),28.94773,112.85563,Sunny,0.05
183,5,Verstappen (Red Bull),27.81132,140.66695,Sunny,0.05
183,1,Norris (McLaren),29.02982,29.02982,Sunny,0.05
183,2,Norris (McLaren),27.294,56.32382,Sunny,0.05
183,3,Norris (McLaren),28.72119,85.04501,Sunny,0.05
183,4,Norris (McLaren),29.85664,114.90165,Sunny,0.05
183,5,Norris (McLaren),28.65722,143.55886,Sunny,0.05
184,1,Hamilton (Mercedes),28.96335,28.96335,Sunny,0.05
184,2,Hamilton (Mercedes),27.62646,56.58981,Sunny,0.05
184,3,Hamilton (Mercedes),28.46249,85.0523,Sunny,0.05
184,4,Hamilton (Mercedes),29.13999,114.19229,Sunny,0.05
184,5,Hamilton (Mercedes),29.45313,143.64542,Sunny,0.05
184,1,Verstappen (Red Bull),27.00051,27.00051,Sunny,0.05
184,2,Verstappen (Red Bull),29.22116,56.22167,Sunny,0.05
184,3,Verstappen (Red Bull),28.42254,84.64422,Sunny,0.05
184,4,Verstappen (Red Bull),28.32011,112.96433,Sunny,0.05
184,5,Verstappen (Red Bull),28.5683,141.53263,Sunny,0.05
184,1,Norris (McLaren),29.14241,29.14241,Sunny,0.05
184,2,Norris (McLaren),29.16451,58.30692,Sunny,0.05
184,3,Norris (McLaren),28.75101,87.05793,Sunny,0.05
184,4,Norris (McLaren),27.9709,115.02883,Sunny,0.05
184,5,Norris (McLaren),28.45484,143.48368,Sunny,0.05
185,1,Hamilton (Mercedes),28.8909,28.8909,Sunny,0.05
185,2,Hamilton (Mercedes),27.50585,56.39674,Sunny,0.05
185,3,Hamilton (Mercedes),27.9204,84.31715,Sunny,0.05
185,4,Hamilton (Mercedes),27.48138,111.79853,Sunny,0.05
185,5,Hamilton (Mercedes),28.54017,140.33869,Sunny,0.05
185,1,Verstappen (Red Bull),28.06945,28.06945,Sunny,0.05
185,2,Verstappen (Red Bull),28.17094,56.2404,Sunny,0.05
185,3,Verstappen (Red Bull),28.11796,84.35836,Sunny,0.05
185,4,Verstappen (Red Bull),27.96176,112.32012,Sunny,0.05
185,5,Verstappen (Red Bull),27.7605,140.08062,Sunny,0.05
185,1,Norris (McLaren),28.18191,28.18191,Sunny,0.05
185,2,Norris (McLaren),27.98976,56.17166,Sunny,0.05
185,3,Norris (McLaren),29.01996,85.19162,Sunny,0.05
185,4,Norris (McLaren),29.49499,114.68661,Sunny,0.05
185,5,Norris (McLaren),29.51913,144.20575,Sunny,0.05
186,1,Hamilton (Mercedes),28.82851,28.82851,Sunny,0.05
186,2,Hamilton (Mercedes),28.42534,57.25385,Sunny,0.05
186,3,Hamilton (Mercedes),28.80477,86.05862,Sunny,0.05
186,4,Hamilton (Mercedes),28.20356,114.26219,Sunny,0.05
186,5,Hamilton (Mercedes),28.93684,143.19903,Sunny,0.05
186,1,Verstappen (Red Bull),28.54226,28.54226,Sunny,0.05
186,2,Verstappen (Red Bull),28.97537,57.51763,Sunny,0.05
186,3,Verstappen (Red Bull),28.33769,85.85532,Sunny,0.05
186,4,Verstappen (Red Bull),29.30312,115.15844,Sunny,0.05
186,5,Verstappen (Red Bull),28.62906,143.7875,Sunny,0.05
186,1,Norris (McLaren),28.99687,28.99687,Sunny,0.05
186,2,Norris (McLaren),28.91715,57.91402,Sunny,0.05
186,3,Norris (McLaren),28.89446,86.80847,Sunny,0.05
186,4,Norris (McLaren),30.20316,117.01163,Sunny,0.05
186,5,Norris (McLaren),27.5433,144.55494,Sunny,0.05
187,1,Hamilton (Mercedes),28.57242,28.57242,Sunny,0.05
187,2,Hamilton (Mercedes),28.42118,56.99359,Sunny,0.05
187,3,Hamilton (Mercedes),27.6412,84.6348,Sunny,0.05
187,4,Hamilton (Mercedes),28.44084,113.07564,Sunny,0.05
187,5,Hamilton (Mercedes),28.00515,141.08078,Sunny,0.05
187,1,Verstappen (Red Bull),27.65196,27.65196,Sunny,0.05
187,2,Verstappen (Red Bull),28.32986,55.98182,Sunny,0.05
187,3,Verstappen (Red Bull),28.31415,84.29597,Sunny,0.05
187,4,Verstappen (Red Bull),28.80717,113.10314,Sunny,0.05
187,5,Verstappen (Red Bull),28.16129,141.26443,Sunny,0.05
187,1,Norris (McLaren),29.55576,29.55576,Sunny,0.05
187,2,Norris (McLaren),28.95368,58.50944,Sunny,0.05
187,3,Norris (McLaren),29.00677,87.51622,Sunny,0.05
187,4,Norris (McLaren),28.53829,116.05451,Sunny,0.05
187,5,Norris (McLaren),29.10452,145.15903,Sunny,0.05
188,1,Hamilton (Mercedes),28.89802,28.89802,Sunny,0.05
188,2,Hamilton (Mercedes),28.41696,57.31498,Sunny,0.05
188,3,Hamilton (Mercedes),28.40678,85.72175,Sunny,0.05
188,4,Hamilton (Mercedes),29.31777,115.03953,Sunny,0.05
188,5,Hamilton (Mercedes),29.14128,144.18081,Sunny,0.05
188,1,Verstappen (Red Bull),28.087,28.087,Sunny,0.05
188,2,Verstappen (Red Bull),28.12734,56.21433,Sunny,0.05
188,3,Verstappen (Red Bull),29.39441,85.60874,Sunny,0.05
188,4,Verstappen (Red Bull),28.41358,114.02232,Sunny,0.05
188,5,Verstappen (Red Bull),29.80952,143.83184,Sunny,0.05
188,1,Norris (McLaren),28.98937,28.98937,Sunny,0.05
188,2,Norris (McLaren),29.2904,58.27977,Sunny,0.05
188,3,Norris (McLaren),30.11274,88.3925,Sunny,0.05
188,4,Norris (McLaren),29.00993,117.40243,Sunny,0.05
188,5,Norris (McLaren),29.49787,146.9003,Sunny,0.05
189,1,Hamilton (Mercedes),27.82507,27.82507,Sunny,0.05
189,2,Hamilton (Mercedes),28.29485,56.11991,Sunny,0.05
189,3,Hamilton (Mercedes),28.02928,84.1492,Sunny,0.05
189,4,Hamilton (Mercedes),27.1967,111.3459,Sunny,0.05
189,5,Hamilton (Mercedes),27.64744,138.99333,Sunny,0.05
189,1,Verstappen (Red Bull),27.76315,27.76315,Sunny,0.05
189,2,Verstappen (Red Bull),27.61863,55.38178,Sunny,0.05
189,3,Verstappen (Red Bull),27.95797,83.33975,Sunny,0.05
189,4,Verstappen (Red Bull),27.43122,110.77096,Sunny,0.05
189,5,Verstappen (Red Bull),27.93503,138.70599,Sunny,0.05
189,1,Norris (McLaren),27.85665,27.85665,Sunny,0.05
189,2,Norris (McLaren),28.44116,56.29781,Sunny,0.05
189,3,Norris (McLaren),28.14239,84.4402,Sunny,0.05
189,4,Norris (McLaren),28.09664,112.53684,Sunny,0.05
189,5,Norris (McLaren),28.35805,140.89489,Sunny,0.05
190,1,Hamilton (Mercedes),28.98628,28.98628,Sunny,0.05
190,2,Hamilton (Mercedes),27.8197,56.80598,Sunny,0.05
190,3,Hamilton (Mercedes),27.72837,84.53435,Sunny,0.05
190,4,Hamilton (Mercedes),29.22608,113.76043,Sunny,0.05
190,5,Hamilton (Mercedes),29.09363,142.85406,Sunny,0.05
190,1,Verstappen (Red Bull),28.73818,28.73818,Sunny,0.05
190,2,Verstappen (Red Bull),27.79833,56.53651,Sunny,0.05
190,3,Verstappen (Red Bull),28.73973,85.27624,Sunny,0.05
190,4,Verstappen (Red Bull),28.59672,113.87296,Sunny,0.05
190,5,Verstappen (Red Bull),27.11749,140.99045,Sunny,0.05
190,1,Norris (McLaren),29.26167,29.26167,Sunny,0.05
190,2,Norris (McLaren),27.93932,57.20099,Sunny,0.05
190,3,Norris (McLaren),27.80631,85.0073,Sunny,0.05
190,4,Norris (McLaren),28.57278,113.58008,Sunny,0.05
190,5,Norris (McLaren),28.93887,142.51895,Sunny,0.05
191,1,Hamilton (Mercedes),27.88505,27.88505,Sunny,0.05
191,2,Hamilton (Mercedes),27.83055,55.7156,Sunny,0.05
191,3,Hamilton (Mercedes),28.6644,84.38,Sunny,0.05
191,4,Hamilton (Mercedes),27.19403,111.57403,Sunny,0.05
191,5,Hamilton (Mercedes),28.50874,140.08277,Sunny,0.05
191,1,Verstappen (Red Bull),27.30521,27.30521,Sunny,0.05
191,2,Verstappen (Red Bull),28.74484,56.05005,Sunny,0.05
191,3,Verstappen (Red Bull),28.69376,84.74381,Sunny,0.05
191,4,Verstappen (Red Bull),28.2377,112.98151,Sunny,0.05
191,5,Verstappen (Red Bull),28.88757,141.86908,Sunny,0.05
191,1,Norris (McLaren),29.86005,29.86005,Sunny,0.05
191,2,Norris (McLaren),28.8381,58.69816,Sunny,0.05
191,3,Norris (McLaren),28.88918,87.58734,Sunny,0.05
191,4,Norris (McLaren),28.16707,115.75441,Sunny,0.05
191,5,Norris (McLaren),29.39906,145.15347,Sunny,0.05
192,1,Hamilton (Mercedes),28.35835,28.35835,Sunny,0.05
192,2,Hamilton (Mercedes),28.80375,57.16209,Sunny,0.05
192,3,Hamilton (Mercedes),27.13446,84.29655,Sunny,0.05
192,4,Hamilton (Mercedes),28.11807,112.41463,Sunny,0.05
192,5,Hamilton (Mercedes),27.8108,140.22542,Sunny,0.05
192,1,Verstappen (Red Bull),28.55363,28.55363,Sunny,0.05
192,2,Verstappen (Red Bull),28.90902,57.46265,Sunny,0.05
192,3,Verstappen (Red Bull),27.59907,85.06172,Sunny,0.05
192,4,Verstappen (Red Bull),28.73389,113.79561,Sunny,0.05
192,5,Verstappen (Red Bull),27.56974,141.36536,Sunny,0.05
192,1,Norris (McLaren),29.981,29.981,Sunny,0.05
192,2,Norris (McLaren),28.17655,58.15755,Sunny,0.05
192,3,Norris (McLaren),28.18134,86.3389,Sunny,0.05
192,4,Norris (McLaren),27.44072,113.77962,Sunny,0.05
192,5,Norris (McLaren),28.32682,142.10644,Sunny,0.05
193,1,Hamilton (Mercedes),28.12122,28.12122,Sunny,0.05
193,2,Hamilton (Mercedes),28.54543,56.66665,Sunny,0.05
193,3,Hamilton (Mercedes),28.84699,85.51364,Sunny,0.05
193,4,Hamilton (Mercedes),28.26753,113.78117,Sunny,0.05
193,5,Hamilton (Mercedes),27.16255,140.94373,Sunny,0.05
193,1,Verstappen (Red Bull),28.34802,28.34802,Sunny,0.05
193,2,Verstappen (Red Bull),28.55276,56.90078,Sunny,0.05
193,3,Verstappen (Red Bull),28.0205,84.92128,Sunny,0.05
193,4,Verstappen (Red Bull),27.99951,112.9208,Sunny,0.05
193,5,Verstappen (Red Bull),27.97266,140.89346,Sunny,0.05
193,1,Norris (McLaren),28.90627,28.90627,Sunny,0.05
193,2,Norris (McLaren),27.72674,56.63301,Sunny,0.05
193,3,Norris (McLaren),28.08032,84.71334,Sunny,0.05
193,4,Norris (McLaren),29.0767,113.79003,Sunny,0.05
193,5,Norris (McLaren),28.68017,142.47021,Sunny,0.05
194,1,Hamilton (Mercedes),28.96633,28.96633,Sunny,0.05
194,2,Hamilton (Mercedes),29.27482,58.24116,Sunny,0.05
194,3,Hamilton (Mercedes),28.19733,86.43849,Sunny,0.05
194,4,Hamilton (Mercedes),28.08205,114.52054,Sunny,0.05
194,5,Hamilton (Mercedes),28.7456,143.26614,Sunny,0.05
194,1,Verstappen (Red Bull),28.33305,28.33305,Sunny,0.05
194,2,Verstappen (Red Bull),28.84649,57.17954,Sunny,0.05
194,3,Verstappen (Red Bull),29.00248,86.18203,Sunny,0.05
194,4,Verstappen (Red Bull),28.88812,115.07015,Sunny,0.05
194,5,Verstappen (Red Bull),27.94463,143.01478,Sunny,0.05
194,1,Norris (McLaren),29.05542,29.05542,Sunny,0.05
194,2,Norris (McLaren),28.78384,57.83926,Sunny,0.05
194,3,Norris (McLaren),28.69356,86.53282,Sunny,0.05
194,4,Norris (McLaren),28.1625,114.69532,Sunny,0.05
194,5,Norris (McLaren),28.21731,142.91263,Sunny,0.05
195,1,Hamilton (Mercedes),27.95797,27.95797,Sunny,0.05
195,2,Hamilton (Mercedes),28.67794,56.63591,Sunny,0.05
195,3,Hamilton (Mercedes),28.81181,85.44772,Sunny,0.05
195,4,Hamilton (Mercedes),28.53279,113.9805,Sunny,0.05
195,5,Hamilton (Mercedes),28.69335,142.67385,Sunny,0.05
195,1,Verstappen (Red Bull),28.31382,28.31382,Sunny,0.05
195,2,Verstappen (Red Bull),28.43276,56.74658,Sunny,0.05
195,3,Verstappen (Red Bull),29.0508,85.79738,Sunny,0.05
195,4,Verstappen (Red Bull),28.08413,113.88151,Sunny,0.05
195,5,Verstappen (Red Bull),27.44901,141.33052,Sunny,0.05
195,1,Norris (McLaren),29.26766,29.26766,Sunny,0.05
195,2,Norris (McLaren),27.82129,57.08894,Sunny,0.05
195,3,Norris (McLaren),28.05693,85.14588,Sunny,0.05
195,4,Norris (McLaren),28.6824,113.82827,Sunny,0.05
195,5,Norris (McLaren),28.20917,142.03745,Sunny,0.05
196,1,Hamilton (Mercedes),28.71928,28.71928,Sunny,0.05
196,2,Hamilton (Mercedes),28.38933,57.10861,Sunny,0.05
196,3,Hamilton (Mercedes),28.67627,85.78488,Sunny,0.05
196,4,Hamilton (Mercedes),27.62398,113.40886,Sunny,0.05
196,5,Hamilton (Mercedes),28.45222,141.86108,Sunny,0.05
196,1,Verstappen (Red Bull),28.02932,28.02932,Sunny,0.05
196,2,Verstappen (Red Bull),27.46537,55.49469,Sunny,0.05
196,3,Verstappen (Red Bull),28.1734,83.66809,Sunny,0.05
196,4,Verstappen (Red Bull),28.97033,112.63842,Sunny,0.05
196,5,Verstappen (Red Bull),27.88078,140.5192,Sunny,0.05
196,1,Norris (McLaren),28.50008,28.50008,Sunny,0.05
196,2,Norris (McLaren),28.36265,56.86273,Sunny,0.05
196,3,Norris (McLaren),29.54892,86.41166,Sunny,0.05
196,4,Norris (McLaren),29.57264,115.9843,Sunny,0.05
196,5,Norris (McLaren),27.5613,143.5456,Sunny,0.05
197,1,Hamilton (Mercedes),28.4168,28.4168,Sunny,0.05
197,2,Hamilton (Mercedes),28.57458,56.99138,Sunny,0.05
197,3,Hamilton (Mercedes),28.05019,85.04157,Sunny,0.05
197,4,Hamilton (Mercedes),28.31171,113.35328,Sunny,0.05
197,5,Hamilton (Mercedes),28.25583,141.60911,Sunny,0.05
197,1,Verstappen (Red Bull),28.80612,28.80612,Sunny,0.05
197,2,Verstappen (Red Bull),28.24562,57.05174,Sunny,0.05
197,3,Verstappen (Red Bull),28.94826,86.0,Sunny,0.05
197,4,Verstappen (Red Bull),28.01024,114.01024,Sunny,0.05
197,5,Verstappen (Red Bull),28.24795,142.25819,Sunny,0.05
197,1,Norris (McLaren),29.1438,29.1438,Sunny,0.05
197,2,Norris (McLaren),28.17878,57.32258,Sunny,0.05
197,3,Norris (McLaren),29.00801,86.33058,Sunny,0.05
197,4,Norris (McLaren),29.50442,115.835,Sunny,0.05
197,5,Norris (McLaren),29.67536,145.51036,Sunny,0.05
198,1,Hamilton (Mercedes),27.60199,27.60199,Sunny,0.05
198,2,Hamilton (Mercedes),28.62472,56.22671,Sunny,0.05
198,3,Hamilton (Mercedes),28.66713,84.89385,Sunny,0.05
198,4,Hamilton (Mercedes),27.21474,112.10859,Sunny,0.05
198,5,Hamilton (Mercedes),28.59261,140.7012,Sunny,0.05
198,1,Verstappen (Red Bull),28.82083,28.82083,Sunny,0.05
198,2,Verstappen (Red Bull),28.79146,57.61229,Sunny,0.05
198,3,Verstappen (Red Bull),28.57329,86.18558,Sunny,0.05
198,4,Verstappen (Red Bull),27.46758,113.65315,Sunny,0.05
198,5,Verstappen (Red Bull),27.7419,141.39505,Sunny,0.05
198,1,Norris (McLaren),28.27291,28.27291,Sunny,0.05
198,2,Norris (McLaren),28.42752,56.70044,Sunny,0.05
198,3,Norris (McLaren),28.35711,85.05754,Sunny,0.05
198,4,Norris (McLaren),29.436,114.49355,Sunny,0.05
198,5,Norris (McLaren),28.30115,142.79469,Sunny,0.05
199,1,Hamilton (Mercedes),28.4667,28.4667,Sunny,0.05
199,2,Hamilton (Mercedes),28.2938,56.7605,Sunny,0.05
199,3,Hamilton (Mercedes),28.2506,85.0111,Sunny,0.05
199,4,Hamilton (Mercedes),27.56606,112.57715,Sunny,0.05
199,5,Hamilton (Mercedes),28.31555,140.8927,Sunny,0.05
199,1,Verstappen (Red Bull),27.24444,27.24444,Sunny,0.05
199,2,Verstappen (Red Bull),29.46314,56.70758,Sunny,0.05
199,3,Verstappen (Red Bull),28.19892,84.9065,Sunny,0.05
199,4,Verstappen (Red Bull),27.91482,112.82131,Sunny,0.05
199,5,Verstappen (Red Bull),28.55255,141.37387,Sunny,0.05
199,1,Norris (McLaren),28.72416,28.72416,Sunny,0.05
199,2,Norris (McLaren),27.59984,56.324,Sunny,0.05
199,3,Norris (McLaren),28.57079,84.8948,Sunny,0.05
199,4,Norris (McLaren),29.78367,114.67846,Sunny,0.05
199,5,Norris (McLaren),30.09946,144.77792,Sunny,0.05
200,1,Hamilton (Mercedes),27.94276,27.94276,Sunny,0.05
200,2,Hamilton (Mercedes),29.46004,57.4028,Sunny,0.05
200,3,Hamilton (Mercedes),29.07009,86.47288,Sunny,0.05
200,4,Hamilton (Mercedes),28.29637,114.76925,Sunny,0.05
200,5,Hamilton (Mercedes),27.63276,142.40202,Sunny,0.05
200,1,Verstappen (Red Bull),27.88101,27.88101,Sunny,0.05
200,2,Verstappen (Red Bull),27.47345,55.35446,Sunny,0.05
200,3,Verstappen (Red Bull),28.88859,84.24306,Sunny,0.05
200,4,Verstappen (Red Bull),28.45592,112.69897,Sunny,0.05
200,5,Verstappen (Red Bull),28.24447,140.94345,Sunny,0.05
200,1,Norris (McLaren),29.20581,29.20581,Sunny,0.05
200,2,Norris (McLaren),29.23075,58.43656,Sunny,0.05
200,3,Norris (McLaren),27.77192,86.20848,Sunny,0.05
200,4,Norris (McLaren),29.75967,115.96815,Sunny,0.05
200,5,Norris (McLaren),27.90702,143.87518,Sunny,0.05
