trial,lap,entrant,lap_time,cumulative_time,weather,wetness
1,1,Hamilton (Mercedes),43.32178,43.32178,Sunny,0.05
1,2,Hamilton (Mercedes),43.5939,86.91568,Sunny,0.05
1,3,Hamilton (Mercedes),42.16981,129.08549,Sunny,0.05
1,4,Hamilton (Mercedes),42.15364,171.23913,Sunny,0.05
1,5,Hamilton (Mercedes),43.46197,214.7011,Sunny,0.05
1,1,Verstappen (Red Bull),44.12954,44.12954,Sunny,0.05
1,2,Verstappen (Red Bull),41.65879,85.78834,Sunny,0.05
1,3,Verstappen (Red Bull),42.37463,128.16297,Sunny,0.05
1,4,Verstappen (Red Bull),42.91849,171.08146,Sunny,0.05
1,5,Verstappen (Red Bull),42.48333,213.56479,Sunny,0.05
1,1,Norris (McLaren),43.09128,43.09128,Sunny,0.05
1,2,Norris (McLaren),43.01813,86.10941,Sunny,0.05
1,3,Norris (McLaren),43.98387,130.09328,Sunny,0.05
1,4,Norris (McLaren),43.32444,173.41771,Sunny,0.05
1,5,Norris (McLaren),43.42981,216.84753,Sunny,0.05
2,1,Hamilton (Mercedes),42.45087,42.45087,Sunny,0.05
2,2,Hamilton (Mercedes),43.49806,85.94893,Sunny,0.05
2,3,Hamilton (Mercedes),44.0973,130.04624,Sunny,0.05
2,4,Hamilton (Mercedes),43.47345,173.51969,Sunny,0.05
2,5,Hamilton (Mercedes),42.93237,216.45206,Sunny,0.05
2,1,Verstappen (Red Bull),42.03213,42.03213,Sunny,0.05
2,2,Verstappen (Red Bull),43.03552,85.06765,Sunny,0.05
2,3,Verstappen (Red Bull),43.01866,128.08631,Sunny,0.05
2,4,Verstappen (Red Bull),42.61586,170.70217,Sunny,0.05
2,5,Verstappen (Red Bull),41.40434,212.10651,Sunny,0.05
2,1,Norris (McLaren),42.70388,42.70388,Sunny,0.05
2,2,Norris (McLaren),42.4612,85.16508,Sunny,0.05
2,3,Norris (McLaren),42.61407,127.77914,Sunny,0.05
2,4,Norris (McLaren),43.42683,171.20597,Sunny,0.05
2,5,Norris (McLaren),42.49909,213.70506,Sunny,0.05
3,1,Hamilton (Mercedes),42.95829,42.95829,Sunny,0.05
3,2,Hamilton (Mercedes),43.82908,86.78737,Sunny,0.05
3,3,Hamilton (Mercedes),42.65207,129.43944,Sunny,0.05
3,4,Hamilton (Mercedes),43.04913,172.48857,Sunny,0.05
3,5,Hamilton (Mercedes),43.4454,215.93397,Sunny,0.05
3,1,Verstappen (Red Bull),42.36373,42.36373,Sunny,0.05
3,2,Verstappen (Red Bull),41.84668,84.21042,Sunny,0.05
3,3,Verstappen (Red Bull),42.87928,127.0897,Sunny,0.05
3,4,Verstappen (Red Bull),43.23836,170.32806,Sunny,0.05
3,5,Verstappen (Red Bull),41.70662,212.03468,Sunny,0.05
3,1,Norris (McLaren),42.9984,42.9984,Sunny,0.05
3,2,Norris (McLaren),42.87644,85.87484,Sunny,0.05
3,3,Norris (McLaren),44.15816,130.03301,Sunny,0.05
3,4,Norris (McLaren),42.0773,172.11031,Sunny,0.05
3,5,Norris (McLaren),43.04449,215.1548,Sunny,0.05
4,1,Hamilton (Mercedes),42.24366,42.24366,Sunny,0.05
4,2,Hamilton (Mercedes),42.5131,84.75676,Sunny,0.05
4,3,Hamilton (Mercedes),43.08241,127.83917,Sunny,0.05
4,4,Hamilton (Mercedes),42.87324,170.71242,Sunny,0.05
4,5,Hamilton (Mercedes),42.98558,213.69799,Sunny,0.05
4,1,Verstappen (Red Bull),42.28699,42.28699,Sunny,0.05
4,2,Verstappen (Red Bull),41.79528,84.08227,Sunny,0.05
4,3,Verstappen (Red Bull),43.25734,127.33961,Sunny,0.05
4,4,Verstappen (Red Bull),43.58215,170.92176,Sunny,0.05
4,5,Verstappen (Red Bull),42.70561,213.62737,Sunny,0.05
4,1,Norris (McLaren),42.96693,42.96693,Sunny,0.05
4,2,Norris (McLaren),44.17117,87.1381,Sunny,0.05
4,3,Norris (McLaren),43.58754,130.72565,Sunny,0.05
4,4,Norris (McLaren),43.4133,174.13894,Sunny,0.05
4,5,Norris (McLaren),43.87638,218.01532,Sunny,0.05
5,1,Hamilton (Mercedes),42.57309,42.57309,Sunny,0.05
5,2,Hamilton (Mercedes),42.59951,85.1726,Sunny,0.05
5,3,Hamilton (Mercedes),43.1302,128.30281,Sunny,0.05
5,4,Hamilton (Mercedes),42.44139,170.74419,Sunny,0.05
5,5,Hamilton (Mercedes),43.09294,213.83713,Sunny,0.05
5,1,Verstappen (Red Bull),42.8586,42.8586,Sunny,0.05
5,2,Verstappen (Red Bull),43.05655,85.91514,Sunny,0.05
5,3,Verstappen (Red Bull),43.02113,128.93627,Sunny,0.05
5,4,Verstappen (Red Bull),41.9069,170.84317,Sunny,0.05
5,5,Verstappen (Red Bull),42.64207,213.48524,Sunny,0.05
5,1,Norris (McLaren),43.47225,43.47225,Sunny,0.05
5,2,Norris (McLaren),43.95571,87.42796,Sunny,0.05
5,3,Norris (McLaren),43.9357,131.36366,Sunny,0.05
5,4,Norris (McLaren),43.03185,174.39551,Sunny,0.05
5,5,Norris (McLaren),43.08332,217.47883,Sunny,0.05
6,1,Hamilton (Mercedes),42.41174,42.41174,Sunny,0.05
6,2,Hamilton (Mercedes),42.80811,85.21986,Sunny,0.05
6,3,Hamilton (Mercedes),42.62143,127.84128,Sunny,0.05
6,4,Hamilton (Mercedes),42.33658,170.17786,Sunny,0.05
6,5,Hamilton (Mercedes),42.90303,213.08089,Sunny,0.05
6,1,Verstappen (Red Bull),43.3094,43.3094,Sunny,0.05
6,2,Verstappen (Red Bull),43.62601,86.93541,Sunny,0.05
6,3,Verstappen (Red Bull),42.9027,129.83812,Sunny,0.05
6,4,Verstappen (Red Bull),42.65867,172.49679,Sunny,0.05
6,5,Verstappen (Red Bull),42.91688,215.41366,Sunny,0.05
6,1,Norris (McLaren),43.78875,43.78875,Sunny,0.05
6,2,Norris (McLaren),43.61074,87.39949,Sunny,0.05
6,3,Norris (McLaren),43.50936,130.90885,Sunny,0.05
6,4,Norris (McLaren),43.07993,173.98878,Sunny,0.05
6,5,Norris (McLaren),43.02901,217.01779,Sunny,0.05
7,1,Hamilton (Mercedes),44.31703,44.31703,Sunny,0.05
7,2,Hamilton (Mercedes),43.66283,87.97985,Sunny,0.05
7,3,Hamilton (Mercedes),42.5902,130.57006,Sunny,0.05
7,4,Hamilton (Mercedes),43.52147,174.09152,Sunny,0.05
7,5,Hamilton (Mercedes),42.65052,216.74204,Sunny,0.05
7,1,Verstappen (Red Bull),42.86484,42.86484,Sunny,0.05
7,2,Verstappen (Red Bull),42.43223,85.29707,Sunny,0.05
7,3,Verstappen (Red Bull),42.88589,128.18296,Sunny,0.05
7,4,Verstappen (Red Bull),42.41166,170.59462,Sunny,0.05
7,5,Verstappen (Red Bull),42.57934,213.17396,Sunny,0.05
7,1,Norris (McLaren),43.58532,43.58532,Sunny,0.05
7,2,Norris (McLaren),43.66937,87.25469,Sunny,0.05
7,3,Norris (McLaren),41.95708,129.21177,Sunny,0.05
7,4,Norris (McLaren),44.12067,173.33244,Sunny,0.05
7,5,Norris (McLaren),41.73469,215.06713,Sunny,0.05
8,1,Hamilton (Mercedes),42.26682,42.26682,Sunny,0.05
8,2,Hamilton (Mercedes),42.79777,85.06459,Sunny,0.05
8,3,Hamilton (Mercedes),43.37861,128.44321,Sunny,0.05
8,4,Hamilton (Mercedes),43.05048,171.49368,Sunny,0.05
8,5,Hamilton (Mercedes),42.79797,214.29166,Sunny,0.05
8,1,Verstappen (Red Bull),43.33515,43.33515,Sunny,0.05
8,2,Verstappen (Red Bull),42.77559,86.11074,Sunny,0.05
8,3,Verstappen (Red Bull),42.72305,128.83378,Sunny,0.05
8,4,Verstappen (Red Bull),43.2203,172.05408,Sunny,0.05
8,5,Verstappen (Red Bull),42.34429,214.39838,Sunny,0.05
8,1,Norris (McLaren),44.8092,44.8092,Sunny,0.05
8,2,Norris (McLaren),44.17089,88.98008,Sunny,0.05
8,3,Norris (McLaren),43.25737,132.23745,Sunny,0.05
8,4,Norris (McLaren),43.31096,175.54841,Sunny,0.05
8,5,Norris (McLaren),43.39496,218.94337,Sunny,0.05
9,1,Hamilton (Mercedes),43.53056,43.53056,Sunny,0.05
9,2,Hamilton (Mercedes),43.35275,86.8833,Sunny,0.05
9,3,Hamilton (Mercedes),42.66667,129.54998,Sunny,0.05
9,4,Hamilton (Mercedes),42.5482,172.09817,Sunny,0.05
9,5,Hamilton (Mercedes),43.7365,215.83467,Sunny,0.05
9,1,Verstappen (Red Bull),41.9614,41.9614,Sunny,0.05
9,2,Verstappen (Red Bull),42.28255,84.24395,Sunny,0.05
9,3,Verstappen (Red Bull),43.44698,127.69093,Sunny,0.05
9,4,Verstappen (Red Bull),41.93987,169.6308,Sunny,0.05
9,5,Verstappen (Red Bull),43.08962,212.72043,Sunny,0.05
9,1,Norris (McLaren),44.04973,44.04973,Sunny,0.05
9,2,Norris (McLaren),45.01073,89.06046,Sunny,0.05
9,3,Norris (McLaren),44.2359,133.29636,Sunny,0.05
9,4,Norris (McLaren),43.43537,176.73173,Sunny,0.05
9,5,Norris (McLaren),42.56506,219.29679,Sunny,0.05
10,1,Hamilton (Mercedes),43.90529,43.90529,Sunny,0.05
10,2,Hamilton (Mercedes),43.83437,87.73966,Sunny,0.05
10,3,Hamilton (Mercedes),44.02083,131.76049,Sunny,0.05
10,4,Hamilton (Mercedes),44.00882,175.7693,Sunny,0.05
10,5,Hamilton (Mercedes),43.15333,218.92263,Sunny,0.05
10,1,Verstappen (Red Bull),42.59177,42.59177,Sunny,0.05
10,2,Verstappen (Red Bull),42.14931,84.74108,Sunny,0.05
10,3,Verstappen (Red Bull),43.03139,127.77246,Sunny,0.05
10,4,Verstappen (Red Bull),43.26728,171.03974,Sunny,0.05
10,5,Verstappen (Red Bull),42.4196,213.45935,Sunny,0.05
10,1,Norris (McLaren),43.45524,43.45524,Sunny,0.05
10,2,Norris (McLaren),43.99567,87.45091,Sunny,0.05
10,3,Norris (McLaren),44.41124,131.86215,Sunny,0.05
10,4,Norris (McLaren),42.78441,174.64656,Sunny,0.05
10,5,Norris (McLaren),43.13403,217.78059,Sunny,0.05
11,1,Hamilton (Mercedes),42.60075,42.60075,Sunny,0.05
11,2,Hamilton (Mercedes),42.59792,85.19868,Sunny,0.05
11,3,Hamilton (Mercedes),43.60169,128.80037,Sunny,0.05
11,4,Hamilton (Mercedes),43.67144,172.47182,Sunny,0.05
11,5,Hamilton (Mercedes),42.91142,215.38324,Sunny,0.05
11,1,Verstappen (Red Bull),42.64599,42.64599,Sunny,0.05
11,2,Verstappen (Red Bull),42.43462,85.08062,Sunny,0.05
11,3,Verstappen (Red Bull),43.83445,128.91507,Sunny,0.05
11,4,Verstappen (Red Bull),42.43526,171.35033,Sunny,0.05
11,5,Verstappen (Red Bull),42.59423,213.94457,Sunny,0.05
11,1,Norris (McLaren),42.70786,42.70786,Sunny,0.05
11,2,Norris (McLaren),43.76847,86.47633,Sunny,0.05
11,3,Norris (McLaren),42.94922,129.42556,Sunny,0.05
11,4,Norris (McLaren),41.99259,171.41815,Sunny,0.05
11,5,Norris (McLaren),43.47994,214.89808,Sunny,0.05
12,1,Hamilton (Mercedes),43.22214,43.22214,Sunny,0.05
12,2,Hamilton (Mercedes),43.03519,86.25734,Sunny,0.05
12,3,Hamilton (Mercedes),43.17432,129.43166,Sunny,0.05
12,4,Hamilton (Mercedes),43.27927,172.71093,Sunny,0.05
12,5,Hamilton (Mercedes),43.34502,216.05595,Sunny,0.05
12,1,Verstappen (Red Bull),43.44345,43.44345,Sunny,0.05
12,2,Verstappen (Red Bull),43.19326,86.63671,Sunny,0.05
12,3,Verstappen (Red Bull),43.37535,130.01206,Sunny,0.05
12,4,Verstappen (Red Bull),43.1879,173.19996,Sunny,0.05
12,5,Verstappen (Red Bull),43.0811,216.28106,Sunny,0.05
12,1,Norris (McLaren),43.22098,43.22098,Sunny,0.05
12,2,Norris (McLaren),43.35109,86.57208,Sunny,0.05
12,3,Norris (McLaren),42.39834,128.97041,Sunny,0.05
12,4,Norris (McLaren),44.10192,173.07233,Sunny,0.05
12,5,Norris (McLaren),44.76294,217.83527,Sunny,0.05
13,1,Hamilton (Mercedes),43.09199,43.09199,Sunny,0.05
13,2,Hamilton (Mercedes),42.61418,85.70617,Sunny,0.05
13,3,Hamilton (Mercedes),43.32762,129.03379,Sunny,0.05
13,4,Hamilton (Mercedes),42.97358,172.00737,Sunny,0.05
13,5,Hamilton (Mercedes),43.65278,215.66015,Sunny,0.05
13,1,Verstappen (Red Bull),41.85864,41.85864,Sunny,0.05
13,2,Verstappen (Red Bull),43.70326,85.5619,Sunny,0.05
13,3,Verstappen (Red Bull),43.60462,129.16652,Sunny,0.05
13,4,Verstappen (Red Bull),43.04379,172.21031,Sunny,0.05
13,5,Verstappen (Red Bull),41.57792,213.78823,Sunny,0.05
13,1,Norris (McLaren),43.08043,43.08043,Sunny,0.05
13,2,Norris (McLaren),44.39491,87.47534,Sunny,0.05
13,3,Norris (McLaren),43.41721,130.89255,Sunny,0.05
13,4,Norris (McLaren),42.68018,173.57273,Sunny,0.05
13,5,Norris (McLaren),43.41269,216.98542,Sunny,0.05
14,1,Hamilton (Mercedes),43.15544,43.15544,Sunny,0.05
14,2,Hamilton (Mercedes),42.46112,85.61656,Sunny,0.05
14,3,Hamilton (Mercedes),43.10763,128.72419,Sunny,0.05
14,4,Hamilton (Mercedes),43.67051,172.3947,Sunny,0.05
14,5,Hamilton (Mercedes),43.67053,216.06523,Sunny,0.05
14,1,Verstappen (Red Bull),43.3822,43.3822,Sunny,0.05
14,2,Verstappen (Red Bull),42.98607,86.36827,Sunny,0.05
14,3,Verstappen (Red Bull),42.40834,128.77661,Sunny,0.05
14,4,Verstappen (Red Bull),42.75732,171.53393,Sunny,0.05
14,5,Verstappen (Red Bull),43.92937,215.4633,Sunny,0.05
14,1,Norris (McLaren),43.7334,43.7334,Sunny,0.05
14,2,Norris (McLaren),43.84518,87.57858,Sunny,0.05
14,3,Norris (McLaren),42.57375,130.15233,Sunny,0.05
14,4,Norris (McLaren),44.1184,174.27073,Sunny,0.05
14,5,Norris (McLaren),43.45284,217.72357,Sunny,0.05
15,1,Hamilton (Mercedes),44.0255,44.0255,Sunny,0.05
15,2,Hamilton (Mercedes),42.92489,86.95039,Sunny,0.05
15,3,Hamilton (Mercedes),43.0783,130.02869,Sunny,0.05
15,4,Hamilton (Mercedes),42.99463,173.02331,Sunny,0.05
15,5,Hamilton (Mercedes),42.79206,215.81537,Sunny,0.05
15,1,Verstappen (Red Bull),42.59123,42.59123,Sunny,0.05
15,2,Verstappen (Red Bull),42.86444,85.45567,Sunny,0.05
15,3,Verstappen (Red Bull),42.77534,128.23101,Sunny,0.05
15,4,Verstappen (Red Bull),42.97725,171.20826,Sunny,0.05
15,5,Verstappen (Red Bull),43.90954,215.1178,Sunny,0.05
15,1,Norris (McLaren),43.71976,43.71976,Sunny,0.05
15,2,Norris (McLaren),43.6947,87.41445,Sunny,0.05
15,3,Norris (McLaren),42.81136,130.22581,Sunny,0.05
15,4,Norris (McLaren),44.62124,174.84705,Sunny,0.05
15,5,Norris (McLaren),42.77332,217.62037,Sunny,0.05
16,1,Hamilton (Mercedes),41.95744,41.95744,Sunny,0.05
16,2,Hamilton (Mercedes),43.21775,85.17519,Sunny,0.05
16,3,Hamilton (Mercedes),43.35084,128.52603,Sunny,0.05
16,4,Hamilton (Mercedes),42.63066,171.15669,Sunny,0.05
16,5,Hamilton (Mercedes),43.89655,215.05324,Sunny,0.05
16,1,Verstappen (Red Bull),41.8301,41.8301,Sunny,0.05
16,2,Verstappen (Red Bull),41.89819,83.72829,Sunny,0.05
16,3,Verstappen (Red Bull),42.72921,126.4575,Sunny,0.05
16,4,Verstappen (Red Bull),42.55887,169.01638,Sunny,0.05
16,5,Verstappen (Red Bull),42.63318,211.64956,Sunny,0.05
16,1,Norris (McLaren),43.72242,43.72242,Sunny,0.05
16,2,Norris (McLaren),43.18796,86.91038,Sunny,0.05
16,3,Norris (McLaren),44.3044,131.21478,Sunny,0.05
16,4,Norris (McLaren),42.22508,173.43986,Sunny,0.05
16,5,Norris (McLaren),43.69751,217.13736,Sunny,0.05
17,1,Hamilton (Mercedes),44.30209,44.30209,Sunny,0.05
17,2,Hamilton (Mercedes),43.25282,87.55491,Sunny,0.05
17,3,Hamilton (Mercedes),43.59791,131.15282,Sunny,0.05
17,4,Hamilton (Mercedes),43.8876,175.04042,Sunny,0.05
17,5,Hamilton (Mercedes),43.22354,218.26396,Sunny,0.05
17,1,Verstappen (Red Bull),42.64707,42.64707,Sunny,0.05
17,2,Verstappen (Red Bull),41.32609,83.97316,Sunny,0.05
17,3,Verstappen (Red Bull),42.3853,126.35846,Sunny,0.05
17,4,Verstappen (Red Bull),43.43308,169.79154,Sunny,0.05
17,5,Verstappen (Red Bull),42.81224,212.60378,Sunny,0.05
17,1,Norris (McLaren),42.7041,42.7041,Sunny,0.05
17,2,Norris (McLaren),43.60252,86.30662,Sunny,0.05
17,3,Norris (McLaren),43.44738,129.754,Sunny,0.05
17,4,Norris (McLaren),43.70424,173.45824,Sunny,0.05
17,5,Norris (McLaren),43.25237,216.71061,Sunny,0.05
18,1,Hamilton (Mercedes),43.50899,43.50899,Sunny,0.05
18,2,Hamilton (Mercedes),42.82113,86.33012,Sunny,0.05
18,3,Hamilton (Mercedes),44.24621,130.57633,Sunny,0.05
18,4,Hamilton (Mercedes),43.53007,174.1064,Sunny,0.05
18,5,Hamilton (Mercedes),43.0048,217.1112,Sunny,0.05
18,1,Verstappen (Red Bull),43.21283,43.21283,Sunny,0.05
18,2,Verstappen (Red Bull),42.85752,86.07035,Sunny,0.05
18,3,Verstappen (Red Bull),42.99691,129.06726,Sunny,0.05
18,4,Verstappen (Red Bull),42.51125,171.57851,Sunny,0.05
18,5,Verstappen (Red Bull),42.6535,214.23201,Sunny,0.05
18,1,Norris (McLaren),43.04404,43.04404,Sunny,0.05
18,2,Norris (McLaren),43.05084,86.09489,Sunny,0.05
18,3,Norris (McLaren),43.63263,129.72752,Sunny,0.05
18,4,Norris (McLaren),42.81226,172.53978,Sunny,0.05
18,5,Norris (McLaren),42.86212,215.40189,Sunny,0.05
19,1,Hamilton (Mercedes),43.23224,43.23224,Sunny,0.05
19,2,Hamilton (Mercedes),42.49551,85.72775,Sunny,0.05
19,3,Hamilton (Mercedes),43.04379,128.77154,Sunny,0.05
19,4,Hamilton (Mercedes),43.19914,171.97068,Sunny,0.05
19,5,Hamilton (Mercedes),43.21559,215.18627,Sunny,0.05
19,1,Verstappen (Red Bull),42.64917,42.64917,Sunny,0.05
19,2,Verstappen (Red Bull),41.13244,83.78161,Sunny,0.05
19,3,Verstappen (Red Bull),42.79359,126.5752,Sunny,0.05
19,4,Verstappen (Red Bull),42.91371,169.4889,Sunny,0.05
19,5,Verstappen (Red Bull),42.27841,211.76731,Sunny,0.05
19,1,Norris (McLaren),43.7768,43.7768,Sunny,0.05
19,2,Norris (McLaren),43.0753,86.8521,Sunny,0.05
19,3,Norris (McLaren),42.5224,129.3745,Sunny,0.05
19,4,Norris (McLaren),42.86276,172.23726,Sunny,0.05
19,5,Norris (McLaren),43.19807,215.43533,Sunny,0.05
20,1,Hamilton (Mercedes),42.70092,42.70092,Sunny,0.05
20,2,Hamilton (Mercedes),42.75586,85.45678,Sunny,0.05
20,3,Hamilton (Mercedes),43.42021,128.87699,Sunny,0.05
20,4,Hamilton (Mercedes),43.90058,172.77757,Sunny,0.05
20,5,Hamilton (Mercedes),42.70723,215.4848,Sunny,0.05
20,1,Verstappen (Red Bull),42.26956,42.26956,Sunny,0.05
20,2,Verstappen (Red Bull),43.59139,85.86095,Sunny,0.05
20,3,Verstappen (Red Bull),42.47329,128.33424,Sunny,0.05
20,4,Verstappen (Red Bull),42.5003,170.83454,Sunny,0.05
20,5,Verstappen (Red Bull),42.53052,213.36506,Sunny,0.05
20,1,Norris (McLaren),43.30193,43.30193,Sunny,0.05
20,2,Norris (McLaren),43.36571,86.66764,Sunny,0.05
20,3,Norris (McLaren),43.56518,130.23282,Sunny,0.05
20,4,Norris (McLaren),44.12411,174.35693,Sunny,0.05
20,5,Norris (McLaren),43.75819,218.11512,Sunny,0.05
21,1,Hamilton (Mercedes),43.62471,43.62471,Sunny,0.05
21,2,Hamilton (Mercedes),42.24466,85.86936,Sunny,0.05
21,3,Hamilton (Mercedes),43.38629,129.25565,Sunny,0.05
21,4,Hamilton (Mercedes),44.41298,173.66863,Sunny,0.05
21,5,Hamilton (Mercedes),42.7176,216.38623,Sunny,0.05
21,1,Verstappen (Red Bull),43.5156,43.5156,Sunny,0.05
21,2,Verstappen (Red Bull),42.26097,85.77657,Sunny,0.05
21,3,Verstappen (Red Bull),42.42549,128.20206,Sunny,0.05
21,4,Verstappen (Red Bull),42.34815,170.55021,Sunny,0.05
21,5,Verstappen (Red Bull),41.69656,212.24677,Sunny,0.05
21,1,Norris (McLaren),43.02923,43.02923,Sunny,0.05
21,2,Norris (McLaren),42.53326,85.56249,Sunny,0.05
21,3,Norris (McLaren),44.02748,129.58998,Sunny,0.05
21,4,Norris (McLaren),42.43681,172.02679,Sunny,0.05
21,5,Norris (McLaren),41.96497,213.99176,Sunny,0.05
22,1,Hamilton (Mercedes),44.19241,44.19241,Sunny,0.05
22,2,Hamilton (Mercedes),43.0106,87.20301,Sunny,0.05
22,3,Hamilton (Mercedes),43.22249,130.4255,Sunny,0.05
22,4,Hamilton (Mercedes),44.38329,174.80878,Sunny,0.05
22,5,Hamilton (Mercedes),42.84549,217.65427,Sunny,0.05
22,1,Verstappen (Red Bull),41.87949,41.87949,Sunny,0.05
22,2,Verstappen (Red Bull),42.57845,84.45794,Sunny,0.05
22,3,Verstappen (Red Bull),42.69807,127.15601,Sunny,0.05
22,4,Verstappen (Red Bull),42.54356,169.69957,Sunny,0.05
22,5,Verstappen (Red Bull),43.0034,212.70297,Sunny,0.05
22,1,Norris (McLaren),42.38062,42.38062,Sunny,0.05
22,2,Norris (McLaren),44.06057,86.44119,Sunny,0.05
22,3,Norris (McLaren),43.13208,129.57327,Sunny,0.05
22,4,Norris (McLaren),43.09687,172.67014,Sunny,0.05
22,5,Norris (McLaren),44.45078,217.12092,Sunny,0.05
23,1,Hamilton (Mercedes),42.1079,42.1079,Sunny,0.05
23,2,Hamilton (Mercedes),42.7805,84.8884,Sunny,0.05
23,3,Hamilton (Mercedes),43.92013,128.80852,Sunny,0.05
23,4,Hamilton (Mercedes),43.35163,172.16015,Sunny,0.05
23,5,Hamilton (Mercedes),43.42235,215.58251,Sunny,0.05
23,1,Verstappen (Red Bull),42.59289,42.59289,Sunny,0.05
23,2,Verstappen (Red Bull),43.32549,85.91838,Sunny,0.05
23,3,Verstappen (Red Bull),43.13069,129.04907,Sunny,0.05
23,4,Verstappen (Red Bull),42.33463,171.3837,Sunny,0.05
23,5,Verstappen (Red Bull),42.13766,213.52137,Sunny,0.05
23,1,Norris (McLaren),42.69068,42.69068,Sunny,0.05
23,2,Norris (McLaren),43.18525,85.87593,Sunny,0.05
23,3,Norris (McLaren),42.80199,128.67792,Sunny,0.05
23,4,Norris (McLaren),41.33141,170.00932,Sunny,0.05
23,5,Norris (McLaren),42.61664,212.62596,Sunny,0.05
24,1,Hamilton (Mercedes),43.11434,43.11434,Sunny,0.05
24,2,Hamilton (Mercedes),43.46416,86.57851,Sunny,0.05
24,3,Hamilton (Mercedes),43.07056,129.64907,Sunny,0.05
24,4,Hamilton (Mercedes),42.18927,171.83833,Sunny,0.05
24,5,Hamilton (Mercedes),42.74242,214.58075,Sunny,0.05
24,1,Verstappen (Red Bull),43.01422,43.01422,Sunny,0.05
24,2,Verstappen (Red Bull),41.8898,84.90403,Sunny,0.05
24,3,Verstappen (Red Bull),42.52887,127.4329,Sunny,0.05
24,4,Verstappen (Red Bull),42.23035,169.66325,Sunny,0.05
24,5,Verstappen (Red Bull),42.8128,212.47605,Sunny,0.05
24,1,Norris (McLaren),43.29202,43.29202,Sunny,0.05
24,2,Norris (McLaren),42.63839,85.93041,Sunny,0.05
24,3,Norris (McLaren),43.64508,129.57549,Sunny,0.05
24,4,Norris (McLaren),43.18792,172.76341,Sunny,0.05
24,5,Norris (McLaren),42.75017,215.51358,Sunny,0.05
25,1,Hamilton (Mercedes),43.32373,43.32373,Sunny,0.05
25,2,Hamilton (Mercedes),43.68846,87.01219,Sunny,0.05
25,3,Hamilton (Mercedes),42.70466,129.71686,Sunny,0.05
25,4,Hamilton (Mercedes),42.6397,172.35655,Sunny,0.05
25,5,Hamilton (Mercedes),43.56367,215.92022,Sunny,0.05
25,1,Verstappen (Red Bull),42.3372,42.3372,Sunny,0.05
25,2,Verstappen (Red Bull),43.00403,85.34123,Sunny,0.05
25,3,Verstappen (Red Bull),43.54722,128.88845,Sunny,0.05
25,4,Verstappen (Red Bull),42.68627,171.57473,Sunny,0.05
25,5,Verstappen (Red Bull),42.86235,214.43707,Sunny,0.05
25,1,Norris (McLaren),43.03164,43.03164,Sunny,0.05
25,2,Norris (McLaren),43.4926,86.52424,Sunny,0.05
25,3,Norris (McLaren),42.35605,128.88029,Sunny,0.05
25,4,Norris (McLaren),42.16834,171.04862,Sunny,0.05
25,5,Norris (McLaren),43.11503,214.16366,Sunny,0.05
26,1,Hamilton (Mercedes),41.7977,41.7977,Sunny,0.05
26,2,Hamilton (Mercedes),43.76953,85.56722,Sunny,0.05
26,3,Hamilton (Mercedes),43.93203,129.49925,Sunny,0.05
26,4,Hamilton (Mercedes),43.1693,172.66855,Sunny,0.05
26,5,Hamilton (Mercedes),42.73998,215.40853,Sunny,0.05
26,1,Verstappen (Red Bull),42.44463,42.44463,Sunny,0.05
26,2,Verstappen (Red Bull),42.83889,85.28352,Sunny,0.05
26,3,Verstappen (Red Bull),42.53576,127.81928,Sunny,0.05
26,4,Verstappen (Red Bull),43.41318,171.23245,Sunny,0.05
26,5,Verstappen (Red Bull),42.36055,213.59301,Sunny,0.05
26,1,Norris (McLaren),43.73643,43.73643,Sunny,0.05
26,2,Norris (McLaren),43.05223,86.78866,Sunny,0.05
26,3,Norris (McLaren),42.30539,129.09404,Sunny,0.05
26,4,Norris (McLaren),43.96121,173.05526,Sunny,0.05
26,5,Norris (McLaren),43.89101,216.94626,Sunny,0.05
27,1,Hamilton (Mercedes),43.15933,43.15933,Sunny,0.05
27,2,Hamilton (Mercedes),43.00065,86.15998,Sunny,0.05
27,3,Hamilton (Mercedes),43.13361,129.29359,Sunny,0.05
27,4,Hamilton (Mercedes),43.02687,172.32045,Sunny,0.05
27,5,Hamilton (Mercedes),42.66269,214.98314,Sunny,0.05
27,1,Verstappen (Red Bull),43.02036,43.02036,Sunny,0.05
27,2,Verstappen (Red Bull),42.99902,86.01937,Sunny,0.05
27,3,Verstappen (Red Bull),42.81011,128.82948,Sunny,0.05
27,4,Verstappen (Red Bull),42.57151,171.40099,Sunny,0.05
27,5,Verstappen (Red Bull),42.39834,213.79933,Sunny,0.05
27,1,Norris (McLaren),42.89667,42.89667,Sunny,0.05
27,2,Norris (McLaren),43.2515,86.14817,Sunny,0.05
27,3,Norris (McLaren),42.10872,128.25689,Sunny,0.05
27,4,Norris (McLaren),42.24073,170.49762,Sunny,0.05
27,5,Norris (McLaren),43.31094,213.80856,Sunny,0.05
28,1,Hamilton (Mercedes),42.62367,42.62367,Sunny,0.05
28,2,Hamilton (Mercedes),43.61579,86.23946,Sunny,0.05
28,3,Hamilton (Mercedes),43.00558,129.24504,Sunny,0.05
28,4,Hamilton (Mercedes),43.03607,172.28111,Sunny,0.05
28,5,Hamilton (Mercedes),43.68783,215.96895,Sunny,0.05
28,1,Verstappen (Red Bull),43.32954,43.32954,Sunny,0.05
28,2,Verstappen (Red Bull),42.73068,86.06021,Sunny,0.05
28,3,Verstappen (Red Bull),42.60584,128.66606,Sunny,0.05
28,4,Verstappen (Red Bull),43.45475,172.12081,Sunny,0.05
28,5,Verstappen (Red Bull),42.16865,214.28946,Sunny,0.05
28,1,Norris (McLaren),42.43151,42.43151,Sunny,0.05
28,2,Norris (McLaren),43.04362,85.47512,Sunny,0.05
28,3,Norris (McLaren),42.31396,127.78909,Sunny,0.05
28,4,Norris (McLaren),42.67749,170.46658,Sunny,0.05
28,5,Norris (McLaren),43.68549,214.15207,Sunny,0.05
29,1,Hamilton (Mercedes),43.75709,43.75709,Sunny,0.05
29,2,Hamilton (Mercedes),43.06301,86.8201,Sunny,0.05
29,3,Hamilton (Mercedes),43.1699,129.99,Sunny,0.05
29,4,Hamilton (Mercedes),42.63143,172.62143,Sunny,0.05
29,5,Hamilton (Mercedes),43.66826,216.2897,Sunny,0.05
29,1,Verstappen (Red Bull),42.82167,42.82167,Sunny,0.05
29,2,Verstappen (Red Bull),42.22701,85.04867,Sunny,0.05
29,3,Verstappen (Red Bull),42.70547,127.75414,Sunny,0.05
29,4,Verstappen (Red Bull),42.86473,170.61888,Sunny,0.05
29,5,Verstappen (Red Bull),43.10137,213.72025,Sunny,0.05
29,1,Norris (McLaren),44.31575,44.31575,Sunny,0.05
29,2,Norris (McLaren),43.62775,87.9435,Sunny,0.05
29,3,Norris (McLaren),42.06475,130.00825,Sunny,0.05
29,4,Norris (McLaren),43.08324,173.0915,Sunny,0.05
29,5,Norris (McLaren),44.04579,217.13729,Sunny,0.05
30,1,Hamilton (Mercedes),42.4586,42.4586,Sunny,0.05
30,2,Hamilton (Mercedes),43.45322,85.91181,Sunny,0.05
30,3,Hamilton (Mercedes),42.02313,127.93494,Sunny,0.05
30,4,Hamilton (Mercedes),43.98636,171.9213,Sunny,0.05
30,5,Hamilton (Mercedes),42.62479,214.54609,Sunny,0.05
30,1,Verstappen (Red Bull),43.19022,43.19022,Sunny,0.05
30,2,Verstappen (Red Bull),42.46963,85.65985,Sunny,0.05
30,3,Verstappen (Red Bull),43.95667,129.61652,Sunny,0.05
30,4,Verstappen (Red Bull),42.7565,172.37302,Sunny,0.05
30,5,Verstappen (Red Bull),43.19824,215.57127,Sunny,0.05
30,1,Norris (McLaren),42.07578,42.07578,Sunny,0.05
30,2,Norris (McLaren),43.28014,85.35592,Sunny,0.05
30,3,Norris (McLaren),42.40937,127.76529,Sunny,0.05
30,4,Norris (McLaren),41.73296,169.49825,Sunny,0.05
30,5,Norris (McLaren),43.12124,212.61949,Sunny,0.05
31,1,Hamilton (Mercedes),42.95878,42.95878,Sunny,0.05
31,2,Hamilton (Mercedes),43.88591,86.84469,Sunny,0.05
31,3,Hamilton (Mercedes),43.52082,130.36551,Sunny,0.05
31,4,Hamilton (Mercedes),42.96605,173.33156,Sunny,0.05
31,5,Hamilton (Mercedes),43.3911,216.72266,Sunny,0.05
31,1,Verstappen (Red Bull),43.18155,43.18155,Sunny,0.05
31,2,Verstappen (Red Bull),42.16463,85.34618,Sunny,0.05
31,3,Verstappen (Red Bull),43.01836,128.36455,Sunny,0.05
31,4,Verstappen (Red Bull),42.82566,171.19021,Sunny,0.05
31,5,Verstappen (Red Bull),43.19348,214.38369,Sunny,0.05
31,1,Norris (McLaren),43.76584,43.76584,Sunny,0.05
31,2,Norris (McLaren),43.9124,87.67824,Sunny,0.05
31,3,Norris (McLaren),43.70036,131.3786,Sunny,0.05
31,4,Norris (McLaren),43.79433,175.17293,Sunny,0.05
31,5,Norris (McLaren),43.7527,218.92563,Sunny,0.05
32,1,Hamilton (Mercedes),43.80574,43.80574,Sunny,0.05
32,2,Hamilton (Mercedes),42.85374,86.65949,Sunny,0.05
32,3,Hamilton (Mercedes),42.87046,129.52995,Sunny,0.05
32,4,Hamilton (Mercedes),43.57382,173.10377,Sunny,0.05
32,5,Hamilton (Mercedes),43.13351,216.23728,Sunny,0.05
32,1,Verstappen (Red Bull),43.17302,43.17302,Sunny,0.05
32,2,Verstappen (Red Bull),42.52296,85.69598,Sunny,0.05
32,3,Verstappen (Red Bull),42.0949,127.79088,Sunny,0.05
32,4,Verstappen (Red Bull),42.5031,170.29398,Sunny,0.05
32,5,Verstappen (Red Bull),42.33715,212.63112,Sunny,0.05
32,1,Norris (McLaren),43.00715,43.00715,Sunny,0.05
32,2,Norris (McLaren),43.54189,86.54904,Sunny,0.05
32,3,Norris (McLaren),42.37927,128.9283,Sunny,0.05
32,4,Norris (McLaren),42.5743,171.5026,Sunny,0.05
32,5,Norris (McLaren),43.00931,214.51191,Sunny,0.05
33,1,Hamilton (Mercedes),43.02182,43.02182,Sunny,0.05
33,2,Hamilton (Mercedes),43.67219,86.69401,Sunny,0.05
33,3,Hamilton (Mercedes),43.05402,129.74803,Sunny,0.05
33,4,Hamilton (Mercedes),42.29687,172.0449,Sunny,0.05
33,5,Hamilton (Mercedes),43.99955,216.04444,Sunny,0.05
33,1,Verstappen (Red Bull),42.75386,42.75386,Sunny,0.05
33,2,Verstappen (Red Bull),43.2772,86.03107,Sunny,0.05
33,3,Verstappen (Red Bull),42.75712,128.78819,Sunny,0.05
33,4,Verstappen (Red Bull),42.46358,171.25177,Sunny,0.05
33,5,Verstappen (Red Bull),44.65725,215.90902,Sunny,0.05
33,1,Norris (McLaren),42.49798,42.49798,Sunny,0.05
33,2,Norris (McLaren),43.70395,86.20193,Sunny,0.05
33,3,Norris (McLaren),43.53949,129.74142,Sunny,0.05
33,4,Norris (McLaren),43.04151,172.78293,Sunny,0.05
33,5,Norris (McLaren),43.8605,216.64343,Sunny,0.05
34,1,Hamilton (Mercedes),43.54454,43.54454,Sunny,0.05
34,2,Hamilton (Mercedes),43.19435,86.73888,Sunny,0.05
34,3,Hamilton (Mercedes),43.31757,130.05646,Sunny,0.05
34,4,Hamilton (Mercedes),42.97657,173.03303,Sunny,0.05
34,5,Hamilton (Mercedes),42.47695,215.50998,Sunny,0.05
34,1,Verstappen (Red Bull),42.02163,42.02163,Sunny,0.05
34,2,Verstappen (Red Bull),43.00544,85.02707,Sunny,0.05
34,3,Verstappen (Red Bull),42.59223,127.6193,Sunny,0.05
34,4,Verstappen (Red Bull),43.30678,170.92607,Sunny,0.05
34,5,Verstappen (Red Bull),42.37585,213.30193,Sunny,0.05
34,1,Norris (McLaren),44.14386,44.14386,Sunny,0.05
34,2,Norris (McLaren),42.4346,86.57846,Sunny,0.05
34,3,Norris (McLaren),43.53135,130.10981,Sunny,0.05
34,4,Norris (McLaren),42.45788,172.56769,Sunny,0.05
34,5,Norris (McLaren),43.03189,215.59958,Sunny,0.05
35,1,Hamilton (Mercedes),44.03049,44.03049,Sunny,0.05
35,2,Hamilton (Mercedes),43.39797,87.42847,Sunny,0.05
35,3,Hamilton (Mercedes),43.30652,130.73499,Sunny,0.05
35,4,Hamilton (Mercedes),43.02525,173.76024,Sunny,0.05
35,5,Hamilton (Mercedes),43.10299,216.86323,Sunny,0.05
35,1,Verstappen (Red Bull),42.06027,42.06027,Sunny,0.05
35,2,Verstappen (Red Bull),42.7765,84.83677,Sunny,0.05
35,3,Verstappen (Red Bull),42.68237,127.51914,Sunny,0.05
35,4,Verstappen (Red Bull),43.46263,170.98177,Sunny,0.05
35,5,Verstappen (Red Bull),42.93417,213.91594,Sunny,0.05
35,1,Norris (McLaren),42.99716,42.99716,Sunny,0.05
35,2,Norris (McLaren),43.19301,86.19016,Sunny,0.05
35,3,Norris (McLaren),43.35115,129.54131,Sunny,0.05
35,4,Norris (McLaren),42.99468,172.53599,Sunny,0.05
35,5,Norris (McLaren),44.24968,216.78568,Sunny,0.05
36,1,Hamilton (Mercedes),42.53799,42.53799,Sunny,0.05
36,2,Hamilton (Mercedes),42.9625,85.50049,Sunny,0.05
36,3,Hamilton (Mercedes),42.09499,127.59548,Sunny,0.05
36,4,Hamilton (Mercedes),42.94447,170.53995,Sunny,0.05
36,5,Hamilton (Mercedes),43.84716,214.38711,Sunny,0.05
36,1,Verstappen (Red Bull),43.69922,43.69922,Sunny,0.05
36,2,Verstappen (Red Bull),42.91153,86.61075,Sunny,0.05
36,3,Verstappen (Red Bull),42.85657,129.46731,Sunny,0.05
36,4,Verstappen (Red Bull),42.94434,172.41166,Sunny,0.05
36,5,Verstappen (Red Bull),42.79528,215.20694,Sunny,0.05
36,1,Norris (McLaren),43.05879,43.05879,Sunny,0.05
36,2,Norris (McLaren),42.22588,85.28468,Sunny,0.05
36,3,Norris (McLaren),41.94653,127.2312,Sunny,0.05
36,4,Norris (McLaren),42.46846,169.69966,Sunny,0.05
36,5,Norris (McLaren),43.08451,212.78417,Sunny,0.05
37,1,Hamilton (Mercedes),43.1938,43.1938,Sunny,0.05
37,2,Hamilton (Mercedes),42.25408,85.44788,Sunny,0.05
37,3,Hamilton (Mercedes),42.96089,128.40876,Sunny,0.05
37,4,Hamilton (Mercedes),43.13586,171.54463,Sunny,0.05
37,5,Hamilton (Mercedes),43.99638,215.54101,Sunny,0.05
37,1,Verstappen (Red Bull),42.69549,42.69549,Sunny,0.05
37,2,Verstappen (Red Bull),41.96578,84.66128,Sunny,0.05
37,3,Verstappen (Red Bull),42.89629,127.55757,Sunny,0.05
37,4,Verstappen (Red Bull),42.77947,170.33704,Sunny,0.05
37,5,Verstappen (Red Bull),43.18674,213.52378,Sunny,0.05
37,1,Norris (McLaren),43.96556,43.96556,Sunny,0.05
37,2,Norris (McLaren),43.46612,87.43169,Sunny,0.05
37,3,Norris (McLaren),43.01088,130.44256,Sunny,0.05
37,4,Norris (McLaren),43.1732,173.61577,Sunny,0.05
37,5,Norris (McLaren),43.56837,217.18413,Sunny,0.05
38,1,Hamilton (Mercedes),43.62356,43.62356,Sunny,0.05
38,2,Hamilton (Mercedes),44.11137,87.73494,Sunny,0.05
38,3,Hamilton (Mercedes),43.13751,130.87245,Sunny,0.05
38,4,Hamilton (Mercedes),43.75118,174.62363,Sunny,0.05
38,5,Hamilton (Mercedes),44.1265,218.75014,Sunny,0.05
38,1,Verstappen (Red Bull),42.34878,42.34878,Sunny,0.05
38,2,Verstappen (Red Bull),42.5779,84.92669,Sunny,0.05
38,3,Verstappen (Red Bull),43.48806,128.41475,Sunny,0.05
38,4,Verstappen (Red Bull),43.12228,171.53703,Sunny,0.05
38,5,Verstappen (Red Bull),43.24874,214.78577,Sunny,0.05
38,1,Norris (McLaren),43.52243,43.52243,Sunny,0.05
38,2,Norris (McLaren),44.58108,88.10351,Sunny,0.05
38,3,Norris (McLaren),43.28285,131.38636,Sunny,0.05
38,4,Norris (McLaren),43.07554,174.46191,Sunny,0.05
38,5,Norris (McLaren),42.42551,216.88741,Sunny,0.05
39,1,Hamilton (Mercedes),42.4854,42.4854,Sunny,0.05
39,2,Hamilton (Mercedes),42.53481,85.02021,Sunny,0.05
39,3,Hamilton (Mercedes),43.30956,128.32977,Sunny,0.05
39,4,Hamilton (Mercedes),42.96486,171.29463,Sunny,0.05
39,5,Hamilton (Mercedes),44.29543,215.59006,Sunny,0.05
39,1,Verstappen (Red Bull),41.85612,41.85612,Sunny,0.05
39,2,Verstappen (Red Bull),42.35021,84.20633,Sunny,0.05
39,3,Verstappen (Red Bull),42.53443,126.74077,Sunny,0.05
39,4,Verstappen (Red Bull),43.26522,170.00599,Sunny,0.05
39,5,Verstappen (Red Bull),42.94712,212.95311,Sunny,0.05
39,1,Norris (McLaren),44.30014,44.30014,Sunny,0.05
39,2,Norris (McLaren),43.52915,87.82928,Sunny,0.05
39,3,Norris (McLaren),42.38569,130.21498,Sunny,0.05
39,4,Norris (McLaren),42.67977,172.89475,Sunny,0.05
39,5,Norris (McLaren),43.70491,216.59965,Sunny,0.05
40,1,Hamilton (Mercedes),42.79481,42.79481,Sunny,0.05
40,2,Hamilton (Mercedes),43.13536,85.93017,Sunny,0.05
40,3,Hamilton (Mercedes),42.25711,128.18728,Sunny,0.05
40,4,Hamilton (Mercedes),42.95592,171.1432,Sunny,0.05
40,5,Hamilton (Mercedes),43.06661,214.20981,Sunny,0.05
40,1,Verstappen (Red Bull),43.24636,43.24636,Sunny,0.05
40,2,Verstappen (Red Bull),42.2549,85.50126,Sunny,0.05
40,3,Verstappen (Red Bull),41.72162,127.22287,Sunny,0.05
40,4,Verstappen (Red Bull),43.0194,170.24227,Sunny,0.05
40,5,Verstappen (Red Bull),42.89142,213.1337,Sunny,0.05
40,1,Norris (McLaren),43.41979,43.41979,Sunny,0.05
40,2,Norris (McLaren),42.75214,86.17194,Sunny,0.05
40,3,Norris (McLaren),42.36776,128.5397,Sunny,0.05
40,4,Norris (McLaren),42.44369,170.98339,Sunny,0.05
40,5,Norris (McLaren),43.13879,214.12218,Sunny,0.05
41,1,Hamilton (Mercedes),43.2724,43.2724,Sunny,0.05
41,2,Hamilton (Mercedes),42.14447,85.41687,Sunny,0.05
41,3,Hamilton (Mercedes),42.61581,128.03268,Sunny,0.05
41,4,Hamilton (Mercedes),42.43748,170.47016,Sunny,0.05
41,5,Hamilton (Mercedes),42.81413,213.28429,Sunny,0.05
41,1,Verstappen (Red Bull),42.76364,42.76364,Sunny,0.05
41,2,Verstappen (Red Bull),42.83576,85.5994,Sunny,0.05
41,3,Verstappen (Red Bull),42.61721,128.21661,Sunny,0.05
41,4,Verstappen (Red Bull),43.13671,171.35332,Sunny,0.05
41,5,Verstappen (Red Bull),43.41228,214.76559,Sunny,0.05
41,1,Norris (McLaren),42.33958,42.33958,Sunny,0.05
41,2,Norris (McLaren),44.35722,86.6968,Sunny,0.05
41,3,Norris (McLaren),43.05307,129.74987,Sunny,0.05
41,4,Norris (McLaren),44.05371,173.80357,Sunny,0.05
41,5,Norris (McLaren),43.79157,217.59515,Sunny,0.05
42,1,Hamilton (Mercedes),44.09121,44.09121,Sunny,0.05
42,2,Hamilton (Mercedes),42.58986,86.68107,Sunny,0.05
42,3,Hamilton (Mercedes),43.78876,130.46983,Sunny,0.05
42,4,Hamilton (Mercedes),43.08291,173.55273,Sunny,0.05
42,5,Hamilton (Mercedes),42.55244,216.10518,Sunny,0.05
42,1,Verstappen (Red Bull),43.8603,43.8603,Sunny,0.05
42,2,Verstappen (Red Bull),43.73172,87.59202,Sunny,0.05
42,3,Verstappen (Red Bull),43.79387,131.38589,Sunny,0.05
42,4,Verstappen (Red Bull),43.01844,174.40433,Sunny,0.05
42,5,Verstappen (Red Bull),43.10495,217.50928,Sunny,0.05
42,1,Norris (McLaren),43.90458,43.90458,Sunny,0.05
42,2,Norris (McLaren),42.62678,86.53136,Sunny,0.05
42,3,Norris (McLaren),43.54687,130.07823,Sunny,0.05
42,4,Norris (McLaren),42.43242,172.51064,Sunny,0.05
42,5,Norris (McLaren),42.75662,215.26727,Sunny,0.05
43,1,Hamilton (Mercedes),43.04889,43.04889,Sunny,0.05
43,2,Hamilton (Mercedes),42.95759,86.00648,Sunny,0.05
43,3,Hamilton (Mercedes),42.89642,128.9029,Sunny,0.05
43,4,Hamilton (Mercedes),43.38746,172.29036,Sunny,0.05
43,5,Hamilton (Mercedes),43.79017,216.08053,Sunny,0.05
43,1,Verstappen (Red Bull),42.64417,42.64417,Sunny,0.05
43,2,Verstappen (Red Bull),43.1634,85.80757,Sunny,0.05
43,3,Verstappen (Red Bull),42.75784,128.56542,Sunny,0.05
43,4,Verstappen (Red Bull),42.51586,171.08128,Sunny,0.05
43,5,Verstappen (Red Bull),42.16371,213.24498,Sunny,0.05
43,1,Norris (McLaren),43.08712,43.08712,Sunny,0.05
43,2,Norris (McLaren),43.68918,86.7763,Sunny,0.05
43,3,Norris (McLaren),42.1665,128.94279,Sunny,0.05
43,4,Norris (McLaren),42.42688,171.36967,Sunny,0.05
43,5,Norris (McLaren),42.47807,213.84774,Sunny,0.05
44,1,Hamilton (Mercedes),43.16105,43.16105,Sunny,0.05
44,2,Hamilton (Mercedes),43.5264,86.68745,Sunny,0.05
44,3,Hamilton (Mercedes),42.99607,129.68352,Sunny,0.05
44,4,Hamilton (Mercedes),42.4693,172.15282,Sunny,0.05
44,5,Hamilton (Mercedes),44.0214,216.17422,Sunny,0.05
44,1,Verstappen (Red Bull),42.91582,42.91582,Sunny,0.05
44,2,Verstappen (Red Bull),42.85557,85.77139,Sunny,0.05
44,3,Verstappen (Red Bull),42.45191,128.22329,Sunny,0.05
44,4,Verstappen (Red Bull),42.23783,170.46112,Sunny,0.05
44,5,Verstappen (Red Bull),43.38327,213.84439,Sunny,0.05
44,1,Norris (McLaren),42.81035,42.81035,Sunny,0.05
44,2,Norris (McLaren),43.12354,85.93389,Sunny,0.05
44,3,Norris (McLaren),44.28941,130.22329,Sunny,0.05
44,4,Norris (McLaren),42.39897,172.62226,Sunny,0.05
44,5,Norris (McLaren),43.62773,216.25,Sunny,0.05
45,1,Hamilton (Mercedes),43.19903,43.19903,Sunny,0.05
45,2,Hamilton (Mercedes),43.31964,86.51866,Sunny,0.05
45,3,Hamilton (Mercedes),44.005,130.52366,Sunny,0.05
45,4,Hamilton (Mercedes),42.58267,173.10633,Sunny,0.05
45,5,Hamilton (Mercedes),43.28463,216.39096,Sunny,0.05
45,1,Verstappen (Red Bull),42.9963,42.9963,Sunny,0.05
45,2,Verstappen (Red Bull),43.19356,86.18987,Sunny,0.05
45,3,Verstappen (Red Bull),42.01297,128.20283,Sunny,0.05
45,4,Verstappen (Red Bull),41.75863,169.96147,Sunny,0.05
45,5,Verstappen (Red Bull),43.12446,213.08593,Sunny,0.05
45,1,Norris (McLaren),43.81989,43.81989,Sunny,0.05
45,2,Norris (McLaren),42.14144,85.96133,Sunny,0.05
45,3,Norris (McLaren),44.36444,130.32576,Sunny,0.05
45,4,Norris (McLaren),42.66178,172.98754,Sunny,0.05
45,5,Norris (McLaren),44.27468,217.26222,Sunny,0.05
46,1,Hamilton (Mercedes),43.1454,43.1454,Sunny,0.05
46,2,Hamilton (Mercedes),44.07795,87.22336,Sunny,0.05
46,3,Hamilton (Mercedes),43.77063,130.99399,Sunny,0.05
46,4,Hamilton (Mercedes),43.46182,174.45581,Sunny,0.05
46,5,Hamilton (Mercedes),42.48081,216.93661,Sunny,0.05
46,1,Verstappen (Red Bull),42.00034,42.00034,Sunny,0.05
46,2,Verstappen (Red Bull),43.10798,85.10832,Sunny,0.05
46,3,Verstappen (Red Bull),42.53776,127.64608,Sunny,0.05
46,4,Verstappen (Red Bull),43.59552,171.2416,Sunny,0.05
46,5,Verstappen (Red Bull),42.93288,214.17449,Sunny,0.05
46,1,Norris (McLaren),43.25507,43.25507,Sunny,0.05
46,2,Norris (McLaren),42.34664,85.60171,Sunny,0.05
46,3,Norris (McLaren),44.08478,129.68649,Sunny,0.05
46,4,Norris (McLaren),43.57086,173.25735,Sunny,0.05
46,5,Norris (McLaren),43.87414,217.13149,Sunny,0.05
47,1,Hamilton (Mercedes),43.42112,43.42112,Sunny,0.05
47,2,Hamilton (Mercedes),42.4993,85.92042,Sunny,0.05
47,3,Hamilton (Mercedes),43.09316,129.01359,Sunny,0.05
47,4,Hamilton (Mercedes),43.67601,172.6896,Sunny,0.05
47,5,Hamilton (Mercedes),42.71415,215.40375,Sunny,0.05
47,1,Verstappen (Red Bull),43.28081,43.28081,Sunny,0.05
47,2,Verstappen (Red Bull),43.20142,86.48222,Sunny,0.05
47,3,Verstappen (Red Bull),42.76388,129.24611,Sunny,0.05
47,4,Verstappen (Red Bull),42.26625,171.51236,Sunny,0.05
47,5,Verstappen (Red Bull),43.83088,215.34323,Sunny,0.05
47,1,Norris (McLaren),42.32049,42.32049,Sunny,0.05
47,2,Norris (McLaren),43.37707,85.69755,Sunny,0.05
47,3,Norris (McLaren),43.51144,129.20899,Sunny,0.05
47,4,Norris (McLaren),43.0677,172.27669,Sunny,0.05
47,5,Norris (McLaren),43.46615,215.74284,Sunny,0.05
48,1,Hamilton (Mercedes),43.40187,43.40187,Sunny,0.05
48,2,Hamilton (Mercedes),43.22106,86.62293,Sunny,0.05
48,3,Hamilton (Mercedes),43.30842,129.93135,Sunny,0.05
48,4,Hamilton (Mercedes),43.2352,173.16655,Sunny,0.05
48,5,Hamilton (Mercedes),44.32448,217.49103,Sunny,0.05
48,1,Verstappen (Red Bull),43.46487,43.46487,Sunny,0.05
48,2,Verstappen (Red Bull),42.28266,85.74753,Sunny,0.05
48,3,Verstappen (Red Bull),41.86686,127.61439,Sunny,0.05
48,4,Verstappen (Red Bull),42.69176,170.30615,Sunny,0.05
48,5,Verstappen (Red Bull),43.218,213.52415,Sunny,0.05
48,1,Norris (McLaren),43.14867,43.14867,Sunny,0.05
48,2,Norris (McLaren),43.25684,86.4055,Sunny,0.05
48,3,Norris (McLaren),42.94738,129.35288,Sunny,0.05
48,4,Norris (McLaren),42.68885,172.04173,Sunny,0.05
48,5,Norris (McLaren),43.86628,215.90801,Sunny,0.05
49,1,Hamilton (Mercedes),42.88138,42.88138,Sunny,0.05
49,2,Hamilton (Mercedes),42.87382,85.7552,Sunny,0.05
49,3,Hamilton (Mercedes),42.86072,128.61592,Sunny,0.05
49,4,Hamilton (Mercedes),43.30679,171.92271,Sunny,0.05
49,5,Hamilton (Mercedes),42.50918,214.4319,Sunny,0.05
49,1,Verstappen (Red Bull),43.54636,43.54636,Sunny,0.05
49,2,Verstappen (Red Bull),42.81375,86.36011,Sunny,0.05
49,3,Verstappen (Red Bull),43.27776,129.63787,Sunny,0.05
49,4,Verstappen (Red Bull),42.4929,172.13077,Sunny,0.05
49,5,Verstappen (Red Bull),42.56713,214.6979,Sunny,0.05
49,1,Norris (McLaren),43.74517,43.74517,Sunny,0.05
49,2,Norris (McLaren),42.89174,86.63691,Sunny,0.05
49,3,Norris (McLaren),43.11046,129.74737,Sunny,0.05
49,4,Norris (McLaren),43.86755,173.61492,Sunny,0.05
49,5,Norris (McLaren),42.58631,216.20124,Sunny,0.05
50,1,Hamilton (Mercedes),43.30293,43.30293,Sunny,0.05
50,2,Hamilton (Mercedes),42.67714,85.98007,Sunny,0.05
50,3,Hamilton (Mercedes),43.44777,129.42784,Sunny,0.05
50,4,Hamilton (Mercedes),43.20288,172.63072,Sunny,0.05
50,5,Hamilton (Mercedes),43.32033,215.95105,Sunny,0.05
50,1,Verstappen (Red Bull),43.48051,43.48051,Sunny,0.05
50,2,Verstappen (Red Bull),41.9921,85.4726,Sunny,0.05
50,3,Verstappen (Red Bull),42.75765,128.23025,Sunny,0.05
50,4,Verstappen (Red Bull),42.1424,170.37265,Sunny,0.05
50,5,Verstappen (Red Bull),43.06742,213.44008,Sunny,0.05
50,1,Norris (McLaren),43.21779,43.21779,Sunny,0.05
50,2,Norris (McLaren),44.78042,87.99821,Sunny,0.05
50,3,Norris (McLaren),43.79493,131.79314,Sunny,0.05
50,4,Norris (McLaren),42.47984,174.27298,Sunny,0.05
50,5,Norris (McLaren),43.0731,217.34608,Sunny,0.05
51,1,Hamilton (Mercedes),42.28909,42.28909,Sunny,0.05
51,2,Hamilton (Mercedes),43.04769,85.33678,Sunny,0.05
51,3,Hamilton (Mercedes),42.67749,128.01427,Sunny,0.05
51,4,Hamilton (Mercedes),42.38289,170.39716,Sunny,0.05
51,5,Hamilton (Mercedes),42.19553,212.59269,Sunny,0.05
51,1,Verstappen (Red Bull),42.69828,42.69828,Sunny,0.05
51,2,Verstappen (Red Bull),42.23966,84.93794,Sunny,0.05
51,3,Verstappen (Red Bull),41.88429,126.82223,Sunny,0.05
51,4,Verstappen (Red Bull),42.82686,169.64909,Sunny,0.05
51,5,Verstappen (Red Bull),42.49511,212.14421,Sunny,0.05
51,1,Norris (McLaren),42.34341,42.34341,Sunny,0.05
51,2,Norris (McLaren),43.64669,85.9901,Sunny,0.05
51,3,Norris (McLaren),43.13831,129.12841,Sunny,0.05
51,4,Norris (McLaren),42.57956,171.70797,Sunny,0.05
51,5,Norris (McLaren),42.11815,213.82612,Sunny,0.05
52,1,Hamilton (Mercedes),42.51996,42.51996,Sunny,0.05
52,2,Hamilton (Mercedes),43.21341,85.73337,Sunny,0.05
52,3,Hamilton (Mercedes),43.55204,129.28541,Sunny,0.05
52,4,Hamilton (Mercedes),43.03546,172.32086,Sunny,0.05
52,5,Hamilton (Mercedes),43.42153,215.74239,Sunny,0.05
52,1,Verstappen (Red Bull),42.18304,42.18304,Sunny,0.05
52,2,Verstappen (Red Bull),42.35473,84.53777,Sunny,0.05
52,3,Verstappen (Red Bull),43.46209,127.99986,Sunny,0.05
52,4,Verstappen (Red Bull),42.72406,170.72391,Sunny,0.05
52,5,Verstappen (Red Bull),42.80338,213.52729,Sunny,0.05
52,1,Norris (McLaren),43.61895,43.61895,Sunny,0.05
52,2,Norris (McLaren),42.98936,86.60832,Sunny,0.05
52,3,Norris (McLaren),43.08425,129.69257,Sunny,0.05
52,4,Norris (McLaren),43.812,173.50457,Sunny,0.05
52,5,Norris (McLaren),43.86521,217.36978,Sunny,0.05
53,1,Hamilton (Mercedes),43.30381,43.30381,Sunny,0.05
53,2,Hamilton (Mercedes),42.72321,86.02702,Sunny,0.05
53,3,Hamilton (Mercedes),43.11257,129.13959,Sunny,0.05
53,4,Hamilton (Mercedes),43.30763,172.44723,Sunny,0.05
53,5,Hamilton (Mercedes),44.07344,216.52066,Sunny,0.05
53,1,Verstappen (Red Bull),42.56148,42.56148,Sunny,0.05
53,2,Verstappen (Red Bull),42.56526,85.12674,Sunny,0.05
53,3,Verstappen (Red Bull),42.74573,127.87247,Sunny,0.05
53,4,Verstappen (Red Bull),43.49857,171.37103,Sunny,0.05
53,5,Verstappen (Red Bull),42.53812,213.90916,Sunny,0.05
53,1,Norris (McLaren),43.03998,43.03998,Sunny,0.05
53,2,Norris (McLaren),42.32349,85.36347,Sunny,0.05
53,3,Norris (McLaren),42.64314,128.00661,Sunny,0.05
53,4,Norris (McLaren),43.05577,171.06238,Sunny,0.05
53,5,Norris (McLaren),43.32507,214.38745,Sunny,0.05
54,1,Hamilton (Mercedes),42.90455,42.90455,Sunny,0.05
54,2,Hamilton (Mercedes),43.03653,85.94108,Sunny,0.05
54,3,Hamilton (Mercedes),43.81714,129.75822,Sunny,0.05
54,4,Hamilton (Mercedes),42.52322,172.28144,Sunny,0.05
54,5,Hamilton (Mercedes),43.29858,215.58002,Sunny,0.05
54,1,Verstappen (Red Bull),42.5375,42.5375,Sunny,0.05
54,2,Verstappen (Red Bull),42.67742,85.21493,Sunny,0.05
54,3,Verstappen (Red Bull),42.80797,128.02289,Sunny,0.05
54,4,Verstappen (Red Bull),42.82877,170.85166,Sunny,0.05
54,5,Verstappen (Red Bull),42.38073,213.23239,Sunny,0.05
54,1,Norris (McLaren),42.45671,42.45671,Sunny,0.05
54,2,Norris (McLaren),43.74347,86.20018,Sunny,0.05
54,3,Norris (McLaren),43.355,129.55518,Sunny,0.05
54,4,Norris (McLaren),42.7352,172.29038,Sunny,0.05
54,5,Norris (McLaren),44.37271,216.66309,Sunny,0.05
55,1,Hamilton (Mercedes),43.12389,43.12389,Sunny,0.05
55,2,Hamilton (Mercedes),42.79386,85.91775,Sunny,0.05
55,3,Hamilton (Mercedes),42.4553,128.37305,Sunny,0.05
55,4,Hamilton (Mercedes),43.32694,171.69999,Sunny,0.05
55,5,Hamilton (Mercedes),43.2271,214.92708,Sunny,0.05
55,1,Verstappen (Red Bull),42.43945,42.43945,Sunny,0.05
55,2,Verstappen (Red Bull),43.04323,85.48268,Sunny,0.05
55,3,Verstappen (Red Bull),43.69761,129.18029,Sunny,0.05
55,4,Verstappen (Red Bull),42.62131,171.8016,Sunny,0.05
55,5,Verstappen (Red Bull),42.33708,214.13868,Sunny,0.05
55,1,Norris (McLaren),43.31949,43.31949,Sunny,0.05
55,2,Norris (McLaren),44.04173,87.36121,Sunny,0.05
55,3,Norris (McLaren),44.23101,131.59222,Sunny,0.05
55,4,Norris (McLaren),43.50732,175.09954,Sunny,0.05
55,5,Norris (McLaren),43.41078,218.51032,Sunny,0.05
56,1,Hamilton (Mercedes),42.77452,42.77452,Sunny,0.05
56,2,Hamilton (Mercedes),43.89593,86.67045,Sunny,0.05
56,3,Hamilton (Mercedes),42.43081,129.10126,Sunny,0.05
56,4,Hamilton (Mercedes),43.9858,173.08707,Sunny,0.05
56,5,Hamilton (Mercedes),43.44002,216.52708,Sunny,0.05
56,1,Verstappen (Red Bull),42.91743,42.91743,Sunny,0.05
56,2,Verstappen (Red Bull),42.04758,84.96501,Sunny,0.05
56,3,Verstappen (Red Bull),42.87598,127.84099,Sunny,0.05
56,4,Verstappen (Red Bull),43.4106,171.25159,Sunny,0.05
56,5,Verstappen (Red Bull),43.50285,214.75444,Sunny,0.05
56,1,Norris (McLaren),43.01772,43.01772,Sunny,0.05
56,2,Norris (McLaren),44.51972,87.53744,Sunny,0.05
56,3,Norris (McLaren),42.99554,130.53298,Sunny,0.05
56,4,Norris (McLaren),42.27285,172.80584,Sunny,0.05
56,5,Norris (McLaren),42.56458,215.37042,Sunny,0.05
57,1,Hamilton (Mercedes),42.84666,42.84666,Sunny,0.05
57,2,Hamilton (Mercedes),43.18875,86.03542,Sunny,0.05
57,3,Hamilton (Mercedes),42.79588,128.8313,Sunny,0.05
57,4,Hamilton (Mercedes),43.02531,171.85661,Sunny,0.05
57,5,Hamilton (Mercedes),43.0558,214.91241,Sunny,0.05
57,1,Verstappen (Red Bull),43.00375,43.00375,Sunny,0.05
57,2,Verstappen (Red Bull),41.83719,84.84094,Sunny,0.05
57,3,Verstappen (Red Bull),42.63334,127.47428,Sunny,0.05
57,4,Verstappen (Red Bull),43.71783,171.19211,Sunny,0.05
57,5,Verstappen (Red Bull),42.77523,213.96733,Sunny,0.05
57,1,Norris (McLaren),43.0548,43.0548,Sunny,0.05
57,2,Norris (McLaren),42.17083,85.22563,Sunny,0.05
57,3,Norris (McLaren),43.40472,128.63035,Sunny,0.05
57,4,Norris (McLaren),44.23563,172.86597,Sunny,0.05
57,5,Norris (McLaren),44.15136,217.01734,Sunny,0.05
58,1,Hamilton (Mercedes),42.72342,42.72342,Sunny,0.05
58,2,Hamilton (Mercedes),42.48067,85.20409,Sunny,0.05
58,3,Hamilton (Mercedes),43.70396,128.90804,Sunny,0.05
58,4,Hamilton (Mercedes),43.54971,172.45775,Sunny,0.05
58,5,Hamilton (Mercedes),42.75498,215.21273,Sunny,0.05
58,1,Verstappen (Red Bull),42.85866,42.85866,Sunny,0.05
58,2,Verstappen (Red Bull),43.29036,86.14902,Sunny,0.05
58,3,Verstappen (Red Bull),42.73005,128.87907,Sunny,0.05
58,4,Verstappen (Red Bull),42.41021,171.28928,Sunny,0.05
58,5,Verstappen (Red Bull),43.12509,214.41437,Sunny,0.05
58,1,Norris (McLaren),44.98967,44.98967,Sunny,0.05
58,2,Norris (McLaren),43.60481,88.59448,Sunny,0.05
58,3,Norris (McLaren),43.38731,131.98179,Sunny,0.05
58,4,Norris (McLaren),43.63864,175.62042,Sunny,0.05
58,5,Norris (McLaren),42.35624,217.97666,Sunny,0.05
59,1,Hamilton (Mercedes),44.03254,44.03254,Sunny,0.05
59,2,Hamilton (Mercedes),42.29396,86.3265,Sunny,0.05
59,3,Hamilton (Mercedes),43.50123,129.82773,Sunny,0.05
59,4,Hamilton (Mercedes),43.92917,173.7569,Sunny,0.05
59,5,Hamilton (Mercedes),43.03721,216.79411,Sunny,0.05
59,1,Verstappen (Red Bull),43.6058,43.6058,Sunny,0.05
59,2,Verstappen (Red Bull),43.67869,87.28449,Sunny,0.05
59,3,Verstappen (Red Bull),43.09114,130.37563,Sunny,0.05
59,4,Verstappen (Red Bull),42.99859,173.37422,Sunny,0.05
59,5,Verstappen (Red Bull),43.56079,216.93501,Sunny,0.05
59,1,Norris (McLaren),42.33417,42.33417,Sunny,0.05
59,2,Norris (McLaren),43.56364,85.89781,Sunny,0.05
59,3,Norris (McLaren),43.17615,129.07396,Sunny,0.05
59,4,Norris (McLaren),43.38385,172.45781,Sunny,0.05
59,5,Norris (McLaren),43.12724,215.58505,Sunny,0.05
60,1,Hamilton (Mercedes),43.5241,43.5241,Sunny,0.05
60,2,Hamilton (Mercedes),43.2987,86.8228,Sunny,0.05
60,3,Hamilton (Mercedes),43.13378,129.95658,Sunny,0.05
60,4,Hamilton (Mercedes),43.17312,173.1297,Sunny,0.05
60,5,Hamilton (Mercedes),42.85068,215.98038,Sunny,0.05
60,1,Verstappen (Red Bull),42.35836,42.35836,Sunny,0.05
60,2,Verstappen (Red Bull),43.54559,85.90395,Sunny,0.05
60,3,Verstappen (Red Bull),42.65054,128.55449,Sunny,0.05
60,4,Verstappen (Red Bull),42.72964,171.28413,Sunny,0.05
60,5,Verstappen (Red Bull),42.68438,213.96851,Sunny,0.05
60,1,Norris (McLaren),43.86071,43.86071,Sunny,0.05
60,2,Norris (McLaren),42.80027,86.66098,Sunny,0.05
60,3,Norris (McLaren),42.65394,129.31492,Sunny,0.05
60,4,Norris (McLaren),43.19176,172.50668,Sunny,0.05
60,5,Norris (McLaren),43.33069,215.83737,Sunny,0.05
61,1,Hamilton (Mercedes),42.58144,42.58144,Sunny,0.05
61,2,Hamilton (Mercedes),43.35493,85.93637,Sunny,0.05
61,3,Hamilton (Mercedes),43.5671,129.50348,Sunny,0.05
61,4,Hamilton (Mercedes),43.67406,173.17754,Sunny,0.05
61,5,Hamilton (Mercedes),43.46148,216.63901,Sunny,0.05
61,1,Verstappen (Red Bull),43.21069,43.21069,Sunny,0.05
61,2,Verstappen (Red Bull),43.14731,86.358,Sunny,0.05
61,3,Verstappen (Red Bull),43.15727,129.51528,Sunny,0.05
61,4,Verstappen (Red Bull),43.39375,172.90903,Sunny,0.05
61,5,Verstappen (Red Bull),43.15758,216.06661,Sunny,0.05
61,1,Norris (McLaren),41.97951,41.97951,Sunny,0.05
61,2,Norris (McLaren),42.35424,84.33374,Sunny,0.05
61,3,Norris (McLaren),43.18025,127.514,Sunny,0.05
61,4,Norris (McLaren),43.61507,171.12907,Sunny,0.05
61,5,Norris (McLaren),42.38116,213.51024,Sunny,0.05
62,1,Hamilton (Mercedes),43.63049,43.63049,Sunny,0.05
62,2,Hamilton (Mercedes),43.24463,86.87512,Sunny,0.05
62,3,Hamilton (Mercedes),44.46475,131.33986,Sunny,0.05
62,4,Hamilton (Mercedes),43.10268,174.44255,Sunny,0.05
62,5,Hamilton (Mercedes),43.90212,218.34467,Sunny,0.05
62,1,Verstappen (Red Bull),43.34991,43.34991,Sunny,0.05
62,2,Verstappen (Red Bull),43.24218,86.5921,Sunny,0.05
62,3,Verstappen (Red Bull),42.85957,129.45167,Sunny,0.05
62,4,Verstappen (Red Bull),42.13088,171.58254,Sunny,0.05
62,5,Verstappen (Red Bull),42.63264,214.21519,Sunny,0.05
62,1,Norris (McLaren),44.16509,44.16509,Sunny,0.05
62,2,Norris (McLaren),43.83397,87.99906,Sunny,0.05
62,3,Norris (McLaren),43.27378,131.27283,Sunny,0.05
62,4,Norris (McLaren),43.25866,174.5315,Sunny,0.05
62,5,Norris (McLaren),42.4524,216.98389,Sunny,0.05
63,1,Hamilton (Mercedes),43.56328,43.56328,Sunny,0.05
63,2,Hamilton (Mercedes),43.10147,86.66475,Sunny,0.05
63,3,Hamilton (Mercedes),43.21228,129.87704,Sunny,0.05
63,4,Hamilton (Mercedes),43.02681,172.90385,Sunny,0.05
63,5,Hamilton (Mercedes),43.29447,216.19832,Sunny,0.05
63,1,Verstappen (Red Bull),42.71671,42.71671,Sunny,0.05
63,2,Verstappen (Red Bull),42.59433,85.31104,Sunny,0.05
63,3,Verstappen (Red Bull),43.13282,128.44386,Sunny,0.05
63,4,Verstappen (Red Bull),42.56831,171.01217,Sunny,0.05
63,5,Verstappen (Red Bull),43.90987,214.92204,Sunny,0.05
63,1,Norris (McLaren),43.51998,43.51998,Sunny,0.05
63,2,Norris (McLaren),44.17365,87.69364,Sunny,0.05
63,3,Norris (McLaren),43.10937,130.80301,Sunny,0.05
63,4,Norris (McLaren),43.15937,173.96238,Sunny,0.05
63,5,Norris (McLaren),43.4648,217.42718,Sunny,0.05
64,1,Hamilton (Mercedes),41.74568,41.74568,Sunny,0.05
64,2,Hamilton (Mercedes),42.78037,84.52605,Sunny,0.05
64,3,Hamilton (Mercedes),43.09256,127.61861,Sunny,0.05
64,4,Hamilton (Mercedes),42.91133,170.52994,Sunny,0.05
64,5,Hamilton (Mercedes),43.80015,214.3301,Sunny,0.05
64,1,Verstappen (Red Bull),43.68117,43.68117,Sunny,0.05
64,2,Verstappen (Red Bull),42.57562,86.2568,Sunny,0.05
64,3,Verstappen (Red Bull),42.71271,128.9695,Sunny,0.05
64,4,Verstappen (Red Bull),43.08047,172.04997,Sunny,0.05
64,5,Verstappen (Red Bull),42.71094,214.76092,Sunny,0.05
64,1,Norris (McLaren),42.51165,42.51165,Sunny,0.05
64,2,Norris (McLaren),42.75863,85.27029,Sunny,0.05
64,3,Norris (McLaren),44.42982,129.7001,Sunny,0.05
64,4,Norris (McLaren),42.87789,172.57799,Sunny,0.05
64,5,Norris (McLaren),44.3784,216.95639,Sunny,0.05
65,1,Hamilton (Mercedes),43.23365,43.23365,Sunny,0.05
65,2,Hamilton (Mercedes),42.19666,85.4303,Sunny,0.05
65,3,Hamilton (Mercedes),43.1508,128.5811,Sunny,0.05
65,4,Hamilton (Mercedes),43.75818,172.33928,Sunny,0.05
65,5,Hamilton (Mercedes),43.47389,215.81318,Sunny,0.05
65,1,Verstappen (Red Bull),42.49494,42.49494,Sunny,0.05
65,2,Verstappen (Red Bull),42.9404,85.43534,Sunny,0.05
65,3,Verstappen (Red Bull),42.88362,128.31896,Sunny,0.05
65,4,Verstappen (Red Bull),42.35214,170.6711,Sunny,0.05
65,5,Verstappen (Red Bull),42.30699,212.97809,Sunny,0.05
65,1,Norris (McLaren),43.00579,43.00579,Sunny,0.05
65,2,Norris (McLaren),41.75445,84.76024,Sunny,0.05
65,3,Norris (McLaren),42.66456,127.4248,Sunny,0.05
65,4,Norris (McLaren),42.96545,170.39025,Sunny,0.05
65,5,Norris (McLaren),44.07073,214.46098,Sunny,0.05
66,1,Hamilton (Mercedes),42.58613,42.58613,Sunny,0.05
66,2,Hamilton (Mercedes),43.53326,86.11939,Sunny,0.05
66,3,Hamilton (Mercedes),43.28481,129.4042,Sunny,0.05
66,4,Hamilton (Mercedes),42.83939,172.24359,Sunny,0.05
66,5,Hamilton (Mercedes),42.89884,215.14243,Sunny,0.05
66,1,Verstappen (Red Bull),42.95812,42.95812,Sunny,0.05
66,2,Verstappen (Red Bull),42.77662,85.73474,Sunny,0.05
66,3,Verstappen (Red Bull),43.83659,129.57133,Sunny,0.05
66,4,Verstappen (Red Bull),42.01587,171.5872,Sunny,0.05
66,5,Verstappen (Red Bull),42.38624,213.97344,Sunny,0.05
66,1,Norris (McLaren),43.7296,43.7296,Sunny,0.05
66,2,Norris (McLaren),42.84299,86.57259,Sunny,0.05
66,3,Norris (McLaren),43.06302,129.6356,Sunny,0.05
66,4,Norris (McLaren),44.28099,173.91659,Sunny,0.05
66,5,Norris (McLaren),43.26449,217.18108,Sunny,0.05
67,1,Hamilton (Mercedes),42.71569,42.71569,Sunny,0.05
67,2,Hamilton (Mercedes),43.09515,85.81084,Sunny,0.05
67,3,Hamilton (Mercedes),42.49733,128.30818,Sunny,0.05
67,4,Hamilton (Mercedes),42.77502,171.0832,Sunny,0.05
67,5,Hamilton (Mercedes),43.03367,214.11686,Sunny,0.05
67,1,Verstappen (Red Bull),41.89312,41.89312,Sunny,0.05
67,2,Verstappen (Red Bull),42.75604,84.64916,Sunny,0.05
67,3,Verstappen (Red Bull),42.54792,127.19708,Sunny,0.05
67,4,Verstappen (Red Bull),42.2336,169.43068,Sunny,0.05
67,5,Verstappen (Red Bull),42.85215,212.28284,Sunny,0.05
67,1,Norris (McLaren),43.42883,43.42883,Sunny,0.05
67,2,Norris (McLaren),42.83057,86.25941,Sunny,0.05
67,3,Norris (McLaren),43.07113,129.33054,Sunny,0.05
67,4,Norris (McLaren),43.80336,173.1339,Sunny,0.05
67,5,Norris (McLaren),42.65526,215.78917,Sunny,0.05
68,1,Hamilton (Mercedes),44.29144,44.29144,Sunny,0.05
68,2,Hamilton (Mercedes),44.24381,88.53525,Sunny,0.05
68,3,Hamilton (Mercedes),42.15436,130.68961,Sunny,0.05
68,4,Hamilton (Mercedes),42.79669,173.4863,Sunny,0.05
68,5,Hamilton (Mercedes),43.60552,217.09182,Sunny,0.05
68,1,Verstappen (Red Bull),43.52532,43.52532,Sunny,0.05
68,2,Verstappen (Red Bull),43.0358,86.56111,Sunny,0.05
68,3,Verstappen (Red Bull),42.27841,128.83953,Sunny,0.05
68,4,Verstappen (Red Bull),42.94962,171.78915,Sunny,0.05
68,5,Verstappen (Red Bull),44.28379,216.07294,Sunny,0.05
68,1,Norris (McLaren),41.44651,41.44651,Sunny,0.05
68,2,Norris (McLaren),42.81343,84.25993,Sunny,0.05
68,3,Norris (McLaren),42.27879,126.53872,Sunny,0.05
68,4,Norris (McLaren),42.86459,169.40331,Sunny,0.05
68,5,Norris (McLaren),42.14726,211.55057,Sunny,0.05
69,1,Hamilton (Mercedes),41.97145,41.97145,Sunny,0.05
69,2,Hamilton (Mercedes),42.5668,84.53825,Sunny,0.05
69,3,Hamilton (Mercedes),43.42485,127.9631,Sunny,0.05
69,4,Hamilton (Mercedes),43.85279,171.81589,Sunny,0.05
69,5,Hamilton (Mercedes),42.66963,214.48552,Sunny,0.05
69,1,Verstappen (Red Bull),42.83866,42.83866,Sunny,0.05
69,2,Verstappen (Red Bull),42.72247,85.56113,Sunny,0.05
69,3,Verstappen (Red Bull),42.62382,128.18495,Sunny,0.05
69,4,Verstappen (Red Bull),43.59838,171.78333,Sunny,0.05
69,5,Verstappen (Red Bull),42.22502,214.00836,Sunny,0.05
69,1,Norris (McLaren),44.11922,44.11922,Sunny,0.05
69,2,Norris (McLaren),44.46637,88.58559,Sunny,0.05
69,3,Norris (McLaren),42.67825,131.26384,Sunny,0.05
69,4,Norris (McLaren),44.20551,175.46935,Sunny,0.05
69,5,Norris (McLaren),44.49366,219.96301,Sunny,0.05
70,1,Hamilton (Mercedes),43.40984,43.40984,Sunny,0.05
70,2,Hamilton (Mercedes),43.14506,86.55489,Sunny,0.05
70,3,Hamilton (Mercedes),42.58728,129.14218,Sunny,0.05
70,4,Hamilton (Mercedes),42.6739,171.81608,Sunny,0.05
70,5,Hamilton (Mercedes),43.57215,215.38823,Sunny,0.05
70,1,Verstappen (Red Bull),43.96073,43.96073,Sunny,0.05
70,2,Verstappen (Red Bull),43.80622,87.76695,Sunny,0.05
70,3,Verstappen (Red Bull),42.00985,129.7768,Sunny,0.05
70,4,Verstappen (Red Bull),42.75014,172.52694,Sunny,0.05
70,5,Verstappen (Red Bull),42.47554,215.00248,Sunny,0.05
70,1,Norris (McLaren),43.1288,43.1288,Sunny,0.05
70,2,Norris (McLaren),42.8005,85.9293,Sunny,0.05
70,3,Norris (McLaren),41.65065,127.57995,Sunny,0.05
70,4,Norris (McLaren),44.03363,171.61358,Sunny,0.05
70,5,Norris (McLaren),43.27073,214.88431,Sunny,0.05
71,1,Hamilton (Mercedes),41.56203,41.56203,Sunny,0.05
71,2,Hamilton (Mercedes),43.63676,85.1988,Sunny,0.05
71,3,Hamilton (Mercedes),43.34011,128.53891,Sunny,0.05
71,4,Hamilton (Mercedes),42.35653,170.89544,Sunny,0.05
71,5,Hamilton (Mercedes),42.67101,213.56645,Sunny,0.05
71,1,Verstappen (Red Bull),41.76711,41.76711,Sunny,0.05
71,2,Verstappen (Red Bull),42.58764,84.35476,Sunny,0.05
71,3,Verstappen (Red Bull),43.25648,127.61123,Sunny,0.05
71,4,Verstappen (Red Bull),42.59559,170.20682,Sunny,0.05
71,5,Verstappen (Red Bull),43.09146,213.29828,Sunny,0.05
71,1,Norris (McLaren),43.22211,43.22211,Sunny,0.05
71,2,Norris (McLaren),43.24541,86.46753,Sunny,0.05
71,3,Norris (McLaren),42.88138,129.34891,Sunny,0.05
71,4,Norris (McLaren),42.92009,172.26899,Sunny,0.05
71,5,Norris (McLaren),42.97172,215.24071,Sunny,0.05
72,1,Hamilton (Mercedes),43.29769,43.29769,Sunny,0.05
72,2,Hamilton (Mercedes),43.31083,86.60851,Sunny,0.05
72,3,Hamilton (Mercedes),42.81877,129.42728,Sunny,0.05
72,4,Hamilton (Mercedes),44.07469,173.50198,Sunny,0.05
72,5,Hamilton (Mercedes),43.38855,216.89053,Sunny,0.05
72,1,Verstappen (Red Bull),43.23427,43.23427,Sunny,0.05
72,2,Verstappen (Red Bull),42.89626,86.13053,Sunny,0.05
72,3,Verstappen (Red Bull),43.11728,129.24781,Sunny,0.05
72,4,Verstappen (Red Bull),42.77743,172.02524,Sunny,0.05
72,5,Verstappen (Red Bull),41.93127,213.95651,Sunny,0.05
72,1,Norris (McLaren),43.05384,43.05384,Sunny,0.05
72,2,Norris (McLaren),42.52342,85.57726,Sunny,0.05
72,3,Norris (McLaren),42.99976,128.57702,Sunny,0.05
72,4,Norris (McLaren),43.31795,171.89497,Sunny,0.05
72,5,Norris (McLaren),43.08155,214.97653,Sunny,0.05
73,1,Hamilton (Mercedes),42.99442,42.99442,Sunny,0.05
73,2,Hamilton (Mercedes),43.43917,86.43359,Sunny,0.05
73,3,Hamilton (Mercedes),44.2762,130.70979,Sunny,0.05
73,4,Hamilton (Mercedes),43.02985,173.73964,Sunny,0.05
73,5,Hamilton (Mercedes),43.3151,217.05474,Sunny,0.05
73,1,Verstappen (Red Bull),43.45659,43.45659,Sunny,0.05
73,2,Verstappen (Red Bull),42.70958,86.16617,Sunny,0.05
73,3,Verstappen (Red Bull),42.09245,128.25862,Sunny,0.05
73,4,Verstappen (Red Bull),42.77747,171.03609,Sunny,0.05
73,5,Verstappen (Red Bull),41.82979,212.86588,Sunny,0.05
73,1,Norris (McLaren),43.61317,43.61317,Sunny,0.05
73,2,Norris (McLaren),43.4162,87.02937,Sunny,0.05
73,3,Norris (McLaren),43.3829,130.41227,Sunny,0.05
73,4,Norris (McLaren),43.76709,174.17937,Sunny,0.05
73,5,Norris (McLaren),43.73071,217.91008,Sunny,0.05
74,1,Hamilton (Mercedes),43.42537,43.42537,Sunny,0.05
74,2,Hamilton (Mercedes),42.60953,86.0349,Sunny,0.05
74,3,Hamilton (Mercedes),43.36197,129.39686,Sunny,0.05
74,4,Hamilton (Mercedes),43.48621,172.88307,Sunny,0.05
74,5,Hamilton (Mercedes),43.72238,216.60546,Sunny,0.05
74,1,Verstappen (Red Bull),42.47237,42.47237,Sunny,0.05
74,2,Verstappen (Red Bull),42.46469,84.93707,Sunny,0.05
74,3,Verstappen (Red Bull),43.60383,128.5409,Sunny,0.05
74,4,Verstappen (Red Bull),42.71014,171.25104,Sunny,0.05
74,5,Verstappen (Red Bull),43.38914,214.64019,Sunny,0.05
74,1,Norris (McLaren),43.04436,43.04436,Sunny,0.05
74,2,Norris (McLaren),43.34543,86.3898,Sunny,0.05
74,3,Norris (McLaren),42.32713,128.71693,Sunny,0.05
74,4,Norris (McLaren),43.7819,172.49883,Sunny,0.05
74,5,Norris (McLaren),42.9632,215.46203,Sunny,0.05
75,1,Hamilton (Mercedes),42.14129,42.14129,Sunny,0.05
75,2,Hamilton (Mercedes),43.81385,85.95514,Sunny,0.05
75,3,Hamilton (Mercedes),43.13456,129.0897,Sunny,0.05
75,4,Hamilton (Mercedes),43.69682,172.78652,Sunny,0.05
75,5,Hamilton (Mercedes),43.12453,215.91106,Sunny,0.05
75,1,Verstappen (Red Bull),42.95155,42.95155,Sunny,0.05
75,2,Verstappen (Red Bull),42.84957,85.80112,Sunny,0.05
75,3,Verstappen (Red Bull),42.76328,128.5644,Sunny,0.05
75,4,Verstappen (Red Bull),42.12795,170.69235,Sunny,0.05
75,5,Verstappen (Red Bull),42.55681,213.24916,Sunny,0.05
75,1,Norris (McLaren),44.6219,44.6219,Sunny,0.05
75,2,Norris (McLaren),41.7639,86.3858,Sunny,0.05
75,3,Norris (McLaren),43.1397,129.52549,Sunny,0.05
75,4,Norris (McLaren),42.51522,172.04071,Sunny,0.05
75,5,Norris (McLaren),43.67194,215.71265,Sunny,0.05
76,1,Hamilton (Mercedes),42.93063,42.93063,Sunny,0.05
76,2,Hamilton (Mercedes),42.83248,85.76312,Sunny,0.05
76,3,Hamilton (Mercedes),42.78534,128.54846,Sunny,0.05
76,4,Hamilton (Mercedes),43.30935,171.85781,Sunny,0.05
76,5,Hamilton (Mercedes),43.05089,214.9087,Sunny,0.05
76,1,Verstappen (Red Bull),42.42259,42.42259,Sunny,0.05
76,2,Verstappen (Red Bull),42.52904,84.95163,Sunny,0.05
76,3,Verstappen (Red Bull),43.11309,128.06472,Sunny,0.05
76,4,Verstappen (Red Bull),42.67272,170.73744,Sunny,0.05
76,5,Verstappen (Red Bull),42.77182,213.50926,Sunny,0.05
76,1,Norris (McLaren),43.21385,43.21385,Sunny,0.05
76,2,Norris (McLaren),43.33119,86.54504,Sunny,0.05
76,3,Norris (McLaren),43.9547,130.49974,Sunny,0.05
76,4,Norris (McLaren),42.52051,173.02026,Sunny,0.05
76,5,Norris (McLaren),42.39,215.41026,Sunny,0.05
77,1,Hamilton (Mercedes),42.85892,42.85892,Sunny,0.05
77,2,Hamilton (Mercedes),43.22084,86.07976,Sunny,0.05
77,3,Hamilton (Mercedes),42.99901,129.07878,Sunny,0.05
77,4,Hamilton (Mercedes),43.37253,172.4513,Sunny,0.05
77,5,Hamilton (Mercedes),43.47903,215.93033,Sunny,0.05
77,1,Verstappen (Red Bull),42.31251,42.31251,Sunny,0.05
77,2,Verstappen (Red Bull),41.92636,84.23886,Sunny,0.05
77,3,Verstappen (Red Bull),43.0019,127.24076,Sunny,0.05
77,4,Verstappen (Red Bull),42.3531,169.59386,Sunny,0.05
77,5,Verstappen (Red Bull),42.28712,211.88098,Sunny,0.05
77,1,Norris (McLaren),42.54992,42.54992,Sunny,0.05
77,2,Norris (McLaren),43.82424,86.37416,Sunny,0.05
77,3,Norris (McLaren),44.35798,130.73214,Sunny,0.05
77,4,Norris (McLaren),43.57602,174.30816,Sunny,0.05
77,5,Norris (McLaren),43.19686,217.50503,Sunny,0.05
78,1,Hamilton (Mercedes),43.58137,43.58137,Sunny,0.05
78,2,Hamilton (Mercedes),44.40706,87.98843,Sunny,0.05
78,3,Hamilton (Mercedes),43.6692,131.65764,Sunny,0.05
78,4,Hamilton (Mercedes),43.00446,174.66209,Sunny,0.05
78,5,Hamilton (Mercedes),43.18909,217.85118,Sunny,0.05
78,1,Verstappen (Red Bull),43.77192,43.77192,Sunny,0.05
78,2,Verstappen (Red Bull),42.72787,86.49979,Sunny,0.05
78,3,Verstappen (Red Bull),42.90276,129.40255,Sunny,0.05
78,4,Verstappen (Red Bull),42.5156,171.91815,Sunny,0.05
78,5,Verstappen (Red Bull),42.95689,214.87504,Sunny,0.05
78,1,Norris (McLaren),44.41427,44.41427,Sunny,0.05
78,2,Norris (McLaren),42.2759,86.69017,Sunny,0.05
78,3,Norris (McLaren),42.87261,129.56278,Sunny,0.05
78,4,Norris (McLaren),42.9957,172.55848,Sunny,0.05
78,5,Norris (McLaren),42.32963,214.88811,Sunny,0.05
79,1,Hamilton (Mercedes),43.99625,43.99625,Sunny,0.05
79,2,Hamilton (Mercedes),42.48104,86.47729,Sunny,0.05
79,3,Hamilton (Mercedes),42.95783,129.43511,Sunny,0.05
79,4,Hamilton (Mercedes),42.90667,172.34179,Sunny,0.05
79,5,Hamilton (Mercedes),42.50898,214.85077,Sunny,0.05
79,1,Verstappen (Red Bull),42.67277,42.67277,Sunny,0.05
79,2,Verstappen (Red Bull),41.56277,84.23554,Sunny,0.05
79,3,Verstappen (Red Bull),43.29894,127.53448,Sunny,0.05
79,4,Verstappen (Red Bull),41.68955,169.22403,Sunny,0.05
79,5,Verstappen (Red Bull),42.55078,211.77481,Sunny,0.05
79,1,Norris (McLaren),44.22398,44.22398,Sunny,0.05
79,2,Norris (McLaren),42.53677,86.76075,Sunny,0.05
79,3,Norris (McLaren),44.12497,130.88572,Sunny,0.05
79,4,Norris (McLaren),43.75858,174.64429,Sunny,0.05
79,5,Norris (McLaren),42.61791,217.26221,Sunny,0.05
80,1,Hamilton (Mercedes),43.82742,43.82742,Sunny,0.05
80,2,Hamilton (Mercedes),43.18499,87.0124,Sunny,0.05
80,3,Hamilton (Mercedes),43.17391,130.18631,Sunny,0.05
80,4,Hamilton (Mercedes),42.8659,173.0522,Sunny,0.05
80,5,Hamilton (Mercedes),42.40285,215.45505,Sunny,0.05
80,1,Verstappen (Red Bull),42.62595,42.62595,Sunny,0.05
80,2,Verstappen (Red Bull),42.57404,85.19999,Sunny,0.05
80,3,Verstappen (Red Bull),42.13966,127.33965,Sunny,0.05
80,4,Verstappen (Red Bull),41.7978,169.13745,Sunny,0.05
80,5,Verstappen (Red Bull),43.2265,212.36395,Sunny,0.05
80,1,Norris (McLaren),42.64521,42.64521,Sunny,0.05
80,2,Norris (McLaren),42.46235,85.10756,Sunny,0.05
80,3,Norris (McLaren),44.46016,129.56772,Sunny,0.05
80,4,Norris (McLaren),44.41418,173.98191,Sunny,0.05
80,5,Norris (McLaren),42.84795,216.82986,Sunny,0.05
81,1,Hamilton (Mercedes),42.89908,42.89908,Sunny,0.05
81,2,Hamilton (Mercedes),43.20145,86.10052,Sunny,0.05
81,3,Hamilton (Mercedes),42.36391,128.46444,Sunny,0.05
81,4,Hamilton (Mercedes),43.5861,172.05054,Sunny,0.05
81,5,Hamilton (Mercedes),43.24435,215.29489,Sunny,0.05
81,1,Verstappen (Red Bull),43.30531,43.30531,Sunny,0.05
81,2,Verstappen (Red Bull),42.27817,85.58348,Sunny,0.05
81,3,Verstappen (Red Bull),43.60954,129.19302,Sunny,0.05
81,4,Verstappen (Red Bull),42.49608,171.6891,Sunny,0.05
81,5,Verstappen (Red Bull),43.44081,215.12991,Sunny,0.05
81,1,Norris (McLaren),43.079,43.079,Sunny,0.05
81,2,Norris (McLaren),44.92723,88.00624,Sunny,0.05
81,3,Norris (McLaren),43.68256,131.6888,Sunny,0.05
81,4,Norris (McLaren),44.54306,176.23186,Sunny,0.05
81,5,Norris (McLaren),42.44109,218.67295,Sunny,0.05
82,1,Hamilton (Mercedes),43.67729,43.67729,Sunny,0.05
82,2,Hamilton (Mercedes),43.36291,87.0402,Sunny,0.05
82,3,Hamilton (Mercedes),43.04825,130.08845,Sunny,0.05
82,4,Hamilton (Mercedes),43.22407,173.31252,Sunny,0.05
82,5,Hamilton (Mercedes),43.47667,216.7892,Sunny,0.05
82,1,Verstappen (Red Bull),43.0685,43.0685,Sunny,0.05
82,2,Verstappen (Red Bull),43.66066,86.72916,Sunny,0.05
82,3,Verstappen (Red Bull),42.63001,129.35917,Sunny,0.05
82,4,Verstappen (Red Bull),43.45619,172.81536,Sunny,0.05
82,5,Verstappen (Red Bull),43.24597,216.06133,Sunny,0.05
82,1,Norris (McLaren),43.88793,43.88793,Sunny,0.05
82,2,Norris (McLaren),42.98842,86.87635,Sunny,0.05
82,3,Norris (McLaren),44.34843,131.22478,Sunny,0.05
82,4,Norris (McLaren),43.08914,174.31392,Sunny,0.05
82,5,Norris (McLaren),43.53981,217.85373,Sunny,0.05
83,1,Hamilton (Mercedes),42.73476,42.73476,Sunny,0.05
83,2,Hamilton (Mercedes),43.18097,85.91573,Sunny,0.05
83,3,Hamilton (Mercedes),43.7309,129.64663,Sunny,0.05
83,4,Hamilton (Mercedes),43.17678,172.82341,Sunny,0.05
83,5,Hamilton (Mercedes),42.4476,215.27102,Sunny,0.05
83,1,Verstappen (Red Bull),42.17694,42.17694,Sunny,0.05
83,2,Verstappen (Red Bull),42.76097,84.93791,Sunny,0.05
83,3,Verstappen (Red Bull),42.63876,127.57667,Sunny,0.05
83,4,Verstappen (Red Bull),42.37461,169.95128,Sunny,0.05
83,5,Verstappen (Red Bull),43.07069,213.02197,Sunny,0.05
83,1,Norris (McLaren),43.89506,43.89506,Sunny,0.05
83,2,Norris (McLaren),42.50971,86.40477,Sunny,0.05
83,3,Norris (McLaren),43.38546,129.79023,Sunny,0.05
83,4,Norris (McLaren),44.17736,173.96759,Sunny,0.05
83,5,Norris (McLaren),43.71829,217.68588,Sunny,0.05
84,1,Hamilton (Mercedes),42.40359,42.40359,Sunny,0.05
84,2,Hamilton (Mercedes),42.66929,85.07288,Sunny,0.05
84,3,Hamilton (Mercedes),42.62143,127.69431,Sunny,0.05
84,4,Hamilton (Mercedes),44.24891,171.94322,Sunny,0.05
84,5,Hamilton (Mercedes),43.06532,215.00854,Sunny,0.05
84,1,Verstappen (Red Bull),41.46613,41.46613,Sunny,0.05
84,2,Verstappen (Red Bull),43.37411,84.84024,Sunny,0.05
84,3,Verstappen (Red Bull),43.10439,127.94462,Sunny,0.05
84,4,Verstappen (Red Bull),42.32573,170.27036,Sunny,0.05
84,5,Verstappen (Red Bull),42.65072,212.92107,Sunny,0.05
84,1,Norris (McLaren),43.36432,43.36432,Sunny,0.05
84,2,Norris (McLaren),43.44244,86.80676,Sunny,0.05
84,3,Norris (McLaren),43.00954,129.81631,Sunny,0.05
84,4,Norris (McLaren),42.62501,172.44131,Sunny,0.05
84,5,Norris (McLaren),44.58926,217.03057,Sunny,0.05
85,1,Hamilton (Mercedes),43.45193,43.45193,Sunny,0.05
85,2,Hamilton (Mercedes),42.96895,86.42088,Sunny,0.05
85,3,Hamilton (Mercedes),42.66461,129.08549,Sunny,0.05
85,4,Hamilton (Mercedes),42.99637,172.08186,Sunny,0.05
85,5,Hamilton (Mercedes),43.01884,215.10069,Sunny,0.05
85,1,Verstappen (Red Bull),42.15743,42.15743,Sunny,0.05
85,2,Verstappen (Red Bull),42.27516,84.43259,Sunny,0.05
85,3,Verstappen (Red Bull),42.09118,126.52377,Sunny,0.05
85,4,Verstappen (Red Bull),43.28329,169.80706,Sunny,0.05
85,5,Verstappen (Red Bull),42.74577,212.55283,Sunny,0.05
85,1,Norris (McLaren),43.86336,43.86336,Sunny,0.05
85,2,Norris (McLaren),43.3222,87.18556,Sunny,0.05
85,3,Norris (McLaren),43.54389,130.72945,Sunny,0.05
85,4,Norris (McLaren),43.32509,174.05454,Sunny,0.05
85,5,Norris (McLaren),43.79823,217.85277,Sunny,0.05
86,1,Hamilton (Mercedes),43.21678,43.21678,Sunny,0.05
86,2,Hamilton (Mercedes),42.91653,86.13332,Sunny,0.05
86,3,Hamilton (Mercedes),42.99553,129.12884,Sunny,0.05
86,4,Hamilton (Mercedes),42.28419,171.41304,Sunny,0.05
86,5,Hamilton (Mercedes),43.53409,214.94712,Sunny,0.05
86,1,Verstappen (Red Bull),42.2799,42.2799,Sunny,0.05
86,2,Verstappen (Red Bull),42.60739,84.88729,Sunny,0.05
86,3,Verstappen (Red Bull),42.58956,127.47685,Sunny,0.05
86,4,Verstappen (Red Bull),41.61373,169.09059,Sunny,0.05
86,5,Verstappen (Red Bull),43.27353,212.36412,Sunny,0.05
86,1,Norris (McLaren),42.94527,42.94527,Sunny,0.05
86,2,Norris (McLaren),43.28228,86.22755,Sunny,0.05
86,3,Norris (McLaren),42.21869,128.44624,Sunny,0.05
86,4,Norris (McLaren),43.1112,171.55745,Sunny,0.05
86,5,Norris (McLaren),43.70653,215.26398,Sunny,0.05
87,1,Hamilton (Mercedes),43.07128,43.07128,Sunny,0.05
87,2,Hamilton (Mercedes),42.99297,86.06425,Sunny,0.05
87,3,Hamilton (Mercedes),44.89032,130.95457,Sunny,0.05
87,4,Hamilton (Mercedes),43.50725,174.46182,Sunny,0.05
87,5,Hamilton (Mercedes),42.6215,217.08332,Sunny,0.05
87,1,Verstappen (Red Bull),42.65278,42.65278,Sunny,0.05
87,2,Verstappen (Red Bull),42.41293,85.06571,Sunny,0.05
87,3,Verstappen (Red Bull),42.80393,127.86964,Sunny,0.05
87,4,Verstappen (Red Bull),43.07926,170.9489,Sunny,0.05
87,5,Verstappen (Red Bull),43.25813,214.20704,Sunny,0.05
87,1,Norris (McLaren),43.17725,43.17725,Sunny,0.05
87,2,Norris (McLaren),41.93764,85.11489,Sunny,0.05
87,3,Norris (McLaren),43.91519,129.03008,Sunny,0.05
87,4,Norris (McLaren),43.4693,172.49938,Sunny,0.05
87,5,Norris (McLaren),43.39457,215.89395,Sunny,0.05
88,1,Hamilton (Mercedes),42.4885,42.4885,Sunny,0.05
88,2,Hamilton (Mercedes),43.56235,86.05084,Sunny,0.05
88,3,Hamilton (Mercedes),42.8051,128.85594,Sunny,0.05
88,4,Hamilton (Mercedes),42.6332,171.48915,Sunny,0.05
88,5,Hamilton (Mercedes),42.18533,213.67448,Sunny,0.05
88,1,Verstappen (Red Bull),42.49944,42.49944,Sunny,0.05
88,2,Verstappen (Red Bull),42.77546,85.2749,Sunny,0.05
88,3,Verstappen (Red Bull),43.05301,128.32791,Sunny,0.05
88,4,Verstappen (Red Bull),42.86968,171.1976,Sunny,0.05
88,5,Verstappen (Red Bull),41.63575,212.83335,Sunny,0.05
88,1,Norris (McLaren),42.40755,42.40755,Sunny,0.05
88,2,Norris (McLaren),43.60025,86.00781,Sunny,0.05
88,3,Norris (McLaren),43.94031,129.94811,Sunny,0.05
88,4,Norris (McLaren),43.81665,173.76476,Sunny,0.05
88,5,Norris (McLaren),43.47863,217.2434,Sunny,0.05
89,1,Hamilton (Mercedes),43.13403,43.13403,Sunny,0.05
89,2,Hamilton (Mercedes),43.21833,86.35236,Sunny,0.05
89,3,Hamilton (Mercedes),42.81399,129.16635,Sunny,0.05
89,4,Hamilton (Mercedes),42.23464,171.40099,Sunny,0.05
89,5,Hamilton (Mercedes),42.61378,214.01477,Sunny,0.05
89,1,Verstappen (Red Bull),43.85077,43.85077,Sunny,0.05
89,2,Verstappen (Red Bull),43.719,87.56976,Sunny,0.05
89,3,Verstappen (Red Bull),42.22576,129.79552,Sunny,0.05
89,4,Verstappen (Red Bull),42.44947,172.24499,Sunny,0.05
89,5,Verstappen (Red Bull),42.44605,214.69104,Sunny,0.05
89,1,Norris (McLaren),43.44998,43.44998,Sunny,0.05
89,2,Norris (McLaren),42.69721,86.14719,Sunny,0.05
89,3,Norris (McLaren),44.77455,130.92174,Sunny,0.05
89,4,Norris (McLaren),43.17394,174.09568,Sunny,0.05
89,5,Norris (McLaren),43.09405,217.18973,Sunny,0.05
90,1,Hamilton (Mercedes),44.2216,44.2216,Sunny,0.05
90,2,Hamilton (Mercedes),43.50712,87.72872,Sunny,0.05
90,3,Hamilton (Mercedes),43.38423,131.11295,Sunny,0.05
90,4,Hamilton (Mercedes),42.36236,173.47532,Sunny,0.05
90,5,Hamilton (Mercedes),43.94798,217.4233,Sunny,0.05
90,1,Verstappen (Red Bull),42.64752,42.64752,Sunny,0.05
90,2,Verstappen (Red Bull),41.9706,84.61811,Sunny,0.05
90,3,Verstappen (Red Bull),42.76676,127.38487,Sunny,0.05
90,4,Verstappen (Red Bull),42.14196,169.52684,Sunny,0.05
90,5,Verstappen (Red Bull),42.71638,212.24322,Sunny,0.05
90,1,Norris (McLaren),43.6706,43.6706,Sunny,0.05
90,2,Norris (McLaren),43.35368,87.02428,Sunny,0.05
90,3,Norris (McLaren),42.63561,129.65989,Sunny,0.05
90,4,Norris (McLaren),42.89813,172.55802,Sunny,0.05
90,5,Norris (McLaren),43.52764,216.08566,Sunny,0.05
91,1,Hamilton (Mercedes),43.48517,43.48517,Sunny,0.05
91,2,Hamilton (Mercedes),43.0971,86.58228,Sunny,0.05
91,3,Hamilton (Mercedes),43.62154,130.20381,Sunny,0.05
91,4,Hamilton (Mercedes),43.18254,173.38635,Sunny,0.05
91,5,Hamilton (Mercedes),43.15225,216.5386,Sunny,0.05
91,1,Verstappen (Red Bull),43.23738,43.23738,Sunny,0.05
91,2,Verstappen (Red Bull),43.76546,87.00284,Sunny,0.05
91,3,Verstappen (Red Bull),43.19098,130.19381,Sunny,0.05
91,4,Verstappen (Red Bull),41.87871,172.07252,Sunny,0.05
91,5,Verstappen (Red Bull),43.04793,215.12045,Sunny,0.05
91,1,Norris (McLaren),43.14103,43.14103,Sunny,0.05
91,2,Norris (McLaren),43.10191,86.24294,Sunny,0.05
91,3,Norris (McLaren),43.582,129.82494,Sunny,0.05
91,4,Norris (McLaren),42.80934,172.63428,Sunny,0.05
91,5,Norris (McLaren),43.48788,216.12216,Sunny,0.05
92,1,Hamilton (Mercedes),42.62821,42.62821,Sunny,0.05
92,2,Hamilton (Mercedes),43.06504,85.69325,Sunny,0.05
92,3,Hamilton (Mercedes),43.29494,128.98819,Sunny,0.05
92,4,Hamilton (Mercedes),43.37664,172.36483,Sunny,0.05
92,5,Hamilton (Mercedes),43.29681,215.66164,Sunny,0.05
92,1,Verstappen (Red Bull),41.69983,41.69983,Sunny,0.05
92,2,Verstappen (Red Bull),42.62508,84.32492,Sunny,0.05
92,3,Verstappen (Red Bull),43.74855,128.07347,Sunny,0.05
92,4,Verstappen (Red Bull),43.34709,171.42055,Sunny,0.05
92,5,Verstappen (Red Bull),42.2063,213.62685,Sunny,0.05
92,1,Norris (McLaren),44.49299,44.49299,Sunny,0.05
92,2,Norris (McLaren),43.1266,87.6196,Sunny,0.05
92,3,Norris (McLaren),43.66709,131.28669,Sunny,0.05
92,4,Norris (McLaren),43.74403,175.03072,Sunny,0.05
92,5,Norris (McLaren),44.68201,219.71273,Sunny,0.05
93,1,Hamilton (Mercedes),43.20948,43.20948,Sunny,0.05
93,2,Hamilton (Mercedes),42.97628,86.18576,Sunny,0.05
93,3,Hamilton (Mercedes),42.36708,128.55284,Sunny,0.05
93,4,Hamilton (Mercedes),43.24912,171.80195,Sunny,0.05
93,5,Hamilton (Mercedes),42.44455,214.2465,Sunny,0.05
93,1,Verstappen (Red Bull),42.74994,42.74994,Sunny,0.05
93,2,Verstappen (Red Bull),42.58118,85.33112,Sunny,0.05
93,3,Verstappen (Red Bull),42.58653,127.91765,Sunny,0.05
93,4,Verstappen (Red Bull),42.86946,170.78711,Sunny,0.05
93,5,Verstappen (Red Bull),42.84459,213.6317,Sunny,0.05
93,1,Norris (McLaren),43.91007,43.91007,Sunny,0.05
93,2,Norris (McLaren),43.47661,87.38668,Sunny,0.05
93,3,Norris (McLaren),42.87911,130.26579,Sunny,0.05
93,4,Norris (McLaren),43.40691,173.6727,Sunny,0.05
93,5,Norris (McLaren),42.76938,216.44208,Sunny,0.05
94,1,Hamilton (Mercedes),42.58987,42.58987,Sunny,0.05
94,2,Hamilton (Mercedes),42.27068,84.86055,Sunny,0.05
94,3,Hamilton (Mercedes),42.96505,127.8256,Sunny,0.05
94,4,Hamilton (Mercedes),43.42663,171.25223,Sunny,0.05
94,5,Hamilton (Mercedes),43.13542,214.38765,Sunny,0.05
94,1,Verstappen (Red Bull),43.22702,43.22702,Sunny,0.05
94,2,Verstappen (Red Bull),42.62564,85.85266,Sunny,0.05
94,3,Verstappen (Red Bull),42.43446,128.28712,Sunny,0.05
94,4,Verstappen (Red Bull),42.33896,170.62607,Sunny,0.05
94,5,Verstappen (Red Bull),43.96243,214.58851,Sunny,0.05
94,1,Norris (McLaren),42.64295,42.64295,Sunny,0.05
94,2,Norris (McLaren),43.40002,86.04296,Sunny,0.05
94,3,Norris (McLaren),43.45217,129.49513,Sunny,0.05
94,4,Norris (McLaren),42.6396,172.13474,Sunny,0.05
94,5,Norris (McLaren),43.14438,215.27912,Sunny,0.05
95,1,Hamilton (Mercedes),42.93666,42.93666,Sunny,0.05
95,2,Hamilton (Mercedes),42.34475,85.2814,Sunny,0.05
95,3,Hamilton (Mercedes),43.52927,128.81068,Sunny,0.05
95,4,Hamilton (Mercedes),42.3951,171.20577,Sunny,0.05
95,5,Hamilton (Mercedes),43.0531,214.25887,Sunny,0.05
95,1,Verstappen (Red Bull),42.64085,42.64085,Sunny,0.05
95,2,Verstappen (Red Bull),41.88177,84.52262,Sunny,0.05
95,3,Verstappen (Red Bull),42.81976,127.34238,Sunny,0.05
95,4,Verstappen (Red Bull),42.2636,169.60598,Sunny,0.05
95,5,Verstappen (Red Bull),42.01251,211.61849,Sunny,0.05
95,1,Norris (McLaren),41.81531,41.81531,Sunny,0.05
95,2,Norris (McLaren),42.47982,84.29513,Sunny,0.05
95,3,Norris (McLaren),42.47655,126.77168,Sunny,0.05
95,4,Norris (McLaren),41.83393,168.60561,Sunny,0.05
95,5,Norris (McLaren),43.49321,212.09882,Sunny,0.05
96,1,Hamilton (Mercedes),42.96946,42.96946,Sunny,0.05
96,2,Hamilton (Mercedes),43.3876,86.35706,Sunny,0.05
96,3,Hamilton (Mercedes),42.99444,129.35149,Sunny,0.05
96,4,Hamilton (Mercedes),42.41528,171.76677,Sunny,0.05
96,5,Hamilton (Mercedes),42.25192,214.01869,Sunny,0.05
96,1,Verstappen (Red Bull),42.6751,42.6751,Sunny,0.05
96,2,Verstappen (Red Bull),43.57839,86.25348,Sunny,0.05
96,3,Verstappen (Red Bull),41.8092,128.06269,Sunny,0.05
96,4,Verstappen (Red Bull),42.41787,170.48055,Sunny,0.05
96,5,Verstappen (Red Bull),42.88686,213.36741,Sunny,0.05
96,1,Norris (McLaren),42.84681,42.84681,Sunny,0.05
96,2,Norris (McLaren),44.06377,86.91059,Sunny,0.05
96,3,Norris (McLaren),44.25147,131.16206,Sunny,0.05
96,4,Norris (McLaren),44.37,175.53206,Sunny,0.05
96,5,Norris (McLaren),44.24142,219.77348,Sunny,0.05
97,1,Hamilton (Mercedes),43.78984,43.78984,Sunny,0.05
97,2,Hamilton (Mercedes),43.16113,86.95096,Sunny,0.05
97,3,Hamilton (Mercedes),43.19758,130.14855,Sunny,0.05
97,4,Hamilton (Mercedes),42.89152,173.04007,Sunny,0.05
97,5,Hamilton (Mercedes),42.50868,215.54875,Sunny,0.05
97,1,Verstappen (Red Bull),42.95833,42.95833,Sunny,0.05
97,2,Verstappen (Red Bull),42.44243,85.40076,Sunny,0.05
97,3,Verstappen (Red Bull),43.42731,128.82807,Sunny,0.05
97,4,Verstappen (Red Bull),42.86408,171.69215,Sunny,0.05
97,5,Verstappen (Red Bull),42.97999,214.67214,Sunny,0.05
97,1,Norris (McLaren),43.69481,43.69481,Sunny,0.05
97,2,Norris (McLaren),44.37334,88.06815,Sunny,0.05
97,3,Norris (McLaren),43.66879,131.73694,Sunny,0.05
97,4,Norris (McLaren),42.91306,174.65,Sunny,0.05
97,5,Norris (McLaren),43.9185,218.5685,Sunny,0.05
98,1,Hamilton (Mercedes),43.30127,43.30127,Sunny,0.05
98,2,Hamilton (Mercedes),42.01045,85.31172,Sunny,0.05
98,3,Hamilton (Mercedes),41.80786,127.11958,Sunny,0.05
98,4,Hamilton (Mercedes),42.77526,169.89484,Sunny,0.05
98,5,Hamilton (Mercedes),43.60691,213.50174,Sunny,0.05
98,1,Verstappen (Red Bull),42.84102,42.84102,Sunny,0.05
98,2,Verstappen (Red Bull),42.51102,85.35204,Sunny,0.05
98,3,Verstappen (Red Bull),43.87514,129.22719,Sunny,0.05
98,4,Verstappen (Red Bull),42.09479,171.32198,Sunny,0.05
98,5,Verstappen (Red Bull),43.10882,214.4308,Sunny,0.05
98,1,Norris (McLaren),42.74631,42.74631,Sunny,0.05
98,2,Norris (McLaren),43.38704,86.13335,Sunny,0.05
98,3,Norris (McLaren),42.29206,128.4254,Sunny,0.05
98,4,Norris (McLaren),43.42762,171.85303,Sunny,0.05
98,5,Norris (McLaren),42.74042,214.59345,Sunny,0.05
99,1,Hamilton (Mercedes),43.69364,43.69364,Sunny,0.05
99,2,Hamilton (Mercedes),42.4612,86.15483,Sunny,0.05
99,3,Hamilton (Mercedes),42.25206,128.4069,Sunny,0.05
99,4,Hamilton (Mercedes),43.41715,171.82404,Sunny,0.05
99,5,Hamilton (Mercedes),42.40279,214.22684,Sunny,0.05
99,1,Verstappen (Red Bull),43.61938,43.61938,Sunny,0.05
99,2,Verstappen (Red Bull),43.11404,86.73343,Sunny,0.05
99,3,Verstappen (Red Bull),42.06285,128.79628,Sunny,0.05
99,4,Verstappen (Red Bull),42.24724,171.04352,Sunny,0.05
99,5,Verstappen (Red Bull),42.44318,213.48669,Sunny,0.05
99,1,Norris (McLaren),42.82947,42.82947,Sunny,0.05
99,2,Norris (McLaren),42.62545,85.45492,Sunny,0.05
99,3,Norris (McLaren),42.89842,128.35334,Sunny,0.05
99,4,Norris (McLaren),43.60524,171.95858,Sunny,0.05
99,5,Norris (McLaren),42.4796,214.43819,Sunny,0.05
100,1,Hamilton (Mercedes),42.93553,42.93553,Sunny,0.05
100,2,Hamilton (Mercedes),43.12186,86.05739,Sunny,0.05
100,3,Hamilton (Mercedes),43.13941,129.1968,Sunny,0.05
100,4,Hamilton (Mercedes),44.2569,173.4537,Sunny,0.05
100,5,Hamilton (Mercedes),43.37211,216.82581,Sunny,0.05
100,1,Verstappen (Red Bull),43.23261,43.23261,Sunny,0.05
100,2,Verstappen (Red Bull),42.60034,85.83294,Sunny,0.05
100,3,Verstappen (Red Bull),43.25064,129.08359,Sunny,0.05
100,4,Verstappen (Red Bull),42.06149,171.14508,Sunny,0.05
100,5,Verstappen (Red Bull),43.16294,214.30802,Sunny,0.05
100,1,Norris (McLaren),43.82792,43.82792,Sunny,0.05
100,2,Norris (McLaren),43.86271,87.69063,Sunny,0.05
100,3,Norris (McLaren),43.58089,131.27152,Sunny,0.05
100,4,Norris (McLaren),42.41578,173.6873,Sunny,0.05
100,5,Norris (McLaren),42.651,216.3383,Sunny,0.05
101,1,Hamilton (Mercedes),43.60334,43.60334,Sunny,0.05
101,2,Hamilton (Mercedes),42.57614,86.17949,Sunny,0.05
101,3,Hamilton (Mercedes),43.67019,129.84968,Sunny,0.05
101,4,Hamilton (Mercedes),42.98852,172.8382,Sunny,0.05
101,5,Hamilton (Mercedes),42.21761,215.05581,Sunny,0.05
101,1,Verstappen (Red Bull),42.26982,42.26982,Sunny,0.05
101,2,Verstappen (Red Bull),42.60335,84.87317,Sunny,0.05
101,3,Verstappen (Red Bull),44.5335,129.40667,Sunny,0.05
101,4,Verstappen (Red Bull),43.40264,172.80931,Sunny,0.05
101,5,Verstappen (Red Bull),43.29938,216.10869,Sunny,0.05
101,1,Norris (McLaren),42.09577,42.09577,Sunny,0.05
101,2,Norris (McLaren),43.15258,85.24835,Sunny,0.05
101,3,Norris (McLaren),42.76329,128.01164,Sunny,0.05
101,4,Norris (McLaren),43.55621,171.56784,Sunny,0.05
101,5,Norris (McLaren),43.16688,214.73473,Sunny,0.05
102,1,Hamilton (Mercedes),43.13149,43.13149,Sunny,0.05
102,2,Hamilton (Mercedes),43.91489,87.04638,Sunny,0.05
102,3,Hamilton (Mercedes),42.53713,129.58351,Sunny,0.05
102,4,Hamilton (Mercedes),43.17,172.75351,Sunny,0.05
102,5,Hamilton (Mercedes),42.52582,215.27933,Sunny,0.05
102,1,Verstappen (Red Bull),43.6059,43.6059,Sunny,0.05
102,2,Verstappen (Red Bull),43.9824,87.5883,Sunny,0.05
102,3,Verstappen (Red Bull),43.70364,131.29193,Sunny,0.05
102,4,Verstappen (Red Bull),43.24139,174.53332,Sunny,0.05
102,5,Verstappen (Red Bull),42.43966,216.97298,Sunny,0.05
102,1,Norris (McLaren),42.8257,42.8257,Sunny,0.05
102,2,Norris (McLaren),44.0956,86.9213,Sunny,0.05
102,3,Norris (McLaren),42.76038,129.68167,Sunny,0.05
102,4,Norris (McLaren),44.82276,174.50443,Sunny,0.05
102,5,Norris (McLaren),43.46626,217.97069,Sunny,0.05
103,1,Hamilton (Mercedes),43.88068,43.88068,Sunny,0.05
103,2,Hamilton (Mercedes),42.85906,86.73974,Sunny,0.05
103,3,Hamilton (Mercedes),43.15692,129.89666,Sunny,0.05
103,4,Hamilton (Mercedes),43.55747,173.45413,Sunny,0.05
103,5,Hamilton (Mercedes),42.96557,216.4197,Sunny,0.05
103,1,Verstappen (Red Bull),43.10556,43.10556,Sunny,0.05
103,2,Verstappen (Red Bull),42.58278,85.68835,Sunny,0.05
103,3,Verstappen (Red Bull),42.91775,128.6061,Sunny,0.05
103,4,Verstappen (Red Bull),42.02526,170.63136,Sunny,0.05
103,5,Verstappen (Red Bull),42.0719,212.70326,Sunny,0.05
103,1,Norris (McLaren),43.1226,43.1226,Sunny,0.05
103,2,Norris (McLaren),43.73955,86.86215,Sunny,0.05
103,3,Norris (McLaren),43.62758,130.48973,Sunny,0.05
103,4,Norris (McLaren),43.13029,173.62001,Sunny,0.05
103,5,Norris (McLaren),42.65058,216.27059,Sunny,0.05
104,1,Hamilton (Mercedes),43.43569,43.43569,Sunny,0.05
104,2,Hamilton (Mercedes),43.93426,87.36995,Sunny,0.05
104,3,Hamilton (Mercedes),43.41145,130.7814,Sunny,0.05
104,4,Hamilton (Mercedes),42.44213,173.22353,Sunny,0.05
104,5,Hamilton (Mercedes),42.50477,215.7283,Sunny,0.05
104,1,Verstappen (Red Bull),42.50694,42.50694,Sunny,0.05
104,2,Verstappen (Red Bull),43.86092,86.36786,Sunny,0.05
104,3,Verstappen (Red Bull),42.30772,128.67558,Sunny,0.05
104,4,Verstappen (Red Bull),41.99994,170.67552,Sunny,0.05
104,5,Verstappen (Red Bull),41.97714,212.65266,Sunny,0.05
104,1,Norris (McLaren),43.32286,43.32286,Sunny,0.05
104,2,Norris (McLaren),42.65624,85.9791,Sunny,0.05
104,3,Norris (McLaren),43.37402,129.35312,Sunny,0.05
104,4,Norris (McLaren),43.83046,173.18358,Sunny,0.05
104,5,Norris (McLaren),43.28958,216.47316,Sunny,0.05
105,1,Hamilton (Mercedes),43.10433,43.10433,Sunny,0.05
105,2,Hamilton (Mercedes),43.45162,86.55595,Sunny,0.05
105,3,Hamilton (Mercedes),43.54187,130.09782,Sunny,0.05
105,4,Hamilton (Mercedes),43.26076,173.35857,Sunny,0.05
105,5,Hamilton (Mercedes),43.50528,216.86385,Sunny,0.05
105,1,Verstappen (Red Bull),42.66095,42.66095,Sunny,0.05
105,2,Verstappen (Red Bull),43.21165,85.8726,Sunny,0.05
105,3,Verstappen (Red Bull),42.15221,128.02482,Sunny,0.05
105,4,Verstappen (Red Bull),42.45996,170.48477,Sunny,0.05
105,5,Verstappen (Red Bull),43.20338,213.68816,Sunny,0.05
105,1,Norris (McLaren),42.74469,42.74469,Sunny,0.05
105,2,Norris (McLaren),42.91516,85.65985,Sunny,0.05
105,3,Norris (McLaren),44.25745,129.91731,Sunny,0.05
105,4,Norris (McLaren),43.26357,173.18087,Sunny,0.05
105,5,Norris (McLaren),43.68535,216.86622,Sunny,0.05
106,1,Hamilton (Mercedes),43.20498,43.20498,Sunny,0.05
106,2,Hamilton (Mercedes),43.2523,86.45728,Sunny,0.05
106,3,Hamilton (Mercedes),43.01387,129.47115,Sunny,0.05
106,4,Hamilton (Mercedes),43.52472,172.99587,Sunny,0.05
106,5,Hamilton (Mercedes),43.53039,216.52626,Sunny,0.05
106,1,Verstappen (Red Bull),43.24177,43.24177,Sunny,0.05
106,2,Verstappen (Red Bull),42.55509,85.79686,Sunny,0.05
106,3,Verstappen (Red Bull),42.09104,127.8879,Sunny,0.05
106,4,Verstappen (Red Bull),43.46152,171.34941,Sunny,0.05
106,5,Verstappen (Red Bull),42.28149,213.63091,Sunny,0.05
106,1,Norris (McLaren),42.29273,42.29273,Sunny,0.05
106,2,Norris (McLaren),43.09047,85.38321,Sunny,0.05
106,3,Norris (McLaren),43.7183,129.10151,Sunny,0.05
106,4,Norris (McLaren),43.5559,172.65741,Sunny,0.05
106,5,Norris (McLaren),42.85382,215.51123,Sunny,0.05
107,1,Hamilton (Mercedes),43.03025,43.03025,Sunny,0.05
107,2,Hamilton (Mercedes),42.15956,85.18981,Sunny,0.05
107,3,Hamilton (Mercedes),42.84931,128.03912,Sunny,0.05
107,4,Hamilton (Mercedes),43.74501,171.78413,Sunny,0.05
107,5,Hamilton (Mercedes),43.10054,214.88467,Sunny,0.05
107,1,Verstappen (Red Bull),43.54595,43.54595,Sunny,0.05
107,2,Verstappen (Red Bull),43.22248,86.76843,Sunny,0.05
107,3,Verstappen (Red Bull),43.04457,129.813,Sunny,0.05
107,4,Verstappen (Red Bull),42.07669,171.88969,Sunny,0.05
107,5,Verstappen (Red Bull),42.32797,214.21766,Sunny,0.05
107,1,Norris (McLaren),42.52072,42.52072,Sunny,0.05
107,2,Norris (McLaren),42.85721,85.37793,Sunny,0.05
107,3,Norris (McLaren),43.15745,128.53538,Sunny,0.05
107,4,Norris (McLaren),43.2017,171.73708,Sunny,0.05
107,5,Norris (McLaren),44.04487,215.78194,Sunny,0.05
108,1,Hamilton (Mercedes),41.59896,41.59896,Sunny,0.05
108,2,Hamilton (Mercedes),42.9445,84.54346,Sunny,0.05
108,3,Hamilton (Mercedes),42.01137,126.55483,Sunny,0.05
108,4,Hamilton (Mercedes),43.48309,170.03792,Sunny,0.05
108,5,Hamilton (Mercedes),43.04506,213.08298,Sunny,0.05
108,1,Verstappen (Red Bull),42.56274,42.56274,Sunny,0.05
108,2,Verstappen (Red Bull),43.94679,86.50953,Sunny,0.05
108,3,Verstappen (Red Bull),43.33383,129.84336,Sunny,0.05
108,4,Verstappen (Red Bull),42.79575,172.63911,Sunny,0.05
108,5,Verstappen (Red Bull),42.70763,215.34674,Sunny,0.05
108,1,Norris (McLaren),44.02836,44.02836,Sunny,0.05
108,2,Norris (McLaren),42.86662,86.89498,Sunny,0.05
108,3,Norris (McLaren),43.87359,130.76857,Sunny,0.05
108,4,Norris (McLaren),43.84291,174.61148,Sunny,0.05
108,5,Norris (McLaren),42.40332,217.0148,Sunny,0.05
109,1,Hamilton (Mercedes),42.95379,42.95379,Sunny,0.05
109,2,Hamilton (Mercedes),42.02618,84.97998,Sunny,0.05
109,3,Hamilton (Mercedes),42.92562,127.90559,Sunny,0.05
109,4,Hamilton (Mercedes),43.02193,170.92753,Sunny,0.05
109,5,Hamilton (Mercedes),42.35382,213.28135,Sunny,0.05
109,1,Verstappen (Red Bull),42.51824,42.51824,Sunny,0.05
109,2,Verstappen (Red Bull),43.21941,85.73765,Sunny,0.05
109,3,Verstappen (Red Bull),42.84523,128.58288,Sunny,0.05
109,4,Verstappen (Red Bull),43.25457,171.83745,Sunny,0.05
109,5,Verstappen (Red Bull),42.25787,214.09532,Sunny,0.05
109,1,Norris (McLaren),43.41015,43.41015,Sunny,0.05
109,2,Norris (McLaren),43.88609,87.29623,Sunny,0.05
109,3,Norris (McLaren),41.88751,129.18374,Sunny,0.05
109,4,Norris (McLaren),43.21756,172.4013,Sunny,0.05
109,5,Norris (McLaren),44.05717,216.45847,Sunny,0.05
110,1,Hamilton (Mercedes),43.34092,43.34092,Sunny,0.05
110,2,Hamilton (Mercedes),43.22052,86.56144,Sunny,0.05
110,3,Hamilton (Mercedes),43.41271,129.97416,Sunny,0.05
110,4,Hamilton (Mercedes),43.76711,173.74127,Sunny,0.05
110,5,Hamilton (Mercedes),43.25759,216.99885,Sunny,0.05
110,1,Verstappen (Red Bull),41.95402,41.95402,Sunny,0.05
110,2,Verstappen (Red Bull),43.44899,85.40301,Sunny,0.05
110,3,Verstappen (Red Bull),43.03716,128.44016,Sunny,0.05
110,4,Verstappen (Red Bull),42.96629,171.40645,Sunny,0.05
110,5,Verstappen (Red Bull),42.86699,214.27344,Sunny,0.05
110,1,Norris (McLaren),44.07335,44.07335,Sunny,0.05
110,2,Norris (McLaren),42.59802,86.67137,Sunny,0.05
110,3,Norris (McLaren),43.82378,130.49515,Sunny,0.05
110,4,Norris (McLaren),43.39538,173.89053,Sunny,0.05
110,5,Norris (McLaren),41.97986,215.87039,Sunny,0.05
111,1,Hamilton (Mercedes),42.49585,42.49585,Sunny,0.05
111,2,Hamilton (Mercedes),42.57047,85.06632,Sunny,0.05
111,3,Hamilton (Mercedes),43.3633,128.42962,Sunny,0.05
111,4,Hamilton (Mercedes),42.4194,170.84902,Sunny,0.05
111,5,Hamilton (Mercedes),43.82333,214.67235,Sunny,0.05
111,1,Verstappen (Red Bull),42.45689,42.45689,Sunny,0.05
111,2,Verstappen (Red Bull),43.39511,85.852,Sunny,0.05
111,3,Verstappen (Red Bull),42.60403,128.45603,Sunny,0.05
111,4,Verstappen (Red Bull),42.82637,171.28241,Sunny,0.05
111,5,Verstappen (Red Bull),43.89339,215.17579,Sunny,0.05
111,1,Norris (McLaren),42.74575,42.74575,Sunny,0.05
111,2,Norris (McLaren),43.6658,86.41155,Sunny,0.05
111,3,Norris (McLaren),42.35814,128.7697,Sunny,0.05
111,4,Norris (McLaren),43.04272,171.81242,Sunny,0.05
111,5,Norris (McLaren),42.19003,214.00245,Sunny,0.05
112,1,Hamilton (Mercedes),43.20965,43.20965,Sunny,0.05
112,2,Hamilton (Mercedes),42.18737,85.39702,Sunny,0.05
112,3,Hamilton (Mercedes),43.48371,128.88073,Sunny,0.05
112,4,Hamilton (Mercedes),43.20005,172.08078,Sunny,0.05
112,5,Hamilton (Mercedes),43.48836,215.56914,Sunny,0.05
112,1,Verstappen (Red Bull),43.24526,43.24526,Sunny,0.05
112,2,Verstappen (Red Bull),42.58872,85.83398,Sunny,0.05
112,3,Verstappen (Red Bull),42.70761,128.54159,Sunny,0.05
112,4,Verstappen (Red Bull),43.37438,171.91597,Sunny,0.05
112,5,Verstappen (Red Bull),43.11755,215.03352,Sunny,0.05
112,1,Norris (McLaren),43.31877,43.31877,Sunny,0.05
112,2,Norris (McLaren),43.07776,86.39653,Sunny,0.05
112,3,Norris (McLaren),44.99521,131.39175,Sunny,0.05
112,4,Norris (McLaren),42.47919,173.87094,Sunny,0.05
112,5,Norris (McLaren),43.24193,217.11286,Sunny,0.05
113,1,Hamilton (Mercedes),43.70955,43.70955,Sunny,0.05
113,2,Hamilton (Mercedes),43.31989,87.02944,Sunny,0.05
113,3,Hamilton (Mercedes),42.52987,129.55931,Sunny,0.05
113,4,Hamilton (Mercedes),42.79359,172.3529,Sunny,0.05
113,5,Hamilton (Mercedes),43.97217,216.32507,Sunny,0.05
113,1,Verstappen (Red Bull),43.4633,43.4633,Sunny,0.05
113,2,Verstappen (Red Bull),42.37474,85.83804,Sunny,0.05
113,3,Verstappen (Red Bull),41.83856,127.6766,Sunny,0.05
113,4,Verstappen (Red Bull),42.84555,170.52215,Sunny,0.05
113,5,Verstappen (Red Bull),43.75378,214.27593,Sunny,0.05
113,1,Norris (McLaren),43.59929,43.59929,Sunny,0.05
113,2,Norris (McLaren),43.57115,87.17044,Sunny,0.05
113,3,Norris (McLaren),43.22017,130.39061,Sunny,0.05
113,4,Norris (McLaren),43.28906,173.67967,Sunny,0.05
113,5,Norris (McLaren),43.36341,217.04308,Sunny,0.05
114,1,Hamilton (Mercedes),42.75102,42.75102,Sunny,0.05
114,2,Hamilton (Mercedes),42.89045,85.64147,Sunny,0.05
114,3,Hamilton (Mercedes),42.39147,128.03295,Sunny,0.05
114,4,Hamilton (Mercedes),43.52232,171.55526,Sunny,0.05
114,5,Hamilton (Mercedes),42.98851,214.54377,Sunny,0.05
114,1,Verstappen (Red Bull),43.47063,43.47063,Sunny,0.05
114,2,Verstappen (Red Bull),42.73361,86.20424,Sunny,0.05
114,3,Verstappen (Red Bull),44.12121,130.32544,Sunny,0.05
114,4,Verstappen (Red Bull),43.01242,173.33786,Sunny,0.05
114,5,Verstappen (Red Bull),41.7603,215.09816,Sunny,0.05
114,1,Norris (McLaren),42.52387,42.52387,Sunny,0.05
114,2,Norris (McLaren),42.35319,84.87706,Sunny,0.05
114,3,Norris (McLaren),42.74099,127.61805,Sunny,0.05
114,4,Norris (McLaren),41.80132,169.41937,Sunny,0.05
114,5,Norris (McLaren),43.37004,212.78941,Sunny,0.05
115,1,Hamilton (Mercedes),43.2906,43.2906,Sunny,0.05
115,2,Hamilton (Mercedes),42.4761,85.7667,Sunny,0.05
115,3,Hamilton (Mercedes),42.84564,128.61234,Sunny,0.05
115,4,Hamilton (Mercedes),42.86423,171.47657,Sunny,0.05
115,5,Hamilton (Mercedes),43.33696,214.81352,Sunny,0.05
115,1,Verstappen (Red Bull),44.0628,44.0628,Sunny,0.05
115,2,Verstappen (Red Bull),42.63574,86.69853,Sunny,0.05
115,3,Verstappen (Red Bull),43.15068,129.84922,Sunny,0.05
115,4,Verstappen (Red Bull),42.67508,172.52429,Sunny,0.05
115,5,Verstappen (Red Bull),43.26988,215.79418,Sunny,0.05
115,1,Norris (McLaren),43.46436,43.46436,Sunny,0.05
115,2,Norris (McLaren),42.37942,85.84378,Sunny,0.05
115,3,Norris (McLaren),42.40778,128.25156,Sunny,0.05
115,4,Norris (McLaren),42.04631,170.29787,Sunny,0.05
115,5,Norris (McLaren),42.40946,212.70734,Sunny,0.05
116,1,Hamilton (Mercedes),42.87951,42.87951,Sunny,0.05
116,2,Hamilton (Mercedes),42.55489,85.4344,Sunny,0.05
116,3,Hamilton (Mercedes),43.11444,128.54884,Sunny,0.05
116,4,Hamilton (Mercedes),43.55875,172.10759,Sunny,0.05
116,5,Hamilton (Mercedes),42.6902,214.79778,Sunny,0.05
116,1,Verstappen (Red Bull),42.80332,42.80332,Sunny,0.05
116,2,Verstappen (Red Bull),41.46208,84.2654,Sunny,0.05
116,3,Verstappen (Red Bull),42.60207,126.86747,Sunny,0.05
116,4,Verstappen (Red Bull),42.02895,168.89642,Sunny,0.05
116,5,Verstappen (Red Bull),42.5189,211.41532,Sunny,0.05
116,1,Norris (McLaren),43.12839,43.12839,Sunny,0.05
116,2,Norris (McLaren),42.58286,85.71125,Sunny,0.05
116,3,Norris (McLaren),44.76537,130.47662,Sunny,0.05
116,4,Norris (McLaren),44.00257,174.47919,Sunny,0.05
116,5,Norris (McLaren),42.59306,217.07225,Sunny,0.05
117,1,Hamilton (Mercedes),42.6965,42.6965,Sunny,0.05
117,2,Hamilton (Mercedes),43.8279,86.5244,Sunny,0.05
117,3,Hamilton (Mercedes),43.68362,130.20802,Sunny,0.05
117,4,Hamilton (Mercedes),43.6517,173.85972,Sunny,0.05
117,5,Hamilton (Mercedes),44.42601,218.28573,Sunny,0.05
117,1,Verstappen (Red Bull),42.30203,42.30203,Sunny,0.05
117,2,Verstappen (Red Bull),43.00515,85.30718,Sunny,0.05
117,3,Verstappen (Red Bull),42.4489,127.75608,Sunny,0.05
117,4,Verstappen (Red Bull),42.36734,170.12342,Sunny,0.05
117,5,Verstappen (Red Bull),42.83123,212.95465,Sunny,0.05
117,1,Norris (McLaren),44.30187,44.30187,Sunny,0.05
117,2,Norris (McLaren),42.7173,87.01917,Sunny,0.05
117,3,Norris (McLaren),43.91108,130.93025,Sunny,0.05
117,4,Norris (McLaren),43.24515,174.1754,Sunny,0.05
117,5,Norris (McLaren),42.07287,216.24827,Sunny,0.05
118,1,Hamilton (Mercedes),43.49551,43.49551,Sunny,0.05
118,2,Hamilton (Mercedes),42.74939,86.2449,Sunny,0.05
118,3,Hamilton (Mercedes),43.00528,129.25019,Sunny,0.05
118,4,Hamilton (Mercedes),43.2548,172.50499,Sunny,0.05
118,5,Hamilton (Mercedes),43.221,215.72599,Sunny,0.05
118,1,Verstappen (Red Bull),43.1188,43.1188,Sunny,0.05
118,2,Verstappen (Red Bull),42.80448,85.92328,Sunny,0.05
118,3,Verstappen (Red Bull),42.38426,128.30753,Sunny,0.05
118,4,Verstappen (Red Bull),43.42091,171.72845,Sunny,0.05
118,5,Verstappen (Red Bull),42.96581,214.69426,Sunny,0.05
118,1,Norris (McLaren),43.29408,43.29408,Sunny,0.05
118,2,Norris (McLaren),43.41657,86.71065,Sunny,0.05
118,3,Norris (McLaren),43.33059,130.04124,Sunny,0.05
118,4,Norris (McLaren),43.39725,173.43849,Sunny,0.05
118,5,Norris (McLaren),42.28189,215.72038,Sunny,0.05
119,1,Hamilton (Mercedes),42.66022,42.66022,Sunny,0.05
119,2,Hamilton (Mercedes),43.57605,86.23627,Sunny,0.05
119,3,Hamilton (Mercedes),43.35958,129.59585,Sunny,0.05
119,4,Hamilton (Mercedes),42.87294,172.46879,Sunny,0.05
119,5,Hamilton (Mercedes),43.42602,215.89481,Sunny,0.05
119,1,Verstappen (Red Bull),42.57985,42.57985,Sunny,0.05
119,2,Verstappen (Red Bull),42.9198,85.49965,Sunny,0.05
119,3,Verstappen (Red Bull),41.57693,127.07657,Sunny,0.05
119,4,Verstappen (Red Bull),43.20016,170.27674,Sunny,0.05
119,5,Verstappen (Red Bull),42.92969,213.20643,Sunny,0.05
119,1,Norris (McLaren),42.56694,42.56694,Sunny,0.05
119,2,Norris (McLaren),44.69505,87.26199,Sunny,0.05
119,3,Norris (McLaren),44.32248,131.58446,Sunny,0.05
119,4,Norris (McLaren),44.43432,176.01879,Sunny,0.05
119,5,Norris (McLaren),42.97672,218.99551,Sunny,0.05
120,1,Hamilton (Mercedes),43.10247,43.10247,Sunny,0.05
120,2,Hamilton (Mercedes),43.25809,86.36056,Sunny,0.05
120,3,Hamilton (Mercedes),42.72217,129.08273,Sunny,0.05
120,4,Hamilton (Mercedes),43.9378,173.02053,Sunny,0.05
120,5,Hamilton (Mercedes),43.29549,216.31602,Sunny,0.05
120,1,Verstappen (Red Bull),41.52401,41.52401,Sunny,0.05
120,2,Verstappen (Red Bull),43.1728,84.69681,Sunny,0.05
120,3,Verstappen (Red Bull),43.85788,128.55469,Sunny,0.05
120,4,Verstappen (Red Bull),42.381,170.93569,Sunny,0.05
120,5,Verstappen (Red Bull),43.32541,214.2611,Sunny,0.05
120,1,Norris (McLaren),43.463,43.463,Sunny,0.05
120,2,Norris (McLaren),44.13789,87.60089,Sunny,0.05
120,3,Norris (McLaren),42.80503,130.40592,Sunny,0.05
120,4,Norris (McLaren),42.45687,172.86279,Sunny,0.05
120,5,Norris (McLaren),43.37774,216.24053,Sunny,0.05
121,1,Hamilton (Mercedes),44.23844,44.23844,Sunny,0.05
121,2,Hamilton (Mercedes),42.54004,86.77848,Sunny,0.05
121,3,Hamilton (Mercedes),41.66276,128.44124,Sunny,0.05
121,4,Hamilton (Mercedes),44.34634,172.78757,Sunny,0.05
121,5,Hamilton (Mercedes),41.69412,214.48169,Sunny,0.05
121,1,Verstappen (Red Bull),42.36494,42.36494,Sunny,0.05
121,2,Verstappen (Red Bull),41.53267,83.89761,Sunny,0.05
121,3,Verstappen (Red Bull),42.25031,126.14792,Sunny,0.05
121,4,Verstappen (Red Bull),42.77802,168.92594,Sunny,0.05
121,5,Verstappen (Red Bull),41.37088,210.29682,Sunny,0.05
121,1,Norris (McLaren),42.55799,42.55799,Sunny,0.05
121,2,Norris (McLaren),43.1224,85.68039,Sunny,0.05
121,3,Norris (McLaren),42.9167,128.59709,Sunny,0.05
121,4,Norris (McLaren),43.07398,171.67107,Sunny,0.05
121,5,Norris (McLaren),43.54461,215.21568,Sunny,0.05
122,1,Hamilton (Mercedes),43.12416,43.12416,Sunny,0.05
122,2,Hamilton (Mercedes),42.89606,86.02022,Sunny,0.05
122,3,Hamilton (Mercedes),43.16615,129.18637,Sunny,0.05
122,4,Hamilton (Mercedes),43.39346,172.57983,Sunny,0.05
122,5,Hamilton (Mercedes),42.67119,215.25102,Sunny,0.05
122,1,Verstappen (Red Bull),42.35366,42.35366,Sunny,0.05
122,2,Verstappen (Red Bull),42.87544,85.2291,Sunny,0.05
122,3,Verstappen (Red Bull),43.10781,128.33692,Sunny,0.05
122,4,Verstappen (Red Bull),41.66025,169.99717,Sunny,0.05
122,5,Verstappen (Red Bull),43.70212,213.69929,Sunny,0.05
122,1,Norris (McLaren),42.9489,42.9489,Sunny,0.05
122,2,Norris (McLaren),43.75109,86.69999,Sunny,0.05
122,3,Norris (McLaren),44.61199,131.31197,Sunny,0.05
122,4,Norris (McLaren),43.22491,174.53688,Sunny,0.05
122,5,Norris (McLaren),43.62655,218.16343,Sunny,0.05
123,1,Hamilton (Mercedes),43.17153,43.17153,Sunny,0.05
123,2,Hamilton (Mercedes),43.34763,86.51916,Sunny,0.05
123,3,Hamilton (Mercedes),43.04565,129.56481,Sunny,0.05
123,4,Hamilton (Mercedes),43.4506,173.0154,Sunny,0.05
123,5,Hamilton (Mercedes),43.06053,216.07594,Sunny,0.05
123,1,Verstappen (Red Bull),43.40905,43.40905,Sunny,0.05
123,2,Verstappen (Red Bull),42.82278,86.23183,Sunny,0.05
123,3,Verstappen (Red Bull),43.02098,129.25281,Sunny,0.05
123,4,Verstappen (Red Bull),42.7844,172.03721,Sunny,0.05
123,5,Verstappen (Red Bull),42.00199,214.03921,Sunny,0.05
123,1,Norris (McLaren),44.35571,44.35571,Sunny,0.05
123,2,Norris (McLaren),43.96087,88.31658,Sunny,0.05
123,3,Norris (McLaren),43.70058,132.01716,Sunny,0.05
123,4,Norris (McLaren),44.68109,176.69824,Sunny,0.05
123,5,Norris (McLaren),44.08827,220.78651,Sunny,0.05
124,1,Hamilton (Mercedes),42.71153,42.71153,Sunny,0.05
124,2,Hamilton (Mercedes),43.09549,85.80702,Sunny,0.05
124,3,Hamilton (Mercedes),43.09982,128.90684,Sunny,0.05
124,4,Hamilton (Mercedes),43.14902,172.05586,Sunny,0.05
124,5,Hamilton (Mercedes),43.44926,215.50512,Sunny,0.05
124,1,Verstappen (Red Bull),42.66225,42.66225,Sunny,0.05
124,2,Verstappen (Red Bull),42.20193,84.86418,Sunny,0.05
124,3,Verstappen (Red Bull),41.98552,126.8497,Sunny,0.05
124,4,Verstappen (Red Bull),41.82924,168.67894,Sunny,0.05
124,5,Verstappen (Red Bull),43.5938,212.27274,Sunny,0.05
124,1,Norris (McLaren),43.31366,43.31366,Sunny,0.05
124,2,Norris (McLaren),42.39483,85.70849,Sunny,0.05
124,3,Norris (McLaren),43.92097,129.62946,Sunny,0.05
124,4,Norris (McLaren),44.21623,173.84569,Sunny,0.05
124,5,Norris (McLaren),42.65752,216.50321,Sunny,0.05
125,1,Hamilton (Mercedes),43.15063,43.15063,Sunny,0.05
125,2,Hamilton (Mercedes),42.74116,85.89179,Sunny,0.05
125,3,Hamilton (Mercedes),43.22134,129.11313,Sunny,0.05
125,4,Hamilton (Mercedes),43.7596,172.87273,Sunny,0.05
125,5,Hamilton (Mercedes),43.16768,216.04041,Sunny,0.05
125,1,Verstappen (Red Bull),42.29409,42.29409,Sunny,0.05
125,2,Verstappen (Red Bull),42.86452,85.1586,Sunny,0.05
125,3,Verstappen (Red Bull),41.65779,126.8164,Sunny,0.05
125,4,Verstappen (Red Bull),43.8145,170.6309,Sunny,0.05
125,5,Verstappen (Red Bull),42.20971,212.8406,Sunny,0.05
125,1,Norris (McLaren),44.31707,44.31707,Sunny,0.05
125,2,Norris (McLaren),43.44103,87.7581,Sunny,0.05
125,3,Norris (McLaren),42.23412,129.99222,Sunny,0.05
125,4,Norris (McLaren),42.82955,172.82178,Sunny,0.05
125,5,Norris (McLaren),42.9537,215.77547,Sunny,0.05
126,1,Hamilton (Mercedes),42.90219,42.90219,Sunny,0.05
126,2,Hamilton (Mercedes),43.61964,86.52183,Sunny,0.05
126,3,Hamilton (Mercedes),42.98202,129.50384,Sunny,0.05
126,4,Hamilton (Mercedes),43.45431,172.95815,Sunny,0.05
126,5,Hamilton (Mercedes),42.95722,215.91537,Sunny,0.05
126,1,Verstappen (Red Bull),42.64476,42.64476,Sunny,0.05
126,2,Verstappen (Red Bull),41.87536,84.52012,Sunny,0.05
126,3,Verstappen (Red Bull),43.52358,128.0437,Sunny,0.05
126,4,Verstappen (Red Bull),42.88682,170.93052,Sunny,0.05
126,5,Verstappen (Red Bull),42.82893,213.75945,Sunny,0.05
126,1,Norris (McLaren),43.75084,43.75084,Sunny,0.05
126,2,Norris (McLaren),42.70941,86.46025,Sunny,0.05
126,3,Norris (McLaren),43.87168,130.33193,Sunny,0.05
126,4,Norris (McLaren),42.94715,173.27908,Sunny,0.05
126,5,Norris (McLaren),42.67004,215.94912,Sunny,0.05
127,1,Hamilton (Mercedes),42.51311,42.51311,Sunny,0.05
127,2,Hamilton (Mercedes),41.91871,84.43181,Sunny,0.05
127,3,Hamilton (Mercedes),42.73409,127.1659,Sunny,0.05
127,4,Hamilton (Mercedes),42.5911,169.757,Sunny,0.05
127,5,Hamilton (Mercedes),42.64136,212.39836,Sunny,0.05
127,1,Verstappen (Red Bull),43.86938,43.86938,Sunny,0.05
127,2,Verstappen (Red Bull),42.74988,86.61926,Sunny,0.05
127,3,Verstappen (Red Bull),42.5108,129.13005,Sunny,0.05
127,4,Verstappen (Red Bull),43.2642,172.39426,Sunny,0.05
127,5,Verstappen (Red Bull),42.02979,214.42405,Sunny,0.05
127,1,Norris (McLaren),43.04001,43.04001,Sunny,0.05
127,2,Norris (McLaren),41.92573,84.96574,Sunny,0.05
127,3,Norris (McLaren),44.42162,129.38736,Sunny,0.05
127,4,Norris (McLaren),43.39378,172.78114,Sunny,0.05
127,5,Norris (McLaren),42.72853,215.50967,Sunny,0.05
128,1,Hamilton (Mercedes),43.03716,43.03716,Sunny,0.05
128,2,Hamilton (Mercedes),43.44648,86.48363,Sunny,0.05
128,3,Hamilton (Mercedes),43.13708,129.62071,Sunny,0.05
128,4,Hamilton (Mercedes),43.22732,172.84803,Sunny,0.05
128,5,Hamilton (Mercedes),43.46359,216.31162,Sunny,0.05
128,1,Verstappen (Red Bull),42.53681,42.53681,Sunny,0.05
128,2,Verstappen (Red Bull),43.5367,86.07351,Sunny,0.05
128,3,Verstappen (Red Bull),43.08183,129.15534,Sunny,0.05
128,4,Verstappen (Red Bull),42.7121,171.86744,Sunny,0.05
128,5,Verstappen (Red Bull),42.41192,214.27936,Sunny,0.05
128,1,Norris (McLaren),43.75781,43.75781,Sunny,0.05
128,2,Norris (McLaren),42.89052,86.64833,Sunny,0.05
128,3,Norris (McLaren),42.84027,129.4886,Sunny,0.05
128,4,Norris (McLaren),42.89186,172.38045,Sunny,0.05
128,5,Norris (McLaren),43.86257,216.24302,Sunny,0.05
129,1,Hamilton (Mercedes),42.66886,42.66886,Sunny,0.05
129,2,Hamilton (Mercedes),43.56732,86.23619,Sunny,0.05
129,3,Hamilton (Mercedes),43.71536,129.95154,Sunny,0.05
129,4,Hamilton (Mercedes),43.12295,173.07449,Sunny,0.05
129,5,Hamilton (Mercedes),42.62797,215.70246,Sunny,0.05
129,1,Verstappen (Red Bull),42.29786,42.29786,Sunny,0.05
129,2,Verstappen (Red Bull),42.58171,84.87957,Sunny,0.05
129,3,Verstappen (Red Bull),42.78317,127.66274,Sunny,0.05
129,4,Verstappen (Red Bull),42.49244,170.15519,Sunny,0.05
129,5,Verstappen (Red Bull),42.49771,212.6529,Sunny,0.05
129,1,Norris (McLaren),43.13315,43.13315,Sunny,0.05
129,2,Norris (McLaren),43.70312,86.83626,Sunny,0.05
129,3,Norris (McLaren),42.73112,129.56738,Sunny,0.05
129,4,Norris (McLaren),42.70316,172.27055,Sunny,0.05
129,5,Norris (McLaren),43.05776,215.32831,Sunny,0.05
130,1,Hamilton (Mercedes),41.84129,41.84129,Sunny,0.05
130,2,Hamilton (Mercedes),42.80581,84.64709,Sunny,0.05
130,3,Hamilton (Mercedes),42.37815,127.02524,Sunny,0.05
130,4,Hamilton (Mercedes),41.67708,168.70232,Sunny,0.05
130,5,Hamilton (Mercedes),43.12427,211.82659,Sunny,0.05
130,1,Verstappen (Red Bull),42.46481,42.46481,Sunny,0.05
130,2,Verstappen (Red Bull),43.16208,85.62689,Sunny,0.05
130,3,Verstappen (Red Bull),43.3058,128.93269,Sunny,0.05
130,4,Verstappen (Red Bull),41.40541,170.3381,Sunny,0.05
130,5,Verstappen (Red Bull),42.25197,212.59007,Sunny,0.05
130,1,Norris (McLaren),44.68123,44.68123,Sunny,0.05
130,2,Norris (McLaren),42.79371,87.47494,Sunny,0.05
130,3,Norris (McLaren),42.89339,130.36833,Sunny,0.05
130,4,Norris (McLaren),41.25014,171.61846,Sunny,0.05
130,5,Norris (McLaren),42.90141,214.51987,Sunny,0.05
131,1,Hamilton (Mercedes),43.08699,43.08699,Sunny,0.05
131,2,Hamilton (Mercedes),43.76039,86.84738,Sunny,0.05
131,3,Hamilton (Mercedes),42.35401,129.20139,Sunny,0.05
131,4,Hamilton (Mercedes),42.35457,171.55596,Sunny,0.05
131,5,Hamilton (Mercedes),42.71484,214.2708,Sunny,0.05
131,1,Verstappen (Red Bull),43.40498,43.40498,Sunny,0.05
131,2,Verstappen (Red Bull),42.72265,86.12763,Sunny,0.05
131,3,Verstappen (Red Bull),41.92555,128.05318,Sunny,0.05
131,4,Verstappen (Red Bull),42.96209,171.01527,Sunny,0.05
131,5,Verstappen (Red Bull),42.21755,213.23283,Sunny,0.05
131,1,Norris (McLaren),43.54673,43.54673,Sunny,0.05
131,2,Norris (McLaren),43.84343,87.39017,Sunny,0.05
131,3,Norris (McLaren),43.73317,131.12334,Sunny,0.05
131,4,Norris (McLaren),44.10951,175.23284,Sunny,0.05
131,5,Norris (McLaren),43.57332,218.80616,Sunny,0.05
132,1,Hamilton (Mercedes),43.16439,43.16439,Sunny,0.05
132,2,Hamilton (Mercedes),43.17821,86.3426,Sunny,0.05
132,3,Hamilton (Mercedes),44.16448,130.50709,Sunny,0.05
132,4,Hamilton (Mercedes),42.89356,173.40065,Sunny,0.05
132,5,Hamilton (Mercedes),42.65537,216.05602,Sunny,0.05
132,1,Verstappen (Red Bull),43.33241,43.33241,Sunny,0.05
132,2,Verstappen (Red Bull),42.39097,85.72338,Sunny,0.05
132,3,Verstappen (Red Bull),42.34729,128.07066,Sunny,0.05
132,4,Verstappen (Red Bull),42.90954,170.9802,Sunny,0.05
132,5,Verstappen (Red Bull),42.55322,213.53342,Sunny,0.05
132,1,Norris (McLaren),43.72979,43.72979,Sunny,0.05
132,2,Norris (McLaren),43.22319,86.95298,Sunny,0.05
132,3,Norris (McLaren),42.95634,129.90932,Sunny,0.05
132,4,Norris (McLaren),42.79828,172.7076,Sunny,0.05
132,5,Norris (McLaren),42.98397,215.69157,Sunny,0.05
133,1,Hamilton (Mercedes),43.03982,43.03982,Sunny,0.05
133,2,Hamilton (Mercedes),43.20016,86.23998,Sunny,0.05
133,3,Hamilton (Mercedes),43.19172,129.4317,Sunny,0.05
133,4,Hamilton (Mercedes),42.97329,172.40499,Sunny,0.05
133,5,Hamilton (Mercedes),42.87665,215.28164,Sunny,0.05
133,1,Verstappen (Red Bull),42.80838,42.80838,Sunny,0.05
133,2,Verstappen (Red Bull),43.30136,86.10974,Sunny,0.05
133,3,Verstappen (Red Bull),42.12637,128.23611,Sunny,0.05
133,4,Verstappen (Red Bull),42.54835,170.78446,Sunny,0.05
133,5,Verstappen (Red Bull),43.04452,213.82898,Sunny,0.05
133,1,Norris (McLaren),42.40741,42.40741,Sunny,0.05
133,2,Norris (McLaren),43.13628,85.54369,Sunny,0.05
133,3,Norris (McLaren),43.90867,129.45236,Sunny,0.05
133,4,Norris (McLaren),42.75449,172.20685,Sunny,0.05
133,5,Norris (McLaren),42.47272,214.67957,Sunny,0.05
134,1,Hamilton (Mercedes),42.55288,42.55288,Sunny,0.05
134,2,Hamilton (Mercedes),43.6151,86.16799,Sunny,0.05
134,3,Hamilton (Mercedes),43.94736,130.11535,Sunny,0.05
134,4,Hamilton (Mercedes),42.72233,172.83768,Sunny,0.05
134,5,Hamilton (Mercedes),42.43898,215.27665,Sunny,0.05
134,1,Verstappen (Red Bull),42.43708,42.43708,Sunny,0.05
134,2,Verstappen (Red Bull),43.94222,86.3793,Sunny,0.05
134,3,Verstappen (Red Bull),43.55903,129.93833,Sunny,0.05
134,4,Verstappen (Red Bull),43.44113,173.37947,Sunny,0.05
134,5,Verstappen (Red Bull),43.16685,216.54632,Sunny,0.05
134,1,Norris (McLaren),43.01972,43.01972,Sunny,0.05
134,2,Norris (McLaren),43.33253,86.35225,Sunny,0.05
134,3,Norris (McLaren),43.10789,129.46014,Sunny,0.05
134,4,Norris (McLaren),44.09655,173.55668,Sunny,0.05
134,5,Norris (McLaren),41.82962,215.3863,Sunny,0.05
135,1,Hamilton (Mercedes),43.11742,43.11742,Sunny,0.05
135,2,Hamilton (Mercedes),43.36829,86.48571,Sunny,0.05
135,3,Hamilton (Mercedes),42.7796,129.2653,Sunny,0.05
135,4,Hamilton (Mercedes),41.95397,171.21928,Sunny,0.05
135,5,Hamilton (Mercedes),42.8857,214.10497,Sunny,0.05
135,1,Verstappen (Red Bull),42.50859,42.50859,Sunny,0.05
135,2,Verstappen (Red Bull),42.32535,84.83394,Sunny,0.05
135,3,Verstappen (Red Bull),41.04628,125.88022,Sunny,0.05
135,4,Verstappen (Red Bull),43.29781,169.17803,Sunny,0.05
135,5,Verstappen (Red Bull),43.67494,212.85297,Sunny,0.05
135,1,Norris (McLaren),43.15419,43.15419,Sunny,0.05
135,2,Norris (McLaren),44.18476,87.33895,Sunny,0.05
135,3,Norris (McLaren),43.20457,130.54352,Sunny,0.05
135,4,Norris (McLaren),43.98797,174.53149,Sunny,0.05
135,5,Norris (McLaren),42.37603,216.90752,Sunny,0.05
136,1,Hamilton (Mercedes),43.91323,43.91323,Sunny,0.05
136,2,Hamilton (Mercedes),42.56457,86.4778,Sunny,0.05
136,3,Hamilton (Mercedes),42.66517,129.14297,Sunny,0.05
136,4,Hamilton (Mercedes),43.12379,172.26676,Sunny,0.05
136,5,Hamilton (Mercedes),43.75018,216.01694,Sunny,0.05
136,1,Verstappen (Red Bull),42.94558,42.94558,Sunny,0.05
136,2,Verstappen (Red Bull),41.21169,84.15727,Sunny,0.05
136,3,Verstappen (Red Bull),42.07323,126.2305,Sunny,0.05
136,4,Verstappen (Red Bull),43.3905,169.62099,Sunny,0.05
136,5,Verstappen (Red Bull),42.63603,212.25703,Sunny,0.05
136,1,Norris (McLaren),42.6862,42.6862,Sunny,0.05
136,2,Norris (McLaren),44.06047,86.74668,Sunny,0.05
136,3,Norris (McLaren),43.56922,130.3159,Sunny,0.05
136,4,Norris (McLaren),43.41366,173.72956,Sunny,0.05
136,5,Norris (McLaren),43.09698,216.82653,Sunny,0.05
137,1,Hamilton (Mercedes),42.59768,42.59768,Sunny,0.05
137,2,Hamilton (Mercedes),43.08822,85.6859,Sunny,0.05
137,3,Hamilton (Mercedes),42.49088,128.17678,Sunny,0.05
137,4,Hamilton (Mercedes),42.64639,170.82318,Sunny,0.05
137,5,Hamilton (Mercedes),43.09208,213.91526,Sunny,0.05
137,1,Verstappen (Red Bull),43.56619,43.56619,Sunny,0.05
137,2,Verstappen (Red Bull),42.66361,86.2298,Sunny,0.05
137,3,Verstappen (Red Bull),43.56886,129.79866,Sunny,0.05
137,4,Verstappen (Red Bull),43.27805,173.07671,Sunny,0.05
137,5,Verstappen (Red Bull),42.62035,215.69706,Sunny,0.05
137,1,Norris (McLaren),43.83509,43.83509,Sunny,0.05
137,2,Norris (McLaren),43.58232,87.41741,Sunny,0.05
137,3,Norris (McLaren),43.3113,130.7287,Sunny,0.05
137,4,Norris (McLaren),42.79932,173.52802,Sunny,0.05
137,5,Norris (McLaren),42.06633,215.59435,Sunny,0.05
138,1,Hamilton (Mercedes),43.8861,43.8861,Sunny,0.05
138,2,Hamilton (Mercedes),43.18751,87.07362,Sunny,0.05
138,3,Hamilton (Mercedes),42.67229,129.74591,Sunny,0.05
138,4,Hamilton (Mercedes),42.30563,172.05154,Sunny,0.05
138,5,Hamilton (Mercedes),42.63515,214.68669,Sunny,0.05
138,1,Verstappen (Red Bull),43.1341,43.1341,Sunny,0.05
138,2,Verstappen (Red Bull),42.28288,85.41698,Sunny,0.05
138,3,Verstappen (Red Bull),43.27184,128.68882,Sunny,0.05
138,4,Verstappen (Red Bull),42.42612,171.11494,Sunny,0.05
138,5,Verstappen (Red Bull),43.65974,214.77468,Sunny,0.05
138,1,Norris (McLaren),42.68086,42.68086,Sunny,0.05
138,2,Norris (McLaren),41.74987,84.43073,Sunny,0.05
138,3,Norris (McLaren),44.2904,128.72113,Sunny,0.05
138,4,Norris (McLaren),44.26207,172.9832,Sunny,0.05
138,5,Norris (McLaren),42.88069,215.86389,Sunny,0.05
139,1,Hamilton (Mercedes),42.71159,42.71159,Sunny,0.05
139,2,Hamilton (Mercedes),42.99564,85.70723,Sunny,0.05
139,3,Hamilton (Mercedes),43.49407,129.2013,Sunny,0.05
139,4,Hamilton (Mercedes),43.34162,172.54292,Sunny,0.05
139,5,Hamilton (Mercedes),43.0455,215.58841,Sunny,0.05
139,1,Verstappen (Red Bull),42.02773,42.02773,Sunny,0.05
139,2,Verstappen (Red Bull),43.17126,85.19899,Sunny,0.05
139,3,Verstappen (Red Bull),43.1334,128.3324,Sunny,0.05
139,4,Verstappen (Red Bull),43.76164,172.09404,Sunny,0.05
139,5,Verstappen (Red Bull),42.05298,214.14701,Sunny,0.05
139,1,Norris (McLaren),42.47155,42.47155,Sunny,0.05
139,2,Norris (McLaren),43.70676,86.17831,Sunny,0.05
139,3,Norris (McLaren),43.35098,129.52929,Sunny,0.05
139,4,Norris (McLaren),43.12119,172.65048,Sunny,0.05
139,5,Norris (McLaren),43.0205,215.67098,Sunny,0.05
140,1,Hamilton (Mercedes),43.09734,43.09734,Sunny,0.05
140,2,Hamilton (Mercedes),42.60956,85.7069,Sunny,0.05
140,3,Hamilton (Mercedes),42.48565,128.19255,Sunny,0.05
140,4,Hamilton (Mercedes),42.35775,170.5503,Sunny,0.05
140,5,Hamilton (Mercedes),43.19192,213.74223,Sunny,0.05
140,1,Verstappen (Red Bull),43.94362,43.94362,Sunny,0.05
140,2,Verstappen (Red Bull),42.8532,86.79682,Sunny,0.05
140,3,Verstappen (Red Bull),42.43277,129.22959,Sunny,0.05
140,4,Verstappen (Red Bull),43.46329,172.69288,Sunny,0.05
140,5,Verstappen (Red Bull),42.58393,215.27681,Sunny,0.05
140,1,Norris (McLaren),43.57722,43.57722,Sunny,0.05
140,2,Norris (McLaren),44.77026,88.34748,Sunny,0.05
140,3,Norris (McLaren),42.85253,131.20001,Sunny,0.05
140,4,Norris (McLaren),42.86386,174.06387,Sunny,0.05
140,5,Norris (McLaren),42.88482,216.94869,Sunny,0.05
141,1,Hamilton (Mercedes),43.25633,43.25633,Sunny,0.05
141,2,Hamilton (Mercedes),43.80599,87.06232,Sunny,0.05
141,3,Hamilton (Mercedes),42.06872,129.13104,Sunny,0.05
141,4,Hamilton (Mercedes),43.20987,172.34091,Sunny,0.05
141,5,Hamilton (Mercedes),44.14245,216.48335,Sunny,0.05
141,1,Verstappen (Red Bull),42.36362,42.36362,Sunny,0.05
141,2,Verstappen (Red Bull),43.09676,85.46038,Sunny,0.05
141,3,Verstappen (Red Bull),42.03272,127.49309,Sunny,0.05
141,4,Verstappen (Red Bull),43.03838,170.53148,Sunny,0.05
141,5,Verstappen (Red Bull),41.85752,212.389,Sunny,0.05
141,1,Norris (McLaren),43.06167,43.06167,Sunny,0.05
141,2,Norris (McLaren),43.13483,86.1965,Sunny,0.05
141,3,Norris (McLaren),43.33394,129.53044,Sunny,0.05
141,4,Norris (McLaren),44.47772,174.00815,Sunny,0.05
141,5,Norris (McLaren),43.90143,217.90958,Sunny,0.05
142,1,Hamilton (Mercedes),43.01058,43.01058,Sunny,0.05
142,2,Hamilton (Mercedes),42.71329,85.72386,Sunny,0.05
142,3,Hamilton (Mercedes),42.86571,128.58958,Sunny,0.05
142,4,Hamilton (Mercedes),43.00745,171.59703,Sunny,0.05
142,5,Hamilton (Mercedes),43.73886,215.33588,Sunny,0.05
142,1,Verstappen (Red Bull),42.72446,42.72446,Sunny,0.05
142,2,Verstappen (Red Bull),42.70515,85.42961,Sunny,0.05
142,3,Verstappen (Red Bull),42.39227,127.82188,Sunny,0.05
142,4,Verstappen (Red Bull),41.8577,169.67958,Sunny,0.05
142,5,Verstappen (Red Bull),42.74679,212.42637,Sunny,0.05
142,1,Norris (McLaren),43.63622,43.63622,Sunny,0.05
142,2,Norris (McLaren),42.72978,86.366,Sunny,0.05
142,3,Norris (McLaren),42.34943,128.71542,Sunny,0.05
142,4,Norris (McLaren),44.22751,172.94294,Sunny,0.05
142,5,Norris (McLaren),43.52813,216.47107,Sunny,0.05
143,1,Hamilton (Mercedes),43.49982,43.49982,Sunny,0.05
143,2,Hamilton (Mercedes),43.62134,87.12115,Sunny,0.05
143,3,Hamilton (Mercedes),42.52142,129.64258,Sunny,0.05
143,4,Hamilton (Mercedes),43.3567,172.99927,Sunny,0.05
143,5,Hamilton (Mercedes),43.39234,216.39161,Sunny,0.05
143,1,Verstappen (Red Bull),42.67787,42.67787,Sunny,0.05
143,2,Verstappen (Red Bull),43.08552,85.76338,Sunny,0.05
143,3,Verstappen (Red Bull),43.11911,128.88249,Sunny,0.05
143,4,Verstappen (Red Bull),42.96549,171.84798,Sunny,0.05
143,5,Verstappen (Red Bull),44.08752,215.9355,Sunny,0.05
143,1,Norris (McLaren),41.96035,41.96035,Sunny,0.05
143,2,Norris (McLaren),43.94042,85.90077,Sunny,0.05
143,3,Norris (McLaren),43.73159,129.63236,Sunny,0.05
143,4,Norris (McLaren),43.15107,172.78343,Sunny,0.05
143,5,Norris (McLaren),43.20462,215.98805,Sunny,0.05
144,1,Hamilton (Mercedes),43.34142,43.34142,Sunny,0.05
144,2,Hamilton (Mercedes),43.09078,86.4322,Sunny,0.05
144,3,Hamilton (Mercedes),43.96167,130.39387,Sunny,0.05
144,4,Hamilton (Mercedes),43.07088,173.46475,Sunny,0.05
144,5,Hamilton (Mercedes),43.53591,217.00066,Sunny,0.05
144,1,Verstappen (Red Bull),42.40773,42.40773,Sunny,0.05
144,2,Verstappen (Red Bull),41.83663,84.24436,Sunny,0.05
144,3,Verstappen (Red Bull),43.83465,128.07901,Sunny,0.05
144,4,Verstappen (Red Bull),42.38572,170.46473,Sunny,0.05
144,5,Verstappen (Red Bull),42.24616,212.71089,Sunny,0.05
144,1,Norris (McLaren),44.3143,44.3143,Sunny,0.05
144,2,Norris (McLaren),42.77478,87.08907,Sunny,0.05
144,3,Norris (McLaren),43.71131,130.80038,Sunny,0.05
144,4,Norris (McLaren),43.06291,173.86329,Sunny,0.05
144,5,Norris (McLaren),43.71437,217.57765,Sunny,0.05
145,1,Hamilton (Mercedes),43.47536,43.47536,Sunny,0.05
145,2,Hamilton (Mercedes),42.25663,85.73199,Sunny,0.05
145,3,Hamilton (Mercedes),42.34153,128.07353,Sunny,0.05
145,4,Hamilton (Mercedes),42.06163,170.13516,Sunny,0.05
145,5,Hamilton (Mercedes),41.95862,212.09378,Sunny,0.05
145,1,Verstappen (Red Bull),43.31612,43.31612,Sunny,0.05
145,2,Verstappen (Red Bull),43.52672,86.84284,Sunny,0.05
145,3,Verstappen (Red Bull),42.62461,129.46745,Sunny,0.05
145,4,Verstappen (Red Bull),41.47768,170.94513,Sunny,0.05
145,5,Verstappen (Red Bull),43.9838,214.92893,Sunny,0.05
145,1,Norris (McLaren),43.33962,43.33962,Sunny,0.05
145,2,Norris (McLaren),44.14047,87.48009,Sunny,0.05
145,3,Norris (McLaren),42.7739,130.25399,Sunny,0.05
145,4,Norris (McLaren),42.46336,172.71735,Sunny,0.05
145,5,Norris (McLaren),41.84787,214.56522,Sunny,0.05
146,1,Hamilton (Mercedes),43.55314,43.55314,Sunny,0.05
146,2,Hamilton (Mercedes),42.7041,86.25723,Sunny,0.05
146,3,Hamilton (Mercedes),42.82186,129.07909,Sunny,0.05
146,4,Hamilton (Mercedes),42.69234,171.77143,Sunny,0.05
146,5,Hamilton (Mercedes),42.42093,214.19236,Sunny,0.05
146,1,Verstappen (Red Bull),42.5418,42.5418,Sunny,0.05
146,2,Verstappen (Red Bull),43.36582,85.90762,Sunny,0.05
146,3,Verstappen (Red Bull),42.69699,128.60461,Sunny,0.05
146,4,Verstappen (Red Bull),42.51616,171.12077,Sunny,0.05
146,5,Verstappen (Red Bull),42.54063,213.6614,Sunny,0.05
146,1,Norris (McLaren),42.96346,42.96346,Sunny,0.05
146,2,Norris (McLaren),43.11927,86.08273,Sunny,0.05
146,3,Norris (McLaren),44.04322,130.12595,Sunny,0.05
146,4,Norris (McLaren),43.57815,173.70409,Sunny,0.05
146,5,Norris (McLaren),43.09134,216.79544,Sunny,0.05
147,1,Hamilton (Mercedes),43.75879,43.75879,Sunny,0.05
147,2,Hamilton (Mercedes),44.2304,87.98919,Sunny,0.05
147,3,Hamilton (Mercedes),43.39344,131.38264,Sunny,0.05
147,4,Hamilton (Mercedes),42.4365,173.81914,Sunny,0.05
147,5,Hamilton (Mercedes),43.17466,216.9938,Sunny,0.05
147,1,Verstappen (Red Bull),43.15069,43.15069,Sunny,0.05
147,2,Verstappen (Red Bull),42.84141,85.99209,Sunny,0.05
147,3,Verstappen (Red Bull),43.05377,129.04586,Sunny,0.05
147,4,Verstappen (Red Bull),42.69494,171.7408,Sunny,0.05
147,5,Verstappen (Red Bull),42.95622,214.69703,Sunny,0.05
147,1,Norris (McLaren),43.51397,43.51397,Sunny,0.05
147,2,Norris (McLaren),43.45426,86.96823,Sunny,0.05
147,3,Norris (McLaren),42.95222,129.92045,Sunny,0.05
147,4,Norris (McLaren),42.76849,172.68894,Sunny,0.05
147,5,Norris (McLaren),43.00913,215.69808,Sunny,0.05
148,1,Hamilton (Mercedes),44.52754,44.52754,Sunny,0.05
148,2,Hamilton (Mercedes),43.84256,88.3701,Sunny,0.05
148,3,Hamilton (Mercedes),42.71381,131.08392,Sunny,0.05
148,4,Hamilton (Mercedes),42.70773,173.79165,Sunny,0.05
148,5,Hamilton (Mercedes),43.05593,216.84758,Sunny,0.05
148,1,Verstappen (Red Bull),43.17987,43.17987,Sunny,0.05
148,2,Verstappen (Red Bull),42.79651,85.97638,Sunny,0.05
148,3,Verstappen (Red Bull),42.98507,128.96145,Sunny,0.05
148,4,Verstappen (Red Bull),43.03879,172.00024,Sunny,0.05
148,5,Verstappen (Red Bull),41.90174,213.90198,Sunny,0.05
148,1,Norris (McLaren),43.51204,43.51204,Sunny,0.05
148,2,Norris (McLaren),43.83595,87.34798,Sunny,0.05
148,3,Norris (McLaren),43.05115,130.39913,Sunny,0.05
148,4,Norris (McLaren),43.66671,174.06584,Sunny,0.05
148,5,Norris (McLaren),44.01941,218.08526,Sunny,0.05
149,1,Hamilton (Mercedes),42.64239,42.64239,Sunny,0.05
149,2,Hamilton (Mercedes),43.6121,86.25449,Sunny,0.05
149,3,Hamilton (Mercedes),42.92079,129.17528,Sunny,0.05
149,4,Hamilton (Mercedes),42.97537,172.15065,Sunny,0.05
149,5,Hamilton (Mercedes),43.19591,215.34656,Sunny,0.05
149,1,Verstappen (Red Bull),42.92437,42.92437,Sunny,0.05
149,2,Verstappen (Red Bull),43.28647,86.21084,Sunny,0.05
149,3,Verstappen (Red Bull),43.27162,129.48246,Sunny,0.05
149,4,Verstappen (Red Bull),42.55625,172.0387,Sunny,0.05
149,5,Verstappen (Red Bull),41.91101,213.94972,Sunny,0.05
149,1,Norris (McLaren),43.68449,43.68449,Sunny,0.05
149,2,Norris (McLaren),43.4032,87.08769,Sunny,0.05
149,3,Norris (McLaren),43.75704,130.84473,Sunny,0.05
149,4,Norris (McLaren),45.04005,175.88477,Sunny,0.05
149,5,Norris (McLaren),42.28834,218.17311,Sunny,0.05
150,1,Hamilton (Mercedes),43.42534,43.42534,Sunny,0.05
150,2,Hamilton (Mercedes),42.24542,85.67077,Sunny,0.05
150,3,Hamilton (Mercedes),43.28003,128.95079,Sunny,0.05
150,4,Hamilton (Mercedes),42.72308,171.67387,Sunny,0.05
150,5,Hamilton (Mercedes),43.22345,214.89733,Sunny,0.05
150,1,Verstappen (Red Bull),43.41702,43.41702,Sunny,0.05
150,2,Verstappen (Red Bull),42.94752,86.36454,Sunny,0.05
150,3,Verstappen (Red Bull),42.91179,129.27633,Sunny,0.05
150,4,Verstappen (Red Bull),42.51249,171.78881,Sunny,0.05
150,5,Verstappen (Red Bull),43.90762,215.69644,Sunny,0.05
150,1,Norris (McLaren),42.33183,42.33183,Sunny,0.05
150,2,Norris (McLaren),43.45726,85.7891,Sunny,0.05
150,3,Norris (McLaren),43.3174,129.10649,Sunny,0.05
150,4,Norris (McLaren),42.89795,172.00444,Sunny,0.05
150,5,Norris (McLaren),44.68201,216.68645,Sunny,0.05
151,1,Hamilton (Mercedes),43.65821,43.65821,Sunny,0.05
151,2,Hamilton (Mercedes),42.70873,86.36694,Sunny,0.05
151,3,Hamilton (Mercedes),43.08062,129.44756,Sunny,0.05
151,4,Hamilton (Mercedes),43.67337,173.12094,Sunny,0.05
151,5,Hamilton (Mercedes),42.99337,216.1143,Sunny,0.05
151,1,Verstappen (Red Bull),42.83472,42.83472,Sunny,0.05
151,2,Verstappen (Red Bull),43.33906,86.17378,Sunny,0.05
151,3,Verstappen (Red Bull),42.30989,128.48367,Sunny,0.05
151,4,Verstappen (Red Bull),43.02522,171.50889,Sunny,0.05
151,5,Verstappen (Red Bull),42.76623,214.27512,Sunny,0.05
151,1,Norris (McLaren),43.76968,43.76968,Sunny,0.05
151,2,Norris (McLaren),43.68496,87.45465,Sunny,0.05
151,3,Norris (McLaren),43.19698,130.65163,Sunny,0.05
151,4,Norris (McLaren),43.56237,174.214,Sunny,0.05
151,5,Norris (McLaren),44.26067,218.47467,Sunny,0.05
152,1,Hamilton (Mercedes),43.64079,43.64079,Sunny,0.05
152,2,Hamilton (Mercedes),43.17706,86.81786,Sunny,0.05
152,3,Hamilton (Mercedes),42.70947,129.52732,Sunny,0.05
152,4,Hamilton (Mercedes),42.11516,171.64248,Sunny,0.05
152,5,Hamilton (Mercedes),43.16453,214.80701,Sunny,0.05
152,1,Verstappen (Red Bull),42.3749,42.3749,Sunny,0.05
152,2,Verstappen (Red Bull),43.53826,85.91316,Sunny,0.05
152,3,Verstappen (Red Bull),41.93277,127.84593,Sunny,0.05
152,4,Verstappen (Red Bull),42.52319,170.36912,Sunny,0.05
152,5,Verstappen (Red Bull),42.98572,213.35484,Sunny,0.05
152,1,Norris (McLaren),45.57883,45.57883,Sunny,0.05
152,2,Norris (McLaren),43.29963,88.87846,Sunny,0.05
152,3,Norris (McLaren),43.41464,132.2931,Sunny,0.05
152,4,Norris (McLaren),44.03711,176.33021,Sunny,0.05
152,5,Norris (McLaren),42.69006,219.02027,Sunny,0.05
153,1,Hamilton (Mercedes),43.1585,43.1585,Sunny,0.05
153,2,Hamilton (Mercedes),42.66778,85.82628,Sunny,0.05
153,3,Hamilton (Mercedes),43.66818,129.49446,Sunny,0.05
153,4,Hamilton (Mercedes),43.72457,173.21903,Sunny,0.05
153,5,Hamilton (Mercedes),42.52443,215.74346,Sunny,0.05
153,1,Verstappen (Red Bull),41.69584,41.69584,Sunny,0.05
153,2,Verstappen (Red Bull),42.79397,84.4898,Sunny,0.05
153,3,Verstappen (Red Bull),43.07407,127.56387,Sunny,0.05
153,4,Verstappen (Red Bull),42.88101,170.44488,Sunny,0.05
153,5,Verstappen (Red Bull),42.84553,213.29041,Sunny,0.05
153,1,Norris (McLaren),44.68188,44.68188,Sunny,0.05
153,2,Norris (McLaren),43.57446,88.25634,Sunny,0.05
153,3,Norris (McLaren),43.72451,131.98085,Sunny,0.05
153,4,Norris (McLaren),43.81762,175.79847,Sunny,0.05
153,5,Norris (McLaren),43.97912,219.77759,Sunny,0.05
154,1,Hamilton (Mercedes),42.44351,42.44351,Sunny,0.05
154,2,Hamilton (Mercedes),42.65904,85.10255,Sunny,0.05
154,3,Hamilton (Mercedes),43.53987,128.64243,Sunny,0.05
154,4,Hamilton (Mercedes),43.41614,172.05857,Sunny,0.05
154,5,Hamilton (Mercedes),43.01215,215.07072,Sunny,0.05
154,1,Verstappen (Red Bull),42.21879,42.21879,Sunny,0.05
154,2,Verstappen (Red Bull),42.31581,84.5346,Sunny,0.05
154,3,Verstappen (Red Bull),43.61596,128.15056,Sunny,0.05
154,4,Verstappen (Red Bull),43.84266,171.99323,Sunny,0.05
154,5,Verstappen (Red Bull),42.14082,214.13405,Sunny,0.05
154,1,Norris (McLaren),43.60831,43.60831,Sunny,0.05
154,2,Norris (McLaren),44.06446,87.67277,Sunny,0.05
154,3,Norris (McLaren),42.54973,130.2225,Sunny,0.05
154,4,Norris (McLaren),42.55903,172.78153,Sunny,0.05
154,5,Norris (McLaren),44.30093,217.08246,Sunny,0.05
155,1,Hamilton (Mercedes),43.14303,43.14303,Sunny,0.05
155,2,Hamilton (Mercedes),43.60537,86.74841,Sunny,0.05
155,3,Hamilton (Mercedes),44.05272,130.80113,Sunny,0.05
155,4,Hamilton (Mercedes),43.06943,173.87056,Sunny,0.05
155,5,Hamilton (Mercedes),43.063,216.93356,Sunny,0.05
155,1,Verstappen (Red Bull),41.53445,41.53445,Sunny,0.05
155,2,Verstappen (Red Bull),42.13445,83.66891,Sunny,0.05
155,3,Verstappen (Red Bull),43.50359,127.1725,Sunny,0.05
155,4,Verstappen (Red Bull),42.4782,169.6507,Sunny,0.05
155,5,Verstappen (Red Bull),42.83001,212.4807,Sunny,0.05
155,1,Norris (McLaren),43.08925,43.08925,Sunny,0.05
155,2,Norris (McLaren),43.3851,86.47435,Sunny,0.05
155,3,Norris (McLaren),41.94344,128.41779,Sunny,0.05
155,4,Norris (McLaren),41.7193,170.13709,Sunny,0.05
155,5,Norris (McLaren),43.66502,213.80211,Sunny,0.05
156,1,Hamilton (Mercedes),43.33108,43.33108,Sunny,0.05
156,2,Hamilton (Mercedes),42.74753,86.07861,Sunny,0.05
156,3,Hamilton (Mercedes),43.45185,129.53046,Sunny,0.05
156,4,Hamilton (Mercedes),43.34176,172.87222,Sunny,0.05
156,5,Hamilton (Mercedes),42.67244,215.54465,Sunny,0.05
156,1,Verstappen (Red Bull),43.26338,43.26338,Sunny,0.05
156,2,Verstappen (Red Bull),42.75429,86.01767,Sunny,0.05
156,3,Verstappen (Red Bull),42.45049,128.46816,Sunny,0.05
156,4,Verstappen (Red Bull),42.37947,170.84764,Sunny,0.05
156,5,Verstappen (Red Bull),41.96763,212.81526,Sunny,0.05
156,1,Norris (McLaren),42.98352,42.98352,Sunny,0.05
156,2,Norris (McLaren),43.10277,86.08629,Sunny,0.05
156,3,Norris (McLaren),43.26668,129.35297,Sunny,0.05
156,4,Norris (McLaren),44.48118,173.83415,Sunny,0.05
156,5,Norris (McLaren),43.49693,217.33108,Sunny,0.05
157,1,Hamilton (Mercedes),43.53377,43.53377,Sunny,0.05
157,2,Hamilton (Mercedes),43.70104,87.23481,Sunny,0.05
157,3,Hamilton (Mercedes),42.87531,130.11012,Sunny,0.05
157,4,Hamilton (Mercedes),43.56591,173.67602,Sunny,0.05
157,5,Hamilton (Mercedes),43.20325,216.87927,Sunny,0.05
157,1,Verstappen (Red Bull),43.2105,43.2105,Sunny,0.05
157,2,Verstappen (Red Bull),43.43828,86.64878,Sunny,0.05
157,3,Verstappen (Red Bull),42.24104,128.88982,Sunny,0.05
157,4,Verstappen (Red Bull),43.70108,172.5909,Sunny,0.05
157,5,Verstappen (Red Bull),42.29979,214.89069,Sunny,0.05
157,1,Norris (McLaren),42.54506,42.54506,Sunny,0.05
157,2,Norris (McLaren),43.34263,85.88769,Sunny,0.05
157,3,Norris (McLaren),42.69146,128.57915,Sunny,0.05
157,4,Norris (McLaren),43.15697,171.73612,Sunny,0.05
157,5,Norris (McLaren),43.63436,215.37048,Sunny,0.05
158,1,Hamilton (Mercedes),43.62927,43.62927,Sunny,0.05
158,2,Hamilton (Mercedes),43.10659,86.73586,Sunny,0.05
158,3,Hamilton (Mercedes),43.98175,130.71761,Sunny,0.05
158,4,Hamilton (Mercedes),43.13482,173.85244,Sunny,0.05
158,5,Hamilton (Mercedes),42.53602,216.38845,Sunny,0.05
158,1,Verstappen (Red Bull),42.63009,42.63009,Sunny,0.05
158,2,Verstappen (Red Bull),42.78769,85.41779,Sunny,0.05
158,3,Verstappen (Red Bull),42.42171,127.8395,Sunny,0.05
158,4,Verstappen (Red Bull),42.69139,170.53089,Sunny,0.05
158,5,Verstappen (Red Bull),42.93442,213.4653,Sunny,0.05
158,1,Norris (McLaren),43.67982,43.67982,Sunny,0.05
158,2,Norris (McLaren),42.52685,86.20667,Sunny,0.05
158,3,Norris (McLaren),42.72853,128.9352,Sunny,0.05
158,4,Norris (McLaren),43.66956,172.60476,Sunny,0.05
158,5,Norris (McLaren),43.2936,215.89836,Sunny,0.05
159,1,Hamilton (Mercedes),44.12227,44.12227,Sunny,0.05
159,2,Hamilton (Mercedes),42.97202,87.09429,Sunny,0.05
159,3,Hamilton (Mercedes),42.83648,129.93077,Sunny,0.05
159,4,Hamilton (Mercedes),43.51397,173.44474,Sunny,0.05
159,5,Hamilton (Mercedes),42.8608,216.30554,Sunny,0.05
159,1,Verstappen (Red Bull),42.2733,42.2733,Sunny,0.05
159,2,Verstappen (Red Bull),41.96889,84.24219,Sunny,0.05
159,3,Verstappen (Red Bull),43.14164,127.38383,Sunny,0.05
159,4,Verstappen (Red Bull),42.48953,169.87336,Sunny,0.05
159,5,Verstappen (Red Bull),43.47759,213.35096,Sunny,0.05
159,1,Norris (McLaren),42.54621,42.54621,Sunny,0.05
159,2,Norris (McLaren),41.88657,84.43278,Sunny,0.05
159,3,Norris (McLaren),43.19635,127.62913,Sunny,0.05
159,4,Norris (McLaren),43.57781,171.20694,Sunny,0.05
159,5,Norris (McLaren),43.55322,214.76016,Sunny,0.05
160,1,Hamilton (Mercedes),43.91494,43.91494,Sunny,0.05
160,2,Hamilton (Mercedes),42.75542,86.67036,Sunny,0.05
160,3,Hamilton (Mercedes),42.35156,129.02192,Sunny,0.05
160,4,Hamilton (Mercedes),43.58978,172.6117,Sunny,0.05
160,5,Hamilton (Mercedes),43.11208,215.72378,Sunny,0.05
160,1,Verstappen (Red Bull),43.2029,43.2029,Sunny,0.05
160,2,Verstappen (Red Bull),42.24359,85.44649,Sunny,0.05
160,3,Verstappen (Red Bull),43.16343,128.60992,Sunny,0.05
160,4,Verstappen (Red Bull),42.30136,170.91128,Sunny,0.05
160,5,Verstappen (Red Bull),42.97471,213.88598,Sunny,0.05
160,1,Norris (McLaren),42.80366,42.80366,Sunny,0.05
160,2,Norris (McLaren),44.2052,87.00886,Sunny,0.05
160,3,Norris (McLaren),43.13737,130.14623,Sunny,0.05
160,4,Norris (McLaren),44.3989,174.54513,Sunny,0.05
160,5,Norris (McLaren),43.8546,218.39973,Sunny,0.05
161,1,Hamilton (Mercedes),43.40419,43.40419,Sunny,0.05
161,2,Hamilton (Mercedes),43.66515,87.06934,Sunny,0.05
161,3,Hamilton (Mercedes),44.30685,131.37619,Sunny,0.05
161,4,Hamilton (Mercedes),43.41721,174.7934,Sunny,0.05
161,5,Hamilton (Mercedes),42.66054,217.45394,Sunny,0.05
161,1,Verstappen (Red Bull),42.98218,42.98218,Sunny,0.05
161,2,Verstappen (Red Bull),42.86301,85.84519,Sunny,0.05
161,3,Verstappen (Red Bull),42.40014,128.24533,Sunny,0.05
161,4,Verstappen (Red Bull),43.10141,171.34674,Sunny,0.05
161,5,Verstappen (Red Bull),42.5841,213.93084,Sunny,0.05
161,1,Norris (McLaren),43.77832,43.77832,Sunny,0.05
161,2,Norris (McLaren),44.1384,87.91672,Sunny,0.05
161,3,Norris (McLaren),43.63642,131.55314,Sunny,0.05
161,4,Norris (McLaren),42.46493,174.01807,Sunny,0.05
161,5,Norris (McLaren),42.71001,216.72807,Sunny,0.05
162,1,Hamilton (Mercedes),44.15832,44.15832,Sunny,0.05
162,2,Hamilton (Mercedes),43.4034,87.56172,Sunny,0.05
162,3,Hamilton (Mercedes),43.49145,131.05317,Sunny,0.05
162,4,Hamilton (Mercedes),42.70923,173.7624,Sunny,0.05
162,5,Hamilton (Mercedes),43.16398,216.92637,Sunny,0.05
162,1,Verstappen (Red Bull),43.0931,43.0931,Sunny,0.05
162,2,Verstappen (Red Bull),43.27111,86.36421,Sunny,0.05
162,3,Verstappen (Red Bull),42.72312,129.08733,Sunny,0.05
162,4,Verstappen (Red Bull),42.89008,171.97741,Sunny,0.05
162,5,Verstappen (Red Bull),42.7106,214.68801,Sunny,0.05
162,1,Norris (McLaren),43.16886,43.16886,Sunny,0.05
162,2,Norris (McLaren),43.55218,86.72104,Sunny,0.05
162,3,Norris (McLaren),43.78024,130.50128,Sunny,0.05
162,4,Norris (McLaren),42.6825,173.18378,Sunny,0.05
162,5,Norris (McLaren),43.00909,216.19287,Sunny,0.05
163,1,Hamilton (Mercedes),42.81092,42.81092,Sunny,0.05
163,2,Hamilton (Mercedes),42.76581,85.57673,Sunny,0.05
163,3,Hamilton (Mercedes),43.09215,128.66888,Sunny,0.05
163,4,Hamilton (Mercedes),43.57553,172.24441,Sunny,0.05
163,5,Hamilton (Mercedes),42.82973,215.07413,Sunny,0.05
163,1,Verstappen (Red Bull),43.07392,43.07392,Sunny,0.05
163,2,Verstappen (Red Bull),43.01391,86.08783,Sunny,0.05
163,3,Verstappen (Red Bull),43.06494,129.15277,Sunny,0.05
163,4,Verstappen (Red Bull),42.24309,171.39585,Sunny,0.05
163,5,Verstappen (Red Bull),42.67424,214.07009,Sunny,0.05
163,1,Norris (McLaren),43.49337,43.49337,Sunny,0.05
163,2,Norris (McLaren),42.54676,86.04013,Sunny,0.05
163,3,Norris (McLaren),43.66266,129.70279,Sunny,0.05
163,4,Norris (McLaren),42.91905,172.62184,Sunny,0.05
163,5,Norris (McLaren),43.48625,216.10809,Sunny,0.05
164,1,Hamilton (Mercedes),42.7598,42.7598,Sunny,0.05
164,2,Hamilton (Mercedes),44.61184,87.37164,Sunny,0.05
164,3,Hamilton (Mercedes),43.0292,130.40083,Sunny,0.05
164,4,Hamilton (Mercedes),43.58683,173.98767,Sunny,0.05
164,5,Hamilton (Mercedes),43.20934,217.197,Sunny,0.05
164,1,Verstappen (Red Bull),43.45988,43.45988,Sunny,0.05
164,2,Verstappen (Red Bull),42.93493,86.3948,Sunny,0.05
164,3,Verstappen (Red Bull),42.06487,128.45967,Sunny,0.05
164,4,Verstappen (Red Bull),43.40605,171.86572,Sunny,0.05
164,5,Verstappen (Red Bull),44.00131,215.86703,Sunny,0.05
164,1,Norris (McLaren),44.63479,44.63479,Sunny,0.05
164,2,Norris (McLaren),42.1652,86.79999,Sunny,0.05
164,3,Norris (McLaren),43.12119,129.92118,Sunny,0.05
164,4,Norris (McLaren),43.07445,172.99563,Sunny,0.05
164,5,Norris (McLaren),42.53481,215.53044,Sunny,0.05
165,1,Hamilton (Mercedes),43.21472,43.21472,Sunny,0.05
165,2,Hamilton (Mercedes),43.33075,86.54547,Sunny,0.05
165,3,Hamilton (Mercedes),43.31641,129.86188,Sunny,0.05
165,4,Hamilton (Mercedes),42.44838,172.31026,Sunny,0.05
165,5,Hamilton (Mercedes),43.02037,215.33062,Sunny,0.05
165,1,Verstappen (Red Bull),42.61168,42.61168,Sunny,0.05
165,2,Verstappen (Red Bull),42.82672,85.4384,Sunny,0.05
165,3,Verstappen (Red Bull),42.26903,127.70744,Sunny,0.05
165,4,Verstappen (Red Bull),42.6811,170.38853,Sunny,0.05
165,5,Verstappen (Red Bull),42.34813,212.73666,Sunny,0.05
165,1,Norris (McLaren),42.46507,42.46507,Sunny,0.05
165,2,Norris (McLaren),42.06823,84.5333,Sunny,0.05
165,3,Norris (McLaren),43.86979,128.4031,Sunny,0.05
165,4,Norris (McLaren),42.57766,170.98076,Sunny,0.05
165,5,Norris (McLaren),43.48547,214.46623,Sunny,0.05
166,1,Hamilton (Mercedes),44.37912,44.37912,Sunny,0.05
166,2,Hamilton (Mercedes),42.55344,86.93256,Sunny,0.05
166,3,Hamilton (Mercedes),43.12169,130.05426,Sunny,0.05
166,4,Hamilton (Mercedes),42.54594,172.60019,Sunny,0.05
166,5,Hamilton (Mercedes),42.65103,215.25123,Sunny,0.05
166,1,Verstappen (Red Bull),42.90306,42.90306,Sunny,0.05
166,2,Verstappen (Red Bull),43.11365,86.01672,Sunny,0.05
166,3,Verstappen (Red Bull),42.55786,128.57457,Sunny,0.05
166,4,Verstappen (Red Bull),42.24284,170.81741,Sunny,0.05
166,5,Verstappen (Red Bull),43.14296,213.96037,Sunny,0.05
166,1,Norris (McLaren),43.39782,43.39782,Sunny,0.05
166,2,Norris (McLaren),42.57074,85.96857,Sunny,0.05
166,3,Norris (McLaren),42.55857,128.52714,Sunny,0.05
166,4,Norris (McLaren),42.50553,171.03267,Sunny,0.05
166,5,Norris (McLaren),44.25734,215.29001,Sunny,0.05
167,1,Hamilton (Mercedes),43.6543,43.6543,Sunny,0.05
167,2,Hamilton (Mercedes),43.49964,87.15393,Sunny,0.05
167,3,Hamilton (Mercedes),42.90791,130.06184,Sunny,0.05
167,4,Hamilton (Mercedes),42.50101,172.56285,Sunny,0.05
167,5,Hamilton (Mercedes),43.71574,216.27858,Sunny,0.05
167,1,Verstappen (Red Bull),42.75161,42.75161,Sunny,0.05
167,2,Verstappen (Red Bull),41.9407,84.69231,Sunny,0.05
167,3,Verstappen (Red Bull),43.53588,128.22819,Sunny,0.05
167,4,Verstappen (Red Bull),42.29622,170.5244,Sunny,0.05
167,5,Verstappen (Red Bull),43.03458,213.55898,Sunny,0.05
167,1,Norris (McLaren),42.57119,42.57119,Sunny,0.05
167,2,Norris (McLaren),42.48737,85.05856,Sunny,0.05
167,3,Norris (McLaren),43.07784,128.1364,Sunny,0.05
167,4,Norris (McLaren),43.93962,172.07602,Sunny,0.05
167,5,Norris (McLaren),42.66813,214.74415,Sunny,0.05
168,1,Hamilton (Mercedes),43.62554,43.62554,Sunny,0.05
168,2,Hamilton (Mercedes),42.38409,86.00963,Sunny,0.05
168,3,Hamilton (Mercedes),42.01116,128.0208,Sunny,0.05
168,4,Hamilton (Mercedes),43.7086,171.7294,Sunny,0.05
168,5,Hamilton (Mercedes),43.61042,215.33982,Sunny,0.05
168,1,Verstappen (Red Bull),42.87816,42.87816,Sunny,0.05
168,2,Verstappen (Red Bull),42.5471,85.42526,Sunny,0.05
168,3,Verstappen (Red Bull),43.03495,128.46021,Sunny,0.05
168,4,Verstappen (Red Bull),43.01345,171.47366,Sunny,0.05
168,5,Verstappen (Red Bull),42.6594,214.13307,Sunny,0.05
168,1,Norris (McLaren),43.31629,43.31629,Sunny,0.05
168,2,Norris (McLaren),43.03848,86.35478,Sunny,0.05
168,3,Norris (McLaren),43.62798,129.98276,Sunny,0.05
168,4,Norris (McLaren),42.49151,172.47427,Sunny,0.05
168,5,Norris (McLaren),44.71644,217.1907,Sunny,0.05
169,1,Hamilton (Mercedes),42.75631,42.75631,Sunny,0.05
169,2,Hamilton (Mercedes),43.5465,86.30281,Sunny,0.05
169,3,Hamilton (Mercedes),43.14537,129.44818,Sunny,0.05
169,4,Hamilton (Mercedes),43.3228,172.77098,Sunny,0.05
169,5,Hamilton (Mercedes),43.18648,215.95746,Sunny,0.05
169,1,Verstappen (Red Bull),43.21445,43.21445,Sunny,0.05
169,2,Verstappen (Red Bull),42.67606,85.89051,Sunny,0.05
169,3,Verstappen (Red Bull),43.41111,129.30162,Sunny,0.05
169,4,Verstappen (Red Bull),42.14635,171.44797,Sunny,0.05
169,5,Verstappen (Red Bull),43.18904,214.637,Sunny,0.05
169,1,Norris (McLaren),42.64974,42.64974,Sunny,0.05
169,2,Norris (McLaren),42.77094,85.42068,Sunny,0.05
169,3,Norris (McLaren),42.86388,128.28456,Sunny,0.05
169,4,Norris (McLaren),43.65674,171.9413,Sunny,0.05
169,5,Norris (McLaren),42.75992,214.70122,Sunny,0.05
170,1,Hamilton (Mercedes),41.94625,41.94625,Sunny,0.05
170,2,Hamilton (Mercedes),42.88856,84.83481,Sunny,0.05
170,3,Hamilton (Mercedes),42.47259,127.3074,Sunny,0.05
170,4,Hamilton (Mercedes),43.17583,170.48323,Sunny,0.05
170,5,Hamilton (Mercedes),44.23343,214.71667,Sunny,0.05
170,1,Verstappen (Red Bull),43.21713,43.21713,Sunny,0.05
170,2,Verstappen (Red Bull),43.23741,86.45454,Sunny,0.05
170,3,Verstappen (Red Bull),43.5517,130.00624,Sunny,0.05
170,4,Verstappen (Red Bull),41.81228,171.81851,Sunny,0.05
170,5,Verstappen (Red Bull),43.48985,215.30837,Sunny,0.05
170,1,Norris (McLaren),43.8452,43.8452,Sunny,0.05
170,2,Norris (McLaren),44.11675,87.96195,Sunny,0.05
170,3,Norris (McLaren),42.82859,130.79054,Sunny,0.05
170,4,Norris (McLaren),44.92656,175.7171,Sunny,0.05
170,5,Norris (McLaren),42.9952,218.71231,Sunny,0.05
171,1,Hamilton (Mercedes),43.77274,43.77274,Sunny,0.05
171,2,Hamilton (Mercedes),43.74437,87.51711,Sunny,0.05
171,3,Hamilton (Mercedes),43.2893,130.80641,Sunny,0.05
171,4,Hamilton (Mercedes),43.4482,174.25462,Sunny,0.05
171,5,Hamilton (Mercedes),43.3712,217.62582,Sunny,0.05
171,1,Verstappen (Red Bull),42.3987,42.3987,Sunny,0.05
171,2,Verstappen (Red Bull),42.46493,84.86362,Sunny,0.05
171,3,Verstappen (Red Bull),43.58058,128.4442,Sunny,0.05
171,4,Verstappen (Red Bull),42.14293,170.58713,Sunny,0.05
171,5,Verstappen (Red Bull),41.86537,212.45251,Sunny,0.05
171,1,Norris (McLaren),42.72248,42.72248,Sunny,0.05
171,2,Norris (McLaren),42.76198,85.48446,Sunny,0.05
171,3,Norris (McLaren),43.30912,128.79358,Sunny,0.05
171,4,Norris (McLaren),44.2497,173.04329,Sunny,0.05
171,5,Norris (McLaren),44.21307,217.25636,Sunny,0.05
172,1,Hamilton (Mercedes),43.97602,43.97602,Sunny,0.05
172,2,Hamilton (Mercedes),42.71546,86.69148,Sunny,0.05
172,3,Hamilton (Mercedes),42.71291,129.40438,Sunny,0.05
172,4,Hamilton (Mercedes),43.24012,172.64451,Sunny,0.05
172,5,Hamilton (Mercedes),43.16236,215.80687,Sunny,0.05
172,1,Verstappen (Red Bull),42.44829,42.44829,Sunny,0.05
172,2,Verstappen (Red Bull),43.3097,85.75799,Sunny,0.05
172,3,Verstappen (Red Bull),43.34022,129.09821,Sunny,0.05
172,4,Verstappen (Red Bull),42.14052,171.23873,Sunny,0.05
172,5,Verstappen (Red Bull),42.67059,213.90932,Sunny,0.05
172,1,Norris (McLaren),42.23194,42.23194,Sunny,0.05
172,2,Norris (McLaren),43.99927,86.23121,Sunny,0.05
172,3,Norris (McLaren),44.81706,131.04826,Sunny,0.05
172,4,Norris (McLaren),44.03169,175.07995,Sunny,0.05
172,5,Norris (McLaren),44.83379,219.91374,Sunny,0.05
173,1,Hamilton (Mercedes),43.00949,43.00949,Sunny,0.05
173,2,Hamilton (Mercedes),42.95315,85.96265,Sunny,0.05
173,3,Hamilton (Mercedes),43.20682,129.16947,Sunny,0.05
173,4,Hamilton (Mercedes),42.76667,171.93614,Sunny,0.05
173,5,Hamilton (Mercedes),42.23131,214.16745,Sunny,0.05
173,1,Verstappen (Red Bull),42.70015,42.70015,Sunny,0.05
173,2,Verstappen (Red Bull),43.42413,86.12428,Sunny,0.05
173,3,Verstappen (Red Bull),43.12058,129.24486,Sunny,0.05
173,4,Verstappen (Red Bull),42.1425,171.38736,Sunny,0.05
173,5,Verstappen (Red Bull),42.29262,213.67997,Sunny,0.05
173,1,Norris (McLaren),43.00565,43.00565,Sunny,0.05
173,2,Norris (McLaren),43.06177,86.06742,Sunny,0.05
173,3,Norris (McLaren),44.9058,130.97322,Sunny,0.05
173,4,Norris (McLaren),43.2017,174.17492,Sunny,0.05
173,5,Norris (McLaren),44.18367,218.35859,Sunny,0.05
174,1,Hamilton (Mercedes),43.09146,43.09146,Sunny,0.05
174,2,Hamilton (Mercedes),42.78013,85.87159,Sunny,0.05
174,3,Hamilton (Mercedes),43.39322,129.26481,Sunny,0.05
174,4,Hamilton (Mercedes),42.81773,172.08254,Sunny,0.05
174,5,Hamilton (Mercedes),43.14032,215.22286,Sunny,0.05
174,1,Verstappen (Red Bull),42.65116,42.65116,Sunny,0.05
174,2,Verstappen (Red Bull),43.52038,86.17154,Sunny,0.05
174,3,Verstappen (Red Bull),43.35263,129.52417,Sunny,0.05
174,4,Verstappen (Red Bull),43.61868,173.14285,Sunny,0.05
174,5,Verstappen (Red Bull),41.17482,214.31766,Sunny,0.05
174,1,Norris (McLaren),42.87996,42.87996,Sunny,0.05
174,2,Norris (McLaren),43.65136,86.53132,Sunny,0.05
174,3,Norris (McLaren),43.69642,130.22774,Sunny,0.05
174,4,Norris (McLaren),43.95662,174.18436,Sunny,0.05
174,5,Norris (McLaren),43.20901,217.39338,Sunny,0.05
175,1,Hamilton (Mercedes),43.4231,43.4231,Sunny,0.05
175,2,Hamilton (Mercedes),42.61477,86.03787,Sunny,0.05
175,3,Hamilton (Mercedes),42.26368,128.30155,Sunny,0.05
175,4,Hamilton (Mercedes),42.43011,170.73166,Sunny,0.05
175,5,Hamilton (Mercedes),44.08965,214.82131,Sunny,0.05
175,1,Verstappen (Red Bull),42.87195,42.87195,Sunny,0.05
175,2,Verstappen (Red Bull),42.83589,85.70785,Sunny,0.05
175,3,Verstappen (Red Bull),42.31449,128.02233,Sunny,0.05
175,4,Verstappen (Red Bull),43.17417,171.1965,Sunny,0.05
175,5,Verstappen (Red Bull),43.08121,214.27771,Sunny,0.05
175,1,Norris (McLaren),43.3426,43.3426,Sunny,0.05
175,2,Norris (McLaren),42.81177,86.15436,Sunny,0.05
175,3,Norris (McLaren),43.10811,129.26247,Sunny,0.05
175,4,Norris (McLaren),44.26516,173.52763,Sunny,0.05
175,5,Norris (McLaren),43.084,216.61163,Sunny,0.05
176,1,Hamilton (Mercedes),43.37688,43.37688,Sunny,0.05
176,2,Hamilton (Mercedes),43.66763,87.04451,Sunny,0.05
176,3,Hamilton (Mercedes),42.83224,129.87675,Sunny,0.05
176,4,Hamilton (Mercedes),42.12583,172.00257,Sunny,0.05
176,5,Hamilton (Mercedes),43.67506,215.67763,Sunny,0.05
176,1,Verstappen (Red Bull),42.90283,42.90283,Sunny,0.05
176,2,Verstappen (Red Bull),42.00307,84.9059,Sunny,0.05
176,3,Verstappen (Red Bull),42.60334,127.50924,Sunny,0.05
176,4,Verstappen (Red Bull),42.59448,170.10372,Sunny,0.05
176,5,Verstappen (Red Bull),42.98147,213.08519,Sunny,0.05
176,1,Norris (McLaren),44.28485,44.28485,Sunny,0.05
176,2,Norris (McLaren),44.33975,88.62461,Sunny,0.05
176,3,Norris (McLaren),43.61817,132.24277,Sunny,0.05
176,4,Norris (McLaren),43.48368,175.72645,Sunny,0.05
176,5,Norris (McLaren),44.14486,219.87132,Sunny,0.05
177,1,Hamilton (Mercedes),43.00148,43.00148,Sunny,0.05
177,2,Hamilton (Mercedes),43.00476,86.00625,Sunny,0.05
177,3,Hamilton (Mercedes),42.58008,128.58633,Sunny,0.05
177,4,Hamilton (Mercedes),42.39855,170.98488,Sunny,0.05
177,5,Hamilton (Mercedes),43.44964,214.43451,Sunny,0.05
177,1,Verstappen (Red Bull),42.69937,42.69937,Sunny,0.05
177,2,Verstappen (Red Bull),42.90319,85.60256,Sunny,0.05
177,3,Verstappen (Red Bull),42.4886,128.09116,Sunny,0.05
177,4,Verstappen (Red Bull),42.68628,170.77744,Sunny,0.05
177,5,Verstappen (Red Bull),42.0255,212.80293,Sunny,0.05
177,1,Norris (McLaren),44.27863,44.27863,Sunny,0.05
177,2,Norris (McLaren),42.54585,86.82448,Sunny,0.05
177,3,Norris (McLaren),44.70888,131.53336,Sunny,0.05
177,4,Norris (McLaren),43.27905,174.81242,Sunny,0.05
177,5,Norris (McLaren),43.18882,218.00124,Sunny,0.05
178,1,Hamilton (Mercedes),42.67796,42.67796,Sunny,0.05
178,2,Hamilton (Mercedes),42.8896,85.56756,Sunny,0.05
178,3,Hamilton (Mercedes),42.25019,127.81774,Sunny,0.05
178,4,Hamilton (Mercedes),43.16056,170.9783,Sunny,0.05
178,5,Hamilton (Mercedes),42.22393,213.20223,Sunny,0.05
178,1,Verstappen (Red Bull),41.96676,41.96676,Sunny,0.05
178,2,Verstappen (Red Bull),43.5305,85.49727,Sunny,0.05
178,3,Verstappen (Red Bull),43.23735,128.73462,Sunny,0.05
178,4,Verstappen (Red Bull),41.873,170.60762,Sunny,0.05
178,5,Verstappen (Red Bull),42.64049,213.24811,Sunny,0.05
178,1,Norris (McLaren),42.34181,42.34181,Sunny,0.05
178,2,Norris (McLaren),42.99309,85.3349,Sunny,0.05
178,3,Norris (McLaren),43.80203,129.13693,Sunny,0.05
178,4,Norris (McLaren),43.09572,172.23266,Sunny,0.05
178,5,Norris (McLaren),41.43306,213.66571,Sunny,0.05
179,1,Hamilton (Mercedes),42.56864,42.56864,Sunny,0.05
179,2,Hamilton (Mercedes),42.97852,85.54717,Sunny,0.05
179,3,Hamilton (Mercedes),42.87533,128.4225,Sunny,0.05
179,4,Hamilton (Mercedes),43.23163,171.65413,Sunny,0.05
179,5,Hamilton (Mercedes),42.78248,214.43662,Sunny,0.05
179,1,Verstappen (Red Bull),43.75094,43.75094,Sunny,0.05
179,2,Verstappen (Red Bull),42.53101,86.28196,Sunny,0.05
179,3,Verstappen (Red Bull),42.23535,128.5173,Sunny,0.05
179,4,Verstappen (Red Bull),42.25846,170.77577,Sunny,0.05
179,5,Verstappen (Red Bull),42.51743,213.2932,Sunny,0.05
179,1,Norris (McLaren),44.0103,44.0103,Sunny,0.05
179,2,Norris (McLaren),42.95801,86.96831,Sunny,0.05
179,3,Norris (McLaren),43.64903,130.61734,Sunny,0.05
179,4,Norris (McLaren),42.1729,172.79024,Sunny,0.05
179,5,Norris (McLaren),42.70751,215.49775,Sunny,0.05
180,1,Hamilton (Mercedes),41.88143,41.88143,Sunny,0.05
180,2,Hamilton (Mercedes),43.57313,85.45456,Sunny,0.05
180,3,Hamilton (Mercedes),43.16167,128.61623,Sunny,0.05
180,4,Hamilton (Mercedes),43.59153,172.20776,Sunny,0.05
180,5,Hamilton (Mercedes),42.98994,215.1977,Sunny,0.05
180,1,Verstappen (Red Bull),43.33717,43.33717,Sunny,0.05
180,2,Verstappen (Red Bull),43.58903,86.9262,Sunny,0.05
180,3,Verstappen (Red Bull),42.36608,129.29228,Sunny,0.05
180,4,Verstappen (Red Bull),42.50426,171.79654,Sunny,0.05
180,5,Verstappen (Red Bull),42.89733,214.69387,Sunny,0.05
180,1,Norris (McLaren),43.62332,43.62332,Sunny,0.05
180,2,Norris (McLaren),43.47819,87.10152,Sunny,0.05
180,3,Norris (McLaren),43.72263,130.82414,Sunny,0.05
180,4,Norris (McLaren),42.01146,172.8356,Sunny,0.05
180,5,Norris (McLaren),43.95997,216.79558,Sunny,0.05
181,1,Hamilton (Mercedes),42.28801,42.28801,Sunny,0.05
181,2,Hamilton (Mercedes),43.52507,85.81308,Sunny,0.05
181,3,Hamilton (Mercedes),43.24837,129.06145,Sunny,0.05
181,4,Hamilton (Mercedes),42.63675,171.6982,Sunny,0.05
181,5,Hamilton (Mercedes),43.91973,215.61793,Sunny,0.05
181,1,Verstappen (Red Bull),42.98464,42.98464,Sunny,0.05
181,2,Verstappen (Red Bull),42.66066,85.6453,Sunny,0.05
181,3,Verstappen (Red Bull),43.4081,129.0534,Sunny,0.05
181,4,Verstappen (Red Bull),42.76499,171.81839,Sunny,0.05
181,5,Verstappen (Red Bull),43.00719,214.82557,Sunny,0.05
181,1,Norris (McLaren),42.73317,42.73317,Sunny,0.05
181,2,Norris (McLaren),42.48757,85.22073,Sunny,0.05
181,3,Norris (McLaren),42.75747,127.97821,Sunny,0.05
181,4,Norris (McLaren),42.44848,170.42668,Sunny,0.05
181,5,Norris (McLaren),43.41895,213.84564,Sunny,0.05
182,1,Hamilton (Mercedes),42.97277,42.97277,Sunny,0.05
182,2,Hamilton (Mercedes),43.10883,86.0816,Sunny,0.05
182,3,Hamilton (Mercedes),43.69023,129.77184,Sunny,0.05
182,4,Hamilton (Mercedes),42.91392,172.68575,Sunny,0.05
182,5,Hamilton (Mercedes),42.63521,215.32096,Sunny,0.05
182,1,Verstappen (Red Bull),41.83468,41.83468,Sunny,0.05
182,2,Verstappen (Red Bull),41.31765,83.15233,Sunny,0.05
182,3,Verstappen (Red Bull),43.08411,126.23644,Sunny,0.05
182,4,Verstappen (Red Bull),42.47862,168.71506,Sunny,0.05
182,5,Verstappen (Red Bull),41.90209,210.61715,Sunny,0.05
182,1,Norris (McLaren),42.29854,42.29854,Sunny,0.05
182,2,Norris (McLaren),42.63326,84.9318,Sunny,0.05
182,3,Norris (McLaren),42.86791,127.79971,Sunny,0.05
182,4,Norris (McLaren),42.58272,170.38243,Sunny,0.05
182,5,Norris (McLaren),42.27165,212.65407,Sunny,0.05
183,1,Hamilton (Mercedes),42.50693,42.50693,Sunny,0.05
183,2,Hamilton (Mercedes),43.98112,86.48805,Sunny,0.05
183,3,Hamilton (Mercedes),42.87574,129.36379,Sunny,0.05
183,4,Hamilton (Mercedes),43.94706,173.31085,Sunny,0.05
183,5,Hamilton (Mercedes),43.34026,216.65111,Sunny,0.05
183,1,Verstappen (Red Bull),42.98662,42.98662,Sunny,0.05
183,2,Verstappen (Red Bull),42.11689,85.10351,Sunny,0.05
183,3,Verstappen (Red Bull),42.99598,128.0995,Sunny,0.05
183,4,Verstappen (Red Bull),43.17864,171.27814,Sunny,0.05
183,5,Verstappen (Red Bull),43.30985,214.58799,Sunny,0.05
183,1,Norris (McLaren),43.08261,43.08261,Sunny,0.05
183,2,Norris (McLaren),43.88386,86.96647,Sunny,0.05
183,3,Norris (McLaren),42.24399,129.21046,Sunny,0.05
183,4,Norris (McLaren),43.23562,172.44608,Sunny,0.05
183,5,Norris (McLaren),43.37198,215.81806,Sunny,0.05
184,1,Hamilton (Mercedes),43.04259,43.04259,Sunny,0.05
184,2,Hamilton (Mercedes),43.88109,86.92368,Sunny,0.05
184,3,Hamilton (Mercedes),43.72511,130.64879,Sunny,0.05
184,4,Hamilton (Mercedes),43.4079,174.05669,Sunny,0.05
184,5,Hamilton (Mercedes),43.74572,217.80241,Sunny,0.05
184,1,Verstappen (Red Bull),42.68796,42.68796,Sunny,0.05
184,2,Verstappen (Red Bull),43.23202,85.91998,Sunny,0.05
184,3,Verstappen (Red Bull),44.06943,129.98941,Sunny,0.05
184,4,Verstappen (Red Bull),43.70457,173.69398,Sunny,0.05
184,5,Verstappen (Red Bull),42.30621,216.00019,Sunny,0.05
184,1,Norris (McLaren),43.57543,43.57543,Sunny,0.05
184,2,Norris (McLaren),43.33373,86.90916,Sunny,0.05
184,3,Norris (McLaren),43.11655,130.02571,Sunny,0.05
184,4,Norris (McLaren),44.58951,174.61522,Sunny,0.05
184,5,Norris (McLaren),43.78862,218.40384,Sunny,0.05
185,1,Hamilton (Mercedes),43.6274,43.6274,Sunny,0.05
185,2,Hamilton (Mercedes),42.93074,86.55813,Sunny,0.05
185,3,Hamilton (Mercedes),43.34471,129.90285,Sunny,0.05
185,4,Hamilton (Mercedes),43.23773,173.14057,Sunny,0.05
185,5,Hamilton (Mercedes),42.95167,216.09224,Sunny,0.05
185,1,Verstappen (Red Bull),42.05166,42.05166,Sunny,0.05
185,2,Verstappen (Red Bull),43.03017,85.08183,Sunny,0.05
185,3,Verstappen (Red Bull),42.38648,127.46832,Sunny,0.05
185,4,Verstappen (Red Bull),43.35311,170.82143,Sunny,0.05
185,5,Verstappen (Red Bull),42.93131,213.75273,Sunny,0.05
185,1,Norris (McLaren),42.22745,42.22745,Sunny,0.05
185,2,Norris (McLaren),42.77557,85.00302,Sunny,0.05
185,3,Norris (McLaren),44.38993,129.39295,Sunny,0.05
185,4,Norris (McLaren),43.42751,172.82046,Sunny,0.05
185,5,Norris (McLaren),44.45435,217.27481,Sunny,0.05
186,1,Hamilton (Mercedes),42.48039,42.48039,Sunny,0.05
186,2,Hamilton (Mercedes),42.90561,85.386,Sunny,0.05
186,3,Hamilton (Mercedes),43.2281,128.6141,Sunny,0.05
186,4,Hamilton (Mercedes),44.13822,172.75232,Sunny,0.05
186,5,Hamilton (Mercedes),41.90165,214.65397,Sunny,0.05
186,1,Verstappen (Red Bull),43.38625,43.38625,Sunny,0.05
186,2,Verstappen (Red Bull),41.78033,85.16658,Sunny,0.05
186,3,Verstappen (Red Bull),42.28375,127.45033,Sunny,0.05
186,4,Verstappen (Red Bull),42.49494,169.94526,Sunny,0.05
186,5,Verstappen (Red Bull),42.60766,212.55292,Sunny,0.05
186,1,Norris (McLaren),43.39521,43.39521,Sunny,0.05
186,2,Norris (McLaren),42.33205,85.72725,Sunny,0.05
186,3,Norris (McLaren),43.13071,128.85796,Sunny,0.05
186,4,Norris (McLaren),43.36119,172.21915,Sunny,0.05
186,5,Norris (McLaren),43.99123,216.21038,Sunny,0.05
187,1,Hamilton (Mercedes),43.47734,43.47734,Sunny,0.05
187,2,Hamilton (Mercedes),43.04995,86.52729,Sunny,0.05
187,3,Hamilton (Mercedes),43.3456,129.87289,Sunny,0.05
187,4,Hamilton (Mercedes),42.01392,171.88681,Sunny,0.05
187,5,Hamilton (Mercedes),43.0025,214.88931,Sunny,0.05
187,1,Verstappen (Red Bull),42.77156,42.77156,Sunny,0.05
187,2,Verstappen (Red Bull),42.38592,85.15748,Sunny,0.05
187,3,Verstappen (Red Bull),41.90265,127.06013,Sunny,0.05
187,4,Verstappen (Red Bull),42.60551,169.66564,Sunny,0.05
187,5,Verstappen (Red Bull),43.12245,212.78809,Sunny,0.05
187,1,Norris (McLaren),44.77255,44.77255,Sunny,0.05
187,2,Norris (McLaren),42.93417,87.70672,Sunny,0.05
187,3,Norris (McLaren),42.7357,130.44241,Sunny,0.05
187,4,Norris (McLaren),42.95893,173.40134,Sunny,0.05
187,5,Norris (McLaren),43.56411,216.96546,Sunny,0.05
188,1,Hamilton (Mercedes),42.79152,42.79152,Sunny,0.05
188,2,Hamilton (Mercedes),44.16448,86.956,Sunny,0.05
188,3,Hamilton (Mercedes),43.85818,130.81418,Sunny,0.05
188,4,Hamilton (Mercedes),44.5053,175.31948,Sunny,0.05
188,5,Hamilton (Mercedes),43.40278,218.72227,Sunny,0.05
188,1,Verstappen (Red Bull),43.05833,43.05833,Sunny,0.05
188,2,Verstappen (Red Bull),41.70771,84.76604,Sunny,0.05
188,3,Verstappen (Red Bull),42.99861,127.76465,Sunny,0.05
188,4,Verstappen (Red Bull),42.49669,170.26134,Sunny,0.05
188,5,Verstappen (Red Bull),43.3354,213.59674,Sunny,0.05
188,1,Norris (McLaren),43.58143,43.58143,Sunny,0.05
188,2,Norris (McLaren),42.54959,86.13102,Sunny,0.05
188,3,Norris (McLaren),43.24788,129.3789,Sunny,0.05
188,4,Norris (McLaren),43.27668,172.65559,Sunny,0.05
188,5,Norris (McLaren),43.61871,216.27429,Sunny,0.05
189,1,Hamilton (Mercedes),42.85396,42.85396,Sunny,0.05
189,2,Hamilton (Mercedes),42.68613,85.54008,Sunny,0.05
189,3,Hamilton (Mercedes),42.62607,128.16615,Sunny,0.05
189,4,Hamilton (Mercedes),43.1766,171.34275,Sunny,0.05
189,5,Hamilton (Mercedes),42.9791,214.32185,Sunny,0.05
189,1,Verstappen (Red Bull),43.39737,43.39737,Sunny,0.05
189,2,Verstappen (Red Bull),43.98507,87.38244,Sunny,0.05
189,3,Verstappen (Red Bull),42.99875,130.38119,Sunny,0.05
189,4,Verstappen (Red Bull),43.51726,173.89844,Sunny,0.05
189,5,Verstappen (Red Bull),43.19245,217.0909,Sunny,0.05
189,1,Norris (McLaren),43.5249,43.5249,Sunny,0.05
189,2,Norris (McLaren),43.15506,86.67996,Sunny,0.05
189,3,Norris (McLaren),42.80227,129.48223,Sunny,0.05
189,4,Norris (McLaren),45.05285,174.53509,Sunny,0.05
189,5,Norris (McLaren),42.68127,217.21636,Sunny,0.05
190,1,Hamilton (Mercedes),43.41638,43.41638,Sunny,0.05
190,2,Hamilton (Mercedes),42.99872,86.4151,Sunny,0.05
190,3,Hamilton (Mercedes),42.99304,129.40814,Sunny,0.05
190,4,Hamilton (Mercedes),43.29483,172.70297,Sunny,0.05
190,5,Hamilton (Mercedes),43.08161,215.78458,Sunny,0.05
190,1,Verstappen (Red Bull),43.70553,43.70553,Sunny,0.05
190,2,Verstappen (Red Bull),41.98689,85.69242,Sunny,0.05
190,3,Verstappen (Red Bull),42.91085,128.60327,Sunny,0.05
190,4,Verstappen (Red Bull),43.96802,172.5713,Sunny,0.05
190,5,Verstappen (Red Bull),43.86512,216.43642,Sunny,0.05
190,1,Norris (McLaren),44.22527,44.22527,Sunny,0.05
190,2,Norris (McLaren),42.62164,86.84691,Sunny,0.05
190,3,Norris (McLaren),43.99729,130.8442,Sunny,0.05
190,4,Norris (McLaren),43.66549,174.50968,Sunny,0.05
190,5,Norris (McLaren),43.4458,217.95548,Sunny,0.05
191,1,Hamilton (Mercedes),42.92448,42.92448,Sunny,0.05
191,2,Hamilton (Mercedes),43.61051,86.53499,Sunny,0.05
191,3,Hamilton (Mercedes),43.11726,129.65225,Sunny,0.05
191,4,Hamilton (Mercedes),43.49061,173.14286,Sunny,0.05
191,5,Hamilton (Mercedes),42.88528,216.02814,Sunny,0.05
191,1,Verstappen (Red Bull),42.28551,42.28551,Sunny,0.05
191,2,Verstappen (Red Bull),41.99931,84.28482,Sunny,0.05
191,3,Verstappen (Red Bull),42.63695,126.92177,Sunny,0.05
191,4,Verstappen (Red Bull),42.38532,169.30709,Sunny,0.05
191,5,Verstappen (Red Bull),42.29065,211.59774,Sunny,0.05
191,1,Norris (McLaren),42.40076,42.40076,Sunny,0.05
191,2,Norris (McLaren),43.61532,86.01607,Sunny,0.05
191,3,Norris (McLaren),44.49558,130.51165,Sunny,0.05
191,4,Norris (McLaren),43.99661,174.50826,Sunny,0.05
191,5,Norris (McLaren),44.70013,219.20839,Sunny,0.05
192,1,Hamilton (Mercedes),43.73784,43.73784,Sunny,0.05
192,2,Hamilton (Mercedes),43.58826,87.32609,Sunny,0.05
192,3,Hamilton (Mercedes),44.41627,131.74236,Sunny,0.05
192,4,Hamilton (Mercedes),43.43785,175.18021,Sunny,0.05
192,5,Hamilton (Mercedes),43.86922,219.04943,Sunny,0.05
192,1,Verstappen (Red Bull),42.2191,42.2191,Sunny,0.05
192,2,Verstappen (Red Bull),42.60114,84.82024,Sunny,0.05
192,3,Verstappen (Red Bull),43.32388,128.14412,Sunny,0.05
192,4,Verstappen (Red Bull),43.34088,171.485,Sunny,0.05
192,5,Verstappen (Red Bull),43.84617,215.33117,Sunny,0.05
192,1,Norris (McLaren),43.17197,43.17197,Sunny,0.05
192,2,Norris (McLaren),43.6218,86.79378,Sunny,0.05
192,3,Norris (McLaren),44.26787,131.06165,Sunny,0.05
192,4,Norris (McLaren),42.78443,173.84608,Sunny,0.05
192,5,Norris (McLaren),43.15902,217.0051,Sunny,0.05
193,1,Hamilton (Mercedes),42.27477,42.27477,Sunny,0.05
193,2,Hamilton (Mercedes),42.44908,84.72385,Sunny,0.05
193,3,Hamilton (Mercedes),43.70048,128.42433,Sunny,0.05
193,4,Hamilton (Mercedes),43.66243,172.08676,Sunny,0.05
193,5,Hamilton (Mercedes),44.31029,216.39704,Sunny,0.05
193,1,Verstappen (Red Bull),42.63365,42.63365,Sunny,0.05
193,2,Verstappen (Red Bull),42.73901,85.37266,Sunny,0.05
193,3,Verstappen (Red Bull),42.42328,127.79594,Sunny,0.05
193,4,Verstappen (Red Bull),42.73965,170.53559,Sunny,0.05
193,5,Verstappen (Red Bull),43.41477,213.95036,Sunny,0.05
193,1,Norris (McLaren),42.47482,42.47482,Sunny,0.05
193,2,Norris (McLaren),43.51403,85.98885,Sunny,0.05
193,3,Norris (McLaren),44.40719,130.39603,Sunny,0.05
193,4,Norris (McLaren),43.37788,173.77391,Sunny,0.05
193,5,Norris (McLaren),43.16108,216.93499,Sunny,0.05
194,1,Hamilton (Mercedes),43.4699,43.4699,Sunny,0.05
194,2,Hamilton (Mercedes),43.26798,86.73788,Sunny,0.05
194,3,Hamilton (Mercedes),42.99601,129.73389,Sunny,0.05
194,4,Hamilton (Mercedes),43.05675,172.79064,Sunny,0.05
194,5,Hamilton (Mercedes),43.26511,216.05575,Sunny,0.05
194,1,Verstappen (Red Bull),42.91577,42.91577,Sunny,0.05
194,2,Verstappen (Red Bull),42.97965,85.89541,Sunny,0.05
194,3,Verstappen (Red Bull),42.69836,128.59378,Sunny,0.05
194,4,Verstappen (Red Bull),42.86466,171.45844,Sunny,0.05
194,5,Verstappen (Red Bull),43.24412,214.70255,Sunny,0.05
194,1,Norris (McLaren),43.46059,43.46059,Sunny,0.05
194,2,Norris (McLaren),41.88299,85.34358,Sunny,0.05
194,3,Norris (McLaren),42.85333,128.1969,Sunny,0.05
194,4,Norris (McLaren),44.08809,172.28499,Sunny,0.05
194,5,Norris (McLaren),43.76393,216.04892,Sunny,0.05
195,1,Hamilton (Mercedes),42.64797,42.64797,Sunny,0.05
195,2,Hamilton (Mercedes),43.00778,85.65575,Sunny,0.05
195,3,Hamilton (Mercedes),42.57205,128.2278,Sunny,0.05
195,4,Hamilton (Mercedes),42.87017,171.09797,Sunny,0.05
195,5,Hamilton (Mercedes),42.76826,213.86623,Sunny,0.05
195,1,Verstappen (Red Bull),43.36742,43.36742,Sunny,0.05
195,2,Verstappen (Red Bull),41.96882,85.33624,Sunny,0.05
195,3,Verstappen (Red Bull),42.78812,128.12435,Sunny,0.05
195,4,Verstappen (Red Bull),42.40972,170.53407,Sunny,0.05
195,5,Verstappen (Red Bull),42.5433,213.07737,Sunny,0.05
195,1,Norris (McLaren),44.12124,44.12124,Sunny,0.05
195,2,Norris (McLaren),42.84226,86.9635,Sunny,0.05
195,3,Norris (McLaren),43.96621,130.9297,Sunny,0.05
195,4,Norris (McLaren),42.42137,173.35107,Sunny,0.05
195,5,Norris (McLaren),43.26683,216.6179,Sunny,0.05
196,1,Hamilton (Mercedes),42.64015,42.64015,Sunny,0.05
196,2,Hamilton (Mercedes),42.99527,85.63542,Sunny,0.05
196,3,Hamilton (Mercedes),42.92216,128.55758,Sunny,0.05
196,4,Hamilton (Mercedes),43.19242,171.75,Sunny,0.05
196,5,Hamilton (Mercedes),43.08373,214.83373,Sunny,0.05
196,1,Verstappen (Red Bull),42.4068,42.4068,Sunny,0.05
196,2,Verstappen (Red Bull),43.27249,85.6793,Sunny,0.05
196,3,Verstappen (Red Bull),43.20947,128.88877,Sunny,0.05
196,4,Verstappen (Red Bull),42.7221,171.61087,Sunny,0.05
196,5,Verstappen (Red Bull),42.38471,213.99557,Sunny,0.05
196,1,Norris (McLaren),43.92723,43.92723,Sunny,0.05
196,2,Norris (McLaren),43.8561,87.78333,Sunny,0.05
196,3,Norris (McLaren),43.66289,131.44622,Sunny,0.05
196,4,Norris (McLaren),42.92038,174.3666,Sunny,0.05
196,5,Norris (McLaren),44.08919,218.45578,Sunny,0.05
197,1,Hamilton (Mercedes),42.20042,42.20042,Sunny,0.05
197,2,Hamilton (Mercedes),44.04834,86.24875,Sunny,0.05
197,3,Hamilton (Mercedes),44.72334,130.97209,Sunny,0.05
197,4,Hamilton (Mercedes),44.29948,175.27157,Sunny,0.05
197,5,Hamilton (Mercedes),43.37663,218.6482,Sunny,0.05
197,1,Verstappen (Red Bull),42.97772,42.97772,Sunny,0.05
197,2,Verstappen (Red Bull),43.01403,85.99176,Sunny,0.05
197,3,Verstappen (Red Bull),42.46406,128.45581,Sunny,0.05
197,4,Verstappen (Red Bull),42.74134,171.19715,Sunny,0.05
197,5,Verstappen (Red Bull),41.91948,213.11663,Sunny,0.05
197,1,Norris (McLaren),43.91883,43.91883,Sunny,0.05
197,2,Norris (McLaren),43.16144,87.08027,Sunny,0.05
197,3,Norris (McLaren),43.45684,130.53711,Sunny,0.05
197,4,Norris (McLaren),44.51251,175.04963,Sunny,0.05
197,5,Norris (McLaren),43.39379,218.44342,Sunny,0.05
198,1,Hamilton (Mercedes),42.95315,42.95315,Sunny,0.05
198,2,Hamilton (Mercedes),43.39228,86.34543,Sunny,0.05
198,3,Hamilton (Mercedes),43.44197,129.78739,Sunny,0.05
198,4,Hamilton (Mercedes),43.3377,173.12509,Sunny,0.05
198,5,Hamilton (Mercedes),42.89749,216.02258,Sunny,0.05
198,1,Verstappen (Red Bull),43.55294,43.55294,Sunny,0.05
198,2,Verstappen (Red Bull),42.39235,85.94528,Sunny,0.05
198,3,Verstappen (Red Bull),42.41121,128.35649,Sunny,0.05
198,4,Verstappen (Red Bull),42.03874,170.39524,Sunny,0.05
198,5,Verstappen (Red Bull),42.91633,213.31157,Sunny,0.05
198,1,Norris (McLaren),43.69608,43.69608,Sunny,0.05
198,2,Norris (McLaren),44.46849,88.16457,Sunny,0.05
198,3,Norris (McLaren),42.46284,130.62741,Sunny,0.05
198,4,Norris (McLaren),41.85159,172.479,Sunny,0.05
198,5,Norris (McLaren),42.93145,215.41045,Sunny,0.05
199,1,Hamilton (Mercedes),42.71986,42.71986,Sunny,0.05
199,2,Hamilton (Mercedes),43.36294,86.0828,Sunny,0.05
199,3,Hamilton (Mercedes),43.10342,129.18623,Sunny,0.05
199,4,Hamilton (Mercedes),43.85858,173.04481,Sunny,0.05
199,5,Hamilton (Mercedes),42.46934,215.51414,Sunny,0.05
199,1,Verstappen (Red Bull),43.55957,43.55957,Sunny,0.05
199,2,Verstappen (Red Bull),43.23604,86.79561,Sunny,0.05
199,3,Verstappen (Red Bull),43.01776,129.81337,Sunny,0.05
199,4,Verstappen (Red Bull),43.71517,173.52855,Sunny,0.05
199,5,Verstappen (Red Bull),43.43312,216.96167,Sunny,0.05
199,1,Norris (McLaren),43.6133,43.6133,Sunny,0.05
199,2,Norris (McLaren),43.62436,87.23766,Sunny,0.05
199,3,Norris (McLaren),41.8147,129.05237,Sunny,0.05
199,4,Norris (McLaren),43.24871,172.30108,Sunny,0.05
199,5,Norris (McLaren),43.46831,215.76938,Sunny,0.05
200,1,Hamilton (Mercedes),42.98171,42.98171,Sunny,0.05
200,2,Hamilton (Mercedes),42.58539,85.56711,Sunny,0.05
200,3,Hamilton (Mercedes),42.83138,128.39849,Sunny,0.05
200,4,Hamilton (Mercedes),42.31653,170.71502,Sunny,0.05
200,5,Hamilton (Mercedes),41.80646,212.52148,Sunny,0.05
200,1,Verstappen (Red Bull),43.55669,43.55669,Sunny,0.05
200,2,Verstappen (Red Bull),43.11612,86.67281,Sunny,0.05
200,3,Verstappen (Red Bull),43.00448,129.6773,Sunny,0.05
200,4,Verstappen (Red Bull),43.87971,173.55701,Sunny,0.05
200,5,Verstappen (Red Bull),43.15534,216.71235,Sunny,0.05
200,1,Norris (McLaren),44.15537,44.15537,Sunny,0.05
200,2,Norris (McLaren),44.57868,88.73405,Sunny,0.05
200,3,Norris (McLaren),43.57725,132.3113,Sunny,0.05
200,4,Norris (McLaren),42.8702,175.1815,Sunny,0.05
200,5,Norris (McLaren),43.66374,218.84524,Sunny,0.05
