trial,lap,entrant,lap_time,cumulative_time,weather,wetness
1,1,Hamilton (Mercedes),36.19685,36.19685,Rainy,0.8
1,2,Hamilton (Mercedes),37.26961,73.46645,Rainy,0.8
1,3,Hamilton (Mercedes),36.17848,109.64494,Rainy,0.8
1,4,Hamilton (Mercedes),37.00661,146.65155,Rainy,0.8
1,5,Hamilton (Mercedes),37.15617,183.80773,Rainy,0.8
1,1,Verstappen (Red Bull),36.5843,36.5843,Rainy,0.8
1,2,Verstappen (Red Bull),36.8151,73.3994,Rainy,0.8
1,3,Verstappen (Red Bull),36.84457,110.24397,Rainy,0.8
1,4,Verstappen (Red Bull),36.72378,146.96775,Rainy,0.8
1,5,Verstappen (Red Bull),35.95446,182.92222,Rainy,0.8
1,1,Norris (McLaren),36.65836,36.65836,Rainy,0.8
1,2,Norris (McLaren),36.21756,72.87592,Rainy,0.8
1,3,Norris (McLaren),36.67396,109.54988,Rainy,0.8
1,4,Norris (McLaren),37.52455,147.07442,Rainy,0.8
1,5,Norris (McLaren),36.78549,183.85992,Rainy,0.8
2,1,Hamilton (Mercedes),36.01593,36.01593,Rainy,0.8
2,2,Hamilton (Mercedes),37.35181,73.36774,Rainy,0.8
2,3,Hamilton (Mercedes),37.47433,110.84207,Rainy,0.8
2,4,Hamilton (Mercedes),37.01395,147.85601,Rainy,0.8
2,5,Hamilton (Mercedes),37.83244,185.68845,Rainy,0.8
2,1,Verstappen (Red Bull),35.62976,35.62976,Rainy,0.8
2,2,Verstappen (Red Bull),35.96385,71.59361,Rainy,0.8
2,3,Verstappen (Red Bull),36.71472,108.30833,Rainy,0.8
2,4,Verstappen (Red Bull),34.78568,143.09401,Rainy,0.8
2,5,Verstappen (Red Bull),34.61205,177.70606,Rainy,0.8
2,1,Norris (McLaren),36.98229,36.98229,Rainy,0.8
2,2,Norris (McLaren),36.16865,73.15095,Rainy,0.8
2,3,Norris (McLaren),37.88125,111.03219,Rainy,0.8
2,4,Norris (McLaren),37.36945,148.40165,Rainy,0.8
2,5,Norris (McLaren),37.18365,185.5853,Rainy,0.8
3,1,Hamilton (Mercedes),37.48729,37.48729,Rainy,0.8
3,2,Hamilton (Mercedes),36.5321,74.0194,Rainy,0.8
3,3,Hamilton (Mercedes),36.30061,110.32001,Rainy,0.8
3,4,Hamilton (Mercedes),37.71117,148.03118,Rainy,0.8
3,5,Hamilton (Mercedes),37.27765,185.30883,Rainy,0.8
3,1,Verstappen (Red Bull),35.56431,35.56431,Rainy,0.8
3,2,Verstappen (Red Bull),35.99715,71.56146,Rainy,0.8
3,3,Verstappen (Red Bull),36.92593,108.48739,Rainy,0.8
3,4,Verstappen (Red Bull),37.05476,145.54215,Rainy,0.8
3,5,Verstappen (Red Bull),36.38137,181.92352,Rainy,0.8
3,1,Norris (McLaren),36.15377,36.15377,Rainy,0.8
3,2,Norris (McLaren),37.47302,73.62678,Rainy,0.8
3,3,Norris (McLaren),37.25441,110.88119,Rainy,0.8
3,4,Norris (McLaren),36.60837,147.48956,Rainy,0.8
3,5,Norris (McLaren),36.9805,184.47006,Rainy,0.8
4,1,Hamilton (Mercedes),37.27664,37.27664,Rainy,0.8
4,2,Hamilton (Mercedes),37.84003,75.11667,Rainy,0.8
4,3,Hamilton (Mercedes),36.82379,111.94046,Rainy,0.8
4,4,Hamilton (Mercedes),36.63176,148.57221,Rainy,0.8
4,5,Hamilton (Mercedes),36.54197,185.11418,Rainy,0.8
4,1,Verstappen (Red Bull),36.48643,36.48643,Rainy,0.8
4,2,Verstappen (Red Bull),36.45425,72.94068,Rainy,0.8
4,3,Verstappen (Red Bull),34.83321,107.7739,Rainy,0.8
4,4,Verstappen (Red Bull),35.91744,143.69134,Rainy,0.8
4,5,Verstappen (Red Bull),36.33845,180.02978,Rainy,0.8
4,1,Norris (McLaren),36.04817,36.04817,Rainy,0.8
4,2,Norris (McLaren),36.99644,73.04461,Rainy,0.8
4,3,Norris (McLaren),36.43103,109.47564,Rainy,0.8
4,4,Norris (McLaren),37.29572,146.77135,Rainy,0.8
4,5,Norris (McLaren),36.75052,183.52187,Rainy,0.8
5,1,Hamilton (Mercedes),36.75237,36.75237,Rainy,0.8
5,2,Hamilton (Mercedes),37.00794,73.76031,Rainy,0.8
5,3,Hamilton (Mercedes),37.33357,111.09388,Rainy,0.8
5,4,Hamilton (Mercedes),36.72937,147.82325,Rainy,0.8
5,5,Hamilton (Mercedes),36.82495,184.6482,Rainy,0.8
5,1,Verstappen (Red Bull),36.47194,36.47194,Rainy,0.8
5,2,Verstappen (Red Bull),37.72193,74.19386,Rainy,0.8
5,3,Verstappen (Red Bull),36.48842,110.68229,Rainy,0.8
5,4,Verstappen (Red Bull),37.13042,147.8127,Rainy,0.8
5,5,Verstappen (Red Bull),36.20502,184.01773,Rainy,0.8
5,1,Norris (McLaren),36.87826,36.87826,Rainy,0.8
5,2,Norris (McLaren),36.63325,73.51151,Rainy,0.8
5,3,Norris (McLaren),36.58383,110.09535,Rainy,0.8
5,4,Norris (McLaren),36.59492,146.69027,Rainy,0.8
5,5,Norris (McLaren),36.73354,183.42381,Rainy,0.8
6,1,Hamilton (Mercedes),36.3793,36.3793,Rainy,0.8
6,2,Hamilton (Mercedes),37.3576,73.7369,Rainy,0.8
6,3,Hamilton (Mercedes),37.02192,110.75882,Rainy,0.8
6,4,Hamilton (Mercedes),36.31695,147.07577,Rainy,0.8
6,5,Hamilton (Mercedes),37.1066,184.18237,Rainy,0.8
6,1,Verstappen (Red Bull),36.07744,36.07744,Rainy,0.8
6,2,Verstappen (Red Bull),36.33818,72.41562,Rainy,0.8
6,3,Verstappen (Red Bull),36.45061,108.86623,Rainy,0.8
6,4,Verstappen (Red Bull),36.13311,144.99934,Rainy,0.8
6,5,Verstappen (Red Bull),35.53376,180.5331,Rainy,0.8
6,1,Norris (McLaren),36.90844,36.90844,Rainy,0.8
6,2,Norris (McLaren),36.62685,73.53529,Rainy,0.8
6,3,Norris (McLaren),36.60421,110.1395,Rainy,0.8
6,4,Norris (McLaren),37.56185,147.70134,Rainy,0.8
6,5,Norris (McLaren),36.44097,184.14231,Rainy,0.8
7,1,Hamilton (Mercedes),37.22501,37.22501,Rainy,0.8
7,2,Hamilton (Mercedes),37.67911,74.90413,Rainy,0.8
7,3,Hamilton (Mercedes),37.74968,112.65381,Rainy,0.8
7,4,Hamilton (Mercedes),37.54089,150.19469,Rainy,0.8
7,5,Hamilton (Mercedes),37.19504,187.38973,Rainy,0.8
7,1,Verstappen (Red Bull),36.43866,36.43866,Rainy,0.8
7,2,Verstappen (Red Bull),36.50784,72.9465,Rainy,0.8
7,3,Verstappen (Red Bull),37.1406,110.0871,Rainy,0.8
7,4,Verstappen (Red Bull),36.65649,146.7436,Rainy,0.8
7,5,Verstappen (Red Bull),36.07005,182.81364,Rainy,0.8
7,1,Norris (McLaren),36.62464,36.62464,Rainy,0.8
7,2,Norris (McLaren),35.82208,72.44672,Rainy,0.8
7,3,Norris (McLaren),35.52734,107.97406,Rainy,0.8
7,4,Norris (McLaren),36.78281,144.75688,Rainy,0.8
7,5,Norris (McLaren),36.58877,181.34565,Rainy,0.8
8,1,Hamilton (Mercedes),37.78303,37.78303,Rainy,0.8
8,2,Hamilton (Mercedes),36.7685,74.55153,Rainy,0.8
8,3,Hamilton (Mercedes),37.20475,111.75627,Rainy,0.8
8,4,Hamilton (Mercedes),36.53937,148.29565,Rainy,0.8
8,5,Hamilton (Mercedes),36.44514,184.74079,Rainy,0.8
8,1,Verstappen (Red Bull),37.66745,37.66745,Rainy,0.8
8,2,Verstappen (Red Bull),36.70827,74.37572,Rainy,0.8
8,3,Verstappen (Red Bull),36.44212,110.81784,Rainy,0.8
8,4,Verstappen (Red Bull),35.77255,146.59039,Rainy,0.8
8,5,Verstappen (Red Bull),36.6318,183.22219,Rainy,0.8
8,1,Norris (McLaren),35.3995,35.3995,Rainy,0.8
8,2,Norris (McLaren),36.75041,72.1499,Rainy,0.8
8,3,Norris (McLaren),36.5646,108.71451,Rainy,0.8
8,4,Norris (McLaren),35.80324,144.51775,Rainy,0.8
8,5,Norris (McLaren),36.56059,181.07834,Rainy,0.8
9,1,Hamilton (Mercedes),36.80211,36.80211,Rainy,0.8
9,2,Hamilton (Mercedes),36.65881,73.46092,Rainy,0.8
9,3,Hamilton (Mercedes),37.28028,110.7412,Rainy,0.8
9,4,Hamilton (Mercedes),37.34504,148.08624,Rainy,0.8
9,5,Hamilton (Mercedes),37.04926,185.1355,Rainy,0.8
9,1,Verstappen (Red Bull),36.36452,36.36452,Rainy,0.8
9,2,Verstappen (Red Bull),37.08718,73.4517,Rainy,0.8
9,3,Verstappen (Red Bull),36.15999,109.61169,Rainy,0.8
9,4,Verstappen (Red Bull),36.21956,145.83125,Rainy,0.8
9,5,Verstappen (Red Bull),36.57185,182.40311,Rainy,0.8
9,1,Norris (McLaren),35.83924,35.83924,Rainy,0.8
9,2,Norris (McLaren),36.78255,72.62179,Rainy,0.8
9,3,Norris (McLaren),37.16673,109.78852,Rainy,0.8
9,4,Norris (McLaren),36.75141,146.53994,Rainy,0.8
9,5,Norris (McLaren),38.03151,184.57145,Rainy,0.8
10,1,Hamilton (Mercedes),36.33596,36.33596,Rainy,0.8
10,2,Hamilton (Mercedes),36.79268,73.12864,Rainy,0.8
10,3,Hamilton (Mercedes),36.4339,109.56254,Rainy,0.8
10,4,Hamilton (Mercedes),37.0455,146.60804,Rainy,0.8
10,5,Hamilton (Mercedes),36.82713,183.43517,Rainy,0.8
10,1,Verstappen (Red Bull),36.19495,36.19495,Rainy,0.8
10,2,Verstappen (Red Bull),35.52299,71.71793,Rainy,0.8
10,3,Verstappen (Red Bull),36.69053,108.40846,Rainy,0.8
10,4,Verstappen (Red Bull),36.79797,145.20643,Rainy,0.8
10,5,Verstappen (Red Bull),35.52421,180.73064,Rainy,0.8
10,1,Norris (McLaren),37.13038,37.13038,Rainy,0.8
10,2,Norris (McLaren),36.09245,73.22283,Rainy,0.8
10,3,Norris (McLaren),36.24243,109.46526,Rainy,0.8
10,4,Norris (McLaren),36.84725,146.3125,Rainy,0.8
10,5,Norris (McLaren),35.80266,182.11516,Rainy,0.8
11,1,Hamilton (Mercedes),37.04294,37.04294,Rainy,0.8
11,2,Hamilton (Mercedes),36.4501,73.49303,Rainy,0.8
11,3,Hamilton (Mercedes),36.6891,110.18213,Rainy,0.8
11,4,Hamilton (Mercedes),37.3547,147.53683,Rainy,0.8
11,5,Hamilton (Mercedes),37.41905,184.95588,Rainy,0.8
11,1,Verstappen (Red Bull),37.18274,37.18274,Rainy,0.8
11,2,Verstappen (Red Bull),36.0644,73.24714,Rainy,0.8
11,3,Verstappen (Red Bull),35.91182,109.15896,Rainy,0.8
11,4,Verstappen (Red Bull),35.69766,144.85662,Rainy,0.8
11,5,Verstappen (Red Bull),35.86076,180.71738,Rainy,0.8
11,1,Norris (McLaren),36.87362,36.87362,Rainy,0.8
11,2,Norris (McLaren),36.42784,73.30146,Rainy,0.8
11,3,Norris (McLaren),37.68476,110.98622,Rainy,0.8
11,4,Norris (McLaren),37.32346,148.30968,Rainy,0.8
11,5,Norris (McLaren),37.54246,185.85213,Rainy,0.8
12,1,Hamilton (Mercedes),36.64518,36.64518,Rainy,0.8
12,2,Hamilton (Mercedes),35.63508,72.28026,Rainy,0.8
12,3,Hamilton (Mercedes),36.61877,108.89904,Rainy,0.8
12,4,Hamilton (Mercedes),37.12172,146.02076,Rainy,0.8
12,5,Hamilton (Mercedes),36.78803,182.80879,Rainy,0.8
12,1,Verstappen (Red Bull),36.02195,36.02195,Rainy,0.8
12,2,Verstappen (Red Bull),35.42902,71.45097,Rainy,0.8
12,3,Verstappen (Red Bull),36.21462,107.66559,Rainy,0.8
12,4,Verstappen (Red Bull),37.37287,145.03846,Rainy,0.8
12,5,Verstappen (Red Bull),36.92547,181.96393,Rainy,0.8
12,1,Norris (McLaren),36.09521,36.09521,Rainy,0.8
12,2,Norris (McLaren),35.72581,71.82101,Rainy,0.8
12,3,Norris (McLaren),36.95177,108.77278,Rainy,0.8
12,4,Norris (McLaren),36.86836,145.64114,Rainy,0.8
12,5,Norris (McLaren),35.59387,181.23501,Rainy,0.8
13,1,Hamilton (Mercedes),37.56368,37.56368,Rainy,0.8
13,2,Hamilton (Mercedes),36.90026,74.46394,Rainy,0.8
13,3,Hamilton (Mercedes),36.80837,111.27231,Rainy,0.8
13,4,Hamilton (Mercedes),37.21491,148.48722,Rainy,0.8
13,5,Hamilton (Mercedes),36.80489,185.29211,Rainy,0.8
13,1,Verstappen (Red Bull),35.68163,35.68163,Rainy,0.8
13,2,Verstappen (Red Bull),34.95214,70.63377,Rainy,0.8
13,3,Verstappen (Red Bull),35.26451,105.89828,Rainy,0.8
13,4,Verstappen (Red Bull),36.95379,142.85207,Rainy,0.8
13,5,Verstappen (Red Bull),35.64869,178.50077,Rainy,0.8
13,1,Norris (McLaren),36.13381,36.13381,Rainy,0.8
13,2,Norris (McLaren),36.13814,72.27195,Rainy,0.8
13,3,Norris (McLaren),35.91521,108.18716,Rainy,0.8
13,4,Norris (McLaren),36.48264,144.66979,Rainy,0.8
13,5,Norris (McLaren),34.51283,179.18262,Rainy,0.8
14,1,Hamilton (Mercedes),37.16159,37.16159,Rainy,0.8
14,2,Hamilton (Mercedes),36.05131,73.2129,Rainy,0.8
14,3,Hamilton (Mercedes),36.558,109.7709,Rainy,0.8
14,4,Hamilton (Mercedes),36.48972,146.26062,Rainy,0.8
14,5,Hamilton (Mercedes),36.59299,182.85361,Rainy,0.8
14,1,Verstappen (Red Bull),36.93528,36.93528,Rainy,0.8
14,2,Verstappen (Red Bull),35.80618,72.74146,Rainy,0.8
14,3,Verstappen (Red Bull),36.01934,108.7608,Rainy,0.8
14,4,Verstappen (Red Bull),36.84215,145.60295,Rainy,0.8
14,5,Verstappen (Red Bull),35.82192,181.42487,Rainy,0.8
14,1,Norris (McLaren),35.275,35.275,Rainy,0.8
14,2,Norris (McLaren),36.77292,72.04791,Rainy,0.8
14,3,Norris (McLaren),36.63684,108.68476,Rainy,0.8
14,4,Norris (McLaren),36.15798,144.84274,Rainy,0.8
14,5,Norris (McLaren),36.0878,180.93054,Rainy,0.8
15,1,Hamilton (Mercedes),37.5903,37.5903,Rainy,0.8
15,2,Hamilton (Mercedes),37.86341,75.45371,Rainy,0.8
15,3,Hamilton (Mercedes),36.68367,112.13738,Rainy,0.8
15,4,Hamilton (Mercedes),36.75315,148.89053,Rainy,0.8
15,5,Hamilton (Mercedes),37.46073,186.35126,Rainy,0.8
15,1,Verstappen (Red Bull),36.10926,36.10926,Rainy,0.8
15,2,Verstappen (Red Bull),36.51327,72.62253,Rainy,0.8
15,3,Verstappen (Red Bull),36.39418,109.01671,Rainy,0.8
15,4,Verstappen (Red Bull),36.9691,145.9858,Rainy,0.8
15,5,Verstappen (Red Bull),37.33536,183.32117,Rainy,0.8
15,1,Norris (McLaren),35.8868,35.8868,Rainy,0.8
15,2,Norris (McLaren),35.55957,71.44637,Rainy,0.8
15,3,Norris (McLaren),35.93109,107.37746,Rainy,0.8
15,4,Norris (McLaren),35.57724,142.9547,Rainy,0.8
15,5,Norris (McLaren),36.19621,179.15091,Rainy,0.8
16,1,Hamilton (Mercedes),37.42832,37.42832,Rainy,0.8
16,2,Hamilton (Mercedes),36.13265,73.56097,Rainy,0.8
16,3,Hamilton (Mercedes),37.23467,110.79565,Rainy,0.8
16,4,Hamilton (Mercedes),36.36406,147.1597,Rainy,0.8
16,5,Hamilton (Mercedes),37.61698,184.77668,Rainy,0.8
16,1,Verstappen (Red Bull),36.47607,36.47607,Rainy,0.8
16,2,Verstappen (Red Bull),36.9802,73.45627,Rainy,0.8
16,3,Verstappen (Red Bull),36.14079,109.59705,Rainy,0.8
16,4,Verstappen (Red Bull),36.31323,145.91028,Rainy,0.8
16,5,Verstappen (Red Bull),37.03549,182.94578,Rainy,0.8
16,1,Norris (McLaren),37.04831,37.04831,Rainy,0.8
16,2,Norris (McLaren),36.88652,73.93483,Rainy,0.8
16,3,Norris (McLaren),37.17373,111.10855,Rainy,0.8
16,4,Norris (McLaren),37.30242,148.41097,Rainy,0.8
16,5,Norris (McLaren),35.97977,184.39074,Rainy,0.8
17,1,Hamilton (Mercedes),36.53379,36.53379,Rainy,0.8
17,2,Hamilton (Mercedes),36.33539,72.86918,Rainy,0.8
17,3,Hamilton (Mercedes),36.92097,109.79016,Rainy,0.8
17,4,Hamilton (Mercedes),37.27321,147.06337,Rainy,0.8
17,5,Hamilton (Mercedes),36.92211,183.98548,Rainy,0.8
17,1,Verstappen (Red Bull),36.71341,36.71341,Rainy,0.8
17,2,Verstappen (Red Bull),36.60519,73.3186,Rainy,0.8
17,3,Verstappen (Red Bull),36.99628,110.31488,Rainy,0.8
17,4,Verstappen (Red Bull),35.5328,145.84768,Rainy,0.8
17,5,Verstappen (Red Bull),36.03835,181.88603,Rainy,0.8
17,1,Norris (McLaren),36.19247,36.19247,Rainy,0.8
17,2,Norris (McLaren),36.41525,72.60772,Rainy,0.8
17,3,Norris (McLaren),35.99754,108.60526,Rainy,0.8
17,4,Norris (McLaren),36.90587,145.51113,Rainy,0.8
17,5,Norris (McLaren),37.57189,183.08301,Rainy,0.8
18,1,Hamilton (Mercedes),38.04385,38.04385,Rainy,0.8
18,2,Hamilton (Mercedes),37.15855,75.20241,Rainy,0.8
18,3,Hamilton (Mercedes),37.7709,112.97331,Rainy,0.8
18,4,Hamilton (Mercedes),37.19669,150.17,Rainy,0.8
18,5,Hamilton (Mercedes),37.5066,187.6766,Rainy,0.8
18,1,Verstappen (Red Bull),36.65276,36.65276,Rainy,0.8
18,2,Verstappen (Red Bull),37.59785,74.25061,Rainy,0.8
18,3,Verstappen (Red Bull),36.04733,110.29794,Rainy,0.8
18,4,Verstappen (Red Bull),35.3828,145.68074,Rainy,0.8
18,5,Verstappen (Red Bull),36.84677,182.52751,Rainy,0.8
18,1,Norris (McLaren),36.50323,36.50323,Rainy,0.8
18,2,Norris (McLaren),35.74202,72.24525,Rainy,0.8
18,3,Norris (McLaren),36.85347,109.09872,Rainy,0.8
18,4,Norris (McLaren),36.1995,145.29822,Rainy,0.8
18,5,Norris (McLaren),35.18823,180.48645,Rainy,0.8
19,1,Hamilton (Mercedes),36.41147,36.41147,Rainy,0.8
19,2,Hamilton (Mercedes),36.8353,73.24678,Rainy,0.8
19,3,Hamilton (Mercedes),37.19296,110.43973,Rainy,0.8
19,4,Hamilton (Mercedes),36.66562,147.10535,Rainy,0.8
19,5,Hamilton (Mercedes),36.64904,183.75439,Rainy,0.8
19,1,Verstappen (Red Bull),36.33888,36.33888,Rainy,0.8
19,2,Verstappen (Red Bull),35.90031,72.2392,Rainy,0.8
19,3,Verstappen (Red Bull),36.02403,108.26323,Rainy,0.8
19,4,Verstappen (Red Bull),37.31735,145.58058,Rainy,0.8
19,5,Verstappen (Red Bull),36.52631,182.10689,Rainy,0.8
19,1,Norris (McLaren),37.25209,37.25209,Rainy,0.8
19,2,Norris (McLaren),36.28577,73.53786,Rainy,0.8
19,3,Norris (McLaren),38.15563,111.69349,Rainy,0.8
19,4,Norris (McLaren),36.8336,148.52708,Rainy,0.8
19,5,Norris (McLaren),36.03112,184.5582,Rainy,0.8
20,1,Hamilton (Mercedes),37.60436,37.60436,Rainy,0.8
20,2,Hamilton (Mercedes),37.64276,75.24712,Rainy,0.8
20,3,Hamilton (Mercedes),37.12833,112.37545,Rainy,0.8
20,4,Hamilton (Mercedes),37.0892,149.46464,Rainy,0.8
20,5,Hamilton (Mercedes),36.52441,185.98906,Rainy,0.8
20,1,Verstappen (Red Bull),35.36263,35.36263,Rainy,0.8
20,2,Verstappen (Red Bull),37.33737,72.7,Rainy,0.8
20,3,Verstappen (Red Bull),36.94607,109.64606,Rainy,0.8
20,4,Verstappen (Red Bull),36.69049,146.33655,Rainy,0.8
20,5,Verstappen (Red Bull),36.91372,183.25027,Rainy,0.8
20,1,Norris (McLaren),36.5975,36.5975,Rainy,0.8
20,2,Norris (McLaren),36.61438,73.21188,Rainy,0.8
20,3,Norris (McLaren),36.23065,109.44253,Rainy,0.8
20,4,Norris (McLaren),35.74074,145.18327,Rainy,0.8
20,5,Norris (McLaren),36.00877,181.19204,Rainy,0.8
21,1,Hamilton (Mercedes),37.38975,37.38975,Rainy,0.8
21,2,Hamilton (Mercedes),36.09228,73.48203,Rainy,0.8
21,3,Hamilton (Mercedes),36.80779,110.28982,Rainy,0.8
21,4,Hamilton (Mercedes),36.14915,146.43897,Rainy,0.8
21,5,Hamilton (Mercedes),37.65868,184.09765,Rainy,0.8
21,1,Verstappen (Red Bull),35.87061,35.87061,Rainy,0.8
21,2,Verstappen (Red Bull),36.36621,72.23682,Rainy,0.8
21,3,Verstappen (Red Bull),36.50943,108.74626,Rainy,0.8
21,4,Verstappen (Red Bull),36.08706,144.83332,Rainy,0.8
21,5,Verstappen (Red Bull),35.78169,180.61501,Rainy,0.8
21,1,Norris (McLaren),36.8696,36.8696,Rainy,0.8
21,2,Norris (McLaren),36.37316,73.24276,Rainy,0.8
21,3,Norris (McLaren),36.17634,109.4191,Rainy,0.8
21,4,Norris (McLaren),37.48165,146.90075,Rainy,0.8
21,5,Norris (McLaren),36.01814,182.9189,Rainy,0.8
22,1,Hamilton (Mercedes),37.2995,37.2995,Rainy,0.8
22,2,Hamilton (Mercedes),36.46513,73.76463,Rainy,0.8
22,3,Hamilton (Mercedes),37.09585,110.86048,Rainy,0.8
22,4,Hamilton (Mercedes),37.8556,148.71609,Rainy,0.8
22,5,Hamilton (Mercedes),35.87811,184.5942,Rainy,0.8
22,1,Verstappen (Red Bull),36.27478,36.27478,Rainy,0.8
22,2,Verstappen (Red Bull),36.81365,73.08843,Rainy,0.8
22,3,Verstappen (Red Bull),36.9565,110.04493,Rainy,0.8
22,4,Verstappen (Red Bull),36.57616,146.62109,Rainy,0.8
22,5,Verstappen (Red Bull),36.94147,183.56256,Rainy,0.8
22,1,Norris (McLaren),36.50854,36.50854,Rainy,0.8
22,2,Norris (McLaren),36.65896,73.1675,Rainy,0.8
22,3,Norris (McLaren),36.88544,110.05294,Rainy,0.8
22,4,Norris (McLaren),35.76104,145.81398,Rainy,0.8
22,5,Norris (McLaren),37.59851,183.41249,Rainy,0.8
23,1,Hamilton (Mercedes),36.64239,36.64239,Rainy,0.8
23,2,Hamilton (Mercedes),35.99301,72.63541,Rainy,0.8
23,3,Hamilton (Mercedes),37.2362,109.8716,Rainy,0.8
23,4,Hamilton (Mercedes),36.62293,146.49453,Rainy,0.8
23,5,Hamilton (Mercedes),36.57832,183.07286,Rainy,0.8
23,1,Verstappen (Red Bull),35.10903,35.10903,Rainy,0.8
23,2,Verstappen (Red Bull),36.81227,71.92129,Rainy,0.8
23,3,Verstappen (Red Bull),35.51113,107.43242,Rainy,0.8
23,4,Verstappen (Red Bull),36.51298,143.9454,Rainy,0.8
23,5,Verstappen (Red Bull),36.82571,180.77111,Rainy,0.8
23,1,Norris (McLaren),36.11992,36.11992,Rainy,0.8
23,2,Norris (McLaren),36.49263,72.61254,Rainy,0.8
23,3,Norris (McLaren),36.12268,108.73522,Rainy,0.8
23,4,Norris (McLaren),35.31787,144.05309,Rainy,0.8
23,5,Norris (McLaren),36.35649,180.40958,Rainy,0.8
24,1,Hamilton (Mercedes),36.97128,36.97128,Rainy,0.8
24,2,Hamilton (Mercedes),35.84444,72.81572,Rainy,0.8
24,3,Hamilton (Mercedes),36.8726,109.68831,Rainy,0.8
24,4,Hamilton (Mercedes),37.60846,147.29677,Rainy,0.8
24,5,Hamilton (Mercedes),37.41432,184.71109,Rainy,0.8
24,1,Verstappen (Red Bull),36.1643,36.1643,Rainy,0.8
24,2,Verstappen (Red Bull),36.5404,72.7047,Rainy,0.8
24,3,Verstappen (Red Bull),36.8849,109.5896,Rainy,0.8
24,4,Verstappen (Red Bull),36.03426,145.62385,Rainy,0.8
24,5,Verstappen (Red Bull),36.51328,182.13713,Rainy,0.8
24,1,Norris (McLaren),36.30309,36.30309,Rainy,0.8
24,2,Norris (McLaren),36.73391,73.037,Rainy,0.8
24,3,Norris (McLaren),37.10322,110.14022,Rainy,0.8
24,4,Norris (McLaren),36.46373,146.60395,Rainy,0.8
24,5,Norris (McLaren),36.35397,182.95792,Rainy,0.8
25,1,Hamilton (Mercedes),36.88603,36.88603,Rainy,0.8
25,2,Hamilton (Mercedes),36.70426,73.5903,Rainy,0.8
25,3,Hamilton (Mercedes),37.13468,110.72498,Rainy,0.8
25,4,Hamilton (Mercedes),36.99389,147.71887,Rainy,0.8
25,5,Hamilton (Mercedes),35.91029,183.62916,Rainy,0.8
25,1,Verstappen (Red Bull),36.10939,36.10939,Rainy,0.8
25,2,Verstappen (Red Bull),36.66829,72.77768,Rainy,0.8
25,3,Verstappen (Red Bull),36.37076,109.14844,Rainy,0.8
25,4,Verstappen (Red Bull),35.82463,144.97307,Rainy,0.8
25,5,Verstappen (Red Bull),36.85689,181.82997,Rainy,0.8
25,1,Norris (McLaren),36.13323,36.13323,Rainy,0.8
25,2,Norris (McLaren),35.85754,71.99077,Rainy,0.8
25,3,Norris (McLaren),36.61483,108.6056,Rainy,0.8
25,4,Norris (McLaren),36.8439,145.4495,Rainy,0.8
25,5,Norris (McLaren),37.15472,182.60422,Rainy,0.8
26,1,Hamilton (Mercedes),38.08672,38.08672,Rainy,0.8
26,2,Hamilton (Mercedes),37.26715,75.35387,Rainy,0.8
26,3,Hamilton (Mercedes),35.96448,111.31835,Rainy,0.8
26,4,Hamilton (Mercedes),37.42681,148.74516,Rainy,0.8
26,5,Hamilton (Mercedes),37.1854,185.93057,Rainy,0.8
26,1,Verstappen (Red Bull),35.87339,35.87339,Rainy,0.8
26,2,Verstappen (Red Bull),35.42779,71.30118,Rainy,0.8
26,3,Verstappen (Red Bull),35.66796,106.96914,Rainy,0.8
26,4,Verstappen (Red Bull),36.65828,143.62742,Rainy,0.8
26,5,Verstappen (Red Bull),35.66765,179.29506,Rainy,0.8
26,1,Norris (McLaren),35.89619,35.89619,Rainy,0.8
26,2,Norris (McLaren),37.54258,73.43877,Rainy,0.8
26,3,Norris (McLaren),36.4564,109.89517,Rainy,0.8
26,4,Norris (McLaren),37.06488,146.96004,Rainy,0.8
26,5,Norris (McLaren),35.96522,182.92526,Rainy,0.8
27,1,Hamilton (Mercedes),36.39611,36.39611,Rainy,0.8
27,2,Hamilton (Mercedes),36.23909,72.63521,Rainy,0.8
27,3,Hamilton (Mercedes),37.16915,109.80436,Rainy,0.8
27,4,Hamilton (Mercedes),37.13967,146.94403,Rainy,0.8
27,5,Hamilton (Mercedes),36.68607,183.6301,Rainy,0.8
27,1,Verstappen (Red Bull),35.91306,35.91306,Rainy,0.8
27,2,Verstappen (Red Bull),36.81801,72.73107,Rainy,0.8
27,3,Verstappen (Red Bull),36.64408,109.37515,Rainy,0.8
27,4,Verstappen (Red Bull),35.93207,145.30722,Rainy,0.8
27,5,Verstappen (Red Bull),36.64545,181.95267,Rainy,0.8
27,1,Norris (McLaren),36.32188,36.32188,Rainy,0.8
27,2,Norris (McLaren),37.20426,73.52615,Rainy,0.8
27,3,Norris (McLaren),36.17695,109.7031,Rainy,0.8
27,4,Norris (McLaren),36.85932,146.56242,Rainy,0.8
27,5,Norris (McLaren),35.87727,182.43969,Rainy,0.8
28,1,Hamilton (Mercedes),37.25527,37.25527,Rainy,0.8
28,2,Hamilton (Mercedes),37.16213,74.4174,Rainy,0.8
28,3,Hamilton (Mercedes),36.34661,110.76401,Rainy,0.8
28,4,Hamilton (Mercedes),36.46521,147.22922,Rainy,0.8
28,5,Hamilton (Mercedes),37.30667,184.53589,Rainy,0.8
28,1,Verstappen (Red Bull),36.32908,36.32908,Rainy,0.8
28,2,Verstappen (Red Bull),36.96181,73.29089,Rainy,0.8
28,3,Verstappen (Red Bull),36.28282,109.5737,Rainy,0.8
28,4,Verstappen (Red Bull),37.07376,146.64746,Rainy,0.8
28,5,Verstappen (Red Bull),35.35217,181.99963,Rainy,0.8
28,1,Norris (McLaren),37.00525,37.00525,Rainy,0.8
28,2,Norris (McLaren),37.95656,74.96181,Rainy,0.8
28,3,Norris (McLaren),37.49707,112.45888,Rainy,0.8
28,4,Norris (McLaren),37.42537,149.88425,Rainy,0.8
28,5,Norris (McLaren),35.86274,185.74699,Rainy,0.8
29,1,Hamilton (Mercedes),37.7726,37.7726,Rainy,0.8
29,2,Hamilton (Mercedes),37.10249,74.87509,Rainy,0.8
29,3,Hamilton (Mercedes),36.69827,111.57336,Rainy,0.8
29,4,Hamilton (Mercedes),37.85756,149.43091,Rainy,0.8
29,5,Hamilton (Mercedes),36.83618,186.2671,Rainy,0.8
29,1,Verstappen (Red Bull),37.07175,37.07175,Rainy,0.8
29,2,Verstappen (Red Bull),36.51693,73.58868,Rainy,0.8
29,3,Verstappen (Red Bull),35.84487,109.43355,Rainy,0.8
29,4,Verstappen (Red Bull),36.35329,145.78683,Rainy,0.8
29,5,Verstappen (Red Bull),36.56076,182.34759,Rainy,0.8
29,1,Norris (McLaren),36.10933,36.10933,Rainy,0.8
29,2,Norris (McLaren),36.18501,72.29434,Rainy,0.8
29,3,Norris (McLaren),36.24695,108.54129,Rainy,0.8
29,4,Norris (McLaren),37.47598,146.01727,Rainy,0.8
29,5,Norris (McLaren),36.83075,182.84802,Rainy,0.8
30,1,Hamilton (Mercedes),36.54947,36.54947,Rainy,0.8
30,2,Hamilton (Mercedes),36.34489,72.89436,Rainy,0.8
30,3,Hamilton (Mercedes),36.95445,109.84882,Rainy,0.8
30,4,Hamilton (Mercedes),37.00897,146.85778,Rainy,0.8
30,5,Hamilton (Mercedes),36.91856,183.77634,Rainy,0.8
30,1,Verstappen (Red Bull),35.83233,35.83233,Rainy,0.8
30,2,Verstappen (Red Bull),36.71973,72.55206,Rainy,0.8
30,3,Verstappen (Red Bull),36.58035,109.13241,Rainy,0.8
30,4,Verstappen (Red Bull),37.28941,146.42182,Rainy,0.8
30,5,Verstappen (Red Bull),36.46889,182.89071,Rainy,0.8
30,1,Norris (McLaren),35.70421,35.70421,Rainy,0.8
30,2,Norris (McLaren),36.05719,71.7614,Rainy,0.8
30,3,Norris (McLaren),37.03023,108.79163,Rainy,0.8
30,4,Norris (McLaren),37.07636,145.86799,Rainy,0.8
30,5,Norris (McLaren),37.58004,183.44803,Rainy,0.8
31,1,Hamilton (Mercedes),36.87614,36.87614,Rainy,0.8
31,2,Hamilton (Mercedes),38.27643,75.15257,Rainy,0.8
31,3,Hamilton (Mercedes),37.43647,112.58904,Rainy,0.8
31,4,Hamilton (Mercedes),37.60591,150.19494,Rainy,0.8
31,5,Hamilton (Mercedes),37.02186,187.2168,Rainy,0.8
31,1,Verstappen (Red Bull),37.01795,37.01795,Rainy,0.8
31,2,Verstappen (Red Bull),36.10624,73.12419,Rainy,0.8
31,3,Verstappen (Red Bull),34.63155,107.75574,Rainy,0.8
31,4,Verstappen (Red Bull),36.76839,144.52413,Rainy,0.8
31,5,Verstappen (Red Bull),36.62106,181.14519,Rainy,0.8
31,1,Norris (McLaren),36.99821,36.99821,Rainy,0.8
31,2,Norris (McLaren),36.96444,73.96266,Rainy,0.8
31,3,Norris (McLaren),35.48589,109.44855,Rainy,0.8
31,4,Norris (McLaren),35.95936,145.40791,Rainy,0.8
31,5,Norris (McLaren),37.45092,182.85883,Rainy,0.8
32,1,Hamilton (Mercedes),36.25959,36.25959,Rainy,0.8
32,2,Hamilton (Mercedes),35.96643,72.22602,Rainy,0.8
32,3,Hamilton (Mercedes),37.25382,109.47984,Rainy,0.8
32,4,Hamilton (Mercedes),38.33821,147.81805,Rainy,0.8
32,5,Hamilton (Mercedes),36.65446,184.47251,Rainy,0.8
32,1,Verstappen (Red Bull),36.10775,36.10775,Rainy,0.8
32,2,Verstappen (Red Bull),36.45594,72.56368,Rainy,0.8
32,3,Verstappen (Red Bull),36.27696,108.84064,Rainy,0.8
32,4,Verstappen (Red Bull),36.04153,144.88217,Rainy,0.8
32,5,Verstappen (Red Bull),36.65595,181.53812,Rainy,0.8
32,1,Norris (McLaren),36.89006,36.89006,Rainy,0.8
32,2,Norris (McLaren),35.24723,72.13729,Rainy,0.8
32,3,Norris (McLaren),36.644,108.7813,Rainy,0.8
32,4,Norris (McLaren),37.19743,145.97872,Rainy,0.8
32,5,Norris (McLaren),36.97953,182.95826,Rainy,0.8
33,1,Hamilton (Mercedes),36.94646,36.94646,Rainy,0.8
33,2,Hamilton (Mercedes),36.06953,73.01599,Rainy,0.8
33,3,Hamilton (Mercedes),36.57593,109.59192,Rainy,0.8
33,4,Hamilton (Mercedes),37.33594,146.92786,Rainy,0.8
33,5,Hamilton (Mercedes),37.15564,184.0835,Rainy,0.8
33,1,Verstappen (Red Bull),36.60833,36.60833,Rainy,0.8
33,2,Verstappen (Red Bull),35.83564,72.44398,Rainy,0.8
33,3,Verstappen (Red Bull),36.45928,108.90326,Rainy,0.8
33,4,Verstappen (Red Bull),37.19402,146.09728,Rainy,0.8
33,5,Verstappen (Red Bull),35.89589,181.99317,Rainy,0.8
33,1,Norris (McLaren),35.96047,35.96047,Rainy,0.8
33,2,Norris (McLaren),36.8635,72.82397,Rainy,0.8
33,3,Norris (McLaren),35.73884,108.56281,Rainy,0.8
33,4,Norris (McLaren),37.46572,146.02853,Rainy,0.8
33,5,Norris (McLaren),36.31315,182.34168,Rainy,0.8
34,1,Hamilton (Mercedes),36.64221,36.64221,Rainy,0.8
34,2,Hamilton (Mercedes),36.67975,73.32196,Rainy,0.8
34,3,Hamilton (Mercedes),37.34081,110.66277,Rainy,0.8
34,4,Hamilton (Mercedes),36.04136,146.70413,Rainy,0.8
34,5,Hamilton (Mercedes),37.16538,183.86951,Rainy,0.8
34,1,Verstappen (Red Bull),35.86447,35.86447,Rainy,0.8
34,2,Verstappen (Red Bull),36.3909,72.25537,Rainy,0.8
34,3,Verstappen (Red Bull),36.1593,108.41467,Rainy,0.8
34,4,Verstappen (Red Bull),36.836,145.25067,Rainy,0.8
34,5,Verstappen (Red Bull),35.76893,181.01959,Rainy,0.8
34,1,Norris (McLaren),35.95604,35.95604,Rainy,0.8
34,2,Norris (McLaren),36.29546,72.2515,Rainy,0.8
34,3,Norris (McLaren),36.15788,108.40939,Rainy,0.8
34,4,Norris (McLaren),36.58159,144.99097,Rainy,0.8
34,5,Norris (McLaren),35.1623,180.15327,Rainy,0.8
35,1,Hamilton (Mercedes),36.79783,36.79783,Rainy,0.8
35,2,Hamilton (Mercedes),37.05042,73.84825,Rainy,0.8
35,3,Hamilton (Mercedes),37.58499,111.43324,Rainy,0.8
35,4,Hamilton (Mercedes),36.49219,147.92543,Rainy,0.8
35,5,Hamilton (Mercedes),36.84942,184.77485,Rainy,0.8
35,1,Verstappen (Red Bull),37.2552,37.2552,Rainy,0.8
35,2,Verstappen (Red Bull),36.23663,73.49183,Rainy,0.8
35,3,Verstappen (Red Bull),36.52737,110.0192,Rainy,0.8
35,4,Verstappen (Red Bull),36.16635,146.18555,Rainy,0.8
35,5,Verstappen (Red Bull),35.68825,181.8738,Rainy,0.8
35,1,Norris (McLaren),36.63673,36.63673,Rainy,0.8
35,2,Norris (McLaren),36.56647,73.2032,Rainy,0.8
35,3,Norris (McLaren),36.11707,109.32027,Rainy,0.8
35,4,Norris (McLaren),36.90355,146.22382,Rainy,0.8
35,5,Norris (McLaren),34.90749,181.13131,Rainy,0.8
36,1,Hamilton (Mercedes),37.2825,37.2825,Rainy,0.8
36,2,Hamilton (Mercedes),37.32434,74.60684,Rainy,0.8
36,3,Hamilton (Mercedes),37.07549,111.68232,Rainy,0.8
36,4,Hamilton (Mercedes),37.11645,148.79878,Rainy,0.8
36,5,Hamilton (Mercedes),37.04546,185.84424,Rainy,0.8
36,1,Verstappen (Red Bull),35.45319,35.45319,Rainy,0.8
36,2,Verstappen (Red Bull),35.6966,71.1498,Rainy,0.8
36,3,Verstappen (Red Bull),35.62264,106.77244,Rainy,0.8
36,4,Verstappen (Red Bull),36.27621,143.04865,Rainy,0.8
36,5,Verstappen (Red Bull),36.19087,179.23952,Rainy,0.8
36,1,Norris (McLaren),36.31177,36.31177,Rainy,0.8
36,2,Norris (McLaren),36.19344,72.50521,Rainy,0.8
36,3,Norris (McLaren),37.12858,109.63379,Rainy,0.8
36,4,Norris (McLaren),36.37497,146.00876,Rainy,0.8
36,5,Norris (McLaren),36.27085,182.2796,Rainy,0.8
37,1,Hamilton (Mercedes),36.69852,36.69852,Rainy,0.8
37,2,Hamilton (Mercedes),37.88587,74.58439,Rainy,0.8
37,3,Hamilton (Mercedes),37.03406,111.61845,Rainy,0.8
37,4,Hamilton (Mercedes),36.48065,148.0991,Rainy,0.8
37,5,Hamilton (Mercedes),36.45642,184.55552,Rainy,0.8
37,1,Verstappen (Red Bull),37.03134,37.03134,Rainy,0.8
37,2,Verstappen (Red Bull),36.45421,73.48554,Rainy,0.8
37,3,Verstappen (Red Bull),35.62701,109.11256,Rainy,0.8
37,4,Verstappen (Red Bull),36.49611,145.60866,Rainy,0.8
37,5,Verstappen (Red Bull),37.27513,182.8838,Rainy,0.8
37,1,Norris (McLaren),36.40328,36.40328,Rainy,0.8
37,2,Norris (McLaren),35.84072,72.244,Rainy,0.8
37,3,Norris (McLaren),36.60534,108.84933,Rainy,0.8
37,4,Norris (McLaren),35.4114,144.26073,Rainy,0.8
37,5,Norris (McLaren),37.6962,181.95693,Rainy,0.8
38,1,Hamilton (Mercedes),37.63537,37.63537,Rainy,0.8
38,2,Hamilton (Mercedes),36.56622,74.20159,Rainy,0.8
38,3,Hamilton (Mercedes),37.01698,111.21857,Rainy,0.8
38,4,Hamilton (Mercedes),36.73455,147.95312,Rainy,0.8
38,5,Hamilton (Mercedes),36.83408,184.7872,Rainy,0.8
38,1,Verstappen (Red Bull),35.99542,35.99542,Rainy,0.8
38,2,Verstappen (Red Bull),36.44443,72.43985,Rainy,0.8
38,3,Verstappen (Red Bull),36.45072,108.89057,Rainy,0.8
38,4,Verstappen (Red Bull),36.30692,145.19749,Rainy,0.8
38,5,Verstappen (Red Bull),37.00081,182.19829,Rainy,0.8
38,1,Norris (McLaren),35.1027,35.1027,Rainy,0.8
38,2,Norris (McLaren),35.38741,70.49012,Rainy,0.8
38,3,Norris (McLaren),36.20984,106.69996,Rainy,0.8
38,4,Norris (McLaren),35.83377,142.53374,Rainy,0.8
38,5,Norris (McLaren),35.70385,178.23759,Rainy,0.8
39,1,Hamilton (Mercedes),37.11021,37.11021,Rainy,0.8
39,2,Hamilton (Mercedes),37.62794,74.73815,Rainy,0.8
39,3,Hamilton (Mercedes),36.18834,110.92648,Rainy,0.8
39,4,Hamilton (Mercedes),36.7854,147.71189,Rainy,0.8
39,5,Hamilton (Mercedes),36.6639,184.37579,Rainy,0.8
39,1,Verstappen (Red Bull),36.77851,36.77851,Rainy,0.8
39,2,Verstappen (Red Bull),37.00238,73.78089,Rainy,0.8
39,3,Verstappen (Red Bull),36.11744,109.89832,Rainy,0.8
39,4,Verstappen (Red Bull),36.9961,146.89443,Rainy,0.8
39,5,Verstappen (Red Bull),35.06826,181.96269,Rainy,0.8
39,1,Norris (McLaren),37.60675,37.60675,Rainy,0.8
39,2,Norris (McLaren),35.95202,73.55877,Rainy,0.8
39,3,Norris (McLaren),36.07618,109.63496,Rainy,0.8
39,4,Norris (McLaren),36.65527,146.29022,Rainy,0.8
39,5,Norris (McLaren),36.61567,182.90589,Rainy,0.8
40,1,Hamilton (Mercedes),37.35594,37.35594,Rainy,0.8
40,2,Hamilton (Mercedes),36.73005,74.08599,Rainy,0.8
40,3,Hamilton (Mercedes),37.53114,111.61713,Rainy,0.8
40,4,Hamilton (Mercedes),37.23081,148.84794,Rainy,0.8
40,5,Hamilton (Mercedes),37.72811,186.57606,Rainy,0.8
40,1,Verstappen (Red Bull),36.33574,36.33574,Rainy,0.8
40,2,Verstappen (Red Bull),36.70823,73.04398,Rainy,0.8
40,3,Verstappen (Red Bull),36.41196,109.45594,Rainy,0.8
40,4,Verstappen (Red Bull),36.45683,145.91277,Rainy,0.8
40,5,Verstappen (Red Bull),36.8535,182.76627,Rainy,0.8
40,1,Norris (McLaren),35.94398,35.94398,Rainy,0.8
40,2,Norris (McLaren),37.90545,73.84942,Rainy,0.8
40,3,Norris (McLaren),35.83776,109.68718,Rainy,0.8
40,4,Norris (McLaren),36.31503,146.00221,Rainy,0.8
40,5,Norris (McLaren),37.53652,183.53873,Rainy,0.8
41,1,Hamilton (Mercedes),36.88094,36.88094,Rainy,0.8
41,2,Hamilton (Mercedes),36.26307,73.14401,Rainy,0.8
41,3,Hamilton (Mercedes),37.91755,111.06156,Rainy,0.8
41,4,Hamilton (Mercedes),37.72153,148.78309,Rainy,0.8
41,5,Hamilton (Mercedes),37.73296,186.51605,Rainy,0.8
41,1,Verstappen (Red Bull),36.77579,36.77579,Rainy,0.8
41,2,Verstappen (Red Bull),35.93974,72.71553,Rainy,0.8
41,3,Verstappen (Red Bull),36.69318,109.40871,Rainy,0.8
41,4,Verstappen (Red Bull),37.26295,146.67166,Rainy,0.8
41,5,Verstappen (Red Bull),36.66341,183.33507,Rainy,0.8
41,1,Norris (McLaren),36.69326,36.69326,Rainy,0.8
41,2,Norris (McLaren),38.5621,75.25536,Rainy,0.8
41,3,Norris (McLaren),37.37574,112.6311,Rainy,0.8
41,4,Norris (McLaren),35.85249,148.48359,Rainy,0.8
41,5,Norris (McLaren),35.32925,183.81284,Rainy,0.8
42,1,Hamilton (Mercedes),37.27589,37.27589,Rainy,0.8
42,2,Hamilton (Mercedes),36.55737,73.83326,Rainy,0.8
42,3,Hamilton (Mercedes),36.19552,110.02878,Rainy,0.8
42,4,Hamilton (Mercedes),37.55265,147.58143,Rainy,0.8
42,5,Hamilton (Mercedes),36.39945,183.98088,Rainy,0.8
42,1,Verstappen (Red Bull),36.08201,36.08201,Rainy,0.8
42,2,Verstappen (Red Bull),36.00998,72.092,Rainy,0.8
42,3,Verstappen (Red Bull),36.49102,108.58301,Rainy,0.8
42,4,Verstappen (Red Bull),37.17447,145.75749,Rainy,0.8
42,5,Verstappen (Red Bull),36.67085,182.42834,Rainy,0.8
42,1,Norris (McLaren),35.51927,35.51927,Rainy,0.8
42,2,Norris (McLaren),37.31899,72.83827,Rainy,0.8
42,3,Norris (McLaren),35.8943,108.73257,Rainy,0.8
42,4,Norris (McLaren),36.556,145.28857,Rainy,0.8
42,5,Norris (McLaren),36.35384,181.64241,Rainy,0.8
43,1,Hamilton (Mercedes),37.18193,37.18193,Rainy,0.8
43,2,Hamilton (Mercedes),37.26607,74.448,Rainy,0.8
43,3,Hamilton (Mercedes),37.00786,111.45586,Rainy,0.8
43,4,Hamilton (Mercedes),37.14413,148.59999,Rainy,0.8
43,5,Hamilton (Mercedes),37.04924,185.64923,Rainy,0.8
43,1,Verstappen (Red Bull),36.72453,36.72453,Rainy,0.8
43,2,Verstappen (Red Bull),36.78785,73.51239,Rainy,0.8
43,3,Verstappen (Red Bull),36.56805,110.08044,Rainy,0.8
43,4,Verstappen (Red Bull),35.79261,145.87304,Rainy,0.8
43,5,Verstappen (Red Bull),35.65475,181.5278,Rainy,0.8
43,1,Norris (McLaren),37.06897,37.06897,Rainy,0.8
43,2,Norris (McLaren),37.19543,74.2644,Rainy,0.8
43,3,Norris (McLaren),35.91164,110.17605,Rainy,0.8
43,4,Norris (McLaren),37.19784,147.37389,Rainy,0.8
43,5,Norris (McLaren),36.88836,184.26224,Rainy,0.8
44,1,Hamilton (Mercedes),38.02978,38.02978,Rainy,0.8
44,2,Hamilton (Mercedes),36.51635,74.54614,Rainy,0.8
44,3,Hamilton (Mercedes),37.12723,111.67337,Rainy,0.8
44,4,Hamilton (Mercedes),36.47586,148.14923,Rainy,0.8
44,5,Hamilton (Mercedes),36.88197,185.0312,Rainy,0.8
44,1,Verstappen (Red Bull),36.74875,36.74875,Rainy,0.8
44,2,Verstappen (Red Bull),35.94553,72.69428,Rainy,0.8
44,3,Verstappen (Red Bull),36.6058,109.30008,Rainy,0.8
44,4,Verstappen (Red Bull),36.97955,146.27963,Rainy,0.8
44,5,Verstappen (Red Bull),37.34801,183.62765,Rainy,0.8
44,1,Norris (McLaren),38.17966,38.17966,Rainy,0.8
44,2,Norris (McLaren),37.63405,75.8137,Rainy,0.8
44,3,Norris (McLaren),36.8468,112.6605,Rainy,0.8
44,4,Norris (McLaren),36.51109,149.17159,Rainy,0.8
44,5,Norris (McLaren),37.22483,186.39642,Rainy,0.8
45,1,Hamilton (Mercedes),36.84029,36.84029,Rainy,0.8
45,2,Hamilton (Mercedes),36.64565,73.48594,Rainy,0.8
45,3,Hamilton (Mercedes),36.459,109.94494,Rainy,0.8
45,4,Hamilton (Mercedes),36.59843,146.54337,Rainy,0.8
45,5,Hamilton (Mercedes),37.53611,184.07948,Rainy,0.8
45,1,Verstappen (Red Bull),35.88138,35.88138,Rainy,0.8
45,2,Verstappen (Red Bull),36.88968,72.77105,Rainy,0.8
45,3,Verstappen (Red Bull),36.56521,109.33626,Rainy,0.8
45,4,Verstappen (Red Bull),37.04768,146.38395,Rainy,0.8
45,5,Verstappen (Red Bull),36.90455,183.2885,Rainy,0.8
45,1,Norris (McLaren),35.44737,35.44737,Rainy,0.8
45,2,Norris (McLaren),35.65343,71.1008,Rainy,0.8
45,3,Norris (McLaren),36.06555,107.16635,Rainy,0.8
45,4,Norris (McLaren),36.16026,143.32661,Rainy,0.8
45,5,Norris (McLaren),36.92138,180.24799,Rainy,0.8
46,1,Hamilton (Mercedes),37.27878,37.27878,Rainy,0.8
46,2,Hamilton (Mercedes),36.6523,73.93108,Rainy,0.8
46,3,Hamilton (Mercedes),37.41639,111.34746,Rainy,0.8
46,4,Hamilton (Mercedes),36.90319,148.25065,Rainy,0.8
46,5,Hamilton (Mercedes),37.3567,185.60735,Rainy,0.8
46,1,Verstappen (Red Bull),36.9013,36.9013,Rainy,0.8
46,2,Verstappen (Red Bull),36.60904,73.51034,Rainy,0.8
46,3,Verstappen (Red Bull),35.3824,108.89274,Rainy,0.8
46,4,Verstappen (Red Bull),35.61458,144.50732,Rainy,0.8
46,5,Verstappen (Red Bull),36.67454,181.18186,Rainy,0.8
46,1,Norris (McLaren),36.20608,36.20608,Rainy,0.8
46,2,Norris (McLaren),36.38657,72.59265,Rainy,0.8
46,3,Norris (McLaren),36.92012,109.51277,Rainy,0.8
46,4,Norris (McLaren),37.44502,146.95779,Rainy,0.8
46,5,Norris (McLaren),36.4141,183.37189,Rainy,0.8
47,1,Hamilton (Mercedes),36.95637,36.95637,Rainy,0.8
47,2,Hamilton (Mercedes),37.09111,74.04748,Rainy,0.8
47,3,Hamilton (Mercedes),37.48973,111.5372,Rainy,0.8
47,4,Hamilton (Mercedes),36.38936,147.92656,Rainy,0.8
47,5,Hamilton (Mercedes),37.12577,185.05233,Rainy,0.8
47,1,Verstappen (Red Bull),36.54322,36.54322,Rainy,0.8
47,2,Verstappen (Red Bull),36.19068,72.7339,Rainy,0.8
47,3,Verstappen (Red Bull),36.34032,109.07422,Rainy,0.8
47,4,Verstappen (Red Bull),36.38415,145.45836,Rainy,0.8
47,5,Verstappen (Red Bull),35.74384,181.20221,Rainy,0.8
47,1,Norris (McLaren),36.05687,36.05687,Rainy,0.8
47,2,Norris (McLaren),36.19803,72.2549,Rainy,0.8
47,3,Norris (McLaren),36.35208,108.60698,Rainy,0.8
47,4,Norris (McLaren),36.44758,145.05456,Rainy,0.8
47,5,Norris (McLaren),35.96239,181.01695,Rainy,0.8
48,1,Hamilton (Mercedes),36.6069,36.6069,Rainy,0.8
48,2,Hamilton (Mercedes),37.08737,73.69428,Rainy,0.8
48,3,Hamilton (Mercedes),36.30346,109.99773,Rainy,0.8
48,4,Hamilton (Mercedes),37.64345,147.64118,Rainy,0.8
48,5,Hamilton (Mercedes),36.87731,184.51849,Rainy,0.8
48,1,Verstappen (Red Bull),36.62735,36.62735,Rainy,0.8
48,2,Verstappen (Red Bull),35.45042,72.07777,Rainy,0.8
48,3,Verstappen (Red Bull),36.53713,108.6149,Rainy,0.8
48,4,Verstappen (Red Bull),36.29308,144.90799,Rainy,0.8
48,5,Verstappen (Red Bull),35.37982,180.28781,Rainy,0.8
48,1,Norris (McLaren),37.48958,37.48958,Rainy,0.8
48,2,Norris (McLaren),36.53953,74.02911,Rainy,0.8
48,3,Norris (McLaren),36.85521,110.88432,Rainy,0.8
48,4,Norris (McLaren),35.47222,146.35654,Rainy,0.8
48,5,Norris (McLaren),36.50581,182.86235,Rainy,0.8
49,1,Hamilton (Mercedes),37.11831,37.11831,Rainy,0.8
49,2,Hamilton (Mercedes),37.10885,74.22717,Rainy,0.8
49,3,Hamilton (Mercedes),37.14217,111.36933,Rainy,0.8
49,4,Hamilton (Mercedes),37.77725,149.14658,Rainy,0.8
49,5,Hamilton (Mercedes),37.18209,186.32867,Rainy,0.8
49,1,Verstappen (Red Bull),36.75198,36.75198,Rainy,0.8
49,2,Verstappen (Red Bull),36.38903,73.141,Rainy,0.8
49,3,Verstappen (Red Bull),36.70548,109.84648,Rainy,0.8
49,4,Verstappen (Red Bull),36.50082,146.3473,Rainy,0.8
49,5,Verstappen (Red Bull),35.51846,181.86576,Rainy,0.8
49,1,Norris (McLaren),37.1632,37.1632,Rainy,0.8
49,2,Norris (McLaren),35.40885,72.57206,Rainy,0.8
49,3,Norris (McLaren),37.30621,109.87827,Rainy,0.8
49,4,Norris (McLaren),36.2988,146.17707,Rainy,0.8
49,5,Norris (McLaren),37.81722,183.99429,Rainy,0.8
50,1,Hamilton (Mercedes),37.10425,37.10425,Rainy,0.8
50,2,Hamilton (Mercedes),37.70782,74.81207,Rainy,0.8
50,3,Hamilton (Mercedes),37.2709,112.08297,Rainy,0.8
50,4,Hamilton (Mercedes),36.91392,148.9969,Rainy,0.8
50,5,Hamilton (Mercedes),37.78842,186.78531,Rainy,0.8
50,1,Verstappen (Red Bull),35.97935,35.97935,Rainy,0.8
50,2,Verstappen (Red Bull),36.18388,72.16323,Rainy,0.8
50,3,Verstappen (Red Bull),37.49737,109.6606,Rainy,0.8
50,4,Verstappen (Red Bull),36.52323,146.18383,Rainy,0.8
50,5,Verstappen (Red Bull),37.05566,183.23949,Rainy,0.8
50,1,Norris (McLaren),35.30663,35.30663,Rainy,0.8
50,2,Norris (McLaren),37.34582,72.65245,Rainy,0.8
50,3,Norris (McLaren),35.38807,108.04053,Rainy,0.8
50,4,Norris (McLaren),36.33346,144.37398,Rainy,0.8
50,5,Norris (McLaren),35.72781,180.10179,Rainy,0.8
51,1,Hamilton (Mercedes),36.45989,36.45989,Rainy,0.8
51,2,Hamilton (Mercedes),37.28831,73.7482,Rainy,0.8
51,3,Hamilton (Mercedes),36.99234,110.74053,Rainy,0.8
51,4,Hamilton (Mercedes),36.97196,147.71249,Rainy,0.8
51,5,Hamilton (Mercedes),36.92299,184.63549,Rainy,0.8
51,1,Verstappen (Red Bull),36.44802,36.44802,Rainy,0.8
51,2,Verstappen (Red Bull),35.94184,72.38986,Rainy,0.8
51,3,Verstappen (Red Bull),36.77406,109.16393,Rainy,0.8
51,4,Verstappen (Red Bull),36.79909,145.96301,Rainy,0.8
51,5,Verstappen (Red Bull),37.16096,183.12397,Rainy,0.8
51,1,Norris (McLaren),36.2876,36.2876,Rainy,0.8
51,2,Norris (McLaren),37.92172,74.20932,Rainy,0.8
51,3,Norris (McLaren),35.5693,109.77862,Rainy,0.8
51,4,Norris (McLaren),36.62969,146.40831,Rainy,0.8
51,5,Norris (McLaren),36.74157,183.14988,Rainy,0.8
52,1,Hamilton (Mercedes),37.26789,37.26789,Rainy,0.8
52,2,Hamilton (Mercedes),36.02592,73.29381,Rainy,0.8
52,3,Hamilton (Mercedes),36.78628,110.08009,Rainy,0.8
52,4,Hamilton (Mercedes),37.1839,147.26399,Rainy,0.8
52,5,Hamilton (Mercedes),36.74494,184.00893,Rainy,0.8
52,1,Verstappen (Red Bull),36.92978,36.92978,Rainy,0.8
52,2,Verstappen (Red Bull),36.32152,73.2513,Rainy,0.8
52,3,Verstappen (Red Bull),35.83222,109.08352,Rainy,0.8
52,4,Verstappen (Red Bull),36.14661,145.23013,Rainy,0.8
52,5,Verstappen (Red Bull),35.57796,180.80809,Rainy,0.8
52,1,Norris (McLaren),36.0204,36.0204,Rainy,0.8
52,2,Norris (McLaren),37.1291,73.14951,Rainy,0.8
52,3,Norris (McLaren),36.70969,109.8592,Rainy,0.8
52,4,Norris (McLaren),36.26055,146.11975,Rainy,0.8
52,5,Norris (McLaren),36.34083,182.46058,Rainy,0.8
53,1,Hamilton (Mercedes),36.28186,36.28186,Rainy,0.8
53,2,Hamilton (Mercedes),36.94624,73.2281,Rainy,0.8
53,3,Hamilton (Mercedes),36.3355,109.5636,Rainy,0.8
53,4,Hamilton (Mercedes),37.27861,146.84222,Rainy,0.8
53,5,Hamilton (Mercedes),35.72805,182.57027,Rainy,0.8
53,1,Verstappen (Red Bull),36.9125,36.9125,Rainy,0.8
53,2,Verstappen (Red Bull),36.68876,73.60127,Rainy,0.8
53,3,Verstappen (Red Bull),36.33622,109.93748,Rainy,0.8
53,4,Verstappen (Red Bull),36.44351,146.38099,Rainy,0.8
53,5,Verstappen (Red Bull),37.1521,183.53309,Rainy,0.8
53,1,Norris (McLaren),36.23687,36.23687,Rainy,0.8
53,2,Norris (McLaren),36.05201,72.28888,Rainy,0.8
53,3,Norris (McLaren),36.6906,108.97947,Rainy,0.8
53,4,Norris (McLaren),36.51308,145.49255,Rainy,0.8
53,5,Norris (McLaren),36.66445,182.15701,Rainy,0.8
54,1,Hamilton (Mercedes),36.63634,36.63634,Rainy,0.8
54,2,Hamilton (Mercedes),37.74874,74.38508,Rainy,0.8
54,3,Hamilton (Mercedes),37.56245,111.94753,Rainy,0.8
54,4,Hamilton (Mercedes),36.87775,148.82528,Rainy,0.8
54,5,Hamilton (Mercedes),37.42125,186.24653,Rainy,0.8
54,1,Verstappen (Red Bull),36.05728,36.05728,Rainy,0.8
54,2,Verstappen (Red Bull),37.78634,73.84361,Rainy,0.8
54,3,Verstappen (Red Bull),37.07103,110.91464,Rainy,0.8
54,4,Verstappen (Red Bull),36.12967,147.04431,Rainy,0.8
54,5,Verstappen (Red Bull),36.63661,183.68092,Rainy,0.8
54,1,Norris (McLaren),35.25909,35.25909,Rainy,0.8
54,2,Norris (McLaren),37.14862,72.40771,Rainy,0.8
54,3,Norris (McLaren),35.83661,108.24431,Rainy,0.8
54,4,Norris (McLaren),36.30671,144.55102,Rainy,0.8
54,5,Norris (McLaren),36.35581,180.90683,Rainy,0.8
55,1,Hamilton (Mercedes),36.30716,36.30716,Rainy,0.8
55,2,Hamilton (Mercedes),37.30042,73.60757,Rainy,0.8
55,3,Hamilton (Mercedes),36.94,110.54757,Rainy,0.8
55,4,Hamilton (Mercedes),37.48846,148.03603,Rainy,0.8
55,5,Hamilton (Mercedes),36.681,184.71703,Rainy,0.8
55,1,Verstappen (Red Bull),35.78305,35.78305,Rainy,0.8
55,2,Verstappen (Red Bull),36.03519,71.81823,Rainy,0.8
55,3,Verstappen (Red Bull),35.95276,107.77099,Rainy,0.8
55,4,Verstappen (Red Bull),36.38471,144.15571,Rainy,0.8
55,5,Verstappen (Red Bull),35.38838,179.54409,Rainy,0.8
55,1,Norris (McLaren),37.09128,37.09128,Rainy,0.8
55,2,Norris (McLaren),36.64864,73.73992,Rainy,0.8
55,3,Norris (McLaren),36.08332,109.82324,Rainy,0.8
55,4,Norris (McLaren),35.22918,145.05242,Rainy,0.8
55,5,Norris (McLaren),36.92461,181.97703,Rainy,0.8
56,1,Hamilton (Mercedes),37.5557,37.5557,Rainy,0.8
56,2,Hamilton (Mercedes),36.4025,73.9582,Rainy,0.8
56,3,Hamilton (Mercedes),37.72306,111.68126,Rainy,0.8
56,4,Hamilton (Mercedes),38.16042,149.84168,Rainy,0.8
56,5,Hamilton (Mercedes),36.24749,186.08916,Rainy,0.8
56,1,Verstappen (Red Bull),36.25872,36.25872,Rainy,0.8
56,2,Verstappen (Red Bull),36.03642,72.29514,Rainy,0.8
56,3,Verstappen (Red Bull),36.10998,108.40511,Rainy,0.8
56,4,Verstappen (Red Bull),37.35008,145.75519,Rainy,0.8
56,5,Verstappen (Red Bull),37.01816,182.77335,Rainy,0.8
56,1,Norris (McLaren),36.40786,36.40786,Rainy,0.8
56,2,Norris (McLaren),37.61353,74.02139,Rainy,0.8
56,3,Norris (McLaren),36.31212,110.33351,Rainy,0.8
56,4,Norris (McLaren),35.46831,145.80182,Rainy,0.8
56,5,Norris (McLaren),37.36901,183.17083,Rainy,0.8
57,1,Hamilton (Mercedes),36.51772,36.51772,Rainy,0.8
57,2,Hamilton (Mercedes),36.73175,73.24947,Rainy,0.8
57,3,Hamilton (Mercedes),36.6119,109.86138,Rainy,0.8
57,4,Hamilton (Mercedes),36.91509,146.77646,Rainy,0.8
57,5,Hamilton (Mercedes),36.09029,182.86675,Rainy,0.8
57,1,Verstappen (Red Bull),36.33415,36.33415,Rainy,0.8
57,2,Verstappen (Red Bull),35.91971,72.25386,Rainy,0.8
57,3,Verstappen (Red Bull),36.32542,108.57928,Rainy,0.8
57,4,Verstappen (Red Bull),35.5413,144.12057,Rainy,0.8
57,5,Verstappen (Red Bull),35.43074,179.55132,Rainy,0.8
57,1,Norris (McLaren),37.11918,37.11918,Rainy,0.8
57,2,Norris (McLaren),36.79156,73.91075,Rainy,0.8
57,3,Norris (McLaren),35.86775,109.7785,Rainy,0.8
57,4,Norris (McLaren),36.03859,145.8171,Rainy,0.8
57,5,Norris (McLaren),36.28814,182.10523,Rainy,0.8
58,1,Hamilton (Mercedes),36.45867,36.45867,Rainy,0.8
58,2,Hamilton (Mercedes),36.12972,72.58839,Rainy,0.8
58,3,Hamilton (Mercedes),36.62874,109.21714,Rainy,0.8
58,4,Hamilton (Mercedes),37.10815,146.32528,Rainy,0.8
58,5,Hamilton (Mercedes),37.17311,183.4984,Rainy,0.8
58,1,Verstappen (Red Bull),37.56617,37.56617,Rainy,0.8
58,2,Verstappen (Red Bull),35.39478,72.96095,Rainy,0.8
58,3,Verstappen (Red Bull),36.97139,109.93235,Rainy,0.8
58,4,Verstappen (Red Bull),36.14324,146.07559,Rainy,0.8
58,5,Verstappen (Red Bull),37.15146,183.22705,Rainy,0.8
58,1,Norris (McLaren),37.2056,37.2056,Rainy,0.8
58,2,Norris (McLaren),37.60282,74.80842,Rainy,0.8
58,3,Norris (McLaren),36.75107,111.55949,Rainy,0.8
58,4,Norris (McLaren),36.51781,148.0773,Rainy,0.8
58,5,Norris (McLaren),36.6828,184.7601,Rainy,0.8
59,1,Hamilton (Mercedes),37.4282,37.4282,Rainy,0.8
59,2,Hamilton (Mercedes),37.12559,74.55379,Rainy,0.8
59,3,Hamilton (Mercedes),36.74885,111.30264,Rainy,0.8
59,4,Hamilton (Mercedes),37.34366,148.6463,Rainy,0.8
59,5,Hamilton (Mercedes),35.97407,184.62037,Rainy,0.8
59,1,Verstappen (Red Bull),37.55512,37.55512,Rainy,0.8
59,2,Verstappen (Red Bull),36.17811,73.73322,Rainy,0.8
59,3,Verstappen (Red Bull),36.20926,109.94248,Rainy,0.8
59,4,Verstappen (Red Bull),35.94367,145.88615,Rainy,0.8
59,5,Verstappen (Red Bull),35.69606,181.58222,Rainy,0.8
59,1,Norris (McLaren),38.18915,38.18915,Rainy,0.8
59,2,Norris (McLaren),37.04575,75.2349,Rainy,0.8
59,3,Norris (McLaren),37.32618,112.56108,Rainy,0.8
59,4,Norris (McLaren),37.4301,149.99117,Rainy,0.8
59,5,Norris (McLaren),36.9953,186.98647,Rainy,0.8
60,1,Hamilton (Mercedes),36.86382,36.86382,Rainy,0.8
60,2,Hamilton (Mercedes),37.78589,74.64971,Rainy,0.8
60,3,Hamilton (Mercedes),36.23072,110.88043,Rainy,0.8
60,4,Hamilton (Mercedes),37.9162,148.79663,Rainy,0.8
60,5,Hamilton (Mercedes),38.15362,186.95025,Rainy,0.8
60,1,Verstappen (Red Bull),36.09302,36.09302,Rainy,0.8
60,2,Verstappen (Red Bull),37.54777,73.64079,Rainy,0.8
60,3,Verstappen (Red Bull),35.56253,109.20332,Rainy,0.8
60,4,Verstappen (Red Bull),35.83732,145.04065,Rainy,0.8
60,5,Verstappen (Red Bull),36.25049,181.29114,Rainy,0.8
60,1,Norris (McLaren),37.00815,37.00815,Rainy,0.8
60,2,Norris (McLaren),37.09003,74.09818,Rainy,0.8
60,3,Norris (McLaren),35.91426,110.01245,Rainy,0.8
60,4,Norris (McLaren),36.46702,146.47947,Rainy,0.8
60,5,Norris (McLaren),36.55865,183.03811,Rainy,0.8
61,1,Hamilton (Mercedes),37.8119,37.8119,Rainy,0.8
61,2,Hamilton (Mercedes),37.10359,74.91548,Rainy,0.8
61,3,Hamilton (Mercedes),37.76568,112.68117,Rainy,0.8
61,4,Hamilton (Mercedes),37.35976,150.04092,Rainy,0.8
61,5,Hamilton (Mercedes),35.90463,185.94556,Rainy,0.8
61,1,Verstappen (Red Bull),35.15756,35.15756,Rainy,0.8
61,2,Verstappen (Red Bull),36.18035,71.33791,Rainy,0.8
61,3,Verstappen (Red Bull),35.88721,107.22512,Rainy,0.8
61,4,Verstappen (Red Bull),36.69001,143.91513,Rainy,0.8
61,5,Verstappen (Red Bull),36.54886,180.46399,Rainy,0.8
61,1,Norris (McLaren),37.34734,37.34734,Rainy,0.8
61,2,Norris (McLaren),37.26471,74.61205,Rainy,0.8
61,3,Norris (McLaren),37.1704,111.78245,Rainy,0.8
61,4,Norris (McLaren),36.83951,148.62196,Rainy,0.8
61,5,Norris (McLaren),36.66899,185.29095,Rainy,0.8
62,1,Hamilton (Mercedes),36.88059,36.88059,Rainy,0.8
62,2,Hamilton (Mercedes),36.64366,73.52426,Rainy,0.8
62,3,Hamilton (Mercedes),37.09041,110.61467,Rainy,0.8
62,4,Hamilton (Mercedes),35.95259,146.56726,Rainy,0.8
62,5,Hamilton (Mercedes),37.20503,183.77229,Rainy,0.8
62,1,Verstappen (Red Bull),36.18553,36.18553,Rainy,0.8
62,2,Verstappen (Red Bull),36.69972,72.88525,Rainy,0.8
62,3,Verstappen (Red Bull),36.91891,109.80416,Rainy,0.8
62,4,Verstappen (Red Bull),36.00802,145.81218,Rainy,0.8
62,5,Verstappen (Red Bull),37.41584,183.22801,Rainy,0.8
62,1,Norris (McLaren),36.01143,36.01143,Rainy,0.8
62,2,Norris (McLaren),36.0979,72.10933,Rainy,0.8
62,3,Norris (McLaren),36.45612,108.56545,Rainy,0.8
62,4,Norris (McLaren),35.91111,144.47656,Rainy,0.8
62,5,Norris (McLaren),37.23551,181.71207,Rainy,0.8
63,1,Hamilton (Mercedes),37.52436,37.52436,Rainy,0.8
63,2,Hamilton (Mercedes),37.12025,74.64461,Rainy,0.8
63,3,Hamilton (Mercedes),36.91226,111.55687,Rainy,0.8
63,4,Hamilton (Mercedes),36.2622,147.81907,Rainy,0.8
63,5,Hamilton (Mercedes),38.06104,185.88011,Rainy,0.8
63,1,Verstappen (Red Bull),36.06699,36.06699,Rainy,0.8
63,2,Verstappen (Red Bull),35.47678,71.54378,Rainy,0.8
63,3,Verstappen (Red Bull),36.65414,108.19791,Rainy,0.8
63,4,Verstappen (Red Bull),36.44499,144.64291,Rainy,0.8
63,5,Verstappen (Red Bull),36.27845,180.92136,Rainy,0.8
63,1,Norris (McLaren),36.14336,36.14336,Rainy,0.8
63,2,Norris (McLaren),37.17416,73.31752,Rainy,0.8
63,3,Norris (McLaren),36.21764,109.53517,Rainy,0.8
63,4,Norris (McLaren),36.32438,145.85955,Rainy,0.8
63,5,Norris (McLaren),36.41488,182.27443,Rainy,0.8
64,1,Hamilton (Mercedes),36.84072,36.84072,Rainy,0.8
64,2,Hamilton (Mercedes),37.26555,74.10626,Rainy,0.8
64,3,Hamilton (Mercedes),37.11607,111.22233,Rainy,0.8
64,4,Hamilton (Mercedes),36.68327,147.9056,Rainy,0.8
64,5,Hamilton (Mercedes),36.83624,184.74184,Rainy,0.8
64,1,Verstappen (Red Bull),36.17827,36.17827,Rainy,0.8
64,2,Verstappen (Red Bull),36.26822,72.44649,Rainy,0.8
64,3,Verstappen (Red Bull),36.66283,109.10932,Rainy,0.8
64,4,Verstappen (Red Bull),36.05526,145.16458,Rainy,0.8
64,5,Verstappen (Red Bull),36.89752,182.0621,Rainy,0.8
64,1,Norris (McLaren),37.45207,37.45207,Rainy,0.8
64,2,Norris (McLaren),37.2989,74.75097,Rainy,0.8
64,3,Norris (McLaren),37.23297,111.98394,Rainy,0.8
64,4,Norris (McLaren),36.08992,148.07386,Rainy,0.8
64,5,Norris (McLaren),35.97017,184.04403,Rainy,0.8
65,1,Hamilton (Mercedes),36.57964,36.57964,Rainy,0.8
65,2,Hamilton (Mercedes),36.73561,73.31526,Rainy,0.8
65,3,Hamilton (Mercedes),37.94022,111.25548,Rainy,0.8
65,4,Hamilton (Mercedes),36.40506,147.66054,Rainy,0.8
65,5,Hamilton (Mercedes),36.81388,184.47443,Rainy,0.8
65,1,Verstappen (Red Bull),35.79548,35.79548,Rainy,0.8
65,2,Verstappen (Red Bull),35.1793,70.97478,Rainy,0.8
65,3,Verstappen (Red Bull),36.25572,107.2305,Rainy,0.8
65,4,Verstappen (Red Bull),36.89863,144.12913,Rainy,0.8
65,5,Verstappen (Red Bull),36.80493,180.93406,Rainy,0.8
65,1,Norris (McLaren),35.84554,35.84554,Rainy,0.8
65,2,Norris (McLaren),35.92152,71.76706,Rainy,0.8
65,3,Norris (McLaren),35.18541,106.95247,Rainy,0.8
65,4,Norris (McLaren),37.38511,144.33757,Rainy,0.8
65,5,Norris (McLaren),36.87628,181.21386,Rainy,0.8
66,1,Hamilton (Mercedes),37.28977,37.28977,Rainy,0.8
66,2,Hamilton (Mercedes),38.07868,75.36845,Rainy,0.8
66,3,Hamilton (Mercedes),36.98673,112.35519,Rainy,0.8
66,4,Hamilton (Mercedes),36.38558,148.74077,Rainy,0.8
66,5,Hamilton (Mercedes),37.69515,186.43592,Rainy,0.8
66,1,Verstappen (Red Bull),36.45173,36.45173,Rainy,0.8
66,2,Verstappen (Red Bull),36.32073,72.77246,Rainy,0.8
66,3,Verstappen (Red Bull),36.50395,109.27641,Rainy,0.8
66,4,Verstappen (Red Bull),37.1497,146.42611,Rainy,0.8
66,5,Verstappen (Red Bull),35.93326,182.35937,Rainy,0.8
66,1,Norris (McLaren),36.49233,36.49233,Rainy,0.8
66,2,Norris (McLaren),35.59612,72.08845,Rainy,0.8
66,3,Norris (McLaren),37.64929,109.73774,Rainy,0.8
66,4,Norris (McLaren),37.83411,147.57185,Rainy,0.8
66,5,Norris (McLaren),36.94121,184.51306,Rainy,0.8
67,1,Hamilton (Mercedes),36.61195,36.61195,Rainy,0.8
67,2,Hamilton (Mercedes),38.16925,74.78121,Rainy,0.8
67,3,Hamilton (Mercedes),37.37591,112.15712,Rainy,0.8
67,4,Hamilton (Mercedes),36.5411,148.69822,Rainy,0.8
67,5,Hamilton (Mercedes),37.71062,186.40883,Rainy,0.8
67,1,Verstappen (Red Bull),36.33753,36.33753,Rainy,0.8
67,2,Verstappen (Red Bull),36.72696,73.06449,Rainy,0.8
67,3,Verstappen (Red Bull),35.83201,108.8965,Rainy,0.8
67,4,Verstappen (Red Bull),35.98121,144.87771,Rainy,0.8
67,5,Verstappen (Red Bull),36.68025,181.55796,Rainy,0.8
67,1,Norris (McLaren),36.59537,36.59537,Rainy,0.8
67,2,Norris (McLaren),36.15096,72.74634,Rainy,0.8
67,3,Norris (McLaren),36.65984,109.40617,Rainy,0.8
67,4,Norris (McLaren),35.38242,144.7886,Rainy,0.8
67,5,Norris (McLaren),36.35044,181.13904,Rainy,0.8
68,1,Hamilton (Mercedes),36.51995,36.51995,Rainy,0.8
68,2,Hamilton (Mercedes),36.69089,73.21084,Rainy,0.8
68,3,Hamilton (Mercedes),36.60528,109.81613,Rainy,0.8
68,4,Hamilton (Mercedes),37.50143,147.31755,Rainy,0.8
68,5,Hamilton (Mercedes),37.11193,184.42948,Rainy,0.8
68,1,Verstappen (Red Bull),36.71971,36.71971,Rainy,0.8
68,2,Verstappen (Red Bull),35.92219,72.64189,Rainy,0.8
68,3,Verstappen (Red Bull),36.31125,108.95314,Rainy,0.8
68,4,Verstappen (Red Bull),36.46793,145.42108,Rainy,0.8
68,5,Verstappen (Red Bull),37.09627,182.51735,Rainy,0.8
68,1,Norris (McLaren),36.30619,36.30619,Rainy,0.8
68,2,Norris (McLaren),35.76199,72.06818,Rainy,0.8
68,3,Norris (McLaren),36.34603,108.41421,Rainy,0.8
68,4,Norris (McLaren),37.63819,146.0524,Rainy,0.8
68,5,Norris (McLaren),36.56583,182.61823,Rainy,0.8
69,1,Hamilton (Mercedes),36.4963,36.4963,Rainy,0.8
69,2,Hamilton (Mercedes),36.91393,73.41024,Rainy,0.8
69,3,Hamilton (Mercedes),37.80382,111.21406,Rainy,0.8
69,4,Hamilton (Mercedes),37.39696,148.61102,Rainy,0.8
69,5,Hamilton (Mercedes),37.10414,185.71515,Rainy,0.8
69,1,Verstappen (Red Bull),36.14615,36.14615,Rainy,0.8
69,2,Verstappen (Red Bull),36.23337,72.37952,Rainy,0.8
69,3,Verstappen (Red Bull),36.98512,109.36463,Rainy,0.8
69,4,Verstappen (Red Bull),36.52569,145.89033,Rainy,0.8
69,5,Verstappen (Red Bull),36.00728,181.89761,Rainy,0.8
69,1,Norris (McLaren),37.10017,37.10017,Rainy,0.8
69,2,Norris (McLaren),36.86096,73.96113,Rainy,0.8
69,3,Norris (McLaren),37.21735,111.17848,Rainy,0.8
69,4,Norris (McLaren),36.0452,147.22368,Rainy,0.8
69,5,Norris (McLaren),36.48619,183.70987,Rainy,0.8
70,1,Hamilton (Mercedes),37.14156,37.14156,Rainy,0.8
70,2,Hamilton (Mercedes),37.36823,74.50979,Rainy,0.8
70,3,Hamilton (Mercedes),35.98438,110.49417,Rainy,0.8
70,4,Hamilton (Mercedes),36.80671,147.30088,Rainy,0.8
70,5,Hamilton (Mercedes),38.01148,185.31236,Rainy,0.8
70,1,Verstappen (Red Bull),35.71634,35.71634,Rainy,0.8
70,2,Verstappen (Red Bull),36.3315,72.04784,Rainy,0.8
70,3,Verstappen (Red Bull),36.35653,108.40437,Rainy,0.8
70,4,Verstappen (Red Bull),36.88703,145.2914,Rainy,0.8
70,5,Verstappen (Red Bull),35.33832,180.62973,Rainy,0.8
70,1,Norris (McLaren),36.5493,36.5493,Rainy,0.8
70,2,Norris (McLaren),36.82383,73.37313,Rainy,0.8
70,3,Norris (McLaren),35.66047,109.03361,Rainy,0.8
70,4,Norris (McLaren),35.37237,144.40597,Rainy,0.8
70,5,Norris (McLaren),36.39495,180.80092,Rainy,0.8
71,1,Hamilton (Mercedes),36.83251,36.83251,Rainy,0.8
71,2,Hamilton (Mercedes),36.60039,73.4329,Rainy,0.8
71,3,Hamilton (Mercedes),36.76137,110.19428,Rainy,0.8
71,4,Hamilton (Mercedes),37.14166,147.33593,Rainy,0.8
71,5,Hamilton (Mercedes),35.98838,183.32431,Rainy,0.8
71,1,Verstappen (Red Bull),36.51912,36.51912,Rainy,0.8
71,2,Verstappen (Red Bull),36.56102,73.08014,Rainy,0.8
71,3,Verstappen (Red Bull),37.52113,110.60127,Rainy,0.8
71,4,Verstappen (Red Bull),36.11397,146.71524,Rainy,0.8
71,5,Verstappen (Red Bull),36.26529,182.98053,Rainy,0.8
71,1,Norris (McLaren),36.34986,36.34986,Rainy,0.8
71,2,Norris (McLaren),37.83994,74.1898,Rainy,0.8
71,3,Norris (McLaren),36.97823,111.16803,Rainy,0.8
71,4,Norris (McLaren),36.89539,148.06341,Rainy,0.8
71,5,Norris (McLaren),36.39387,184.45728,Rainy,0.8
72,1,Hamilton (Mercedes),36.34492,36.34492,Rainy,0.8
72,2,Hamilton (Mercedes),37.14938,73.4943,Rainy,0.8
72,3,Hamilton (Mercedes),36.7901,110.2844,Rainy,0.8
72,4,Hamilton (Mercedes),35.83562,146.12002,Rainy,0.8
72,5,Hamilton (Mercedes),36.51352,182.63354,Rainy,0.8
72,1,Verstappen (Red Bull),35.99085,35.99085,Rainy,0.8
72,2,Verstappen (Red Bull),35.74613,71.73698,Rainy,0.8
72,3,Verstappen (Red Bull),35.86003,107.59701,Rainy,0.8
72,4,Verstappen (Red Bull),37.3849,144.98191,Rainy,0.8
72,5,Verstappen (Red Bull),36.44255,181.42446,Rainy,0.8
72,1,Norris (McLaren),35.66062,35.66062,Rainy,0.8
72,2,Norris (McLaren),36.86154,72.52216,Rainy,0.8
72,3,Norris (McLaren),36.67337,109.19553,Rainy,0.8
72,4,Norris (McLaren),37.59372,146.78925,Rainy,0.8
72,5,Norris (McLaren),36.72532,183.51458,Rainy,0.8
73,1,Hamilton (Mercedes),37.29547,37.29547,Rainy,0.8
73,2,Hamilton (Mercedes),36.69312,73.98859,Rainy,0.8
73,3,Hamilton (Mercedes),37.23567,111.22426,Rainy,0.8
73,4,Hamilton (Mercedes),37.17399,148.39825,Rainy,0.8
73,5,Hamilton (Mercedes),38.70629,187.10454,Rainy,0.8
73,1,Verstappen (Red Bull),35.76308,35.76308,Rainy,0.8
73,2,Verstappen (Red Bull),36.57298,72.33606,Rainy,0.8
73,3,Verstappen (Red Bull),36.71419,109.05025,Rainy,0.8
73,4,Verstappen (Red Bull),35.79744,144.8477,Rainy,0.8
73,5,Verstappen (Red Bull),36.15583,181.00352,Rainy,0.8
73,1,Norris (McLaren),37.02449,37.02449,Rainy,0.8
73,2,Norris (McLaren),36.18244,73.20693,Rainy,0.8
73,3,Norris (McLaren),36.68345,109.89038,Rainy,0.8
73,4,Norris (McLaren),36.50767,146.39805,Rainy,0.8
73,5,Norris (McLaren),35.64647,182.04452,Rainy,0.8
74,1,Hamilton (Mercedes),36.14543,36.14543,Rainy,0.8
74,2,Hamilton (Mercedes),36.63852,72.78394,Rainy,0.8
74,3,Hamilton (Mercedes),37.46336,110.24731,Rainy,0.8
74,4,Hamilton (Mercedes),36.46341,146.71071,Rainy,0.8
74,5,Hamilton (Mercedes),38.1962,184.90692,Rainy,0.8
74,1,Verstappen (Red Bull),35.1821,35.1821,Rainy,0.8
74,2,Verstappen (Red Bull),36.54095,71.72305,Rainy,0.8
74,3,Verstappen (Red Bull),35.32253,107.04558,Rainy,0.8
74,4,Verstappen (Red Bull),36.23976,143.28534,Rainy,0.8
74,5,Verstappen (Red Bull),35.91734,179.20268,Rainy,0.8
74,1,Norris (McLaren),36.47024,36.47024,Rainy,0.8
74,2,Norris (McLaren),36.45384,72.92407,Rainy,0.8
74,3,Norris (McLaren),36.02474,108.94882,Rainy,0.8
74,4,Norris (McLaren),35.11283,144.06165,Rainy,0.8
74,5,Norris (McLaren),36.82008,180.88173,Rainy,0.8
75,1,Hamilton (Mercedes),38.18607,38.18607,Rainy,0.8
75,2,Hamilton (Mercedes),36.26296,74.44903,Rainy,0.8
75,3,Hamilton (Mercedes),36.61416,111.06319,Rainy,0.8
75,4,Hamilton (Mercedes),36.87654,147.93973,Rainy,0.8
75,5,Hamilton (Mercedes),37.126,185.06573,Rainy,0.8
75,1,Verstappen (Red Bull),36.3883,36.3883,Rainy,0.8
75,2,Verstappen (Red Bull),34.88571,71.27401,Rainy,0.8
75,3,Verstappen (Red Bull),36.30206,107.57607,Rainy,0.8
75,4,Verstappen (Red Bull),36.1995,143.77556,Rainy,0.8
75,5,Verstappen (Red Bull),35.91077,179.68634,Rainy,0.8
75,1,Norris (McLaren),36.65436,36.65436,Rainy,0.8
75,2,Norris (McLaren),37.23356,73.88792,Rainy,0.8
75,3,Norris (McLaren),38.14656,112.03448,Rainy,0.8
75,4,Norris (McLaren),37.20873,149.24321,Rainy,0.8
75,5,Norris (McLaren),36.44541,185.68862,Rainy,0.8
76,1,Hamilton (Mercedes),36.86596,36.86596,Rainy,0.8
76,2,Hamilton (Mercedes),37.87886,74.74483,Rainy,0.8
76,3,Hamilton (Mercedes),37.18917,111.934,Rainy,0.8
76,4,Hamilton (Mercedes),37.42416,149.35816,Rainy,0.8
76,5,Hamilton (Mercedes),37.08252,186.44068,Rainy,0.8
76,1,Verstappen (Red Bull),36.52441,36.52441,Rainy,0.8
76,2,Verstappen (Red Bull),37.29097,73.81538,Rainy,0.8
76,3,Verstappen (Red Bull),35.92658,109.74196,Rainy,0.8
76,4,Verstappen (Red Bull),37.21793,146.95989,Rainy,0.8
76,5,Verstappen (Red Bull),36.53125,183.49114,Rainy,0.8
76,1,Norris (McLaren),36.46504,36.46504,Rainy,0.8
76,2,Norris (McLaren),36.42241,72.88746,Rainy,0.8
76,3,Norris (McLaren),36.41458,109.30204,Rainy,0.8
76,4,Norris (McLaren),36.56827,145.87031,Rainy,0.8
76,5,Norris (McLaren),36.75967,182.62999,Rainy,0.8
77,1,Hamilton (Mercedes),37.03708,37.03708,Rainy,0.8
77,2,Hamilton (Mercedes),37.08016,74.11724,Rainy,0.8
77,3,Hamilton (Mercedes),37.63387,111.75111,Rainy,0.8
77,4,Hamilton (Mercedes),36.60781,148.35892,Rainy,0.8
77,5,Hamilton (Mercedes),36.69041,185.04933,Rainy,0.8
77,1,Verstappen (Red Bull),36.50577,36.50577,Rainy,0.8
77,2,Verstappen (Red Bull),36.16424,72.67001,Rainy,0.8
77,3,Verstappen (Red Bull),36.1172,108.78721,Rainy,0.8
77,4,Verstappen (Red Bull),36.69766,145.48486,Rainy,0.8
77,5,Verstappen (Red Bull),35.98224,181.46711,Rainy,0.8
77,1,Norris (McLaren),36.38358,36.38358,Rainy,0.8
77,2,Norris (McLaren),36.53518,72.91876,Rainy,0.8
77,3,Norris (McLaren),35.68994,108.6087,Rainy,0.8
77,4,Norris (McLaren),35.6416,144.2503,Rainy,0.8
77,5,Norris (McLaren),36.20246,180.45276,Rainy,0.8
78,1,Hamilton (Mercedes),37.82987,37.82987,Rainy,0.8
78,2,Hamilton (Mercedes),36.28961,74.11948,Rainy,0.8
78,3,Hamilton (Mercedes),37.10027,111.21975,Rainy,0.8
78,4,Hamilton (Mercedes),36.61087,147.83063,Rainy,0.8
78,5,Hamilton (Mercedes),37.6017,185.43233,Rainy,0.8
78,1,Verstappen (Red Bull),36.92305,36.92305,Rainy,0.8
78,2,Verstappen (Red Bull),37.26918,74.19224,Rainy,0.8
78,3,Verstappen (Red Bull),36.51339,110.70562,Rainy,0.8
78,4,Verstappen (Red Bull),36.62254,147.32816,Rainy,0.8
78,5,Verstappen (Red Bull),36.08053,183.40869,Rainy,0.8
78,1,Norris (McLaren),35.0693,35.0693,Rainy,0.8
78,2,Norris (McLaren),37.50293,72.57224,Rainy,0.8
78,3,Norris (McLaren),37.76588,110.33812,Rainy,0.8
78,4,Norris (McLaren),36.99566,147.33378,Rainy,0.8
78,5,Norris (McLaren),36.88459,184.21837,Rainy,0.8
79,1,Hamilton (Mercedes),36.10602,36.10602,Rainy,0.8
79,2,Hamilton (Mercedes),36.75782,72.86385,Rainy,0.8
79,3,Hamilton (Mercedes),37.23906,110.1029,Rainy,0.8
79,4,Hamilton (Mercedes),37.84442,147.94732,Rainy,0.8
79,5,Hamilton (Mercedes),36.80141,184.74872,Rainy,0.8
79,1,Verstappen (Red Bull),37.21815,37.21815,Rainy,0.8
79,2,Verstappen (Red Bull),34.7921,72.01025,Rainy,0.8
79,3,Verstappen (Red Bull),35.18415,107.1944,Rainy,0.8
79,4,Verstappen (Red Bull),37.01755,144.21195,Rainy,0.8
79,5,Verstappen (Red Bull),35.49862,179.71058,Rainy,0.8
79,1,Norris (McLaren),35.49926,35.49926,Rainy,0.8
79,2,Norris (McLaren),36.20424,71.7035,Rainy,0.8
79,3,Norris (McLaren),36.22459,107.9281,Rainy,0.8
79,4,Norris (McLaren),36.14211,144.0702,Rainy,0.8
79,5,Norris (McLaren),36.63813,180.70833,Rainy,0.8
80,1,Hamilton (Mercedes),36.95373,36.95373,Rainy,0.8
80,2,Hamilton (Mercedes),37.07314,74.02687,Rainy,0.8
80,3,Hamilton (Mercedes),37.1047,111.13157,Rainy,0.8
80,4,Hamilton (Mercedes),37.67006,148.80164,Rainy,0.8
80,5,Hamilton (Mercedes),36.47222,185.27386,Rainy,0.8
80,1,Verstappen (Red Bull),37.05146,37.05146,Rainy,0.8
80,2,Verstappen (Red Bull),36.76988,73.82134,Rainy,0.8
80,3,Verstappen (Red Bull),36.04691,109.86824,Rainy,0.8
80,4,Verstappen (Red Bull),36.39701,146.26525,Rainy,0.8
80,5,Verstappen (Red Bull),36.38236,182.64761,Rainy,0.8
80,1,Norris (McLaren),37.16796,37.16796,Rainy,0.8
80,2,Norris (McLaren),36.02499,73.19296,Rainy,0.8
80,3,Norris (McLaren),35.29019,108.48315,Rainy,0.8
80,4,Norris (McLaren),36.56703,145.05018,Rainy,0.8
80,5,Norris (McLaren),36.20853,181.25871,Rainy,0.8
81,1,Hamilton (Mercedes),35.73803,35.73803,Rainy,0.8
81,2,Hamilton (Mercedes),36.1329,71.87093,Rainy,0.8
81,3,Hamilton (Mercedes),36.32779,108.19872,Rainy,0.8
81,4,Hamilton (Mercedes),36.50406,144.70278,Rainy,0.8
81,5,Hamilton (Mercedes),37.16778,181.87056,Rainy,0.8
81,1,Verstappen (Red Bull),35.70484,35.70484,Rainy,0.8
81,2,Verstappen (Red Bull),36.79436,72.49921,Rainy,0.8
81,3,Verstappen (Red Bull),36.64809,109.1473,Rainy,0.8
81,4,Verstappen (Red Bull),35.92138,145.06868,Rainy,0.8
81,5,Verstappen (Red Bull),36.29879,181.36747,Rainy,0.8
81,1,Norris (McLaren),36.14744,36.14744,Rainy,0.8
81,2,Norris (McLaren),36.99918,73.14662,Rainy,0.8
81,3,Norris (McLaren),36.78283,109.92945,Rainy,0.8
81,4,Norris (McLaren),36.82379,146.75325,Rainy,0.8
81,5,Norris (McLaren),36.19977,182.95302,Rainy,0.8
82,1,Hamilton (Mercedes),38.76195,38.76195,Rainy,0.8
82,2,Hamilton (Mercedes),37.44348,76.20544,Rainy,0.8
82,3,Hamilton (Mercedes),37.4279,113.63333,Rainy,0.8
82,4,Hamilton (Mercedes),35.39252,149.02586,Rainy,0.8
82,5,Hamilton (Mercedes),37.22794,186.2538,Rainy,0.8
82,1,Verstappen (Red Bull),36.78493,36.78493,Rainy,0.8
82,2,Verstappen (Red Bull),37.26979,74.05472,Rainy,0.8
82,3,Verstappen (Red Bull),35.67889,109.73361,Rainy,0.8
82,4,Verstappen (Red Bull),37.28122,147.01483,Rainy,0.8
82,5,Verstappen (Red Bull),36.33738,183.35221,Rainy,0.8
82,1,Norris (McLaren),35.66544,35.66544,Rainy,0.8
82,2,Norris (McLaren),36.53827,72.20371,Rainy,0.8
82,3,Norris (McLaren),37.72641,109.93012,Rainy,0.8
82,4,Norris (McLaren),37.08938,147.0195,Rainy,0.8
82,5,Norris (McLaren),37.22325,184.24275,Rainy,0.8
83,1,Hamilton (Mercedes),37.8835,37.8835,Rainy,0.8
83,2,Hamilton (Mercedes),36.78761,74.67111,Rainy,0.8
83,3,Hamilton (Mercedes),37.44836,112.11947,Rainy,0.8
83,4,Hamilton (Mercedes),36.82588,148.94536,Rainy,0.8
83,5,Hamilton (Mercedes),37.30629,186.25164,Rainy,0.8
83,1,Verstappen (Red Bull),36.62476,36.62476,Rainy,0.8
83,2,Verstappen (Red Bull),36.91198,73.53674,Rainy,0.8
83,3,Verstappen (Red Bull),36.51877,110.05551,Rainy,0.8
83,4,Verstappen (Red Bull),37.22858,147.2841,Rainy,0.8
83,5,Verstappen (Red Bull),35.89286,183.17695,Rainy,0.8
83,1,Norris (McLaren),37.95487,37.95487,Rainy,0.8
83,2,Norris (McLaren),36.83053,74.78541,Rainy,0.8
83,3,Norris (McLaren),36.81926,111.60466,Rainy,0.8
83,4,Norris (McLaren),36.14024,147.7449,Rainy,0.8
83,5,Norris (McLaren),37.31211,185.05701,Rainy,0.8
84,1,Hamilton (Mercedes),37.4564,37.4564,Rainy,0.8
84,2,Hamilton (Mercedes),37.4364,74.8928,Rainy,0.8
84,3,Hamilton (Mercedes),37.58942,112.48223,Rainy,0.8
84,4,Hamilton (Mercedes),36.96737,149.4496,Rainy,0.8
84,5,Hamilton (Mercedes),38.51594,187.96554,Rainy,0.8
84,1,Verstappen (Red Bull),37.21198,37.21198,Rainy,0.8
84,2,Verstappen (Red Bull),35.85376,73.06574,Rainy,0.8
84,3,Verstappen (Red Bull),35.71516,108.7809,Rainy,0.8
84,4,Verstappen (Red Bull),36.3186,145.0995,Rainy,0.8
84,5,Verstappen (Red Bull),35.84354,180.94304,Rainy,0.8
84,1,Norris (McLaren),35.50518,35.50518,Rainy,0.8
84,2,Norris (McLaren),36.25003,71.75521,Rainy,0.8
84,3,Norris (McLaren),35.95983,107.71504,Rainy,0.8
84,4,Norris (McLaren),37.80065,145.51569,Rainy,0.8
84,5,Norris (McLaren),36.41883,181.93452,Rainy,0.8
85,1,Hamilton (Mercedes),35.60372,35.60372,Rainy,0.8
85,2,Hamilton (Mercedes),36.13317,71.73689,Rainy,0.8
85,3,Hamilton (Mercedes),36.72759,108.46448,Rainy,0.8
85,4,Hamilton (Mercedes),37.18752,145.652,Rainy,0.8
85,5,Hamilton (Mercedes),36.92786,182.57986,Rainy,0.8
85,1,Verstappen (Red Bull),36.62598,36.62598,Rainy,0.8
85,2,Verstappen (Red Bull),36.60924,73.23522,Rainy,0.8
85,3,Verstappen (Red Bull),36.35261,109.58783,Rainy,0.8
85,4,Verstappen (Red Bull),37.8455,147.43333,Rainy,0.8
85,5,Verstappen (Red Bull),36.96552,184.39886,Rainy,0.8
85,1,Norris (McLaren),36.30627,36.30627,Rainy,0.8
85,2,Norris (McLaren),37.23707,73.54334,Rainy,0.8
85,3,Norris (McLaren),36.27947,109.82281,Rainy,0.8
85,4,Norris (McLaren),36.92451,146.74732,Rainy,0.8
85,5,Norris (McLaren),37.16564,183.91296,Rainy,0.8
86,1,Hamilton (Mercedes),37.1132,37.1132,Rainy,0.8
86,2,Hamilton (Mercedes),36.98914,74.10234,Rainy,0.8
86,3,Hamilton (Mercedes),37.61448,111.71682,Rainy,0.8
86,4,Hamilton (Mercedes),37.81826,149.53507,Rainy,0.8
86,5,Hamilton (Mercedes),36.68973,186.22481,Rainy,0.8
86,1,Verstappen (Red Bull),36.2065,36.2065,Rainy,0.8
86,2,Verstappen (Red Bull),35.81147,72.01797,Rainy,0.8
86,3,Verstappen (Red Bull),36.25487,108.27284,Rainy,0.8
86,4,Verstappen (Red Bull),36.88383,145.15667,Rainy,0.8
86,5,Verstappen (Red Bull),35.98091,181.13758,Rainy,0.8
86,1,Norris (McLaren),36.76586,36.76586,Rainy,0.8
86,2,Norris (McLaren),37.9195,74.68535,Rainy,0.8
86,3,Norris (McLaren),37.49133,112.17669,Rainy,0.8
86,4,Norris (McLaren),37.57215,149.74883,Rainy,0.8
86,5,Norris (McLaren),36.63604,186.38487,Rainy,0.8
87,1,Hamilton (Mercedes),37.42954,37.42954,Rainy,0.8
87,2,Hamilton (Mercedes),37.20944,74.63898,Rainy,0.8
87,3,Hamilton (Mercedes),37.19735,111.83633,Rainy,0.8
87,4,Hamilton (Mercedes),37.47301,149.30934,Rainy,0.8
87,5,Hamilton (Mercedes),37.07582,186.38516,Rainy,0.8
87,1,Verstappen (Red Bull),37.14807,37.14807,Rainy,0.8
87,2,Verstappen (Red Bull),36.89139,74.03945,Rainy,0.8
87,3,Verstappen (Red Bull),36.61907,110.65852,Rainy,0.8
87,4,Verstappen (Red Bull),36.23872,146.89724,Rainy,0.8
87,5,Verstappen (Red Bull),37.30764,184.20488,Rainy,0.8
87,1,Norris (McLaren),36.15345,36.15345,Rainy,0.8
87,2,Norris (McLaren),37.36667,73.52012,Rainy,0.8
87,3,Norris (McLaren),36.91074,110.43087,Rainy,0.8
87,4,Norris (McLaren),37.0719,147.50277,Rainy,0.8
87,5,Norris (McLaren),37.09646,184.59923,Rainy,0.8
88,1,Hamilton (Mercedes),37.64786,37.64786,Rainy,0.8
88,2,Hamilton (Mercedes),36.99319,74.64105,Rainy,0.8
88,3,Hamilton (Mercedes),36.61376,111.25481,Rainy,0.8
88,4,Hamilton (Mercedes),35.86429,147.1191,Rainy,0.8
88,5,Hamilton (Mercedes),36.53447,183.65357,Rainy,0.8
88,1,Verstappen (Red Bull),35.76282,35.76282,Rainy,0.8
88,2,Verstappen (Red Bull),36.51939,72.28221,Rainy,0.8
88,3,Verstappen (Red Bull),36.17356,108.45577,Rainy,0.8
88,4,Verstappen (Red Bull),36.3661,144.82187,Rainy,0.8
88,5,Verstappen (Red Bull),37.31701,182.13887,Rainy,0.8
88,1,Norris (McLaren),37.63555,37.63555,Rainy,0.8
88,2,Norris (McLaren),36.70341,74.33896,Rainy,0.8
88,3,Norris (McLaren),37.38565,111.72461,Rainy,0.8
88,4,Norris (McLaren),37.09988,148.82448,Rainy,0.8
88,5,Norris (McLaren),36.58427,185.40875,Rainy,0.8
89,1,Hamilton (Mercedes),37.06969,37.06969,Rainy,0.8
89,2,Hamilton (Mercedes),37.53811,74.6078,Rainy,0.8
89,3,Hamilton (Mercedes),36.19778,110.80557,Rainy,0.8
89,4,Hamilton (Mercedes),36.86678,147.67236,Rainy,0.8
89,5,Hamilton (Mercedes),35.35487,183.02723,Rainy,0.8
89,1,Verstappen (Red Bull),36.82933,36.82933,Rainy,0.8
89,2,Verstappen (Red Bull),36.6314,73.46073,Rainy,0.8
89,3,Verstappen (Red Bull),36.6165,110.07723,Rainy,0.8
89,4,Verstappen (Red Bull),35.81919,145.89642,Rainy,0.8
89,5,Verstappen (Red Bull),37.70441,183.60083,Rainy,0.8
89,1,Norris (McLaren),35.90086,35.90086,Rainy,0.8
89,2,Norris (McLaren),36.55682,72.45767,Rainy,0.8
89,3,Norris (McLaren),37.77233,110.23,Rainy,0.8
89,4,Norris (McLaren),35.65083,145.88083,Rainy,0.8
89,5,Norris (McLaren),37.02605,182.90688,Rainy,0.8
90,1,Hamilton (Mercedes),37.00546,37.00546,Rainy,0.8
90,2,Hamilton (Mercedes),37.52781,74.53327,Rainy,0.8
90,3,Hamilton (Mercedes),37.05672,111.59,Rainy,0.8
90,4,Hamilton (Mercedes),37.21354,148.80354,Rainy,0.8
90,5,Hamilton (Mercedes),37.4008,186.20434,Rainy,0.8
90,1,Verstappen (Red Bull),36.88704,36.88704,Rainy,0.8
90,2,Verstappen (Red Bull),36.39206,73.2791,Rainy,0.8
90,3,Verstappen (Red Bull),36.2414,109.5205,Rainy,0.8
90,4,Verstappen (Red Bull),35.86864,145.38914,Rainy,0.8
90,5,Verstappen (Red Bull),35.48306,180.87219,Rainy,0.8
90,1,Norris (McLaren),36.39157,36.39157,Rainy,0.8
90,2,Norris (McLaren),36.17159,72.56317,Rainy,0.8
90,3,Norris (McLaren),35.48587,108.04903,Rainy,0.8
90,4,Norris (McLaren),35.47599,143.52502,Rainy,0.8
90,5,Norris (McLaren),36.82221,180.34723,Rainy,0.8
91,1,Hamilton (Mercedes),34.99012,34.99012,Rainy,0.8
91,2,Hamilton (Mercedes),36.45665,71.44677,Rainy,0.8
91,3,Hamilton (Mercedes),38.05318,109.49995,Rainy,0.8
91,4,Hamilton (Mercedes),36.9753,146.47525,Rainy,0.8
91,5,Hamilton (Mercedes),37.51113,183.98638,Rainy,0.8
91,1,Verstappen (Red Bull),35.73961,35.73961,Rainy,0.8
91,2,Verstappen (Red Bull),36.64756,72.38717,Rainy,0.8
91,3,Verstappen (Red Bull),36.27506,108.66223,Rainy,0.8
91,4,Verstappen (Red Bull),36.63682,145.29906,Rainy,0.8
91,5,Verstappen (Red Bull),37.15456,182.45361,Rainy,0.8
91,1,Norris (McLaren),35.95187,35.95187,Rainy,0.8
91,2,Norris (McLaren),35.68373,71.6356,Rainy,0.8
91,3,Norris (McLaren),36.86364,108.49924,Rainy,0.8
91,4,Norris (McLaren),37.10309,145.60233,Rainy,0.8
91,5,Norris (McLaren),36.2073,181.80963,Rainy,0.8
92,1,Hamilton (Mercedes),36.13901,36.13901,Rainy,0.8
92,2,Hamilton (Mercedes),36.94453,73.08355,Rainy,0.8
92,3,Hamilton (Mercedes),36.66744,109.75099,Rainy,0.8
92,4,Hamilton (Mercedes),36.48972,146.24071,Rainy,0.8
92,5,Hamilton (Mercedes),36.74993,182.99065,Rainy,0.8
92,1,Verstappen (Red Bull),36.52094,36.52094,Rainy,0.8
92,2,Verstappen (Red Bull),36.80386,73.32479,Rainy,0.8
92,3,Verstappen (Red Bull),37.44202,110.76681,Rainy,0.8
92,4,Verstappen (Red Bull),37.9084,148.67522,Rainy,0.8
92,5,Verstappen (Red Bull),37.2725,185.94772,Rainy,0.8
92,1,Norris (McLaren),36.16343,36.16343,Rainy,0.8
92,2,Norris (McLaren),36.21105,72.37448,Rainy,0.8
92,3,Norris (McLaren),36.61089,108.98537,Rainy,0.8
92,4,Norris (McLaren),35.71569,144.70106,Rainy,0.8
92,5,Norris (McLaren),36.68385,181.38491,Rainy,0.8
93,1,Hamilton (Mercedes),37.33592,37.33592,Rainy,0.8
93,2,Hamilton (Mercedes),37.03907,74.37499,Rainy,0.8
93,3,Hamilton (Mercedes),37.21491,111.5899,Rainy,0.8
93,4,Hamilton (Mercedes),37.86236,149.45226,Rainy,0.8
93,5,Hamilton (Mercedes),37.17982,186.63207,Rainy,0.8
93,1,Verstappen (Red Bull),35.59852,35.59852,Rainy,0.8
93,2,Verstappen (Red Bull),36.16448,71.763,Rainy,0.8
93,3,Verstappen (Red Bull),36.84349,108.60649,Rainy,0.8
93,4,Verstappen (Red Bull),36.15371,144.7602,Rainy,0.8
93,5,Verstappen (Red Bull),36.12878,180.88898,Rainy,0.8
93,1,Norris (McLaren),36.18319,36.18319,Rainy,0.8
93,2,Norris (McLaren),35.65973,71.84292,Rainy,0.8
93,3,Norris (McLaren),36.93284,108.77576,Rainy,0.8
93,4,Norris (McLaren),37.57253,146.34828,Rainy,0.8
93,5,Norris (McLaren),36.1476,182.49589,Rainy,0.8
94,1,Hamilton (Mercedes),36.5457,36.5457,Rainy,0.8
94,2,Hamilton (Mercedes),37.40031,73.94601,Rainy,0.8
94,3,Hamilton (Mercedes),36.59667,110.54269,Rainy,0.8
94,4,Hamilton (Mercedes),36.22781,146.77049,Rainy,0.8
94,5,Hamilton (Mercedes),36.78063,183.55112,Rainy,0.8
94,1,Verstappen (Red Bull),36.53809,36.53809,Rainy,0.8
94,2,Verstappen (Red Bull),36.35143,72.88951,Rainy,0.8
94,3,Verstappen (Red Bull),35.43203,108.32154,Rainy,0.8
94,4,Verstappen (Red Bull),36.17493,144.49647,Rainy,0.8
94,5,Verstappen (Red Bull),36.3531,180.84957,Rainy,0.8
94,1,Norris (McLaren),37.31739,37.31739,Rainy,0.8
94,2,Norris (McLaren),36.03349,73.35088,Rainy,0.8
94,3,Norris (McLaren),36.48723,109.83811,Rainy,0.8
94,4,Norris (McLaren),37.214,147.05211,Rainy,0.8
94,5,Norris (McLaren),37.5942,184.64632,Rainy,0.8
95,1,Hamilton (Mercedes),37.02807,37.02807,Rainy,0.8
95,2,Hamilton (Mercedes),37.25676,74.28483,Rainy,0.8
95,3,Hamilton (Mercedes),36.97446,111.25929,Rainy,0.8
95,4,Hamilton (Mercedes),36.46857,147.72786,Rainy,0.8
95,5,Hamilton (Mercedes),36.54942,184.27728,Rainy,0.8
95,1,Verstappen (Red Bull),37.72806,37.72806,Rainy,0.8
95,2,Verstappen (Red Bull),35.93581,73.66387,Rainy,0.8
95,3,Verstappen (Red Bull),36.43767,110.10154,Rainy,0.8
95,4,Verstappen (Red Bull),36.38996,146.4915,Rainy,0.8
95,5,Verstappen (Red Bull),36.25,182.74149,Rainy,0.8
95,1,Norris (McLaren),36.09188,36.09188,Rainy,0.8
95,2,Norris (McLaren),37.32176,73.41365,Rainy,0.8
95,3,Norris (McLaren),36.24183,109.65548,Rainy,0.8
95,4,Norris (McLaren),36.47898,146.13446,Rainy,0.8
95,5,Norris (McLaren),37.11776,183.25222,Rainy,0.8
96,1,Hamilton (Mercedes),36.57377,36.57377,Rainy,0.8
96,2,Hamilton (Mercedes),37.59628,74.17005,Rainy,0.8
96,3,Hamilton (Mercedes),36.05545,110.22549,Rainy,0.8
96,4,Hamilton (Mercedes),37.25101,147.4765,Rainy,0.8
96,5,Hamilton (Mercedes),37.65509,185.13159,Rainy,0.8
96,1,Verstappen (Red Bull),35.99052,35.99052,Rainy,0.8
96,2,Verstappen (Red Bull),36.17368,72.16419,Rainy,0.8
96,3,Verstappen (Red Bull),36.383,108.54719,Rainy,0.8
96,4,Verstappen (Red Bull),36.63364,145.18083,Rainy,0.8
96,5,Verstappen (Red Bull),36.43387,181.6147,Rainy,0.8
96,1,Norris (McLaren),36.73265,36.73265,Rainy,0.8
96,2,Norris (McLaren),36.04936,72.78201,Rainy,0.8
96,3,Norris (McLaren),36.41036,109.19238,Rainy,0.8
96,4,Norris (McLaren),36.44297,145.63534,Rainy,0.8
96,5,Norris (McLaren),37.44767,183.08301,Rainy,0.8
97,1,Hamilton (Mercedes),36.26539,36.26539,Rainy,0.8
97,2,Hamilton (Mercedes),37.67816,73.94356,Rainy,0.8
97,3,Hamilton (Mercedes),37.05905,111.0026,Rainy,0.8
97,4,Hamilton (Mercedes),36.91729,147.9199,Rainy,0.8
97,5,Hamilton (Mercedes),36.59747,184.51736,Rainy,0.8
97,1,Verstappen (Red Bull),36.38084,36.38084,Rainy,0.8
97,2,Verstappen (Red Bull),35.90826,72.2891,Rainy,0.8
97,3,Verstappen (Red Bull),36.8814,109.17051,Rainy,0.8
97,4,Verstappen (Red Bull),35.33842,144.50893,Rainy,0.8
97,5,Verstappen (Red Bull),36.52654,181.03547,Rainy,0.8
97,1,Norris (McLaren),38.40085,38.40085,Rainy,0.8
97,2,Norris (McLaren),37.00024,75.40109,Rainy,0.8
97,3,Norris (McLaren),36.52328,111.92437,Rainy,0.8
97,4,Norris (McLaren),36.77935,148.70372,Rainy,0.8
97,5,Norris (McLaren),37.1056,185.80932,Rainy,0.8
98,1,Hamilton (Mercedes),37.67529,37.67529,Rainy,0.8
98,2,Hamilton (Mercedes),36.78841,74.4637,Rainy,0.8
98,3,Hamilton (Mercedes),35.90397,110.36767,Rainy,0.8
98,4,Hamilton (Mercedes),37.23345,147.60112,Rainy,0.8
98,5,Hamilton (Mercedes),37.11795,184.71906,Rainy,0.8
98,1,Verstappen (Red Bull),36.66092,36.66092,Rainy,0.8
98,2,Verstappen (Red Bull),36.66407,73.32499,Rainy,0.8
98,3,Verstappen (Red Bull),36.21632,109.5413,Rainy,0.8
98,4,Verstappen (Red Bull),36.52215,146.06346,Rainy,0.8
98,5,Verstappen (Red Bull),36.69454,182.75799,Rainy,0.8
98,1,Norris (McLaren),36.14345,36.14345,Rainy,0.8
98,2,Norris (McLaren),35.53335,71.6768,Rainy,0.8
98,3,Norris (McLaren),37.17169,108.84848,Rainy,0.8
98,4,Norris (McLaren),36.74681,145.5953,Rainy,0.8
98,5,Norris (McLaren),36.19165,181.78695,Rainy,0.8
99,1,Hamilton (Mercedes),36.40188,36.40188,Rainy,0.8
99,2,Hamilton (Mercedes),36.75658,73.15846,Rainy,0.8
99,3,Hamilton (Mercedes),36.46232,109.62078,Rainy,0.8
99,4,Hamilton (Mercedes),36.63666,146.25744,Rainy,0.8
99,5,Hamilton (Mercedes),37.10825,183.3657,Rainy,0.8
99,1,Verstappen (Red Bull),36.13996,36.13996,Rainy,0.8
99,2,Verstappen (Red Bull),36.43506,72.57501,Rainy,0.8
99,3,Verstappen (Red Bull),36.13636,108.71137,Rainy,0.8
99,4,Verstappen (Red Bull),36.63161,145.34298,Rainy,0.8
99,5,Verstappen (Red Bull),36.67482,182.0178,Rainy,0.8
99,1,Norris (McLaren),36.66809,36.66809,Rainy,0.8
99,2,Norris (McLaren),36.07855,72.74664,Rainy,0.8
99,3,Norris (McLaren),37.2269,109.97354,Rainy,0.8
99,4,Norris (McLaren),36.49786,146.47141,Rainy,0.8
99,5,Norris (McLaren),36.17699,182.6484,Rainy,0.8
100,1,Hamilton (Mercedes),37.20986,37.20986,Rainy,0.8
100,2,Hamilton (Mercedes),37.64512,74.85499,Rainy,0.8
100,3,Hamilton (Mercedes),37.54473,112.39971,Rainy,0.8
100,4,Hamilton (Mercedes),38.58537,150.98508,Rainy,0.8
100,5,Hamilton (Mercedes),35.86835,186.85343,Rainy,0.8
100,1,Verstappen (Red Bull),37.01458,37.01458,Rainy,0.8
100,2,Verstappen (Red Bull),36.57925,73.59383,Rainy,0.8
100,3,Verstappen (Red Bull),35.98855,109.58238,Rainy,0.8
100,4,Verstappen (Red Bull),36.98212,146.56451,Rainy,0.8
100,5,Verstappen (Red Bull),35.938,182.50251,Rainy,0.8
100,1,Norris (McLaren),35.61546,35.61546,Rainy,0.8
100,2,Norris (McLaren),36.84813,72.46358,Rainy,0.8
100,3,Norris (McLaren),37.05559,109.51918,Rainy,0.8
100,4,Norris (McLaren),35.89543,145.4146,Rainy,0.8
100,5,Norris (McLaren),35.10203,180.51663,Rainy,0.8
101,1,Hamilton (Mercedes),36.25134,36.25134,Rainy,0.8
101,2,Hamilton (Mercedes),37.10276,73.3541,Rainy,0.8
101,3,Hamilton (Mercedes),37.42517,110.77927,Rainy,0.8
101,4,Hamilton (Mercedes),36.90416,147.68343,Rainy,0.8
101,5,Hamilton (Mercedes),37.38175,185.06518,Rainy,0.8
101,1,Verstappen (Red Bull),35.85061,35.85061,Rainy,0.8
101,2,Verstappen (Red Bull),36.55618,72.40679,Rainy,0.8
101,3,Verstappen (Red Bull),36.93101,109.3378,Rainy,0.8
101,4,Verstappen (Red Bull),37.06303,146.40083,Rainy,0.8
101,5,Verstappen (Red Bull),36.9279,183.32873,Rainy,0.8
101,1,Norris (McLaren),36.2239,36.2239,Rainy,0.8
101,2,Norris (McLaren),36.27426,72.49815,Rainy,0.8
101,3,Norris (McLaren),35.97387,108.47203,Rainy,0.8
101,4,Norris (McLaren),38.43907,146.91109,Rainy,0.8
101,5,Norris (McLaren),35.51304,182.42413,Rainy,0.8
102,1,Hamilton (Mercedes),36.94794,36.94794,Rainy,0.8
102,2,Hamilton (Mercedes),36.70396,73.6519,Rainy,0.8
102,3,Hamilton (Mercedes),37.24651,110.89842,Rainy,0.8
102,4,Hamilton (Mercedes),37.46135,148.35977,Rainy,0.8
102,5,Hamilton (Mercedes),36.72616,185.08593,Rainy,0.8
102,1,Verstappen (Red Bull),36.75588,36.75588,Rainy,0.8
102,2,Verstappen (Red Bull),34.05895,70.81482,Rainy,0.8
102,3,Verstappen (Red Bull),36.03463,106.84946,Rainy,0.8
102,4,Verstappen (Red Bull),36.96588,143.81533,Rainy,0.8
102,5,Verstappen (Red Bull),36.46882,180.28415,Rainy,0.8
102,1,Norris (McLaren),37.07367,37.07367,Rainy,0.8
102,2,Norris (McLaren),36.3831,73.45677,Rainy,0.8
102,3,Norris (McLaren),37.35281,110.80958,Rainy,0.8
102,4,Norris (McLaren),36.57495,147.38454,Rainy,0.8
102,5,Norris (McLaren),36.69053,184.07506,Rainy,0.8
103,1,Hamilton (Mercedes),36.69751,36.69751,Rainy,0.8
103,2,Hamilton (Mercedes),37.24555,73.94306,Rainy,0.8
103,3,Hamilton (Mercedes),36.96163,110.90469,Rainy,0.8
103,4,Hamilton (Mercedes),36.30173,147.20642,Rainy,0.8
103,5,Hamilton (Mercedes),37.09991,184.30633,Rainy,0.8
103,1,Verstappen (Red Bull),35.48597,35.48597,Rainy,0.8
103,2,Verstappen (Red Bull),36.53824,72.02421,Rainy,0.8
103,3,Verstappen (Red Bull),36.64369,108.6679,Rainy,0.8
103,4,Verstappen (Red Bull),36.60547,145.27337,Rainy,0.8
103,5,Verstappen (Red Bull),37.00628,182.27965,Rainy,0.8
103,1,Norris (McLaren),37.29245,37.29245,Rainy,0.8
103,2,Norris (McLaren),37.33139,74.62383,Rainy,0.8
103,3,Norris (McLaren),36.99312,111.61695,Rainy,0.8
103,4,Norris (McLaren),36.32025,147.9372,Rainy,0.8
103,5,Norris (McLaren),36.95211,184.88932,Rainy,0.8
104,1,Hamilton (Mercedes),36.66393,36.66393,Rainy,0.8
104,2,Hamilton (Mercedes),36.29143,72.95536,Rainy,0.8
104,3,Hamilton (Mercedes),37.35047,110.30584,Rainy,0.8
104,4,Hamilton (Mercedes),36.73781,147.04364,Rainy,0.8
104,5,Hamilton (Mercedes),37.6658,184.70944,Rainy,0.8
104,1,Verstappen (Red Bull),36.79608,36.79608,Rainy,0.8
104,2,Verstappen (Red Bull),36.04656,72.84263,Rainy,0.8
104,3,Verstappen (Red Bull),36.22841,109.07104,Rainy,0.8
104,4,Verstappen (Red Bull),37.09539,146.16643,Rainy,0.8
104,5,Verstappen (Red Bull),36.09618,182.26261,Rainy,0.8
104,1,Norris (McLaren),36.25191,36.25191,Rainy,0.8
104,2,Norris (McLaren),36.96688,73.21879,Rainy,0.8
104,3,Norris (McLaren),36.51237,109.73117,Rainy,0.8
104,4,Norris (McLaren),36.24644,145.97761,Rainy,0.8
104,5,Norris (McLaren),35.49993,181.47754,Rainy,0.8
105,1,Hamilton (Mercedes),38.21323,38.21323,Rainy,0.8
105,2,Hamilton (Mercedes),37.83839,76.05162,Rainy,0.8
105,3,Hamilton (Mercedes),36.93713,112.98875,Rainy,0.8
105,4,Hamilton (Mercedes),36.70472,149.69348,Rainy,0.8
105,5,Hamilton (Mercedes),36.83378,186.52725,Rainy,0.8
105,1,Verstappen (Red Bull),36.318,36.318,Rainy,0.8
105,2,Verstappen (Red Bull),35.6279,71.9459,Rainy,0.8
105,3,Verstappen (Red Bull),37.30613,109.25203,Rainy,0.8
105,4,Verstappen (Red Bull),36.36535,145.61739,Rainy,0.8
105,5,Verstappen (Red Bull),36.19348,181.81086,Rainy,0.8
105,1,Norris (McLaren),37.15033,37.15033,Rainy,0.8
105,2,Norris (McLaren),34.96779,72.11813,Rainy,0.8
105,3,Norris (McLaren),36.11515,108.23328,Rainy,0.8
105,4,Norris (McLaren),35.6373,143.87058,Rainy,0.8
105,5,Norris (McLaren),36.62475,180.49534,Rainy,0.8
106,1,Hamilton (Mercedes),37.57555,37.57555,Rainy,0.8
106,2,Hamilton (Mercedes),36.61887,74.19442,Rainy,0.8
106,3,Hamilton (Mercedes),37.65363,111.84806,Rainy,0.8
106,4,Hamilton (Mercedes),36.93839,148.78644,Rainy,0.8
106,5,Hamilton (Mercedes),36.59571,185.38215,Rainy,0.8
106,1,Verstappen (Red Bull),36.25207,36.25207,Rainy,0.8
106,2,Verstappen (Red Bull),36.31778,72.56985,Rainy,0.8
106,3,Verstappen (Red Bull),35.97894,108.54879,Rainy,0.8
106,4,Verstappen (Red Bull),36.22676,144.77555,Rainy,0.8
106,5,Verstappen (Red Bull),36.15741,180.93295,Rainy,0.8
106,1,Norris (McLaren),36.70801,36.70801,Rainy,0.8
106,2,Norris (McLaren),36.73599,73.444,Rainy,0.8
106,3,Norris (McLaren),36.82341,110.26741,Rainy,0.8
106,4,Norris (McLaren),36.72328,146.9907,Rainy,0.8
106,5,Norris (McLaren),36.51214,183.50284,Rainy,0.8
107,1,Hamilton (Mercedes),36.77626,36.77626,Rainy,0.8
107,2,Hamilton (Mercedes),36.10845,72.88471,Rainy,0.8
107,3,Hamilton (Mercedes),36.94481,109.82952,Rainy,0.8
107,4,Hamilton (Mercedes),37.22917,147.05869,Rainy,0.8
107,5,Hamilton (Mercedes),36.46159,183.52028,Rainy,0.8
107,1,Verstappen (Red Bull),36.49077,36.49077,Rainy,0.8
107,2,Verstappen (Red Bull),35.83942,72.33019,Rainy,0.8
107,3,Verstappen (Red Bull),36.18233,108.51252,Rainy,0.8
107,4,Verstappen (Red Bull),35.95914,144.47166,Rainy,0.8
107,5,Verstappen (Red Bull),35.8935,180.36516,Rainy,0.8
107,1,Norris (McLaren),37.15381,37.15381,Rainy,0.8
107,2,Norris (McLaren),36.25713,73.41093,Rainy,0.8
107,3,Norris (McLaren),37.33737,110.7483,Rainy,0.8
107,4,Norris (McLaren),36.57081,147.31911,Rainy,0.8
107,5,Norris (McLaren),36.8012,184.12031,Rainy,0.8
108,1,Hamilton (Mercedes),37.33489,37.33489,Rainy,0.8
108,2,Hamilton (Mercedes),37.91979,75.25468,Rainy,0.8
108,3,Hamilton (Mercedes),36.77339,112.02808,Rainy,0.8
108,4,Hamilton (Mercedes),35.89322,147.92129,Rainy,0.8
108,5,Hamilton (Mercedes),37.47679,185.39808,Rainy,0.8
108,1,Verstappen (Red Bull),36.79252,36.79252,Rainy,0.8
108,2,Verstappen (Red Bull),37.08088,73.8734,Rainy,0.8
108,3,Verstappen (Red Bull),36.21346,110.08686,Rainy,0.8
108,4,Verstappen (Red Bull),36.2651,146.35195,Rainy,0.8
108,5,Verstappen (Red Bull),36.19959,182.55154,Rainy,0.8
108,1,Norris (McLaren),37.93905,37.93905,Rainy,0.8
108,2,Norris (McLaren),36.6394,74.57845,Rainy,0.8
108,3,Norris (McLaren),35.98439,110.56284,Rainy,0.8
108,4,Norris (McLaren),36.42108,146.98392,Rainy,0.8
108,5,Norris (McLaren),36.72127,183.70518,Rainy,0.8
109,1,Hamilton (Mercedes),36.75636,36.75636,Rainy,0.8
109,2,Hamilton (Mercedes),37.02815,73.78451,Rainy,0.8
109,3,Hamilton (Mercedes),37.97287,111.75738,Rainy,0.8
109,4,Hamilton (Mercedes),37.6418,149.39919,Rainy,0.8
109,5,Hamilton (Mercedes),36.76524,186.16442,Rainy,0.8
109,1,Verstappen (Red Bull),36.25693,36.25693,Rainy,0.8
109,2,Verstappen (Red Bull),36.2574,72.51433,Rainy,0.8
109,3,Verstappen (Red Bull),37.12221,109.63654,Rainy,0.8
109,4,Verstappen (Red Bull),36.17324,145.80978,Rainy,0.8
109,5,Verstappen (Red Bull),36.45282,182.2626,Rainy,0.8
109,1,Norris (McLaren),37.119,37.119,Rainy,0.8
109,2,Norris (McLaren),36.49649,73.61549,Rainy,0.8
109,3,Norris (McLaren),36.43652,110.05202,Rainy,0.8
109,4,Norris (McLaren),36.54508,146.59709,Rainy,0.8
109,5,Norris (McLaren),36.1923,182.7894,Rainy,0.8
110,1,Hamilton (Mercedes),36.78718,36.78718,Rainy,0.8
110,2,Hamilton (Mercedes),36.60436,73.39154,Rainy,0.8
110,3,Hamilton (Mercedes),37.21112,110.60266,Rainy,0.8
110,4,Hamilton (Mercedes),36.26884,146.8715,Rainy,0.8
110,5,Hamilton (Mercedes),36.02276,182.89426,Rainy,0.8
110,1,Verstappen (Red Bull),36.13998,36.13998,Rainy,0.8
110,2,Verstappen (Red Bull),36.84208,72.98206,Rainy,0.8
110,3,Verstappen (Red Bull),36.53505,109.51711,Rainy,0.8
110,4,Verstappen (Red Bull),35.70312,145.22023,Rainy,0.8
110,5,Verstappen (Red Bull),36.58468,181.80492,Rainy,0.8
110,1,Norris (McLaren),36.3496,36.3496,Rainy,0.8
110,2,Norris (McLaren),36.01727,72.36687,Rainy,0.8
110,3,Norris (McLaren),37.84838,110.21525,Rainy,0.8
110,4,Norris (McLaren),35.71952,145.93477,Rainy,0.8
110,5,Norris (McLaren),35.98934,181.92411,Rainy,0.8
111,1,Hamilton (Mercedes),37.60114,37.60114,Rainy,0.8
111,2,Hamilton (Mercedes),37.15387,74.75501,Rainy,0.8
111,3,Hamilton (Mercedes),36.46879,111.2238,Rainy,0.8
111,4,Hamilton (Mercedes),37.60422,148.82802,Rainy,0.8
111,5,Hamilton (Mercedes),37.91026,186.73829,Rainy,0.8
111,1,Verstappen (Red Bull),36.34645,36.34645,Rainy,0.8
111,2,Verstappen (Red Bull),36.63215,72.9786,Rainy,0.8
111,3,Verstappen (Red Bull),37.61058,110.58918,Rainy,0.8
111,4,Verstappen (Red Bull),37.04605,147.63523,Rainy,0.8
111,5,Verstappen (Red Bull),35.77892,183.41414,Rainy,0.8
111,1,Norris (McLaren),35.73165,35.73165,Rainy,0.8
111,2,Norris (McLaren),37.02582,72.75747,Rainy,0.8
111,3,Norris (McLaren),36.31785,109.07532,Rainy,0.8
111,4,Norris (McLaren),35.93132,145.00665,Rainy,0.8
111,5,Norris (McLaren),37.95686,182.96351,Rainy,0.8
112,1,Hamilton (Mercedes),37.0429,37.0429,Rainy,0.8
112,2,Hamilton (Mercedes),37.12822,74.17112,Rainy,0.8
112,3,Hamilton (Mercedes),36.40383,110.57495,Rainy,0.8
112,4,Hamilton (Mercedes),36.94,147.51494,Rainy,0.8
112,5,Hamilton (Mercedes),35.86047,183.37541,Rainy,0.8
112,1,Verstappen (Red Bull),36.49839,36.49839,Rainy,0.8
112,2,Verstappen (Red Bull),35.98548,72.48387,Rainy,0.8
112,3,Verstappen (Red Bull),36.70206,109.18593,Rainy,0.8
112,4,Verstappen (Red Bull),36.66042,145.84635,Rainy,0.8
112,5,Verstappen (Red Bull),35.51231,181.35866,Rainy,0.8
112,1,Norris (McLaren),35.66692,35.66692,Rainy,0.8
112,2,Norris (McLaren),37.09711,72.76403,Rainy,0.8
112,3,Norris (McLaren),37.32593,110.08996,Rainy,0.8
112,4,Norris (McLaren),36.07305,146.16301,Rainy,0.8
112,5,Norris (McLaren),36.86499,183.02801,Rainy,0.8
113,1,Hamilton (Mercedes),36.51491,36.51491,Rainy,0.8
113,2,Hamilton (Mercedes),36.825,73.33991,Rainy,0.8
113,3,Hamilton (Mercedes),36.05372,109.39363,Rainy,0.8
113,4,Hamilton (Mercedes),36.08892,145.48255,Rainy,0.8
113,5,Hamilton (Mercedes),37.20128,182.68383,Rainy,0.8
113,1,Verstappen (Red Bull),36.45095,36.45095,Rainy,0.8
113,2,Verstappen (Red Bull),35.84469,72.29564,Rainy,0.8
113,3,Verstappen (Red Bull),36.55936,108.855,Rainy,0.8
113,4,Verstappen (Red Bull),36.65679,145.5118,Rainy,0.8
113,5,Verstappen (Red Bull),36.49739,182.00919,Rainy,0.8
113,1,Norris (McLaren),37.41115,37.41115,Rainy,0.8
113,2,Norris (McLaren),36.76262,74.17378,Rainy,0.8
113,3,Norris (McLaren),35.35338,109.52716,Rainy,0.8
113,4,Norris (McLaren),36.5712,146.09836,Rainy,0.8
113,5,Norris (McLaren),36.64382,182.74218,Rainy,0.8
114,1,Hamilton (Mercedes),37.32148,37.32148,Rainy,0.8
114,2,Hamilton (Mercedes),36.25021,73.57169,Rainy,0.8
114,3,Hamilton (Mercedes),37.22362,110.7953,Rainy,0.8
114,4,Hamilton (Mercedes),37.03613,147.83143,Rainy,0.8
114,5,Hamilton (Mercedes),37.04015,184.87158,Rainy,0.8
114,1,Verstappen (Red Bull),36.25555,36.25555,Rainy,0.8
114,2,Verstappen (Red Bull),35.93103,72.18658,Rainy,0.8
114,3,Verstappen (Red Bull),36.32113,108.5077,Rainy,0.8
114,4,Verstappen (Red Bull),36.78243,145.29014,Rainy,0.8
114,5,Verstappen (Red Bull),37.15922,182.44935,Rainy,0.8
114,1,Norris (McLaren),36.91627,36.91627,Rainy,0.8
114,2,Norris (McLaren),36.20065,73.11692,Rainy,0.8
114,3,Norris (McLaren),36.85547,109.97239,Rainy,0.8
114,4,Norris (McLaren),36.70794,146.68033,Rainy,0.8
114,5,Norris (McLaren),36.96453,183.64485,Rainy,0.8
115,1,Hamilton (Mercedes),36.34474,36.34474,Rainy,0.8
115,2,Hamilton (Mercedes),36.65478,72.99952,Rainy,0.8
115,3,Hamilton (Mercedes),37.7355,110.73502,Rainy,0.8
115,4,Hamilton (Mercedes),36.37859,147.11361,Rainy,0.8
115,5,Hamilton (Mercedes),36.78819,183.9018,Rainy,0.8
115,1,Verstappen (Red Bull),36.07983,36.07983,Rainy,0.8
115,2,Verstappen (Red Bull),36.71916,72.79899,Rainy,0.8
115,3,Verstappen (Red Bull),36.06989,108.86888,Rainy,0.8
115,4,Verstappen (Red Bull),36.29301,145.16188,Rainy,0.8
115,5,Verstappen (Red Bull),36.10276,181.26464,Rainy,0.8
115,1,Norris (McLaren),35.70378,35.70378,Rainy,0.8
115,2,Norris (McLaren),38.11382,73.8176,Rainy,0.8
115,3,Norris (McLaren),36.00064,109.81824,Rainy,0.8
115,4,Norris (McLaren),34.80437,144.62261,Rainy,0.8
115,5,Norris (McLaren),35.38777,180.01038,Rainy,0.8
116,1,Hamilton (Mercedes),36.65638,36.65638,Rainy,0.8
116,2,Hamilton (Mercedes),36.611,73.26738,Rainy,0.8
116,3,Hamilton (Mercedes),37.34928,110.61666,Rainy,0.8
116,4,Hamilton (Mercedes),37.22711,147.84377,Rainy,0.8
116,5,Hamilton (Mercedes),36.8496,184.69337,Rainy,0.8
116,1,Verstappen (Red Bull),36.97714,36.97714,Rainy,0.8
116,2,Verstappen (Red Bull),37.12068,74.09781,Rainy,0.8
116,3,Verstappen (Red Bull),36.20208,110.29989,Rainy,0.8
116,4,Verstappen (Red Bull),36.073,146.37289,Rainy,0.8
116,5,Verstappen (Red Bull),37.4476,183.82049,Rainy,0.8
116,1,Norris (McLaren),37.37076,37.37076,Rainy,0.8
116,2,Norris (McLaren),36.31687,73.68763,Rainy,0.8
116,3,Norris (McLaren),36.99323,110.68086,Rainy,0.8
116,4,Norris (McLaren),35.34192,146.02277,Rainy,0.8
116,5,Norris (McLaren),37.41541,183.43819,Rainy,0.8
117,1,Hamilton (Mercedes),37.39611,37.39611,Rainy,0.8
117,2,Hamilton (Mercedes),36.73703,74.13315,Rainy,0.8
117,3,Hamilton (Mercedes),37.0455,111.17865,Rainy,0.8
117,4,Hamilton (Mercedes),37.09929,148.27794,Rainy,0.8
117,5,Hamilton (Mercedes),37.5021,185.78004,Rainy,0.8
117,1,Verstappen (Red Bull),36.39224,36.39224,Rainy,0.8
117,2,Verstappen (Red Bull),36.21148,72.60373,Rainy,0.8
117,3,Verstappen (Red Bull),36.88506,109.48879,Rainy,0.8
117,4,Verstappen (Red Bull),36.36127,145.85006,Rainy,0.8
117,5,Verstappen (Red Bull),35.75368,181.60374,Rainy,0.8
117,1,Norris (McLaren),36.54914,36.54914,Rainy,0.8
117,2,Norris (McLaren),37.63652,74.18566,Rainy,0.8
117,3,Norris (McLaren),34.8412,109.02687,Rainy,0.8
117,4,Norris (McLaren),36.84873,145.87559,Rainy,0.8
117,5,Norris (McLaren),37.59404,183.46964,Rainy,0.8
118,1,Hamilton (Mercedes),37.03021,37.03021,Rainy,0.8
118,2,Hamilton (Mercedes),36.61564,73.64585,Rainy,0.8
118,3,Hamilton (Mercedes),36.49547,110.14132,Rainy,0.8
118,4,Hamilton (Mercedes),37.10514,147.24646,Rainy,0.8
118,5,Hamilton (Mercedes),36.55979,183.80625,Rainy,0.8
118,1,Verstappen (Red Bull),36.28788,36.28788,Rainy,0.8
118,2,Verstappen (Red Bull),35.77631,72.06419,Rainy,0.8
118,3,Verstappen (Red Bull),37.00111,109.06529,Rainy,0.8
118,4,Verstappen (Red Bull),36.16509,145.23038,Rainy,0.8
118,5,Verstappen (Red Bull),36.86347,182.09386,Rainy,0.8
118,1,Norris (McLaren),36.37891,36.37891,Rainy,0.8
118,2,Norris (McLaren),36.075,72.45392,Rainy,0.8
118,3,Norris (McLaren),35.51281,107.96673,Rainy,0.8
118,4,Norris (McLaren),37.02798,144.99471,Rainy,0.8
118,5,Norris (McLaren),37.29916,182.29387,Rainy,0.8
119,1,Hamilton (Mercedes),36.01232,36.01232,Rainy,0.8
119,2,Hamilton (Mercedes),37.64594,73.65826,Rainy,0.8
119,3,Hamilton (Mercedes),36.86714,110.52541,Rainy,0.8
119,4,Hamilton (Mercedes),36.82594,147.35135,Rainy,0.8
119,5,Hamilton (Mercedes),36.42733,183.77868,Rainy,0.8
119,1,Verstappen (Red Bull),36.1718,36.1718,Rainy,0.8
119,2,Verstappen (Red Bull),36.66092,72.83271,Rainy,0.8
119,3,Verstappen (Red Bull),36.34224,109.17495,Rainy,0.8
119,4,Verstappen (Red Bull),36.52755,145.70251,Rainy,0.8
119,5,Verstappen (Red Bull),36.3929,182.09541,Rainy,0.8
119,1,Norris (McLaren),36.7115,36.7115,Rainy,0.8
119,2,Norris (McLaren),36.36099,73.07249,Rainy,0.8
119,3,Norris (McLaren),36.66191,109.7344,Rainy,0.8
119,4,Norris (McLaren),36.5997,146.3341,Rainy,0.8
119,5,Norris (McLaren),36.43937,182.77346,Rainy,0.8
120,1,Hamilton (Mercedes),37.40445,37.40445,Rainy,0.8
120,2,Hamilton (Mercedes),36.64289,74.04734,Rainy,0.8
120,3,Hamilton (Mercedes),36.84313,110.89047,Rainy,0.8
120,4,Hamilton (Mercedes),36.50757,147.39804,Rainy,0.8
120,5,Hamilton (Mercedes),36.90904,184.30708,Rainy,0.8
120,1,Verstappen (Red Bull),36.48707,36.48707,Rainy,0.8
120,2,Verstappen (Red Bull),35.82863,72.3157,Rainy,0.8
120,3,Verstappen (Red Bull),36.15302,108.46873,Rainy,0.8
120,4,Verstappen (Red Bull),37.0655,145.53422,Rainy,0.8
120,5,Verstappen (Red Bull),36.54898,182.0832,Rainy,0.8
120,1,Norris (McLaren),36.70068,36.70068,Rainy,0.8
120,2,Norris (McLaren),36.09326,72.79395,Rainy,0.8
120,3,Norris (McLaren),36.58883,109.38277,Rainy,0.8
120,4,Norris (McLaren),36.22448,145.60725,Rainy,0.8
120,5,Norris (McLaren),35.62482,181.23207,Rainy,0.8
121,1,Hamilton (Mercedes),37.49743,37.49743,Rainy,0.8
121,2,Hamilton (Mercedes),37.42908,74.92651,Rainy,0.8
121,3,Hamilton (Mercedes),35.74469,110.6712,Rainy,0.8
121,4,Hamilton (Mercedes),37.56914,148.24034,Rainy,0.8
121,5,Hamilton (Mercedes),37.7181,185.95845,Rainy,0.8
121,1,Verstappen (Red Bull),36.34569,36.34569,Rainy,0.8
121,2,Verstappen (Red Bull),36.65401,72.9997,Rainy,0.8
121,3,Verstappen (Red Bull),36.56603,109.56573,Rainy,0.8
121,4,Verstappen (Red Bull),37.62576,147.19149,Rainy,0.8
121,5,Verstappen (Red Bull),36.24371,183.4352,Rainy,0.8
121,1,Norris (McLaren),36.0181,36.0181,Rainy,0.8
121,2,Norris (McLaren),35.96845,71.98655,Rainy,0.8
121,3,Norris (McLaren),36.2076,108.19415,Rainy,0.8
121,4,Norris (McLaren),35.22105,143.41519,Rainy,0.8
121,5,Norris (McLaren),37.34075,180.75594,Rainy,0.8
122,1,Hamilton (Mercedes),37.74529,37.74529,Rainy,0.8
122,2,Hamilton (Mercedes),37.06527,74.81055,Rainy,0.8
122,3,Hamilton (Mercedes),36.72314,111.5337,Rainy,0.8
122,4,Hamilton (Mercedes),37.70602,149.23972,Rainy,0.8
122,5,Hamilton (Mercedes),36.87522,186.11495,Rainy,0.8
122,1,Verstappen (Red Bull),35.90119,35.90119,Rainy,0.8
122,2,Verstappen (Red Bull),35.73836,71.63954,Rainy,0.8
122,3,Verstappen (Red Bull),36.83359,108.47313,Rainy,0.8
122,4,Verstappen (Red Bull),36.1756,144.64874,Rainy,0.8
122,5,Verstappen (Red Bull),37.06084,181.70957,Rainy,0.8
122,1,Norris (McLaren),36.508,36.508,Rainy,0.8
122,2,Norris (McLaren),36.63509,73.14309,Rainy,0.8
122,3,Norris (McLaren),37.52204,110.66513,Rainy,0.8
122,4,Norris (McLaren),37.235,147.90012,Rainy,0.8
122,5,Norris (McLaren),36.03834,183.93846,Rainy,0.8
123,1,Hamilton (Mercedes),37.76744,37.76744,Rainy,0.8
123,2,Hamilton (Mercedes),37.58651,75.35395,Rainy,0.8
123,3,Hamilton (Mercedes),37.76917,113.12312,Rainy,0.8
123,4,Hamilton (Mercedes),36.79161,149.91474,Rainy,0.8
123,5,Hamilton (Mercedes),37.50295,187.41769,Rainy,0.8
123,1,Verstappen (Red Bull),36.20121,36.20121,Rainy,0.8
123,2,Verstappen (Red Bull),36.60514,72.80636,Rainy,0.8
123,3,Verstappen (Red Bull),35.68097,108.48732,Rainy,0.8
123,4,Verstappen (Red Bull),36.42253,144.90986,Rainy,0.8
123,5,Verstappen (Red Bull),36.68941,181.59926,Rainy,0.8
123,1,Norris (McLaren),38.07364,38.07364,Rainy,0.8
123,2,Norris (McLaren),37.15603,75.22967,Rainy,0.8
123,3,Norris (McLaren),36.66668,111.89635,Rainy,0.8
123,4,Norris (McLaren),37.36645,149.2628,Rainy,0.8
123,5,Norris (McLaren),36.99166,186.25446,Rainy,0.8
124,1,Hamilton (Mercedes),36.91179,36.91179,Rainy,0.8
124,2,Hamilton (Mercedes),36.71754,73.62933,Rainy,0.8
124,3,Hamilton (Mercedes),36.69206,110.3214,Rainy,0.8
124,4,Hamilton (Mercedes),35.95149,146.27289,Rainy,0.8
124,5,Hamilton (Mercedes),37.63788,183.91077,Rainy,0.8
124,1,Verstappen (Red Bull),35.89457,35.89457,Rainy,0.8
124,2,Verstappen (Red Bull),36.21618,72.11074,Rainy,0.8
124,3,Verstappen (Red Bull),35.92227,108.03301,Rainy,0.8
124,4,Verstappen (Red Bull),35.92053,143.95354,Rainy,0.8
124,5,Verstappen (Red Bull),36.21186,180.16541,Rainy,0.8
124,1,Norris (McLaren),36.13956,36.13956,Rainy,0.8
124,2,Norris (McLaren),37.00612,73.14568,Rainy,0.8
124,3,Norris (McLaren),35.42215,108.56783,Rainy,0.8
124,4,Norris (McLaren),36.13514,144.70297,Rainy,0.8
124,5,Norris (McLaren),36.79493,181.4979,Rainy,0.8
125,1,Hamilton (Mercedes),36.97117,36.97117,Rainy,0.8
125,2,Hamilton (Mercedes),36.83917,73.81034,Rainy,0.8
125,3,Hamilton (Mercedes),36.60799,110.41833,Rainy,0.8
125,4,Hamilton (Mercedes),36.14809,146.56643,Rainy,0.8
125,5,Hamilton (Mercedes),37.03055,183.59698,Rainy,0.8
125,1,Verstappen (Red Bull),35.97115,35.97115,Rainy,0.8
125,2,Verstappen (Red Bull),37.20206,73.17321,Rainy,0.8
125,3,Verstappen (Red Bull),36.31611,109.48932,Rainy,0.8
125,4,Verstappen (Red Bull),35.35533,144.84465,Rainy,0.8
125,5,Verstappen (Red Bull),36.83378,181.67843,Rainy,0.8
125,1,Norris (McLaren),36.91295,36.91295,Rainy,0.8
125,2,Norris (McLaren),36.24357,73.15651,Rainy,0.8
125,3,Norris (McLaren),37.52154,110.67805,Rainy,0.8
125,4,Norris (McLaren),35.48823,146.16628,Rainy,0.8
125,5,Norris (McLaren),36.3694,182.53568,Rainy,0.8
126,1,Hamilton (Mercedes),36.72887,36.72887,Rainy,0.8
126,2,Hamilton (Mercedes),36.57528,73.30416,Rainy,0.8
126,3,Hamilton (Mercedes),37.84004,111.1442,Rainy,0.8
126,4,Hamilton (Mercedes),36.11651,147.26071,Rainy,0.8
126,5,Hamilton (Mercedes),37.64441,184.90512,Rainy,0.8
126,1,Verstappen (Red Bull),36.80278,36.80278,Rainy,0.8
126,2,Verstappen (Red Bull),35.90524,72.70801,Rainy,0.8
126,3,Verstappen (Red Bull),36.13972,108.84773,Rainy,0.8
126,4,Verstappen (Red Bull),36.21815,145.06588,Rainy,0.8
126,5,Verstappen (Red Bull),36.53552,181.60141,Rainy,0.8
126,1,Norris (McLaren),36.23297,36.23297,Rainy,0.8
126,2,Norris (McLaren),36.1308,72.36377,Rainy,0.8
126,3,Norris (McLaren),36.07488,108.43865,Rainy,0.8
126,4,Norris (McLaren),35.71706,144.15571,Rainy,0.8
126,5,Norris (McLaren),36.05172,180.20743,Rainy,0.8
127,1,Hamilton (Mercedes),36.78688,36.78688,Rainy,0.8
127,2,Hamilton (Mercedes),37.22592,74.0128,Rainy,0.8
127,3,Hamilton (Mercedes),35.60264,109.61544,Rainy,0.8
127,4,Hamilton (Mercedes),36.84019,146.45564,Rainy,0.8
127,5,Hamilton (Mercedes),36.41152,182.86715,Rainy,0.8
127,1,Verstappen (Red Bull),36.11705,36.11705,Rainy,0.8
127,2,Verstappen (Red Bull),37.07865,73.19569,Rainy,0.8
127,3,Verstappen (Red Bull),36.80336,109.99906,Rainy,0.8
127,4,Verstappen (Red Bull),36.56573,146.56479,Rainy,0.8
127,5,Verstappen (Red Bull),36.45844,183.02323,Rainy,0.8
127,1,Norris (McLaren),36.33322,36.33322,Rainy,0.8
127,2,Norris (McLaren),36.50608,72.8393,Rainy,0.8
127,3,Norris (McLaren),36.29603,109.13532,Rainy,0.8
127,4,Norris (McLaren),36.30625,145.44157,Rainy,0.8
127,5,Norris (McLaren),36.6537,182.09528,Rainy,0.8
128,1,Hamilton (Mercedes),36.81685,36.81685,Rainy,0.8
128,2,Hamilton (Mercedes),36.97505,73.7919,Rainy,0.8
128,3,Hamilton (Mercedes),36.49286,110.28476,Rainy,0.8
128,4,Hamilton (Mercedes),36.70529,146.99005,Rainy,0.8
128,5,Hamilton (Mercedes),36.74534,183.7354,Rainy,0.8
128,1,Verstappen (Red Bull),36.09376,36.09376,Rainy,0.8
128,2,Verstappen (Red Bull),35.85758,71.95134,Rainy,0.8
128,3,Verstappen (Red Bull),36.97033,108.92167,Rainy,0.8
128,4,Verstappen (Red Bull),36.805,145.72667,Rainy,0.8
128,5,Verstappen (Red Bull),36.07825,181.80492,Rainy,0.8
128,1,Norris (McLaren),36.47695,36.47695,Rainy,0.8
128,2,Norris (McLaren),35.14437,71.62131,Rainy,0.8
128,3,Norris (McLaren),37.13734,108.75866,Rainy,0.8
128,4,Norris (McLaren),36.71195,145.47061,Rainy,0.8
128,5,Norris (McLaren),36.64504,182.11565,Rainy,0.8
129,1,Hamilton (Mercedes),37.46144,37.46144,Rainy,0.8
129,2,Hamilton (Mercedes),36.70102,74.16246,Rainy,0.8
129,3,Hamilton (Mercedes),37.25339,111.41585,Rainy,0.8
129,4,Hamilton (Mercedes),35.99665,147.4125,Rainy,0.8
129,5,Hamilton (Mercedes),38.03392,185.44642,Rainy,0.8
129,1,Verstappen (Red Bull),36.21749,36.21749,Rainy,0.8
129,2,Verstappen (Red Bull),35.21537,71.43287,Rainy,0.8
129,3,Verstappen (Red Bull),36.31005,107.74292,Rainy,0.8
129,4,Verstappen (Red Bull),37.43559,145.17851,Rainy,0.8
129,5,Verstappen (Red Bull),35.50061,180.67912,Rainy,0.8
129,1,Norris (McLaren),36.84533,36.84533,Rainy,0.8
129,2,Norris (McLaren),37.39191,74.23725,Rainy,0.8
129,3,Norris (McLaren),34.95808,109.19533,Rainy,0.8
129,4,Norris (McLaren),36.54369,145.73902,Rainy,0.8
129,5,Norris (McLaren),37.04861,182.78763,Rainy,0.8
130,1,Hamilton (Mercedes),37.07084,37.07084,Rainy,0.8
130,2,Hamilton (Mercedes),37.4724,74.54324,Rainy,0.8
130,3,Hamilton (Mercedes),36.92716,111.4704,Rainy,0.8
130,4,Hamilton (Mercedes),37.59982,149.07022,Rainy,0.8
130,5,Hamilton (Mercedes),37.08239,186.15261,Rainy,0.8
130,1,Verstappen (Red Bull),36.25501,36.25501,Rainy,0.8
130,2,Verstappen (Red Bull),35.48028,71.73529,Rainy,0.8
130,3,Verstappen (Red Bull),36.7931,108.52839,Rainy,0.8
130,4,Verstappen (Red Bull),36.49838,145.02678,Rainy,0.8
130,5,Verstappen (Red Bull),36.70686,181.73364,Rainy,0.8
130,1,Norris (McLaren),37.06496,37.06496,Rainy,0.8
130,2,Norris (McLaren),36.55188,73.61685,Rainy,0.8
130,3,Norris (McLaren),35.05536,108.67221,Rainy,0.8
130,4,Norris (McLaren),36.73901,145.41121,Rainy,0.8
130,5,Norris (McLaren),35.72657,181.13778,Rainy,0.8
131,1,Hamilton (Mercedes),36.72518,36.72518,Rainy,0.8
131,2,Hamilton (Mercedes),37.34537,74.07055,Rainy,0.8
131,3,Hamilton (Mercedes),37.33579,111.40634,Rainy,0.8
131,4,Hamilton (Mercedes),36.62455,148.0309,Rainy,0.8
131,5,Hamilton (Mercedes),37.19195,185.22285,Rainy,0.8
131,1,Verstappen (Red Bull),36.05864,36.05864,Rainy,0.8
131,2,Verstappen (Red Bull),36.8721,72.93074,Rainy,0.8
131,3,Verstappen (Red Bull),36.62158,109.55232,Rainy,0.8
131,4,Verstappen (Red Bull),36.1265,145.67882,Rainy,0.8
131,5,Verstappen (Red Bull),36.70977,182.38859,Rainy,0.8
131,1,Norris (McLaren),36.00046,36.00046,Rainy,0.8
131,2,Norris (McLaren),35.4796,71.48006,Rainy,0.8
131,3,Norris (McLaren),36.91977,108.39984,Rainy,0.8
131,4,Norris (McLaren),36.49269,144.89253,Rainy,0.8
131,5,Norris (McLaren),35.73344,180.62596,Rainy,0.8
132,1,Hamilton (Mercedes),37.15626,37.15626,Rainy,0.8
132,2,Hamilton (Mercedes),36.91089,74.06715,Rainy,0.8
132,3,Hamilton (Mercedes),36.96055,111.0277,Rainy,0.8
132,4,Hamilton (Mercedes),36.35171,147.37941,Rainy,0.8
132,5,Hamilton (Mercedes),37.5545,184.93391,Rainy,0.8
132,1,Verstappen (Red Bull),36.41357,36.41357,Rainy,0.8
132,2,Verstappen (Red Bull),36.73717,73.15074,Rainy,0.8
132,3,Verstappen (Red Bull),35.34017,108.49091,Rainy,0.8
132,4,Verstappen (Red Bull),36.97651,145.46742,Rainy,0.8
132,5,Verstappen (Red Bull),36.94429,182.41172,Rainy,0.8
132,1,Norris (McLaren),36.33504,36.33504,Rainy,0.8
132,2,Norris (McLaren),36.87102,73.20606,Rainy,0.8
132,3,Norris (McLaren),37.80775,111.01381,Rainy,0.8
132,4,Norris (McLaren),37.25162,148.26543,Rainy,0.8
132,5,Norris (McLaren),36.4266,184.69203,Rainy,0.8
133,1,Hamilton (Mercedes),36.91958,36.91958,Rainy,0.8
133,2,Hamilton (Mercedes),36.76414,73.68372,Rainy,0.8
133,3,Hamilton (Mercedes),36.9216,110.60533,Rainy,0.8
133,4,Hamilton (Mercedes),36.24435,146.84968,Rainy,0.8
133,5,Hamilton (Mercedes),36.60377,183.45345,Rainy,0.8
133,1,Verstappen (Red Bull),37.06938,37.06938,Rainy,0.8
133,2,Verstappen (Red Bull),36.47378,73.54316,Rainy,0.8
133,3,Verstappen (Red Bull),37.64486,111.18802,Rainy,0.8
133,4,Verstappen (Red Bull),35.62319,146.81122,Rainy,0.8
133,5,Verstappen (Red Bull),36.1729,182.98412,Rainy,0.8
133,1,Norris (McLaren),36.72019,36.72019,Rainy,0.8
133,2,Norris (McLaren),36.25724,72.97743,Rainy,0.8
133,3,Norris (McLaren),36.43806,109.41549,Rainy,0.8
133,4,Norris (McLaren),35.58946,145.00495,Rainy,0.8
133,5,Norris (McLaren),36.23114,181.2361,Rainy,0.8
134,1,Hamilton (Mercedes),36.47716,36.47716,Rainy,0.8
134,2,Hamilton (Mercedes),37.10672,73.58388,Rainy,0.8
134,3,Hamilton (Mercedes),37.26857,110.85245,Rainy,0.8
134,4,Hamilton (Mercedes),36.84302,147.69547,Rainy,0.8
134,5,Hamilton (Mercedes),36.42002,184.11548,Rainy,0.8
134,1,Verstappen (Red Bull),36.88246,36.88246,Rainy,0.8
134,2,Verstappen (Red Bull),35.25623,72.13869,Rainy,0.8
134,3,Verstappen (Red Bull),35.96082,108.09951,Rainy,0.8
134,4,Verstappen (Red Bull),37.09607,145.19557,Rainy,0.8
134,5,Verstappen (Red Bull),37.16214,182.35771,Rainy,0.8
134,1,Norris (McLaren),36.53284,36.53284,Rainy,0.8
134,2,Norris (McLaren),36.45786,72.99071,Rainy,0.8
134,3,Norris (McLaren),36.21662,109.20732,Rainy,0.8
134,4,Norris (McLaren),37.45187,146.65919,Rainy,0.8
134,5,Norris (McLaren),36.01431,182.67351,Rainy,0.8
135,1,Hamilton (Mercedes),36.61388,36.61388,Rainy,0.8
135,2,Hamilton (Mercedes),36.33951,72.95339,Rainy,0.8
135,3,Hamilton (Mercedes),36.97077,109.92416,Rainy,0.8
135,4,Hamilton (Mercedes),36.78216,146.70631,Rainy,0.8
135,5,Hamilton (Mercedes),36.46684,183.17315,Rainy,0.8
135,1,Verstappen (Red Bull),36.90402,36.90402,Rainy,0.8
135,2,Verstappen (Red Bull),36.21964,73.12365,Rainy,0.8
135,3,Verstappen (Red Bull),36.43958,109.56323,Rainy,0.8
135,4,Verstappen (Red Bull),36.41644,145.97967,Rainy,0.8
135,5,Verstappen (Red Bull),36.06905,182.04872,Rainy,0.8
135,1,Norris (McLaren),35.69804,35.69804,Rainy,0.8
135,2,Norris (McLaren),36.39805,72.09608,Rainy,0.8
135,3,Norris (McLaren),37.19428,109.29036,Rainy,0.8
135,4,Norris (McLaren),36.85948,146.14984,Rainy,0.8
135,5,Norris (McLaren),37.72007,183.86991,Rainy,0.8
136,1,Hamilton (Mercedes),36.95109,36.95109,Rainy,0.8
136,2,Hamilton (Mercedes),36.95311,73.9042,Rainy,0.8
136,3,Hamilton (Mercedes),36.31046,110.21465,Rainy,0.8
136,4,Hamilton (Mercedes),36.5951,146.80975,Rainy,0.8
136,5,Hamilton (Mercedes),35.88882,182.69858,Rainy,0.8
136,1,Verstappen (Red Bull),37.59978,37.59978,Rainy,0.8
136,2,Verstappen (Red Bull),35.78128,73.38106,Rainy,0.8
136,3,Verstappen (Red Bull),36.38956,109.77062,Rainy,0.8
136,4,Verstappen (Red Bull),36.50765,146.27827,Rainy,0.8
136,5,Verstappen (Red Bull),36.91313,183.1914,Rainy,0.8
136,1,Norris (McLaren),35.80773,35.80773,Rainy,0.8
136,2,Norris (McLaren),36.52241,72.33015,Rainy,0.8
136,3,Norris (McLaren),37.49496,109.82511,Rainy,0.8
136,4,Norris (McLaren),36.04674,145.87185,Rainy,0.8
136,5,Norris (McLaren),36.18891,182.06076,Rainy,0.8
137,1,Hamilton (Mercedes),36.77801,36.77801,Rainy,0.8
137,2,Hamilton (Mercedes),36.49839,73.2764,Rainy,0.8
137,3,Hamilton (Mercedes),36.51241,109.78881,Rainy,0.8
137,4,Hamilton (Mercedes),37.02663,146.81544,Rainy,0.8
137,5,Hamilton (Mercedes),38.01368,184.82912,Rainy,0.8
137,1,Verstappen (Red Bull),36.04757,36.04757,Rainy,0.8
137,2,Verstappen (Red Bull),35.79362,71.8412,Rainy,0.8
137,3,Verstappen (Red Bull),36.66331,108.50451,Rainy,0.8
137,4,Verstappen (Red Bull),36.83377,145.33828,Rainy,0.8
137,5,Verstappen (Red Bull),36.87962,182.2179,Rainy,0.8
137,1,Norris (McLaren),37.83539,37.83539,Rainy,0.8
137,2,Norris (McLaren),37.35017,75.18556,Rainy,0.8
137,3,Norris (McLaren),37.31657,112.50213,Rainy,0.8
137,4,Norris (McLaren),35.70045,148.20258,Rainy,0.8
137,5,Norris (McLaren),36.9291,185.13168,Rainy,0.8
138,1,Hamilton (Mercedes),37.42731,37.42731,Rainy,0.8
138,2,Hamilton (Mercedes),37.02481,74.45212,Rainy,0.8
138,3,Hamilton (Mercedes),36.30638,110.7585,Rainy,0.8
138,4,Hamilton (Mercedes),38.02059,148.77909,Rainy,0.8
138,5,Hamilton (Mercedes),37.81599,186.59508,Rainy,0.8
138,1,Verstappen (Red Bull),37.2243,37.2243,Rainy,0.8
138,2,Verstappen (Red Bull),36.18659,73.41088,Rainy,0.8
138,3,Verstappen (Red Bull),35.56441,108.97529,Rainy,0.8
138,4,Verstappen (Red Bull),36.70934,145.68463,Rainy,0.8
138,5,Verstappen (Red Bull),36.11055,181.79518,Rainy,0.8
138,1,Norris (McLaren),36.94949,36.94949,Rainy,0.8
138,2,Norris (McLaren),36.90368,73.85317,Rainy,0.8
138,3,Norris (McLaren),36.10252,109.95569,Rainy,0.8
138,4,Norris (McLaren),36.14031,146.09601,Rainy,0.8
138,5,Norris (McLaren),37.19078,183.28679,Rainy,0.8
139,1,Hamilton (Mercedes),36.48408,36.48408,Rainy,0.8
139,2,Hamilton (Mercedes),36.43727,72.92135,Rainy,0.8
139,3,Hamilton (Mercedes),36.5991,109.52046,Rainy,0.8
139,4,Hamilton (Mercedes),36.44195,145.9624,Rainy,0.8
139,5,Hamilton (Mercedes),36.21853,182.18093,Rainy,0.8
139,1,Verstappen (Red Bull),36.9774,36.9774,Rainy,0.8
139,2,Verstappen (Red Bull),36.1197,73.0971,Rainy,0.8
139,3,Verstappen (Red Bull),36.74356,109.84065,Rainy,0.8
139,4,Verstappen (Red Bull),36.10521,145.94586,Rainy,0.8
139,5,Verstappen (Red Bull),35.97721,181.92308,Rainy,0.8
139,1,Norris (McLaren),36.18004,36.18004,Rainy,0.8
139,2,Norris (McLaren),35.59997,71.78001,Rainy,0.8
139,3,Norris (McLaren),37.15363,108.93365,Rainy,0.8
139,4,Norris (McLaren),37.35595,146.2896,Rainy,0.8
139,5,Norris (McLaren),36.17982,182.46942,Rainy,0.8
140,1,Hamilton (Mercedes),36.72341,36.72341,Rainy,0.8
140,2,Hamilton (Mercedes),36.35926,73.08267,Rainy,0.8
140,3,Hamilton (Mercedes),36.57475,109.65741,Rainy,0.8
140,4,Hamilton (Mercedes),37.00988,146.6673,Rainy,0.8
140,5,Hamilton (Mercedes),36.53662,183.20392,Rainy,0.8
140,1,Verstappen (Red Bull),36.25547,36.25547,Rainy,0.8
140,2,Verstappen (Red Bull),35.68228,71.93775,Rainy,0.8
140,3,Verstappen (Red Bull),36.32491,108.26266,Rainy,0.8
140,4,Verstappen (Red Bull),35.59533,143.85799,Rainy,0.8
140,5,Verstappen (Red Bull),36.18058,180.03857,Rainy,0.8
140,1,Norris (McLaren),36.16876,36.16876,Rainy,0.8
140,2,Norris (McLaren),37.04802,73.21678,Rainy,0.8
140,3,Norris (McLaren),36.0916,109.30838,Rainy,0.8
140,4,Norris (McLaren),37.24669,146.55507,Rainy,0.8
140,5,Norris (McLaren),36.42957,182.98464,Rainy,0.8
141,1,Hamilton (Mercedes),37.83702,37.83702,Rainy,0.8
141,2,Hamilton (Mercedes),36.66759,74.50461,Rainy,0.8
141,3,Hamilton (Mercedes),36.9801,111.48471,Rainy,0.8
141,4,Hamilton (Mercedes),36.62999,148.11469,Rainy,0.8
141,5,Hamilton (Mercedes),36.40845,184.52315,Rainy,0.8
141,1,Verstappen (Red Bull),37.13347,37.13347,Rainy,0.8
141,2,Verstappen (Red Bull),36.92338,74.05684,Rainy,0.8
141,3,Verstappen (Red Bull),35.46712,109.52397,Rainy,0.8
141,4,Verstappen (Red Bull),37.23405,146.75802,Rainy,0.8
141,5,Verstappen (Red Bull),36.20554,182.96356,Rainy,0.8
141,1,Norris (McLaren),35.87622,35.87622,Rainy,0.8
141,2,Norris (McLaren),36.71362,72.58983,Rainy,0.8
141,3,Norris (McLaren),36.31895,108.90878,Rainy,0.8
141,4,Norris (McLaren),37.1414,146.05018,Rainy,0.8
141,5,Norris (McLaren),37.01423,183.06441,Rainy,0.8
142,1,Hamilton (Mercedes),37.0739,37.0739,Rainy,0.8
142,2,Hamilton (Mercedes),37.51235,74.58625,Rainy,0.8
142,3,Hamilton (Mercedes),36.18396,110.7702,Rainy,0.8
142,4,Hamilton (Mercedes),36.69911,147.46932,Rainy,0.8
142,5,Hamilton (Mercedes),36.98331,184.45262,Rainy,0.8
142,1,Verstappen (Red Bull),36.44396,36.44396,Rainy,0.8
142,2,Verstappen (Red Bull),36.26994,72.7139,Rainy,0.8
142,3,Verstappen (Red Bull),36.39708,109.11098,Rainy,0.8
142,4,Verstappen (Red Bull),36.87382,145.9848,Rainy,0.8
142,5,Verstappen (Red Bull),36.34667,182.33147,Rainy,0.8
142,1,Norris (McLaren),37.79928,37.79928,Rainy,0.8
142,2,Norris (McLaren),36.31686,74.11614,Rainy,0.8
142,3,Norris (McLaren),37.13176,111.2479,Rainy,0.8
142,4,Norris (McLaren),36.82079,148.06868,Rainy,0.8
142,5,Norris (McLaren),36.0582,184.12688,Rainy,0.8
143,1,Hamilton (Mercedes),36.99087,36.99087,Rainy,0.8
143,2,Hamilton (Mercedes),37.44935,74.44022,Rainy,0.8
143,3,Hamilton (Mercedes),36.51838,110.9586,Rainy,0.8
143,4,Hamilton (Mercedes),37.55161,148.5102,Rainy,0.8
143,5,Hamilton (Mercedes),36.9382,185.4484,Rainy,0.8
143,1,Verstappen (Red Bull),36.20742,36.20742,Rainy,0.8
143,2,Verstappen (Red Bull),36.13805,72.34546,Rainy,0.8
143,3,Verstappen (Red Bull),36.33788,108.68335,Rainy,0.8
143,4,Verstappen (Red Bull),36.67834,145.36169,Rainy,0.8
143,5,Verstappen (Red Bull),35.42036,180.78205,Rainy,0.8
143,1,Norris (McLaren),37.2944,37.2944,Rainy,0.8
143,2,Norris (McLaren),37.03115,74.32555,Rainy,0.8
143,3,Norris (McLaren),36.80848,111.13403,Rainy,0.8
143,4,Norris (McLaren),36.36818,147.5022,Rainy,0.8
143,5,Norris (McLaren),36.05198,183.55418,Rainy,0.8
144,1,Hamilton (Mercedes),36.59397,36.59397,Rainy,0.8
144,2,Hamilton (Mercedes),37.22138,73.81536,Rainy,0.8
144,3,Hamilton (Mercedes),37.80509,111.62045,Rainy,0.8
144,4,Hamilton (Mercedes),36.16183,147.78227,Rainy,0.8
144,5,Hamilton (Mercedes),36.17954,183.96181,Rainy,0.8
144,1,Verstappen (Red Bull),36.50896,36.50896,Rainy,0.8
144,2,Verstappen (Red Bull),36.4469,72.95586,Rainy,0.8
144,3,Verstappen (Red Bull),36.4932,109.44906,Rainy,0.8
144,4,Verstappen (Red Bull),36.34158,145.79064,Rainy,0.8
144,5,Verstappen (Red Bull),36.19695,181.98759,Rainy,0.8
144,1,Norris (McLaren),36.44426,36.44426,Rainy,0.8
144,2,Norris (McLaren),36.56169,73.00595,Rainy,0.8
144,3,Norris (McLaren),37.14408,110.15003,Rainy,0.8
144,4,Norris (McLaren),36.99346,147.14349,Rainy,0.8
144,5,Norris (McLaren),37.10721,184.2507,Rainy,0.8
145,1,Hamilton (Mercedes),36.93557,36.93557,Rainy,0.8
145,2,Hamilton (Mercedes),36.79535,73.73092,Rainy,0.8
145,3,Hamilton (Mercedes),36.79103,110.52194,Rainy,0.8
145,4,Hamilton (Mercedes),36.93499,147.45693,Rainy,0.8
145,5,Hamilton (Mercedes),37.40477,184.8617,Rainy,0.8
145,1,Verstappen (Red Bull),36.21049,36.21049,Rainy,0.8
145,2,Verstappen (Red Bull),35.69167,71.90216,Rainy,0.8
145,3,Verstappen (Red Bull),36.57388,108.47604,Rainy,0.8
145,4,Verstappen (Red Bull),36.30132,144.77736,Rainy,0.8
145,5,Verstappen (Red Bull),36.18661,180.96397,Rainy,0.8
145,1,Norris (McLaren),36.43738,36.43738,Rainy,0.8
145,2,Norris (McLaren),36.54448,72.98186,Rainy,0.8
145,3,Norris (McLaren),36.87343,109.85529,Rainy,0.8
145,4,Norris (McLaren),36.58417,146.43946,Rainy,0.8
145,5,Norris (McLaren),35.76324,182.2027,Rainy,0.8
146,1,Hamilton (Mercedes),36.87746,36.87746,Rainy,0.8
146,2,Hamilton (Mercedes),37.00829,73.88575,Rainy,0.8
146,3,Hamilton (Mercedes),37.46925,111.355,Rainy,0.8
146,4,Hamilton (Mercedes),37.02073,148.37573,Rainy,0.8
146,5,Hamilton (Mercedes),36.97803,185.35375,Rainy,0.8
146,1,Verstappen (Red Bull),36.59511,36.59511,Rainy,0.8
146,2,Verstappen (Red Bull),36.63325,73.22836,Rainy,0.8
146,3,Verstappen (Red Bull),36.69544,109.9238,Rainy,0.8
146,4,Verstappen (Red Bull),36.44402,146.36782,Rainy,0.8
146,5,Verstappen (Red Bull),36.27835,182.64616,Rainy,0.8
146,1,Norris (McLaren),35.63502,35.63502,Rainy,0.8
146,2,Norris (McLaren),35.87138,71.5064,Rainy,0.8
146,3,Norris (McLaren),36.77772,108.28412,Rainy,0.8
146,4,Norris (McLaren),35.31079,143.59491,Rainy,0.8
146,5,Norris (McLaren),36.22862,179.82353,Rainy,0.8
147,1,Hamilton (Mercedes),36.6356,36.6356,Rainy,0.8
147,2,Hamilton (Mercedes),36.46135,73.09695,Rainy,0.8
147,3,Hamilton (Mercedes),36.71627,109.81322,Rainy,0.8
147,4,Hamilton (Mercedes),36.96609,146.77931,Rainy,0.8
147,5,Hamilton (Mercedes),37.7313,184.51061,Rainy,0.8
147,1,Verstappen (Red Bull),36.35994,36.35994,Rainy,0.8
147,2,Verstappen (Red Bull),36.05922,72.41916,Rainy,0.8
147,3,Verstappen (Red Bull),35.94457,108.36373,Rainy,0.8
147,4,Verstappen (Red Bull),36.09833,144.46206,Rainy,0.8
147,5,Verstappen (Red Bull),36.62675,181.08882,Rainy,0.8
147,1,Norris (McLaren),36.471,36.471,Rainy,0.8
147,2,Norris (McLaren),37.27771,73.74872,Rainy,0.8
147,3,Norris (McLaren),36.59743,110.34615,Rainy,0.8
147,4,Norris (McLaren),35.84221,146.18836,Rainy,0.8
147,5,Norris (McLaren),35.99782,182.18618,Rainy,0.8
148,1,Hamilton (Mercedes),36.79433,36.79433,Rainy,0.8
148,2,Hamilton (Mercedes),38.02448,74.81881,Rainy,0.8
148,3,Hamilton (Mercedes),37.24,112.05881,Rainy,0.8
148,4,Hamilton (Mercedes),37.21922,149.27803,Rainy,0.8
148,5,Hamilton (Mercedes),37.17584,186.45387,Rainy,0.8
148,1,Verstappen (Red Bull),36.93767,36.93767,Rainy,0.8
148,2,Verstappen (Red Bull),34.95646,71.89413,Rainy,0.8
148,3,Verstappen (Red Bull),36.38113,108.27526,Rainy,0.8
148,4,Verstappen (Red Bull),36.64458,144.91983,Rainy,0.8
148,5,Verstappen (Red Bull),36.19229,181.11212,Rainy,0.8
148,1,Norris (McLaren),36.29831,36.29831,Rainy,0.8
148,2,Norris (McLaren),37.23243,73.53074,Rainy,0.8
148,3,Norris (McLaren),36.52347,110.05422,Rainy,0.8
148,4,Norris (McLaren),36.33037,146.38459,Rainy,0.8
148,5,Norris (McLaren),36.77261,183.1572,Rainy,0.8
149,1,Hamilton (Mercedes),37.1894,37.1894,Rainy,0.8
149,2,Hamilton (Mercedes),36.62746,73.81686,Rainy,0.8
149,3,Hamilton (Mercedes),37.60647,111.42333,Rainy,0.8
149,4,Hamilton (Mercedes),36.67619,148.09953,Rainy,0.8
149,5,Hamilton (Mercedes),37.20728,185.3068,Rainy,0.8
149,1,Verstappen (Red Bull),35.50235,35.50235,Rainy,0.8
149,2,Verstappen (Red Bull),36.20998,71.71233,Rainy,0.8
149,3,Verstappen (Red Bull),36.15872,107.87105,Rainy,0.8
149,4,Verstappen (Red Bull),35.73502,143.60606,Rainy,0.8
149,5,Verstappen (Red Bull),36.75836,180.36443,Rainy,0.8
149,1,Norris (McLaren),37.30051,37.30051,Rainy,0.8
149,2,Norris (McLaren),36.46424,73.76475,Rainy,0.8
149,3,Norris (McLaren),35.61022,109.37497,Rainy,0.8
149,4,Norris (McLaren),36.70046,146.07543,Rainy,0.8
149,5,Norris (McLaren),37.53954,183.61497,Rainy,0.8
150,1,Hamilton (Mercedes),36.80395,36.80395,Rainy,0.8
150,2,Hamilton (Mercedes),36.91863,73.72258,Rainy,0.8
150,3,Hamilton (Mercedes),37.18499,110.90757,Rainy,0.8
150,4,Hamilton (Mercedes),36.14487,147.05244,Rainy,0.8
150,5,Hamilton (Mercedes),37.04486,184.0973,Rainy,0.8
150,1,Verstappen (Red Bull),36.82547,36.82547,Rainy,0.8
150,2,Verstappen (Red Bull),36.57074,73.39621,Rainy,0.8
150,3,Verstappen (Red Bull),36.60728,110.00349,Rainy,0.8
150,4,Verstappen (Red Bull),36.26182,146.26531,Rainy,0.8
150,5,Verstappen (Red Bull),37.11273,183.37805,Rainy,0.8
150,1,Norris (McLaren),35.14221,35.14221,Rainy,0.8
150,2,Norris (McLaren),35.95545,71.09766,Rainy,0.8
150,3,Norris (McLaren),37.26699,108.36465,Rainy,0.8
150,4,Norris (McLaren),36.7443,145.10895,Rainy,0.8
150,5,Norris (McLaren),36.64303,181.75198,Rainy,0.8
151,1,Hamilton (Mercedes),36.21883,36.21883,Rainy,0.8
151,2,Hamilton (Mercedes),36.17666,72.39549,Rainy,0.8
151,3,Hamilton (Mercedes),36.77482,109.17031,Rainy,0.8
151,4,Hamilton (Mercedes),36.78068,145.951,Rainy,0.8
151,5,Hamilton (Mercedes),37.39199,183.34299,Rainy,0.8
151,1,Verstappen (Red Bull),35.47286,35.47286,Rainy,0.8
151,2,Verstappen (Red Bull),36.29448,71.76734,Rainy,0.8
151,3,Verstappen (Red Bull),36.56132,108.32867,Rainy,0.8
151,4,Verstappen (Red Bull),35.94374,144.2724,Rainy,0.8
151,5,Verstappen (Red Bull),36.32627,180.59868,Rainy,0.8
151,1,Norris (McLaren),35.94167,35.94167,Rainy,0.8
151,2,Norris (McLaren),36.89684,72.83852,Rainy,0.8
151,3,Norris (McLaren),35.92725,108.76577,Rainy,0.8
151,4,Norris (McLaren),36.20074,144.96651,Rainy,0.8
151,5,Norris (McLaren),35.47108,180.43759,Rainy,0.8
152,1,Hamilton (Mercedes),36.84485,36.84485,Rainy,0.8
152,2,Hamilton (Mercedes),36.98709,73.83194,Rainy,0.8
152,3,Hamilton (Mercedes),36.83785,110.66979,Rainy,0.8
152,4,Hamilton (Mercedes),36.43445,147.10424,Rainy,0.8
152,5,Hamilton (Mercedes),37.3077,184.41193,Rainy,0.8
152,1,Verstappen (Red Bull),35.59479,35.59479,Rainy,0.8
152,2,Verstappen (Red Bull),36.68051,72.2753,Rainy,0.8
152,3,Verstappen (Red Bull),35.7569,108.0322,Rainy,0.8
152,4,Verstappen (Red Bull),36.07959,144.11178,Rainy,0.8
152,5,Verstappen (Red Bull),37.15469,181.26647,Rainy,0.8
152,1,Norris (McLaren),36.32866,36.32866,Rainy,0.8
152,2,Norris (McLaren),35.87575,72.20441,Rainy,0.8
152,3,Norris (McLaren),37.09106,109.29547,Rainy,0.8
152,4,Norris (McLaren),36.12385,145.41932,Rainy,0.8
152,5,Norris (McLaren),35.00962,180.42893,Rainy,0.8
153,1,Hamilton (Mercedes),36.5764,36.5764,Rainy,0.8
153,2,Hamilton (Mercedes),36.05007,72.62647,Rainy,0.8
153,3,Hamilton (Mercedes),36.32986,108.95632,Rainy,0.8
153,4,Hamilton (Mercedes),37.14965,146.10597,Rainy,0.8
153,5,Hamilton (Mercedes),37.07905,183.18502,Rainy,0.8
153,1,Verstappen (Red Bull),36.71364,36.71364,Rainy,0.8
153,2,Verstappen (Red Bull),36.06586,72.7795,Rainy,0.8
153,3,Verstappen (Red Bull),36.20052,108.98002,Rainy,0.8
153,4,Verstappen (Red Bull),37.32398,146.30399,Rainy,0.8
153,5,Verstappen (Red Bull),36.32444,182.62843,Rainy,0.8
153,1,Norris (McLaren),35.9476,35.9476,Rainy,0.8
153,2,Norris (McLaren),37.35432,73.30192,Rainy,0.8
153,3,Norris (McLaren),36.83813,110.14005,Rainy,0.8
153,4,Norris (McLaren),35.84,145.98006,Rainy,0.8
153,5,Norris (McLaren),36.94325,182.9233,Rainy,0.8
154,1,Hamilton (Mercedes),36.76753,36.76753,Rainy,0.8
154,2,Hamilton (Mercedes),36.65879,73.42632,Rainy,0.8
154,3,Hamilton (Mercedes),37.04134,110.46766,Rainy,0.8
154,4,Hamilton (Mercedes),36.64122,147.10888,Rainy,0.8
154,5,Hamilton (Mercedes),37.8301,184.93898,Rainy,0.8
154,1,Verstappen (Red Bull),36.34462,36.34462,Rainy,0.8
154,2,Verstappen (Red Bull),35.64529,71.98991,Rainy,0.8
154,3,Verstappen (Red Bull),37.18409,109.174,Rainy,0.8
154,4,Verstappen (Red Bull),35.81554,144.98954,Rainy,0.8
154,5,Verstappen (Red Bull),36.77739,181.76693,Rainy,0.8
154,1,Norris (McLaren),35.21313,35.21313,Rainy,0.8
154,2,Norris (McLaren),35.80269,71.01582,Rainy,0.8
154,3,Norris (McLaren),36.54286,107.55867,Rainy,0.8
154,4,Norris (McLaren),36.46517,144.02384,Rainy,0.8
154,5,Norris (McLaren),36.46591,180.48975,Rainy,0.8
155,1,Hamilton (Mercedes),36.75652,36.75652,Rainy,0.8
155,2,Hamilton (Mercedes),36.33941,73.09593,Rainy,0.8
155,3,Hamilton (Mercedes),37.21006,110.306,Rainy,0.8
155,4,Hamilton (Mercedes),37.36746,147.67345,Rainy,0.8
155,5,Hamilton (Mercedes),37.1672,184.84065,Rainy,0.8
155,1,Verstappen (Red Bull),36.97283,36.97283,Rainy,0.8
155,2,Verstappen (Red Bull),36.35651,73.32934,Rainy,0.8
155,3,Verstappen (Red Bull),36.97693,110.30627,Rainy,0.8
155,4,Verstappen (Red Bull),36.45456,146.76083,Rainy,0.8
155,5,Verstappen (Red Bull),36.54555,183.30639,Rainy,0.8
155,1,Norris (McLaren),36.86315,36.86315,Rainy,0.8
155,2,Norris (McLaren),36.18166,73.04481,Rainy,0.8
155,3,Norris (McLaren),36.75447,109.79928,Rainy,0.8
155,4,Norris (McLaren),37.63453,147.43381,Rainy,0.8
155,5,Norris (McLaren),37.50158,184.93539,Rainy,0.8
156,1,Hamilton (Mercedes),36.72035,36.72035,Rainy,0.8
156,2,Hamilton (Mercedes),37.73048,74.45083,Rainy,0.8
156,3,Hamilton (Mercedes),36.5384,110.98923,Rainy,0.8
156,4,Hamilton (Mercedes),37.32786,148.31709,Rainy,0.8
156,5,Hamilton (Mercedes),37.27892,185.59601,Rainy,0.8
156,1,Verstappen (Red Bull),36.65668,36.65668,Rainy,0.8
156,2,Verstappen (Red Bull),36.08581,72.74249,Rainy,0.8
156,3,Verstappen (Red Bull),36.23086,108.97335,Rainy,0.8
156,4,Verstappen (Red Bull),35.91326,144.8866,Rainy,0.8
156,5,Verstappen (Red Bull),36.84682,181.73342,Rainy,0.8
156,1,Norris (McLaren),35.54938,35.54938,Rainy,0.8
156,2,Norris (McLaren),36.45475,72.00414,Rainy,0.8
156,3,Norris (McLaren),36.05268,108.05681,Rainy,0.8
156,4,Norris (McLaren),36.98461,145.04142,Rainy,0.8
156,5,Norris (McLaren),34.84389,179.88531,Rainy,0.8
157,1,Hamilton (Mercedes),36.70031,36.70031,Rainy,0.8
157,2,Hamilton (Mercedes),37.70931,74.40962,Rainy,0.8
157,3,Hamilton (Mercedes),36.61734,111.02696,Rainy,0.8
157,4,Hamilton (Mercedes),36.99814,148.0251,Rainy,0.8
157,5,Hamilton (Mercedes),37.41072,185.43583,Rainy,0.8
157,1,Verstappen (Red Bull),36.16586,36.16586,Rainy,0.8
157,2,Verstappen (Red Bull),37.39895,73.56481,Rainy,0.8
157,3,Verstappen (Red Bull),36.20373,109.76854,Rainy,0.8
157,4,Verstappen (Red Bull),36.17381,145.94236,Rainy,0.8
157,5,Verstappen (Red Bull),35.8646,181.80695,Rainy,0.8
157,1,Norris (McLaren),36.73711,36.73711,Rainy,0.8
157,2,Norris (McLaren),35.92165,72.65876,Rainy,0.8
157,3,Norris (McLaren),35.56446,108.22323,Rainy,0.8
157,4,Norris (McLaren),36.53964,144.76287,Rainy,0.8
157,5,Norris (McLaren),34.85198,179.61485,Rainy,0.8
158,1,Hamilton (Mercedes),37.0493,37.0493,Rainy,0.8
158,2,Hamilton (Mercedes),37.35154,74.40084,Rainy,0.8
158,3,Hamilton (Mercedes),37.59327,111.99411,Rainy,0.8
158,4,Hamilton (Mercedes),37.58073,149.57484,Rainy,0.8
158,5,Hamilton (Mercedes),36.51225,186.08709,Rainy,0.8
158,1,Verstappen (Red Bull),36.82148,36.82148,Rainy,0.8
158,2,Verstappen (Red Bull),35.6344,72.45589,Rainy,0.8
158,3,Verstappen (Red Bull),36.99573,109.45161,Rainy,0.8
158,4,Verstappen (Red Bull),36.03245,145.48406,Rainy,0.8
158,5,Verstappen (Red Bull),36.37441,181.85846,Rainy,0.8
158,1,Norris (McLaren),36.08972,36.08972,Rainy,0.8
158,2,Norris (McLaren),36.6075,72.69722,Rainy,0.8
158,3,Norris (McLaren),37.3226,110.01982,Rainy,0.8
158,4,Norris (McLaren),35.33432,145.35414,Rainy,0.8
158,5,Norris (McLaren),35.6487,181.00284,Rainy,0.8
159,1,Hamilton (Mercedes),37.11508,37.11508,Rainy,0.8
159,2,Hamilton (Mercedes),36.77945,73.89452,Rainy,0.8
159,3,Hamilton (Mercedes),37.29616,111.19069,Rainy,0.8
159,4,Hamilton (Mercedes),36.6565,147.84719,Rainy,0.8
159,5,Hamilton (Mercedes),36.25724,184.10443,Rainy,0.8
159,1,Verstappen (Red Bull),36.10444,36.10444,Rainy,0.8
159,2,Verstappen (Red Bull),36.04356,72.148,Rainy,0.8
159,3,Verstappen (Red Bull),36.26849,108.41649,Rainy,0.8
159,4,Verstappen (Red Bull),36.51453,144.93102,Rainy,0.8
159,5,Verstappen (Red Bull),36.13496,181.06598,Rainy,0.8
159,1,Norris (McLaren),35.6727,35.6727,Rainy,0.8
159,2,Norris (McLaren),37.33322,73.00593,Rainy,0.8
159,3,Norris (McLaren),35.91107,108.91699,Rainy,0.8
159,4,Norris (McLaren),35.89351,144.8105,Rainy,0.8
159,5,Norris (McLaren),37.27732,182.08782,Rainy,0.8
160,1,Hamilton (Mercedes),36.94386,36.94386,Rainy,0.8
160,2,Hamilton (Mercedes),37.57063,74.5145,Rainy,0.8
160,3,Hamilton (Mercedes),37.21572,111.73022,Rainy,0.8
160,4,Hamilton (Mercedes),36.7659,148.49612,Rainy,0.8
160,5,Hamilton (Mercedes),36.38581,184.88193,Rainy,0.8
160,1,Verstappen (Red Bull),37.0635,37.0635,Rainy,0.8
160,2,Verstappen (Red Bull),37.0823,74.1458,Rainy,0.8
160,3,Verstappen (Red Bull),36.15812,110.30393,Rainy,0.8
160,4,Verstappen (Red Bull),35.5606,145.86453,Rainy,0.8
160,5,Verstappen (Red Bull),37.00053,182.86506,Rainy,0.8
160,1,Norris (McLaren),37.31073,37.31073,Rainy,0.8
160,2,Norris (McLaren),36.5445,73.85524,Rainy,0.8
160,3,Norris (McLaren),36.22999,110.08522,Rainy,0.8
160,4,Norris (McLaren),36.98557,147.0708,Rainy,0.8
160,5,Norris (McLaren),36.97042,184.04122,Rainy,0.8
161,1,Hamilton (Mercedes),35.90514,35.90514,Rainy,0.8
161,2,Hamilton (Mercedes),37.01952,72.92466,Rainy,0.8
161,3,Hamilton (Mercedes),36.71179,109.63645,Rainy,0.8
161,4,Hamilton (Mercedes),36.99641,146.63286,Rainy,0.8
161,5,Hamilton (Mercedes),36.31372,182.94659,Rainy,0.8
161,1,Verstappen (Red Bull),37.25829,37.25829,Rainy,0.8
161,2,Verstappen (Red Bull),36.5158,73.77409,Rainy,0.8
161,3,Verstappen (Red Bull),35.89923,109.67332,Rainy,0.8
161,4,Verstappen (Red Bull),35.79013,145.46345,Rainy,0.8
161,5,Verstappen (Red Bull),36.059,181.52245,Rainy,0.8
161,1,Norris (McLaren),37.39663,37.39663,Rainy,0.8
161,2,Norris (McLaren),37.02347,74.4201,Rainy,0.8
161,3,Norris (McLaren),36.55789,110.97799,Rainy,0.8
161,4,Norris (McLaren),37.20789,148.18588,Rainy,0.8
161,5,Norris (McLaren),36.58748,184.77335,Rainy,0.8
162,1,Hamilton (Mercedes),38.00495,38.00495,Rainy,0.8
162,2,Hamilton (Mercedes),37.51296,75.51791,Rainy,0.8
162,3,Hamilton (Mercedes),36.97337,112.49127,Rainy,0.8
162,4,Hamilton (Mercedes),36.94039,149.43166,Rainy,0.8
162,5,Hamilton (Mercedes),37.75486,187.18652,Rainy,0.8
162,1,Verstappen (Red Bull),35.15969,35.15969,Rainy,0.8
162,2,Verstappen (Red Bull),36.05315,71.21284,Rainy,0.8
162,3,Verstappen (Red Bull),35.84615,107.05899,Rainy,0.8
162,4,Verstappen (Red Bull),36.73383,143.79282,Rainy,0.8
162,5,Verstappen (Red Bull),35.55423,179.34705,Rainy,0.8
162,1,Norris (McLaren),36.40257,36.40257,Rainy,0.8
162,2,Norris (McLaren),36.63481,73.03738,Rainy,0.8
162,3,Norris (McLaren),36.51665,109.55403,Rainy,0.8
162,4,Norris (McLaren),37.12423,146.67826,Rainy,0.8
162,5,Norris (McLaren),36.80914,183.4874,Rainy,0.8
163,1,Hamilton (Mercedes),36.50714,36.50714,Rainy,0.8
163,2,Hamilton (Mercedes),37.42137,73.92851,Rainy,0.8
163,3,Hamilton (Mercedes),36.69581,110.62432,Rainy,0.8
163,4,Hamilton (Mercedes),37.13834,147.76266,Rainy,0.8
163,5,Hamilton (Mercedes),38.03683,185.7995,Rainy,0.8
163,1,Verstappen (Red Bull),36.32451,36.32451,Rainy,0.8
163,2,Verstappen (Red Bull),35.97727,72.30178,Rainy,0.8
163,3,Verstappen (Red Bull),35.11309,107.41486,Rainy,0.8
163,4,Verstappen (Red Bull),36.65579,144.07065,Rainy,0.8
163,5,Verstappen (Red Bull),36.51556,180.58621,Rainy,0.8
163,1,Norris (McLaren),36.02514,36.02514,Rainy,0.8
163,2,Norris (McLaren),36.73921,72.76436,Rainy,0.8
163,3,Norris (McLaren),35.71782,108.48217,Rainy,0.8
163,4,Norris (McLaren),37.06575,145.54792,Rainy,0.8
163,5,Norris (McLaren),36.05773,181.60565,Rainy,0.8
164,1,Hamilton (Mercedes),37.4276,37.4276,Rainy,0.8
164,2,Hamilton (Mercedes),36.79978,74.22738,Rainy,0.8
164,3,Hamilton (Mercedes),36.17875,110.40613,Rainy,0.8
164,4,Hamilton (Mercedes),37.2119,147.61803,Rainy,0.8
164,5,Hamilton (Mercedes),36.67171,184.28973,Rainy,0.8
164,1,Verstappen (Red Bull),35.70869,35.70869,Rainy,0.8
164,2,Verstappen (Red Bull),36.51727,72.22596,Rainy,0.8
164,3,Verstappen (Red Bull),36.81835,109.04431,Rainy,0.8
164,4,Verstappen (Red Bull),35.94186,144.98617,Rainy,0.8
164,5,Verstappen (Red Bull),36.43769,181.42387,Rainy,0.8
164,1,Norris (McLaren),37.75263,37.75263,Rainy,0.8
164,2,Norris (McLaren),36.49397,74.2466,Rainy,0.8
164,3,Norris (McLaren),36.00569,110.25229,Rainy,0.8
164,4,Norris (McLaren),35.96338,146.21567,Rainy,0.8
164,5,Norris (McLaren),36.13976,182.35543,Rainy,0.8
165,1,Hamilton (Mercedes),37.04793,37.04793,Rainy,0.8
165,2,Hamilton (Mercedes),36.80327,73.8512,Rainy,0.8
165,3,Hamilton (Mercedes),36.83093,110.68213,Rainy,0.8
165,4,Hamilton (Mercedes),36.78308,147.46521,Rainy,0.8
165,5,Hamilton (Mercedes),36.76025,184.22546,Rainy,0.8
165,1,Verstappen (Red Bull),36.31413,36.31413,Rainy,0.8
165,2,Verstappen (Red Bull),35.82682,72.14095,Rainy,0.8
165,3,Verstappen (Red Bull),36.7541,108.89505,Rainy,0.8
165,4,Verstappen (Red Bull),36.05406,144.94911,Rainy,0.8
165,5,Verstappen (Red Bull),36.35355,181.30266,Rainy,0.8
165,1,Norris (McLaren),36.75763,36.75763,Rainy,0.8
165,2,Norris (McLaren),36.60191,73.35953,Rainy,0.8
165,3,Norris (McLaren),36.52343,109.88297,Rainy,0.8
165,4,Norris (McLaren),36.20439,146.08735,Rainy,0.8
165,5,Norris (McLaren),37.67554,183.76289,Rainy,0.8
166,1,Hamilton (Mercedes),35.8563,35.8563,Rainy,0.8
166,2,Hamilton (Mercedes),36.42443,72.28074,Rainy,0.8
166,3,Hamilton (Mercedes),37.09087,109.3716,Rainy,0.8
166,4,Hamilton (Mercedes),36.54722,145.91882,Rainy,0.8
166,5,Hamilton (Mercedes),36.66275,182.58157,Rainy,0.8
166,1,Verstappen (Red Bull),35.85761,35.85761,Rainy,0.8
166,2,Verstappen (Red Bull),36.76242,72.62003,Rainy,0.8
166,3,Verstappen (Red Bull),36.47506,109.09509,Rainy,0.8
166,4,Verstappen (Red Bull),36.85233,145.94742,Rainy,0.8
166,5,Verstappen (Red Bull),36.95501,182.90243,Rainy,0.8
166,1,Norris (McLaren),37.57063,37.57063,Rainy,0.8
166,2,Norris (McLaren),36.79319,74.36382,Rainy,0.8
166,3,Norris (McLaren),36.17424,110.53806,Rainy,0.8
166,4,Norris (McLaren),35.43061,145.96867,Rainy,0.8
166,5,Norris (McLaren),36.97246,182.94113,Rainy,0.8
167,1,Hamilton (Mercedes),37.55078,37.55078,Rainy,0.8
167,2,Hamilton (Mercedes),38.01171,75.56249,Rainy,0.8
167,3,Hamilton (Mercedes),36.67778,112.24027,Rainy,0.8
167,4,Hamilton (Mercedes),37.09844,149.33871,Rainy,0.8
167,5,Hamilton (Mercedes),38.09095,187.42966,Rainy,0.8
167,1,Verstappen (Red Bull),36.78763,36.78763,Rainy,0.8
167,2,Verstappen (Red Bull),37.35613,74.14376,Rainy,0.8
167,3,Verstappen (Red Bull),36.27843,110.42219,Rainy,0.8
167,4,Verstappen (Red Bull),36.27791,146.7001,Rainy,0.8
167,5,Verstappen (Red Bull),36.11246,182.81256,Rainy,0.8
167,1,Norris (McLaren),36.5545,36.5545,Rainy,0.8
167,2,Norris (McLaren),36.87292,73.42741,Rainy,0.8
167,3,Norris (McLaren),36.26812,109.69553,Rainy,0.8
167,4,Norris (McLaren),36.32647,146.022,Rainy,0.8
167,5,Norris (McLaren),36.52627,182.54827,Rainy,0.8
168,1,Hamilton (Mercedes),37.88937,37.88937,Rainy,0.8
168,2,Hamilton (Mercedes),36.85436,74.74373,Rainy,0.8
168,3,Hamilton (Mercedes),35.96514,110.70887,Rainy,0.8
168,4,Hamilton (Mercedes),37.0552,147.76407,Rainy,0.8
168,5,Hamilton (Mercedes),36.49941,184.26348,Rainy,0.8
168,1,Verstappen (Red Bull),36.86231,36.86231,Rainy,0.8
168,2,Verstappen (Red Bull),36.40571,73.26802,Rainy,0.8
168,3,Verstappen (Red Bull),36.5703,109.83831,Rainy,0.8
168,4,Verstappen (Red Bull),36.90331,146.74163,Rainy,0.8
168,5,Verstappen (Red Bull),36.26488,183.00651,Rainy,0.8
168,1,Norris (McLaren),36.73485,36.73485,Rainy,0.8
168,2,Norris (McLaren),37.76297,74.49781,Rainy,0.8
168,3,Norris (McLaren),35.67044,110.16825,Rainy,0.8
168,4,Norris (McLaren),36.90618,147.07443,Rainy,0.8
168,5,Norris (McLaren),36.12872,183.20315,Rainy,0.8
169,1,Hamilton (Mercedes),36.76156,36.76156,Rainy,0.8
169,2,Hamilton (Mercedes),36.7326,73.49415,Rainy,0.8
169,3,Hamilton (Mercedes),37.30234,110.79649,Rainy,0.8
169,4,Hamilton (Mercedes),37.15024,147.94673,Rainy,0.8
169,5,Hamilton (Mercedes),36.63553,184.58226,Rainy,0.8
169,1,Verstappen (Red Bull),35.56225,35.56225,Rainy,0.8
169,2,Verstappen (Red Bull),36.55144,72.1137,Rainy,0.8
169,3,Verstappen (Red Bull),35.66786,107.78156,Rainy,0.8
169,4,Verstappen (Red Bull),36.0711,143.85266,Rainy,0.8
169,5,Verstappen (Red Bull),36.13884,179.9915,Rainy,0.8
169,1,Norris (McLaren),37.31255,37.31255,Rainy,0.8
169,2,Norris (McLaren),36.86174,74.17429,Rainy,0.8
169,3,Norris (McLaren),36.55477,110.72906,Rainy,0.8
169,4,Norris (McLaren),36.68994,147.41899,Rainy,0.8
169,5,Norris (McLaren),38.01829,185.43728,Rainy,0.8
170,1,Hamilton (Mercedes),37.09569,37.09569,Rainy,0.8
170,2,Hamilton (Mercedes),37.5986,74.69429,Rainy,0.8
170,3,Hamilton (Mercedes),35.89522,110.5895,Rainy,0.8
170,4,Hamilton (Mercedes),36.20763,146.79713,Rainy,0.8
170,5,Hamilton (Mercedes),36.73054,183.52766,Rainy,0.8
170,1,Verstappen (Red Bull),36.64912,36.64912,Rainy,0.8
170,2,Verstappen (Red Bull),37.30859,73.95771,Rainy,0.8
170,3,Verstappen (Red Bull),37.14488,111.10258,Rainy,0.8
170,4,Verstappen (Red Bull),35.91752,147.0201,Rainy,0.8
170,5,Verstappen (Red Bull),36.23388,183.25398,Rainy,0.8
170,1,Norris (McLaren),38.06931,38.06931,Rainy,0.8
170,2,Norris (McLaren),35.68344,73.75275,Rainy,0.8
170,3,Norris (McLaren),36.51279,110.26554,Rainy,0.8
170,4,Norris (McLaren),36.66441,146.92995,Rainy,0.8
170,5,Norris (McLaren),35.56248,182.49243,Rainy,0.8
171,1,Hamilton (Mercedes),37.14868,37.14868,Rainy,0.8
171,2,Hamilton (Mercedes),37.35488,74.50356,Rainy,0.8
171,3,Hamilton (Mercedes),36.86599,111.36955,Rainy,0.8
171,4,Hamilton (Mercedes),37.38422,148.75377,Rainy,0.8
171,5,Hamilton (Mercedes),36.91745,185.67122,Rainy,0.8
171,1,Verstappen (Red Bull),36.04267,36.04267,Rainy,0.8
171,2,Verstappen (Red Bull),36.11984,72.16251,Rainy,0.8
171,3,Verstappen (Red Bull),36.54257,108.70508,Rainy,0.8
171,4,Verstappen (Red Bull),34.82559,143.53067,Rainy,0.8
171,5,Verstappen (Red Bull),36.52409,180.05476,Rainy,0.8
171,1,Norris (McLaren),36.85516,36.85516,Rainy,0.8
171,2,Norris (McLaren),37.16283,74.01798,Rainy,0.8
171,3,Norris (McLaren),36.79676,110.81474,Rainy,0.8
171,4,Norris (McLaren),36.29856,147.1133,Rainy,0.8
171,5,Norris (McLaren),36.35072,183.46402,Rainy,0.8
172,1,Hamilton (Mercedes),36.30945,36.30945,Rainy,0.8
172,2,Hamilton (Mercedes),36.87061,73.18006,Rainy,0.8
172,3,Hamilton (Mercedes),36.54501,109.72507,Rainy,0.8
172,4,Hamilton (Mercedes),36.78292,146.50798,Rainy,0.8
172,5,Hamilton (Mercedes),35.94922,182.4572,Rainy,0.8
172,1,Verstappen (Red Bull),36.54119,36.54119,Rainy,0.8
172,2,Verstappen (Red Bull),36.99778,73.53898,Rainy,0.8
172,3,Verstappen (Red Bull),36.15679,109.69576,Rainy,0.8
172,4,Verstappen (Red Bull),36.91523,146.611,Rainy,0.8
172,5,Verstappen (Red Bull),35.79005,182.40104,Rainy,0.8
172,1,Norris (McLaren),35.78406,35.78406,Rainy,0.8
172,2,Norris (McLaren),36.59866,72.38272,Rainy,0.8
172,3,Norris (McLaren),36.43468,108.8174,Rainy,0.8
172,4,Norris (McLaren),36.49343,145.31083,Rainy,0.8
172,5,Norris (McLaren),36.54292,181.85375,Rainy,0.8
173,1,Hamilton (Mercedes),36.5606,36.5606,Rainy,0.8
173,2,Hamilton (Mercedes),36.24394,72.80453,Rainy,0.8
173,3,Hamilton (Mercedes),36.90783,109.71236,Rainy,0.8
173,4,Hamilton (Mercedes),37.00792,146.72028,Rainy,0.8
173,5,Hamilton (Mercedes),36.90001,183.62029,Rainy,0.8
173,1,Verstappen (Red Bull),35.89861,35.89861,Rainy,0.8
173,2,Verstappen (Red Bull),37.4611,73.35971,Rainy,0.8
173,3,Verstappen (Red Bull),36.03352,109.39323,Rainy,0.8
173,4,Verstappen (Red Bull),36.8504,146.24363,Rainy,0.8
173,5,Verstappen (Red Bull),36.67618,182.91981,Rainy,0.8
173,1,Norris (McLaren),37.50429,37.50429,Rainy,0.8
173,2,Norris (McLaren),36.61308,74.11738,Rainy,0.8
173,3,Norris (McLaren),35.5525,109.66988,Rainy,0.8
173,4,Norris (McLaren),36.23715,145.90703,Rainy,0.8
173,5,Norris (McLaren),36.47897,182.386,Rainy,0.8
174,1,Hamilton (Mercedes),37.09088,37.09088,Rainy,0.8
174,2,Hamilton (Mercedes),37.78491,74.8758,Rainy,0.8
174,3,Hamilton (Mercedes),36.97521,111.851,Rainy,0.8
174,4,Hamilton (Mercedes),36.48066,148.33166,Rainy,0.8
174,5,Hamilton (Mercedes),37.1575,185.48916,Rainy,0.8
174,1,Verstappen (Red Bull),36.52546,36.52546,Rainy,0.8
174,2,Verstappen (Red Bull),36.88509,73.41055,Rainy,0.8
174,3,Verstappen (Red Bull),36.09205,109.50261,Rainy,0.8
174,4,Verstappen (Red Bull),36.45018,145.95279,Rainy,0.8
174,5,Verstappen (Red Bull),36.96538,182.91816,Rainy,0.8
174,1,Norris (McLaren),36.33805,36.33805,Rainy,0.8
174,2,Norris (McLaren),37.19062,73.52867,Rainy,0.8
174,3,Norris (McLaren),36.24971,109.77838,Rainy,0.8
174,4,Norris (McLaren),36.54483,146.32321,Rainy,0.8
174,5,Norris (McLaren),37.22932,183.55253,Rainy,0.8
175,1,Hamilton (Mercedes),37.4609,37.4609,Rainy,0.8
175,2,Hamilton (Mercedes),37.48147,74.94237,Rainy,0.8
175,3,Hamilton (Mercedes),37.9129,112.85527,Rainy,0.8
175,4,Hamilton (Mercedes),36.91076,149.76603,Rainy,0.8
175,5,Hamilton (Mercedes),37.48515,187.25118,Rainy,0.8
175,1,Verstappen (Red Bull),36.30817,36.30817,Rainy,0.8
175,2,Verstappen (Red Bull),36.26386,72.57203,Rainy,0.8
175,3,Verstappen (Red Bull),35.29502,107.86705,Rainy,0.8
175,4,Verstappen (Red Bull),36.06839,143.93544,Rainy,0.8
175,5,Verstappen (Red Bull),35.74719,179.68263,Rainy,0.8
175,1,Norris (McLaren),36.46252,36.46252,Rainy,0.8
175,2,Norris (McLaren),35.52778,71.9903,Rainy,0.8
175,3,Norris (McLaren),35.81934,107.80965,Rainy,0.8
175,4,Norris (McLaren),35.99957,143.80922,Rainy,0.8
175,5,Norris (McLaren),36.32483,180.13405,Rainy,0.8
176,1,Hamilton (Mercedes),37.33031,37.33031,Rainy,0.8
176,2,Hamilton (Mercedes),36.43247,73.76278,Rainy,0.8
176,3,Hamilton (Mercedes),37.07415,110.83693,Rainy,0.8
176,4,Hamilton (Mercedes),36.66296,147.49989,Rainy,0.8
176,5,Hamilton (Mercedes),36.05874,183.55864,Rainy,0.8
176,1,Verstappen (Red Bull),36.07648,36.07648,Rainy,0.8
176,2,Verstappen (Red Bull),35.87971,71.9562,Rainy,0.8
176,3,Verstappen (Red Bull),36.91262,108.86882,Rainy,0.8
176,4,Verstappen (Red Bull),36.78983,145.65865,Rainy,0.8
176,5,Verstappen (Red Bull),36.2897,181.94834,Rainy,0.8
176,1,Norris (McLaren),35.6622,35.6622,Rainy,0.8
176,2,Norris (McLaren),37.25915,72.92135,Rainy,0.8
176,3,Norris (McLaren),36.00768,108.92903,Rainy,0.8
176,4,Norris (McLaren),36.06779,144.99683,Rainy,0.8
176,5,Norris (McLaren),35.26495,180.26177,Rainy,0.8
177,1,Hamilton (Mercedes),36.02759,36.02759,Rainy,0.8
177,2,Hamilton (Mercedes),36.80578,72.83337,Rainy,0.8
177,3,Hamilton (Mercedes),36.13089,108.96426,Rainy,0.8
177,4,Hamilton (Mercedes),37.20317,146.16743,Rainy,0.8
177,5,Hamilton (Mercedes),36.35334,182.52077,Rainy,0.8
177,1,Verstappen (Red Bull),36.2456,36.2456,Rainy,0.8
177,2,Verstappen (Red Bull),36.84555,73.09115,Rainy,0.8
177,3,Verstappen (Red Bull),36.82304,109.91419,Rainy,0.8
177,4,Verstappen (Red Bull),36.06808,145.98227,Rainy,0.8
177,5,Verstappen (Red Bull),34.72925,180.71152,Rainy,0.8
177,1,Norris (McLaren),37.02056,37.02056,Rainy,0.8
177,2,Norris (McLaren),36.25758,73.27814,Rainy,0.8
177,3,Norris (McLaren),37.02084,110.29898,Rainy,0.8
177,4,Norris (McLaren),36.02313,146.3221,Rainy,0.8
177,5,Norris (McLaren),36.3755,182.6976,Rainy,0.8
178,1,Hamilton (Mercedes),36.04233,36.04233,Rainy,0.8
178,2,Hamilton (Mercedes),36.81777,72.86011,Rainy,0.8
178,3,Hamilton (Mercedes),37.32046,110.18057,Rainy,0.8
178,4,Hamilton (Mercedes),37.64471,147.82527,Rainy,0.8
178,5,Hamilton (Mercedes),37.10502,184.93029,Rainy,0.8
178,1,Verstappen (Red Bull),37.49418,37.49418,Rainy,0.8
178,2,Verstappen (Red Bull),36.33007,73.82425,Rainy,0.8
178,3,Verstappen (Red Bull),36.13844,109.96269,Rainy,0.8
178,4,Verstappen (Red Bull),35.42087,145.38356,Rainy,0.8
178,5,Verstappen (Red Bull),36.76328,182.14684,Rainy,0.8
178,1,Norris (McLaren),37.54701,37.54701,Rainy,0.8
178,2,Norris (McLaren),37.02951,74.57652,Rainy,0.8
178,3,Norris (McLaren),36.72758,111.30409,Rainy,0.8
178,4,Norris (McLaren),36.16022,147.46431,Rainy,0.8
178,5,Norris (McLaren),37.15802,184.62233,Rainy,0.8
179,1,Hamilton (Mercedes),37.85203,37.85203,Rainy,0.8
179,2,Hamilton (Mercedes),37.3883,75.24032,Rainy,0.8
179,3,Hamilton (Mercedes),37.72872,112.96904,Rainy,0.8
179,4,Hamilton (Mercedes),37.66827,150.63731,Rainy,0.8
179,5,Hamilton (Mercedes),35.54358,186.18089,Rainy,0.8
179,1,Verstappen (Red Bull),35.09132,35.09132,Rainy,0.8
179,2,Verstappen (Red Bull),36.47368,71.565,Rainy,0.8
179,3,Verstappen (Red Bull),36.14482,107.70983,Rainy,0.8
179,4,Verstappen (Red Bull),36.14668,143.85651,Rainy,0.8
179,5,Verstappen (Red Bull),35.69558,179.55209,Rainy,0.8
179,1,Norris (McLaren),36.50258,36.50258,Rainy,0.8
179,2,Norris (McLaren),36.5414,73.04398,Rainy,0.8
179,3,Norris (McLaren),35.89612,108.9401,Rainy,0.8
179,4,Norris (McLaren),36.82497,145.76507,Rainy,0.8
179,5,Norris (McLaren),37.29309,183.05817,Rainy,0.8
180,1,Hamilton (Mercedes),36.55569,36.55569,Rainy,0.8
180,2,Hamilton (Mercedes),36.08252,72.63822,Rainy,0.8
180,3,Hamilton (Mercedes),36.87652,109.51474,Rainy,0.8
180,4,Hamilton (Mercedes),36.02532,145.54006,Rainy,0.8
180,5,Hamilton (Mercedes),37.52879,183.06884,Rainy,0.8
180,1,Verstappen (Red Bull),36.06817,36.06817,Rainy,0.8
180,2,Verstappen (Red Bull),36.2869,72.35507,Rainy,0.8
180,3,Verstappen (Red Bull),36.57587,108.93094,Rainy,0.8
180,4,Verstappen (Red Bull),35.5346,144.46554,Rainy,0.8
180,5,Verstappen (Red Bull),36.32749,180.79303,Rainy,0.8
180,1,Norris (McLaren),36.16817,36.16817,Rainy,0.8
180,2,Norris (McLaren),36.55266,72.72083,Rainy,0.8
180,3,Norris (McLaren),36.23804,108.95887,Rainy,0.8
180,4,Norris (McLaren),36.32085,145.27972,Rainy,0.8
180,5,Norris (McLaren),36.64826,181.92798,Rainy,0.8
181,1,Hamilton (Mercedes),36.00846,36.00846,Rainy,0.8
181,2,Hamilton (Mercedes),36.37318,72.38163,Rainy,0.8
181,3,Hamilton (Mercedes),38.01669,110.39832,Rainy,0.8
181,4,Hamilton (Mercedes),36.47007,146.86839,Rainy,0.8
181,5,Hamilton (Mercedes),37.62843,184.49681,Rainy,0.8
181,1,Verstappen (Red Bull),36.66739,36.66739,Rainy,0.8
181,2,Verstappen (Red Bull),37.18698,73.85437,Rainy,0.8
181,3,Verstappen (Red Bull),36.83207,110.68643,Rainy,0.8
181,4,Verstappen (Red Bull),36.75874,147.44518,Rainy,0.8
181,5,Verstappen (Red Bull),36.14128,183.58645,Rainy,0.8
181,1,Norris (McLaren),36.99085,36.99085,Rainy,0.8
181,2,Norris (McLaren),36.26602,73.25687,Rainy,0.8
181,3,Norris (McLaren),36.39191,109.64878,Rainy,0.8
181,4,Norris (McLaren),36.34527,145.99405,Rainy,0.8
181,5,Norris (McLaren),36.19297,182.18702,Rainy,0.8
182,1,Hamilton (Mercedes),36.76519,36.76519,Rainy,0.8
182,2,Hamilton (Mercedes),36.72107,73.48626,Rainy,0.8
182,3,Hamilton (Mercedes),37.24486,110.73111,Rainy,0.8
182,4,Hamilton (Mercedes),36.17277,146.90388,Rainy,0.8
182,5,Hamilton (Mercedes),36.30323,183.20711,Rainy,0.8
182,1,Verstappen (Red Bull),36.44735,36.44735,Rainy,0.8
182,2,Verstappen (Red Bull),36.3993,72.84665,Rainy,0.8
182,3,Verstappen (Red Bull),36.61321,109.45986,Rainy,0.8
182,4,Verstappen (Red Bull),36.2774,145.73726,Rainy,0.8
182,5,Verstappen (Red Bull),35.63556,181.37282,Rainy,0.8
182,1,Norris (McLaren),36.11652,36.11652,Rainy,0.8
182,2,Norris (McLaren),35.95141,72.06793,Rainy,0.8
182,3,Norris (McLaren),37.25549,109.32342,Rainy,0.8
182,4,Norris (McLaren),36.87175,146.19517,Rainy,0.8
182,5,Norris (McLaren),35.92742,182.12259,Rainy,0.8
183,1,Hamilton (Mercedes),37.57923,37.57923,Rainy,0.8
183,2,Hamilton (Mercedes),36.9771,74.55633,Rainy,0.8
183,3,Hamilton (Mercedes),36.52807,111.0844,Rainy,0.8
183,4,Hamilton (Mercedes),36.67484,147.75923,Rainy,0.8
183,5,Hamilton (Mercedes),36.84083,184.60007,Rainy,0.8
183,1,Verstappen (Red Bull),36.52448,36.52448,Rainy,0.8
183,2,Verstappen (Red Bull),36.27922,72.8037,Rainy,0.8
183,3,Verstappen (Red Bull),36.06571,108.8694,Rainy,0.8
183,4,Verstappen (Red Bull),35.98736,144.85676,Rainy,0.8
183,5,Verstappen (Red Bull),36.20247,181.05923,Rainy,0.8
183,1,Norris (McLaren),36.32571,36.32571,Rainy,0.8
183,2,Norris (McLaren),36.84132,73.16704,Rainy,0.8
183,3,Norris (McLaren),36.49676,109.66379,Rainy,0.8
183,4,Norris (McLaren),36.96321,146.627,Rainy,0.8
183,5,Norris (McLaren),36.98054,183.60754,Rainy,0.8
184,1,Hamilton (Mercedes),36.26397,36.26397,Rainy,0.8
184,2,Hamilton (Mercedes),37.29715,73.56112,Rainy,0.8
184,3,Hamilton (Mercedes),36.37873,109.93985,Rainy,0.8
184,4,Hamilton (Mercedes),37.49701,147.43687,Rainy,0.8
184,5,Hamilton (Mercedes),36.36186,183.79872,Rainy,0.8
184,1,Verstappen (Red Bull),36.34999,36.34999,Rainy,0.8
184,2,Verstappen (Red Bull),37.25505,73.60504,Rainy,0.8
184,3,Verstappen (Red Bull),35.93039,109.53543,Rainy,0.8
184,4,Verstappen (Red Bull),36.90119,146.43662,Rainy,0.8
184,5,Verstappen (Red Bull),35.7247,182.16132,Rainy,0.8
184,1,Norris (McLaren),36.38912,36.38912,Rainy,0.8
184,2,Norris (McLaren),36.12706,72.51618,Rainy,0.8
184,3,Norris (McLaren),36.33836,108.85455,Rainy,0.8
184,4,Norris (McLaren),36.32257,145.17711,Rainy,0.8
184,5,Norris (McLaren),36.58746,181.76457,Rainy,0.8
185,1,Hamilton (Mercedes),37.14415,37.14415,Rainy,0.8
185,2,Hamilton (Mercedes),36.1545,73.29864,Rainy,0.8
185,3,Hamilton (Mercedes),37.51246,110.8111,Rainy,0.8
185,4,Hamilton (Mercedes),37.18647,147.99757,Rainy,0.8
185,5,Hamilton (Mercedes),37.72914,185.7267,Rainy,0.8
185,1,Verstappen (Red Bull),35.80244,35.80244,Rainy,0.8
185,2,Verstappen (Red Bull),37.15505,72.95749,Rainy,0.8
185,3,Verstappen (Red Bull),35.63446,108.59195,Rainy,0.8
185,4,Verstappen (Red Bull),37.3405,145.93245,Rainy,0.8
185,5,Verstappen (Red Bull),36.56934,182.5018,Rainy,0.8
185,1,Norris (McLaren),36.20645,36.20645,Rainy,0.8
185,2,Norris (McLaren),36.33588,72.54233,Rainy,0.8
185,3,Norris (McLaren),37.1417,109.68403,Rainy,0.8
185,4,Norris (McLaren),36.90316,146.58719,Rainy,0.8
185,5,Norris (McLaren),36.73779,183.32497,Rainy,0.8
186,1,Hamilton (Mercedes),37.06818,37.06818,Rainy,0.8
186,2,Hamilton (Mercedes),37.57652,74.6447,Rainy,0.8
186,3,Hamilton (Mercedes),36.6379,111.2826,Rainy,0.8
186,4,Hamilton (Mercedes),37.25836,148.54096,Rainy,0.8
186,5,Hamilton (Mercedes),37.11398,185.65494,Rainy,0.8
186,1,Verstappen (Red Bull),36.12451,36.12451,Rainy,0.8
186,2,Verstappen (Red Bull),37.11423,73.23874,Rainy,0.8
186,3,Verstappen (Red Bull),36.7551,109.99384,Rainy,0.8
186,4,Verstappen (Red Bull),36.64889,146.64273,Rainy,0.8
186,5,Verstappen (Red Bull),36.72872,183.37144,Rainy,0.8
186,1,Norris (McLaren),36.74009,36.74009,Rainy,0.8
186,2,Norris (McLaren),35.1938,71.93388,Rainy,0.8
186,3,Norris (McLaren),36.10063,108.03451,Rainy,0.8
186,4,Norris (McLaren),35.06679,143.10129,Rainy,0.8
186,5,Norris (McLaren),36.79739,179.89868,Rainy,0.8
187,1,Hamilton (Mercedes),37.28723,37.28723,Rainy,0.8
187,2,Hamilton (Mercedes),37.33448,74.62171,Rainy,0.8
187,3,Hamilton (Mercedes),36.12637,110.74808,Rainy,0.8
187,4,Hamilton (Mercedes),37.33072,148.0788,Rainy,0.8
187,5,Hamilton (Mercedes),36.25511,184.33391,Rainy,0.8
187,1,Verstappen (Red Bull),36.38646,36.38646,Rainy,0.8
187,2,Verstappen (Red Bull),35.53179,71.91824,Rainy,0.8
187,3,Verstappen (Red Bull),35.61081,107.52906,Rainy,0.8
187,4,Verstappen (Red Bull),35.97027,143.49933,Rainy,0.8
187,5,Verstappen (Red Bull),36.72884,180.22817,Rainy,0.8
187,1,Norris (McLaren),36.21354,36.21354,Rainy,0.8
187,2,Norris (McLaren),36.27209,72.48563,Rainy,0.8
187,3,Norris (McLaren),34.69345,107.17908,Rainy,0.8
187,4,Norris (McLaren),37.59933,144.77841,Rainy,0.8
187,5,Norris (McLaren),37.58833,182.36674,Rainy,0.8
188,1,Hamilton (Mercedes),35.81946,35.81946,Rainy,0.8
188,2,Hamilton (Mercedes),37.0543,72.87376,Rainy,0.8
188,3,Hamilton (Mercedes),37.23613,110.10989,Rainy,0.8
188,4,Hamilton (Mercedes),36.34886,146.45876,Rainy,0.8
188,5,Hamilton (Mercedes),36.57691,183.03567,Rainy,0.8
188,1,Verstappen (Red Bull),35.91225,35.91225,Rainy,0.8
188,2,Verstappen (Red Bull),37.24434,73.15659,Rainy,0.8
188,3,Verstappen (Red Bull),35.74826,108.90485,Rainy,0.8
188,4,Verstappen (Red Bull),35.61957,144.52442,Rainy,0.8
188,5,Verstappen (Red Bull),37.06282,181.58724,Rainy,0.8
188,1,Norris (McLaren),36.54726,36.54726,Rainy,0.8
188,2,Norris (McLaren),36.29687,72.84413,Rainy,0.8
188,3,Norris (McLaren),35.64081,108.48494,Rainy,0.8
188,4,Norris (McLaren),35.46745,143.95239,Rainy,0.8
188,5,Norris (McLaren),36.96528,180.91767,Rainy,0.8
189,1,Hamilton (Mercedes),37.1035,37.1035,Rainy,0.8
189,2,Hamilton (Mercedes),35.94124,73.04475,Rainy,0.8
189,3,Hamilton (Mercedes),37.97874,111.02348,Rainy,0.8
189,4,Hamilton (Mercedes),36.50229,147.52577,Rainy,0.8
189,5,Hamilton (Mercedes),37.27068,184.79645,Rainy,0.8
189,1,Verstappen (Red Bull),35.75506,35.75506,Rainy,0.8
189,2,Verstappen (Red Bull),35.75663,71.51169,Rainy,0.8
189,3,Verstappen (Red Bull),35.39137,106.90306,Rainy,0.8
189,4,Verstappen (Red Bull),35.32671,142.22977,Rainy,0.8
189,5,Verstappen (Red Bull),36.32569,178.55546,Rainy,0.8
189,1,Norris (McLaren),36.37832,36.37832,Rainy,0.8
189,2,Norris (McLaren),36.54306,72.92138,Rainy,0.8
189,3,Norris (McLaren),36.62209,109.54346,Rainy,0.8
189,4,Norris (McLaren),36.78951,146.33298,Rainy,0.8
189,5,Norris (McLaren),36.61802,182.951,Rainy,0.8
190,1,Hamilton (Mercedes),36.65463,36.65463,Rainy,0.8
190,2,Hamilton (Mercedes),37.14834,73.80297,Rainy,0.8
190,3,Hamilton (Mercedes),36.37173,110.1747,Rainy,0.8
190,4,Hamilton (Mercedes),36.66891,146.84361,Rainy,0.8
190,5,Hamilton (Mercedes),36.85715,183.70077,Rainy,0.8
190,1,Verstappen (Red Bull),36.56927,36.56927,Rainy,0.8
190,2,Verstappen (Red Bull),36.54173,73.111,Rainy,0.8
190,3,Verstappen (Red Bull),36.39745,109.50845,Rainy,0.8
190,4,Verstappen (Red Bull),36.82019,146.32864,Rainy,0.8
190,5,Verstappen (Red Bull),37.64677,183.97541,Rainy,0.8
190,1,Norris (McLaren),37.60785,37.60785,Rainy,0.8
190,2,Norris (McLaren),36.56412,74.17197,Rainy,0.8
190,3,Norris (McLaren),36.62335,110.79532,Rainy,0.8
190,4,Norris (McLaren),36.69561,147.49093,Rainy,0.8
190,5,Norris (McLaren),36.47261,183.96354,Rainy,0.8
191,1,Hamilton (Mercedes),37.08917,37.08917,Rainy,0.8
191,2,Hamilton (Mercedes),37.29487,74.38405,Rainy,0.8
191,3,Hamilton (Mercedes),36.92576,111.30981,Rainy,0.8
191,4,Hamilton (Mercedes),36.76145,148.07126,Rainy,0.8
191,5,Hamilton (Mercedes),36.75804,184.8293,Rainy,0.8
191,1,Verstappen (Red Bull),36.28814,36.28814,Rainy,0.8
191,2,Verstappen (Red Bull),36.81914,73.10728,Rainy,0.8
191,3,Verstappen (Red Bull),36.46729,109.57457,Rainy,0.8
191,4,Verstappen (Red Bull),36.20708,145.78165,Rainy,0.8
191,5,Verstappen (Red Bull),36.84405,182.6257,Rainy,0.8
191,1,Norris (McLaren),37.13433,37.13433,Rainy,0.8
191,2,Norris (McLaren),36.63635,73.77069,Rainy,0.8
191,3,Norris (McLaren),36.54759,110.31828,Rainy,0.8
191,4,Norris (McLaren),36.2038,146.52209,Rainy,0.8
191,5,Norris (McLaren),36.43558,182.95766,Rainy,0.8
192,1,Hamilton (Mercedes),37.67851,37.67851,Rainy,0.8
192,2,Hamilton (Mercedes),37.68934,75.36785,Rainy,0.8
192,3,Hamilton (Mercedes),36.68412,112.05197,Rainy,0.8
192,4,Hamilton (Mercedes),37.01489,149.06686,Rainy,0.8
192,5,Hamilton (Mercedes),37.39498,186.46184,Rainy,0.8
192,1,Verstappen (Red Bull),36.36459,36.36459,Rainy,0.8
192,2,Verstappen (Red Bull),35.61599,71.98058,Rainy,0.8
192,3,Verstappen (Red Bull),36.25339,108.23397,Rainy,0.8
192,4,Verstappen (Red Bull),36.20628,144.44026,Rainy,0.8
192,5,Verstappen (Red Bull),36.57047,181.01073,Rainy,0.8
192,1,Norris (McLaren),36.04225,36.04225,Rainy,0.8
192,2,Norris (McLaren),37.28666,73.32891,Rainy,0.8
192,3,Norris (McLaren),34.88016,108.20907,Rainy,0.8
192,4,Norris (McLaren),36.68269,144.89176,Rainy,0.8
192,5,Norris (McLaren),37.14802,182.03978,Rainy,0.8
193,1,Hamilton (Mercedes),36.82521,36.82521,Rainy,0.8
193,2,Hamilton (Mercedes),36.71858,73.54379,Rainy,0.8
193,3,Hamilton (Mercedes),36.92328,110.46707,Rainy,0.8
193,4,Hamilton (Mercedes),36.31501,146.78207,Rainy,0.8
193,5,Hamilton (Mercedes),37.03067,183.81274,Rainy,0.8
193,1,Verstappen (Red Bull),36.3132,36.3132,Rainy,0.8
193,2,Verstappen (Red Bull),36.4819,72.7951,Rainy,0.8
193,3,Verstappen (Red Bull),37.26677,110.06187,Rainy,0.8
193,4,Verstappen (Red Bull),36.79982,146.86169,Rainy,0.8
193,5,Verstappen (Red Bull),36.78187,183.64356,Rainy,0.8
193,1,Norris (McLaren),36.92041,36.92041,Rainy,0.8
193,2,Norris (McLaren),36.36184,73.28224,Rainy,0.8
193,3,Norris (McLaren),37.27846,110.5607,Rainy,0.8
193,4,Norris (McLaren),36.23164,146.79234,Rainy,0.8
193,5,Norris (McLaren),36.59465,183.38699,Rainy,0.8
194,1,Hamilton (Mercedes),38.09825,38.09825,Rainy,0.8
194,2,Hamilton (Mercedes),37.27789,75.37614,Rainy,0.8
194,3,Hamilton (Mercedes),36.69539,112.07152,Rainy,0.8
194,4,Hamilton (Mercedes),36.9313,149.00282,Rainy,0.8
194,5,Hamilton (Mercedes),36.36351,185.36633,Rainy,0.8
194,1,Verstappen (Red Bull),36.68477,36.68477,Rainy,0.8
194,2,Verstappen (Red Bull),36.30599,72.99076,Rainy,0.8
194,3,Verstappen (Red Bull),36.09182,109.08259,Rainy,0.8
194,4,Verstappen (Red Bull),36.66535,145.74794,Rainy,0.8
194,5,Verstappen (Red Bull),35.28539,181.03333,Rainy,0.8
194,1,Norris (McLaren),36.61063,36.61063,Rainy,0.8
194,2,Norris (McLaren),36.45374,73.06437,Rainy,0.8
194,3,Norris (McLaren),36.10375,109.16812,Rainy,0.8
194,4,Norris (McLaren),37.43002,146.59814,Rainy,0.8
194,5,Norris (McLaren),36.20951,182.80766,Rainy,0.8
195,1,Hamilton (Mercedes),37.76393,37.76393,Rainy,0.8
195,2,Hamilton (Mercedes),37.66546,75.42938,Rainy,0.8
195,3,Hamilton (Mercedes),36.79114,112.22053,Rainy,0.8
195,4,Hamilton (Mercedes),37.21407,149.4346,Rainy,0.8
195,5,Hamilton (Mercedes),36.62509,186.05968,Rainy,0.8
195,1,Verstappen (Red Bull),37.37603,37.37603,Rainy,0.8
195,2,Verstappen (Red Bull),36.83335,74.20937,Rainy,0.8
195,3,Verstappen (Red Bull),35.81944,110.02881,Rainy,0.8
195,4,Verstappen (Red Bull),35.74713,145.77594,Rainy,0.8
195,5,Verstappen (Red Bull),36.95213,182.72807,Rainy,0.8
195,1,Norris (McLaren),37.311,37.311,Rainy,0.8
195,2,Norris (McLaren),36.55389,73.86489,Rainy,0.8
195,3,Norris (McLaren),36.01218,109.87707,Rainy,0.8
195,4,Norris (McLaren),36.28192,146.15898,Rainy,0.8
195,5,Norris (McLaren),36.69102,182.85,Rainy,0.8
196,1,Hamilton (Mercedes),36.6696,36.6696,Rainy,0.8
196,2,Hamilton (Mercedes),37.17053,73.84013,Rainy,0.8
196,3,Hamilton (Mercedes),36.50019,110.34032,Rainy,0.8
196,4,Hamilton (Mercedes),37.9369,148.27721,Rainy,0.8
196,5,Hamilton (Mercedes),37.31765,185.59486,Rainy,0.8
196,1,Verstappen (Red Bull),36.77081,36.77081,Rainy,0.8
196,2,Verstappen (Red Bull),37.04973,73.82054,Rainy,0.8
196,3,Verstappen (Red Bull),35.95794,109.77848,Rainy,0.8
196,4,Verstappen (Red Bull),36.29886,146.07734,Rainy,0.8
196,5,Verstappen (Red Bull),36.61614,182.69348,Rainy,0.8
196,1,Norris (McLaren),36.40189,36.40189,Rainy,0.8
196,2,Norris (McLaren),36.1406,72.54249,Rainy,0.8
196,3,Norris (McLaren),38.31904,110.86153,Rainy,0.8
196,4,Norris (McLaren),37.04671,147.90823,Rainy,0.8
196,5,Norris (McLaren),35.30359,183.21183,Rainy,0.8
197,1,Hamilton (Mercedes),36.39775,36.39775,Rainy,0.8
197,2,Hamilton (Mercedes),36.55364,72.9514,Rainy,0.8
197,3,Hamilton (Mercedes),36.06701,109.01841,Rainy,0.8
197,4,Hamilton (Mercedes),37.17364,146.19205,Rainy,0.8
197,5,Hamilton (Mercedes),36.21644,182.4085,Rainy,0.8
197,1,Verstappen (Red Bull),36.05459,36.05459,Rainy,0.8
197,2,Verstappen (Red Bull),36.33048,72.38508,Rainy,0.8
197,3,Verstappen (Red Bull),35.90395,108.28903,Rainy,0.8
197,4,Verstappen (Red Bull),36.17307,144.4621,Rainy,0.8
197,5,Verstappen (Red Bull),35.62523,180.08733,Rainy,0.8
197,1,Norris (McLaren),36.54876,36.54876,Rainy,0.8
197,2,Norris (McLaren),35.59231,72.14107,Rainy,0.8
197,3,Norris (McLaren),35.60256,107.74364,Rainy,0.8
197,4,Norris (McLaren),35.75966,143.5033,Rainy,0.8
197,5,Norris (McLaren),35.81086,179.31416,Rainy,0.8
198,1,Hamilton (Mercedes),36.96414,36.96414,Rainy,0.8
198,2,Hamilton (Mercedes),37.13932,74.10346,Rainy,0.8
198,3,Hamilton (Mercedes),36.24478,110.34824,Rainy,0.8
198,4,Hamilton (Mercedes),36.92295,147.27119,Rainy,0.8
198,5,Hamilton (Mercedes),36.92578,184.19697,Rainy,0.8
198,1,Verstappen (Red Bull),36.53671,36.53671,Rainy,0.8
198,2,Verstappen (Red Bull),36.07268,72.6094,Rainy,0.8
198,3,Verstappen (Red Bull),36.1949,108.8043,Rainy,0.8
198,4,Verstappen (Red Bull),36.10446,144.90875,Rainy,0.8
198,5,Verstappen (Red Bull),36.0714,180.98015,Rainy,0.8
198,1,Norris (McLaren),36.70674,36.70674,Rainy,0.8
198,2,Norris (McLaren),37.34195,74.04869,Rainy,0.8
198,3,Norris (McLaren),34.90427,108.95296,Rainy,0.8
198,4,Norris (McLaren),37.24578,146.19874,Rainy,0.8
198,5,Norris (McLaren),37.00447,183.2032,Rainy,0.8
199,1,Hamilton (Mercedes),37.76827,37.76827,Rainy,0.8
199,2,Hamilton (Mercedes),36.65662,74.4249,Rainy,0.8
199,3,Hamilton (Mercedes),37.07245,111.49734,Rainy,0.8
199,4,Hamilton (Mercedes),37.48839,148.98574,Rainy,0.8
199,5,Hamilton (Mercedes),36.94202,185.92776,Rainy,0.8
199,1,Verstappen (Red Bull),35.42704,35.42704,Rainy,0.8
199,2,Verstappen (Red Bull),36.44503,71.87208,Rainy,0.8
199,3,Verstappen (Red Bull),36.27661,108.14869,Rainy,0.8
199,4,Verstappen (Red Bull),36.01918,144.16787,Rainy,0.8
199,5,Verstappen (Red Bull),36.76148,180.92935,Rainy,0.8
199,1,Norris (McLaren),36.92815,36.92815,Rainy,0.8
199,2,Norris (McLaren),35.89805,72.8262,Rainy,0.8
199,3,Norris (McLaren),36.29758,109.12378,Rainy,0.8
199,4,Norris (McLaren),35.84313,144.9669,Rainy,0.8
199,5,Norris (McLaren),35.77864,180.74554,Rainy,0.8
200,1,Hamilton (Mercedes),36.89753,36.89753,Rainy,0.8
200,2,Hamilton (Mercedes),37.73987,74.63739,Rainy,0.8
200,3,Hamilton (Mercedes),37.08846,111.72586,Rainy,0.8
200,4,Hamilton (Mercedes),37.34059,149.06644,Rainy,0.8
200,5,Hamilton (Mercedes),37.17876,186.24521,Rainy,0.8
200,1,Verstappen (Red Bull),36.02063,36.02063,Rainy,0.8
200,2,Verstappen (Red Bull),37.91843,73.93905,Rainy,0.8
200,3,Verstappen (Red Bull),36.22377,110.16282,Rainy,0.8
200,4,Verstappen (Red Bull),36.64035,146.80317,Rainy,0.8
200,5,Verstappen (Red Bull),35.87286,182.67603,Rainy,0.8
200,1,Norris (McLaren),35.80449,35.80449,Rainy,0.8
200,2,Norris (McLaren),36.37389,72.17838,Rainy,0.8
200,3,Norris (McLaren),36.57631,108.75469,Rainy,0.8
200,4,Norris (McLaren),35.85092,144.60561,Rainy,0.8
200,5,Norris (McLaren),37.2449,181.85051,Rainy,0.8
