trial,lap,entrant,lap_time,cumulative_time,weather,wetness
1,1,Hamilton (Mercedes),43.30733,43.30733,Sunny,0.0
1,2,Hamilton (Mercedes),43.57944,86.88677,Sunny,0.0
1,3,Hamilton (Mercedes),42.15536,129.04213,Sunny,0.0
1,4,Hamilton (Mercedes),42.13918,171.18131,Sunny,0.0
1,5,Hamilton (Mercedes),43.44751,214.62882,Sunny,0.0
1,1,Verstappen (Red Bull),44.12142,44.12142,Sunny,0.0
1,2,Verstappen (Red Bull),41.65067,85.7721,Sunny,0.0
1,3,Verstappen (Red Bull),42.36651,128.13861,Sunny,0.0
1,4,Verstappen (Red Bull),42.91036,171.04897,Sunny,0.0
1,5,Verstappen (Red Bull),42.47521,213.52418,Sunny,0.0
1,1,Norris (McLaren),43.09199,43.09199,Sunny,0.0
1,2,Norris (McLaren),43.01883,86.11082,Sunny,0.0
1,3,Norris (McLaren),43.98457,130.09538,Sunny,0.0
1,4,Norris (McLaren),43.32514,173.42052,Sunny,0.0
1,5,Norris (McLaren),43.43052,216.85104,Sunny,0.0
2,1,Hamilton (Mercedes),42.43641,42.43641,Sunny,0.0
2,2,Hamilton (Mercedes),43.48361,85.92002,Sunny,0.0
2,3,Hamilton (Mercedes),44.08285,130.00287,Sunny,0.0
2,4,Hamilton (Mercedes),43.459,173.46187,Sunny,0.0
2,5,Hamilton (Mercedes),42.91792,216.37978,Sunny,0.0
2,1,Verstappen (Red Bull),42.02401,42.02401,Sunny,0.0
2,2,Verstappen (Red Bull),43.0274,85.05141,Sunny,0.0
2,3,Verstappen (Red Bull),43.01054,128.06195,Sunny,0.0
2,4,Verstappen (Red Bull),42.60774,170.66968,Sunny,0.0
2,5,Verstappen (Red Bull),41.39622,212.0659,Sunny,0.0
2,1,Norris (McLaren),42.70458,42.70458,Sunny,0.0
2,2,Norris (McLaren),42.4619,85.16648,Sunny,0.0
2,3,Norris (McLaren),42.61477,127.78125,Sunny,0.0
2,4,Norris (McLaren),43.42753,171.20878,Sunny,0.0
2,5,Norris (McLaren),42.49979,213.70857,Sunny,0.0
3,1,Hamilton (Mercedes),42.94384,42.94384,Sunny,0.0
3,2,Hamilton (Mercedes),43.81462,86.75846,Sunny,0.0
3,3,Hamilton (Mercedes),42.63761,129.39607,Sunny,0.0
3,4,Hamilton (Mercedes),43.03468,172.43075,Sunny,0.0
3,5,Hamilton (Mercedes),43.43094,215.86169,Sunny,0.0
3,1,Verstappen (Red Bull),42.35561,42.35561,Sunny,0.0
3,2,Verstappen (Red Bull),41.83856,84.19417,Sunny,0.0
3,3,Verstappen (Red Bull),42.87116,127.06534,Sunny,0.0
3,4,Verstappen (Red Bull),43.23024,170.29557,Sunny,0.0
3,5,Verstappen (Red Bull),41.6985,211.99407,Sunny,0.0
3,1,Norris (McLaren),42.99911,42.99911,Sunny,0.0
3,2,Norris (McLaren),42.87714,85.87625,Sunny,0.0
3,3,Norris (McLaren),44.15887,130.03512,Sunny,0.0
3,4,Norris (McLaren),42.07801,172.11312,Sunny,0.0
3,5,Norris (McLaren),43.0452,215.15832,Sunny,0.0
4,1,Hamilton (Mercedes),42.22921,42.22921,Sunny,0.0
4,2,Hamilton (Mercedes),42.49864,84.72785,Sunny,0.0
4,3,Hamilton (Mercedes),43.06796,127.79581,Sunny,0.0
4,4,Hamilton (Mercedes),42.85879,170.6546,Sunny,0.0
4,5,Hamilton (Mercedes),42.97112,213.62572,Sunny,0.0
4,1,Verstappen (Red Bull),42.27887,42.27887,Sunny,0.0
4,2,Verstappen (Red Bull),41.78715,84.06602,Sunny,0.0
4,3,Verstappen (Red Bull),43.24922,127.31524,Sunny,0.0
4,4,Verstappen (Red Bull),43.57403,170.88927,Sunny,0.0
4,5,Verstappen (Red Bull),42.69749,213.58676,Sunny,0.0
4,1,Norris (McLaren),42.96763,42.96763,Sunny,0.0
4,2,Norris (McLaren),44.17187,87.13951,Sunny,0.0
4,3,Norris (McLaren),43.58825,130.72775,Sunny,0.0
4,4,Norris (McLaren),43.414,174.14175,Sunny,0.0
4,5,Norris (McLaren),43.87708,218.01884,Sunny,0.0
5,1,Hamilton (Mercedes),42.55864,42.55864,Sunny,0.0
5,2,Hamilton (Mercedes),42.58506,85.14369,Sunny,0.0
5,3,Hamilton (Mercedes),43.11575,128.25944,Sunny,0.0
5,4,Hamilton (Mercedes),42.42693,170.68637,Sunny,0.0
5,5,Hamilton (Mercedes),43.07848,213.76486,Sunny,0.0
5,1,Verstappen (Red Bull),42.85048,42.85048,Sunny,0.0
5,2,Verstappen (Red Bull),43.04842,85.8989,Sunny,0.0
5,3,Verstappen (Red Bull),43.01301,128.9119,Sunny,0.0
5,4,Verstappen (Red Bull),41.89878,170.81069,Sunny,0.0
5,5,Verstappen (Red Bull),42.63394,213.44463,Sunny,0.0
5,1,Norris (McLaren),43.47295,43.47295,Sunny,0.0
5,2,Norris (McLaren),43.95642,87.42936,Sunny,0.0
5,3,Norris (McLaren),43.9364,131.36577,Sunny,0.0
5,4,Norris (McLaren),43.03256,174.39832,Sunny,0.0
5,5,Norris (McLaren),43.08402,217.48234,Sunny,0.0
6,1,Hamilton (Mercedes),42.39729,42.39729,Sunny,0.0
6,2,Hamilton (Mercedes),42.79366,85.19095,Sunny,0.0
6,3,Hamilton (Mercedes),42.60697,127.79792,Sunny,0.0
6,4,Hamilton (Mercedes),42.32212,170.12004,Sunny,0.0
6,5,Hamilton (Mercedes),42.88857,213.00861,Sunny,0.0
6,1,Verstappen (Red Bull),43.30128,43.30128,Sunny,0.0
6,2,Verstappen (Red Bull),43.61789,86.91917,Sunny,0.0
6,3,Verstappen (Red Bull),42.89458,129.81375,Sunny,0.0
6,4,Verstappen (Red Bull),42.65055,172.4643,Sunny,0.0
6,5,Verstappen (Red Bull),42.90876,215.37306,Sunny,0.0
6,1,Norris (McLaren),43.78946,43.78946,Sunny,0.0
6,2,Norris (McLaren),43.61144,87.4009,Sunny,0.0
6,3,Norris (McLaren),43.51006,130.91096,Sunny,0.0
6,4,Norris (McLaren),43.08064,173.99159,Sunny,0.0
6,5,Norris (McLaren),43.02971,217.0213,Sunny,0.0
7,1,Hamilton (Mercedes),44.30257,44.30257,Sunny,0.0
7,2,Hamilton (Mercedes),43.64837,87.95094,Sunny,0.0
7,3,Hamilton (Mercedes),42.57575,130.52669,Sunny,0.0
7,4,Hamilton (Mercedes),43.50701,174.0337,Sunny,0.0
7,5,Hamilton (Mercedes),42.63606,216.66977,Sunny,0.0
7,1,Verstappen (Red Bull),42.85671,42.85671,Sunny,0.0
7,2,Verstappen (Red Bull),42.42411,85.28082,Sunny,0.0
7,3,Verstappen (Red Bull),42.87777,128.15859,Sunny,0.0
7,4,Verstappen (Red Bull),42.40354,170.56213,Sunny,0.0
7,5,Verstappen (Red Bull),42.57122,213.13335,Sunny,0.0
7,1,Norris (McLaren),43.58603,43.58603,Sunny,0.0
7,2,Norris (McLaren),43.67007,87.2561,Sunny,0.0
7,3,Norris (McLaren),41.95778,129.21388,Sunny,0.0
7,4,Norris (McLaren),44.12137,173.33525,Sunny,0.0
7,5,Norris (McLaren),41.73539,215.07064,Sunny,0.0
8,1,Hamilton (Mercedes),42.25237,42.25237,Sunny,0.0
8,2,Hamilton (Mercedes),42.78332,85.03568,Sunny,0.0
8,3,Hamilton (Mercedes),43.36416,128.39984,Sunny,0.0
8,4,Hamilton (Mercedes),43.03602,171.43586,Sunny,0.0
8,5,Hamilton (Mercedes),42.78352,214.21938,Sunny,0.0
8,1,Verstappen (Red Bull),43.32703,43.32703,Sunny,0.0
8,2,Verstappen (Red Bull),42.76747,86.09449,Sunny,0.0
8,3,Verstappen (Red Bull),42.71492,128.80942,Sunny,0.0
8,4,Verstappen (Red Bull),43.21218,172.0216,Sunny,0.0
8,5,Verstappen (Red Bull),42.33617,214.35777,Sunny,0.0
8,1,Norris (McLaren),44.8099,44.8099,Sunny,0.0
8,2,Norris (McLaren),44.17159,88.98149,Sunny,0.0
8,3,Norris (McLaren),43.25807,132.23956,Sunny,0.0
8,4,Norris (McLaren),43.31166,175.55122,Sunny,0.0
8,5,Norris (McLaren),43.39567,218.94688,Sunny,0.0
9,1,Hamilton (Mercedes),43.5161,43.5161,Sunny,0.0
9,2,Hamilton (Mercedes),43.33829,86.85439,Sunny,0.0
9,3,Hamilton (Mercedes),42.65222,129.50661,Sunny,0.0
9,4,Hamilton (Mercedes),42.53374,172.04035,Sunny,0.0
9,5,Hamilton (Mercedes),43.72204,215.76239,Sunny,0.0
9,1,Verstappen (Red Bull),41.95328,41.95328,Sunny,0.0
9,2,Verstappen (Red Bull),42.27443,84.22771,Sunny,0.0
9,3,Verstappen (Red Bull),43.43886,127.66657,Sunny,0.0
9,4,Verstappen (Red Bull),41.93175,169.59832,Sunny,0.0
9,5,Verstappen (Red Bull),43.0815,212.67982,Sunny,0.0
9,1,Norris (McLaren),44.05043,44.05043,Sunny,0.0
9,2,Norris (McLaren),45.01144,89.06186,Sunny,0.0
9,3,Norris (McLaren),44.2366,133.29846,Sunny,0.0
9,4,Norris (McLaren),43.43608,176.73454,Sunny,0.0
9,5,Norris (McLaren),42.56576,219.3003,Sunny,0.0
10,1,Hamilton (Mercedes),43.89083,43.89083,Sunny,0.0
10,2,Hamilton (Mercedes),43.81992,87.71075,Sunny,0.0
10,3,Hamilton (Mercedes),44.00637,131.71712,Sunny,0.0
10,4,Hamilton (Mercedes),43.99436,175.71148,Sunny,0.0
10,5,Hamilton (Mercedes),43.13887,218.85036,Sunny,0.0
10,1,Verstappen (Red Bull),42.58365,42.58365,Sunny,0.0
10,2,Verstappen (Red Bull),42.14118,84.72483,Sunny,0.0
10,3,Verstappen (Red Bull),43.02326,127.7481,Sunny,0.0
10,4,Verstappen (Red Bull),43.25916,171.00726,Sunny,0.0
10,5,Verstappen (Red Bull),42.41148,213.41874,Sunny,0.0
10,1,Norris (McLaren),43.45594,43.45594,Sunny,0.0
10,2,Norris (McLaren),43.99637,87.45231,Sunny,0.0
10,3,Norris (McLaren),44.41194,131.86426,Sunny,0.0
10,4,Norris (McLaren),42.78512,174.64937,Sunny,0.0
10,5,Norris (McLaren),43.13473,217.78411,Sunny,0.0
11,1,Hamilton (Mercedes),42.5863,42.5863,Sunny,0.0
11,2,Hamilton (Mercedes),42.58347,85.16977,Sunny,0.0
11,3,Hamilton (Mercedes),43.58724,128.75701,Sunny,0.0
11,4,Hamilton (Mercedes),43.65699,172.414,Sunny,0.0
11,5,Hamilton (Mercedes),42.89697,215.31096,Sunny,0.0
11,1,Verstappen (Red Bull),42.63787,42.63787,Sunny,0.0
11,2,Verstappen (Red Bull),42.4265,85.06437,Sunny,0.0
11,3,Verstappen (Red Bull),43.82633,128.89071,Sunny,0.0
11,4,Verstappen (Red Bull),42.42714,171.31785,Sunny,0.0
11,5,Verstappen (Red Bull),42.58611,213.90396,Sunny,0.0
11,1,Norris (McLaren),42.70856,42.70856,Sunny,0.0
11,2,Norris (McLaren),43.76918,86.47774,Sunny,0.0
11,3,Norris (McLaren),42.94993,129.42767,Sunny,0.0
11,4,Norris (McLaren),41.99329,171.42096,Sunny,0.0
11,5,Norris (McLaren),43.48064,214.9016,Sunny,0.0
12,1,Hamilton (Mercedes),43.20769,43.20769,Sunny,0.0
12,2,Hamilton (Mercedes),43.02074,86.22843,Sunny,0.0
12,3,Hamilton (Mercedes),43.15987,129.38829,Sunny,0.0
12,4,Hamilton (Mercedes),43.26481,172.65311,Sunny,0.0
12,5,Hamilton (Mercedes),43.33057,215.98368,Sunny,0.0
12,1,Verstappen (Red Bull),43.43532,43.43532,Sunny,0.0
12,2,Verstappen (Red Bull),43.18514,86.62046,Sunny,0.0
12,3,Verstappen (Red Bull),43.36723,129.98769,Sunny,0.0
12,4,Verstappen (Red Bull),43.17978,173.16747,Sunny,0.0
12,5,Verstappen (Red Bull),43.07298,216.24045,Sunny,0.0
12,1,Norris (McLaren),43.22169,43.22169,Sunny,0.0
12,2,Norris (McLaren),43.3518,86.57348,Sunny,0.0
12,3,Norris (McLaren),42.39904,128.97252,Sunny,0.0
12,4,Norris (McLaren),44.10262,173.07514,Sunny,0.0
12,5,Norris (McLaren),44.76364,217.83879,Sunny,0.0
13,1,Hamilton (Mercedes),43.07753,43.07753,Sunny,0.0
13,2,Hamilton (Mercedes),42.59973,85.67726,Sunny,0.0
13,3,Hamilton (Mercedes),43.31317,128.99042,Sunny,0.0
13,4,Hamilton (Mercedes),42.95913,171.94955,Sunny,0.0
13,5,Hamilton (Mercedes),43.63832,215.58787,Sunny,0.0
13,1,Verstappen (Red Bull),41.85052,41.85052,Sunny,0.0
13,2,Verstappen (Red Bull),43.69514,85.54566,Sunny,0.0
13,3,Verstappen (Red Bull),43.5965,129.14216,Sunny,0.0
13,4,Verstappen (Red Bull),43.03567,172.17782,Sunny,0.0
13,5,Verstappen (Red Bull),41.5698,213.74762,Sunny,0.0
13,1,Norris (McLaren),43.08113,43.08113,Sunny,0.0
13,2,Norris (McLaren),44.39561,87.47674,Sunny,0.0
13,3,Norris (McLaren),43.41791,130.89466,Sunny,0.0
13,4,Norris (McLaren),42.68089,173.57554,Sunny,0.0
13,5,Norris (McLaren),43.41339,216.98894,Sunny,0.0
14,1,Hamilton (Mercedes),43.14098,43.14098,Sunny,0.0
14,2,Hamilton (Mercedes),42.44666,85.58765,Sunny,0.0
14,3,Hamilton (Mercedes),43.09318,128.68082,Sunny,0.0
14,4,Hamilton (Mercedes),43.65606,172.33688,Sunny,0.0
14,5,Hamilton (Mercedes),43.65607,215.99295,Sunny,0.0
14,1,Verstappen (Red Bull),43.37408,43.37408,Sunny,0.0
14,2,Verstappen (Red Bull),42.97794,86.35203,Sunny,0.0
14,3,Verstappen (Red Bull),42.40022,128.75225,Sunny,0.0
14,4,Verstappen (Red Bull),42.74919,171.50144,Sunny,0.0
14,5,Verstappen (Red Bull),43.92124,215.42269,Sunny,0.0
14,1,Norris (McLaren),43.73411,43.73411,Sunny,0.0
14,2,Norris (McLaren),43.84588,87.57999,Sunny,0.0
14,3,Norris (McLaren),42.57445,130.15444,Sunny,0.0
14,4,Norris (McLaren),44.1191,174.27354,Sunny,0.0
14,5,Norris (McLaren),43.45354,217.72709,Sunny,0.0
15,1,Hamilton (Mercedes),44.01104,44.01104,Sunny,0.0
15,2,Hamilton (Mercedes),42.91044,86.92148,Sunny,0.0
15,3,Hamilton (Mercedes),43.06384,129.98532,Sunny,0.0
15,4,Hamilton (Mercedes),42.98017,172.96549,Sunny,0.0
15,5,Hamilton (Mercedes),42.7776,215.7431,Sunny,0.0
15,1,Verstappen (Red Bull),42.58311,42.58311,Sunny,0.0
15,2,Verstappen (Red Bull),42.85632,85.43943,Sunny,0.0
15,3,Verstappen (Red Bull),42.76722,128.20665,Sunny,0.0
15,4,Verstappen (Red Bull),42.96913,171.17578,Sunny,0.0
15,5,Verstappen (Red Bull),43.90142,215.07719,Sunny,0.0
15,1,Norris (McLaren),43.72046,43.72046,Sunny,0.0
15,2,Norris (McLaren),43.6954,87.41586,Sunny,0.0
15,3,Norris (McLaren),42.81206,130.22792,Sunny,0.0
15,4,Norris (McLaren),44.62194,174.84986,Sunny,0.0
15,5,Norris (McLaren),42.77402,217.62388,Sunny,0.0
16,1,Hamilton (Mercedes),41.94298,41.94298,Sunny,0.0
16,2,Hamilton (Mercedes),43.20329,85.14628,Sunny,0.0
16,3,Hamilton (Mercedes),43.33639,128.48266,Sunny,0.0
16,4,Hamilton (Mercedes),42.61621,171.09887,Sunny,0.0
16,5,Hamilton (Mercedes),43.8821,214.98097,Sunny,0.0
16,1,Verstappen (Red Bull),41.82198,41.82198,Sunny,0.0
16,2,Verstappen (Red Bull),41.89007,83.71205,Sunny,0.0
16,3,Verstappen (Red Bull),42.72109,126.43314,Sunny,0.0
16,4,Verstappen (Red Bull),42.55075,168.98389,Sunny,0.0
16,5,Verstappen (Red Bull),42.62506,211.60895,Sunny,0.0
16,1,Norris (McLaren),43.72313,43.72313,Sunny,0.0
16,2,Norris (McLaren),43.18866,86.91179,Sunny,0.0
16,3,Norris (McLaren),44.3051,131.21689,Sunny,0.0
16,4,Norris (McLaren),42.22578,173.44267,Sunny,0.0
16,5,Norris (McLaren),43.69821,217.14088,Sunny,0.0
17,1,Hamilton (Mercedes),44.28764,44.28764,Sunny,0.0
17,2,Hamilton (Mercedes),43.23837,87.526,Sunny,0.0
17,3,Hamilton (Mercedes),43.58345,131.10945,Sunny,0.0
17,4,Hamilton (Mercedes),43.87315,174.9826,Sunny,0.0
17,5,Hamilton (Mercedes),43.20909,218.19169,Sunny,0.0
17,1,Verstappen (Red Bull),42.63895,42.63895,Sunny,0.0
17,2,Verstappen (Red Bull),41.31797,83.95692,Sunny,0.0
17,3,Verstappen (Red Bull),42.37718,126.3341,Sunny,0.0
17,4,Verstappen (Red Bull),43.42496,169.75906,Sunny,0.0
17,5,Verstappen (Red Bull),42.80412,212.56318,Sunny,0.0
17,1,Norris (McLaren),42.7048,42.7048,Sunny,0.0
17,2,Norris (McLaren),43.60322,86.30802,Sunny,0.0
17,3,Norris (McLaren),43.44808,129.75611,Sunny,0.0
17,4,Norris (McLaren),43.70494,173.46105,Sunny,0.0
17,5,Norris (McLaren),43.25307,216.71412,Sunny,0.0
18,1,Hamilton (Mercedes),43.49454,43.49454,Sunny,0.0
18,2,Hamilton (Mercedes),42.80668,86.30121,Sunny,0.0
18,3,Hamilton (Mercedes),44.23175,130.53297,Sunny,0.0
18,4,Hamilton (Mercedes),43.51562,174.04858,Sunny,0.0
18,5,Hamilton (Mercedes),42.99034,217.03893,Sunny,0.0
18,1,Verstappen (Red Bull),43.20471,43.20471,Sunny,0.0
18,2,Verstappen (Red Bull),42.8494,86.0541,Sunny,0.0
18,3,Verstappen (Red Bull),42.98879,129.04289,Sunny,0.0
18,4,Verstappen (Red Bull),42.50313,171.54602,Sunny,0.0
18,5,Verstappen (Red Bull),42.64537,214.1914,Sunny,0.0
18,1,Norris (McLaren),43.04475,43.04475,Sunny,0.0
18,2,Norris (McLaren),43.05155,86.09629,Sunny,0.0
18,3,Norris (McLaren),43.63333,129.72962,Sunny,0.0
18,4,Norris (McLaren),42.81296,172.54259,Sunny,0.0
18,5,Norris (McLaren),42.86282,215.40541,Sunny,0.0
19,1,Hamilton (Mercedes),43.21779,43.21779,Sunny,0.0
19,2,Hamilton (Mercedes),42.48106,85.69884,Sunny,0.0
19,3,Hamilton (Mercedes),43.02933,128.72818,Sunny,0.0
19,4,Hamilton (Mercedes),43.18469,171.91286,Sunny,0.0
19,5,Hamilton (Mercedes),43.20113,215.114,Sunny,0.0
19,1,Verstappen (Red Bull),42.64105,42.64105,Sunny,0.0
19,2,Verstappen (Red Bull),41.12432,83.76537,Sunny,0.0
19,3,Verstappen (Red Bull),42.78547,126.55083,Sunny,0.0
19,4,Verstappen (Red Bull),42.90559,169.45642,Sunny,0.0
19,5,Verstappen (Red Bull),42.27029,211.72671,Sunny,0.0
19,1,Norris (McLaren),43.7775,43.7775,Sunny,0.0
19,2,Norris (McLaren),43.076,86.85351,Sunny,0.0
19,3,Norris (McLaren),42.52311,129.37661,Sunny,0.0
19,4,Norris (McLaren),42.86346,172.24007,Sunny,0.0
19,5,Norris (McLaren),43.19877,215.43884,Sunny,0.0
20,1,Hamilton (Mercedes),42.68646,42.68646,Sunny,0.0
20,2,Hamilton (Mercedes),42.74141,85.42787,Sunny,0.0
20,3,Hamilton (Mercedes),43.40575,128.83362,Sunny,0.0
20,4,Hamilton (Mercedes),43.88612,172.71975,Sunny,0.0
20,5,Hamilton (Mercedes),42.69278,215.41252,Sunny,0.0
20,1,Verstappen (Red Bull),42.26144,42.26144,Sunny,0.0
20,2,Verstappen (Red Bull),43.58327,85.84471,Sunny,0.0
20,3,Verstappen (Red Bull),42.46517,128.30987,Sunny,0.0
20,4,Verstappen (Red Bull),42.49218,170.80205,Sunny,0.0
20,5,Verstappen (Red Bull),42.5224,213.32445,Sunny,0.0
20,1,Norris (McLaren),43.30263,43.30263,Sunny,0.0
20,2,Norris (McLaren),43.36642,86.66905,Sunny,0.0
20,3,Norris (McLaren),43.56588,130.23493,Sunny,0.0
20,4,Norris (McLaren),44.12481,174.35974,Sunny,0.0
20,5,Norris (McLaren),43.75889,218.11863,Sunny,0.0
21,1,Hamilton (Mercedes),43.61025,43.61025,Sunny,0.0
21,2,Hamilton (Mercedes),42.2302,85.84045,Sunny,0.0
21,3,Hamilton (Mercedes),43.37183,129.21229,Sunny,0.0
21,4,Hamilton (Mercedes),44.39852,173.61081,Sunny,0.0
21,5,Hamilton (Mercedes),42.70314,216.31395,Sunny,0.0
21,1,Verstappen (Red Bull),43.50748,43.50748,Sunny,0.0
21,2,Verstappen (Red Bull),42.25285,85.76033,Sunny,0.0
21,3,Verstappen (Red Bull),42.41737,128.1777,Sunny,0.0
21,4,Verstappen (Red Bull),42.34003,170.51773,Sunny,0.0
21,5,Verstappen (Red Bull),41.68844,212.20616,Sunny,0.0
21,1,Norris (McLaren),43.02993,43.02993,Sunny,0.0
21,2,Norris (McLaren),42.53397,85.5639,Sunny,0.0
21,3,Norris (McLaren),44.02819,129.59208,Sunny,0.0
21,4,Norris (McLaren),42.43752,172.0296,Sunny,0.0
21,5,Norris (McLaren),41.96568,213.99528,Sunny,0.0
22,1,Hamilton (Mercedes),44.17796,44.17796,Sunny,0.0
22,2,Hamilton (Mercedes),42.99614,87.1741,Sunny,0.0
22,3,Hamilton (Mercedes),43.20803,130.38213,Sunny,0.0
22,4,Hamilton (Mercedes),44.36883,174.75096,Sunny,0.0
22,5,Hamilton (Mercedes),42.83103,217.58199,Sunny,0.0
22,1,Verstappen (Red Bull),41.87137,41.87137,Sunny,0.0
22,2,Verstappen (Red Bull),42.57033,84.4417,Sunny,0.0
22,3,Verstappen (Red Bull),42.68995,127.13165,Sunny,0.0
22,4,Verstappen (Red Bull),42.53544,169.66708,Sunny,0.0
22,5,Verstappen (Red Bull),42.99528,212.66236,Sunny,0.0
22,1,Norris (McLaren),42.38132,42.38132,Sunny,0.0
22,2,Norris (McLaren),44.06127,86.44259,Sunny,0.0
22,3,Norris (McLaren),43.13279,129.57538,Sunny,0.0
22,4,Norris (McLaren),43.09757,172.67295,Sunny,0.0
22,5,Norris (McLaren),44.45149,217.12444,Sunny,0.0
23,1,Hamilton (Mercedes),42.09344,42.09344,Sunny,0.0
23,2,Hamilton (Mercedes),42.76604,84.85949,Sunny,0.0
23,3,Hamilton (Mercedes),43.90567,128.76516,Sunny,0.0
23,4,Hamilton (Mercedes),43.33717,172.10233,Sunny,0.0
23,5,Hamilton (Mercedes),43.4079,215.51023,Sunny,0.0
23,1,Verstappen (Red Bull),42.58477,42.58477,Sunny,0.0
23,2,Verstappen (Red Bull),43.31737,85.90214,Sunny,0.0
23,3,Verstappen (Red Bull),43.12257,129.02471,Sunny,0.0
23,4,Verstappen (Red Bull),42.32651,171.35122,Sunny,0.0
23,5,Verstappen (Red Bull),42.12954,213.48076,Sunny,0.0
23,1,Norris (McLaren),42.69138,42.69138,Sunny,0.0
23,2,Norris (McLaren),43.18596,85.87734,Sunny,0.0
23,3,Norris (McLaren),42.80269,128.68003,Sunny,0.0
23,4,Norris (McLaren),41.33211,170.01214,Sunny,0.0
23,5,Norris (McLaren),42.61734,212.62947,Sunny,0.0
24,1,Hamilton (Mercedes),43.09989,43.09989,Sunny,0.0
24,2,Hamilton (Mercedes),43.44971,86.5496,Sunny,0.0
24,3,Hamilton (Mercedes),43.05611,129.6057,Sunny,0.0
24,4,Hamilton (Mercedes),42.17481,171.78051,Sunny,0.0
24,5,Hamilton (Mercedes),42.72797,214.50848,Sunny,0.0
24,1,Verstappen (Red Bull),43.0061,43.0061,Sunny,0.0
24,2,Verstappen (Red Bull),41.88168,84.88778,Sunny,0.0
24,3,Verstappen (Red Bull),42.52075,127.40853,Sunny,0.0
24,4,Verstappen (Red Bull),42.22223,169.63077,Sunny,0.0
24,5,Verstappen (Red Bull),42.80468,212.43544,Sunny,0.0
24,1,Norris (McLaren),43.29273,43.29273,Sunny,0.0
24,2,Norris (McLaren),42.63909,85.93182,Sunny,0.0
24,3,Norris (McLaren),43.64578,129.5776,Sunny,0.0
24,4,Norris (McLaren),43.18862,172.76622,Sunny,0.0
24,5,Norris (McLaren),42.75088,215.5171,Sunny,0.0
25,1,Hamilton (Mercedes),43.30928,43.30928,Sunny,0.0
25,2,Hamilton (Mercedes),43.674,86.98328,Sunny,0.0
25,3,Hamilton (Mercedes),42.69021,129.67349,Sunny,0.0
25,4,Hamilton (Mercedes),42.62524,172.29873,Sunny,0.0
25,5,Hamilton (Mercedes),43.54921,215.84794,Sunny,0.0
25,1,Verstappen (Red Bull),42.32908,42.32908,Sunny,0.0
25,2,Verstappen (Red Bull),42.99591,85.32499,Sunny,0.0
25,3,Verstappen (Red Bull),43.5391,128.86409,Sunny,0.0
25,4,Verstappen (Red Bull),42.67815,171.54224,Sunny,0.0
25,5,Verstappen (Red Bull),42.85422,214.39647,Sunny,0.0
25,1,Norris (McLaren),43.03234,43.03234,Sunny,0.0
25,2,Norris (McLaren),43.4933,86.52564,Sunny,0.0
25,3,Norris (McLaren),42.35675,128.88239,Sunny,0.0
25,4,Norris (McLaren),42.16904,171.05143,Sunny,0.0
25,5,Norris (McLaren),43.11574,214.16717,Sunny,0.0
26,1,Hamilton (Mercedes),41.78324,41.78324,Sunny,0.0
26,2,Hamilton (Mercedes),43.75507,85.53831,Sunny,0.0
26,3,Hamilton (Mercedes),43.91757,129.45589,Sunny,0.0
26,4,Hamilton (Mercedes),43.15485,172.61073,Sunny,0.0
26,5,Hamilton (Mercedes),42.72552,215.33626,Sunny,0.0
26,1,Verstappen (Red Bull),42.43651,42.43651,Sunny,0.0
26,2,Verstappen (Red Bull),42.83077,85.26727,Sunny,0.0
26,3,Verstappen (Red Bull),42.52764,127.79491,Sunny,0.0
26,4,Verstappen (Red Bull),43.40506,171.19997,Sunny,0.0
26,5,Verstappen (Red Bull),42.35243,213.5524,Sunny,0.0
26,1,Norris (McLaren),43.73713,43.73713,Sunny,0.0
26,2,Norris (McLaren),43.05293,86.79006,Sunny,0.0
26,3,Norris (McLaren),42.30609,129.09615,Sunny,0.0
26,4,Norris (McLaren),43.96192,173.05807,Sunny,0.0
26,5,Norris (McLaren),43.89171,216.94978,Sunny,0.0
27,1,Hamilton (Mercedes),43.14488,43.14488,Sunny,0.0
27,2,Hamilton (Mercedes),42.98619,86.13107,Sunny,0.0
27,3,Hamilton (Mercedes),43.11915,129.25022,Sunny,0.0
27,4,Hamilton (Mercedes),43.01241,172.26263,Sunny,0.0
27,5,Hamilton (Mercedes),42.64823,214.91087,Sunny,0.0
27,1,Verstappen (Red Bull),43.01223,43.01223,Sunny,0.0
27,2,Verstappen (Red Bull),42.9909,86.00313,Sunny,0.0
27,3,Verstappen (Red Bull),42.80199,128.80512,Sunny,0.0
27,4,Verstappen (Red Bull),42.56339,171.36851,Sunny,0.0
27,5,Verstappen (Red Bull),42.39022,213.75872,Sunny,0.0
27,1,Norris (McLaren),42.89737,42.89737,Sunny,0.0
27,2,Norris (McLaren),43.2522,86.14958,Sunny,0.0
27,3,Norris (McLaren),42.10942,128.259,Sunny,0.0
27,4,Norris (McLaren),42.24144,170.50043,Sunny,0.0
27,5,Norris (McLaren),43.31164,213.81208,Sunny,0.0
28,1,Hamilton (Mercedes),42.60921,42.60921,Sunny,0.0
28,2,Hamilton (Mercedes),43.60134,86.21055,Sunny,0.0
28,3,Hamilton (Mercedes),42.99112,129.20168,Sunny,0.0
28,4,Hamilton (Mercedes),43.02162,172.22329,Sunny,0.0
28,5,Hamilton (Mercedes),43.67338,215.89667,Sunny,0.0
28,1,Verstappen (Red Bull),43.32141,43.32141,Sunny,0.0
28,2,Verstappen (Red Bull),42.72256,86.04397,Sunny,0.0
28,3,Verstappen (Red Bull),42.59772,128.64169,Sunny,0.0
28,4,Verstappen (Red Bull),43.44663,172.08832,Sunny,0.0
28,5,Verstappen (Red Bull),42.16053,214.24885,Sunny,0.0
28,1,Norris (McLaren),42.43221,42.43221,Sunny,0.0
28,2,Norris (McLaren),43.04432,85.47653,Sunny,0.0
28,3,Norris (McLaren),42.31467,127.7912,Sunny,0.0
28,4,Norris (McLaren),42.67819,170.46939,Sunny,0.0
28,5,Norris (McLaren),43.68619,214.15558,Sunny,0.0
29,1,Hamilton (Mercedes),43.74264,43.74264,Sunny,0.0
29,2,Hamilton (Mercedes),43.04855,86.79119,Sunny,0.0
29,3,Hamilton (Mercedes),43.15545,129.94664,Sunny,0.0
29,4,Hamilton (Mercedes),42.61698,172.56361,Sunny,0.0
29,5,Hamilton (Mercedes),43.65381,216.21742,Sunny,0.0
29,1,Verstappen (Red Bull),42.81354,42.81354,Sunny,0.0
29,2,Verstappen (Red Bull),42.21889,85.03243,Sunny,0.0
29,3,Verstappen (Red Bull),42.69735,127.72978,Sunny,0.0
29,4,Verstappen (Red Bull),42.85661,170.58639,Sunny,0.0
29,5,Verstappen (Red Bull),43.09325,213.67964,Sunny,0.0
29,1,Norris (McLaren),44.31645,44.31645,Sunny,0.0
29,2,Norris (McLaren),43.62846,87.94491,Sunny,0.0
29,3,Norris (McLaren),42.06545,130.01036,Sunny,0.0
29,4,Norris (McLaren),43.08394,173.09431,Sunny,0.0
29,5,Norris (McLaren),44.04649,217.1408,Sunny,0.0
30,1,Hamilton (Mercedes),42.44414,42.44414,Sunny,0.0
30,2,Hamilton (Mercedes),43.43876,85.8829,Sunny,0.0
30,3,Hamilton (Mercedes),42.00867,127.89157,Sunny,0.0
30,4,Hamilton (Mercedes),43.9719,171.86348,Sunny,0.0
30,5,Hamilton (Mercedes),42.61033,214.47381,Sunny,0.0
30,1,Verstappen (Red Bull),43.1821,43.1821,Sunny,0.0
30,2,Verstappen (Red Bull),42.46151,85.64361,Sunny,0.0
30,3,Verstappen (Red Bull),43.94855,129.59216,Sunny,0.0
30,4,Verstappen (Red Bull),42.74838,172.34054,Sunny,0.0
30,5,Verstappen (Red Bull),43.19012,215.53066,Sunny,0.0
30,1,Norris (McLaren),42.07648,42.07648,Sunny,0.0
30,2,Norris (McLaren),43.28084,85.35732,Sunny,0.0
30,3,Norris (McLaren),42.41007,127.76739,Sunny,0.0
30,4,Norris (McLaren),41.73366,169.50106,Sunny,0.0
30,5,Norris (McLaren),43.12195,212.62301,Sunny,0.0
31,1,Hamilton (Mercedes),42.94433,42.94433,Sunny,0.0
31,2,Hamilton (Mercedes),43.87146,86.81578,Sunny,0.0
31,3,Hamilton (Mercedes),43.50636,130.32215,Sunny,0.0
31,4,Hamilton (Mercedes),42.95159,173.27374,Sunny,0.0
31,5,Hamilton (Mercedes),43.37665,216.65038,Sunny,0.0
31,1,Verstappen (Red Bull),43.17343,43.17343,Sunny,0.0
31,2,Verstappen (Red Bull),42.15651,85.32994,Sunny,0.0
31,3,Verstappen (Red Bull),43.01024,128.34018,Sunny,0.0
31,4,Verstappen (Red Bull),42.81754,171.15773,Sunny,0.0
31,5,Verstappen (Red Bull),43.18536,214.34308,Sunny,0.0
31,1,Norris (McLaren),43.76654,43.76654,Sunny,0.0
31,2,Norris (McLaren),43.9131,87.67965,Sunny,0.0
31,3,Norris (McLaren),43.70106,131.38071,Sunny,0.0
31,4,Norris (McLaren),43.79504,175.17574,Sunny,0.0
31,5,Norris (McLaren),43.7534,218.92914,Sunny,0.0
32,1,Hamilton (Mercedes),43.79129,43.79129,Sunny,0.0
32,2,Hamilton (Mercedes),42.83929,86.63058,Sunny,0.0
32,3,Hamilton (Mercedes),42.856,129.48658,Sunny,0.0
32,4,Hamilton (Mercedes),43.55937,173.04595,Sunny,0.0
32,5,Hamilton (Mercedes),43.11906,216.16501,Sunny,0.0
32,1,Verstappen (Red Bull),43.1649,43.1649,Sunny,0.0
32,2,Verstappen (Red Bull),42.51484,85.67973,Sunny,0.0
32,3,Verstappen (Red Bull),42.08678,127.76651,Sunny,0.0
32,4,Verstappen (Red Bull),42.49497,170.26149,Sunny,0.0
32,5,Verstappen (Red Bull),42.32903,212.59052,Sunny,0.0
32,1,Norris (McLaren),43.00785,43.00785,Sunny,0.0
32,2,Norris (McLaren),43.54259,86.55044,Sunny,0.0
32,3,Norris (McLaren),42.37997,128.93041,Sunny,0.0
32,4,Norris (McLaren),42.575,171.50541,Sunny,0.0
32,5,Norris (McLaren),43.01001,214.51542,Sunny,0.0
33,1,Hamilton (Mercedes),43.00737,43.00737,Sunny,0.0
33,2,Hamilton (Mercedes),43.65773,86.6651,Sunny,0.0
33,3,Hamilton (Mercedes),43.03957,129.70467,Sunny,0.0
33,4,Hamilton (Mercedes),42.28241,171.98708,Sunny,0.0
33,5,Hamilton (Mercedes),43.98509,215.97217,Sunny,0.0
33,1,Verstappen (Red Bull),42.74574,42.74574,Sunny,0.0
33,2,Verstappen (Red Bull),43.26908,86.01483,Sunny,0.0
33,3,Verstappen (Red Bull),42.749,128.76382,Sunny,0.0
33,4,Verstappen (Red Bull),42.45546,171.21928,Sunny,0.0
33,5,Verstappen (Red Bull),44.64913,215.86841,Sunny,0.0
33,1,Norris (McLaren),42.49868,42.49868,Sunny,0.0
33,2,Norris (McLaren),43.70465,86.20333,Sunny,0.0
33,3,Norris (McLaren),43.5402,129.74353,Sunny,0.0
33,4,Norris (McLaren),43.04221,172.78574,Sunny,0.0
33,5,Norris (McLaren),43.86121,216.64695,Sunny,0.0
34,1,Hamilton (Mercedes),43.53008,43.53008,Sunny,0.0
34,2,Hamilton (Mercedes),43.17989,86.70997,Sunny,0.0
34,3,Hamilton (Mercedes),43.30312,130.01309,Sunny,0.0
34,4,Hamilton (Mercedes),42.96212,172.97521,Sunny,0.0
34,5,Hamilton (Mercedes),42.4625,215.43771,Sunny,0.0
34,1,Verstappen (Red Bull),42.01351,42.01351,Sunny,0.0
34,2,Verstappen (Red Bull),42.99732,85.01083,Sunny,0.0
34,3,Verstappen (Red Bull),42.5841,127.59493,Sunny,0.0
34,4,Verstappen (Red Bull),43.29865,170.89359,Sunny,0.0
34,5,Verstappen (Red Bull),42.36773,213.26132,Sunny,0.0
34,1,Norris (McLaren),44.14456,44.14456,Sunny,0.0
34,2,Norris (McLaren),42.43531,86.57987,Sunny,0.0
34,3,Norris (McLaren),43.53205,130.11192,Sunny,0.0
34,4,Norris (McLaren),42.45858,172.5705,Sunny,0.0
34,5,Norris (McLaren),43.03259,215.6031,Sunny,0.0
35,1,Hamilton (Mercedes),44.01604,44.01604,Sunny,0.0
35,2,Hamilton (Mercedes),43.38352,87.39956,Sunny,0.0
35,3,Hamilton (Mercedes),43.29207,130.69162,Sunny,0.0
35,4,Hamilton (Mercedes),43.0108,173.70242,Sunny,0.0
35,5,Hamilton (Mercedes),43.08854,216.79096,Sunny,0.0
35,1,Verstappen (Red Bull),42.05215,42.05215,Sunny,0.0
35,2,Verstappen (Red Bull),42.76838,84.82053,Sunny,0.0
35,3,Verstappen (Red Bull),42.67425,127.49477,Sunny,0.0
35,4,Verstappen (Red Bull),43.45451,170.94928,Sunny,0.0
35,5,Verstappen (Red Bull),42.92605,213.87534,Sunny,0.0
35,1,Norris (McLaren),42.99786,42.99786,Sunny,0.0
35,2,Norris (McLaren),43.19371,86.19157,Sunny,0.0
35,3,Norris (McLaren),43.35185,129.54342,Sunny,0.0
35,4,Norris (McLaren),42.99538,172.5388,Sunny,0.0
35,5,Norris (McLaren),44.25039,216.78919,Sunny,0.0
36,1,Hamilton (Mercedes),42.52354,42.52354,Sunny,0.0
36,2,Hamilton (Mercedes),42.94805,85.47158,Sunny,0.0
36,3,Hamilton (Mercedes),42.08054,127.55212,Sunny,0.0
36,4,Hamilton (Mercedes),42.93001,170.48213,Sunny,0.0
36,5,Hamilton (Mercedes),43.83271,214.31484,Sunny,0.0
36,1,Verstappen (Red Bull),43.6911,43.6911,Sunny,0.0
36,2,Verstappen (Red Bull),42.90341,86.59451,Sunny,0.0
36,3,Verstappen (Red Bull),42.84844,129.44295,Sunny,0.0
36,4,Verstappen (Red Bull),42.93622,172.37917,Sunny,0.0
36,5,Verstappen (Red Bull),42.78716,215.16633,Sunny,0.0
36,1,Norris (McLaren),43.0595,43.0595,Sunny,0.0
36,2,Norris (McLaren),42.22659,85.28608,Sunny,0.0
36,3,Norris (McLaren),41.94723,127.23331,Sunny,0.0
36,4,Norris (McLaren),42.46916,169.70247,Sunny,0.0
36,5,Norris (McLaren),43.08521,212.78769,Sunny,0.0
37,1,Hamilton (Mercedes),43.17935,43.17935,Sunny,0.0
37,2,Hamilton (Mercedes),42.23962,85.41897,Sunny,0.0
37,3,Hamilton (Mercedes),42.94643,128.3654,Sunny,0.0
37,4,Hamilton (Mercedes),43.12141,171.48681,Sunny,0.0
37,5,Hamilton (Mercedes),43.98193,215.46874,Sunny,0.0
37,1,Verstappen (Red Bull),42.68737,42.68737,Sunny,0.0
37,2,Verstappen (Red Bull),41.95766,84.64503,Sunny,0.0
37,3,Verstappen (Red Bull),42.88817,127.5332,Sunny,0.0
37,4,Verstappen (Red Bull),42.77135,170.30455,Sunny,0.0
37,5,Verstappen (Red Bull),43.17862,213.48318,Sunny,0.0
37,1,Norris (McLaren),43.96627,43.96627,Sunny,0.0
37,2,Norris (McLaren),43.46683,87.43309,Sunny,0.0
37,3,Norris (McLaren),43.01158,130.44467,Sunny,0.0
37,4,Norris (McLaren),43.17391,173.61858,Sunny,0.0
37,5,Norris (McLaren),43.56907,217.18764,Sunny,0.0
38,1,Hamilton (Mercedes),43.60911,43.60911,Sunny,0.0
38,2,Hamilton (Mercedes),44.09692,87.70603,Sunny,0.0
38,3,Hamilton (Mercedes),43.12306,130.82908,Sunny,0.0
38,4,Hamilton (Mercedes),43.73673,174.56581,Sunny,0.0
38,5,Hamilton (Mercedes),44.11205,218.67786,Sunny,0.0
38,1,Verstappen (Red Bull),42.34066,42.34066,Sunny,0.0
38,2,Verstappen (Red Bull),42.56978,84.91044,Sunny,0.0
38,3,Verstappen (Red Bull),43.47994,128.39038,Sunny,0.0
38,4,Verstappen (Red Bull),43.11416,171.50454,Sunny,0.0
38,5,Verstappen (Red Bull),43.24062,214.74516,Sunny,0.0
38,1,Norris (McLaren),43.52314,43.52314,Sunny,0.0
38,2,Norris (McLaren),44.58178,88.10492,Sunny,0.0
38,3,Norris (McLaren),43.28355,131.38847,Sunny,0.0
38,4,Norris (McLaren),43.07625,174.46472,Sunny,0.0
38,5,Norris (McLaren),42.42621,216.89093,Sunny,0.0
39,1,Hamilton (Mercedes),42.47094,42.47094,Sunny,0.0
39,2,Hamilton (Mercedes),42.52036,84.9913,Sunny,0.0
39,3,Hamilton (Mercedes),43.2951,128.2864,Sunny,0.0
39,4,Hamilton (Mercedes),42.95041,171.23681,Sunny,0.0
39,5,Hamilton (Mercedes),44.28097,215.51778,Sunny,0.0
39,1,Verstappen (Red Bull),41.848,41.848,Sunny,0.0
39,2,Verstappen (Red Bull),42.34209,84.19009,Sunny,0.0
39,3,Verstappen (Red Bull),42.52631,126.7164,Sunny,0.0
39,4,Verstappen (Red Bull),43.2571,169.9735,Sunny,0.0
39,5,Verstappen (Red Bull),42.939,212.9125,Sunny,0.0
39,1,Norris (McLaren),44.30084,44.30084,Sunny,0.0
39,2,Norris (McLaren),43.52985,87.83069,Sunny,0.0
39,3,Norris (McLaren),42.3864,130.21709,Sunny,0.0
39,4,Norris (McLaren),42.68047,172.89756,Sunny,0.0
39,5,Norris (McLaren),43.70561,216.60317,Sunny,0.0
40,1,Hamilton (Mercedes),42.78036,42.78036,Sunny,0.0
40,2,Hamilton (Mercedes),43.12091,85.90126,Sunny,0.0
40,3,Hamilton (Mercedes),42.24265,128.14392,Sunny,0.0
40,4,Hamilton (Mercedes),42.94146,171.08538,Sunny,0.0
40,5,Hamilton (Mercedes),43.05216,214.13754,Sunny,0.0
40,1,Verstappen (Red Bull),43.23823,43.23823,Sunny,0.0
40,2,Verstappen (Red Bull),42.24678,85.48501,Sunny,0.0
40,3,Verstappen (Red Bull),41.7135,127.19851,Sunny,0.0
40,4,Verstappen (Red Bull),43.01128,170.20979,Sunny,0.0
40,5,Verstappen (Red Bull),42.8833,213.09309,Sunny,0.0
40,1,Norris (McLaren),43.4205,43.4205,Sunny,0.0
40,2,Norris (McLaren),42.75285,86.17334,Sunny,0.0
40,3,Norris (McLaren),42.36846,128.54181,Sunny,0.0
40,4,Norris (McLaren),42.44439,170.9862,Sunny,0.0
40,5,Norris (McLaren),43.1395,214.12569,Sunny,0.0
41,1,Hamilton (Mercedes),43.25794,43.25794,Sunny,0.0
41,2,Hamilton (Mercedes),42.13002,85.38796,Sunny,0.0
41,3,Hamilton (Mercedes),42.60136,127.98932,Sunny,0.0
41,4,Hamilton (Mercedes),42.42302,170.41234,Sunny,0.0
41,5,Hamilton (Mercedes),42.79967,213.21201,Sunny,0.0
41,1,Verstappen (Red Bull),42.75552,42.75552,Sunny,0.0
41,2,Verstappen (Red Bull),42.82764,85.58316,Sunny,0.0
41,3,Verstappen (Red Bull),42.60908,128.19224,Sunny,0.0
41,4,Verstappen (Red Bull),43.12859,171.32083,Sunny,0.0
41,5,Verstappen (Red Bull),43.40416,214.72499,Sunny,0.0
41,1,Norris (McLaren),42.34028,42.34028,Sunny,0.0
41,2,Norris (McLaren),44.35793,86.69821,Sunny,0.0
41,3,Norris (McLaren),43.05377,129.75197,Sunny,0.0
41,4,Norris (McLaren),44.05441,173.80638,Sunny,0.0
41,5,Norris (McLaren),43.79228,217.59866,Sunny,0.0
42,1,Hamilton (Mercedes),44.07675,44.07675,Sunny,0.0
42,2,Hamilton (Mercedes),42.57541,86.65216,Sunny,0.0
42,3,Hamilton (Mercedes),43.7743,130.42646,Sunny,0.0
42,4,Hamilton (Mercedes),43.06845,173.49491,Sunny,0.0
42,5,Hamilton (Mercedes),42.53799,216.0329,Sunny,0.0
42,1,Verstappen (Red Bull),43.85217,43.85217,Sunny,0.0
42,2,Verstappen (Red Bull),43.7236,87.57578,Sunny,0.0
42,3,Verstappen (Red Bull),43.78575,131.36152,Sunny,0.0
42,4,Verstappen (Red Bull),43.01032,174.37185,Sunny,0.0
42,5,Verstappen (Red Bull),43.09683,217.46867,Sunny,0.0
42,1,Norris (McLaren),43.90528,43.90528,Sunny,0.0
42,2,Norris (McLaren),42.62748,86.53276,Sunny,0.0
42,3,Norris (McLaren),43.54757,130.08033,Sunny,0.0
42,4,Norris (McLaren),42.43312,172.51346,Sunny,0.0
42,5,Norris (McLaren),42.75733,215.27078,Sunny,0.0
43,1,Hamilton (Mercedes),43.03444,43.03444,Sunny,0.0
43,2,Hamilton (Mercedes),42.94314,85.97757,Sunny,0.0
43,3,Hamilton (Mercedes),42.88197,128.85954,Sunny,0.0
43,4,Hamilton (Mercedes),43.37301,172.23254,Sunny,0.0
43,5,Hamilton (Mercedes),43.77571,216.00826,Sunny,0.0
43,1,Verstappen (Red Bull),42.63605,42.63605,Sunny,0.0
43,2,Verstappen (Red Bull),43.15528,85.79133,Sunny,0.0
43,3,Verstappen (Red Bull),42.74972,128.54105,Sunny,0.0
43,4,Verstappen (Red Bull),42.50774,171.04879,Sunny,0.0
43,5,Verstappen (Red Bull),42.15558,213.20438,Sunny,0.0
43,1,Norris (McLaren),43.08782,43.08782,Sunny,0.0
43,2,Norris (McLaren),43.68988,86.7777,Sunny,0.0
43,3,Norris (McLaren),42.1672,128.9449,Sunny,0.0
43,4,Norris (McLaren),42.42758,171.37248,Sunny,0.0
43,5,Norris (McLaren),42.47877,213.85126,Sunny,0.0
44,1,Hamilton (Mercedes),43.14659,43.14659,Sunny,0.0
44,2,Hamilton (Mercedes),43.51195,86.65854,Sunny,0.0
44,3,Hamilton (Mercedes),42.98161,129.64015,Sunny,0.0
44,4,Hamilton (Mercedes),42.45485,172.095,Sunny,0.0
44,5,Hamilton (Mercedes),44.00694,216.10194,Sunny,0.0
44,1,Verstappen (Red Bull),42.9077,42.9077,Sunny,0.0
44,2,Verstappen (Red Bull),42.84745,85.75514,Sunny,0.0
44,3,Verstappen (Red Bull),42.44379,128.19893,Sunny,0.0
44,4,Verstappen (Red Bull),42.22971,170.42863,Sunny,0.0
44,5,Verstappen (Red Bull),43.37515,213.80378,Sunny,0.0
44,1,Norris (McLaren),42.81105,42.81105,Sunny,0.0
44,2,Norris (McLaren),43.12424,85.93529,Sunny,0.0
44,3,Norris (McLaren),44.29011,130.2254,Sunny,0.0
44,4,Norris (McLaren),42.39967,172.62507,Sunny,0.0
44,5,Norris (McLaren),43.62844,216.25351,Sunny,0.0
45,1,Hamilton (Mercedes),43.18457,43.18457,Sunny,0.0
45,2,Hamilton (Mercedes),43.30518,86.48975,Sunny,0.0
45,3,Hamilton (Mercedes),43.99055,130.4803,Sunny,0.0
45,4,Hamilton (Mercedes),42.56821,173.04851,Sunny,0.0
45,5,Hamilton (Mercedes),43.27017,216.31868,Sunny,0.0
45,1,Verstappen (Red Bull),42.98818,42.98818,Sunny,0.0
45,2,Verstappen (Red Bull),43.18544,86.17362,Sunny,0.0
45,3,Verstappen (Red Bull),42.00484,128.17847,Sunny,0.0
45,4,Verstappen (Red Bull),41.75051,169.92898,Sunny,0.0
45,5,Verstappen (Red Bull),43.11634,213.04532,Sunny,0.0
45,1,Norris (McLaren),43.82059,43.82059,Sunny,0.0
45,2,Norris (McLaren),42.14214,85.96273,Sunny,0.0
45,3,Norris (McLaren),44.36514,130.32787,Sunny,0.0
45,4,Norris (McLaren),42.66248,172.99035,Sunny,0.0
45,5,Norris (McLaren),44.27538,217.26573,Sunny,0.0
46,1,Hamilton (Mercedes),43.13095,43.13095,Sunny,0.0
46,2,Hamilton (Mercedes),44.0635,87.19445,Sunny,0.0
46,3,Hamilton (Mercedes),43.75618,130.95062,Sunny,0.0
46,4,Hamilton (Mercedes),43.44736,174.39799,Sunny,0.0
46,5,Hamilton (Mercedes),42.46635,216.86434,Sunny,0.0
46,1,Verstappen (Red Bull),41.99222,41.99222,Sunny,0.0
46,2,Verstappen (Red Bull),43.09986,85.09208,Sunny,0.0
46,3,Verstappen (Red Bull),42.52964,127.62172,Sunny,0.0
46,4,Verstappen (Red Bull),43.5874,171.20912,Sunny,0.0
46,5,Verstappen (Red Bull),42.92476,214.13388,Sunny,0.0
46,1,Norris (McLaren),43.25577,43.25577,Sunny,0.0
46,2,Norris (McLaren),42.34734,85.60311,Sunny,0.0
46,3,Norris (McLaren),44.08549,129.6886,Sunny,0.0
46,4,Norris (McLaren),43.57156,173.26016,Sunny,0.0
46,5,Norris (McLaren),43.87484,217.135,Sunny,0.0
47,1,Hamilton (Mercedes),43.40667,43.40667,Sunny,0.0
47,2,Hamilton (Mercedes),42.48485,85.89151,Sunny,0.0
47,3,Hamilton (Mercedes),43.07871,128.97022,Sunny,0.0
47,4,Hamilton (Mercedes),43.66156,172.63178,Sunny,0.0
47,5,Hamilton (Mercedes),42.69969,215.33148,Sunny,0.0
47,1,Verstappen (Red Bull),43.27269,43.27269,Sunny,0.0
47,2,Verstappen (Red Bull),43.19329,86.46598,Sunny,0.0
47,3,Verstappen (Red Bull),42.75576,129.22174,Sunny,0.0
47,4,Verstappen (Red Bull),42.25813,171.47987,Sunny,0.0
47,5,Verstappen (Red Bull),43.82275,215.30263,Sunny,0.0
47,1,Norris (McLaren),42.32119,42.32119,Sunny,0.0
47,2,Norris (McLaren),43.37777,85.69896,Sunny,0.0
47,3,Norris (McLaren),43.51214,129.2111,Sunny,0.0
47,4,Norris (McLaren),43.0684,172.2795,Sunny,0.0
47,5,Norris (McLaren),43.46685,215.74635,Sunny,0.0
48,1,Hamilton (Mercedes),43.38741,43.38741,Sunny,0.0
48,2,Hamilton (Mercedes),43.2066,86.59402,Sunny,0.0
48,3,Hamilton (Mercedes),43.29397,129.88798,Sunny,0.0
48,4,Hamilton (Mercedes),43.22074,173.10873,Sunny,0.0
48,5,Hamilton (Mercedes),44.31003,217.41875,Sunny,0.0
48,1,Verstappen (Red Bull),43.45675,43.45675,Sunny,0.0
48,2,Verstappen (Red Bull),42.27454,85.73129,Sunny,0.0
48,3,Verstappen (Red Bull),41.85874,127.59003,Sunny,0.0
48,4,Verstappen (Red Bull),42.68364,170.27367,Sunny,0.0
48,5,Verstappen (Red Bull),43.20987,213.48354,Sunny,0.0
48,1,Norris (McLaren),43.14937,43.14937,Sunny,0.0
48,2,Norris (McLaren),43.25754,86.40691,Sunny,0.0
48,3,Norris (McLaren),42.94808,129.35499,Sunny,0.0
48,4,Norris (McLaren),42.68955,172.04454,Sunny,0.0
48,5,Norris (McLaren),43.86698,215.91152,Sunny,0.0
49,1,Hamilton (Mercedes),42.86692,42.86692,Sunny,0.0
49,2,Hamilton (Mercedes),42.85937,85.72629,Sunny,0.0
49,3,Hamilton (Mercedes),42.84627,128.57256,Sunny,0.0
49,4,Hamilton (Mercedes),43.29233,171.86489,Sunny,0.0
49,5,Hamilton (Mercedes),42.49473,214.35962,Sunny,0.0
49,1,Verstappen (Red Bull),43.53824,43.53824,Sunny,0.0
49,2,Verstappen (Red Bull),42.80563,86.34387,Sunny,0.0
49,3,Verstappen (Red Bull),43.26964,129.6135,Sunny,0.0
49,4,Verstappen (Red Bull),42.48478,172.09828,Sunny,0.0
49,5,Verstappen (Red Bull),42.55901,214.65729,Sunny,0.0
49,1,Norris (McLaren),43.74588,43.74588,Sunny,0.0
49,2,Norris (McLaren),42.89244,86.63832,Sunny,0.0
49,3,Norris (McLaren),43.11116,129.74948,Sunny,0.0
49,4,Norris (McLaren),43.86825,173.61774,Sunny,0.0
49,5,Norris (McLaren),42.58702,216.20475,Sunny,0.0
50,1,Hamilton (Mercedes),43.28847,43.28847,Sunny,0.0
50,2,Hamilton (Mercedes),42.66269,85.95116,Sunny,0.0
50,3,Hamilton (Mercedes),43.43331,129.38447,Sunny,0.0
50,4,Hamilton (Mercedes),43.18842,172.5729,Sunny,0.0
50,5,Hamilton (Mercedes),43.30588,215.87877,Sunny,0.0
50,1,Verstappen (Red Bull),43.47238,43.47238,Sunny,0.0
50,2,Verstappen (Red Bull),41.98397,85.45636,Sunny,0.0
50,3,Verstappen (Red Bull),42.74953,128.20589,Sunny,0.0
50,4,Verstappen (Red Bull),42.13428,170.34017,Sunny,0.0
50,5,Verstappen (Red Bull),43.0593,213.39947,Sunny,0.0
50,1,Norris (McLaren),43.21849,43.21849,Sunny,0.0
50,2,Norris (McLaren),44.78113,87.99961,Sunny,0.0
50,3,Norris (McLaren),43.79563,131.79525,Sunny,0.0
50,4,Norris (McLaren),42.48054,174.27579,Sunny,0.0
50,5,Norris (McLaren),43.0738,217.34959,Sunny,0.0
51,1,Hamilton (Mercedes),42.27464,42.27464,Sunny,0.0
51,2,Hamilton (Mercedes),43.03323,85.30787,Sunny,0.0
51,3,Hamilton (Mercedes),42.66303,127.9709,Sunny,0.0
51,4,Hamilton (Mercedes),42.36843,170.33934,Sunny,0.0
51,5,Hamilton (Mercedes),42.18108,212.52042,Sunny,0.0
51,1,Verstappen (Red Bull),42.69016,42.69016,Sunny,0.0
51,2,Verstappen (Red Bull),42.23154,84.9217,Sunny,0.0
51,3,Verstappen (Red Bull),41.87617,126.79787,Sunny,0.0
51,4,Verstappen (Red Bull),42.81874,169.61661,Sunny,0.0
51,5,Verstappen (Red Bull),42.48699,212.1036,Sunny,0.0
51,1,Norris (McLaren),42.34411,42.34411,Sunny,0.0
51,2,Norris (McLaren),43.64739,85.9915,Sunny,0.0
51,3,Norris (McLaren),43.13901,129.13052,Sunny,0.0
51,4,Norris (McLaren),42.58027,171.71078,Sunny,0.0
51,5,Norris (McLaren),42.11885,213.82963,Sunny,0.0
52,1,Hamilton (Mercedes),42.5055,42.5055,Sunny,0.0
52,2,Hamilton (Mercedes),43.19896,85.70446,Sunny,0.0
52,3,Hamilton (Mercedes),43.53758,129.24204,Sunny,0.0
52,4,Hamilton (Mercedes),43.021,172.26304,Sunny,0.0
52,5,Hamilton (Mercedes),43.40707,215.67012,Sunny,0.0
52,1,Verstappen (Red Bull),42.17492,42.17492,Sunny,0.0
52,2,Verstappen (Red Bull),42.34661,84.52153,Sunny,0.0
52,3,Verstappen (Red Bull),43.45397,127.97549,Sunny,0.0
52,4,Verstappen (Red Bull),42.71594,170.69143,Sunny,0.0
52,5,Verstappen (Red Bull),42.79526,213.48669,Sunny,0.0
52,1,Norris (McLaren),43.61966,43.61966,Sunny,0.0
52,2,Norris (McLaren),42.99007,86.60972,Sunny,0.0
52,3,Norris (McLaren),43.08496,129.69468,Sunny,0.0
52,4,Norris (McLaren),43.81271,173.50738,Sunny,0.0
52,5,Norris (McLaren),43.86591,217.37329,Sunny,0.0
53,1,Hamilton (Mercedes),43.28935,43.28935,Sunny,0.0
53,2,Hamilton (Mercedes),42.70876,85.99811,Sunny,0.0
53,3,Hamilton (Mercedes),43.09812,129.09623,Sunny,0.0
53,4,Hamilton (Mercedes),43.29318,172.38941,Sunny,0.0
53,5,Hamilton (Mercedes),44.05898,216.44839,Sunny,0.0
53,1,Verstappen (Red Bull),42.55336,42.55336,Sunny,0.0
53,2,Verstappen (Red Bull),42.55714,85.1105,Sunny,0.0
53,3,Verstappen (Red Bull),42.73761,127.8481,Sunny,0.0
53,4,Verstappen (Red Bull),43.49045,171.33855,Sunny,0.0
53,5,Verstappen (Red Bull),42.53,213.86855,Sunny,0.0
53,1,Norris (McLaren),43.04068,43.04068,Sunny,0.0
53,2,Norris (McLaren),42.32419,85.36487,Sunny,0.0
53,3,Norris (McLaren),42.64384,128.00871,Sunny,0.0
53,4,Norris (McLaren),43.05648,171.06519,Sunny,0.0
53,5,Norris (McLaren),43.32577,214.39097,Sunny,0.0
54,1,Hamilton (Mercedes),42.89009,42.89009,Sunny,0.0
54,2,Hamilton (Mercedes),43.02207,85.91217,Sunny,0.0
54,3,Hamilton (Mercedes),43.80269,129.71485,Sunny,0.0
54,4,Hamilton (Mercedes),42.50876,172.22362,Sunny,0.0
54,5,Hamilton (Mercedes),43.28413,215.50775,Sunny,0.0
54,1,Verstappen (Red Bull),42.52938,42.52938,Sunny,0.0
54,2,Verstappen (Red Bull),42.6693,85.19868,Sunny,0.0
54,3,Verstappen (Red Bull),42.79985,127.99853,Sunny,0.0
54,4,Verstappen (Red Bull),42.82065,170.81918,Sunny,0.0
54,5,Verstappen (Red Bull),42.37261,213.19179,Sunny,0.0
54,1,Norris (McLaren),42.45741,42.45741,Sunny,0.0
54,2,Norris (McLaren),43.74417,86.20158,Sunny,0.0
54,3,Norris (McLaren),43.35571,129.55729,Sunny,0.0
54,4,Norris (McLaren),42.7359,172.29319,Sunny,0.0
54,5,Norris (McLaren),44.37341,216.6666,Sunny,0.0
55,1,Hamilton (Mercedes),43.10943,43.10943,Sunny,0.0
55,2,Hamilton (Mercedes),42.7794,85.88884,Sunny,0.0
55,3,Hamilton (Mercedes),42.44085,128.32968,Sunny,0.0
55,4,Hamilton (Mercedes),43.31248,171.64217,Sunny,0.0
55,5,Hamilton (Mercedes),43.21264,214.85481,Sunny,0.0
55,1,Verstappen (Red Bull),42.43133,42.43133,Sunny,0.0
55,2,Verstappen (Red Bull),43.03511,85.46644,Sunny,0.0
55,3,Verstappen (Red Bull),43.68949,129.15593,Sunny,0.0
55,4,Verstappen (Red Bull),42.61319,171.76911,Sunny,0.0
55,5,Verstappen (Red Bull),42.32896,214.09807,Sunny,0.0
55,1,Norris (McLaren),43.32019,43.32019,Sunny,0.0
55,2,Norris (McLaren),44.04243,87.36262,Sunny,0.0
55,3,Norris (McLaren),44.23171,131.59433,Sunny,0.0
55,4,Norris (McLaren),43.50802,175.10235,Sunny,0.0
55,5,Norris (McLaren),43.41149,218.51383,Sunny,0.0
56,1,Hamilton (Mercedes),42.76007,42.76007,Sunny,0.0
56,2,Hamilton (Mercedes),43.88148,86.64154,Sunny,0.0
56,3,Hamilton (Mercedes),42.41636,129.0579,Sunny,0.0
56,4,Hamilton (Mercedes),43.97135,173.02925,Sunny,0.0
56,5,Hamilton (Mercedes),43.42556,216.45481,Sunny,0.0
56,1,Verstappen (Red Bull),42.90931,42.90931,Sunny,0.0
56,2,Verstappen (Red Bull),42.03946,84.94877,Sunny,0.0
56,3,Verstappen (Red Bull),42.86786,127.81663,Sunny,0.0
56,4,Verstappen (Red Bull),43.40248,171.21911,Sunny,0.0
56,5,Verstappen (Red Bull),43.49473,214.71383,Sunny,0.0
56,1,Norris (McLaren),43.01842,43.01842,Sunny,0.0
56,2,Norris (McLaren),44.52043,87.53885,Sunny,0.0
56,3,Norris (McLaren),42.99624,130.53509,Sunny,0.0
56,4,Norris (McLaren),42.27355,172.80865,Sunny,0.0
56,5,Norris (McLaren),42.56529,215.37393,Sunny,0.0
57,1,Hamilton (Mercedes),42.83221,42.83221,Sunny,0.0
57,2,Hamilton (Mercedes),43.1743,86.00651,Sunny,0.0
57,3,Hamilton (Mercedes),42.78142,128.78793,Sunny,0.0
57,4,Hamilton (Mercedes),43.01086,171.79879,Sunny,0.0
57,5,Hamilton (Mercedes),43.04135,214.84014,Sunny,0.0
57,1,Verstappen (Red Bull),42.99563,42.99563,Sunny,0.0
57,2,Verstappen (Red Bull),41.82906,84.8247,Sunny,0.0
57,3,Verstappen (Red Bull),42.62522,127.44991,Sunny,0.0
57,4,Verstappen (Red Bull),43.70971,171.15962,Sunny,0.0
57,5,Verstappen (Red Bull),42.7671,213.92673,Sunny,0.0
57,1,Norris (McLaren),43.0555,43.0555,Sunny,0.0
57,2,Norris (McLaren),42.17154,85.22704,Sunny,0.0
57,3,Norris (McLaren),43.40542,128.63246,Sunny,0.0
57,4,Norris (McLaren),44.23633,172.86879,Sunny,0.0
57,5,Norris (McLaren),44.15207,217.02085,Sunny,0.0
58,1,Hamilton (Mercedes),42.70896,42.70896,Sunny,0.0
58,2,Hamilton (Mercedes),42.46622,85.17518,Sunny,0.0
58,3,Hamilton (Mercedes),43.6895,128.86468,Sunny,0.0
58,4,Hamilton (Mercedes),43.53525,172.39993,Sunny,0.0
58,5,Hamilton (Mercedes),42.74052,215.14046,Sunny,0.0
58,1,Verstappen (Red Bull),42.85054,42.85054,Sunny,0.0
58,2,Verstappen (Red Bull),43.28224,86.13278,Sunny,0.0
58,3,Verstappen (Red Bull),42.72193,128.85471,Sunny,0.0
58,4,Verstappen (Red Bull),42.40209,171.2568,Sunny,0.0
58,5,Verstappen (Red Bull),43.11697,214.37376,Sunny,0.0
58,1,Norris (McLaren),44.99037,44.99037,Sunny,0.0
58,2,Norris (McLaren),43.60551,88.59589,Sunny,0.0
58,3,Norris (McLaren),43.38801,131.9839,Sunny,0.0
58,4,Norris (McLaren),43.63934,175.62323,Sunny,0.0
58,5,Norris (McLaren),42.35694,217.98018,Sunny,0.0
59,1,Hamilton (Mercedes),44.01809,44.01809,Sunny,0.0
59,2,Hamilton (Mercedes),42.27951,86.29759,Sunny,0.0
59,3,Hamilton (Mercedes),43.48678,129.78437,Sunny,0.0
59,4,Hamilton (Mercedes),43.91471,173.69908,Sunny,0.0
59,5,Hamilton (Mercedes),43.02275,216.72184,Sunny,0.0
59,1,Verstappen (Red Bull),43.59768,43.59768,Sunny,0.0
59,2,Verstappen (Red Bull),43.67057,87.26825,Sunny,0.0
59,3,Verstappen (Red Bull),43.08301,130.35126,Sunny,0.0
59,4,Verstappen (Red Bull),42.99047,173.34173,Sunny,0.0
59,5,Verstappen (Red Bull),43.55267,216.89441,Sunny,0.0
59,1,Norris (McLaren),42.33487,42.33487,Sunny,0.0
59,2,Norris (McLaren),43.56434,85.89921,Sunny,0.0
59,3,Norris (McLaren),43.17686,129.07607,Sunny,0.0
59,4,Norris (McLaren),43.38456,172.46062,Sunny,0.0
59,5,Norris (McLaren),43.12794,215.58856,Sunny,0.0
60,1,Hamilton (Mercedes),43.50965,43.50965,Sunny,0.0
60,2,Hamilton (Mercedes),43.28424,86.79389,Sunny,0.0
60,3,Hamilton (Mercedes),43.11933,129.91322,Sunny,0.0
60,4,Hamilton (Mercedes),43.15866,173.07188,Sunny,0.0
60,5,Hamilton (Mercedes),42.83623,215.9081,Sunny,0.0
60,1,Verstappen (Red Bull),42.35024,42.35024,Sunny,0.0
60,2,Verstappen (Red Bull),43.53747,85.88771,Sunny,0.0
60,3,Verstappen (Red Bull),42.64242,128.53013,Sunny,0.0
60,4,Verstappen (Red Bull),42.72151,171.25164,Sunny,0.0
60,5,Verstappen (Red Bull),42.67626,213.9279,Sunny,0.0
60,1,Norris (McLaren),43.86141,43.86141,Sunny,0.0
60,2,Norris (McLaren),42.80098,86.66238,Sunny,0.0
60,3,Norris (McLaren),42.65464,129.31703,Sunny,0.0
60,4,Norris (McLaren),43.19247,172.50949,Sunny,0.0
60,5,Norris (McLaren),43.33139,215.84089,Sunny,0.0
61,1,Hamilton (Mercedes),42.56699,42.56699,Sunny,0.0
61,2,Hamilton (Mercedes),43.34048,85.90746,Sunny,0.0
61,3,Hamilton (Mercedes),43.55265,129.46011,Sunny,0.0
61,4,Hamilton (Mercedes),43.6596,173.11972,Sunny,0.0
61,5,Hamilton (Mercedes),43.44702,216.56674,Sunny,0.0
61,1,Verstappen (Red Bull),43.20257,43.20257,Sunny,0.0
61,2,Verstappen (Red Bull),43.13919,86.34176,Sunny,0.0
61,3,Verstappen (Red Bull),43.14915,129.49091,Sunny,0.0
61,4,Verstappen (Red Bull),43.38563,172.87654,Sunny,0.0
61,5,Verstappen (Red Bull),43.14946,216.026,Sunny,0.0
61,1,Norris (McLaren),41.98021,41.98021,Sunny,0.0
61,2,Norris (McLaren),42.35494,84.33515,Sunny,0.0
61,3,Norris (McLaren),43.18096,127.51611,Sunny,0.0
61,4,Norris (McLaren),43.61578,171.13188,Sunny,0.0
61,5,Norris (McLaren),42.38187,213.51375,Sunny,0.0
62,1,Hamilton (Mercedes),43.61603,43.61603,Sunny,0.0
62,2,Hamilton (Mercedes),43.23017,86.84621,Sunny,0.0
62,3,Hamilton (Mercedes),44.45029,131.2965,Sunny,0.0
62,4,Hamilton (Mercedes),43.08823,174.38473,Sunny,0.0
62,5,Hamilton (Mercedes),43.88767,218.27239,Sunny,0.0
62,1,Verstappen (Red Bull),43.34179,43.34179,Sunny,0.0
62,2,Verstappen (Red Bull),43.23406,86.57585,Sunny,0.0
62,3,Verstappen (Red Bull),42.85145,129.4273,Sunny,0.0
62,4,Verstappen (Red Bull),42.12276,171.55006,Sunny,0.0
62,5,Verstappen (Red Bull),42.62452,214.17458,Sunny,0.0
62,1,Norris (McLaren),44.16579,44.16579,Sunny,0.0
62,2,Norris (McLaren),43.83467,88.00046,Sunny,0.0
62,3,Norris (McLaren),43.27448,131.27494,Sunny,0.0
62,4,Norris (McLaren),43.25937,174.53431,Sunny,0.0
62,5,Norris (McLaren),42.4531,216.98741,Sunny,0.0
63,1,Hamilton (Mercedes),43.54883,43.54883,Sunny,0.0
63,2,Hamilton (Mercedes),43.08702,86.63584,Sunny,0.0
63,3,Hamilton (Mercedes),43.19783,129.83367,Sunny,0.0
63,4,Hamilton (Mercedes),43.01235,172.84603,Sunny,0.0
63,5,Hamilton (Mercedes),43.28002,216.12604,Sunny,0.0
63,1,Verstappen (Red Bull),42.70859,42.70859,Sunny,0.0
63,2,Verstappen (Red Bull),42.58621,85.2948,Sunny,0.0
63,3,Verstappen (Red Bull),43.1247,128.41949,Sunny,0.0
63,4,Verstappen (Red Bull),42.56019,170.97968,Sunny,0.0
63,5,Verstappen (Red Bull),43.90175,214.88143,Sunny,0.0
63,1,Norris (McLaren),43.52069,43.52069,Sunny,0.0
63,2,Norris (McLaren),44.17436,87.69504,Sunny,0.0
63,3,Norris (McLaren),43.11007,130.80512,Sunny,0.0
63,4,Norris (McLaren),43.16008,173.96519,Sunny,0.0
63,5,Norris (McLaren),43.4655,217.43069,Sunny,0.0
64,1,Hamilton (Mercedes),41.73122,41.73122,Sunny,0.0
64,2,Hamilton (Mercedes),42.76592,84.49714,Sunny,0.0
64,3,Hamilton (Mercedes),43.07811,127.57525,Sunny,0.0
64,4,Hamilton (Mercedes),42.89688,170.47212,Sunny,0.0
64,5,Hamilton (Mercedes),43.7857,214.25782,Sunny,0.0
64,1,Verstappen (Red Bull),43.67305,43.67305,Sunny,0.0
64,2,Verstappen (Red Bull),42.5675,86.24055,Sunny,0.0
64,3,Verstappen (Red Bull),42.70459,128.94514,Sunny,0.0
64,4,Verstappen (Red Bull),43.07235,172.01749,Sunny,0.0
64,5,Verstappen (Red Bull),42.70282,214.72031,Sunny,0.0
64,1,Norris (McLaren),42.51235,42.51235,Sunny,0.0
64,2,Norris (McLaren),42.75934,85.27169,Sunny,0.0
64,3,Norris (McLaren),44.43052,129.70221,Sunny,0.0
64,4,Norris (McLaren),42.87859,172.5808,Sunny,0.0
64,5,Norris (McLaren),44.3791,216.95991,Sunny,0.0
65,1,Hamilton (Mercedes),43.21919,43.21919,Sunny,0.0
65,2,Hamilton (Mercedes),42.1822,85.40139,Sunny,0.0
65,3,Hamilton (Mercedes),43.13635,128.53774,Sunny,0.0
65,4,Hamilton (Mercedes),43.74372,172.28146,Sunny,0.0
65,5,Hamilton (Mercedes),43.45944,215.7409,Sunny,0.0
65,1,Verstappen (Red Bull),42.48681,42.48681,Sunny,0.0
65,2,Verstappen (Red Bull),42.93228,85.41909,Sunny,0.0
65,3,Verstappen (Red Bull),42.8755,128.29459,Sunny,0.0
65,4,Verstappen (Red Bull),42.34402,170.63861,Sunny,0.0
65,5,Verstappen (Red Bull),42.29887,212.93748,Sunny,0.0
65,1,Norris (McLaren),43.00649,43.00649,Sunny,0.0
65,2,Norris (McLaren),41.75515,84.76165,Sunny,0.0
65,3,Norris (McLaren),42.66527,127.42691,Sunny,0.0
65,4,Norris (McLaren),42.96615,170.39306,Sunny,0.0
65,5,Norris (McLaren),44.07143,214.4645,Sunny,0.0
66,1,Hamilton (Mercedes),42.57168,42.57168,Sunny,0.0
66,2,Hamilton (Mercedes),43.5188,86.09048,Sunny,0.0
66,3,Hamilton (Mercedes),43.27036,129.36084,Sunny,0.0
66,4,Hamilton (Mercedes),42.82493,172.18577,Sunny,0.0
66,5,Hamilton (Mercedes),42.88438,215.07015,Sunny,0.0
66,1,Verstappen (Red Bull),42.95,42.95,Sunny,0.0
66,2,Verstappen (Red Bull),42.7685,85.7185,Sunny,0.0
66,3,Verstappen (Red Bull),43.82847,129.54696,Sunny,0.0
66,4,Verstappen (Red Bull),42.00775,171.55471,Sunny,0.0
66,5,Verstappen (Red Bull),42.37812,213.93283,Sunny,0.0
66,1,Norris (McLaren),43.7303,43.7303,Sunny,0.0
66,2,Norris (McLaren),42.84369,86.57399,Sunny,0.0
66,3,Norris (McLaren),43.06372,129.63771,Sunny,0.0
66,4,Norris (McLaren),44.28169,173.9194,Sunny,0.0
66,5,Norris (McLaren),43.26519,217.18459,Sunny,0.0
67,1,Hamilton (Mercedes),42.70124,42.70124,Sunny,0.0
67,2,Hamilton (Mercedes),43.0807,85.78193,Sunny,0.0
67,3,Hamilton (Mercedes),42.48288,128.26481,Sunny,0.0
67,4,Hamilton (Mercedes),42.76056,171.02538,Sunny,0.0
67,5,Hamilton (Mercedes),43.01921,214.04459,Sunny,0.0
67,1,Verstappen (Red Bull),41.885,41.885,Sunny,0.0
67,2,Verstappen (Red Bull),42.74792,84.63292,Sunny,0.0
67,3,Verstappen (Red Bull),42.5398,127.17272,Sunny,0.0
67,4,Verstappen (Red Bull),42.22548,169.3982,Sunny,0.0
67,5,Verstappen (Red Bull),42.84403,212.24223,Sunny,0.0
67,1,Norris (McLaren),43.42954,43.42954,Sunny,0.0
67,2,Norris (McLaren),42.83128,86.26082,Sunny,0.0
67,3,Norris (McLaren),43.07184,129.33265,Sunny,0.0
67,4,Norris (McLaren),43.80406,173.13672,Sunny,0.0
67,5,Norris (McLaren),42.65597,215.79268,Sunny,0.0
68,1,Hamilton (Mercedes),44.27698,44.27698,Sunny,0.0
68,2,Hamilton (Mercedes),44.22936,88.50634,Sunny,0.0
68,3,Hamilton (Mercedes),42.13991,130.64624,Sunny,0.0
68,4,Hamilton (Mercedes),42.78223,173.42848,Sunny,0.0
68,5,Hamilton (Mercedes),43.59107,217.01955,Sunny,0.0
68,1,Verstappen (Red Bull),43.51719,43.51719,Sunny,0.0
68,2,Verstappen (Red Bull),43.02768,86.54487,Sunny,0.0
68,3,Verstappen (Red Bull),42.27029,128.81516,Sunny,0.0
68,4,Verstappen (Red Bull),42.9415,171.75666,Sunny,0.0
68,5,Verstappen (Red Bull),44.27567,216.03233,Sunny,0.0
68,1,Norris (McLaren),41.44721,41.44721,Sunny,0.0
68,2,Norris (McLaren),42.81413,84.26134,Sunny,0.0
68,3,Norris (McLaren),42.27949,126.54083,Sunny,0.0
68,4,Norris (McLaren),42.86529,169.40612,Sunny,0.0
68,5,Norris (McLaren),42.14796,211.55408,Sunny,0.0
69,1,Hamilton (Mercedes),41.95699,41.95699,Sunny,0.0
69,2,Hamilton (Mercedes),42.55234,84.50934,Sunny,0.0
69,3,Hamilton (Mercedes),43.41039,127.91973,Sunny,0.0
69,4,Hamilton (Mercedes),43.83834,171.75807,Sunny,0.0
69,5,Hamilton (Mercedes),42.65518,214.41324,Sunny,0.0
69,1,Verstappen (Red Bull),42.83054,42.83054,Sunny,0.0
69,2,Verstappen (Red Bull),42.71435,85.54489,Sunny,0.0
69,3,Verstappen (Red Bull),42.6157,128.16059,Sunny,0.0
69,4,Verstappen (Red Bull),43.59026,171.75085,Sunny,0.0
69,5,Verstappen (Red Bull),42.2169,213.96775,Sunny,0.0
69,1,Norris (McLaren),44.11992,44.11992,Sunny,0.0
69,2,Norris (McLaren),44.46707,88.58699,Sunny,0.0
69,3,Norris (McLaren),42.67896,131.26595,Sunny,0.0
69,4,Norris (McLaren),44.20621,175.47216,Sunny,0.0
69,5,Norris (McLaren),44.49436,219.96652,Sunny,0.0
70,1,Hamilton (Mercedes),43.39538,43.39538,Sunny,0.0
70,2,Hamilton (Mercedes),43.1306,86.52598,Sunny,0.0
70,3,Hamilton (Mercedes),42.57283,129.09881,Sunny,0.0
70,4,Hamilton (Mercedes),42.65944,171.75826,Sunny,0.0
70,5,Hamilton (Mercedes),43.5577,215.31595,Sunny,0.0
70,1,Verstappen (Red Bull),43.95261,43.95261,Sunny,0.0
70,2,Verstappen (Red Bull),43.7981,87.7507,Sunny,0.0
70,3,Verstappen (Red Bull),42.00173,129.75243,Sunny,0.0
70,4,Verstappen (Red Bull),42.74202,172.49445,Sunny,0.0
70,5,Verstappen (Red Bull),42.46742,214.96187,Sunny,0.0
70,1,Norris (McLaren),43.12951,43.12951,Sunny,0.0
70,2,Norris (McLaren),42.8012,85.93071,Sunny,0.0
70,3,Norris (McLaren),41.65135,127.58206,Sunny,0.0
70,4,Norris (McLaren),44.03433,171.61639,Sunny,0.0
70,5,Norris (McLaren),43.27143,214.88782,Sunny,0.0
71,1,Hamilton (Mercedes),41.54758,41.54758,Sunny,0.0
71,2,Hamilton (Mercedes),43.62231,85.16989,Sunny,0.0
71,3,Hamilton (Mercedes),43.32566,128.49555,Sunny,0.0
71,4,Hamilton (Mercedes),42.34208,170.83762,Sunny,0.0
71,5,Hamilton (Mercedes),42.65656,213.49418,Sunny,0.0
71,1,Verstappen (Red Bull),41.75899,41.75899,Sunny,0.0
71,2,Verstappen (Red Bull),42.57952,84.33851,Sunny,0.0
71,3,Verstappen (Red Bull),43.24835,127.58687,Sunny,0.0
71,4,Verstappen (Red Bull),42.58747,170.17433,Sunny,0.0
71,5,Verstappen (Red Bull),43.08334,213.25767,Sunny,0.0
71,1,Norris (McLaren),43.22282,43.22282,Sunny,0.0
71,2,Norris (McLaren),43.24612,86.46893,Sunny,0.0
71,3,Norris (McLaren),42.88208,129.35101,Sunny,0.0
71,4,Norris (McLaren),42.92079,172.2718,Sunny,0.0
71,5,Norris (McLaren),42.97243,215.24423,Sunny,0.0
72,1,Hamilton (Mercedes),43.28323,43.28323,Sunny,0.0
72,2,Hamilton (Mercedes),43.29637,86.5796,Sunny,0.0
72,3,Hamilton (Mercedes),42.80432,129.38392,Sunny,0.0
72,4,Hamilton (Mercedes),44.06024,173.44416,Sunny,0.0
72,5,Hamilton (Mercedes),43.3741,216.81825,Sunny,0.0
72,1,Verstappen (Red Bull),43.22615,43.22615,Sunny,0.0
72,2,Verstappen (Red Bull),42.88814,86.11429,Sunny,0.0
72,3,Verstappen (Red Bull),43.10915,129.22344,Sunny,0.0
72,4,Verstappen (Red Bull),42.76931,171.99276,Sunny,0.0
72,5,Verstappen (Red Bull),41.92315,213.9159,Sunny,0.0
72,1,Norris (McLaren),43.05454,43.05454,Sunny,0.0
72,2,Norris (McLaren),42.52412,85.57867,Sunny,0.0
72,3,Norris (McLaren),43.00046,128.57913,Sunny,0.0
72,4,Norris (McLaren),43.31866,171.89778,Sunny,0.0
72,5,Norris (McLaren),43.08226,214.98004,Sunny,0.0
73,1,Hamilton (Mercedes),42.97997,42.97997,Sunny,0.0
73,2,Hamilton (Mercedes),43.42471,86.40468,Sunny,0.0
73,3,Hamilton (Mercedes),44.26174,130.66643,Sunny,0.0
73,4,Hamilton (Mercedes),43.0154,173.68182,Sunny,0.0
73,5,Hamilton (Mercedes),43.30065,216.98247,Sunny,0.0
73,1,Verstappen (Red Bull),43.44847,43.44847,Sunny,0.0
73,2,Verstappen (Red Bull),42.70146,86.14993,Sunny,0.0
73,3,Verstappen (Red Bull),42.08433,128.23425,Sunny,0.0
73,4,Verstappen (Red Bull),42.76935,171.0036,Sunny,0.0
73,5,Verstappen (Red Bull),41.82167,212.82528,Sunny,0.0
73,1,Norris (McLaren),43.61387,43.61387,Sunny,0.0
73,2,Norris (McLaren),43.4169,87.03078,Sunny,0.0
73,3,Norris (McLaren),43.38361,130.41438,Sunny,0.0
73,4,Norris (McLaren),43.7678,174.18218,Sunny,0.0
73,5,Norris (McLaren),43.73141,217.91359,Sunny,0.0
74,1,Hamilton (Mercedes),43.41091,43.41091,Sunny,0.0
74,2,Hamilton (Mercedes),42.59507,86.00599,Sunny,0.0
74,3,Hamilton (Mercedes),43.34751,129.3535,Sunny,0.0
74,4,Hamilton (Mercedes),43.47176,172.82525,Sunny,0.0
74,5,Hamilton (Mercedes),43.70793,216.53318,Sunny,0.0
74,1,Verstappen (Red Bull),42.46425,42.46425,Sunny,0.0
74,2,Verstappen (Red Bull),42.45657,84.92082,Sunny,0.0
74,3,Verstappen (Red Bull),43.59571,128.51653,Sunny,0.0
74,4,Verstappen (Red Bull),42.70202,171.21856,Sunny,0.0
74,5,Verstappen (Red Bull),43.38102,214.59958,Sunny,0.0
74,1,Norris (McLaren),43.04507,43.04507,Sunny,0.0
74,2,Norris (McLaren),43.34613,86.3912,Sunny,0.0
74,3,Norris (McLaren),42.32784,128.71904,Sunny,0.0
74,4,Norris (McLaren),43.7826,172.50164,Sunny,0.0
74,5,Norris (McLaren),42.9639,215.46554,Sunny,0.0
75,1,Hamilton (Mercedes),42.12683,42.12683,Sunny,0.0
75,2,Hamilton (Mercedes),43.7994,85.92623,Sunny,0.0
75,3,Hamilton (Mercedes),43.1201,129.04633,Sunny,0.0
75,4,Hamilton (Mercedes),43.68237,172.7287,Sunny,0.0
75,5,Hamilton (Mercedes),43.11008,215.83878,Sunny,0.0
75,1,Verstappen (Red Bull),42.94343,42.94343,Sunny,0.0
75,2,Verstappen (Red Bull),42.84145,85.78488,Sunny,0.0
75,3,Verstappen (Red Bull),42.75515,128.54003,Sunny,0.0
75,4,Verstappen (Red Bull),42.11983,170.65986,Sunny,0.0
75,5,Verstappen (Red Bull),42.54869,213.20855,Sunny,0.0
75,1,Norris (McLaren),44.6226,44.6226,Sunny,0.0
75,2,Norris (McLaren),41.7646,86.3872,Sunny,0.0
75,3,Norris (McLaren),43.1404,129.5276,Sunny,0.0
75,4,Norris (McLaren),42.51592,172.04352,Sunny,0.0
75,5,Norris (McLaren),43.67264,215.71616,Sunny,0.0
76,1,Hamilton (Mercedes),42.91618,42.91618,Sunny,0.0
76,2,Hamilton (Mercedes),42.81803,85.73421,Sunny,0.0
76,3,Hamilton (Mercedes),42.77088,128.50509,Sunny,0.0
76,4,Hamilton (Mercedes),43.2949,171.79999,Sunny,0.0
76,5,Hamilton (Mercedes),43.03644,214.83643,Sunny,0.0
76,1,Verstappen (Red Bull),42.41447,42.41447,Sunny,0.0
76,2,Verstappen (Red Bull),42.52092,84.93539,Sunny,0.0
76,3,Verstappen (Red Bull),43.10497,128.04036,Sunny,0.0
76,4,Verstappen (Red Bull),42.6646,170.70495,Sunny,0.0
76,5,Verstappen (Red Bull),42.7637,213.46865,Sunny,0.0
76,1,Norris (McLaren),43.21455,43.21455,Sunny,0.0
76,2,Norris (McLaren),43.33189,86.54644,Sunny,0.0
76,3,Norris (McLaren),43.95541,130.50185,Sunny,0.0
76,4,Norris (McLaren),42.52122,173.02307,Sunny,0.0
76,5,Norris (McLaren),42.3907,215.41377,Sunny,0.0
77,1,Hamilton (Mercedes),42.84447,42.84447,Sunny,0.0
77,2,Hamilton (Mercedes),43.20638,86.05085,Sunny,0.0
77,3,Hamilton (Mercedes),42.98456,129.03541,Sunny,0.0
77,4,Hamilton (Mercedes),43.35807,172.39348,Sunny,0.0
77,5,Hamilton (Mercedes),43.46457,215.85805,Sunny,0.0
77,1,Verstappen (Red Bull),42.30439,42.30439,Sunny,0.0
77,2,Verstappen (Red Bull),41.91823,84.22262,Sunny,0.0
77,3,Verstappen (Red Bull),42.99378,127.2164,Sunny,0.0
77,4,Verstappen (Red Bull),42.34498,169.56137,Sunny,0.0
77,5,Verstappen (Red Bull),42.279,211.84037,Sunny,0.0
77,1,Norris (McLaren),42.55062,42.55062,Sunny,0.0
77,2,Norris (McLaren),43.82494,86.37557,Sunny,0.0
77,3,Norris (McLaren),44.35868,130.73425,Sunny,0.0
77,4,Norris (McLaren),43.57673,174.31097,Sunny,0.0
77,5,Norris (McLaren),43.19757,217.50854,Sunny,0.0
78,1,Hamilton (Mercedes),43.56692,43.56692,Sunny,0.0
78,2,Hamilton (Mercedes),44.39261,87.95952,Sunny,0.0
78,3,Hamilton (Mercedes),43.65475,131.61427,Sunny,0.0
78,4,Hamilton (Mercedes),42.99,174.60427,Sunny,0.0
78,5,Hamilton (Mercedes),43.17463,217.7789,Sunny,0.0
78,1,Verstappen (Red Bull),43.7638,43.7638,Sunny,0.0
78,2,Verstappen (Red Bull),42.71975,86.48355,Sunny,0.0
78,3,Verstappen (Red Bull),42.89463,129.37818,Sunny,0.0
78,4,Verstappen (Red Bull),42.50748,171.88567,Sunny,0.0
78,5,Verstappen (Red Bull),42.94877,214.83443,Sunny,0.0
78,1,Norris (McLaren),44.41497,44.41497,Sunny,0.0
78,2,Norris (McLaren),42.27661,86.69158,Sunny,0.0
78,3,Norris (McLaren),42.87331,129.56489,Sunny,0.0
78,4,Norris (McLaren),42.9964,172.56129,Sunny,0.0
78,5,Norris (McLaren),42.33033,214.89162,Sunny,0.0
79,1,Hamilton (Mercedes),43.9818,43.9818,Sunny,0.0
79,2,Hamilton (Mercedes),42.46658,86.44838,Sunny,0.0
79,3,Hamilton (Mercedes),42.94337,129.39175,Sunny,0.0
79,4,Hamilton (Mercedes),42.89222,172.28397,Sunny,0.0
79,5,Hamilton (Mercedes),42.49453,214.77849,Sunny,0.0
79,1,Verstappen (Red Bull),42.66465,42.66465,Sunny,0.0
79,2,Verstappen (Red Bull),41.55464,84.21929,Sunny,0.0
79,3,Verstappen (Red Bull),43.29082,127.51011,Sunny,0.0
79,4,Verstappen (Red Bull),41.68143,169.19154,Sunny,0.0
79,5,Verstappen (Red Bull),42.54265,211.7342,Sunny,0.0
79,1,Norris (McLaren),44.22468,44.22468,Sunny,0.0
79,2,Norris (McLaren),42.53747,86.76215,Sunny,0.0
79,3,Norris (McLaren),44.12567,130.88782,Sunny,0.0
79,4,Norris (McLaren),43.75928,174.6471,Sunny,0.0
79,5,Norris (McLaren),42.61862,217.26572,Sunny,0.0
80,1,Hamilton (Mercedes),43.81296,43.81296,Sunny,0.0
80,2,Hamilton (Mercedes),43.17053,86.98349,Sunny,0.0
80,3,Hamilton (Mercedes),43.15945,130.14294,Sunny,0.0
80,4,Hamilton (Mercedes),42.85144,172.99438,Sunny,0.0
80,5,Hamilton (Mercedes),42.3884,215.38278,Sunny,0.0
80,1,Verstappen (Red Bull),42.61783,42.61783,Sunny,0.0
80,2,Verstappen (Red Bull),42.56592,85.18375,Sunny,0.0
80,3,Verstappen (Red Bull),42.13154,127.31529,Sunny,0.0
80,4,Verstappen (Red Bull),41.78968,169.10497,Sunny,0.0
80,5,Verstappen (Red Bull),43.21838,212.32335,Sunny,0.0
80,1,Norris (McLaren),42.64591,42.64591,Sunny,0.0
80,2,Norris (McLaren),42.46306,85.10896,Sunny,0.0
80,3,Norris (McLaren),44.46087,129.56983,Sunny,0.0
80,4,Norris (McLaren),44.41489,173.98472,Sunny,0.0
80,5,Norris (McLaren),42.84865,216.83337,Sunny,0.0
81,1,Hamilton (Mercedes),42.88462,42.88462,Sunny,0.0
81,2,Hamilton (Mercedes),43.18699,86.07161,Sunny,0.0
81,3,Hamilton (Mercedes),42.34946,128.42107,Sunny,0.0
81,4,Hamilton (Mercedes),43.57165,171.99272,Sunny,0.0
81,5,Hamilton (Mercedes),43.22989,215.22261,Sunny,0.0
81,1,Verstappen (Red Bull),43.29719,43.29719,Sunny,0.0
81,2,Verstappen (Red Bull),42.27005,85.56724,Sunny,0.0
81,3,Verstappen (Red Bull),43.60142,129.16866,Sunny,0.0
81,4,Verstappen (Red Bull),42.48795,171.65661,Sunny,0.0
81,5,Verstappen (Red Bull),43.43269,215.0893,Sunny,0.0
81,1,Norris (McLaren),43.0797,43.0797,Sunny,0.0
81,2,Norris (McLaren),44.92794,88.00764,Sunny,0.0
81,3,Norris (McLaren),43.68327,131.69091,Sunny,0.0
81,4,Norris (McLaren),44.54377,176.23467,Sunny,0.0
81,5,Norris (McLaren),42.44179,218.67646,Sunny,0.0
82,1,Hamilton (Mercedes),43.66283,43.66283,Sunny,0.0
82,2,Hamilton (Mercedes),43.34846,87.01129,Sunny,0.0
82,3,Hamilton (Mercedes),43.0338,130.04509,Sunny,0.0
82,4,Hamilton (Mercedes),43.20962,173.2547,Sunny,0.0
82,5,Hamilton (Mercedes),43.46222,216.71692,Sunny,0.0
82,1,Verstappen (Red Bull),43.06038,43.06038,Sunny,0.0
82,2,Verstappen (Red Bull),43.65254,86.71292,Sunny,0.0
82,3,Verstappen (Red Bull),42.62189,129.3348,Sunny,0.0
82,4,Verstappen (Red Bull),43.44807,172.78287,Sunny,0.0
82,5,Verstappen (Red Bull),43.23785,216.02072,Sunny,0.0
82,1,Norris (McLaren),43.88864,43.88864,Sunny,0.0
82,2,Norris (McLaren),42.98912,86.87776,Sunny,0.0
82,3,Norris (McLaren),44.34913,131.22689,Sunny,0.0
82,4,Norris (McLaren),43.08984,174.31673,Sunny,0.0
82,5,Norris (McLaren),43.54051,217.85724,Sunny,0.0
83,1,Hamilton (Mercedes),42.7203,42.7203,Sunny,0.0
83,2,Hamilton (Mercedes),43.16652,85.88682,Sunny,0.0
83,3,Hamilton (Mercedes),43.71645,129.60327,Sunny,0.0
83,4,Hamilton (Mercedes),43.16232,172.76559,Sunny,0.0
83,5,Hamilton (Mercedes),42.43315,215.19874,Sunny,0.0
83,1,Verstappen (Red Bull),42.16882,42.16882,Sunny,0.0
83,2,Verstappen (Red Bull),42.75285,84.92167,Sunny,0.0
83,3,Verstappen (Red Bull),42.63064,127.55231,Sunny,0.0
83,4,Verstappen (Red Bull),42.36649,169.9188,Sunny,0.0
83,5,Verstappen (Red Bull),43.06257,212.98136,Sunny,0.0
83,1,Norris (McLaren),43.89577,43.89577,Sunny,0.0
83,2,Norris (McLaren),42.51041,86.40618,Sunny,0.0
83,3,Norris (McLaren),43.38616,129.79234,Sunny,0.0
83,4,Norris (McLaren),44.17806,173.9704,Sunny,0.0
83,5,Norris (McLaren),43.71899,217.68939,Sunny,0.0
84,1,Hamilton (Mercedes),42.38913,42.38913,Sunny,0.0
84,2,Hamilton (Mercedes),42.65484,85.04397,Sunny,0.0
84,3,Hamilton (Mercedes),42.60698,127.65095,Sunny,0.0
84,4,Hamilton (Mercedes),44.23446,171.8854,Sunny,0.0
84,5,Hamilton (Mercedes),43.05086,214.93627,Sunny,0.0
84,1,Verstappen (Red Bull),41.45801,41.45801,Sunny,0.0
84,2,Verstappen (Red Bull),43.36598,84.82399,Sunny,0.0
84,3,Verstappen (Red Bull),43.09627,127.92026,Sunny,0.0
84,4,Verstappen (Red Bull),42.31761,170.23787,Sunny,0.0
84,5,Verstappen (Red Bull),42.6426,212.88047,Sunny,0.0
84,1,Norris (McLaren),43.36502,43.36502,Sunny,0.0
84,2,Norris (McLaren),43.44314,86.80817,Sunny,0.0
84,3,Norris (McLaren),43.01025,129.81841,Sunny,0.0
84,4,Norris (McLaren),42.62571,172.44412,Sunny,0.0
84,5,Norris (McLaren),44.58996,217.03409,Sunny,0.0
85,1,Hamilton (Mercedes),43.43748,43.43748,Sunny,0.0
85,2,Hamilton (Mercedes),42.9545,86.39197,Sunny,0.0
85,3,Hamilton (Mercedes),42.65015,129.04213,Sunny,0.0
85,4,Hamilton (Mercedes),42.98191,172.02404,Sunny,0.0
85,5,Hamilton (Mercedes),43.00438,215.02842,Sunny,0.0
85,1,Verstappen (Red Bull),42.14931,42.14931,Sunny,0.0
85,2,Verstappen (Red Bull),42.26704,84.41635,Sunny,0.0
85,3,Verstappen (Red Bull),42.08306,126.49941,Sunny,0.0
85,4,Verstappen (Red Bull),43.27517,169.77458,Sunny,0.0
85,5,Verstappen (Red Bull),42.73765,212.51222,Sunny,0.0
85,1,Norris (McLaren),43.86406,43.86406,Sunny,0.0
85,2,Norris (McLaren),43.3229,87.18696,Sunny,0.0
85,3,Norris (McLaren),43.54459,130.73156,Sunny,0.0
85,4,Norris (McLaren),43.3258,174.05735,Sunny,0.0
85,5,Norris (McLaren),43.79893,217.85628,Sunny,0.0
86,1,Hamilton (Mercedes),43.20233,43.20233,Sunny,0.0
86,2,Hamilton (Mercedes),42.90208,86.10441,Sunny,0.0
86,3,Hamilton (Mercedes),42.98107,129.08548,Sunny,0.0
86,4,Hamilton (Mercedes),42.26974,171.35522,Sunny,0.0
86,5,Hamilton (Mercedes),43.51963,214.87485,Sunny,0.0
86,1,Verstappen (Red Bull),42.27178,42.27178,Sunny,0.0
86,2,Verstappen (Red Bull),42.59927,84.87105,Sunny,0.0
86,3,Verstappen (Red Bull),42.58144,127.45249,Sunny,0.0
86,4,Verstappen (Red Bull),41.60561,169.0581,Sunny,0.0
86,5,Verstappen (Red Bull),43.26541,212.32351,Sunny,0.0
86,1,Norris (McLaren),42.94597,42.94597,Sunny,0.0
86,2,Norris (McLaren),43.28299,86.22895,Sunny,0.0
86,3,Norris (McLaren),42.2194,128.44835,Sunny,0.0
86,4,Norris (McLaren),43.11191,171.56026,Sunny,0.0
86,5,Norris (McLaren),43.70724,215.26749,Sunny,0.0
87,1,Hamilton (Mercedes),43.05683,43.05683,Sunny,0.0
87,2,Hamilton (Mercedes),42.97851,86.03534,Sunny,0.0
87,3,Hamilton (Mercedes),44.87587,130.91121,Sunny,0.0
87,4,Hamilton (Mercedes),43.49279,174.404,Sunny,0.0
87,5,Hamilton (Mercedes),42.60705,217.01104,Sunny,0.0
87,1,Verstappen (Red Bull),42.64466,42.64466,Sunny,0.0
87,2,Verstappen (Red Bull),42.40481,85.04947,Sunny,0.0
87,3,Verstappen (Red Bull),42.79581,127.84528,Sunny,0.0
87,4,Verstappen (Red Bull),43.07114,170.91642,Sunny,0.0
87,5,Verstappen (Red Bull),43.25001,214.16643,Sunny,0.0
87,1,Norris (McLaren),43.17795,43.17795,Sunny,0.0
87,2,Norris (McLaren),41.93834,85.1163,Sunny,0.0
87,3,Norris (McLaren),43.91589,129.03219,Sunny,0.0
87,4,Norris (McLaren),43.47,172.50219,Sunny,0.0
87,5,Norris (McLaren),43.39527,215.89746,Sunny,0.0
88,1,Hamilton (Mercedes),42.47404,42.47404,Sunny,0.0
88,2,Hamilton (Mercedes),43.54789,86.02193,Sunny,0.0
88,3,Hamilton (Mercedes),42.79064,128.81258,Sunny,0.0
88,4,Hamilton (Mercedes),42.61875,171.43133,Sunny,0.0
88,5,Hamilton (Mercedes),42.17088,213.60221,Sunny,0.0
88,1,Verstappen (Red Bull),42.49132,42.49132,Sunny,0.0
88,2,Verstappen (Red Bull),42.76734,85.25866,Sunny,0.0
88,3,Verstappen (Red Bull),43.04489,128.30355,Sunny,0.0
88,4,Verstappen (Red Bull),42.86156,171.16511,Sunny,0.0
88,5,Verstappen (Red Bull),41.62763,212.79274,Sunny,0.0
88,1,Norris (McLaren),42.40826,42.40826,Sunny,0.0
88,2,Norris (McLaren),43.60096,86.00921,Sunny,0.0
88,3,Norris (McLaren),43.94101,129.95022,Sunny,0.0
88,4,Norris (McLaren),43.81736,173.76758,Sunny,0.0
88,5,Norris (McLaren),43.47934,217.24691,Sunny,0.0
89,1,Hamilton (Mercedes),43.11958,43.11958,Sunny,0.0
89,2,Hamilton (Mercedes),43.20387,86.32345,Sunny,0.0
89,3,Hamilton (Mercedes),42.79954,129.12299,Sunny,0.0
89,4,Hamilton (Mercedes),42.22018,171.34317,Sunny,0.0
89,5,Hamilton (Mercedes),42.59932,213.94249,Sunny,0.0
89,1,Verstappen (Red Bull),43.84264,43.84264,Sunny,0.0
89,2,Verstappen (Red Bull),43.71087,87.55352,Sunny,0.0
89,3,Verstappen (Red Bull),42.21764,129.77115,Sunny,0.0
89,4,Verstappen (Red Bull),42.44135,172.2125,Sunny,0.0
89,5,Verstappen (Red Bull),42.43793,214.65043,Sunny,0.0
89,1,Norris (McLaren),43.45068,43.45068,Sunny,0.0
89,2,Norris (McLaren),42.69791,86.14859,Sunny,0.0
89,3,Norris (McLaren),44.77525,130.92384,Sunny,0.0
89,4,Norris (McLaren),43.17465,174.09849,Sunny,0.0
89,5,Norris (McLaren),43.09475,217.19324,Sunny,0.0
90,1,Hamilton (Mercedes),44.20715,44.20715,Sunny,0.0
90,2,Hamilton (Mercedes),43.49267,87.69981,Sunny,0.0
90,3,Hamilton (Mercedes),43.36978,131.06959,Sunny,0.0
90,4,Hamilton (Mercedes),42.34791,173.4175,Sunny,0.0
90,5,Hamilton (Mercedes),43.93353,217.35102,Sunny,0.0
90,1,Verstappen (Red Bull),42.6394,42.6394,Sunny,0.0
90,2,Verstappen (Red Bull),41.96248,84.60187,Sunny,0.0
90,3,Verstappen (Red Bull),42.75864,127.36051,Sunny,0.0
90,4,Verstappen (Red Bull),42.13384,169.49435,Sunny,0.0
90,5,Verstappen (Red Bull),42.70826,212.20261,Sunny,0.0
90,1,Norris (McLaren),43.67131,43.67131,Sunny,0.0
90,2,Norris (McLaren),43.35438,87.02569,Sunny,0.0
90,3,Norris (McLaren),42.63631,129.662,Sunny,0.0
90,4,Norris (McLaren),42.89883,172.56083,Sunny,0.0
90,5,Norris (McLaren),43.52834,216.08917,Sunny,0.0
91,1,Hamilton (Mercedes),43.47072,43.47072,Sunny,0.0
91,2,Hamilton (Mercedes),43.08265,86.55337,Sunny,0.0
91,3,Hamilton (Mercedes),43.60708,130.16045,Sunny,0.0
91,4,Hamilton (Mercedes),43.16808,173.32853,Sunny,0.0
91,5,Hamilton (Mercedes),43.1378,216.46633,Sunny,0.0
91,1,Verstappen (Red Bull),43.22926,43.22926,Sunny,0.0
91,2,Verstappen (Red Bull),43.75734,86.98659,Sunny,0.0
91,3,Verstappen (Red Bull),43.18285,130.16945,Sunny,0.0
91,4,Verstappen (Red Bull),41.87059,172.04003,Sunny,0.0
91,5,Verstappen (Red Bull),43.03981,215.07985,Sunny,0.0
91,1,Norris (McLaren),43.14174,43.14174,Sunny,0.0
91,2,Norris (McLaren),43.10261,86.24435,Sunny,0.0
91,3,Norris (McLaren),43.5827,129.82705,Sunny,0.0
91,4,Norris (McLaren),42.81004,172.63709,Sunny,0.0
91,5,Norris (McLaren),43.48858,216.12567,Sunny,0.0
92,1,Hamilton (Mercedes),42.61375,42.61375,Sunny,0.0
92,2,Hamilton (Mercedes),43.05058,85.66434,Sunny,0.0
92,3,Hamilton (Mercedes),43.28049,128.94483,Sunny,0.0
92,4,Hamilton (Mercedes),43.36218,172.30701,Sunny,0.0
92,5,Hamilton (Mercedes),43.28236,215.58937,Sunny,0.0
92,1,Verstappen (Red Bull),41.69171,41.69171,Sunny,0.0
92,2,Verstappen (Red Bull),42.61696,84.30868,Sunny,0.0
92,3,Verstappen (Red Bull),43.74043,128.0491,Sunny,0.0
92,4,Verstappen (Red Bull),43.33896,171.38807,Sunny,0.0
92,5,Verstappen (Red Bull),42.19818,213.58624,Sunny,0.0
92,1,Norris (McLaren),44.4937,44.4937,Sunny,0.0
92,2,Norris (McLaren),43.12731,87.621,Sunny,0.0
92,3,Norris (McLaren),43.66779,131.28879,Sunny,0.0
92,4,Norris (McLaren),43.74474,175.03353,Sunny,0.0
92,5,Norris (McLaren),44.68272,219.71625,Sunny,0.0
93,1,Hamilton (Mercedes),43.19502,43.19502,Sunny,0.0
93,2,Hamilton (Mercedes),42.96182,86.15685,Sunny,0.0
93,3,Hamilton (Mercedes),42.35263,128.50947,Sunny,0.0
93,4,Hamilton (Mercedes),43.23466,171.74413,Sunny,0.0
93,5,Hamilton (Mercedes),42.43009,214.17422,Sunny,0.0
93,1,Verstappen (Red Bull),42.74182,42.74182,Sunny,0.0
93,2,Verstappen (Red Bull),42.57306,85.31488,Sunny,0.0
93,3,Verstappen (Red Bull),42.57841,127.89329,Sunny,0.0
93,4,Verstappen (Red Bull),42.86133,170.75462,Sunny,0.0
93,5,Verstappen (Red Bull),42.83647,213.59109,Sunny,0.0
93,1,Norris (McLaren),43.91077,43.91077,Sunny,0.0
93,2,Norris (McLaren),43.47731,87.38808,Sunny,0.0
93,3,Norris (McLaren),42.87981,130.2679,Sunny,0.0
93,4,Norris (McLaren),43.40761,173.67551,Sunny,0.0
93,5,Norris (McLaren),42.77009,216.4456,Sunny,0.0
94,1,Hamilton (Mercedes),42.57541,42.57541,Sunny,0.0
94,2,Hamilton (Mercedes),42.25623,84.83164,Sunny,0.0
94,3,Hamilton (Mercedes),42.9506,127.78224,Sunny,0.0
94,4,Hamilton (Mercedes),43.41217,171.19441,Sunny,0.0
94,5,Hamilton (Mercedes),43.12097,214.31537,Sunny,0.0
94,1,Verstappen (Red Bull),43.21889,43.21889,Sunny,0.0
94,2,Verstappen (Red Bull),42.61752,85.83641,Sunny,0.0
94,3,Verstappen (Red Bull),42.42634,128.26275,Sunny,0.0
94,4,Verstappen (Red Bull),42.33083,170.59359,Sunny,0.0
94,5,Verstappen (Red Bull),43.95431,214.5479,Sunny,0.0
94,1,Norris (McLaren),42.64365,42.64365,Sunny,0.0
94,2,Norris (McLaren),43.40072,86.04437,Sunny,0.0
94,3,Norris (McLaren),43.45287,129.49724,Sunny,0.0
94,4,Norris (McLaren),42.64031,172.13755,Sunny,0.0
94,5,Norris (McLaren),43.14508,215.28263,Sunny,0.0
95,1,Hamilton (Mercedes),42.9222,42.9222,Sunny,0.0
95,2,Hamilton (Mercedes),42.33029,85.25249,Sunny,0.0
95,3,Hamilton (Mercedes),43.51482,128.76731,Sunny,0.0
95,4,Hamilton (Mercedes),42.38064,171.14795,Sunny,0.0
95,5,Hamilton (Mercedes),43.03865,214.1866,Sunny,0.0
95,1,Verstappen (Red Bull),42.63273,42.63273,Sunny,0.0
95,2,Verstappen (Red Bull),41.87365,84.50637,Sunny,0.0
95,3,Verstappen (Red Bull),42.81164,127.31801,Sunny,0.0
95,4,Verstappen (Red Bull),42.25548,169.5735,Sunny,0.0
95,5,Verstappen (Red Bull),42.00438,211.57788,Sunny,0.0
95,1,Norris (McLaren),41.81601,41.81601,Sunny,0.0
95,2,Norris (McLaren),42.48052,84.29653,Sunny,0.0
95,3,Norris (McLaren),42.47726,126.77379,Sunny,0.0
95,4,Norris (McLaren),41.83463,168.60842,Sunny,0.0
95,5,Norris (McLaren),43.49391,212.10233,Sunny,0.0
96,1,Hamilton (Mercedes),42.95501,42.95501,Sunny,0.0
96,2,Hamilton (Mercedes),43.37314,86.32815,Sunny,0.0
96,3,Hamilton (Mercedes),42.97998,129.30813,Sunny,0.0
96,4,Hamilton (Mercedes),42.40082,171.70895,Sunny,0.0
96,5,Hamilton (Mercedes),42.23746,213.94641,Sunny,0.0
96,1,Verstappen (Red Bull),42.66698,42.66698,Sunny,0.0
96,2,Verstappen (Red Bull),43.57026,86.23724,Sunny,0.0
96,3,Verstappen (Red Bull),41.80108,128.03832,Sunny,0.0
96,4,Verstappen (Red Bull),42.40974,170.44807,Sunny,0.0
96,5,Verstappen (Red Bull),42.87874,213.3268,Sunny,0.0
96,1,Norris (McLaren),42.84751,42.84751,Sunny,0.0
96,2,Norris (McLaren),44.06448,86.91199,Sunny,0.0
96,3,Norris (McLaren),44.25218,131.16417,Sunny,0.0
96,4,Norris (McLaren),44.37071,175.53487,Sunny,0.0
96,5,Norris (McLaren),44.24212,219.777,Sunny,0.0
97,1,Hamilton (Mercedes),43.77538,43.77538,Sunny,0.0
97,2,Hamilton (Mercedes),43.14667,86.92205,Sunny,0.0
97,3,Hamilton (Mercedes),43.18313,130.10518,Sunny,0.0
97,4,Hamilton (Mercedes),42.87707,172.98225,Sunny,0.0
97,5,Hamilton (Mercedes),42.49423,215.47648,Sunny,0.0
97,1,Verstappen (Red Bull),42.95021,42.95021,Sunny,0.0
97,2,Verstappen (Red Bull),42.43431,85.38452,Sunny,0.0
97,3,Verstappen (Red Bull),43.41919,128.8037,Sunny,0.0
97,4,Verstappen (Red Bull),42.85596,171.65967,Sunny,0.0
97,5,Verstappen (Red Bull),42.97187,214.63153,Sunny,0.0
97,1,Norris (McLaren),43.69552,43.69552,Sunny,0.0
97,2,Norris (McLaren),44.37404,88.06956,Sunny,0.0
97,3,Norris (McLaren),43.66949,131.73905,Sunny,0.0
97,4,Norris (McLaren),42.91376,174.65281,Sunny,0.0
97,5,Norris (McLaren),43.91921,218.57202,Sunny,0.0
98,1,Hamilton (Mercedes),43.28681,43.28681,Sunny,0.0
98,2,Hamilton (Mercedes),41.996,85.28281,Sunny,0.0
98,3,Hamilton (Mercedes),41.79341,127.07621,Sunny,0.0
98,4,Hamilton (Mercedes),42.7608,169.83702,Sunny,0.0
98,5,Hamilton (Mercedes),43.59245,213.42947,Sunny,0.0
98,1,Verstappen (Red Bull),42.8329,42.8329,Sunny,0.0
98,2,Verstappen (Red Bull),42.5029,85.3358,Sunny,0.0
98,3,Verstappen (Red Bull),43.86702,129.20282,Sunny,0.0
98,4,Verstappen (Red Bull),42.08667,171.28949,Sunny,0.0
98,5,Verstappen (Red Bull),43.10069,214.39019,Sunny,0.0
98,1,Norris (McLaren),42.74701,42.74701,Sunny,0.0
98,2,Norris (McLaren),43.38774,86.13475,Sunny,0.0
98,3,Norris (McLaren),42.29276,128.42751,Sunny,0.0
98,4,Norris (McLaren),43.42833,171.85584,Sunny,0.0
98,5,Norris (McLaren),42.74113,214.59696,Sunny,0.0
99,1,Hamilton (Mercedes),43.67918,43.67918,Sunny,0.0
99,2,Hamilton (Mercedes),42.44674,86.12592,Sunny,0.0
99,3,Hamilton (Mercedes),42.23761,128.36353,Sunny,0.0
99,4,Hamilton (Mercedes),43.40269,171.76622,Sunny,0.0
99,5,Hamilton (Mercedes),42.38834,214.15456,Sunny,0.0
99,1,Verstappen (Red Bull),43.61126,43.61126,Sunny,0.0
99,2,Verstappen (Red Bull),43.10592,86.71718,Sunny,0.0
99,3,Verstappen (Red Bull),42.05473,128.77191,Sunny,0.0
99,4,Verstappen (Red Bull),42.23912,171.01103,Sunny,0.0
99,5,Verstappen (Red Bull),42.43506,213.44609,Sunny,0.0
99,1,Norris (McLaren),42.83018,42.83018,Sunny,0.0
99,2,Norris (McLaren),42.62615,85.45632,Sunny,0.0
99,3,Norris (McLaren),42.89913,128.35545,Sunny,0.0
99,4,Norris (McLaren),43.60594,171.96139,Sunny,0.0
99,5,Norris (McLaren),42.48031,214.4417,Sunny,0.0
100,1,Hamilton (Mercedes),42.92108,42.92108,Sunny,0.0
100,2,Hamilton (Mercedes),43.10741,86.02848,Sunny,0.0
100,3,Hamilton (Mercedes),43.12495,129.15344,Sunny,0.0
100,4,Hamilton (Mercedes),44.24245,173.39588,Sunny,0.0
100,5,Hamilton (Mercedes),43.35765,216.75354,Sunny,0.0
100,1,Verstappen (Red Bull),43.22449,43.22449,Sunny,0.0
100,2,Verstappen (Red Bull),42.59222,85.8167,Sunny,0.0
100,3,Verstappen (Red Bull),43.24252,129.05922,Sunny,0.0
100,4,Verstappen (Red Bull),42.05337,171.11259,Sunny,0.0
100,5,Verstappen (Red Bull),43.15482,214.26741,Sunny,0.0
100,1,Norris (McLaren),43.82863,43.82863,Sunny,0.0
100,2,Norris (McLaren),43.86341,87.69204,Sunny,0.0
100,3,Norris (McLaren),43.58159,131.27363,Sunny,0.0
100,4,Norris (McLaren),42.41648,173.69011,Sunny,0.0
100,5,Norris (McLaren),42.65171,216.34182,Sunny,0.0
101,1,Hamilton (Mercedes),43.58889,43.58889,Sunny,0.0
101,2,Hamilton (Mercedes),42.56169,86.15058,Sunny,0.0
101,3,Hamilton (Mercedes),43.65574,129.80631,Sunny,0.0
101,4,Hamilton (Mercedes),42.97407,172.78038,Sunny,0.0
101,5,Hamilton (Mercedes),42.20316,214.98354,Sunny,0.0
101,1,Verstappen (Red Bull),42.2617,42.2617,Sunny,0.0
101,2,Verstappen (Red Bull),42.59523,84.85693,Sunny,0.0
101,3,Verstappen (Red Bull),44.52538,129.38231,Sunny,0.0
101,4,Verstappen (Red Bull),43.39452,172.77683,Sunny,0.0
101,5,Verstappen (Red Bull),43.29126,216.06808,Sunny,0.0
101,1,Norris (McLaren),42.09647,42.09647,Sunny,0.0
101,2,Norris (McLaren),43.15328,85.24975,Sunny,0.0
101,3,Norris (McLaren),42.76399,128.01375,Sunny,0.0
101,4,Norris (McLaren),43.55691,171.57065,Sunny,0.0
101,5,Norris (McLaren),43.16759,214.73824,Sunny,0.0
102,1,Hamilton (Mercedes),43.11704,43.11704,Sunny,0.0
102,2,Hamilton (Mercedes),43.90043,87.01747,Sunny,0.0
102,3,Hamilton (Mercedes),42.52268,129.54015,Sunny,0.0
102,4,Hamilton (Mercedes),43.15555,172.69569,Sunny,0.0
102,5,Hamilton (Mercedes),42.51136,215.20706,Sunny,0.0
102,1,Verstappen (Red Bull),43.59777,43.59777,Sunny,0.0
102,2,Verstappen (Red Bull),43.97428,87.57206,Sunny,0.0
102,3,Verstappen (Red Bull),43.69551,131.26757,Sunny,0.0
102,4,Verstappen (Red Bull),43.23327,174.50084,Sunny,0.0
102,5,Verstappen (Red Bull),42.43154,216.93237,Sunny,0.0
102,1,Norris (McLaren),42.8264,42.8264,Sunny,0.0
102,2,Norris (McLaren),44.09631,86.9227,Sunny,0.0
102,3,Norris (McLaren),42.76108,129.68378,Sunny,0.0
102,4,Norris (McLaren),44.82346,174.50724,Sunny,0.0
102,5,Norris (McLaren),43.46696,217.9742,Sunny,0.0
103,1,Hamilton (Mercedes),43.86623,43.86623,Sunny,0.0
103,2,Hamilton (Mercedes),42.8446,86.71083,Sunny,0.0
103,3,Hamilton (Mercedes),43.14247,129.8533,Sunny,0.0
103,4,Hamilton (Mercedes),43.54301,173.39631,Sunny,0.0
103,5,Hamilton (Mercedes),42.95111,216.34742,Sunny,0.0
103,1,Verstappen (Red Bull),43.09744,43.09744,Sunny,0.0
103,2,Verstappen (Red Bull),42.57466,85.6721,Sunny,0.0
103,3,Verstappen (Red Bull),42.90963,128.58173,Sunny,0.0
103,4,Verstappen (Red Bull),42.01714,170.59887,Sunny,0.0
103,5,Verstappen (Red Bull),42.06377,212.66265,Sunny,0.0
103,1,Norris (McLaren),43.1233,43.1233,Sunny,0.0
103,2,Norris (McLaren),43.74025,86.86355,Sunny,0.0
103,3,Norris (McLaren),43.62828,130.49183,Sunny,0.0
103,4,Norris (McLaren),43.13099,173.62282,Sunny,0.0
103,5,Norris (McLaren),42.65128,216.2741,Sunny,0.0
104,1,Hamilton (Mercedes),43.42124,43.42124,Sunny,0.0
104,2,Hamilton (Mercedes),43.91981,87.34104,Sunny,0.0
104,3,Hamilton (Mercedes),43.39699,130.73804,Sunny,0.0
104,4,Hamilton (Mercedes),42.42767,173.16571,Sunny,0.0
104,5,Hamilton (Mercedes),42.49032,215.65603,Sunny,0.0
104,1,Verstappen (Red Bull),42.49882,42.49882,Sunny,0.0
104,2,Verstappen (Red Bull),43.8528,86.35162,Sunny,0.0
104,3,Verstappen (Red Bull),42.2996,128.65122,Sunny,0.0
104,4,Verstappen (Red Bull),41.99182,170.64304,Sunny,0.0
104,5,Verstappen (Red Bull),41.96902,212.61205,Sunny,0.0
104,1,Norris (McLaren),43.32356,43.32356,Sunny,0.0
104,2,Norris (McLaren),42.65695,85.98051,Sunny,0.0
104,3,Norris (McLaren),43.37472,129.35523,Sunny,0.0
104,4,Norris (McLaren),43.83116,173.18639,Sunny,0.0
104,5,Norris (McLaren),43.29028,216.47667,Sunny,0.0
105,1,Hamilton (Mercedes),43.08987,43.08987,Sunny,0.0
105,2,Hamilton (Mercedes),43.43716,86.52704,Sunny,0.0
105,3,Hamilton (Mercedes),43.52742,130.05445,Sunny,0.0
105,4,Hamilton (Mercedes),43.2463,173.30075,Sunny,0.0
105,5,Hamilton (Mercedes),43.49082,216.79158,Sunny,0.0
105,1,Verstappen (Red Bull),42.65283,42.65283,Sunny,0.0
105,2,Verstappen (Red Bull),43.20353,85.85636,Sunny,0.0
105,3,Verstappen (Red Bull),42.14409,128.00045,Sunny,0.0
105,4,Verstappen (Red Bull),42.45184,170.45229,Sunny,0.0
105,5,Verstappen (Red Bull),43.19526,213.64755,Sunny,0.0
105,1,Norris (McLaren),42.74539,42.74539,Sunny,0.0
105,2,Norris (McLaren),42.91587,85.66126,Sunny,0.0
105,3,Norris (McLaren),44.25816,129.91941,Sunny,0.0
105,4,Norris (McLaren),43.26427,173.18368,Sunny,0.0
105,5,Norris (McLaren),43.68605,216.86973,Sunny,0.0
106,1,Hamilton (Mercedes),43.19052,43.19052,Sunny,0.0
106,2,Hamilton (Mercedes),43.23785,86.42837,Sunny,0.0
106,3,Hamilton (Mercedes),42.99942,129.42779,Sunny,0.0
106,4,Hamilton (Mercedes),43.51027,172.93805,Sunny,0.0
106,5,Hamilton (Mercedes),43.51593,216.45398,Sunny,0.0
106,1,Verstappen (Red Bull),43.23365,43.23365,Sunny,0.0
106,2,Verstappen (Red Bull),42.54697,85.78061,Sunny,0.0
106,3,Verstappen (Red Bull),42.08292,127.86353,Sunny,0.0
106,4,Verstappen (Red Bull),43.45339,171.31693,Sunny,0.0
106,5,Verstappen (Red Bull),42.27337,213.5903,Sunny,0.0
106,1,Norris (McLaren),42.29343,42.29343,Sunny,0.0
106,2,Norris (McLaren),43.09118,85.38461,Sunny,0.0
106,3,Norris (McLaren),43.71901,129.10362,Sunny,0.0
106,4,Norris (McLaren),43.5566,172.66022,Sunny,0.0
106,5,Norris (McLaren),42.85453,215.51474,Sunny,0.0
107,1,Hamilton (Mercedes),43.01579,43.01579,Sunny,0.0
107,2,Hamilton (Mercedes),42.14511,85.1609,Sunny,0.0
107,3,Hamilton (Mercedes),42.83485,127.99575,Sunny,0.0
107,4,Hamilton (Mercedes),43.73056,171.72631,Sunny,0.0
107,5,Hamilton (Mercedes),43.08609,214.8124,Sunny,0.0
107,1,Verstappen (Red Bull),43.53783,43.53783,Sunny,0.0
107,2,Verstappen (Red Bull),43.21435,86.75219,Sunny,0.0
107,3,Verstappen (Red Bull),43.03645,129.78863,Sunny,0.0
107,4,Verstappen (Red Bull),42.06857,171.8572,Sunny,0.0
107,5,Verstappen (Red Bull),42.31985,214.17705,Sunny,0.0
107,1,Norris (McLaren),42.52142,42.52142,Sunny,0.0
107,2,Norris (McLaren),42.85792,85.37934,Sunny,0.0
107,3,Norris (McLaren),43.15815,128.53748,Sunny,0.0
107,4,Norris (McLaren),43.2024,171.73989,Sunny,0.0
107,5,Norris (McLaren),44.04557,215.78546,Sunny,0.0
108,1,Hamilton (Mercedes),41.5845,41.5845,Sunny,0.0
108,2,Hamilton (Mercedes),42.93004,84.51455,Sunny,0.0
108,3,Hamilton (Mercedes),41.99692,126.51146,Sunny,0.0
108,4,Hamilton (Mercedes),43.46864,169.9801,Sunny,0.0
108,5,Hamilton (Mercedes),43.03061,213.01071,Sunny,0.0
108,1,Verstappen (Red Bull),42.55462,42.55462,Sunny,0.0
108,2,Verstappen (Red Bull),43.93867,86.49328,Sunny,0.0
108,3,Verstappen (Red Bull),43.32571,129.81899,Sunny,0.0
108,4,Verstappen (Red Bull),42.78763,172.60662,Sunny,0.0
108,5,Verstappen (Red Bull),42.69951,215.30613,Sunny,0.0
108,1,Norris (McLaren),44.02906,44.02906,Sunny,0.0
108,2,Norris (McLaren),42.86732,86.89639,Sunny,0.0
108,3,Norris (McLaren),43.87429,130.77068,Sunny,0.0
108,4,Norris (McLaren),43.84362,174.61429,Sunny,0.0
108,5,Norris (McLaren),42.40403,217.01832,Sunny,0.0
109,1,Hamilton (Mercedes),42.93934,42.93934,Sunny,0.0
109,2,Hamilton (Mercedes),42.01173,84.95107,Sunny,0.0
109,3,Hamilton (Mercedes),42.91116,127.86223,Sunny,0.0
109,4,Hamilton (Mercedes),43.00748,170.86971,Sunny,0.0
109,5,Hamilton (Mercedes),42.33937,213.20908,Sunny,0.0
109,1,Verstappen (Red Bull),42.51012,42.51012,Sunny,0.0
109,2,Verstappen (Red Bull),43.21129,85.72141,Sunny,0.0
109,3,Verstappen (Red Bull),42.83711,128.55851,Sunny,0.0
109,4,Verstappen (Red Bull),43.24645,171.80496,Sunny,0.0
109,5,Verstappen (Red Bull),42.24975,214.05471,Sunny,0.0
109,1,Norris (McLaren),43.41085,43.41085,Sunny,0.0
109,2,Norris (McLaren),43.88679,87.29764,Sunny,0.0
109,3,Norris (McLaren),41.88821,129.18585,Sunny,0.0
109,4,Norris (McLaren),43.21826,172.40411,Sunny,0.0
109,5,Norris (McLaren),44.05787,216.46198,Sunny,0.0
110,1,Hamilton (Mercedes),43.32646,43.32646,Sunny,0.0
110,2,Hamilton (Mercedes),43.20607,86.53253,Sunny,0.0
110,3,Hamilton (Mercedes),43.39826,129.93079,Sunny,0.0
110,4,Hamilton (Mercedes),43.75266,173.68345,Sunny,0.0
110,5,Hamilton (Mercedes),43.24313,216.92658,Sunny,0.0
110,1,Verstappen (Red Bull),41.9459,41.9459,Sunny,0.0
110,2,Verstappen (Red Bull),43.44087,85.38676,Sunny,0.0
110,3,Verstappen (Red Bull),43.02903,128.4158,Sunny,0.0
110,4,Verstappen (Red Bull),42.95817,171.37397,Sunny,0.0
110,5,Verstappen (Red Bull),42.85887,214.23283,Sunny,0.0
110,1,Norris (McLaren),44.07405,44.07405,Sunny,0.0
110,2,Norris (McLaren),42.59873,86.67277,Sunny,0.0
110,3,Norris (McLaren),43.82448,130.49726,Sunny,0.0
110,4,Norris (McLaren),43.39609,173.89334,Sunny,0.0
110,5,Norris (McLaren),41.98056,215.8739,Sunny,0.0
111,1,Hamilton (Mercedes),42.48139,42.48139,Sunny,0.0
111,2,Hamilton (Mercedes),42.55602,85.03741,Sunny,0.0
111,3,Hamilton (Mercedes),43.34884,128.38625,Sunny,0.0
111,4,Hamilton (Mercedes),42.40495,170.7912,Sunny,0.0
111,5,Hamilton (Mercedes),43.80888,214.60008,Sunny,0.0
111,1,Verstappen (Red Bull),42.44877,42.44877,Sunny,0.0
111,2,Verstappen (Red Bull),43.38699,85.83576,Sunny,0.0
111,3,Verstappen (Red Bull),42.59591,128.43167,Sunny,0.0
111,4,Verstappen (Red Bull),42.81825,171.24992,Sunny,0.0
111,5,Verstappen (Red Bull),43.88527,215.13518,Sunny,0.0
111,1,Norris (McLaren),42.74645,42.74645,Sunny,0.0
111,2,Norris (McLaren),43.66651,86.41296,Sunny,0.0
111,3,Norris (McLaren),42.35885,128.77181,Sunny,0.0
111,4,Norris (McLaren),43.04342,171.81523,Sunny,0.0
111,5,Norris (McLaren),42.19074,214.00597,Sunny,0.0
112,1,Hamilton (Mercedes),43.1952,43.1952,Sunny,0.0
112,2,Hamilton (Mercedes),42.17292,85.36811,Sunny,0.0
112,3,Hamilton (Mercedes),43.46925,128.83736,Sunny,0.0
112,4,Hamilton (Mercedes),43.1856,172.02296,Sunny,0.0
112,5,Hamilton (Mercedes),43.4739,215.49686,Sunny,0.0
112,1,Verstappen (Red Bull),43.23714,43.23714,Sunny,0.0
112,2,Verstappen (Red Bull),42.5806,85.81774,Sunny,0.0
112,3,Verstappen (Red Bull),42.69949,128.51723,Sunny,0.0
112,4,Verstappen (Red Bull),43.36626,171.88349,Sunny,0.0
112,5,Verstappen (Red Bull),43.10943,214.99292,Sunny,0.0
112,1,Norris (McLaren),43.31947,43.31947,Sunny,0.0
112,2,Norris (McLaren),43.07846,86.39794,Sunny,0.0
112,3,Norris (McLaren),44.99592,131.39385,Sunny,0.0
112,4,Norris (McLaren),42.47989,173.87375,Sunny,0.0
112,5,Norris (McLaren),43.24263,217.11638,Sunny,0.0
113,1,Hamilton (Mercedes),43.69509,43.69509,Sunny,0.0
113,2,Hamilton (Mercedes),43.30543,87.00053,Sunny,0.0
113,3,Hamilton (Mercedes),42.51542,129.51594,Sunny,0.0
113,4,Hamilton (Mercedes),42.77914,172.29508,Sunny,0.0
113,5,Hamilton (Mercedes),43.95772,216.2528,Sunny,0.0
113,1,Verstappen (Red Bull),43.45518,43.45518,Sunny,0.0
113,2,Verstappen (Red Bull),42.36662,85.8218,Sunny,0.0
113,3,Verstappen (Red Bull),41.83044,127.65224,Sunny,0.0
113,4,Verstappen (Red Bull),42.83743,170.48967,Sunny,0.0
113,5,Verstappen (Red Bull),43.74566,214.23532,Sunny,0.0
113,1,Norris (McLaren),43.6,43.6,Sunny,0.0
113,2,Norris (McLaren),43.57185,87.17185,Sunny,0.0
113,3,Norris (McLaren),43.22088,130.39272,Sunny,0.0
113,4,Norris (McLaren),43.28976,173.68248,Sunny,0.0
113,5,Norris (McLaren),43.36411,217.04659,Sunny,0.0
114,1,Hamilton (Mercedes),42.73657,42.73657,Sunny,0.0
114,2,Hamilton (Mercedes),42.87599,85.61256,Sunny,0.0
114,3,Hamilton (Mercedes),42.37702,127.98958,Sunny,0.0
114,4,Hamilton (Mercedes),43.50786,171.49744,Sunny,0.0
114,5,Hamilton (Mercedes),42.97406,214.4715,Sunny,0.0
114,1,Verstappen (Red Bull),43.46251,43.46251,Sunny,0.0
114,2,Verstappen (Red Bull),42.72549,86.188,Sunny,0.0
114,3,Verstappen (Red Bull),44.11308,130.30108,Sunny,0.0
114,4,Verstappen (Red Bull),43.0043,173.30538,Sunny,0.0
114,5,Verstappen (Red Bull),41.75218,215.05756,Sunny,0.0
114,1,Norris (McLaren),42.52457,42.52457,Sunny,0.0
114,2,Norris (McLaren),42.35389,84.87846,Sunny,0.0
114,3,Norris (McLaren),42.74169,127.62016,Sunny,0.0
114,4,Norris (McLaren),41.80203,169.42218,Sunny,0.0
114,5,Norris (McLaren),43.37074,212.79293,Sunny,0.0
115,1,Hamilton (Mercedes),43.27615,43.27615,Sunny,0.0
115,2,Hamilton (Mercedes),42.46165,85.73779,Sunny,0.0
115,3,Hamilton (Mercedes),42.83118,128.56898,Sunny,0.0
115,4,Hamilton (Mercedes),42.84977,171.41875,Sunny,0.0
115,5,Hamilton (Mercedes),43.3225,214.74125,Sunny,0.0
115,1,Verstappen (Red Bull),44.05467,44.05467,Sunny,0.0
115,2,Verstappen (Red Bull),42.62761,86.68229,Sunny,0.0
115,3,Verstappen (Red Bull),43.14256,129.82485,Sunny,0.0
115,4,Verstappen (Red Bull),42.66696,172.49181,Sunny,0.0
115,5,Verstappen (Red Bull),43.26176,215.75357,Sunny,0.0
115,1,Norris (McLaren),43.46506,43.46506,Sunny,0.0
115,2,Norris (McLaren),42.38012,85.84518,Sunny,0.0
115,3,Norris (McLaren),42.40848,128.25367,Sunny,0.0
115,4,Norris (McLaren),42.04702,170.30068,Sunny,0.0
115,5,Norris (McLaren),42.41017,212.71085,Sunny,0.0
116,1,Hamilton (Mercedes),42.86506,42.86506,Sunny,0.0
116,2,Hamilton (Mercedes),42.54043,85.40549,Sunny,0.0
116,3,Hamilton (Mercedes),43.09998,128.50547,Sunny,0.0
116,4,Hamilton (Mercedes),43.5443,172.04977,Sunny,0.0
116,5,Hamilton (Mercedes),42.67574,214.72551,Sunny,0.0
116,1,Verstappen (Red Bull),42.7952,42.7952,Sunny,0.0
116,2,Verstappen (Red Bull),41.45396,84.24915,Sunny,0.0
116,3,Verstappen (Red Bull),42.59395,126.8431,Sunny,0.0
116,4,Verstappen (Red Bull),42.02083,168.86393,Sunny,0.0
116,5,Verstappen (Red Bull),42.51078,211.37471,Sunny,0.0
116,1,Norris (McLaren),43.12909,43.12909,Sunny,0.0
116,2,Norris (McLaren),42.58356,85.71266,Sunny,0.0
116,3,Norris (McLaren),44.76607,130.47873,Sunny,0.0
116,4,Norris (McLaren),44.00327,174.482,Sunny,0.0
116,5,Norris (McLaren),42.59376,217.07576,Sunny,0.0
117,1,Hamilton (Mercedes),42.68204,42.68204,Sunny,0.0
117,2,Hamilton (Mercedes),43.81345,86.49549,Sunny,0.0
117,3,Hamilton (Mercedes),43.66917,130.16466,Sunny,0.0
117,4,Hamilton (Mercedes),43.63724,173.8019,Sunny,0.0
117,5,Hamilton (Mercedes),44.41155,218.21345,Sunny,0.0
117,1,Verstappen (Red Bull),42.29391,42.29391,Sunny,0.0
117,2,Verstappen (Red Bull),42.99703,85.29094,Sunny,0.0
117,3,Verstappen (Red Bull),42.44078,127.73171,Sunny,0.0
117,4,Verstappen (Red Bull),42.35922,170.09093,Sunny,0.0
117,5,Verstappen (Red Bull),42.82311,212.91404,Sunny,0.0
117,1,Norris (McLaren),44.30258,44.30258,Sunny,0.0
117,2,Norris (McLaren),42.718,87.02058,Sunny,0.0
117,3,Norris (McLaren),43.91178,130.93235,Sunny,0.0
117,4,Norris (McLaren),43.24585,174.17821,Sunny,0.0
117,5,Norris (McLaren),42.07358,216.25179,Sunny,0.0
118,1,Hamilton (Mercedes),43.48106,43.48106,Sunny,0.0
118,2,Hamilton (Mercedes),42.73494,86.21599,Sunny,0.0
118,3,Hamilton (Mercedes),42.99083,129.20682,Sunny,0.0
118,4,Hamilton (Mercedes),43.24035,172.44717,Sunny,0.0
118,5,Hamilton (Mercedes),43.20655,215.65372,Sunny,0.0
118,1,Verstappen (Red Bull),43.11068,43.11068,Sunny,0.0
118,2,Verstappen (Red Bull),42.79636,85.90704,Sunny,0.0
118,3,Verstappen (Red Bull),42.37613,128.28317,Sunny,0.0
118,4,Verstappen (Red Bull),43.41279,171.69596,Sunny,0.0
118,5,Verstappen (Red Bull),42.95769,214.65365,Sunny,0.0
118,1,Norris (McLaren),43.29478,43.29478,Sunny,0.0
118,2,Norris (McLaren),43.41728,86.71206,Sunny,0.0
118,3,Norris (McLaren),43.33129,130.04335,Sunny,0.0
118,4,Norris (McLaren),43.39795,173.4413,Sunny,0.0
118,5,Norris (McLaren),42.28259,215.7239,Sunny,0.0
119,1,Hamilton (Mercedes),42.64576,42.64576,Sunny,0.0
119,2,Hamilton (Mercedes),43.5616,86.20736,Sunny,0.0
119,3,Hamilton (Mercedes),43.34512,129.55248,Sunny,0.0
119,4,Hamilton (Mercedes),42.85849,172.41097,Sunny,0.0
119,5,Hamilton (Mercedes),43.41156,215.82253,Sunny,0.0
119,1,Verstappen (Red Bull),42.57173,42.57173,Sunny,0.0
119,2,Verstappen (Red Bull),42.91168,85.4834,Sunny,0.0
119,3,Verstappen (Red Bull),41.5688,127.05221,Sunny,0.0
119,4,Verstappen (Red Bull),43.19204,170.24425,Sunny,0.0
119,5,Verstappen (Red Bull),42.92157,213.16582,Sunny,0.0
119,1,Norris (McLaren),42.56764,42.56764,Sunny,0.0
119,2,Norris (McLaren),44.69575,87.26339,Sunny,0.0
119,3,Norris (McLaren),44.32318,131.58657,Sunny,0.0
119,4,Norris (McLaren),44.43502,176.0216,Sunny,0.0
119,5,Norris (McLaren),42.97742,218.99902,Sunny,0.0
120,1,Hamilton (Mercedes),43.08802,43.08802,Sunny,0.0
120,2,Hamilton (Mercedes),43.24363,86.33165,Sunny,0.0
120,3,Hamilton (Mercedes),42.70772,129.03937,Sunny,0.0
120,4,Hamilton (Mercedes),43.92335,172.96271,Sunny,0.0
120,5,Hamilton (Mercedes),43.28103,216.24375,Sunny,0.0
120,1,Verstappen (Red Bull),41.51589,41.51589,Sunny,0.0
120,2,Verstappen (Red Bull),43.16468,84.68057,Sunny,0.0
120,3,Verstappen (Red Bull),43.84976,128.53033,Sunny,0.0
120,4,Verstappen (Red Bull),42.37288,170.90321,Sunny,0.0
120,5,Verstappen (Red Bull),43.31729,214.2205,Sunny,0.0
120,1,Norris (McLaren),43.4637,43.4637,Sunny,0.0
120,2,Norris (McLaren),44.13859,87.60229,Sunny,0.0
120,3,Norris (McLaren),42.80573,130.40803,Sunny,0.0
120,4,Norris (McLaren),42.45757,172.8656,Sunny,0.0
120,5,Norris (McLaren),43.37844,216.24404,Sunny,0.0
121,1,Hamilton (Mercedes),44.22399,44.22399,Sunny,0.0
121,2,Hamilton (Mercedes),42.52558,86.74957,Sunny,0.0
121,3,Hamilton (Mercedes),41.64831,128.39787,Sunny,0.0
121,4,Hamilton (Mercedes),44.33188,172.72975,Sunny,0.0
121,5,Hamilton (Mercedes),41.67967,214.40942,Sunny,0.0
121,1,Verstappen (Red Bull),42.35682,42.35682,Sunny,0.0
121,2,Verstappen (Red Bull),41.52455,83.88137,Sunny,0.0
121,3,Verstappen (Red Bull),42.24219,126.12356,Sunny,0.0
121,4,Verstappen (Red Bull),42.7699,168.89345,Sunny,0.0
121,5,Verstappen (Red Bull),41.36276,210.25622,Sunny,0.0
121,1,Norris (McLaren),42.55869,42.55869,Sunny,0.0
121,2,Norris (McLaren),43.1231,85.68179,Sunny,0.0
121,3,Norris (McLaren),42.91741,128.5992,Sunny,0.0
121,4,Norris (McLaren),43.07468,171.67388,Sunny,0.0
121,5,Norris (McLaren),43.54532,215.2192,Sunny,0.0
122,1,Hamilton (Mercedes),43.1097,43.1097,Sunny,0.0
122,2,Hamilton (Mercedes),42.88161,85.99131,Sunny,0.0
122,3,Hamilton (Mercedes),43.15169,129.143,Sunny,0.0
122,4,Hamilton (Mercedes),43.37901,172.52201,Sunny,0.0
122,5,Hamilton (Mercedes),42.65673,215.17875,Sunny,0.0
122,1,Verstappen (Red Bull),42.34554,42.34554,Sunny,0.0
122,2,Verstappen (Red Bull),42.86732,85.21286,Sunny,0.0
122,3,Verstappen (Red Bull),43.09969,128.31255,Sunny,0.0
122,4,Verstappen (Red Bull),41.65213,169.96468,Sunny,0.0
122,5,Verstappen (Red Bull),43.694,213.65868,Sunny,0.0
122,1,Norris (McLaren),42.9496,42.9496,Sunny,0.0
122,2,Norris (McLaren),43.75179,86.70139,Sunny,0.0
122,3,Norris (McLaren),44.61269,131.31408,Sunny,0.0
122,4,Norris (McLaren),43.22561,174.53969,Sunny,0.0
122,5,Norris (McLaren),43.62725,218.16694,Sunny,0.0
123,1,Hamilton (Mercedes),43.15708,43.15708,Sunny,0.0
123,2,Hamilton (Mercedes),43.33317,86.49025,Sunny,0.0
123,3,Hamilton (Mercedes),43.03119,129.52144,Sunny,0.0
123,4,Hamilton (Mercedes),43.43614,172.95758,Sunny,0.0
123,5,Hamilton (Mercedes),43.04608,216.00366,Sunny,0.0
123,1,Verstappen (Red Bull),43.40093,43.40093,Sunny,0.0
123,2,Verstappen (Red Bull),42.81466,86.21559,Sunny,0.0
123,3,Verstappen (Red Bull),43.01286,129.22845,Sunny,0.0
123,4,Verstappen (Red Bull),42.77628,172.00473,Sunny,0.0
123,5,Verstappen (Red Bull),41.99387,213.9986,Sunny,0.0
123,1,Norris (McLaren),44.35641,44.35641,Sunny,0.0
123,2,Norris (McLaren),43.96157,88.31799,Sunny,0.0
123,3,Norris (McLaren),43.70128,132.01927,Sunny,0.0
123,4,Norris (McLaren),44.68179,176.70106,Sunny,0.0
123,5,Norris (McLaren),44.08897,220.79003,Sunny,0.0
124,1,Hamilton (Mercedes),42.69707,42.69707,Sunny,0.0
124,2,Hamilton (Mercedes),43.08104,85.77811,Sunny,0.0
124,3,Hamilton (Mercedes),43.08536,128.86347,Sunny,0.0
124,4,Hamilton (Mercedes),43.13457,171.99804,Sunny,0.0
124,5,Hamilton (Mercedes),43.43481,215.43285,Sunny,0.0
124,1,Verstappen (Red Bull),42.65413,42.65413,Sunny,0.0
124,2,Verstappen (Red Bull),42.19381,84.84794,Sunny,0.0
124,3,Verstappen (Red Bull),41.9774,126.82534,Sunny,0.0
124,4,Verstappen (Red Bull),41.82112,168.64646,Sunny,0.0
124,5,Verstappen (Red Bull),43.58568,212.23213,Sunny,0.0
124,1,Norris (McLaren),43.31436,43.31436,Sunny,0.0
124,2,Norris (McLaren),42.39553,85.7099,Sunny,0.0
124,3,Norris (McLaren),43.92167,129.63157,Sunny,0.0
124,4,Norris (McLaren),44.21693,173.8485,Sunny,0.0
124,5,Norris (McLaren),42.65822,216.50672,Sunny,0.0
125,1,Hamilton (Mercedes),43.13618,43.13618,Sunny,0.0
125,2,Hamilton (Mercedes),42.72671,85.86288,Sunny,0.0
125,3,Hamilton (Mercedes),43.20688,129.06976,Sunny,0.0
125,4,Hamilton (Mercedes),43.74515,172.81491,Sunny,0.0
125,5,Hamilton (Mercedes),43.15323,215.96814,Sunny,0.0
125,1,Verstappen (Red Bull),42.28597,42.28597,Sunny,0.0
125,2,Verstappen (Red Bull),42.8564,85.14236,Sunny,0.0
125,3,Verstappen (Red Bull),41.64967,126.79203,Sunny,0.0
125,4,Verstappen (Red Bull),43.80638,170.59841,Sunny,0.0
125,5,Verstappen (Red Bull),42.20158,212.8,Sunny,0.0
125,1,Norris (McLaren),44.31778,44.31778,Sunny,0.0
125,2,Norris (McLaren),43.44173,87.75951,Sunny,0.0
125,3,Norris (McLaren),42.23483,129.99433,Sunny,0.0
125,4,Norris (McLaren),42.83026,172.82459,Sunny,0.0
125,5,Norris (McLaren),42.9544,215.77899,Sunny,0.0
126,1,Hamilton (Mercedes),42.88773,42.88773,Sunny,0.0
126,2,Hamilton (Mercedes),43.60519,86.49292,Sunny,0.0
126,3,Hamilton (Mercedes),42.96756,129.46048,Sunny,0.0
126,4,Hamilton (Mercedes),43.43985,172.90033,Sunny,0.0
126,5,Hamilton (Mercedes),42.94276,215.84309,Sunny,0.0
126,1,Verstappen (Red Bull),42.63664,42.63664,Sunny,0.0
126,2,Verstappen (Red Bull),41.86724,84.50388,Sunny,0.0
126,3,Verstappen (Red Bull),43.51546,128.01934,Sunny,0.0
126,4,Verstappen (Red Bull),42.8787,170.89803,Sunny,0.0
126,5,Verstappen (Red Bull),42.82081,213.71884,Sunny,0.0
126,1,Norris (McLaren),43.75154,43.75154,Sunny,0.0
126,2,Norris (McLaren),42.71011,86.46165,Sunny,0.0
126,3,Norris (McLaren),43.87238,130.33404,Sunny,0.0
126,4,Norris (McLaren),42.94785,173.28189,Sunny,0.0
126,5,Norris (McLaren),42.67074,215.95264,Sunny,0.0
127,1,Hamilton (Mercedes),42.49865,42.49865,Sunny,0.0
127,2,Hamilton (Mercedes),41.90425,84.4029,Sunny,0.0
127,3,Hamilton (Mercedes),42.71964,127.12254,Sunny,0.0
127,4,Hamilton (Mercedes),42.57664,169.69918,Sunny,0.0
127,5,Hamilton (Mercedes),42.6269,212.32609,Sunny,0.0
127,1,Verstappen (Red Bull),43.86126,43.86126,Sunny,0.0
127,2,Verstappen (Red Bull),42.74176,86.60301,Sunny,0.0
127,3,Verstappen (Red Bull),42.50267,129.10569,Sunny,0.0
127,4,Verstappen (Red Bull),43.25608,172.36177,Sunny,0.0
127,5,Verstappen (Red Bull),42.02167,214.38344,Sunny,0.0
127,1,Norris (McLaren),43.04071,43.04071,Sunny,0.0
127,2,Norris (McLaren),41.92643,84.96714,Sunny,0.0
127,3,Norris (McLaren),44.42232,129.38946,Sunny,0.0
127,4,Norris (McLaren),43.39449,172.78395,Sunny,0.0
127,5,Norris (McLaren),42.72923,215.51319,Sunny,0.0
128,1,Hamilton (Mercedes),43.0227,43.0227,Sunny,0.0
128,2,Hamilton (Mercedes),43.43202,86.45472,Sunny,0.0
128,3,Hamilton (Mercedes),43.12262,129.57735,Sunny,0.0
128,4,Hamilton (Mercedes),43.21286,172.79021,Sunny,0.0
128,5,Hamilton (Mercedes),43.44914,216.23935,Sunny,0.0
128,1,Verstappen (Red Bull),42.52869,42.52869,Sunny,0.0
128,2,Verstappen (Red Bull),43.52857,86.05726,Sunny,0.0
128,3,Verstappen (Red Bull),43.07371,129.13097,Sunny,0.0
128,4,Verstappen (Red Bull),42.70398,171.83495,Sunny,0.0
128,5,Verstappen (Red Bull),42.4038,214.23875,Sunny,0.0
128,1,Norris (McLaren),43.75852,43.75852,Sunny,0.0
128,2,Norris (McLaren),42.89122,86.64974,Sunny,0.0
128,3,Norris (McLaren),42.84097,129.49071,Sunny,0.0
128,4,Norris (McLaren),42.89256,172.38326,Sunny,0.0
128,5,Norris (McLaren),43.86327,216.24654,Sunny,0.0
129,1,Hamilton (Mercedes),42.65441,42.65441,Sunny,0.0
129,2,Hamilton (Mercedes),43.55287,86.20728,Sunny,0.0
129,3,Hamilton (Mercedes),43.7009,129.90818,Sunny,0.0
129,4,Hamilton (Mercedes),43.10849,173.01667,Sunny,0.0
129,5,Hamilton (Mercedes),42.61351,215.63018,Sunny,0.0
129,1,Verstappen (Red Bull),42.28974,42.28974,Sunny,0.0
129,2,Verstappen (Red Bull),42.57359,84.86333,Sunny,0.0
129,3,Verstappen (Red Bull),42.77505,127.63838,Sunny,0.0
129,4,Verstappen (Red Bull),42.48432,170.1227,Sunny,0.0
129,5,Verstappen (Red Bull),42.48959,212.61229,Sunny,0.0
129,1,Norris (McLaren),43.13385,43.13385,Sunny,0.0
129,2,Norris (McLaren),43.70382,86.83767,Sunny,0.0
129,3,Norris (McLaren),42.73182,129.56949,Sunny,0.0
129,4,Norris (McLaren),42.70387,172.27336,Sunny,0.0
129,5,Norris (McLaren),43.05846,215.33182,Sunny,0.0
130,1,Hamilton (Mercedes),41.82683,41.82683,Sunny,0.0
130,2,Hamilton (Mercedes),42.79135,84.61818,Sunny,0.0
130,3,Hamilton (Mercedes),42.36369,126.98187,Sunny,0.0
130,4,Hamilton (Mercedes),41.66263,168.6445,Sunny,0.0
130,5,Hamilton (Mercedes),43.10982,211.75432,Sunny,0.0
130,1,Verstappen (Red Bull),42.45669,42.45669,Sunny,0.0
130,2,Verstappen (Red Bull),43.15396,85.61065,Sunny,0.0
130,3,Verstappen (Red Bull),43.29768,128.90833,Sunny,0.0
130,4,Verstappen (Red Bull),41.39729,170.30562,Sunny,0.0
130,5,Verstappen (Red Bull),42.24385,212.54946,Sunny,0.0
130,1,Norris (McLaren),44.68193,44.68193,Sunny,0.0
130,2,Norris (McLaren),42.79442,87.47635,Sunny,0.0
130,3,Norris (McLaren),42.89409,130.37043,Sunny,0.0
130,4,Norris (McLaren),41.25084,171.62127,Sunny,0.0
130,5,Norris (McLaren),42.90211,214.52338,Sunny,0.0
131,1,Hamilton (Mercedes),43.07253,43.07253,Sunny,0.0
131,2,Hamilton (Mercedes),43.74594,86.81847,Sunny,0.0
131,3,Hamilton (Mercedes),42.33955,129.15802,Sunny,0.0
131,4,Hamilton (Mercedes),42.34011,171.49814,Sunny,0.0
131,5,Hamilton (Mercedes),42.70038,214.19852,Sunny,0.0
131,1,Verstappen (Red Bull),43.39686,43.39686,Sunny,0.0
131,2,Verstappen (Red Bull),42.71453,86.11139,Sunny,0.0
131,3,Verstappen (Red Bull),41.91743,128.02882,Sunny,0.0
131,4,Verstappen (Red Bull),42.95397,170.98279,Sunny,0.0
131,5,Verstappen (Red Bull),42.20943,213.19222,Sunny,0.0
131,1,Norris (McLaren),43.54744,43.54744,Sunny,0.0
131,2,Norris (McLaren),43.84413,87.39157,Sunny,0.0
131,3,Norris (McLaren),43.73387,131.12544,Sunny,0.0
131,4,Norris (McLaren),44.11021,175.23565,Sunny,0.0
131,5,Norris (McLaren),43.57402,218.80967,Sunny,0.0
132,1,Hamilton (Mercedes),43.14993,43.14993,Sunny,0.0
132,2,Hamilton (Mercedes),43.16376,86.31369,Sunny,0.0
132,3,Hamilton (Mercedes),44.15003,130.46372,Sunny,0.0
132,4,Hamilton (Mercedes),42.87911,173.34283,Sunny,0.0
132,5,Hamilton (Mercedes),42.64091,215.98374,Sunny,0.0
132,1,Verstappen (Red Bull),43.32429,43.32429,Sunny,0.0
132,2,Verstappen (Red Bull),42.38285,85.70713,Sunny,0.0
132,3,Verstappen (Red Bull),42.33917,128.0463,Sunny,0.0
132,4,Verstappen (Red Bull),42.90142,170.94772,Sunny,0.0
132,5,Verstappen (Red Bull),42.5451,213.49281,Sunny,0.0
132,1,Norris (McLaren),43.73049,43.73049,Sunny,0.0
132,2,Norris (McLaren),43.22389,86.95439,Sunny,0.0
132,3,Norris (McLaren),42.95704,129.91143,Sunny,0.0
132,4,Norris (McLaren),42.79898,172.71041,Sunny,0.0
132,5,Norris (McLaren),42.98468,215.69509,Sunny,0.0
133,1,Hamilton (Mercedes),43.02536,43.02536,Sunny,0.0
133,2,Hamilton (Mercedes),43.1857,86.21107,Sunny,0.0
133,3,Hamilton (Mercedes),43.17727,129.38833,Sunny,0.0
133,4,Hamilton (Mercedes),42.95884,172.34717,Sunny,0.0
133,5,Hamilton (Mercedes),42.8622,215.20937,Sunny,0.0
133,1,Verstappen (Red Bull),42.80026,42.80026,Sunny,0.0
133,2,Verstappen (Red Bull),43.29324,86.0935,Sunny,0.0
133,3,Verstappen (Red Bull),42.11825,128.21175,Sunny,0.0
133,4,Verstappen (Red Bull),42.54023,170.75198,Sunny,0.0
133,5,Verstappen (Red Bull),43.0364,213.78838,Sunny,0.0
133,1,Norris (McLaren),42.40811,42.40811,Sunny,0.0
133,2,Norris (McLaren),43.13699,85.54509,Sunny,0.0
133,3,Norris (McLaren),43.90938,129.45447,Sunny,0.0
133,4,Norris (McLaren),42.75519,172.20966,Sunny,0.0
133,5,Norris (McLaren),42.47342,214.68308,Sunny,0.0
134,1,Hamilton (Mercedes),42.53843,42.53843,Sunny,0.0
134,2,Hamilton (Mercedes),43.60065,86.13908,Sunny,0.0
134,3,Hamilton (Mercedes),43.93291,130.07198,Sunny,0.0
134,4,Hamilton (Mercedes),42.70787,172.77986,Sunny,0.0
134,5,Hamilton (Mercedes),42.42452,215.20438,Sunny,0.0
134,1,Verstappen (Red Bull),42.42896,42.42896,Sunny,0.0
134,2,Verstappen (Red Bull),43.9341,86.36306,Sunny,0.0
134,3,Verstappen (Red Bull),43.55091,129.91397,Sunny,0.0
134,4,Verstappen (Red Bull),43.43301,173.34698,Sunny,0.0
134,5,Verstappen (Red Bull),43.15873,216.50571,Sunny,0.0
134,1,Norris (McLaren),43.02042,43.02042,Sunny,0.0
134,2,Norris (McLaren),43.33323,86.35365,Sunny,0.0
134,3,Norris (McLaren),43.10859,129.46224,Sunny,0.0
134,4,Norris (McLaren),44.09725,173.55949,Sunny,0.0
134,5,Norris (McLaren),41.83032,215.38981,Sunny,0.0
135,1,Hamilton (Mercedes),43.10296,43.10296,Sunny,0.0
135,2,Hamilton (Mercedes),43.35384,86.4568,Sunny,0.0
135,3,Hamilton (Mercedes),42.76514,129.22194,Sunny,0.0
135,4,Hamilton (Mercedes),41.93952,171.16146,Sunny,0.0
135,5,Hamilton (Mercedes),42.87124,214.0327,Sunny,0.0
135,1,Verstappen (Red Bull),42.50047,42.50047,Sunny,0.0
135,2,Verstappen (Red Bull),42.31723,84.8177,Sunny,0.0
135,3,Verstappen (Red Bull),41.03816,125.85585,Sunny,0.0
135,4,Verstappen (Red Bull),43.28969,169.14554,Sunny,0.0
135,5,Verstappen (Red Bull),43.66682,212.81236,Sunny,0.0
135,1,Norris (McLaren),43.15489,43.15489,Sunny,0.0
135,2,Norris (McLaren),44.18547,87.34036,Sunny,0.0
135,3,Norris (McLaren),43.20527,130.54563,Sunny,0.0
135,4,Norris (McLaren),43.98867,174.5343,Sunny,0.0
135,5,Norris (McLaren),42.37674,216.91103,Sunny,0.0
136,1,Hamilton (Mercedes),43.89878,43.89878,Sunny,0.0
136,2,Hamilton (Mercedes),42.55011,86.44889,Sunny,0.0
136,3,Hamilton (Mercedes),42.65071,129.0996,Sunny,0.0
136,4,Hamilton (Mercedes),43.10934,172.20894,Sunny,0.0
136,5,Hamilton (Mercedes),43.73573,215.94467,Sunny,0.0
136,1,Verstappen (Red Bull),42.93746,42.93746,Sunny,0.0
136,2,Verstappen (Red Bull),41.20356,84.14102,Sunny,0.0
136,3,Verstappen (Red Bull),42.06511,126.20613,Sunny,0.0
136,4,Verstappen (Red Bull),43.38238,169.58851,Sunny,0.0
136,5,Verstappen (Red Bull),42.62791,212.21642,Sunny,0.0
136,1,Norris (McLaren),42.68691,42.68691,Sunny,0.0
136,2,Norris (McLaren),44.06118,86.74808,Sunny,0.0
136,3,Norris (McLaren),43.56992,130.318,Sunny,0.0
136,4,Norris (McLaren),43.41436,173.73237,Sunny,0.0
136,5,Norris (McLaren),43.09768,216.83005,Sunny,0.0
137,1,Hamilton (Mercedes),42.58322,42.58322,Sunny,0.0
137,2,Hamilton (Mercedes),43.07377,85.65699,Sunny,0.0
137,3,Hamilton (Mercedes),42.47643,128.13342,Sunny,0.0
137,4,Hamilton (Mercedes),42.63194,170.76536,Sunny,0.0
137,5,Hamilton (Mercedes),43.07763,213.84299,Sunny,0.0
137,1,Verstappen (Red Bull),43.55807,43.55807,Sunny,0.0
137,2,Verstappen (Red Bull),42.65549,86.21355,Sunny,0.0
137,3,Verstappen (Red Bull),43.56074,129.77429,Sunny,0.0
137,4,Verstappen (Red Bull),43.26993,173.04423,Sunny,0.0
137,5,Verstappen (Red Bull),42.61222,215.65645,Sunny,0.0
137,1,Norris (McLaren),43.83579,43.83579,Sunny,0.0
137,2,Norris (McLaren),43.58302,87.41881,Sunny,0.0
137,3,Norris (McLaren),43.312,130.73081,Sunny,0.0
137,4,Norris (McLaren),42.80002,173.53083,Sunny,0.0
137,5,Norris (McLaren),42.06703,215.59786,Sunny,0.0
138,1,Hamilton (Mercedes),43.87165,43.87165,Sunny,0.0
138,2,Hamilton (Mercedes),43.17306,87.04471,Sunny,0.0
138,3,Hamilton (Mercedes),42.65784,129.70255,Sunny,0.0
138,4,Hamilton (Mercedes),42.29118,171.99372,Sunny,0.0
138,5,Hamilton (Mercedes),42.62069,214.61442,Sunny,0.0
138,1,Verstappen (Red Bull),43.12598,43.12598,Sunny,0.0
138,2,Verstappen (Red Bull),42.27476,85.40074,Sunny,0.0
138,3,Verstappen (Red Bull),43.26372,128.66446,Sunny,0.0
138,4,Verstappen (Red Bull),42.41799,171.08245,Sunny,0.0
138,5,Verstappen (Red Bull),43.65162,214.73407,Sunny,0.0
138,1,Norris (McLaren),42.68156,42.68156,Sunny,0.0
138,2,Norris (McLaren),41.75057,84.43213,Sunny,0.0
138,3,Norris (McLaren),44.2911,128.72324,Sunny,0.0
138,4,Norris (McLaren),44.26277,172.98601,Sunny,0.0
138,5,Norris (McLaren),42.88139,215.86741,Sunny,0.0
139,1,Hamilton (Mercedes),42.69714,42.69714,Sunny,0.0
139,2,Hamilton (Mercedes),42.98118,85.67832,Sunny,0.0
139,3,Hamilton (Mercedes),43.47962,129.15793,Sunny,0.0
139,4,Hamilton (Mercedes),43.32716,172.4851,Sunny,0.0
139,5,Hamilton (Mercedes),43.03104,215.51614,Sunny,0.0
139,1,Verstappen (Red Bull),42.01961,42.01961,Sunny,0.0
139,2,Verstappen (Red Bull),43.16314,85.18275,Sunny,0.0
139,3,Verstappen (Red Bull),43.12528,128.30803,Sunny,0.0
139,4,Verstappen (Red Bull),43.75352,172.06155,Sunny,0.0
139,5,Verstappen (Red Bull),42.04485,214.1064,Sunny,0.0
139,1,Norris (McLaren),42.47225,42.47225,Sunny,0.0
139,2,Norris (McLaren),43.70747,86.17972,Sunny,0.0
139,3,Norris (McLaren),43.35168,129.5314,Sunny,0.0
139,4,Norris (McLaren),43.12189,172.65329,Sunny,0.0
139,5,Norris (McLaren),43.0212,215.67449,Sunny,0.0
140,1,Hamilton (Mercedes),43.08288,43.08288,Sunny,0.0
140,2,Hamilton (Mercedes),42.59511,85.67799,Sunny,0.0
140,3,Hamilton (Mercedes),42.4712,128.14919,Sunny,0.0
140,4,Hamilton (Mercedes),42.3433,170.49248,Sunny,0.0
140,5,Hamilton (Mercedes),43.17747,213.66995,Sunny,0.0
140,1,Verstappen (Red Bull),43.9355,43.9355,Sunny,0.0
140,2,Verstappen (Red Bull),42.84508,86.78058,Sunny,0.0
140,3,Verstappen (Red Bull),42.42465,129.20523,Sunny,0.0
140,4,Verstappen (Red Bull),43.45516,172.66039,Sunny,0.0
140,5,Verstappen (Red Bull),42.57581,215.2362,Sunny,0.0
140,1,Norris (McLaren),43.57792,43.57792,Sunny,0.0
140,2,Norris (McLaren),44.77096,88.34888,Sunny,0.0
140,3,Norris (McLaren),42.85324,131.20212,Sunny,0.0
140,4,Norris (McLaren),42.86457,174.06669,Sunny,0.0
140,5,Norris (McLaren),42.88552,216.95221,Sunny,0.0
141,1,Hamilton (Mercedes),43.24188,43.24188,Sunny,0.0
141,2,Hamilton (Mercedes),43.79153,87.03341,Sunny,0.0
141,3,Hamilton (Mercedes),42.05426,129.08767,Sunny,0.0
141,4,Hamilton (Mercedes),43.19542,172.28309,Sunny,0.0
141,5,Hamilton (Mercedes),44.12799,216.41108,Sunny,0.0
141,1,Verstappen (Red Bull),42.3555,42.3555,Sunny,0.0
141,2,Verstappen (Red Bull),43.08863,85.44413,Sunny,0.0
141,3,Verstappen (Red Bull),42.02459,127.46873,Sunny,0.0
141,4,Verstappen (Red Bull),43.03026,170.49899,Sunny,0.0
141,5,Verstappen (Red Bull),41.8494,212.34839,Sunny,0.0
141,1,Norris (McLaren),43.06237,43.06237,Sunny,0.0
141,2,Norris (McLaren),43.13553,86.1979,Sunny,0.0
141,3,Norris (McLaren),43.33464,129.53255,Sunny,0.0
141,4,Norris (McLaren),44.47842,174.01096,Sunny,0.0
141,5,Norris (McLaren),43.90213,217.9131,Sunny,0.0
142,1,Hamilton (Mercedes),42.99612,42.99612,Sunny,0.0
142,2,Hamilton (Mercedes),42.69883,85.69495,Sunny,0.0
142,3,Hamilton (Mercedes),42.85126,128.54621,Sunny,0.0
142,4,Hamilton (Mercedes),42.99299,171.53921,Sunny,0.0
142,5,Hamilton (Mercedes),43.7244,215.26361,Sunny,0.0
142,1,Verstappen (Red Bull),42.71634,42.71634,Sunny,0.0
142,2,Verstappen (Red Bull),42.69703,85.41337,Sunny,0.0
142,3,Verstappen (Red Bull),42.38414,127.79751,Sunny,0.0
142,4,Verstappen (Red Bull),41.84958,169.64709,Sunny,0.0
142,5,Verstappen (Red Bull),42.73867,212.38576,Sunny,0.0
142,1,Norris (McLaren),43.63692,43.63692,Sunny,0.0
142,2,Norris (McLaren),42.73048,86.3674,Sunny,0.0
142,3,Norris (McLaren),42.35013,128.71753,Sunny,0.0
142,4,Norris (McLaren),44.22822,172.94575,Sunny,0.0
142,5,Norris (McLaren),43.52883,216.47458,Sunny,0.0
143,1,Hamilton (Mercedes),43.48536,43.48536,Sunny,0.0
143,2,Hamilton (Mercedes),43.60688,87.09224,Sunny,0.0
143,3,Hamilton (Mercedes),42.50697,129.59921,Sunny,0.0
143,4,Hamilton (Mercedes),43.34224,172.94145,Sunny,0.0
143,5,Hamilton (Mercedes),43.37788,216.31934,Sunny,0.0
143,1,Verstappen (Red Bull),42.66975,42.66975,Sunny,0.0
143,2,Verstappen (Red Bull),43.07739,85.74714,Sunny,0.0
143,3,Verstappen (Red Bull),43.11098,128.85813,Sunny,0.0
143,4,Verstappen (Red Bull),42.95737,171.8155,Sunny,0.0
143,5,Verstappen (Red Bull),44.0794,215.8949,Sunny,0.0
143,1,Norris (McLaren),41.96106,41.96106,Sunny,0.0
143,2,Norris (McLaren),43.94112,85.90217,Sunny,0.0
143,3,Norris (McLaren),43.7323,129.63447,Sunny,0.0
143,4,Norris (McLaren),43.15177,172.78624,Sunny,0.0
143,5,Norris (McLaren),43.20532,215.99156,Sunny,0.0
144,1,Hamilton (Mercedes),43.32696,43.32696,Sunny,0.0
144,2,Hamilton (Mercedes),43.07633,86.40329,Sunny,0.0
144,3,Hamilton (Mercedes),43.94721,130.3505,Sunny,0.0
144,4,Hamilton (Mercedes),43.05643,173.40693,Sunny,0.0
144,5,Hamilton (Mercedes),43.52146,216.92838,Sunny,0.0
144,1,Verstappen (Red Bull),42.39961,42.39961,Sunny,0.0
144,2,Verstappen (Red Bull),41.82851,84.22811,Sunny,0.0
144,3,Verstappen (Red Bull),43.82653,128.05465,Sunny,0.0
144,4,Verstappen (Red Bull),42.3776,170.43224,Sunny,0.0
144,5,Verstappen (Red Bull),42.23804,212.67029,Sunny,0.0
144,1,Norris (McLaren),44.315,44.315,Sunny,0.0
144,2,Norris (McLaren),42.77548,87.09048,Sunny,0.0
144,3,Norris (McLaren),43.71201,130.80249,Sunny,0.0
144,4,Norris (McLaren),43.06361,173.8661,Sunny,0.0
144,5,Norris (McLaren),43.71507,217.58117,Sunny,0.0
145,1,Hamilton (Mercedes),43.46091,43.46091,Sunny,0.0
145,2,Hamilton (Mercedes),42.24217,85.70308,Sunny,0.0
145,3,Hamilton (Mercedes),42.32708,128.03016,Sunny,0.0
145,4,Hamilton (Mercedes),42.04718,170.07734,Sunny,0.0
145,5,Hamilton (Mercedes),41.94417,212.0215,Sunny,0.0
145,1,Verstappen (Red Bull),43.308,43.308,Sunny,0.0
145,2,Verstappen (Red Bull),43.5186,86.8266,Sunny,0.0
145,3,Verstappen (Red Bull),42.61649,129.44308,Sunny,0.0
145,4,Verstappen (Red Bull),41.46956,170.91264,Sunny,0.0
145,5,Verstappen (Red Bull),43.97568,214.88832,Sunny,0.0
145,1,Norris (McLaren),43.34032,43.34032,Sunny,0.0
145,2,Norris (McLaren),44.14117,87.48149,Sunny,0.0
145,3,Norris (McLaren),42.7746,130.25609,Sunny,0.0
145,4,Norris (McLaren),42.46406,172.72016,Sunny,0.0
145,5,Norris (McLaren),41.84858,214.56874,Sunny,0.0
146,1,Hamilton (Mercedes),43.53868,43.53868,Sunny,0.0
146,2,Hamilton (Mercedes),42.68964,86.22832,Sunny,0.0
146,3,Hamilton (Mercedes),42.8074,129.03573,Sunny,0.0
146,4,Hamilton (Mercedes),42.67788,171.71361,Sunny,0.0
146,5,Hamilton (Mercedes),42.40648,214.12009,Sunny,0.0
146,1,Verstappen (Red Bull),42.53368,42.53368,Sunny,0.0
146,2,Verstappen (Red Bull),43.3577,85.89138,Sunny,0.0
146,3,Verstappen (Red Bull),42.68887,128.58025,Sunny,0.0
146,4,Verstappen (Red Bull),42.50803,171.08828,Sunny,0.0
146,5,Verstappen (Red Bull),42.53251,213.62079,Sunny,0.0
146,1,Norris (McLaren),42.96416,42.96416,Sunny,0.0
146,2,Norris (McLaren),43.11998,86.08413,Sunny,0.0
146,3,Norris (McLaren),44.04392,130.12805,Sunny,0.0
146,4,Norris (McLaren),43.57885,173.7069,Sunny,0.0
146,5,Norris (McLaren),43.09205,216.79895,Sunny,0.0
147,1,Hamilton (Mercedes),43.74433,43.74433,Sunny,0.0
147,2,Hamilton (Mercedes),44.21595,87.96028,Sunny,0.0
147,3,Hamilton (Mercedes),43.37899,131.33927,Sunny,0.0
147,4,Hamilton (Mercedes),42.42205,173.76132,Sunny,0.0
147,5,Hamilton (Mercedes),43.16021,216.92152,Sunny,0.0
147,1,Verstappen (Red Bull),43.14256,43.14256,Sunny,0.0
147,2,Verstappen (Red Bull),42.83329,85.97585,Sunny,0.0
147,3,Verstappen (Red Bull),43.04565,129.0215,Sunny,0.0
147,4,Verstappen (Red Bull),42.68682,171.70832,Sunny,0.0
147,5,Verstappen (Red Bull),42.9481,214.65642,Sunny,0.0
147,1,Norris (McLaren),43.51467,43.51467,Sunny,0.0
147,2,Norris (McLaren),43.45496,86.96963,Sunny,0.0
147,3,Norris (McLaren),42.95292,129.92256,Sunny,0.0
147,4,Norris (McLaren),42.7692,172.69175,Sunny,0.0
147,5,Norris (McLaren),43.00984,215.70159,Sunny,0.0
148,1,Hamilton (Mercedes),44.51308,44.51308,Sunny,0.0
148,2,Hamilton (Mercedes),43.82811,88.34119,Sunny,0.0
148,3,Hamilton (Mercedes),42.69936,131.04055,Sunny,0.0
148,4,Hamilton (Mercedes),42.69328,173.73383,Sunny,0.0
148,5,Hamilton (Mercedes),43.04148,216.77531,Sunny,0.0
148,1,Verstappen (Red Bull),43.17175,43.17175,Sunny,0.0
148,2,Verstappen (Red Bull),42.78839,85.96013,Sunny,0.0
148,3,Verstappen (Red Bull),42.97695,128.93708,Sunny,0.0
148,4,Verstappen (Red Bull),43.03067,171.96775,Sunny,0.0
148,5,Verstappen (Red Bull),41.89362,213.86137,Sunny,0.0
148,1,Norris (McLaren),43.51274,43.51274,Sunny,0.0
148,2,Norris (McLaren),43.83665,87.34939,Sunny,0.0
148,3,Norris (McLaren),43.05185,130.40124,Sunny,0.0
148,4,Norris (McLaren),43.66742,174.06865,Sunny,0.0
148,5,Norris (McLaren),44.02012,218.08877,Sunny,0.0
149,1,Hamilton (Mercedes),42.62794,42.62794,Sunny,0.0
149,2,Hamilton (Mercedes),43.59764,86.22558,Sunny,0.0
149,3,Hamilton (Mercedes),42.90634,129.13192,Sunny,0.0
149,4,Hamilton (Mercedes),42.96091,172.09283,Sunny,0.0
149,5,Hamilton (Mercedes),43.18146,215.27429,Sunny,0.0
149,1,Verstappen (Red Bull),42.91624,42.91624,Sunny,0.0
149,2,Verstappen (Red Bull),43.27835,86.19459,Sunny,0.0
149,3,Verstappen (Red Bull),43.2635,129.45809,Sunny,0.0
149,4,Verstappen (Red Bull),42.54813,172.00622,Sunny,0.0
149,5,Verstappen (Red Bull),41.90289,213.90911,Sunny,0.0
149,1,Norris (McLaren),43.68519,43.68519,Sunny,0.0
149,2,Norris (McLaren),43.4039,87.08909,Sunny,0.0
149,3,Norris (McLaren),43.75774,130.84683,Sunny,0.0
149,4,Norris (McLaren),45.04075,175.88758,Sunny,0.0
149,5,Norris (McLaren),42.28904,218.17662,Sunny,0.0
150,1,Hamilton (Mercedes),43.41089,43.41089,Sunny,0.0
150,2,Hamilton (Mercedes),42.23097,85.64186,Sunny,0.0
150,3,Hamilton (Mercedes),43.26557,128.90743,Sunny,0.0
150,4,Hamilton (Mercedes),42.70862,171.61605,Sunny,0.0
150,5,Hamilton (Mercedes),43.209,214.82505,Sunny,0.0
150,1,Verstappen (Red Bull),43.4089,43.4089,Sunny,0.0
150,2,Verstappen (Red Bull),42.9394,86.3483,Sunny,0.0
150,3,Verstappen (Red Bull),42.90367,129.25196,Sunny,0.0
150,4,Verstappen (Red Bull),42.50436,171.75633,Sunny,0.0
150,5,Verstappen (Red Bull),43.8995,215.65583,Sunny,0.0
150,1,Norris (McLaren),42.33254,42.33254,Sunny,0.0
150,2,Norris (McLaren),43.45796,85.7905,Sunny,0.0
150,3,Norris (McLaren),43.3181,129.1086,Sunny,0.0
150,4,Norris (McLaren),42.89865,172.00725,Sunny,0.0
150,5,Norris (McLaren),44.68271,216.68996,Sunny,0.0
151,1,Hamilton (Mercedes),43.64375,43.64375,Sunny,0.0
151,2,Hamilton (Mercedes),42.69427,86.33803,Sunny,0.0
151,3,Hamilton (Mercedes),43.06617,129.4042,Sunny,0.0
151,4,Hamilton (Mercedes),43.65892,173.06312,Sunny,0.0
151,5,Hamilton (Mercedes),42.97891,216.04203,Sunny,0.0
151,1,Verstappen (Red Bull),42.8266,42.8266,Sunny,0.0
151,2,Verstappen (Red Bull),43.33094,86.15754,Sunny,0.0
151,3,Verstappen (Red Bull),42.30177,128.4593,Sunny,0.0
151,4,Verstappen (Red Bull),43.0171,171.4764,Sunny,0.0
151,5,Verstappen (Red Bull),42.75811,214.23451,Sunny,0.0
151,1,Norris (McLaren),43.77038,43.77038,Sunny,0.0
151,2,Norris (McLaren),43.68567,87.45605,Sunny,0.0
151,3,Norris (McLaren),43.19768,130.65373,Sunny,0.0
151,4,Norris (McLaren),43.56308,174.21681,Sunny,0.0
151,5,Norris (McLaren),44.26138,218.47819,Sunny,0.0
152,1,Hamilton (Mercedes),43.62634,43.62634,Sunny,0.0
152,2,Hamilton (Mercedes),43.16261,86.78895,Sunny,0.0
152,3,Hamilton (Mercedes),42.69501,129.48396,Sunny,0.0
152,4,Hamilton (Mercedes),42.10071,171.58466,Sunny,0.0
152,5,Hamilton (Mercedes),43.15007,214.73474,Sunny,0.0
152,1,Verstappen (Red Bull),42.36678,42.36678,Sunny,0.0
152,2,Verstappen (Red Bull),43.53013,85.89691,Sunny,0.0
152,3,Verstappen (Red Bull),41.92465,127.82157,Sunny,0.0
152,4,Verstappen (Red Bull),42.51507,170.33664,Sunny,0.0
152,5,Verstappen (Red Bull),42.9776,213.31423,Sunny,0.0
152,1,Norris (McLaren),45.57953,45.57953,Sunny,0.0
152,2,Norris (McLaren),43.30034,88.87987,Sunny,0.0
152,3,Norris (McLaren),43.41534,132.2952,Sunny,0.0
152,4,Norris (McLaren),44.03782,176.33302,Sunny,0.0
152,5,Norris (McLaren),42.69076,219.02378,Sunny,0.0
153,1,Hamilton (Mercedes),43.14404,43.14404,Sunny,0.0
153,2,Hamilton (Mercedes),42.65333,85.79737,Sunny,0.0
153,3,Hamilton (Mercedes),43.65373,129.45109,Sunny,0.0
153,4,Hamilton (Mercedes),43.71012,173.16121,Sunny,0.0
153,5,Hamilton (Mercedes),42.50997,215.67118,Sunny,0.0
153,1,Verstappen (Red Bull),41.68772,41.68772,Sunny,0.0
153,2,Verstappen (Red Bull),42.78584,84.47356,Sunny,0.0
153,3,Verstappen (Red Bull),43.06595,127.53951,Sunny,0.0
153,4,Verstappen (Red Bull),42.87288,170.41239,Sunny,0.0
153,5,Verstappen (Red Bull),42.83741,213.2498,Sunny,0.0
153,1,Norris (McLaren),44.68258,44.68258,Sunny,0.0
153,2,Norris (McLaren),43.57516,88.25775,Sunny,0.0
153,3,Norris (McLaren),43.72521,131.98296,Sunny,0.0
153,4,Norris (McLaren),43.81833,175.80128,Sunny,0.0
153,5,Norris (McLaren),43.97982,219.7811,Sunny,0.0
154,1,Hamilton (Mercedes),42.42906,42.42906,Sunny,0.0
154,2,Hamilton (Mercedes),42.64459,85.07364,Sunny,0.0
154,3,Hamilton (Mercedes),43.52542,128.59906,Sunny,0.0
154,4,Hamilton (Mercedes),43.40168,172.00075,Sunny,0.0
154,5,Hamilton (Mercedes),42.9977,214.99845,Sunny,0.0
154,1,Verstappen (Red Bull),42.21067,42.21067,Sunny,0.0
154,2,Verstappen (Red Bull),42.30769,84.51836,Sunny,0.0
154,3,Verstappen (Red Bull),43.60784,128.1262,Sunny,0.0
154,4,Verstappen (Red Bull),43.83454,171.96074,Sunny,0.0
154,5,Verstappen (Red Bull),42.1327,214.09344,Sunny,0.0
154,1,Norris (McLaren),43.60901,43.60901,Sunny,0.0
154,2,Norris (McLaren),44.06516,87.67418,Sunny,0.0
154,3,Norris (McLaren),42.55043,130.22461,Sunny,0.0
154,4,Norris (McLaren),42.55974,172.78434,Sunny,0.0
154,5,Norris (McLaren),44.30163,217.08598,Sunny,0.0
155,1,Hamilton (Mercedes),43.12858,43.12858,Sunny,0.0
155,2,Hamilton (Mercedes),43.59092,86.7195,Sunny,0.0
155,3,Hamilton (Mercedes),44.03827,130.75776,Sunny,0.0
155,4,Hamilton (Mercedes),43.05497,173.81274,Sunny,0.0
155,5,Hamilton (Mercedes),43.04855,216.86128,Sunny,0.0
155,1,Verstappen (Red Bull),41.52633,41.52633,Sunny,0.0
155,2,Verstappen (Red Bull),42.12633,83.65266,Sunny,0.0
155,3,Verstappen (Red Bull),43.49547,127.14813,Sunny,0.0
155,4,Verstappen (Red Bull),42.47008,169.61821,Sunny,0.0
155,5,Verstappen (Red Bull),42.82188,212.4401,Sunny,0.0
155,1,Norris (McLaren),43.08995,43.08995,Sunny,0.0
155,2,Norris (McLaren),43.3858,86.47575,Sunny,0.0
155,3,Norris (McLaren),41.94415,128.4199,Sunny,0.0
155,4,Norris (McLaren),41.72,170.1399,Sunny,0.0
155,5,Norris (McLaren),43.66573,213.80562,Sunny,0.0
156,1,Hamilton (Mercedes),43.31662,43.31662,Sunny,0.0
156,2,Hamilton (Mercedes),42.73308,86.0497,Sunny,0.0
156,3,Hamilton (Mercedes),43.4374,129.48709,Sunny,0.0
156,4,Hamilton (Mercedes),43.3273,172.8144,Sunny,0.0
156,5,Hamilton (Mercedes),42.65798,215.47238,Sunny,0.0
156,1,Verstappen (Red Bull),43.25526,43.25526,Sunny,0.0
156,2,Verstappen (Red Bull),42.74616,86.00143,Sunny,0.0
156,3,Verstappen (Red Bull),42.44237,128.4438,Sunny,0.0
156,4,Verstappen (Red Bull),42.37135,170.81515,Sunny,0.0
156,5,Verstappen (Red Bull),41.9595,212.77465,Sunny,0.0
156,1,Norris (McLaren),42.98422,42.98422,Sunny,0.0
156,2,Norris (McLaren),43.10347,86.08769,Sunny,0.0
156,3,Norris (McLaren),43.26739,129.35508,Sunny,0.0
156,4,Norris (McLaren),44.48188,173.83696,Sunny,0.0
156,5,Norris (McLaren),43.49763,217.33459,Sunny,0.0
157,1,Hamilton (Mercedes),43.51931,43.51931,Sunny,0.0
157,2,Hamilton (Mercedes),43.68659,87.2059,Sunny,0.0
157,3,Hamilton (Mercedes),42.86085,130.06675,Sunny,0.0
157,4,Hamilton (Mercedes),43.55145,173.6182,Sunny,0.0
157,5,Hamilton (Mercedes),43.18879,216.80699,Sunny,0.0
157,1,Verstappen (Red Bull),43.20238,43.20238,Sunny,0.0
157,2,Verstappen (Red Bull),43.43016,86.63254,Sunny,0.0
157,3,Verstappen (Red Bull),42.23292,128.86546,Sunny,0.0
157,4,Verstappen (Red Bull),43.69296,172.55842,Sunny,0.0
157,5,Verstappen (Red Bull),42.29167,214.85008,Sunny,0.0
157,1,Norris (McLaren),42.54576,42.54576,Sunny,0.0
157,2,Norris (McLaren),43.34334,85.8891,Sunny,0.0
157,3,Norris (McLaren),42.69216,128.58126,Sunny,0.0
157,4,Norris (McLaren),43.15768,171.73893,Sunny,0.0
157,5,Norris (McLaren),43.63506,215.374,Sunny,0.0
158,1,Hamilton (Mercedes),43.61481,43.61481,Sunny,0.0
158,2,Hamilton (Mercedes),43.09214,86.70695,Sunny,0.0
158,3,Hamilton (Mercedes),43.9673,130.67425,Sunny,0.0
158,4,Hamilton (Mercedes),43.12037,173.79462,Sunny,0.0
158,5,Hamilton (Mercedes),42.52156,216.31618,Sunny,0.0
158,1,Verstappen (Red Bull),42.62197,42.62197,Sunny,0.0
158,2,Verstappen (Red Bull),42.77957,85.40154,Sunny,0.0
158,3,Verstappen (Red Bull),42.41359,127.81513,Sunny,0.0
158,4,Verstappen (Red Bull),42.68327,170.4984,Sunny,0.0
158,5,Verstappen (Red Bull),42.92629,213.42469,Sunny,0.0
158,1,Norris (McLaren),43.68052,43.68052,Sunny,0.0
158,2,Norris (McLaren),42.52755,86.20808,Sunny,0.0
158,3,Norris (McLaren),42.72923,128.9373,Sunny,0.0
158,4,Norris (McLaren),43.67027,172.60757,Sunny,0.0
158,5,Norris (McLaren),43.29431,215.90188,Sunny,0.0
159,1,Hamilton (Mercedes),44.10782,44.10782,Sunny,0.0
159,2,Hamilton (Mercedes),42.95757,87.06538,Sunny,0.0
159,3,Hamilton (Mercedes),42.82202,129.88741,Sunny,0.0
159,4,Hamilton (Mercedes),43.49952,173.38692,Sunny,0.0
159,5,Hamilton (Mercedes),42.84634,216.23327,Sunny,0.0
159,1,Verstappen (Red Bull),42.26518,42.26518,Sunny,0.0
159,2,Verstappen (Red Bull),41.96077,84.22595,Sunny,0.0
159,3,Verstappen (Red Bull),43.13352,127.35946,Sunny,0.0
159,4,Verstappen (Red Bull),42.48141,169.84088,Sunny,0.0
159,5,Verstappen (Red Bull),43.46947,213.31035,Sunny,0.0
159,1,Norris (McLaren),42.54691,42.54691,Sunny,0.0
159,2,Norris (McLaren),41.88728,84.43418,Sunny,0.0
159,3,Norris (McLaren),43.19705,127.63124,Sunny,0.0
159,4,Norris (McLaren),43.57851,171.20975,Sunny,0.0
159,5,Norris (McLaren),43.55393,214.76367,Sunny,0.0
160,1,Hamilton (Mercedes),43.90049,43.90049,Sunny,0.0
160,2,Hamilton (Mercedes),42.74096,86.64145,Sunny,0.0
160,3,Hamilton (Mercedes),42.3371,128.97856,Sunny,0.0
160,4,Hamilton (Mercedes),43.57532,172.55388,Sunny,0.0
160,5,Hamilton (Mercedes),43.09763,215.65151,Sunny,0.0
160,1,Verstappen (Red Bull),43.19478,43.19478,Sunny,0.0
160,2,Verstappen (Red Bull),42.23547,85.43025,Sunny,0.0
160,3,Verstappen (Red Bull),43.15531,128.58556,Sunny,0.0
160,4,Verstappen (Red Bull),42.29324,170.87879,Sunny,0.0
160,5,Verstappen (Red Bull),42.96658,213.84538,Sunny,0.0
160,1,Norris (McLaren),42.80436,42.80436,Sunny,0.0
160,2,Norris (McLaren),44.20591,87.01027,Sunny,0.0
160,3,Norris (McLaren),43.13807,130.14834,Sunny,0.0
160,4,Norris (McLaren),44.3996,174.54794,Sunny,0.0
160,5,Norris (McLaren),43.85531,218.40325,Sunny,0.0
161,1,Hamilton (Mercedes),43.38974,43.38974,Sunny,0.0
161,2,Hamilton (Mercedes),43.65069,87.04043,Sunny,0.0
161,3,Hamilton (Mercedes),44.2924,131.33283,Sunny,0.0
161,4,Hamilton (Mercedes),43.40275,174.73558,Sunny,0.0
161,5,Hamilton (Mercedes),42.64608,217.38166,Sunny,0.0
161,1,Verstappen (Red Bull),42.97406,42.97406,Sunny,0.0
161,2,Verstappen (Red Bull),42.85489,85.82894,Sunny,0.0
161,3,Verstappen (Red Bull),42.39202,128.22097,Sunny,0.0
161,4,Verstappen (Red Bull),43.09329,171.31425,Sunny,0.0
161,5,Verstappen (Red Bull),42.57598,213.89023,Sunny,0.0
161,1,Norris (McLaren),43.77902,43.77902,Sunny,0.0
161,2,Norris (McLaren),44.1391,87.91812,Sunny,0.0
161,3,Norris (McLaren),43.63712,131.55524,Sunny,0.0
161,4,Norris (McLaren),42.46563,174.02088,Sunny,0.0
161,5,Norris (McLaren),42.71071,216.73159,Sunny,0.0
162,1,Hamilton (Mercedes),44.14387,44.14387,Sunny,0.0
162,2,Hamilton (Mercedes),43.38894,87.53281,Sunny,0.0
162,3,Hamilton (Mercedes),43.47699,131.0098,Sunny,0.0
162,4,Hamilton (Mercedes),42.69478,173.70458,Sunny,0.0
162,5,Hamilton (Mercedes),43.14952,216.8541,Sunny,0.0
162,1,Verstappen (Red Bull),43.08498,43.08498,Sunny,0.0
162,2,Verstappen (Red Bull),43.26299,86.34797,Sunny,0.0
162,3,Verstappen (Red Bull),42.715,129.06297,Sunny,0.0
162,4,Verstappen (Red Bull),42.88196,171.94492,Sunny,0.0
162,5,Verstappen (Red Bull),42.70248,214.6474,Sunny,0.0
162,1,Norris (McLaren),43.16956,43.16956,Sunny,0.0
162,2,Norris (McLaren),43.55288,86.72244,Sunny,0.0
162,3,Norris (McLaren),43.78095,130.50339,Sunny,0.0
162,4,Norris (McLaren),42.6832,173.18659,Sunny,0.0
162,5,Norris (McLaren),43.00979,216.19638,Sunny,0.0
163,1,Hamilton (Mercedes),42.79647,42.79647,Sunny,0.0
163,2,Hamilton (Mercedes),42.75135,85.54782,Sunny,0.0
163,3,Hamilton (Mercedes),43.0777,128.62552,Sunny,0.0
163,4,Hamilton (Mercedes),43.56107,172.18659,Sunny,0.0
163,5,Hamilton (Mercedes),42.81527,215.00186,Sunny,0.0
163,1,Verstappen (Red Bull),43.0658,43.0658,Sunny,0.0
163,2,Verstappen (Red Bull),43.00579,86.07159,Sunny,0.0
163,3,Verstappen (Red Bull),43.05681,129.1284,Sunny,0.0
163,4,Verstappen (Red Bull),42.23497,171.36337,Sunny,0.0
163,5,Verstappen (Red Bull),42.66612,214.02948,Sunny,0.0
163,1,Norris (McLaren),43.49407,43.49407,Sunny,0.0
163,2,Norris (McLaren),42.54747,86.04154,Sunny,0.0
163,3,Norris (McLaren),43.66336,129.7049,Sunny,0.0
163,4,Norris (McLaren),42.91975,172.62465,Sunny,0.0
163,5,Norris (McLaren),43.48695,216.1116,Sunny,0.0
164,1,Hamilton (Mercedes),42.74534,42.74534,Sunny,0.0
164,2,Hamilton (Mercedes),44.59738,87.34273,Sunny,0.0
164,3,Hamilton (Mercedes),43.01474,130.35747,Sunny,0.0
164,4,Hamilton (Mercedes),43.57238,173.92985,Sunny,0.0
164,5,Hamilton (Mercedes),43.19488,217.12473,Sunny,0.0
164,1,Verstappen (Red Bull),43.45175,43.45175,Sunny,0.0
164,2,Verstappen (Red Bull),42.9268,86.37856,Sunny,0.0
164,3,Verstappen (Red Bull),42.05674,128.4353,Sunny,0.0
164,4,Verstappen (Red Bull),43.39793,171.83324,Sunny,0.0
164,5,Verstappen (Red Bull),43.99318,215.82642,Sunny,0.0
164,1,Norris (McLaren),44.63549,44.63549,Sunny,0.0
164,2,Norris (McLaren),42.16591,86.8014,Sunny,0.0
164,3,Norris (McLaren),43.12189,129.92329,Sunny,0.0
164,4,Norris (McLaren),43.07515,172.99844,Sunny,0.0
164,5,Norris (McLaren),42.53552,215.53395,Sunny,0.0
165,1,Hamilton (Mercedes),43.20027,43.20027,Sunny,0.0
165,2,Hamilton (Mercedes),43.31629,86.51656,Sunny,0.0
165,3,Hamilton (Mercedes),43.30195,129.81851,Sunny,0.0
165,4,Hamilton (Mercedes),42.43392,172.25244,Sunny,0.0
165,5,Hamilton (Mercedes),43.00591,215.25835,Sunny,0.0
165,1,Verstappen (Red Bull),42.60356,42.60356,Sunny,0.0
165,2,Verstappen (Red Bull),42.8186,85.42216,Sunny,0.0
165,3,Verstappen (Red Bull),42.26091,127.68307,Sunny,0.0
165,4,Verstappen (Red Bull),42.67297,170.35604,Sunny,0.0
165,5,Verstappen (Red Bull),42.34001,212.69605,Sunny,0.0
165,1,Norris (McLaren),42.46578,42.46578,Sunny,0.0
165,2,Norris (McLaren),42.06893,84.53471,Sunny,0.0
165,3,Norris (McLaren),43.87049,128.4052,Sunny,0.0
165,4,Norris (McLaren),42.57836,170.98357,Sunny,0.0
165,5,Norris (McLaren),43.48617,214.46974,Sunny,0.0
166,1,Hamilton (Mercedes),44.36467,44.36467,Sunny,0.0
166,2,Hamilton (Mercedes),42.53898,86.90365,Sunny,0.0
166,3,Hamilton (Mercedes),43.10724,130.01089,Sunny,0.0
166,4,Hamilton (Mercedes),42.53148,172.54237,Sunny,0.0
166,5,Hamilton (Mercedes),42.63658,215.17895,Sunny,0.0
166,1,Verstappen (Red Bull),42.89494,42.89494,Sunny,0.0
166,2,Verstappen (Red Bull),43.10553,86.00047,Sunny,0.0
166,3,Verstappen (Red Bull),42.54974,128.55021,Sunny,0.0
166,4,Verstappen (Red Bull),42.23471,170.78492,Sunny,0.0
166,5,Verstappen (Red Bull),43.13484,213.91976,Sunny,0.0
166,1,Norris (McLaren),43.39853,43.39853,Sunny,0.0
166,2,Norris (McLaren),42.57144,85.96997,Sunny,0.0
166,3,Norris (McLaren),42.55927,128.52924,Sunny,0.0
166,4,Norris (McLaren),42.50623,171.03548,Sunny,0.0
166,5,Norris (McLaren),44.25805,215.29352,Sunny,0.0
167,1,Hamilton (Mercedes),43.63984,43.63984,Sunny,0.0
167,2,Hamilton (Mercedes),43.48518,87.12502,Sunny,0.0
167,3,Hamilton (Mercedes),42.89345,130.01847,Sunny,0.0
167,4,Hamilton (Mercedes),42.48655,172.50503,Sunny,0.0
167,5,Hamilton (Mercedes),43.70128,216.20631,Sunny,0.0
167,1,Verstappen (Red Bull),42.74349,42.74349,Sunny,0.0
167,2,Verstappen (Red Bull),41.93258,84.67607,Sunny,0.0
167,3,Verstappen (Red Bull),43.52776,128.20382,Sunny,0.0
167,4,Verstappen (Red Bull),42.28809,170.49192,Sunny,0.0
167,5,Verstappen (Red Bull),43.02646,213.51838,Sunny,0.0
167,1,Norris (McLaren),42.57189,42.57189,Sunny,0.0
167,2,Norris (McLaren),42.48808,85.05997,Sunny,0.0
167,3,Norris (McLaren),43.07854,128.13851,Sunny,0.0
167,4,Norris (McLaren),43.94032,172.07883,Sunny,0.0
167,5,Norris (McLaren),42.66883,214.74766,Sunny,0.0
168,1,Hamilton (Mercedes),43.61108,43.61108,Sunny,0.0
168,2,Hamilton (Mercedes),42.36964,85.98072,Sunny,0.0
168,3,Hamilton (Mercedes),41.99671,127.97743,Sunny,0.0
168,4,Hamilton (Mercedes),43.69415,171.67158,Sunny,0.0
168,5,Hamilton (Mercedes),43.59597,215.26754,Sunny,0.0
168,1,Verstappen (Red Bull),42.87004,42.87004,Sunny,0.0
168,2,Verstappen (Red Bull),42.53898,85.40902,Sunny,0.0
168,3,Verstappen (Red Bull),43.02683,128.43585,Sunny,0.0
168,4,Verstappen (Red Bull),43.00533,171.44118,Sunny,0.0
168,5,Verstappen (Red Bull),42.65128,214.09246,Sunny,0.0
168,1,Norris (McLaren),43.31699,43.31699,Sunny,0.0
168,2,Norris (McLaren),43.03919,86.35618,Sunny,0.0
168,3,Norris (McLaren),43.62869,129.98487,Sunny,0.0
168,4,Norris (McLaren),42.49221,172.47708,Sunny,0.0
168,5,Norris (McLaren),44.71714,217.19422,Sunny,0.0
169,1,Hamilton (Mercedes),42.74186,42.74186,Sunny,0.0
169,2,Hamilton (Mercedes),43.53204,86.2739,Sunny,0.0
169,3,Hamilton (Mercedes),43.13091,129.40481,Sunny,0.0
169,4,Hamilton (Mercedes),43.30835,172.71316,Sunny,0.0
169,5,Hamilton (Mercedes),43.17203,215.88518,Sunny,0.0
169,1,Verstappen (Red Bull),43.20633,43.20633,Sunny,0.0
169,2,Verstappen (Red Bull),42.66794,85.87427,Sunny,0.0
169,3,Verstappen (Red Bull),43.40299,129.27725,Sunny,0.0
169,4,Verstappen (Red Bull),42.13823,171.41548,Sunny,0.0
169,5,Verstappen (Red Bull),43.18092,214.5964,Sunny,0.0
169,1,Norris (McLaren),42.65044,42.65044,Sunny,0.0
169,2,Norris (McLaren),42.77164,85.42208,Sunny,0.0
169,3,Norris (McLaren),42.86459,128.28667,Sunny,0.0
169,4,Norris (McLaren),43.65744,171.94411,Sunny,0.0
169,5,Norris (McLaren),42.76063,214.70473,Sunny,0.0
170,1,Hamilton (Mercedes),41.9318,41.9318,Sunny,0.0
170,2,Hamilton (Mercedes),42.8741,84.8059,Sunny,0.0
170,3,Hamilton (Mercedes),42.45813,127.26403,Sunny,0.0
170,4,Hamilton (Mercedes),43.16138,170.42541,Sunny,0.0
170,5,Hamilton (Mercedes),44.21898,214.64439,Sunny,0.0
170,1,Verstappen (Red Bull),43.20901,43.20901,Sunny,0.0
170,2,Verstappen (Red Bull),43.22929,86.43829,Sunny,0.0
170,3,Verstappen (Red Bull),43.54358,129.98187,Sunny,0.0
170,4,Verstappen (Red Bull),41.80415,171.78603,Sunny,0.0
170,5,Verstappen (Red Bull),43.48173,215.26776,Sunny,0.0
170,1,Norris (McLaren),43.8459,43.8459,Sunny,0.0
170,2,Norris (McLaren),44.11746,87.96335,Sunny,0.0
170,3,Norris (McLaren),42.82929,130.79265,Sunny,0.0
170,4,Norris (McLaren),44.92727,175.71991,Sunny,0.0
170,5,Norris (McLaren),42.99591,218.71582,Sunny,0.0
171,1,Hamilton (Mercedes),43.75829,43.75829,Sunny,0.0
171,2,Hamilton (Mercedes),43.72992,87.4882,Sunny,0.0
171,3,Hamilton (Mercedes),43.27485,130.76305,Sunny,0.0
171,4,Hamilton (Mercedes),43.43375,174.1968,Sunny,0.0
171,5,Hamilton (Mercedes),43.35674,217.55354,Sunny,0.0
171,1,Verstappen (Red Bull),42.39058,42.39058,Sunny,0.0
171,2,Verstappen (Red Bull),42.4568,84.84738,Sunny,0.0
171,3,Verstappen (Red Bull),43.57246,128.41984,Sunny,0.0
171,4,Verstappen (Red Bull),42.13481,170.55465,Sunny,0.0
171,5,Verstappen (Red Bull),41.85725,212.4119,Sunny,0.0
171,1,Norris (McLaren),42.72318,42.72318,Sunny,0.0
171,2,Norris (McLaren),42.76268,85.48586,Sunny,0.0
171,3,Norris (McLaren),43.30982,128.79569,Sunny,0.0
171,4,Norris (McLaren),44.25041,173.0461,Sunny,0.0
171,5,Norris (McLaren),44.21378,217.25987,Sunny,0.0
172,1,Hamilton (Mercedes),43.96156,43.96156,Sunny,0.0
172,2,Hamilton (Mercedes),42.70101,86.66257,Sunny,0.0
172,3,Hamilton (Mercedes),42.69845,129.36102,Sunny,0.0
172,4,Hamilton (Mercedes),43.22567,172.58669,Sunny,0.0
172,5,Hamilton (Mercedes),43.14791,215.7346,Sunny,0.0
172,1,Verstappen (Red Bull),42.44017,42.44017,Sunny,0.0
172,2,Verstappen (Red Bull),43.30158,85.74174,Sunny,0.0
172,3,Verstappen (Red Bull),43.3321,129.07384,Sunny,0.0
172,4,Verstappen (Red Bull),42.1324,171.20624,Sunny,0.0
172,5,Verstappen (Red Bull),42.66247,213.86871,Sunny,0.0
172,1,Norris (McLaren),42.23264,42.23264,Sunny,0.0
172,2,Norris (McLaren),43.99997,86.23261,Sunny,0.0
172,3,Norris (McLaren),44.81776,131.05037,Sunny,0.0
172,4,Norris (McLaren),44.03239,175.08276,Sunny,0.0
172,5,Norris (McLaren),44.83449,219.91725,Sunny,0.0
173,1,Hamilton (Mercedes),42.99504,42.99504,Sunny,0.0
173,2,Hamilton (Mercedes),42.9387,85.93374,Sunny,0.0
173,3,Hamilton (Mercedes),43.19237,129.1261,Sunny,0.0
173,4,Hamilton (Mercedes),42.75222,171.87832,Sunny,0.0
173,5,Hamilton (Mercedes),42.21686,214.09518,Sunny,0.0
173,1,Verstappen (Red Bull),42.69203,42.69203,Sunny,0.0
173,2,Verstappen (Red Bull),43.41601,86.10804,Sunny,0.0
173,3,Verstappen (Red Bull),43.11245,129.22049,Sunny,0.0
173,4,Verstappen (Red Bull),42.13438,171.35487,Sunny,0.0
173,5,Verstappen (Red Bull),42.2845,213.63937,Sunny,0.0
173,1,Norris (McLaren),43.00636,43.00636,Sunny,0.0
173,2,Norris (McLaren),43.06247,86.06883,Sunny,0.0
173,3,Norris (McLaren),44.9065,130.97533,Sunny,0.0
173,4,Norris (McLaren),43.2024,174.17773,Sunny,0.0
173,5,Norris (McLaren),44.18438,218.36211,Sunny,0.0
174,1,Hamilton (Mercedes),43.077,43.077,Sunny,0.0
174,2,Hamilton (Mercedes),42.76568,85.84268,Sunny,0.0
174,3,Hamilton (Mercedes),43.37876,129.22144,Sunny,0.0
174,4,Hamilton (Mercedes),42.80327,172.02472,Sunny,0.0
174,5,Hamilton (Mercedes),43.12587,215.15058,Sunny,0.0
174,1,Verstappen (Red Bull),42.64304,42.64304,Sunny,0.0
174,2,Verstappen (Red Bull),43.51226,86.1553,Sunny,0.0
174,3,Verstappen (Red Bull),43.34451,129.49981,Sunny,0.0
174,4,Verstappen (Red Bull),43.61056,173.11036,Sunny,0.0
174,5,Verstappen (Red Bull),41.16669,214.27706,Sunny,0.0
174,1,Norris (McLaren),42.88067,42.88067,Sunny,0.0
174,2,Norris (McLaren),43.65206,86.53273,Sunny,0.0
174,3,Norris (McLaren),43.69712,130.22985,Sunny,0.0
174,4,Norris (McLaren),43.95732,174.18717,Sunny,0.0
174,5,Norris (McLaren),43.20972,217.39689,Sunny,0.0
175,1,Hamilton (Mercedes),43.40864,43.40864,Sunny,0.0
175,2,Hamilton (Mercedes),42.60031,86.00896,Sunny,0.0
175,3,Hamilton (Mercedes),42.24923,128.25818,Sunny,0.0
175,4,Hamilton (Mercedes),42.41566,170.67384,Sunny,0.0
175,5,Hamilton (Mercedes),44.07519,214.74903,Sunny,0.0
175,1,Verstappen (Red Bull),42.86383,42.86383,Sunny,0.0
175,2,Verstappen (Red Bull),42.82777,85.6916,Sunny,0.0
175,3,Verstappen (Red Bull),42.30636,127.99797,Sunny,0.0
175,4,Verstappen (Red Bull),43.16605,171.16402,Sunny,0.0
175,5,Verstappen (Red Bull),43.07309,214.23711,Sunny,0.0
175,1,Norris (McLaren),43.3433,43.3433,Sunny,0.0
175,2,Norris (McLaren),42.81247,86.15577,Sunny,0.0
175,3,Norris (McLaren),43.10881,129.26458,Sunny,0.0
175,4,Norris (McLaren),44.26586,173.53044,Sunny,0.0
175,5,Norris (McLaren),43.0847,216.61514,Sunny,0.0
176,1,Hamilton (Mercedes),43.36243,43.36243,Sunny,0.0
176,2,Hamilton (Mercedes),43.65317,87.0156,Sunny,0.0
176,3,Hamilton (Mercedes),42.81778,129.83338,Sunny,0.0
176,4,Hamilton (Mercedes),42.11137,171.94475,Sunny,0.0
176,5,Hamilton (Mercedes),43.6606,215.60536,Sunny,0.0
176,1,Verstappen (Red Bull),42.89471,42.89471,Sunny,0.0
176,2,Verstappen (Red Bull),41.99495,84.88966,Sunny,0.0
176,3,Verstappen (Red Bull),42.59522,127.48488,Sunny,0.0
176,4,Verstappen (Red Bull),42.58636,170.07123,Sunny,0.0
176,5,Verstappen (Red Bull),42.97335,213.04458,Sunny,0.0
176,1,Norris (McLaren),44.28556,44.28556,Sunny,0.0
176,2,Norris (McLaren),44.34045,88.62601,Sunny,0.0
176,3,Norris (McLaren),43.61887,132.24488,Sunny,0.0
176,4,Norris (McLaren),43.48438,175.72926,Sunny,0.0
176,5,Norris (McLaren),44.14557,219.87483,Sunny,0.0
177,1,Hamilton (Mercedes),42.98703,42.98703,Sunny,0.0
177,2,Hamilton (Mercedes),42.99031,85.97734,Sunny,0.0
177,3,Hamilton (Mercedes),42.56563,128.54296,Sunny,0.0
177,4,Hamilton (Mercedes),42.38409,170.92706,Sunny,0.0
177,5,Hamilton (Mercedes),43.43518,214.36224,Sunny,0.0
177,1,Verstappen (Red Bull),42.69125,42.69125,Sunny,0.0
177,2,Verstappen (Red Bull),42.89507,85.58632,Sunny,0.0
177,3,Verstappen (Red Bull),42.48048,128.0668,Sunny,0.0
177,4,Verstappen (Red Bull),42.67815,170.74495,Sunny,0.0
177,5,Verstappen (Red Bull),42.01738,212.76233,Sunny,0.0
177,1,Norris (McLaren),44.27933,44.27933,Sunny,0.0
177,2,Norris (McLaren),42.54655,86.82589,Sunny,0.0
177,3,Norris (McLaren),44.70958,131.53547,Sunny,0.0
177,4,Norris (McLaren),43.27976,174.81523,Sunny,0.0
177,5,Norris (McLaren),43.18953,218.00475,Sunny,0.0
178,1,Hamilton (Mercedes),42.6635,42.6635,Sunny,0.0
178,2,Hamilton (Mercedes),42.87514,85.53865,Sunny,0.0
178,3,Hamilton (Mercedes),42.23573,127.77438,Sunny,0.0
178,4,Hamilton (Mercedes),43.14611,170.92048,Sunny,0.0
178,5,Hamilton (Mercedes),42.20947,213.12996,Sunny,0.0
178,1,Verstappen (Red Bull),41.95864,41.95864,Sunny,0.0
178,2,Verstappen (Red Bull),43.52238,85.48102,Sunny,0.0
178,3,Verstappen (Red Bull),43.22923,128.71026,Sunny,0.0
178,4,Verstappen (Red Bull),41.86487,170.57513,Sunny,0.0
178,5,Verstappen (Red Bull),42.63237,213.2075,Sunny,0.0
178,1,Norris (McLaren),42.34251,42.34251,Sunny,0.0
178,2,Norris (McLaren),42.99379,85.33631,Sunny,0.0
178,3,Norris (McLaren),43.80273,129.13904,Sunny,0.0
178,4,Norris (McLaren),43.09643,172.23547,Sunny,0.0
178,5,Norris (McLaren),41.43376,213.66923,Sunny,0.0
179,1,Hamilton (Mercedes),42.55419,42.55419,Sunny,0.0
179,2,Hamilton (Mercedes),42.96407,85.51826,Sunny,0.0
179,3,Hamilton (Mercedes),42.86088,128.37914,Sunny,0.0
179,4,Hamilton (Mercedes),43.21718,171.59631,Sunny,0.0
179,5,Hamilton (Mercedes),42.76803,214.36434,Sunny,0.0
179,1,Verstappen (Red Bull),43.74282,43.74282,Sunny,0.0
179,2,Verstappen (Red Bull),42.52289,86.26571,Sunny,0.0
179,3,Verstappen (Red Bull),42.22722,128.49294,Sunny,0.0
179,4,Verstappen (Red Bull),42.25034,170.74328,Sunny,0.0
179,5,Verstappen (Red Bull),42.50931,213.25259,Sunny,0.0
179,1,Norris (McLaren),44.01101,44.01101,Sunny,0.0
179,2,Norris (McLaren),42.95871,86.96971,Sunny,0.0
179,3,Norris (McLaren),43.64973,130.61944,Sunny,0.0
179,4,Norris (McLaren),42.1736,172.79305,Sunny,0.0
179,5,Norris (McLaren),42.70821,215.50126,Sunny,0.0
180,1,Hamilton (Mercedes),41.86698,41.86698,Sunny,0.0
180,2,Hamilton (Mercedes),43.55867,85.42565,Sunny,0.0
180,3,Hamilton (Mercedes),43.14722,128.57287,Sunny,0.0
180,4,Hamilton (Mercedes),43.57708,172.14994,Sunny,0.0
180,5,Hamilton (Mercedes),42.97549,215.12543,Sunny,0.0
180,1,Verstappen (Red Bull),43.32905,43.32905,Sunny,0.0
180,2,Verstappen (Red Bull),43.58091,86.90996,Sunny,0.0
180,3,Verstappen (Red Bull),42.35796,129.26791,Sunny,0.0
180,4,Verstappen (Red Bull),42.49614,171.76405,Sunny,0.0
180,5,Verstappen (Red Bull),42.88921,214.65326,Sunny,0.0
180,1,Norris (McLaren),43.62402,43.62402,Sunny,0.0
180,2,Norris (McLaren),43.4789,87.10292,Sunny,0.0
180,3,Norris (McLaren),43.72333,130.82625,Sunny,0.0
180,4,Norris (McLaren),42.01216,172.83842,Sunny,0.0
180,5,Norris (McLaren),43.96067,216.79909,Sunny,0.0
181,1,Hamilton (Mercedes),42.27356,42.27356,Sunny,0.0
181,2,Hamilton (Mercedes),43.51061,85.78417,Sunny,0.0
181,3,Hamilton (Mercedes),43.23391,129.01808,Sunny,0.0
181,4,Hamilton (Mercedes),42.62229,171.64038,Sunny,0.0
181,5,Hamilton (Mercedes),43.90528,215.54565,Sunny,0.0
181,1,Verstappen (Red Bull),42.97651,42.97651,Sunny,0.0
181,2,Verstappen (Red Bull),42.65254,85.62906,Sunny,0.0
181,3,Verstappen (Red Bull),43.39998,129.02903,Sunny,0.0
181,4,Verstappen (Red Bull),42.75687,171.7859,Sunny,0.0
181,5,Verstappen (Red Bull),42.99907,214.78497,Sunny,0.0
181,1,Norris (McLaren),42.73387,42.73387,Sunny,0.0
181,2,Norris (McLaren),42.48827,85.22214,Sunny,0.0
181,3,Norris (McLaren),42.75817,127.98031,Sunny,0.0
181,4,Norris (McLaren),42.44918,170.42949,Sunny,0.0
181,5,Norris (McLaren),43.41966,213.84915,Sunny,0.0
182,1,Hamilton (Mercedes),42.95832,42.95832,Sunny,0.0
182,2,Hamilton (Mercedes),43.09438,86.05269,Sunny,0.0
182,3,Hamilton (Mercedes),43.67578,129.72847,Sunny,0.0
182,4,Hamilton (Mercedes),42.89946,172.62793,Sunny,0.0
182,5,Hamilton (Mercedes),42.62075,215.24869,Sunny,0.0
182,1,Verstappen (Red Bull),41.82656,41.82656,Sunny,0.0
182,2,Verstappen (Red Bull),41.30953,83.13609,Sunny,0.0
182,3,Verstappen (Red Bull),43.07599,126.21208,Sunny,0.0
182,4,Verstappen (Red Bull),42.4705,168.68257,Sunny,0.0
182,5,Verstappen (Red Bull),41.89397,210.57654,Sunny,0.0
182,1,Norris (McLaren),42.29924,42.29924,Sunny,0.0
182,2,Norris (McLaren),42.63396,84.93321,Sunny,0.0
182,3,Norris (McLaren),42.86861,127.80182,Sunny,0.0
182,4,Norris (McLaren),42.58342,170.38524,Sunny,0.0
182,5,Norris (McLaren),42.27235,212.65759,Sunny,0.0
183,1,Hamilton (Mercedes),42.49247,42.49247,Sunny,0.0
183,2,Hamilton (Mercedes),43.96666,86.45914,Sunny,0.0
183,3,Hamilton (Mercedes),42.86129,129.32042,Sunny,0.0
183,4,Hamilton (Mercedes),43.93261,173.25303,Sunny,0.0
183,5,Hamilton (Mercedes),43.3258,216.57884,Sunny,0.0
183,1,Verstappen (Red Bull),42.9785,42.9785,Sunny,0.0
183,2,Verstappen (Red Bull),42.10877,85.08727,Sunny,0.0
183,3,Verstappen (Red Bull),42.98786,128.07513,Sunny,0.0
183,4,Verstappen (Red Bull),43.17052,171.24565,Sunny,0.0
183,5,Verstappen (Red Bull),43.30173,214.54738,Sunny,0.0
183,1,Norris (McLaren),43.08331,43.08331,Sunny,0.0
183,2,Norris (McLaren),43.88456,86.96787,Sunny,0.0
183,3,Norris (McLaren),42.2447,129.21257,Sunny,0.0
183,4,Norris (McLaren),43.23632,172.44889,Sunny,0.0
183,5,Norris (McLaren),43.37269,215.82158,Sunny,0.0
184,1,Hamilton (Mercedes),43.02813,43.02813,Sunny,0.0
184,2,Hamilton (Mercedes),43.86664,86.89477,Sunny,0.0
184,3,Hamilton (Mercedes),43.71066,130.60543,Sunny,0.0
184,4,Hamilton (Mercedes),43.39344,173.99887,Sunny,0.0
184,5,Hamilton (Mercedes),43.73126,217.73013,Sunny,0.0
184,1,Verstappen (Red Bull),42.67984,42.67984,Sunny,0.0
184,2,Verstappen (Red Bull),43.2239,85.90374,Sunny,0.0
184,3,Verstappen (Red Bull),44.06131,129.96505,Sunny,0.0
184,4,Verstappen (Red Bull),43.69645,173.66149,Sunny,0.0
184,5,Verstappen (Red Bull),42.29809,215.95958,Sunny,0.0
184,1,Norris (McLaren),43.57613,43.57613,Sunny,0.0
184,2,Norris (McLaren),43.33443,86.91056,Sunny,0.0
184,3,Norris (McLaren),43.11725,130.02781,Sunny,0.0
184,4,Norris (McLaren),44.59021,174.61803,Sunny,0.0
184,5,Norris (McLaren),43.78932,218.40735,Sunny,0.0
185,1,Hamilton (Mercedes),43.61294,43.61294,Sunny,0.0
185,2,Hamilton (Mercedes),42.91628,86.52922,Sunny,0.0
185,3,Hamilton (Mercedes),43.33026,129.85948,Sunny,0.0
185,4,Hamilton (Mercedes),43.22327,173.08275,Sunny,0.0
185,5,Hamilton (Mercedes),42.93721,216.01997,Sunny,0.0
185,1,Verstappen (Red Bull),42.04354,42.04354,Sunny,0.0
185,2,Verstappen (Red Bull),43.02205,85.06559,Sunny,0.0
185,3,Verstappen (Red Bull),42.37836,127.44395,Sunny,0.0
185,4,Verstappen (Red Bull),43.34499,170.78894,Sunny,0.0
185,5,Verstappen (Red Bull),42.92319,213.71213,Sunny,0.0
185,1,Norris (McLaren),42.22815,42.22815,Sunny,0.0
185,2,Norris (McLaren),42.77627,85.00442,Sunny,0.0
185,3,Norris (McLaren),44.39064,129.39506,Sunny,0.0
185,4,Norris (McLaren),43.42821,172.82327,Sunny,0.0
185,5,Norris (McLaren),44.45505,217.27832,Sunny,0.0
186,1,Hamilton (Mercedes),42.46594,42.46594,Sunny,0.0
186,2,Hamilton (Mercedes),42.89115,85.35709,Sunny,0.0
186,3,Hamilton (Mercedes),43.21364,128.57073,Sunny,0.0
186,4,Hamilton (Mercedes),44.12377,172.6945,Sunny,0.0
186,5,Hamilton (Mercedes),41.88719,214.58169,Sunny,0.0
186,1,Verstappen (Red Bull),43.37813,43.37813,Sunny,0.0
186,2,Verstappen (Red Bull),41.77221,85.15034,Sunny,0.0
186,3,Verstappen (Red Bull),42.27562,127.42596,Sunny,0.0
186,4,Verstappen (Red Bull),42.48681,169.91278,Sunny,0.0
186,5,Verstappen (Red Bull),42.59954,212.51231,Sunny,0.0
186,1,Norris (McLaren),43.39591,43.39591,Sunny,0.0
186,2,Norris (McLaren),42.33275,85.72866,Sunny,0.0
186,3,Norris (McLaren),43.13141,128.86007,Sunny,0.0
186,4,Norris (McLaren),43.36189,172.22196,Sunny,0.0
186,5,Norris (McLaren),43.99193,216.2139,Sunny,0.0
187,1,Hamilton (Mercedes),43.46289,43.46289,Sunny,0.0
187,2,Hamilton (Mercedes),43.03549,86.49838,Sunny,0.0
187,3,Hamilton (Mercedes),43.33114,129.82952,Sunny,0.0
187,4,Hamilton (Mercedes),41.99947,171.82899,Sunny,0.0
187,5,Hamilton (Mercedes),42.98804,214.81703,Sunny,0.0
187,1,Verstappen (Red Bull),42.76344,42.76344,Sunny,0.0
187,2,Verstappen (Red Bull),42.3778,85.14124,Sunny,0.0
187,3,Verstappen (Red Bull),41.89452,127.03576,Sunny,0.0
187,4,Verstappen (Red Bull),42.59739,169.63316,Sunny,0.0
187,5,Verstappen (Red Bull),43.11433,212.74749,Sunny,0.0
187,1,Norris (McLaren),44.77325,44.77325,Sunny,0.0
187,2,Norris (McLaren),42.93487,87.70812,Sunny,0.0
187,3,Norris (McLaren),42.7364,130.44452,Sunny,0.0
187,4,Norris (McLaren),42.95964,173.40416,Sunny,0.0
187,5,Norris (McLaren),43.56482,216.96897,Sunny,0.0
188,1,Hamilton (Mercedes),42.77707,42.77707,Sunny,0.0
188,2,Hamilton (Mercedes),44.15002,86.92709,Sunny,0.0
188,3,Hamilton (Mercedes),43.84373,130.77082,Sunny,0.0
188,4,Hamilton (Mercedes),44.49085,175.26166,Sunny,0.0
188,5,Hamilton (Mercedes),43.38833,218.64999,Sunny,0.0
188,1,Verstappen (Red Bull),43.05021,43.05021,Sunny,0.0
188,2,Verstappen (Red Bull),41.69958,84.7498,Sunny,0.0
188,3,Verstappen (Red Bull),42.99049,127.74029,Sunny,0.0
188,4,Verstappen (Red Bull),42.48857,170.22885,Sunny,0.0
188,5,Verstappen (Red Bull),43.32728,213.55614,Sunny,0.0
188,1,Norris (McLaren),43.58213,43.58213,Sunny,0.0
188,2,Norris (McLaren),42.5503,86.13243,Sunny,0.0
188,3,Norris (McLaren),43.24859,129.38101,Sunny,0.0
188,4,Norris (McLaren),43.27738,172.6584,Sunny,0.0
188,5,Norris (McLaren),43.61941,216.2778,Sunny,0.0
189,1,Hamilton (Mercedes),42.8395,42.8395,Sunny,0.0
189,2,Hamilton (Mercedes),42.67167,85.51117,Sunny,0.0
189,3,Hamilton (Mercedes),42.61161,128.12278,Sunny,0.0
189,4,Hamilton (Mercedes),43.16215,171.28493,Sunny,0.0
189,5,Hamilton (Mercedes),42.96464,214.24958,Sunny,0.0
189,1,Verstappen (Red Bull),43.38925,43.38925,Sunny,0.0
189,2,Verstappen (Red Bull),43.97695,87.3662,Sunny,0.0
189,3,Verstappen (Red Bull),42.99062,130.35682,Sunny,0.0
189,4,Verstappen (Red Bull),43.50913,173.86596,Sunny,0.0
189,5,Verstappen (Red Bull),43.18433,217.05029,Sunny,0.0
189,1,Norris (McLaren),43.52561,43.52561,Sunny,0.0
189,2,Norris (McLaren),43.15576,86.68136,Sunny,0.0
189,3,Norris (McLaren),42.80298,129.48434,Sunny,0.0
189,4,Norris (McLaren),45.05356,174.5379,Sunny,0.0
189,5,Norris (McLaren),42.68198,217.21988,Sunny,0.0
190,1,Hamilton (Mercedes),43.40192,43.40192,Sunny,0.0
190,2,Hamilton (Mercedes),42.98427,86.38619,Sunny,0.0
190,3,Hamilton (Mercedes),42.97859,129.36477,Sunny,0.0
190,4,Hamilton (Mercedes),43.28038,172.64515,Sunny,0.0
190,5,Hamilton (Mercedes),43.06716,215.71231,Sunny,0.0
190,1,Verstappen (Red Bull),43.69741,43.69741,Sunny,0.0
190,2,Verstappen (Red Bull),41.97877,85.67618,Sunny,0.0
190,3,Verstappen (Red Bull),42.90273,128.57891,Sunny,0.0
190,4,Verstappen (Red Bull),43.9599,172.53881,Sunny,0.0
190,5,Verstappen (Red Bull),43.857,216.39581,Sunny,0.0
190,1,Norris (McLaren),44.22597,44.22597,Sunny,0.0
190,2,Norris (McLaren),42.62234,86.84831,Sunny,0.0
190,3,Norris (McLaren),43.99799,130.8463,Sunny,0.0
190,4,Norris (McLaren),43.66619,174.51249,Sunny,0.0
190,5,Norris (McLaren),43.4465,217.959,Sunny,0.0
191,1,Hamilton (Mercedes),42.91003,42.91003,Sunny,0.0
191,2,Hamilton (Mercedes),43.59605,86.50608,Sunny,0.0
191,3,Hamilton (Mercedes),43.1028,129.60888,Sunny,0.0
191,4,Hamilton (Mercedes),43.47616,173.08504,Sunny,0.0
191,5,Hamilton (Mercedes),42.87083,215.95587,Sunny,0.0
191,1,Verstappen (Red Bull),42.27739,42.27739,Sunny,0.0
191,2,Verstappen (Red Bull),41.99119,84.26858,Sunny,0.0
191,3,Verstappen (Red Bull),42.62883,126.89741,Sunny,0.0
191,4,Verstappen (Red Bull),42.37719,169.2746,Sunny,0.0
191,5,Verstappen (Red Bull),42.28253,211.55713,Sunny,0.0
191,1,Norris (McLaren),42.40146,42.40146,Sunny,0.0
191,2,Norris (McLaren),43.61602,86.01748,Sunny,0.0
191,3,Norris (McLaren),44.49628,130.51376,Sunny,0.0
191,4,Norris (McLaren),43.99731,174.51107,Sunny,0.0
191,5,Norris (McLaren),44.70083,219.2119,Sunny,0.0
192,1,Hamilton (Mercedes),43.72338,43.72338,Sunny,0.0
192,2,Hamilton (Mercedes),43.5738,87.29718,Sunny,0.0
192,3,Hamilton (Mercedes),44.40181,131.699,Sunny,0.0
192,4,Hamilton (Mercedes),43.4234,175.12239,Sunny,0.0
192,5,Hamilton (Mercedes),43.85476,218.97716,Sunny,0.0
192,1,Verstappen (Red Bull),42.21097,42.21097,Sunny,0.0
192,2,Verstappen (Red Bull),42.59302,84.804,Sunny,0.0
192,3,Verstappen (Red Bull),43.31576,128.11976,Sunny,0.0
192,4,Verstappen (Red Bull),43.33276,171.45252,Sunny,0.0
192,5,Verstappen (Red Bull),43.83805,215.29056,Sunny,0.0
192,1,Norris (McLaren),43.17268,43.17268,Sunny,0.0
192,2,Norris (McLaren),43.62251,86.79518,Sunny,0.0
192,3,Norris (McLaren),44.26857,131.06376,Sunny,0.0
192,4,Norris (McLaren),42.78513,173.84889,Sunny,0.0
192,5,Norris (McLaren),43.15972,217.00861,Sunny,0.0
193,1,Hamilton (Mercedes),42.26032,42.26032,Sunny,0.0
193,2,Hamilton (Mercedes),42.43463,84.69494,Sunny,0.0
193,3,Hamilton (Mercedes),43.68602,128.38096,Sunny,0.0
193,4,Hamilton (Mercedes),43.64797,172.02894,Sunny,0.0
193,5,Hamilton (Mercedes),44.29583,216.32477,Sunny,0.0
193,1,Verstappen (Red Bull),42.62553,42.62553,Sunny,0.0
193,2,Verstappen (Red Bull),42.73089,85.35642,Sunny,0.0
193,3,Verstappen (Red Bull),42.41516,127.77157,Sunny,0.0
193,4,Verstappen (Red Bull),42.73153,170.50311,Sunny,0.0
193,5,Verstappen (Red Bull),43.40665,213.90976,Sunny,0.0
193,1,Norris (McLaren),42.47552,42.47552,Sunny,0.0
193,2,Norris (McLaren),43.51473,85.99025,Sunny,0.0
193,3,Norris (McLaren),44.40789,130.39814,Sunny,0.0
193,4,Norris (McLaren),43.37858,173.77672,Sunny,0.0
193,5,Norris (McLaren),43.16178,216.9385,Sunny,0.0
194,1,Hamilton (Mercedes),43.45545,43.45545,Sunny,0.0
194,2,Hamilton (Mercedes),43.25352,86.70897,Sunny,0.0
194,3,Hamilton (Mercedes),42.98156,129.69052,Sunny,0.0
194,4,Hamilton (Mercedes),43.0423,172.73282,Sunny,0.0
194,5,Hamilton (Mercedes),43.25065,215.98348,Sunny,0.0
194,1,Verstappen (Red Bull),42.90765,42.90765,Sunny,0.0
194,2,Verstappen (Red Bull),42.97153,85.87917,Sunny,0.0
194,3,Verstappen (Red Bull),42.69024,128.56941,Sunny,0.0
194,4,Verstappen (Red Bull),42.85654,171.42595,Sunny,0.0
194,5,Verstappen (Red Bull),43.23599,214.66194,Sunny,0.0
194,1,Norris (McLaren),43.46129,43.46129,Sunny,0.0
194,2,Norris (McLaren),41.88369,85.34498,Sunny,0.0
194,3,Norris (McLaren),42.85403,128.19901,Sunny,0.0
194,4,Norris (McLaren),44.08879,172.2878,Sunny,0.0
194,5,Norris (McLaren),43.76463,216.05244,Sunny,0.0
195,1,Hamilton (Mercedes),42.63351,42.63351,Sunny,0.0
195,2,Hamilton (Mercedes),42.99332,85.62684,Sunny,0.0
195,3,Hamilton (Mercedes),42.5576,128.18444,Sunny,0.0
195,4,Hamilton (Mercedes),42.85572,171.04015,Sunny,0.0
195,5,Hamilton (Mercedes),42.7538,213.79396,Sunny,0.0
195,1,Verstappen (Red Bull),43.3593,43.3593,Sunny,0.0
195,2,Verstappen (Red Bull),41.9607,85.31999,Sunny,0.0
195,3,Verstappen (Red Bull),42.78,128.09999,Sunny,0.0
195,4,Verstappen (Red Bull),42.40159,170.50158,Sunny,0.0
195,5,Verstappen (Red Bull),42.53518,213.03676,Sunny,0.0
195,1,Norris (McLaren),44.12194,44.12194,Sunny,0.0
195,2,Norris (McLaren),42.84296,86.9649,Sunny,0.0
195,3,Norris (McLaren),43.96691,130.93181,Sunny,0.0
195,4,Norris (McLaren),42.42207,173.35388,Sunny,0.0
195,5,Norris (McLaren),43.26754,216.62142,Sunny,0.0
196,1,Hamilton (Mercedes),42.6257,42.6257,Sunny,0.0
196,2,Hamilton (Mercedes),42.98081,85.60651,Sunny,0.0
196,3,Hamilton (Mercedes),42.90771,128.51422,Sunny,0.0
196,4,Hamilton (Mercedes),43.17797,171.69218,Sunny,0.0
196,5,Hamilton (Mercedes),43.06927,214.76145,Sunny,0.0
196,1,Verstappen (Red Bull),42.39868,42.39868,Sunny,0.0
196,2,Verstappen (Red Bull),43.26437,85.66305,Sunny,0.0
196,3,Verstappen (Red Bull),43.20135,128.8644,Sunny,0.0
196,4,Verstappen (Red Bull),42.71398,171.57838,Sunny,0.0
196,5,Verstappen (Red Bull),42.37659,213.95497,Sunny,0.0
196,1,Norris (McLaren),43.92794,43.92794,Sunny,0.0
196,2,Norris (McLaren),43.8568,87.78474,Sunny,0.0
196,3,Norris (McLaren),43.66359,131.44833,Sunny,0.0
196,4,Norris (McLaren),42.92108,174.36941,Sunny,0.0
196,5,Norris (McLaren),44.08989,218.4593,Sunny,0.0
197,1,Hamilton (Mercedes),42.18596,42.18596,Sunny,0.0
197,2,Hamilton (Mercedes),44.03388,86.21984,Sunny,0.0
197,3,Hamilton (Mercedes),44.70888,130.92872,Sunny,0.0
197,4,Hamilton (Mercedes),44.28503,175.21375,Sunny,0.0
197,5,Hamilton (Mercedes),43.36218,218.57593,Sunny,0.0
197,1,Verstappen (Red Bull),42.9696,42.9696,Sunny,0.0
197,2,Verstappen (Red Bull),43.00591,85.97551,Sunny,0.0
197,3,Verstappen (Red Bull),42.45593,128.43145,Sunny,0.0
197,4,Verstappen (Red Bull),42.73322,171.16466,Sunny,0.0
197,5,Verstappen (Red Bull),41.91136,213.07602,Sunny,0.0
197,1,Norris (McLaren),43.91953,43.91953,Sunny,0.0
197,2,Norris (McLaren),43.16215,87.08168,Sunny,0.0
197,3,Norris (McLaren),43.45754,130.53922,Sunny,0.0
197,4,Norris (McLaren),44.51321,175.05244,Sunny,0.0
197,5,Norris (McLaren),43.39449,218.44693,Sunny,0.0
198,1,Hamilton (Mercedes),42.9387,42.9387,Sunny,0.0
198,2,Hamilton (Mercedes),43.37782,86.31652,Sunny,0.0
198,3,Hamilton (Mercedes),43.42751,129.74403,Sunny,0.0
198,4,Hamilton (Mercedes),43.32324,173.06727,Sunny,0.0
198,5,Hamilton (Mercedes),42.88303,215.95031,Sunny,0.0
198,1,Verstappen (Red Bull),43.54482,43.54482,Sunny,0.0
198,2,Verstappen (Red Bull),42.38422,85.92904,Sunny,0.0
198,3,Verstappen (Red Bull),42.40309,128.33213,Sunny,0.0
198,4,Verstappen (Red Bull),42.03062,170.36275,Sunny,0.0
198,5,Verstappen (Red Bull),42.90821,213.27096,Sunny,0.0
198,1,Norris (McLaren),43.69678,43.69678,Sunny,0.0
198,2,Norris (McLaren),44.46919,88.16598,Sunny,0.0
198,3,Norris (McLaren),42.46354,130.62952,Sunny,0.0
198,4,Norris (McLaren),41.85229,172.48181,Sunny,0.0
198,5,Norris (McLaren),42.93215,215.41396,Sunny,0.0
199,1,Hamilton (Mercedes),42.7054,42.7054,Sunny,0.0
199,2,Hamilton (Mercedes),43.34849,86.05389,Sunny,0.0
199,3,Hamilton (Mercedes),43.08897,129.14286,Sunny,0.0
199,4,Hamilton (Mercedes),43.84413,172.98699,Sunny,0.0
199,5,Hamilton (Mercedes),42.45488,215.44187,Sunny,0.0
199,1,Verstappen (Red Bull),43.55144,43.55144,Sunny,0.0
199,2,Verstappen (Red Bull),43.22792,86.77937,Sunny,0.0
199,3,Verstappen (Red Bull),43.00964,129.78901,Sunny,0.0
199,4,Verstappen (Red Bull),43.70705,173.49606,Sunny,0.0
199,5,Verstappen (Red Bull),43.425,216.92106,Sunny,0.0
199,1,Norris (McLaren),43.61401,43.61401,Sunny,0.0
199,2,Norris (McLaren),43.62506,87.23907,Sunny,0.0
199,3,Norris (McLaren),41.81541,129.05447,Sunny,0.0
199,4,Norris (McLaren),43.24941,172.30389,Sunny,0.0
199,5,Norris (McLaren),43.46901,215.7729,Sunny,0.0
200,1,Hamilton (Mercedes),42.96726,42.96726,Sunny,0.0
200,2,Hamilton (Mercedes),42.57094,85.5382,Sunny,0.0
200,3,Hamilton (Mercedes),42.81692,128.35512,Sunny,0.0
200,4,Hamilton (Mercedes),42.30208,170.6572,Sunny,0.0
200,5,Hamilton (Mercedes),41.792,212.4492,Sunny,0.0
200,1,Verstappen (Red Bull),43.54857,43.54857,Sunny,0.0
200,2,Verstappen (Red Bull),43.108,86.65657,Sunny,0.0
200,3,Verstappen (Red Bull),42.99636,129.65293,Sunny,0.0
200,4,Verstappen (Red Bull),43.87159,173.52452,Sunny,0.0
200,5,Verstappen (Red Bull),43.14722,216.67174,Sunny,0.0
200,1,Norris (McLaren),44.15607,44.15607,Sunny,0.0
200,2,Norris (McLaren),44.57938,88.73546,Sunny,0.0
200,3,Norris (McLaren),43.57795,132.31341,Sunny,0.0
200,4,Norris (McLaren),42.8709,175.18431,Sunny,0.0
200,5,Norris (McLaren),43.66444,218.84876,Sunny,0.0
