trial,lap,entrant,lap_time,cumulative_time,weather,wetness
1,1,Hamilton (Mercedes),44.09995,44.09995,Cloudy,0.3
1,2,Hamilton (Mercedes),44.37206,88.47201,Cloudy,0.3
1,3,Hamilton (Mercedes),42.94798,131.41999,Cloudy,0.3
1,4,Hamilton (Mercedes),42.9318,174.35179,Cloudy,0.3
1,5,Hamilton (Mercedes),44.24013,218.59192,Cloudy,0.3
1,1,Verstappen (Red Bull),44.71834,44.71834,Cloudy,0.3
1,2,Verstappen (Red Bull),42.24759,86.96593,Cloudy,0.3
1,3,Verstappen (Red Bull),42.96343,129.92936,Cloudy,0.3
1,4,Verstappen (Red Bull),43.50728,173.43664,Cloudy,0.3
1,5,Verstappen (Red Bull),43.07212,216.50876,Cloudy,0.3
1,1,Norris (McLaren),43.42414,43.42414,Cloudy,0.3
1,2,Norris (McLaren),43.35099,86.77513,Cloudy,0.3
1,3,Norris (McLaren),44.31672,131.09185,Cloudy,0.3
1,4,Norris (McLaren),43.6573,174.74915,Cloudy,0.3
1,5,Norris (McLaren),43.76267,218.51182,Cloudy,0.3
2,1,Hamilton (Mercedes),43.22903,43.22903,Cloudy,0.3
2,2,Hamilton (Mercedes),44.27623,87.50526,Cloudy,0.3
2,3,Hamilton (Mercedes),44.87547,132.38073,Cloudy,0.3
2,4,Hamilton (Mercedes),44.25162,176.63235,Cloudy,0.3
2,5,Hamilton (Mercedes),43.71054,220.34288,Cloudy,0.3
2,1,Verstappen (Red Bull),42.62093,42.62093,Cloudy,0.3
2,2,Verstappen (Red Bull),43.62431,86.24524,Cloudy,0.3
2,3,Verstappen (Red Bull),43.60746,129.8527,Cloudy,0.3
2,4,Verstappen (Red Bull),43.20465,173.05735,Cloudy,0.3
2,5,Verstappen (Red Bull),41.99313,215.05048,Cloudy,0.3
2,1,Norris (McLaren),43.03674,43.03674,Cloudy,0.3
2,2,Norris (McLaren),42.79406,85.83079,Cloudy,0.3
2,3,Norris (McLaren),42.94692,128.77772,Cloudy,0.3
2,4,Norris (McLaren),43.75969,172.5374,Cloudy,0.3
2,5,Norris (McLaren),42.83195,215.36935,Cloudy,0.3
3,1,Hamilton (Mercedes),43.73646,43.73646,Cloudy,0.3
3,2,Hamilton (Mercedes),44.60724,88.3437,Cloudy,0.3
3,3,Hamilton (Mercedes),43.43024,131.77393,Cloudy,0.3
3,4,Hamilton (Mercedes),43.8273,175.60123,Cloudy,0.3
3,5,Hamilton (Mercedes),44.22356,219.82479,Cloudy,0.3
3,1,Verstappen (Red Bull),42.95253,42.95253,Cloudy,0.3
3,2,Verstappen (Red Bull),42.43548,85.38801,Cloudy,0.3
3,3,Verstappen (Red Bull),43.46808,128.85609,Cloudy,0.3
3,4,Verstappen (Red Bull),43.82715,172.68324,Cloudy,0.3
3,5,Verstappen (Red Bull),42.29542,214.97866,Cloudy,0.3
3,1,Norris (McLaren),43.33126,43.33126,Cloudy,0.3
3,2,Norris (McLaren),43.2093,86.54056,Cloudy,0.3
3,3,Norris (McLaren),44.49102,131.03158,Cloudy,0.3
3,4,Norris (McLaren),42.41016,173.44175,Cloudy,0.3
3,5,Norris (McLaren),43.37735,216.8191,Cloudy,0.3
4,1,Hamilton (Mercedes),43.02183,43.02183,Cloudy,0.3
4,2,Hamilton (Mercedes),43.29126,86.31309,Cloudy,0.3
4,3,Hamilton (Mercedes),43.86058,130.17367,Cloudy,0.3
4,4,Hamilton (Mercedes),43.65141,173.82508,Cloudy,0.3
4,5,Hamilton (Mercedes),43.76374,217.58882,Cloudy,0.3
4,1,Verstappen (Red Bull),42.87579,42.87579,Cloudy,0.3
4,2,Verstappen (Red Bull),42.38407,85.25986,Cloudy,0.3
4,3,Verstappen (Red Bull),43.84614,129.10599,Cloudy,0.3
4,4,Verstappen (Red Bull),44.17094,173.27694,Cloudy,0.3
4,5,Verstappen (Red Bull),43.2944,216.57134,Cloudy,0.3
4,1,Norris (McLaren),43.29979,43.29979,Cloudy,0.3
4,2,Norris (McLaren),44.50403,87.80382,Cloudy,0.3
4,3,Norris (McLaren),43.9204,131.72422,Cloudy,0.3
4,4,Norris (McLaren),43.74616,175.47038,Cloudy,0.3
4,5,Norris (McLaren),44.20924,219.67962,Cloudy,0.3
5,1,Hamilton (Mercedes),43.35126,43.35126,Cloudy,0.3
5,2,Hamilton (Mercedes),43.37768,86.72893,Cloudy,0.3
5,3,Hamilton (Mercedes),43.90837,130.6373,Cloudy,0.3
5,4,Hamilton (Mercedes),43.21955,173.85686,Cloudy,0.3
5,5,Hamilton (Mercedes),43.87111,217.72796,Cloudy,0.3
5,1,Verstappen (Red Bull),43.44739,43.44739,Cloudy,0.3
5,2,Verstappen (Red Bull),43.64534,87.09273,Cloudy,0.3
5,3,Verstappen (Red Bull),43.60992,130.70266,Cloudy,0.3
5,4,Verstappen (Red Bull),42.4957,173.19835,Cloudy,0.3
5,5,Verstappen (Red Bull),43.23086,216.42921,Cloudy,0.3
5,1,Norris (McLaren),43.8051,43.8051,Cloudy,0.3
5,2,Norris (McLaren),44.28857,88.09368,Cloudy,0.3
5,3,Norris (McLaren),44.26856,132.36224,Cloudy,0.3
5,4,Norris (McLaren),43.36471,175.72695,Cloudy,0.3
5,5,Norris (McLaren),43.41618,219.14312,Cloudy,0.3
6,1,Hamilton (Mercedes),43.18991,43.18991,Cloudy,0.3
6,2,Hamilton (Mercedes),43.58628,86.77619,Cloudy,0.3
6,3,Hamilton (Mercedes),43.39959,130.17578,Cloudy,0.3
6,4,Hamilton (Mercedes),43.11474,173.29052,Cloudy,0.3
6,5,Hamilton (Mercedes),43.68119,216.97171,Cloudy,0.3
6,1,Verstappen (Red Bull),43.89819,43.89819,Cloudy,0.3
6,2,Verstappen (Red Bull),44.21481,88.113,Cloudy,0.3
6,3,Verstappen (Red Bull),43.4915,131.6045,Cloudy,0.3
6,4,Verstappen (Red Bull),43.24746,174.85197,Cloudy,0.3
6,5,Verstappen (Red Bull),43.50567,218.35764,Cloudy,0.3
6,1,Norris (McLaren),44.12161,44.12161,Cloudy,0.3
6,2,Norris (McLaren),43.9436,88.06521,Cloudy,0.3
6,3,Norris (McLaren),43.84222,131.90743,Cloudy,0.3
6,4,Norris (McLaren),43.41279,175.32022,Cloudy,0.3
6,5,Norris (McLaren),43.36187,218.68209,Cloudy,0.3
7,1,Hamilton (Mercedes),45.09519,45.09519,Cloudy,0.3
7,2,Hamilton (Mercedes),44.44099,89.53618,Cloudy,0.3
7,3,Hamilton (Mercedes),43.36837,132.90455,Cloudy,0.3
7,4,Hamilton (Mercedes),44.29963,177.20419,Cloudy,0.3
7,5,Hamilton (Mercedes),43.42868,220.63287,Cloudy,0.3
7,1,Verstappen (Red Bull),43.45363,43.45363,Cloudy,0.3
7,2,Verstappen (Red Bull),43.02103,86.47466,Cloudy,0.3
7,3,Verstappen (Red Bull),43.47469,129.94934,Cloudy,0.3
7,4,Verstappen (Red Bull),43.00045,172.9498,Cloudy,0.3
7,5,Verstappen (Red Bull),43.16814,216.11793,Cloudy,0.3
7,1,Norris (McLaren),43.91818,43.91818,Cloudy,0.3
7,2,Norris (McLaren),44.00223,87.92041,Cloudy,0.3
7,3,Norris (McLaren),42.28994,130.21035,Cloudy,0.3
7,4,Norris (McLaren),44.45353,174.66387,Cloudy,0.3
7,5,Norris (McLaren),42.06755,216.73142,Cloudy,0.3
8,1,Hamilton (Mercedes),43.04499,43.04499,Cloudy,0.3
8,2,Hamilton (Mercedes),43.57594,86.62093,Cloudy,0.3
8,3,Hamilton (Mercedes),44.15678,130.7777,Cloudy,0.3
8,4,Hamilton (Mercedes),43.82864,174.60635,Cloudy,0.3
8,5,Hamilton (Mercedes),43.57614,218.18248,Cloudy,0.3
8,1,Verstappen (Red Bull),43.92394,43.92394,Cloudy,0.3
8,2,Verstappen (Red Bull),43.36438,87.28833,Cloudy,0.3
8,3,Verstappen (Red Bull),43.31184,130.60017,Cloudy,0.3
8,4,Verstappen (Red Bull),43.8091,174.40926,Cloudy,0.3
8,5,Verstappen (Red Bull),42.93309,217.34235,Cloudy,0.3
8,1,Norris (McLaren),45.14206,45.14206,Cloudy,0.3
8,2,Norris (McLaren),44.50375,89.6458,Cloudy,0.3
8,3,Norris (McLaren),43.59023,133.23603,Cloudy,0.3
8,4,Norris (McLaren),43.64381,176.87984,Cloudy,0.3
8,5,Norris (McLaren),43.72782,220.60766,Cloudy,0.3
9,1,Hamilton (Mercedes),44.30872,44.30872,Cloudy,0.3
9,2,Hamilton (Mercedes),44.13091,88.43964,Cloudy,0.3
9,3,Hamilton (Mercedes),43.44484,131.88447,Cloudy,0.3
9,4,Hamilton (Mercedes),43.32636,175.21083,Cloudy,0.3
9,5,Hamilton (Mercedes),44.51466,219.7255,Cloudy,0.3
9,1,Verstappen (Red Bull),42.5502,42.5502,Cloudy,0.3
9,2,Verstappen (Red Bull),42.87134,85.42154,Cloudy,0.3
9,3,Verstappen (Red Bull),44.03577,129.45732,Cloudy,0.3
9,4,Verstappen (Red Bull),42.52867,171.98598,Cloudy,0.3
9,5,Verstappen (Red Bull),43.67842,215.6644,Cloudy,0.3
9,1,Norris (McLaren),44.38258,44.38258,Cloudy,0.3
9,2,Norris (McLaren),45.34359,89.72618,Cloudy,0.3
9,3,Norris (McLaren),44.56876,134.29493,Cloudy,0.3
9,4,Norris (McLaren),43.76823,178.06317,Cloudy,0.3
9,5,Norris (McLaren),42.89792,220.96108,Cloudy,0.3
10,1,Hamilton (Mercedes),44.68345,44.68345,Cloudy,0.3
10,2,Hamilton (Mercedes),44.61254,89.29599,Cloudy,0.3
10,3,Hamilton (Mercedes),44.79899,134.09498,Cloudy,0.3
10,4,Hamilton (Mercedes),44.78698,178.88196,Cloudy,0.3
10,5,Hamilton (Mercedes),43.93149,222.81346,Cloudy,0.3
10,1,Verstappen (Red Bull),43.18057,43.18057,Cloudy,0.3
10,2,Verstappen (Red Bull),42.7381,85.91867,Cloudy,0.3
10,3,Verstappen (Red Bull),43.62018,129.53885,Cloudy,0.3
10,4,Verstappen (Red Bull),43.85608,173.39493,Cloudy,0.3
10,5,Verstappen (Red Bull),43.0084,216.40332,Cloudy,0.3
10,1,Norris (McLaren),43.7881,43.7881,Cloudy,0.3
10,2,Norris (McLaren),44.32853,88.11663,Cloudy,0.3
10,3,Norris (McLaren),44.7441,132.86072,Cloudy,0.3
10,4,Norris (McLaren),43.11727,175.978,Cloudy,0.3
10,5,Norris (McLaren),43.46689,219.44489,Cloudy,0.3
11,1,Hamilton (Mercedes),43.37892,43.37892,Cloudy,0.3
11,2,Hamilton (Mercedes),43.37609,86.75501,Cloudy,0.3
11,3,Hamilton (Mercedes),44.37986,131.13487,Cloudy,0.3
11,4,Hamilton (Mercedes),44.44961,175.58448,Cloudy,0.3
11,5,Hamilton (Mercedes),43.68959,219.27406,Cloudy,0.3
11,1,Verstappen (Red Bull),43.23479,43.23479,Cloudy,0.3
11,2,Verstappen (Red Bull),43.02342,86.25821,Cloudy,0.3
11,3,Verstappen (Red Bull),44.42325,130.68146,Cloudy,0.3
11,4,Verstappen (Red Bull),43.02406,173.70552,Cloudy,0.3
11,5,Verstappen (Red Bull),43.18303,216.88855,Cloudy,0.3
11,1,Norris (McLaren),43.04072,43.04072,Cloudy,0.3
11,2,Norris (McLaren),44.10133,87.14205,Cloudy,0.3
11,3,Norris (McLaren),43.28208,130.42413,Cloudy,0.3
11,4,Norris (McLaren),42.32545,172.74958,Cloudy,0.3
11,5,Norris (McLaren),43.8128,216.56238,Cloudy,0.3
12,1,Hamilton (Mercedes),44.00031,44.00031,Cloudy,0.3
12,2,Hamilton (Mercedes),43.81336,87.81367,Cloudy,0.3
12,3,Hamilton (Mercedes),43.95249,131.76615,Cloudy,0.3
12,4,Hamilton (Mercedes),44.05743,175.82359,Cloudy,0.3
12,5,Hamilton (Mercedes),44.12319,219.94678,Cloudy,0.3
12,1,Verstappen (Red Bull),44.03224,44.03224,Cloudy,0.3
12,2,Verstappen (Red Bull),43.78205,87.8143,Cloudy,0.3
12,3,Verstappen (Red Bull),43.96415,131.77844,Cloudy,0.3
12,4,Verstappen (Red Bull),43.7767,175.55514,Cloudy,0.3
12,5,Verstappen (Red Bull),43.6699,219.22504,Cloudy,0.3
12,1,Norris (McLaren),43.55384,43.55384,Cloudy,0.3
12,2,Norris (McLaren),43.68395,87.2378,Cloudy,0.3
12,3,Norris (McLaren),42.73119,129.96899,Cloudy,0.3
12,4,Norris (McLaren),44.43478,174.40377,Cloudy,0.3
12,5,Norris (McLaren),45.0958,219.49957,Cloudy,0.3
13,1,Hamilton (Mercedes),43.87015,43.87015,Cloudy,0.3
13,2,Hamilton (Mercedes),43.39235,87.2625,Cloudy,0.3
13,3,Hamilton (Mercedes),44.10579,131.36828,Cloudy,0.3
13,4,Hamilton (Mercedes),43.75175,175.12003,Cloudy,0.3
13,5,Hamilton (Mercedes),44.43094,219.55097,Cloudy,0.3
13,1,Verstappen (Red Bull),42.44744,42.44744,Cloudy,0.3
13,2,Verstappen (Red Bull),44.29206,86.73949,Cloudy,0.3
13,3,Verstappen (Red Bull),44.19341,130.93291,Cloudy,0.3
13,4,Verstappen (Red Bull),43.63258,174.56549,Cloudy,0.3
13,5,Verstappen (Red Bull),42.16671,216.73221,Cloudy,0.3
13,1,Norris (McLaren),43.41329,43.41329,Cloudy,0.3
13,2,Norris (McLaren),44.72777,88.14106,Cloudy,0.3
13,3,Norris (McLaren),43.75007,131.89113,Cloudy,0.3
13,4,Norris (McLaren),43.01304,174.90417,Cloudy,0.3
13,5,Norris (McLaren),43.74555,218.64972,Cloudy,0.3
14,1,Hamilton (Mercedes),43.9336,43.9336,Cloudy,0.3
14,2,Hamilton (Mercedes),43.23928,87.17289,Cloudy,0.3
14,3,Hamilton (Mercedes),43.8858,131.05868,Cloudy,0.3
14,4,Hamilton (Mercedes),44.44868,175.50736,Cloudy,0.3
14,5,Hamilton (Mercedes),44.44869,219.95605,Cloudy,0.3
14,1,Verstappen (Red Bull),43.971,43.971,Cloudy,0.3
14,2,Verstappen (Red Bull),43.57486,87.54586,Cloudy,0.3
14,3,Verstappen (Red Bull),42.99714,130.543,Cloudy,0.3
14,4,Verstappen (Red Bull),43.34611,173.88911,Cloudy,0.3
14,5,Verstappen (Red Bull),44.51816,218.40727,Cloudy,0.3
14,1,Norris (McLaren),44.06626,44.06626,Cloudy,0.3
14,2,Norris (McLaren),44.17804,88.2443,Cloudy,0.3
14,3,Norris (McLaren),42.90661,131.15091,Cloudy,0.3
14,4,Norris (McLaren),44.45126,175.60217,Cloudy,0.3
14,5,Norris (McLaren),43.7857,219.38787,Cloudy,0.3
15,1,Hamilton (Mercedes),44.80366,44.80366,Cloudy,0.3
15,2,Hamilton (Mercedes),43.70306,88.50672,Cloudy,0.3
15,3,Hamilton (Mercedes),43.85646,132.36319,Cloudy,0.3
15,4,Hamilton (Mercedes),43.77279,176.13598,Cloudy,0.3
15,5,Hamilton (Mercedes),43.57022,219.7062,Cloudy,0.3
15,1,Verstappen (Red Bull),43.18003,43.18003,Cloudy,0.3
15,2,Verstappen (Red Bull),43.45324,86.63326,Cloudy,0.3
15,3,Verstappen (Red Bull),43.36414,129.9974,Cloudy,0.3
15,4,Verstappen (Red Bull),43.56605,173.56344,Cloudy,0.3
15,5,Verstappen (Red Bull),44.49833,218.06178,Cloudy,0.3
15,1,Norris (McLaren),44.05262,44.05262,Cloudy,0.3
15,2,Norris (McLaren),44.02756,88.08017,Cloudy,0.3
15,3,Norris (McLaren),43.14422,131.22439,Cloudy,0.3
15,4,Norris (McLaren),44.9541,176.17849,Cloudy,0.3
15,5,Norris (McLaren),43.10618,219.28467,Cloudy,0.3
16,1,Hamilton (Mercedes),42.7356,42.7356,Cloudy,0.3
16,2,Hamilton (Mercedes),43.99591,86.73152,Cloudy,0.3
16,3,Hamilton (Mercedes),44.12901,130.86052,Cloudy,0.3
16,4,Hamilton (Mercedes),43.40883,174.26935,Cloudy,0.3
16,5,Hamilton (Mercedes),44.67472,218.94407,Cloudy,0.3
16,1,Verstappen (Red Bull),42.4189,42.4189,Cloudy,0.3
16,2,Verstappen (Red Bull),42.48698,84.90588,Cloudy,0.3
16,3,Verstappen (Red Bull),43.31801,128.22389,Cloudy,0.3
16,4,Verstappen (Red Bull),43.14767,171.37156,Cloudy,0.3
16,5,Verstappen (Red Bull),43.22198,214.59354,Cloudy,0.3
16,1,Norris (McLaren),44.05528,44.05528,Cloudy,0.3
16,2,Norris (McLaren),43.52082,87.5761,Cloudy,0.3
16,3,Norris (McLaren),44.63726,132.21336,Cloudy,0.3
16,4,Norris (McLaren),42.55793,174.7713,Cloudy,0.3
16,5,Norris (McLaren),44.03036,218.80166,Cloudy,0.3
17,1,Hamilton (Mercedes),45.08026,45.08026,Cloudy,0.3
17,2,Hamilton (Mercedes),44.03099,89.11124,Cloudy,0.3
17,3,Hamilton (Mercedes),44.37607,133.48732,Cloudy,0.3
17,4,Hamilton (Mercedes),44.66577,178.15308,Cloudy,0.3
17,5,Hamilton (Mercedes),44.00171,222.15479,Cloudy,0.3
17,1,Verstappen (Red Bull),43.23587,43.23587,Cloudy,0.3
17,2,Verstappen (Red Bull),41.91489,85.15075,Cloudy,0.3
17,3,Verstappen (Red Bull),42.97409,128.12485,Cloudy,0.3
17,4,Verstappen (Red Bull),44.02187,172.14672,Cloudy,0.3
17,5,Verstappen (Red Bull),43.40104,215.54776,Cloudy,0.3
17,1,Norris (McLaren),43.03696,43.03696,Cloudy,0.3
17,2,Norris (McLaren),43.93538,86.97234,Cloudy,0.3
17,3,Norris (McLaren),43.78024,130.75258,Cloudy,0.3
17,4,Norris (McLaren),44.0371,174.78967,Cloudy,0.3
17,5,Norris (McLaren),43.58523,218.3749,Cloudy,0.3
18,1,Hamilton (Mercedes),44.28716,44.28716,Cloudy,0.3
18,2,Hamilton (Mercedes),43.5993,87.88645,Cloudy,0.3
18,3,Hamilton (Mercedes),45.02437,132.91083,Cloudy,0.3
18,4,Hamilton (Mercedes),44.30824,177.21907,Cloudy,0.3
18,5,Hamilton (Mercedes),43.78296,221.00203,Cloudy,0.3
18,1,Verstappen (Red Bull),43.80162,43.80162,Cloudy,0.3
18,2,Verstappen (Red Bull),43.44631,87.24794,Cloudy,0.3
18,3,Verstappen (Red Bull),43.58571,130.83364,Cloudy,0.3
18,4,Verstappen (Red Bull),43.10005,173.93369,Cloudy,0.3
18,5,Verstappen (Red Bull),43.24229,217.17598,Cloudy,0.3
18,1,Norris (McLaren),43.3769,43.3769,Cloudy,0.3
18,2,Norris (McLaren),43.3837,86.76061,Cloudy,0.3
18,3,Norris (McLaren),43.96549,130.72609,Cloudy,0.3
18,4,Norris (McLaren),43.14512,173.87121,Cloudy,0.3
18,5,Norris (McLaren),43.19498,217.06619,Cloudy,0.3
19,1,Hamilton (Mercedes),44.01041,44.01041,Cloudy,0.3
19,2,Hamilton (Mercedes),43.27368,87.28409,Cloudy,0.3
19,3,Hamilton (Mercedes),43.82195,131.10604,Cloudy,0.3
19,4,Hamilton (Mercedes),43.97731,175.08335,Cloudy,0.3
19,5,Hamilton (Mercedes),43.99375,219.0771,Cloudy,0.3
19,1,Verstappen (Red Bull),43.23797,43.23797,Cloudy,0.3
19,2,Verstappen (Red Bull),41.72123,84.9592,Cloudy,0.3
19,3,Verstappen (Red Bull),43.38238,128.34158,Cloudy,0.3
19,4,Verstappen (Red Bull),43.5025,171.84409,Cloudy,0.3
19,5,Verstappen (Red Bull),42.86721,214.71129,Cloudy,0.3
19,1,Norris (McLaren),44.10966,44.10966,Cloudy,0.3
19,2,Norris (McLaren),43.40816,87.51782,Cloudy,0.3
19,3,Norris (McLaren),42.85526,130.37308,Cloudy,0.3
19,4,Norris (McLaren),43.19562,173.5687,Cloudy,0.3
19,5,Norris (McLaren),43.53093,217.09963,Cloudy,0.3
20,1,Hamilton (Mercedes),43.47908,43.47908,Cloudy,0.3
20,2,Hamilton (Mercedes),43.53403,87.01311,Cloudy,0.3
20,3,Hamilton (Mercedes),44.19837,131.21149,Cloudy,0.3
20,4,Hamilton (Mercedes),44.67874,175.89023,Cloudy,0.3
20,5,Hamilton (Mercedes),43.4854,219.37563,Cloudy,0.3
20,1,Verstappen (Red Bull),42.85836,42.85836,Cloudy,0.3
20,2,Verstappen (Red Bull),44.18019,87.03854,Cloudy,0.3
20,3,Verstappen (Red Bull),43.06208,130.10062,Cloudy,0.3
20,4,Verstappen (Red Bull),43.0891,173.18972,Cloudy,0.3
20,5,Verstappen (Red Bull),43.11931,216.30904,Cloudy,0.3
20,1,Norris (McLaren),43.63479,43.63479,Cloudy,0.3
20,2,Norris (McLaren),43.69857,87.33336,Cloudy,0.3
20,3,Norris (McLaren),43.89804,131.2314,Cloudy,0.3
20,4,Norris (McLaren),44.45697,175.68837,Cloudy,0.3
20,5,Norris (McLaren),44.09105,219.77942,Cloudy,0.3
21,1,Hamilton (Mercedes),44.40287,44.40287,Cloudy,0.3
21,2,Hamilton (Mercedes),43.02282,87.4257,Cloudy,0.3
21,3,Hamilton (Mercedes),44.16445,131.59015,Cloudy,0.3
21,4,Hamilton (Mercedes),45.19114,176.78129,Cloudy,0.3
21,5,Hamilton (Mercedes),43.49576,220.27705,Cloudy,0.3
21,1,Verstappen (Red Bull),44.10439,44.10439,Cloudy,0.3
21,2,Verstappen (Red Bull),42.84977,86.95416,Cloudy,0.3
21,3,Verstappen (Red Bull),43.01428,129.96845,Cloudy,0.3
21,4,Verstappen (Red Bull),42.93695,172.90539,Cloudy,0.3
21,5,Verstappen (Red Bull),42.28535,215.19075,Cloudy,0.3
21,1,Norris (McLaren),43.36209,43.36209,Cloudy,0.3
21,2,Norris (McLaren),42.86612,86.22821,Cloudy,0.3
21,3,Norris (McLaren),44.36034,130.58855,Cloudy,0.3
21,4,Norris (McLaren),42.76967,173.35823,Cloudy,0.3
21,5,Norris (McLaren),42.29783,215.65606,Cloudy,0.3
22,1,Hamilton (Mercedes),44.97058,44.97058,Cloudy,0.3
22,2,Hamilton (Mercedes),43.78876,88.75934,Cloudy,0.3
22,3,Hamilton (Mercedes),44.00065,132.75999,Cloudy,0.3
22,4,Hamilton (Mercedes),45.16145,177.92144,Cloudy,0.3
22,5,Hamilton (Mercedes),43.62365,221.5451,Cloudy,0.3
22,1,Verstappen (Red Bull),42.46828,42.46828,Cloudy,0.3
22,2,Verstappen (Red Bull),43.16725,85.63553,Cloudy,0.3
22,3,Verstappen (Red Bull),43.28687,128.9224,Cloudy,0.3
22,4,Verstappen (Red Bull),43.13235,172.05475,Cloudy,0.3
22,5,Verstappen (Red Bull),43.5922,215.64695,Cloudy,0.3
22,1,Norris (McLaren),42.71348,42.71348,Cloudy,0.3
22,2,Norris (McLaren),44.39343,87.10691,Cloudy,0.3
22,3,Norris (McLaren),43.46494,130.57185,Cloudy,0.3
22,4,Norris (McLaren),43.42973,174.00158,Cloudy,0.3
22,5,Norris (McLaren),44.78364,218.78522,Cloudy,0.3
23,1,Hamilton (Mercedes),42.88606,42.88606,Cloudy,0.3
23,2,Hamilton (Mercedes),43.55866,86.44473,Cloudy,0.3
23,3,Hamilton (Mercedes),44.69829,131.14302,Cloudy,0.3
23,4,Hamilton (Mercedes),44.12979,175.27281,Cloudy,0.3
23,5,Hamilton (Mercedes),44.20052,219.47333,Cloudy,0.3
23,1,Verstappen (Red Bull),43.18169,43.18169,Cloudy,0.3
23,2,Verstappen (Red Bull),43.91428,87.09597,Cloudy,0.3
23,3,Verstappen (Red Bull),43.71948,130.81546,Cloudy,0.3
23,4,Verstappen (Red Bull),42.92343,173.73889,Cloudy,0.3
23,5,Verstappen (Red Bull),42.72646,216.46534,Cloudy,0.3
23,1,Norris (McLaren),43.02354,43.02354,Cloudy,0.3
23,2,Norris (McLaren),43.51811,86.54165,Cloudy,0.3
23,3,Norris (McLaren),43.13485,129.67649,Cloudy,0.3
23,4,Norris (McLaren),41.66427,171.34076,Cloudy,0.3
23,5,Norris (McLaren),42.9495,214.29026,Cloudy,0.3
24,1,Hamilton (Mercedes),43.89251,43.89251,Cloudy,0.3
24,2,Hamilton (Mercedes),44.24233,88.13484,Cloudy,0.3
24,3,Hamilton (Mercedes),43.84873,131.98356,Cloudy,0.3
24,4,Hamilton (Mercedes),42.96743,174.95099,Cloudy,0.3
24,5,Hamilton (Mercedes),43.52059,218.47158,Cloudy,0.3
24,1,Verstappen (Red Bull),43.60302,43.60302,Cloudy,0.3
24,2,Verstappen (Red Bull),42.4786,86.08162,Cloudy,0.3
24,3,Verstappen (Red Bull),43.11767,129.19928,Cloudy,0.3
24,4,Verstappen (Red Bull),42.81915,172.01843,Cloudy,0.3
24,5,Verstappen (Red Bull),43.40159,215.42003,Cloudy,0.3
24,1,Norris (McLaren),43.62488,43.62488,Cloudy,0.3
24,2,Norris (McLaren),42.97125,86.59613,Cloudy,0.3
24,3,Norris (McLaren),43.97794,130.57406,Cloudy,0.3
24,4,Norris (McLaren),43.52078,174.09484,Cloudy,0.3
24,5,Norris (McLaren),43.08303,217.17788,Cloudy,0.3
25,1,Hamilton (Mercedes),44.1019,44.1019,Cloudy,0.3
25,2,Hamilton (Mercedes),44.46662,88.56852,Cloudy,0.3
25,3,Hamilton (Mercedes),43.48283,132.05135,Cloudy,0.3
25,4,Hamilton (Mercedes),43.41786,175.46921,Cloudy,0.3
25,5,Hamilton (Mercedes),44.34183,219.81105,Cloudy,0.3
25,1,Verstappen (Red Bull),42.926,42.926,Cloudy,0.3
25,2,Verstappen (Red Bull),43.59282,86.51882,Cloudy,0.3
25,3,Verstappen (Red Bull),44.13602,130.65484,Cloudy,0.3
25,4,Verstappen (Red Bull),43.27507,173.92991,Cloudy,0.3
25,5,Verstappen (Red Bull),43.45114,217.38105,Cloudy,0.3
25,1,Norris (McLaren),43.3645,43.3645,Cloudy,0.3
25,2,Norris (McLaren),43.82546,87.18996,Cloudy,0.3
25,3,Norris (McLaren),42.68891,129.87886,Cloudy,0.3
25,4,Norris (McLaren),42.5012,172.38006,Cloudy,0.3
25,5,Norris (McLaren),43.44789,215.82795,Cloudy,0.3
26,1,Hamilton (Mercedes),42.57586,42.57586,Cloudy,0.3
26,2,Hamilton (Mercedes),44.54769,87.12355,Cloudy,0.3
26,3,Hamilton (Mercedes),44.71019,131.83375,Cloudy,0.3
26,4,Hamilton (Mercedes),43.94747,175.78122,Cloudy,0.3
26,5,Hamilton (Mercedes),43.51814,219.29936,Cloudy,0.3
26,1,Verstappen (Red Bull),43.03342,43.03342,Cloudy,0.3
26,2,Verstappen (Red Bull),43.42768,86.46111,Cloudy,0.3
26,3,Verstappen (Red Bull),43.12456,129.58566,Cloudy,0.3
26,4,Verstappen (Red Bull),44.00197,173.58764,Cloudy,0.3
26,5,Verstappen (Red Bull),42.94935,216.53699,Cloudy,0.3
26,1,Norris (McLaren),44.06929,44.06929,Cloudy,0.3
26,2,Norris (McLaren),43.38509,87.45438,Cloudy,0.3
26,3,Norris (McLaren),42.63825,130.09262,Cloudy,0.3
26,4,Norris (McLaren),44.29407,174.38669,Cloudy,0.3
26,5,Norris (McLaren),44.22387,218.61056,Cloudy,0.3
27,1,Hamilton (Mercedes),43.9375,43.9375,Cloudy,0.3
27,2,Hamilton (Mercedes),43.77881,87.71631,Cloudy,0.3
27,3,Hamilton (Mercedes),43.91177,131.62808,Cloudy,0.3
27,4,Hamilton (Mercedes),43.80503,175.43311,Cloudy,0.3
27,5,Hamilton (Mercedes),43.44086,218.87397,Cloudy,0.3
27,1,Verstappen (Red Bull),43.60915,43.60915,Cloudy,0.3
27,2,Verstappen (Red Bull),43.58781,87.19696,Cloudy,0.3
27,3,Verstappen (Red Bull),43.3989,130.59587,Cloudy,0.3
27,4,Verstappen (Red Bull),43.1603,173.75617,Cloudy,0.3
27,5,Verstappen (Red Bull),42.98713,216.74331,Cloudy,0.3
27,1,Norris (McLaren),43.22953,43.22953,Cloudy,0.3
27,2,Norris (McLaren),43.58436,86.81389,Cloudy,0.3
27,3,Norris (McLaren),42.44158,129.25547,Cloudy,0.3
27,4,Norris (McLaren),42.57359,171.82906,Cloudy,0.3
27,5,Norris (McLaren),43.6438,215.47286,Cloudy,0.3
28,1,Hamilton (Mercedes),43.40184,43.40184,Cloudy,0.3
28,2,Hamilton (Mercedes),44.39396,87.79579,Cloudy,0.3
28,3,Hamilton (Mercedes),43.78374,131.57954,Cloudy,0.3
28,4,Hamilton (Mercedes),43.81424,175.39378,Cloudy,0.3
28,5,Hamilton (Mercedes),44.466,219.85977,Cloudy,0.3
28,1,Verstappen (Red Bull),43.91833,43.91833,Cloudy,0.3
28,2,Verstappen (Red Bull),43.31947,87.2378,Cloudy,0.3
28,3,Verstappen (Red Bull),43.19464,130.43244,Cloudy,0.3
28,4,Verstappen (Red Bull),44.04355,174.47599,Cloudy,0.3
28,5,Verstappen (Red Bull),42.75745,217.23343,Cloudy,0.3
28,1,Norris (McLaren),42.76437,42.76437,Cloudy,0.3
28,2,Norris (McLaren),43.37648,86.14084,Cloudy,0.3
28,3,Norris (McLaren),42.64682,128.78766,Cloudy,0.3
28,4,Norris (McLaren),43.01035,171.79801,Cloudy,0.3
28,5,Norris (McLaren),44.01835,215.81636,Cloudy,0.3
29,1,Hamilton (Mercedes),44.53526,44.53526,Cloudy,0.3
29,2,Hamilton (Mercedes),43.84117,88.37643,Cloudy,0.3
29,3,Hamilton (Mercedes),43.94807,132.3245,Cloudy,0.3
29,4,Hamilton (Mercedes),43.4096,175.73409,Cloudy,0.3
29,5,Hamilton (Mercedes),44.44643,220.18052,Cloudy,0.3
29,1,Verstappen (Red Bull),43.41046,43.41046,Cloudy,0.3
29,2,Verstappen (Red Bull),42.8158,86.22626,Cloudy,0.3
29,3,Verstappen (Red Bull),43.29427,129.52053,Cloudy,0.3
29,4,Verstappen (Red Bull),43.45353,172.97406,Cloudy,0.3
29,5,Verstappen (Red Bull),43.69017,216.66423,Cloudy,0.3
29,1,Norris (McLaren),44.64861,44.64861,Cloudy,0.3
29,2,Norris (McLaren),43.96061,88.60922,Cloudy,0.3
29,3,Norris (McLaren),42.39761,131.00683,Cloudy,0.3
29,4,Norris (McLaren),43.4161,174.42293,Cloudy,0.3
29,5,Norris (McLaren),44.37865,218.80158,Cloudy,0.3
30,1,Hamilton (Mercedes),43.23676,43.23676,Cloudy,0.3
30,2,Hamilton (Mercedes),44.23138,87.46814,Cloudy,0.3
30,3,Hamilton (Mercedes),42.80129,130.26944,Cloudy,0.3
30,4,Hamilton (Mercedes),44.76452,175.03396,Cloudy,0.3
30,5,Hamilton (Mercedes),43.40295,218.43691,Cloudy,0.3
30,1,Verstappen (Red Bull),43.77902,43.77902,Cloudy,0.3
30,2,Verstappen (Red Bull),43.05842,86.83744,Cloudy,0.3
30,3,Verstappen (Red Bull),44.54547,131.38291,Cloudy,0.3
30,4,Verstappen (Red Bull),43.34529,174.7282,Cloudy,0.3
30,5,Verstappen (Red Bull),43.78704,218.51524,Cloudy,0.3
30,1,Norris (McLaren),42.40864,42.40864,Cloudy,0.3
30,2,Norris (McLaren),43.613,86.02164,Cloudy,0.3
30,3,Norris (McLaren),42.74223,128.76386,Cloudy,0.3
30,4,Norris (McLaren),42.06582,170.82968,Cloudy,0.3
30,5,Norris (McLaren),43.4541,214.28379,Cloudy,0.3
31,1,Hamilton (Mercedes),43.73695,43.73695,Cloudy,0.3
31,2,Hamilton (Mercedes),44.66408,88.40103,Cloudy,0.3
31,3,Hamilton (Mercedes),44.29898,132.70001,Cloudy,0.3
31,4,Hamilton (Mercedes),43.74421,176.44422,Cloudy,0.3
31,5,Hamilton (Mercedes),44.16927,220.61349,Cloudy,0.3
31,1,Verstappen (Red Bull),43.77035,43.77035,Cloudy,0.3
31,2,Verstappen (Red Bull),42.75343,86.52377,Cloudy,0.3
31,3,Verstappen (Red Bull),43.60716,130.13093,Cloudy,0.3
31,4,Verstappen (Red Bull),43.41446,173.54539,Cloudy,0.3
31,5,Verstappen (Red Bull),43.78228,217.32767,Cloudy,0.3
31,1,Norris (McLaren),44.0987,44.0987,Cloudy,0.3
31,2,Norris (McLaren),44.24526,88.34396,Cloudy,0.3
31,3,Norris (McLaren),44.03322,132.37717,Cloudy,0.3
31,4,Norris (McLaren),44.12719,176.50437,Cloudy,0.3
31,5,Norris (McLaren),44.08556,220.58993,Cloudy,0.3
32,1,Hamilton (Mercedes),44.58391,44.58391,Cloudy,0.3
32,2,Hamilton (Mercedes),43.63191,88.21582,Cloudy,0.3
32,3,Hamilton (Mercedes),43.64862,131.86444,Cloudy,0.3
32,4,Hamilton (Mercedes),44.35199,176.21643,Cloudy,0.3
32,5,Hamilton (Mercedes),43.91168,220.12811,Cloudy,0.3
32,1,Verstappen (Red Bull),43.76181,43.76181,Cloudy,0.3
32,2,Verstappen (Red Bull),43.11175,86.87357,Cloudy,0.3
32,3,Verstappen (Red Bull),42.6837,129.55727,Cloudy,0.3
32,4,Verstappen (Red Bull),43.09189,172.64916,Cloudy,0.3
32,5,Verstappen (Red Bull),42.92594,215.5751,Cloudy,0.3
32,1,Norris (McLaren),43.34001,43.34001,Cloudy,0.3
32,2,Norris (McLaren),43.87475,87.21475,Cloudy,0.3
32,3,Norris (McLaren),42.71213,129.92688,Cloudy,0.3
32,4,Norris (McLaren),42.90716,172.83404,Cloudy,0.3
32,5,Norris (McLaren),43.34217,216.17621,Cloudy,0.3
33,1,Hamilton (Mercedes),43.79999,43.79999,Cloudy,0.3
33,2,Hamilton (Mercedes),44.45035,88.25034,Cloudy,0.3
33,3,Hamilton (Mercedes),43.83219,132.08253,Cloudy,0.3
33,4,Hamilton (Mercedes),43.07503,175.15756,Cloudy,0.3
33,5,Hamilton (Mercedes),44.77771,219.93527,Cloudy,0.3
33,1,Verstappen (Red Bull),43.34266,43.34266,Cloudy,0.3
33,2,Verstappen (Red Bull),43.866,87.20866,Cloudy,0.3
33,3,Verstappen (Red Bull),43.34591,130.55457,Cloudy,0.3
33,4,Verstappen (Red Bull),43.05238,173.60695,Cloudy,0.3
33,5,Verstappen (Red Bull),45.24605,218.853,Cloudy,0.3
33,1,Norris (McLaren),42.83084,42.83084,Cloudy,0.3
33,2,Norris (McLaren),44.03681,86.86764,Cloudy,0.3
33,3,Norris (McLaren),43.87235,130.74,Cloudy,0.3
33,4,Norris (McLaren),43.37437,174.11437,Cloudy,0.3
33,5,Norris (McLaren),44.19336,218.30773,Cloudy,0.3
34,1,Hamilton (Mercedes),44.3227,44.3227,Cloudy,0.3
34,2,Hamilton (Mercedes),43.97251,88.29521,Cloudy,0.3
34,3,Hamilton (Mercedes),44.09574,132.39095,Cloudy,0.3
34,4,Hamilton (Mercedes),43.75474,176.14569,Cloudy,0.3
34,5,Hamilton (Mercedes),43.25512,219.40081,Cloudy,0.3
34,1,Verstappen (Red Bull),42.61042,42.61042,Cloudy,0.3
34,2,Verstappen (Red Bull),43.59424,86.20466,Cloudy,0.3
34,3,Verstappen (Red Bull),43.18102,129.38568,Cloudy,0.3
34,4,Verstappen (Red Bull),43.89557,173.28125,Cloudy,0.3
34,5,Verstappen (Red Bull),42.96465,216.2459,Cloudy,0.3
34,1,Norris (McLaren),44.47672,44.47672,Cloudy,0.3
34,2,Norris (McLaren),42.76746,87.24418,Cloudy,0.3
34,3,Norris (McLaren),43.86421,131.10839,Cloudy,0.3
34,4,Norris (McLaren),42.79074,173.89913,Cloudy,0.3
34,5,Norris (McLaren),43.36475,217.26388,Cloudy,0.3
35,1,Hamilton (Mercedes),44.80866,44.80866,Cloudy,0.3
35,2,Hamilton (Mercedes),44.17614,88.9848,Cloudy,0.3
35,3,Hamilton (Mercedes),44.08469,133.06949,Cloudy,0.3
35,4,Hamilton (Mercedes),43.80342,176.8729,Cloudy,0.3
35,5,Hamilton (Mercedes),43.88116,220.75406,Cloudy,0.3
35,1,Verstappen (Red Bull),42.64907,42.64907,Cloudy,0.3
35,2,Verstappen (Red Bull),43.3653,86.01436,Cloudy,0.3
35,3,Verstappen (Red Bull),43.27116,129.28552,Cloudy,0.3
35,4,Verstappen (Red Bull),44.05143,173.33695,Cloudy,0.3
35,5,Verstappen (Red Bull),43.52297,216.85992,Cloudy,0.3
35,1,Norris (McLaren),43.33001,43.33001,Cloudy,0.3
35,2,Norris (McLaren),43.52587,86.85588,Cloudy,0.3
35,3,Norris (McLaren),43.68401,130.53989,Cloudy,0.3
35,4,Norris (McLaren),43.32754,173.86743,Cloudy,0.3
35,5,Norris (McLaren),44.58254,218.44997,Cloudy,0.3
36,1,Hamilton (Mercedes),43.31616,43.31616,Cloudy,0.3
36,2,Hamilton (Mercedes),43.74067,87.05682,Cloudy,0.3
36,3,Hamilton (Mercedes),42.87316,129.92998,Cloudy,0.3
36,4,Hamilton (Mercedes),43.72263,173.65261,Cloudy,0.3
36,5,Hamilton (Mercedes),44.62533,218.27794,Cloudy,0.3
36,1,Verstappen (Red Bull),44.28801,44.28801,Cloudy,0.3
36,2,Verstappen (Red Bull),43.50033,87.78834,Cloudy,0.3
36,3,Verstappen (Red Bull),43.44536,131.2337,Cloudy,0.3
36,4,Verstappen (Red Bull),43.53314,174.76684,Cloudy,0.3
36,5,Verstappen (Red Bull),43.38407,218.15091,Cloudy,0.3
36,1,Norris (McLaren),43.39165,43.39165,Cloudy,0.3
36,2,Norris (McLaren),42.55874,85.95039,Cloudy,0.3
36,3,Norris (McLaren),42.27939,128.22978,Cloudy,0.3
36,4,Norris (McLaren),42.80132,171.0311,Cloudy,0.3
36,5,Norris (McLaren),43.41737,214.44847,Cloudy,0.3
37,1,Hamilton (Mercedes),43.97197,43.97197,Cloudy,0.3
37,2,Hamilton (Mercedes),43.03224,87.00421,Cloudy,0.3
37,3,Hamilton (Mercedes),43.73905,130.74326,Cloudy,0.3
37,4,Hamilton (Mercedes),43.91403,174.65729,Cloudy,0.3
37,5,Hamilton (Mercedes),44.77455,219.43184,Cloudy,0.3
37,1,Verstappen (Red Bull),43.28429,43.28429,Cloudy,0.3
37,2,Verstappen (Red Bull),42.55458,85.83887,Cloudy,0.3
37,3,Verstappen (Red Bull),43.48509,129.32395,Cloudy,0.3
37,4,Verstappen (Red Bull),43.36827,172.69222,Cloudy,0.3
37,5,Verstappen (Red Bull),43.77554,216.46776,Cloudy,0.3
37,1,Norris (McLaren),44.29842,44.29842,Cloudy,0.3
37,2,Norris (McLaren),43.79898,88.0974,Cloudy,0.3
37,3,Norris (McLaren),43.34373,131.44114,Cloudy,0.3
37,4,Norris (McLaren),43.50606,174.9472,Cloudy,0.3
37,5,Norris (McLaren),43.90122,218.84843,Cloudy,0.3
38,1,Hamilton (Mercedes),44.40173,44.40173,Cloudy,0.3
38,2,Hamilton (Mercedes),44.88954,89.29127,Cloudy,0.3
38,3,Hamilton (Mercedes),43.91568,133.20694,Cloudy,0.3
38,4,Hamilton (Mercedes),44.52935,177.73629,Cloudy,0.3
38,5,Hamilton (Mercedes),44.90467,222.64096,Cloudy,0.3
38,1,Verstappen (Red Bull),42.93758,42.93758,Cloudy,0.3
38,2,Verstappen (Red Bull),43.1667,86.10428,Cloudy,0.3
38,3,Verstappen (Red Bull),44.07685,130.18113,Cloudy,0.3
38,4,Verstappen (Red Bull),43.71108,173.89221,Cloudy,0.3
38,5,Verstappen (Red Bull),43.83754,217.72974,Cloudy,0.3
38,1,Norris (McLaren),43.85529,43.85529,Cloudy,0.3
38,2,Norris (McLaren),44.91394,88.76923,Cloudy,0.3
38,3,Norris (McLaren),43.61571,132.38494,Cloudy,0.3
38,4,Norris (McLaren),43.4084,175.79334,Cloudy,0.3
38,5,Norris (McLaren),42.75837,218.55171,Cloudy,0.3
39,1,Hamilton (Mercedes),43.26356,43.26356,Cloudy,0.3
39,2,Hamilton (Mercedes),43.31298,86.57654,Cloudy,0.3
39,3,Hamilton (Mercedes),44.08772,130.66426,Cloudy,0.3
39,4,Hamilton (Mercedes),43.74303,174.40729,Cloudy,0.3
39,5,Hamilton (Mercedes),45.07359,219.48089,Cloudy,0.3
39,1,Verstappen (Red Bull),42.44492,42.44492,Cloudy,0.3
39,2,Verstappen (Red Bull),42.939,85.38392,Cloudy,0.3
39,3,Verstappen (Red Bull),43.12323,128.50715,Cloudy,0.3
39,4,Verstappen (Red Bull),43.85402,172.36117,Cloudy,0.3
39,5,Verstappen (Red Bull),43.53592,215.89709,Cloudy,0.3
39,1,Norris (McLaren),44.633,44.633,Cloudy,0.3
39,2,Norris (McLaren),43.86201,88.495,Cloudy,0.3
39,3,Norris (McLaren),42.71855,131.21355,Cloudy,0.3
39,4,Norris (McLaren),43.01263,174.22618,Cloudy,0.3
39,5,Norris (McLaren),44.03776,218.26395,Cloudy,0.3
40,1,Hamilton (Mercedes),43.57298,43.57298,Cloudy,0.3
40,2,Hamilton (Mercedes),43.91353,87.48651,Cloudy,0.3
40,3,Hamilton (Mercedes),43.03527,130.52178,Cloudy,0.3
40,4,Hamilton (Mercedes),43.73409,174.25586,Cloudy,0.3
40,5,Hamilton (Mercedes),43.84478,218.10064,Cloudy,0.3
40,1,Verstappen (Red Bull),43.83515,43.83515,Cloudy,0.3
40,2,Verstappen (Red Bull),42.8437,86.67885,Cloudy,0.3
40,3,Verstappen (Red Bull),42.31041,128.98926,Cloudy,0.3
40,4,Verstappen (Red Bull),43.6082,172.59746,Cloudy,0.3
40,5,Verstappen (Red Bull),43.48022,216.07768,Cloudy,0.3
40,1,Norris (McLaren),43.75265,43.75265,Cloudy,0.3
40,2,Norris (McLaren),43.085,86.83765,Cloudy,0.3
40,3,Norris (McLaren),42.70062,129.53828,Cloudy,0.3
40,4,Norris (McLaren),42.77655,172.31482,Cloudy,0.3
40,5,Norris (McLaren),43.47165,215.78647,Cloudy,0.3
41,1,Hamilton (Mercedes),44.05056,44.05056,Cloudy,0.3
41,2,Hamilton (Mercedes),42.92264,86.9732,Cloudy,0.3
41,3,Hamilton (Mercedes),43.39398,130.36718,Cloudy,0.3
41,4,Hamilton (Mercedes),43.21564,173.58282,Cloudy,0.3
41,5,Hamilton (Mercedes),43.59229,217.17511,Cloudy,0.3
41,1,Verstappen (Red Bull),43.35243,43.35243,Cloudy,0.3
41,2,Verstappen (Red Bull),43.42456,86.77699,Cloudy,0.3
41,3,Verstappen (Red Bull),43.206,129.98299,Cloudy,0.3
41,4,Verstappen (Red Bull),43.72551,173.7085,Cloudy,0.3
41,5,Verstappen (Red Bull),44.00107,217.70957,Cloudy,0.3
41,1,Norris (McLaren),42.67243,42.67243,Cloudy,0.3
41,2,Norris (McLaren),44.69008,87.36252,Cloudy,0.3
41,3,Norris (McLaren),43.38592,130.74844,Cloudy,0.3
41,4,Norris (McLaren),44.38657,175.13501,Cloudy,0.3
41,5,Norris (McLaren),44.12443,219.25944,Cloudy,0.3
42,1,Hamilton (Mercedes),44.86937,44.86937,Cloudy,0.3
42,2,Hamilton (Mercedes),43.36803,88.2374,Cloudy,0.3
42,3,Hamilton (Mercedes),44.56692,132.80432,Cloudy,0.3
42,4,Hamilton (Mercedes),43.86107,176.6654,Cloudy,0.3
42,5,Hamilton (Mercedes),43.33061,219.996,Cloudy,0.3
42,1,Verstappen (Red Bull),44.44909,44.44909,Cloudy,0.3
42,2,Verstappen (Red Bull),44.32052,88.76961,Cloudy,0.3
42,3,Verstappen (Red Bull),44.38267,133.15228,Cloudy,0.3
42,4,Verstappen (Red Bull),43.60724,176.75951,Cloudy,0.3
42,5,Verstappen (Red Bull),43.69374,220.45326,Cloudy,0.3
42,1,Norris (McLaren),44.23744,44.23744,Cloudy,0.3
42,2,Norris (McLaren),42.95964,87.19707,Cloudy,0.3
42,3,Norris (McLaren),43.87973,131.0768,Cloudy,0.3
42,4,Norris (McLaren),42.76528,173.84208,Cloudy,0.3
42,5,Norris (McLaren),43.08948,216.93156,Cloudy,0.3
43,1,Hamilton (Mercedes),43.82706,43.82706,Cloudy,0.3
43,2,Hamilton (Mercedes),43.73576,87.56281,Cloudy,0.3
43,3,Hamilton (Mercedes),43.67459,131.2374,Cloudy,0.3
43,4,Hamilton (Mercedes),44.16563,175.40303,Cloudy,0.3
43,5,Hamilton (Mercedes),44.56833,219.97136,Cloudy,0.3
43,1,Verstappen (Red Bull),43.23297,43.23297,Cloudy,0.3
43,2,Verstappen (Red Bull),43.7522,86.98516,Cloudy,0.3
43,3,Verstappen (Red Bull),43.34664,130.3318,Cloudy,0.3
43,4,Verstappen (Red Bull),43.10465,173.43646,Cloudy,0.3
43,5,Verstappen (Red Bull),42.7525,216.18896,Cloudy,0.3
43,1,Norris (McLaren),43.41998,43.41998,Cloudy,0.3
43,2,Norris (McLaren),44.02204,87.44202,Cloudy,0.3
43,3,Norris (McLaren),42.49935,129.94137,Cloudy,0.3
43,4,Norris (McLaren),42.75974,172.70111,Cloudy,0.3
43,5,Norris (McLaren),42.81093,215.51204,Cloudy,0.3
44,1,Hamilton (Mercedes),43.93921,43.93921,Cloudy,0.3
44,2,Hamilton (Mercedes),44.30457,88.24378,Cloudy,0.3
44,3,Hamilton (Mercedes),43.77423,132.01802,Cloudy,0.3
44,4,Hamilton (Mercedes),43.24747,175.26548,Cloudy,0.3
44,5,Hamilton (Mercedes),44.79956,220.06505,Cloudy,0.3
44,1,Verstappen (Red Bull),43.50461,43.50461,Cloudy,0.3
44,2,Verstappen (Red Bull),43.44436,86.94898,Cloudy,0.3
44,3,Verstappen (Red Bull),43.0407,129.98968,Cloudy,0.3
44,4,Verstappen (Red Bull),42.82662,172.8163,Cloudy,0.3
44,5,Verstappen (Red Bull),43.97207,216.78837,Cloudy,0.3
44,1,Norris (McLaren),43.14321,43.14321,Cloudy,0.3
44,2,Norris (McLaren),43.45639,86.5996,Cloudy,0.3
44,3,Norris (McLaren),44.62227,131.22187,Cloudy,0.3
44,4,Norris (McLaren),42.73183,173.9537,Cloudy,0.3
44,5,Norris (McLaren),43.96059,217.91429,Cloudy,0.3
45,1,Hamilton (Mercedes),43.97719,43.97719,Cloudy,0.3
45,2,Hamilton (Mercedes),44.0978,88.07499,Cloudy,0.3
45,3,Hamilton (Mercedes),44.78317,132.85816,Cloudy,0.3
45,4,Hamilton (Mercedes),43.36083,176.21899,Cloudy,0.3
45,5,Hamilton (Mercedes),44.06279,220.28178,Cloudy,0.3
45,1,Verstappen (Red Bull),43.5851,43.5851,Cloudy,0.3
45,2,Verstappen (Red Bull),43.78236,87.36746,Cloudy,0.3
45,3,Verstappen (Red Bull),42.60176,129.96922,Cloudy,0.3
45,4,Verstappen (Red Bull),42.34743,172.31665,Cloudy,0.3
45,5,Verstappen (Red Bull),43.71326,216.0299,Cloudy,0.3
45,1,Norris (McLaren),44.15275,44.15275,Cloudy,0.3
45,2,Norris (McLaren),42.4743,86.62704,Cloudy,0.3
45,3,Norris (McLaren),44.6973,131.32434,Cloudy,0.3
45,4,Norris (McLaren),42.99464,174.31898,Cloudy,0.3
45,5,Norris (McLaren),44.60754,218.92651,Cloudy,0.3
46,1,Hamilton (Mercedes),43.92357,43.92357,Cloudy,0.3
46,2,Hamilton (Mercedes),44.85612,88.77969,Cloudy,0.3
46,3,Hamilton (Mercedes),44.5488,133.32848,Cloudy,0.3
46,4,Hamilton (Mercedes),44.23998,177.56847,Cloudy,0.3
46,5,Hamilton (Mercedes),43.25897,220.82744,Cloudy,0.3
46,1,Verstappen (Red Bull),42.58914,42.58914,Cloudy,0.3
46,2,Verstappen (Red Bull),43.69677,86.28591,Cloudy,0.3
46,3,Verstappen (Red Bull),43.12655,129.41247,Cloudy,0.3
46,4,Verstappen (Red Bull),44.18432,173.59679,Cloudy,0.3
46,5,Verstappen (Red Bull),43.52168,217.11846,Cloudy,0.3
46,1,Norris (McLaren),43.58792,43.58792,Cloudy,0.3
46,2,Norris (McLaren),42.6795,86.26742,Cloudy,0.3
46,3,Norris (McLaren),44.41764,130.68507,Cloudy,0.3
46,4,Norris (McLaren),43.90372,174.58879,Cloudy,0.3
46,5,Norris (McLaren),44.207,218.79578,Cloudy,0.3
47,1,Hamilton (Mercedes),44.19929,44.19929,Cloudy,0.3
47,2,Hamilton (Mercedes),43.27747,87.47675,Cloudy,0.3
47,3,Hamilton (Mercedes),43.87133,131.34808,Cloudy,0.3
47,4,Hamilton (Mercedes),44.45418,175.80226,Cloudy,0.3
47,5,Hamilton (Mercedes),43.49232,219.29458,Cloudy,0.3
47,1,Verstappen (Red Bull),43.8696,43.8696,Cloudy,0.3
47,2,Verstappen (Red Bull),43.79021,87.65981,Cloudy,0.3
47,3,Verstappen (Red Bull),43.35268,131.01249,Cloudy,0.3
47,4,Verstappen (Red Bull),42.85505,173.86754,Cloudy,0.3
47,5,Verstappen (Red Bull),44.41967,218.28721,Cloudy,0.3
47,1,Norris (McLaren),42.65335,42.65335,Cloudy,0.3
47,2,Norris (McLaren),43.70992,86.36327,Cloudy,0.3
47,3,Norris (McLaren),43.8443,130.20757,Cloudy,0.3
47,4,Norris (McLaren),43.40056,173.60813,Cloudy,0.3
47,5,Norris (McLaren),43.79901,217.40714,Cloudy,0.3
48,1,Hamilton (Mercedes),44.18003,44.18003,Cloudy,0.3
48,2,Hamilton (Mercedes),43.99922,88.17926,Cloudy,0.3
48,3,Hamilton (Mercedes),44.08659,132.26585,Cloudy,0.3
48,4,Hamilton (Mercedes),44.01336,176.27921,Cloudy,0.3
48,5,Hamilton (Mercedes),45.10265,221.38186,Cloudy,0.3
48,1,Verstappen (Red Bull),44.05366,44.05366,Cloudy,0.3
48,2,Verstappen (Red Bull),42.87145,86.92512,Cloudy,0.3
48,3,Verstappen (Red Bull),42.45566,129.38078,Cloudy,0.3
48,4,Verstappen (Red Bull),43.28056,172.66134,Cloudy,0.3
48,5,Verstappen (Red Bull),43.80679,216.46813,Cloudy,0.3
48,1,Norris (McLaren),43.48152,43.48152,Cloudy,0.3
48,2,Norris (McLaren),43.5897,87.07122,Cloudy,0.3
48,3,Norris (McLaren),43.28024,130.35146,Cloudy,0.3
48,4,Norris (McLaren),43.0217,173.37316,Cloudy,0.3
48,5,Norris (McLaren),44.19914,217.5723,Cloudy,0.3
49,1,Hamilton (Mercedes),43.65954,43.65954,Cloudy,0.3
49,2,Hamilton (Mercedes),43.65199,87.31153,Cloudy,0.3
49,3,Hamilton (Mercedes),43.63889,130.95042,Cloudy,0.3
49,4,Hamilton (Mercedes),44.08495,175.03537,Cloudy,0.3
49,5,Hamilton (Mercedes),43.28735,218.32272,Cloudy,0.3
49,1,Verstappen (Red Bull),44.13516,44.13516,Cloudy,0.3
49,2,Verstappen (Red Bull),43.40254,87.5377,Cloudy,0.3
49,3,Verstappen (Red Bull),43.86655,131.40425,Cloudy,0.3
49,4,Verstappen (Red Bull),43.0817,174.48595,Cloudy,0.3
49,5,Verstappen (Red Bull),43.15593,217.64188,Cloudy,0.3
49,1,Norris (McLaren),44.07803,44.07803,Cloudy,0.3
49,2,Norris (McLaren),43.2246,87.30263,Cloudy,0.3
49,3,Norris (McLaren),43.44332,130.74595,Cloudy,0.3
49,4,Norris (McLaren),44.20041,174.94636,Cloudy,0.3
49,5,Norris (McLaren),42.91917,217.86553,Cloudy,0.3
50,1,Hamilton (Mercedes),44.08109,44.08109,Cloudy,0.3
50,2,Hamilton (Mercedes),43.45531,87.5364,Cloudy,0.3
50,3,Hamilton (Mercedes),44.22593,131.76233,Cloudy,0.3
50,4,Hamilton (Mercedes),43.98104,175.74338,Cloudy,0.3
50,5,Hamilton (Mercedes),44.0985,219.84188,Cloudy,0.3
50,1,Verstappen (Red Bull),44.0693,44.0693,Cloudy,0.3
50,2,Verstappen (Red Bull),42.58089,86.65019,Cloudy,0.3
50,3,Verstappen (Red Bull),43.34645,129.99664,Cloudy,0.3
50,4,Verstappen (Red Bull),42.7312,172.72784,Cloudy,0.3
50,5,Verstappen (Red Bull),43.65622,216.38406,Cloudy,0.3
50,1,Norris (McLaren),43.55064,43.55064,Cloudy,0.3
50,2,Norris (McLaren),45.11328,88.66393,Cloudy,0.3
50,3,Norris (McLaren),44.12779,132.79172,Cloudy,0.3
50,4,Norris (McLaren),42.8127,175.60442,Cloudy,0.3
50,5,Norris (McLaren),43.40596,219.01037,Cloudy,0.3
51,1,Hamilton (Mercedes),43.06726,43.06726,Cloudy,0.3
51,2,Hamilton (Mercedes),43.82586,86.89311,Cloudy,0.3
51,3,Hamilton (Mercedes),43.45565,130.34877,Cloudy,0.3
51,4,Hamilton (Mercedes),43.16105,173.50982,Cloudy,0.3
51,5,Hamilton (Mercedes),42.9737,216.48352,Cloudy,0.3
51,1,Verstappen (Red Bull),43.28708,43.28708,Cloudy,0.3
51,2,Verstappen (Red Bull),42.82846,86.11553,Cloudy,0.3
51,3,Verstappen (Red Bull),42.47308,128.58862,Cloudy,0.3
51,4,Verstappen (Red Bull),43.41566,172.00427,Cloudy,0.3
51,5,Verstappen (Red Bull),43.08391,215.08818,Cloudy,0.3
51,1,Norris (McLaren),42.67627,42.67627,Cloudy,0.3
51,2,Norris (McLaren),43.97955,86.65582,Cloudy,0.3
51,3,Norris (McLaren),43.47117,130.12698,Cloudy,0.3
51,4,Norris (McLaren),42.91242,173.03941,Cloudy,0.3
51,5,Norris (McLaren),42.45101,215.49042,Cloudy,0.3
52,1,Hamilton (Mercedes),43.29812,43.29812,Cloudy,0.3
52,2,Hamilton (Mercedes),43.99158,87.2897,Cloudy,0.3
52,3,Hamilton (Mercedes),44.3302,131.6199,Cloudy,0.3
52,4,Hamilton (Mercedes),43.81362,175.43353,Cloudy,0.3
52,5,Hamilton (Mercedes),44.1997,219.63322,Cloudy,0.3
52,1,Verstappen (Red Bull),42.77184,42.77184,Cloudy,0.3
52,2,Verstappen (Red Bull),42.94352,85.71536,Cloudy,0.3
52,3,Verstappen (Red Bull),44.05088,129.76624,Cloudy,0.3
52,4,Verstappen (Red Bull),43.31285,173.0791,Cloudy,0.3
52,5,Verstappen (Red Bull),43.39218,216.47127,Cloudy,0.3
52,1,Norris (McLaren),43.95181,43.95181,Cloudy,0.3
52,2,Norris (McLaren),43.32222,87.27403,Cloudy,0.3
52,3,Norris (McLaren),43.41711,130.69115,Cloudy,0.3
52,4,Norris (McLaren),44.14486,174.83601,Cloudy,0.3
52,5,Norris (McLaren),44.19807,219.03407,Cloudy,0.3
53,1,Hamilton (Mercedes),44.08197,44.08197,Cloudy,0.3
53,2,Hamilton (Mercedes),43.50138,87.58335,Cloudy,0.3
53,3,Hamilton (Mercedes),43.89074,131.47409,Cloudy,0.3
53,4,Hamilton (Mercedes),44.0858,175.55989,Cloudy,0.3
53,5,Hamilton (Mercedes),44.8516,220.41149,Cloudy,0.3
53,1,Verstappen (Red Bull),43.15028,43.15028,Cloudy,0.3
53,2,Verstappen (Red Bull),43.15406,86.30433,Cloudy,0.3
53,3,Verstappen (Red Bull),43.33452,129.63885,Cloudy,0.3
53,4,Verstappen (Red Bull),44.08736,173.72622,Cloudy,0.3
53,5,Verstappen (Red Bull),43.12692,216.85313,Cloudy,0.3
53,1,Norris (McLaren),43.37284,43.37284,Cloudy,0.3
53,2,Norris (McLaren),42.65635,86.02919,Cloudy,0.3
53,3,Norris (McLaren),42.976,129.00518,Cloudy,0.3
53,4,Norris (McLaren),43.38863,172.39382,Cloudy,0.3
53,5,Norris (McLaren),43.65793,216.05175,Cloudy,0.3
54,1,Hamilton (Mercedes),43.68271,43.68271,Cloudy,0.3
54,2,Hamilton (Mercedes),43.81469,87.49741,Cloudy,0.3
54,3,Hamilton (Mercedes),44.59531,132.09272,Cloudy,0.3
54,4,Hamilton (Mercedes),43.30138,175.3941,Cloudy,0.3
54,5,Hamilton (Mercedes),44.07675,219.47085,Cloudy,0.3
54,1,Verstappen (Red Bull),43.1263,43.1263,Cloudy,0.3
54,2,Verstappen (Red Bull),43.26622,86.39252,Cloudy,0.3
54,3,Verstappen (Red Bull),43.39676,129.78928,Cloudy,0.3
54,4,Verstappen (Red Bull),43.41756,173.20684,Cloudy,0.3
54,5,Verstappen (Red Bull),42.96953,216.17637,Cloudy,0.3
54,1,Norris (McLaren),42.78957,42.78957,Cloudy,0.3
54,2,Norris (McLaren),44.07633,86.8659,Cloudy,0.3
54,3,Norris (McLaren),43.68786,130.55376,Cloudy,0.3
54,4,Norris (McLaren),43.06805,173.62181,Cloudy,0.3
54,5,Norris (McLaren),44.70557,218.32738,Cloudy,0.3
55,1,Hamilton (Mercedes),43.90205,43.90205,Cloudy,0.3
55,2,Hamilton (Mercedes),43.57202,87.47408,Cloudy,0.3
55,3,Hamilton (Mercedes),43.23347,130.70754,Cloudy,0.3
55,4,Hamilton (Mercedes),44.1051,174.81265,Cloudy,0.3
55,5,Hamilton (Mercedes),44.00526,218.81791,Cloudy,0.3
55,1,Verstappen (Red Bull),43.02825,43.02825,Cloudy,0.3
55,2,Verstappen (Red Bull),43.63203,86.66027,Cloudy,0.3
55,3,Verstappen (Red Bull),44.2864,130.94668,Cloudy,0.3
55,4,Verstappen (Red Bull),43.2101,174.15678,Cloudy,0.3
55,5,Verstappen (Red Bull),42.92588,217.08266,Cloudy,0.3
55,1,Norris (McLaren),43.65235,43.65235,Cloudy,0.3
55,2,Norris (McLaren),44.37459,88.02693,Cloudy,0.3
55,3,Norris (McLaren),44.56386,132.5908,Cloudy,0.3
55,4,Norris (McLaren),43.84017,176.43097,Cloudy,0.3
55,5,Norris (McLaren),43.74364,220.17461,Cloudy,0.3
56,1,Hamilton (Mercedes),43.55269,43.55269,Cloudy,0.3
56,2,Hamilton (Mercedes),44.6741,88.22678,Cloudy,0.3
56,3,Hamilton (Mercedes),43.20898,131.43576,Cloudy,0.3
56,4,Hamilton (Mercedes),44.76397,176.19973,Cloudy,0.3
56,5,Hamilton (Mercedes),44.21818,220.41791,Cloudy,0.3
56,1,Verstappen (Red Bull),43.50622,43.50622,Cloudy,0.3
56,2,Verstappen (Red Bull),42.63638,86.1426,Cloudy,0.3
56,3,Verstappen (Red Bull),43.46478,129.60738,Cloudy,0.3
56,4,Verstappen (Red Bull),43.9994,173.60678,Cloudy,0.3
56,5,Verstappen (Red Bull),44.09164,217.69842,Cloudy,0.3
56,1,Norris (McLaren),43.35058,43.35058,Cloudy,0.3
56,2,Norris (McLaren),44.85258,88.20316,Cloudy,0.3
56,3,Norris (McLaren),43.3284,131.53156,Cloudy,0.3
56,4,Norris (McLaren),42.60571,174.13727,Cloudy,0.3
56,5,Norris (McLaren),42.89744,217.03472,Cloudy,0.3
57,1,Hamilton (Mercedes),43.62483,43.62483,Cloudy,0.3
57,2,Hamilton (Mercedes),43.96692,87.59175,Cloudy,0.3
57,3,Hamilton (Mercedes),43.57404,131.16579,Cloudy,0.3
57,4,Hamilton (Mercedes),43.80348,174.96927,Cloudy,0.3
57,5,Hamilton (Mercedes),43.83397,218.80324,Cloudy,0.3
57,1,Verstappen (Red Bull),43.59255,43.59255,Cloudy,0.3
57,2,Verstappen (Red Bull),42.42598,86.01853,Cloudy,0.3
57,3,Verstappen (Red Bull),43.22214,129.24067,Cloudy,0.3
57,4,Verstappen (Red Bull),44.30662,173.54729,Cloudy,0.3
57,5,Verstappen (Red Bull),43.36402,216.91131,Cloudy,0.3
57,1,Norris (McLaren),43.38766,43.38766,Cloudy,0.3
57,2,Norris (McLaren),42.50369,85.89135,Cloudy,0.3
57,3,Norris (McLaren),43.73757,129.62892,Cloudy,0.3
57,4,Norris (McLaren),44.56849,174.19741,Cloudy,0.3
57,5,Norris (McLaren),44.48422,218.68163,Cloudy,0.3
58,1,Hamilton (Mercedes),43.50158,43.50158,Cloudy,0.3
58,2,Hamilton (Mercedes),43.25884,86.76042,Cloudy,0.3
58,3,Hamilton (Mercedes),44.48212,131.24254,Cloudy,0.3
58,4,Hamilton (Mercedes),44.32787,175.57041,Cloudy,0.3
58,5,Hamilton (Mercedes),43.53314,219.10356,Cloudy,0.3
58,1,Verstappen (Red Bull),43.44746,43.44746,Cloudy,0.3
58,2,Verstappen (Red Bull),43.87915,87.32661,Cloudy,0.3
58,3,Verstappen (Red Bull),43.31885,130.64546,Cloudy,0.3
58,4,Verstappen (Red Bull),42.999,173.64446,Cloudy,0.3
58,5,Verstappen (Red Bull),43.71388,217.35835,Cloudy,0.3
58,1,Norris (McLaren),45.32253,45.32253,Cloudy,0.3
58,2,Norris (McLaren),43.93767,89.2602,Cloudy,0.3
58,3,Norris (McLaren),43.72017,132.98036,Cloudy,0.3
58,4,Norris (McLaren),43.97149,176.95186,Cloudy,0.3
58,5,Norris (McLaren),42.6891,219.64096,Cloudy,0.3
59,1,Hamilton (Mercedes),44.81071,44.81071,Cloudy,0.3
59,2,Hamilton (Mercedes),43.07213,87.88283,Cloudy,0.3
59,3,Hamilton (Mercedes),44.2794,132.16223,Cloudy,0.3
59,4,Hamilton (Mercedes),44.70733,176.86956,Cloudy,0.3
59,5,Hamilton (Mercedes),43.81537,220.68494,Cloudy,0.3
59,1,Verstappen (Red Bull),44.1946,44.1946,Cloudy,0.3
59,2,Verstappen (Red Bull),44.26748,88.46208,Cloudy,0.3
59,3,Verstappen (Red Bull),43.67993,132.14201,Cloudy,0.3
59,4,Verstappen (Red Bull),43.58739,175.7294,Cloudy,0.3
59,5,Verstappen (Red Bull),44.14959,219.87899,Cloudy,0.3
59,1,Norris (McLaren),42.66703,42.66703,Cloudy,0.3
59,2,Norris (McLaren),43.8965,86.56352,Cloudy,0.3
59,3,Norris (McLaren),43.50901,130.07254,Cloudy,0.3
59,4,Norris (McLaren),43.71671,173.78925,Cloudy,0.3
59,5,Norris (McLaren),43.46009,217.24934,Cloudy,0.3
60,1,Hamilton (Mercedes),44.30227,44.30227,Cloudy,0.3
60,2,Hamilton (Mercedes),44.07686,88.37913,Cloudy,0.3
60,3,Hamilton (Mercedes),43.91195,132.29108,Cloudy,0.3
60,4,Hamilton (Mercedes),43.95128,176.24236,Cloudy,0.3
60,5,Hamilton (Mercedes),43.62885,219.87121,Cloudy,0.3
60,1,Verstappen (Red Bull),42.94716,42.94716,Cloudy,0.3
60,2,Verstappen (Red Bull),44.13438,87.08154,Cloudy,0.3
60,3,Verstappen (Red Bull),43.23934,130.32088,Cloudy,0.3
60,4,Verstappen (Red Bull),43.31843,173.63931,Cloudy,0.3
60,5,Verstappen (Red Bull),43.27318,216.91249,Cloudy,0.3
60,1,Norris (McLaren),44.19356,44.19356,Cloudy,0.3
60,2,Norris (McLaren),43.13313,87.3267,Cloudy,0.3
60,3,Norris (McLaren),42.9868,130.3135,Cloudy,0.3
60,4,Norris (McLaren),43.52462,173.83812,Cloudy,0.3
60,5,Norris (McLaren),43.66355,217.50167,Cloudy,0.3
61,1,Hamilton (Mercedes),43.35961,43.35961,Cloudy,0.3
61,2,Hamilton (Mercedes),44.1331,87.49271,Cloudy,0.3
61,3,Hamilton (Mercedes),44.34527,131.83797,Cloudy,0.3
61,4,Hamilton (Mercedes),44.45222,176.2902,Cloudy,0.3
61,5,Hamilton (Mercedes),44.23964,220.52984,Cloudy,0.3
61,1,Verstappen (Red Bull),43.79949,43.79949,Cloudy,0.3
61,2,Verstappen (Red Bull),43.73611,87.53559,Cloudy,0.3
61,3,Verstappen (Red Bull),43.74607,131.28166,Cloudy,0.3
61,4,Verstappen (Red Bull),43.98255,175.26421,Cloudy,0.3
61,5,Verstappen (Red Bull),43.74637,219.01058,Cloudy,0.3
61,1,Norris (McLaren),42.31237,42.31237,Cloudy,0.3
61,2,Norris (McLaren),42.68709,84.99946,Cloudy,0.3
61,3,Norris (McLaren),43.51311,128.51258,Cloudy,0.3
61,4,Norris (McLaren),43.94793,172.46051,Cloudy,0.3
61,5,Norris (McLaren),42.71402,215.17453,Cloudy,0.3
62,1,Hamilton (Mercedes),44.40866,44.40866,Cloudy,0.3
62,2,Hamilton (Mercedes),44.02279,88.43145,Cloudy,0.3
62,3,Hamilton (Mercedes),45.24291,133.67436,Cloudy,0.3
62,4,Hamilton (Mercedes),43.88085,177.55521,Cloudy,0.3
62,5,Hamilton (Mercedes),44.68029,222.23549,Cloudy,0.3
62,1,Verstappen (Red Bull),43.93871,43.93871,Cloudy,0.3
62,2,Verstappen (Red Bull),43.83098,87.76969,Cloudy,0.3
62,3,Verstappen (Red Bull),43.44837,131.21805,Cloudy,0.3
62,4,Verstappen (Red Bull),42.71967,173.93772,Cloudy,0.3
62,5,Verstappen (Red Bull),43.22144,217.15916,Cloudy,0.3
62,1,Norris (McLaren),44.49795,44.49795,Cloudy,0.3
62,2,Norris (McLaren),44.16683,88.66478,Cloudy,0.3
62,3,Norris (McLaren),43.60663,132.27141,Cloudy,0.3
62,4,Norris (McLaren),43.59152,175.86293,Cloudy,0.3
62,5,Norris (McLaren),42.78526,218.64819,Cloudy,0.3
63,1,Hamilton (Mercedes),44.34145,44.34145,Cloudy,0.3
63,2,Hamilton (Mercedes),43.87964,88.22108,Cloudy,0.3
63,3,Hamilton (Mercedes),43.99045,132.21153,Cloudy,0.3
63,4,Hamilton (Mercedes),43.80497,176.01651,Cloudy,0.3
63,5,Hamilton (Mercedes),44.07264,220.08914,Cloudy,0.3
63,1,Verstappen (Red Bull),43.3055,43.3055,Cloudy,0.3
63,2,Verstappen (Red Bull),43.18313,86.48863,Cloudy,0.3
63,3,Verstappen (Red Bull),43.72162,130.21024,Cloudy,0.3
63,4,Verstappen (Red Bull),43.1571,173.36735,Cloudy,0.3
63,5,Verstappen (Red Bull),44.49867,217.86602,Cloudy,0.3
63,1,Norris (McLaren),43.85284,43.85284,Cloudy,0.3
63,2,Norris (McLaren),44.50651,88.35936,Cloudy,0.3
63,3,Norris (McLaren),43.44223,131.80158,Cloudy,0.3
63,4,Norris (McLaren),43.49223,175.29382,Cloudy,0.3
63,5,Norris (McLaren),43.79766,219.09148,Cloudy,0.3
64,1,Hamilton (Mercedes),42.52384,42.52384,Cloudy,0.3
64,2,Hamilton (Mercedes),43.55854,86.08238,Cloudy,0.3
64,3,Hamilton (Mercedes),43.87073,129.95311,Cloudy,0.3
64,4,Hamilton (Mercedes),43.6895,173.64261,Cloudy,0.3
64,5,Hamilton (Mercedes),44.57832,218.22092,Cloudy,0.3
64,1,Verstappen (Red Bull),44.26997,44.26997,Cloudy,0.3
64,2,Verstappen (Red Bull),43.16442,87.43439,Cloudy,0.3
64,3,Verstappen (Red Bull),43.3015,130.73589,Cloudy,0.3
64,4,Verstappen (Red Bull),43.66926,174.40515,Cloudy,0.3
64,5,Verstappen (Red Bull),43.29974,217.70489,Cloudy,0.3
64,1,Norris (McLaren),42.84451,42.84451,Cloudy,0.3
64,2,Norris (McLaren),43.09149,85.936,Cloudy,0.3
64,3,Norris (McLaren),44.76268,130.69868,Cloudy,0.3
64,4,Norris (McLaren),43.21075,173.90943,Cloudy,0.3
64,5,Norris (McLaren),44.71126,218.62069,Cloudy,0.3
65,1,Hamilton (Mercedes),44.01181,44.01181,Cloudy,0.3
65,2,Hamilton (Mercedes),42.97482,86.98663,Cloudy,0.3
65,3,Hamilton (Mercedes),43.92897,130.9156,Cloudy,0.3
65,4,Hamilton (Mercedes),44.53634,175.45195,Cloudy,0.3
65,5,Hamilton (Mercedes),44.25206,219.704,Cloudy,0.3
65,1,Verstappen (Red Bull),43.08373,43.08373,Cloudy,0.3
65,2,Verstappen (Red Bull),43.5292,86.61293,Cloudy,0.3
65,3,Verstappen (Red Bull),43.47242,130.08534,Cloudy,0.3
65,4,Verstappen (Red Bull),42.94094,173.02628,Cloudy,0.3
65,5,Verstappen (Red Bull),42.89579,215.92207,Cloudy,0.3
65,1,Norris (McLaren),43.33865,43.33865,Cloudy,0.3
65,2,Norris (McLaren),42.08731,85.42596,Cloudy,0.3
65,3,Norris (McLaren),42.99742,128.42338,Cloudy,0.3
65,4,Norris (McLaren),43.29831,171.72169,Cloudy,0.3
65,5,Norris (McLaren),44.40359,216.12528,Cloudy,0.3
66,1,Hamilton (Mercedes),43.3643,43.3643,Cloudy,0.3
66,2,Hamilton (Mercedes),44.31142,87.67572,Cloudy,0.3
66,3,Hamilton (Mercedes),44.06298,131.7387,Cloudy,0.3
66,4,Hamilton (Mercedes),43.61755,175.35625,Cloudy,0.3
66,5,Hamilton (Mercedes),43.677,219.03325,Cloudy,0.3
66,1,Verstappen (Red Bull),43.54692,43.54692,Cloudy,0.3
66,2,Verstappen (Red Bull),43.36541,86.91233,Cloudy,0.3
66,3,Verstappen (Red Bull),44.42538,131.33771,Cloudy,0.3
66,4,Verstappen (Red Bull),42.60467,173.94238,Cloudy,0.3
66,5,Verstappen (Red Bull),42.97503,216.91741,Cloudy,0.3
66,1,Norris (McLaren),44.06246,44.06246,Cloudy,0.3
66,2,Norris (McLaren),43.17585,87.23831,Cloudy,0.3
66,3,Norris (McLaren),43.39587,130.63418,Cloudy,0.3
66,4,Norris (McLaren),44.61384,175.24803,Cloudy,0.3
66,5,Norris (McLaren),43.59735,218.84537,Cloudy,0.3
67,1,Hamilton (Mercedes),43.49386,43.49386,Cloudy,0.3
67,2,Hamilton (Mercedes),43.87332,87.36717,Cloudy,0.3
67,3,Hamilton (Mercedes),43.2755,130.64267,Cloudy,0.3
67,4,Hamilton (Mercedes),43.55318,174.19586,Cloudy,0.3
67,5,Hamilton (Mercedes),43.81183,218.00769,Cloudy,0.3
67,1,Verstappen (Red Bull),42.48192,42.48192,Cloudy,0.3
67,2,Verstappen (Red Bull),43.34484,85.82675,Cloudy,0.3
67,3,Verstappen (Red Bull),43.13672,128.96347,Cloudy,0.3
67,4,Verstappen (Red Bull),42.82239,171.78586,Cloudy,0.3
67,5,Verstappen (Red Bull),43.44095,215.22682,Cloudy,0.3
67,1,Norris (McLaren),43.76169,43.76169,Cloudy,0.3
67,2,Norris (McLaren),43.16343,86.92513,Cloudy,0.3
67,3,Norris (McLaren),43.40399,130.32912,Cloudy,0.3
67,4,Norris (McLaren),44.13622,174.46534,Cloudy,0.3
67,5,Norris (McLaren),42.98812,217.45346,Cloudy,0.3
68,1,Hamilton (Mercedes),45.0696,45.0696,Cloudy,0.3
68,2,Hamilton (Mercedes),45.02198,90.09158,Cloudy,0.3
68,3,Hamilton (Mercedes),42.93253,133.0241,Cloudy,0.3
68,4,Hamilton (Mercedes),43.57485,176.59896,Cloudy,0.3
68,5,Hamilton (Mercedes),44.38369,220.98265,Cloudy,0.3
68,1,Verstappen (Red Bull),44.11411,44.11411,Cloudy,0.3
68,2,Verstappen (Red Bull),43.62459,87.7387,Cloudy,0.3
68,3,Verstappen (Red Bull),42.86721,130.60591,Cloudy,0.3
68,4,Verstappen (Red Bull),43.53842,174.14433,Cloudy,0.3
68,5,Verstappen (Red Bull),44.87258,219.01691,Cloudy,0.3
68,1,Norris (McLaren),41.77937,41.77937,Cloudy,0.3
68,2,Norris (McLaren),43.14628,84.92565,Cloudy,0.3
68,3,Norris (McLaren),42.61165,127.5373,Cloudy,0.3
68,4,Norris (McLaren),43.19745,170.73475,Cloudy,0.3
68,5,Norris (McLaren),42.48012,213.21487,Cloudy,0.3
69,1,Hamilton (Mercedes),42.74962,42.74962,Cloudy,0.3
69,2,Hamilton (Mercedes),43.34496,86.09458,Cloudy,0.3
69,3,Hamilton (Mercedes),44.20301,130.29759,Cloudy,0.3
69,4,Hamilton (Mercedes),44.63096,174.92855,Cloudy,0.3
69,5,Hamilton (Mercedes),43.4478,218.37635,Cloudy,0.3
69,1,Verstappen (Red Bull),43.42745,43.42745,Cloudy,0.3
69,2,Verstappen (Red Bull),43.31127,86.73872,Cloudy,0.3
69,3,Verstappen (Red Bull),43.21262,129.95134,Cloudy,0.3
69,4,Verstappen (Red Bull),44.18718,174.13851,Cloudy,0.3
69,5,Verstappen (Red Bull),42.81382,216.95233,Cloudy,0.3
69,1,Norris (McLaren),44.45208,44.45208,Cloudy,0.3
69,2,Norris (McLaren),44.79923,89.2513,Cloudy,0.3
69,3,Norris (McLaren),43.01111,132.26242,Cloudy,0.3
69,4,Norris (McLaren),44.53837,176.80078,Cloudy,0.3
69,5,Norris (McLaren),44.82652,221.62731,Cloudy,0.3
70,1,Hamilton (Mercedes),44.188,44.188,Cloudy,0.3
70,2,Hamilton (Mercedes),43.92322,88.11122,Cloudy,0.3
70,3,Hamilton (Mercedes),43.36545,131.47667,Cloudy,0.3
70,4,Hamilton (Mercedes),43.45206,174.92874,Cloudy,0.3
70,5,Hamilton (Mercedes),44.35032,219.27905,Cloudy,0.3
70,1,Verstappen (Red Bull),44.54952,44.54952,Cloudy,0.3
70,2,Verstappen (Red Bull),44.39501,88.94454,Cloudy,0.3
70,3,Verstappen (Red Bull),42.59864,131.54318,Cloudy,0.3
70,4,Verstappen (Red Bull),43.33894,174.88212,Cloudy,0.3
70,5,Verstappen (Red Bull),43.06434,217.94646,Cloudy,0.3
70,1,Norris (McLaren),43.46166,43.46166,Cloudy,0.3
70,2,Norris (McLaren),43.13336,86.59502,Cloudy,0.3
70,3,Norris (McLaren),41.98351,128.57853,Cloudy,0.3
70,4,Norris (McLaren),44.36649,172.94502,Cloudy,0.3
70,5,Norris (McLaren),43.60359,216.5486,Cloudy,0.3
71,1,Hamilton (Mercedes),42.3402,42.3402,Cloudy,0.3
71,2,Hamilton (Mercedes),44.41493,86.75513,Cloudy,0.3
71,3,Hamilton (Mercedes),44.11828,130.87341,Cloudy,0.3
71,4,Hamilton (Mercedes),43.1347,174.0081,Cloudy,0.3
71,5,Hamilton (Mercedes),43.44918,217.45728,Cloudy,0.3
71,1,Verstappen (Red Bull),42.35591,42.35591,Cloudy,0.3
71,2,Verstappen (Red Bull),43.17644,85.53235,Cloudy,0.3
71,3,Verstappen (Red Bull),43.84527,129.37762,Cloudy,0.3
71,4,Verstappen (Red Bull),43.18438,172.562,Cloudy,0.3
71,5,Verstappen (Red Bull),43.68025,216.24225,Cloudy,0.3
71,1,Norris (McLaren),43.55497,43.55497,Cloudy,0.3
71,2,Norris (McLaren),43.57827,87.13325,Cloudy,0.3
71,3,Norris (McLaren),43.21424,130.34748,Cloudy,0.3
71,4,Norris (McLaren),43.25294,173.60043,Cloudy,0.3
71,5,Norris (McLaren),43.30458,216.90501,Cloudy,0.3
72,1,Hamilton (Mercedes),44.07585,44.07585,Cloudy,0.3
72,2,Hamilton (Mercedes),44.08899,88.16485,Cloudy,0.3
72,3,Hamilton (Mercedes),43.59694,131.76178,Cloudy,0.3
72,4,Hamilton (Mercedes),44.85286,176.61464,Cloudy,0.3
72,5,Hamilton (Mercedes),44.16672,220.78136,Cloudy,0.3
72,1,Verstappen (Red Bull),43.82306,43.82306,Cloudy,0.3
72,2,Verstappen (Red Bull),43.48506,87.30812,Cloudy,0.3
72,3,Verstappen (Red Bull),43.70607,131.0142,Cloudy,0.3
72,4,Verstappen (Red Bull),43.36623,174.38042,Cloudy,0.3
72,5,Verstappen (Red Bull),42.52006,216.90049,Cloudy,0.3
72,1,Norris (McLaren),43.3867,43.3867,Cloudy,0.3
72,2,Norris (McLaren),42.85628,86.24298,Cloudy,0.3
72,3,Norris (McLaren),43.33262,129.5756,Cloudy,0.3
72,4,Norris (McLaren),43.65081,173.22641,Cloudy,0.3
72,5,Norris (McLaren),43.41441,216.64082,Cloudy,0.3
73,1,Hamilton (Mercedes),43.77259,43.77259,Cloudy,0.3
73,2,Hamilton (Mercedes),44.21733,87.98992,Cloudy,0.3
73,3,Hamilton (Mercedes),45.05437,133.04429,Cloudy,0.3
73,4,Hamilton (Mercedes),43.80802,176.8523,Cloudy,0.3
73,5,Hamilton (Mercedes),44.09327,220.94557,Cloudy,0.3
73,1,Verstappen (Red Bull),44.04538,44.04538,Cloudy,0.3
73,2,Verstappen (Red Bull),43.29838,87.34376,Cloudy,0.3
73,3,Verstappen (Red Bull),42.68124,130.025,Cloudy,0.3
73,4,Verstappen (Red Bull),43.36627,173.39127,Cloudy,0.3
73,5,Verstappen (Red Bull),42.41859,215.80986,Cloudy,0.3
73,1,Norris (McLaren),43.94603,43.94603,Cloudy,0.3
73,2,Norris (McLaren),43.74906,87.69509,Cloudy,0.3
73,3,Norris (McLaren),43.71576,131.41085,Cloudy,0.3
73,4,Norris (McLaren),44.09995,175.5108,Cloudy,0.3
73,5,Norris (McLaren),44.06357,219.57437,Cloudy,0.3
74,1,Hamilton (Mercedes),44.20353,44.20353,Cloudy,0.3
74,2,Hamilton (Mercedes),43.38769,87.59123,Cloudy,0.3
74,3,Hamilton (Mercedes),44.14013,131.73136,Cloudy,0.3
74,4,Hamilton (Mercedes),44.26438,175.99574,Cloudy,0.3
74,5,Hamilton (Mercedes),44.50055,220.49628,Cloudy,0.3
74,1,Verstappen (Red Bull),43.06117,43.06117,Cloudy,0.3
74,2,Verstappen (Red Bull),43.05349,86.11466,Cloudy,0.3
74,3,Verstappen (Red Bull),44.19263,130.30729,Cloudy,0.3
74,4,Verstappen (Red Bull),43.29894,173.60622,Cloudy,0.3
74,5,Verstappen (Red Bull),43.97794,217.58416,Cloudy,0.3
74,1,Norris (McLaren),43.37722,43.37722,Cloudy,0.3
74,2,Norris (McLaren),43.67829,87.05551,Cloudy,0.3
74,3,Norris (McLaren),42.65999,129.71551,Cloudy,0.3
74,4,Norris (McLaren),44.11476,173.83027,Cloudy,0.3
74,5,Norris (McLaren),43.29606,217.12633,Cloudy,0.3
75,1,Hamilton (Mercedes),42.91945,42.91945,Cloudy,0.3
75,2,Hamilton (Mercedes),44.59202,87.51147,Cloudy,0.3
75,3,Hamilton (Mercedes),43.91272,131.42419,Cloudy,0.3
75,4,Hamilton (Mercedes),44.47499,175.89918,Cloudy,0.3
75,5,Hamilton (Mercedes),43.9027,219.80188,Cloudy,0.3
75,1,Verstappen (Red Bull),43.54035,43.54035,Cloudy,0.3
75,2,Verstappen (Red Bull),43.43836,86.97871,Cloudy,0.3
75,3,Verstappen (Red Bull),43.35207,130.33078,Cloudy,0.3
75,4,Verstappen (Red Bull),42.71675,173.04753,Cloudy,0.3
75,5,Verstappen (Red Bull),43.14561,216.19314,Cloudy,0.3
75,1,Norris (McLaren),44.95476,44.95476,Cloudy,0.3
75,2,Norris (McLaren),42.09676,87.05151,Cloudy,0.3
75,3,Norris (McLaren),43.47256,130.52407,Cloudy,0.3
75,4,Norris (McLaren),42.84808,173.37215,Cloudy,0.3
75,5,Norris (McLaren),44.00479,217.37694,Cloudy,0.3
76,1,Hamilton (Mercedes),43.7088,43.7088,Cloudy,0.3
76,2,Hamilton (Mercedes),43.61065,87.31945,Cloudy,0.3
76,3,Hamilton (Mercedes),43.5635,130.88295,Cloudy,0.3
76,4,Hamilton (Mercedes),44.08752,174.97047,Cloudy,0.3
76,5,Hamilton (Mercedes),43.82906,218.79953,Cloudy,0.3
76,1,Verstappen (Red Bull),43.01139,43.01139,Cloudy,0.3
76,2,Verstappen (Red Bull),43.11784,86.12923,Cloudy,0.3
76,3,Verstappen (Red Bull),43.70188,129.83111,Cloudy,0.3
76,4,Verstappen (Red Bull),43.26151,173.09262,Cloudy,0.3
76,5,Verstappen (Red Bull),43.36061,216.45324,Cloudy,0.3
76,1,Norris (McLaren),43.54671,43.54671,Cloudy,0.3
76,2,Norris (McLaren),43.66405,87.21076,Cloudy,0.3
76,3,Norris (McLaren),44.28756,131.49832,Cloudy,0.3
76,4,Norris (McLaren),42.85337,174.35169,Cloudy,0.3
76,5,Norris (McLaren),42.72286,217.07455,Cloudy,0.3
77,1,Hamilton (Mercedes),43.63709,43.63709,Cloudy,0.3
77,2,Hamilton (Mercedes),43.999,87.63609,Cloudy,0.3
77,3,Hamilton (Mercedes),43.77718,131.41327,Cloudy,0.3
77,4,Hamilton (Mercedes),44.15069,175.56396,Cloudy,0.3
77,5,Hamilton (Mercedes),44.25719,219.82115,Cloudy,0.3
77,1,Verstappen (Red Bull),42.9013,42.9013,Cloudy,0.3
77,2,Verstappen (Red Bull),42.51515,85.41645,Cloudy,0.3
77,3,Verstappen (Red Bull),43.59069,129.00715,Cloudy,0.3
77,4,Verstappen (Red Bull),42.94189,171.94904,Cloudy,0.3
77,5,Verstappen (Red Bull),42.87592,214.82496,Cloudy,0.3
77,1,Norris (McLaren),42.88278,42.88278,Cloudy,0.3
77,2,Norris (McLaren),44.1571,87.03988,Cloudy,0.3
77,3,Norris (McLaren),44.69083,131.73072,Cloudy,0.3
77,4,Norris (McLaren),43.90888,175.6396,Cloudy,0.3
77,5,Norris (McLaren),43.52972,219.16932,Cloudy,0.3
78,1,Hamilton (Mercedes),44.35954,44.35954,Cloudy,0.3
78,2,Hamilton (Mercedes),45.18523,89.54476,Cloudy,0.3
78,3,Hamilton (Mercedes),44.44737,133.99213,Cloudy,0.3
78,4,Hamilton (Mercedes),43.78262,177.77475,Cloudy,0.3
78,5,Hamilton (Mercedes),43.96725,221.74201,Cloudy,0.3
78,1,Verstappen (Red Bull),44.36071,44.36071,Cloudy,0.3
78,2,Verstappen (Red Bull),43.31667,87.67738,Cloudy,0.3
78,3,Verstappen (Red Bull),43.49155,131.16893,Cloudy,0.3
78,4,Verstappen (Red Bull),43.1044,174.27333,Cloudy,0.3
78,5,Verstappen (Red Bull),43.54568,217.81902,Cloudy,0.3
78,1,Norris (McLaren),44.74713,44.74713,Cloudy,0.3
78,2,Norris (McLaren),42.60876,87.35589,Cloudy,0.3
78,3,Norris (McLaren),43.20547,130.56136,Cloudy,0.3
78,4,Norris (McLaren),43.32855,173.88991,Cloudy,0.3
78,5,Norris (McLaren),42.66249,216.5524,Cloudy,0.3
79,1,Hamilton (Mercedes),44.77442,44.77442,Cloudy,0.3
79,2,Hamilton (Mercedes),43.2592,88.03362,Cloudy,0.3
79,3,Hamilton (Mercedes),43.73599,131.76961,Cloudy,0.3
79,4,Hamilton (Mercedes),43.68484,175.45445,Cloudy,0.3
79,5,Hamilton (Mercedes),43.28715,218.7416,Cloudy,0.3
79,1,Verstappen (Red Bull),43.26157,43.26157,Cloudy,0.3
79,2,Verstappen (Red Bull),42.15156,85.41313,Cloudy,0.3
79,3,Verstappen (Red Bull),43.88774,129.30087,Cloudy,0.3
79,4,Verstappen (Red Bull),42.27835,171.57921,Cloudy,0.3
79,5,Verstappen (Red Bull),43.13957,214.71878,Cloudy,0.3
79,1,Norris (McLaren),44.55684,44.55684,Cloudy,0.3
79,2,Norris (McLaren),42.86963,87.42647,Cloudy,0.3
79,3,Norris (McLaren),44.45783,131.88429,Cloudy,0.3
79,4,Norris (McLaren),44.09144,175.97573,Cloudy,0.3
79,5,Norris (McLaren),42.95077,218.9265,Cloudy,0.3
80,1,Hamilton (Mercedes),44.60558,44.60558,Cloudy,0.3
80,2,Hamilton (Mercedes),43.96315,88.56873,Cloudy,0.3
80,3,Hamilton (Mercedes),43.95207,132.5208,Cloudy,0.3
80,4,Hamilton (Mercedes),43.64406,176.16486,Cloudy,0.3
80,5,Hamilton (Mercedes),43.18102,219.34588,Cloudy,0.3
80,1,Verstappen (Red Bull),43.21475,43.21475,Cloudy,0.3
80,2,Verstappen (Red Bull),43.16284,86.37758,Cloudy,0.3
80,3,Verstappen (Red Bull),42.72846,129.10604,Cloudy,0.3
80,4,Verstappen (Red Bull),42.3866,171.49264,Cloudy,0.3
80,5,Verstappen (Red Bull),43.8153,215.30793,Cloudy,0.3
80,1,Norris (McLaren),42.97806,42.97806,Cloudy,0.3
80,2,Norris (McLaren),42.79521,85.77328,Cloudy,0.3
80,3,Norris (McLaren),44.79302,130.5663,Cloudy,0.3
80,4,Norris (McLaren),44.74704,175.31334,Cloudy,0.3
80,5,Norris (McLaren),43.18081,218.49415,Cloudy,0.3
81,1,Hamilton (Mercedes),43.67724,43.67724,Cloudy,0.3
81,2,Hamilton (Mercedes),43.97961,87.65685,Cloudy,0.3
81,3,Hamilton (Mercedes),43.14208,130.79893,Cloudy,0.3
81,4,Hamilton (Mercedes),44.36427,175.1632,Cloudy,0.3
81,5,Hamilton (Mercedes),44.02251,219.18572,Cloudy,0.3
81,1,Verstappen (Red Bull),43.8941,43.8941,Cloudy,0.3
81,2,Verstappen (Red Bull),42.86697,86.76107,Cloudy,0.3
81,3,Verstappen (Red Bull),44.19834,130.95941,Cloudy,0.3
81,4,Verstappen (Red Bull),43.08487,174.04428,Cloudy,0.3
81,5,Verstappen (Red Bull),44.02961,218.07388,Cloudy,0.3
81,1,Norris (McLaren),43.41186,43.41186,Cloudy,0.3
81,2,Norris (McLaren),45.26009,88.67195,Cloudy,0.3
81,3,Norris (McLaren),44.01542,132.68738,Cloudy,0.3
81,4,Norris (McLaren),44.87592,177.5633,Cloudy,0.3
81,5,Norris (McLaren),42.77395,220.33724,Cloudy,0.3
82,1,Hamilton (Mercedes),44.45545,44.45545,Cloudy,0.3
82,2,Hamilton (Mercedes),44.14108,88.59653,Cloudy,0.3
82,3,Hamilton (Mercedes),43.82642,132.42295,Cloudy,0.3
82,4,Hamilton (Mercedes),44.00224,176.42518,Cloudy,0.3
82,5,Hamilton (Mercedes),44.25484,220.68002,Cloudy,0.3
82,1,Verstappen (Red Bull),43.65729,43.65729,Cloudy,0.3
82,2,Verstappen (Red Bull),44.24946,87.90675,Cloudy,0.3
82,3,Verstappen (Red Bull),43.2188,131.12555,Cloudy,0.3
82,4,Verstappen (Red Bull),44.04499,175.17054,Cloudy,0.3
82,5,Verstappen (Red Bull),43.83477,219.0053,Cloudy,0.3
82,1,Norris (McLaren),44.22079,44.22079,Cloudy,0.3
82,2,Norris (McLaren),43.32128,87.54207,Cloudy,0.3
82,3,Norris (McLaren),44.68129,132.22336,Cloudy,0.3
82,4,Norris (McLaren),43.422,175.64536,Cloudy,0.3
82,5,Norris (McLaren),43.87267,219.51803,Cloudy,0.3
83,1,Hamilton (Mercedes),43.51292,43.51292,Cloudy,0.3
83,2,Hamilton (Mercedes),43.95914,87.47206,Cloudy,0.3
83,3,Hamilton (Mercedes),44.50907,131.98113,Cloudy,0.3
83,4,Hamilton (Mercedes),43.95494,175.93608,Cloudy,0.3
83,5,Hamilton (Mercedes),43.22577,219.16184,Cloudy,0.3
83,1,Verstappen (Red Bull),42.76574,42.76574,Cloudy,0.3
83,2,Verstappen (Red Bull),43.34976,86.1155,Cloudy,0.3
83,3,Verstappen (Red Bull),43.22756,129.34306,Cloudy,0.3
83,4,Verstappen (Red Bull),42.96341,172.30647,Cloudy,0.3
83,5,Verstappen (Red Bull),43.65948,215.96595,Cloudy,0.3
83,1,Norris (McLaren),44.22792,44.22792,Cloudy,0.3
83,2,Norris (McLaren),42.84257,87.07049,Cloudy,0.3
83,3,Norris (McLaren),43.71831,130.78881,Cloudy,0.3
83,4,Norris (McLaren),44.51022,175.29902,Cloudy,0.3
83,5,Norris (McLaren),44.05115,219.35017,Cloudy,0.3
84,1,Hamilton (Mercedes),43.18175,43.18175,Cloudy,0.3
84,2,Hamilton (Mercedes),43.44746,86.62921,Cloudy,0.3
84,3,Hamilton (Mercedes),43.3996,130.02881,Cloudy,0.3
84,4,Hamilton (Mercedes),45.02708,175.05589,Cloudy,0.3
84,5,Hamilton (Mercedes),43.84348,218.89937,Cloudy,0.3
84,1,Verstappen (Red Bull),42.05492,42.05492,Cloudy,0.3
84,2,Verstappen (Red Bull),43.9629,86.01783,Cloudy,0.3
84,3,Verstappen (Red Bull),43.69318,129.71101,Cloudy,0.3
84,4,Verstappen (Red Bull),42.91453,172.62554,Cloudy,0.3
84,5,Verstappen (Red Bull),43.23951,215.86505,Cloudy,0.3
84,1,Norris (McLaren),43.69718,43.69718,Cloudy,0.3
84,2,Norris (McLaren),43.7753,87.47248,Cloudy,0.3
84,3,Norris (McLaren),43.3424,130.81488,Cloudy,0.3
84,4,Norris (McLaren),42.95786,173.77275,Cloudy,0.3
84,5,Norris (McLaren),44.92212,218.69487,Cloudy,0.3
85,1,Hamilton (Mercedes),44.2301,44.2301,Cloudy,0.3
85,2,Hamilton (Mercedes),43.74712,87.97722,Cloudy,0.3
85,3,Hamilton (Mercedes),43.44277,131.41999,Cloudy,0.3
85,4,Hamilton (Mercedes),43.77453,175.19452,Cloudy,0.3
85,5,Hamilton (Mercedes),43.797,218.99152,Cloudy,0.3
85,1,Verstappen (Red Bull),42.74623,42.74623,Cloudy,0.3
85,2,Verstappen (Red Bull),42.86395,85.61018,Cloudy,0.3
85,3,Verstappen (Red Bull),42.67998,128.29016,Cloudy,0.3
85,4,Verstappen (Red Bull),43.87209,172.16225,Cloudy,0.3
85,5,Verstappen (Red Bull),43.33456,215.49681,Cloudy,0.3
85,1,Norris (McLaren),44.19622,44.19622,Cloudy,0.3
85,2,Norris (McLaren),43.65506,87.85128,Cloudy,0.3
85,3,Norris (McLaren),43.87675,131.72803,Cloudy,0.3
85,4,Norris (McLaren),43.65795,175.38598,Cloudy,0.3
85,5,Norris (McLaren),44.13109,219.51706,Cloudy,0.3
86,1,Hamilton (Mercedes),43.99495,43.99495,Cloudy,0.3
86,2,Hamilton (Mercedes),43.6947,87.68965,Cloudy,0.3
86,3,Hamilton (Mercedes),43.77369,131.46334,Cloudy,0.3
86,4,Hamilton (Mercedes),43.06236,174.5257,Cloudy,0.3
86,5,Hamilton (Mercedes),44.31226,218.83795,Cloudy,0.3
86,1,Verstappen (Red Bull),42.8687,42.8687,Cloudy,0.3
86,2,Verstappen (Red Bull),43.19618,86.06488,Cloudy,0.3
86,3,Verstappen (Red Bull),43.17836,129.24324,Cloudy,0.3
86,4,Verstappen (Red Bull),42.20253,171.44577,Cloudy,0.3
86,5,Verstappen (Red Bull),43.86233,215.30809,Cloudy,0.3
86,1,Norris (McLaren),43.27813,43.27813,Cloudy,0.3
86,2,Norris (McLaren),43.61514,86.89327,Cloudy,0.3
86,3,Norris (McLaren),42.55155,129.44482,Cloudy,0.3
86,4,Norris (McLaren),43.44406,172.88888,Cloudy,0.3
86,5,Norris (McLaren),44.03939,216.92827,Cloudy,0.3
87,1,Hamilton (Mercedes),43.84945,43.84945,Cloudy,0.3
87,2,Hamilton (Mercedes),43.77113,87.62058,Cloudy,0.3
87,3,Hamilton (Mercedes),45.66849,133.28907,Cloudy,0.3
87,4,Hamilton (Mercedes),44.28541,177.57448,Cloudy,0.3
87,5,Hamilton (Mercedes),43.39967,220.97415,Cloudy,0.3
87,1,Verstappen (Red Bull),43.24158,43.24158,Cloudy,0.3
87,2,Verstappen (Red Bull),43.00172,86.2433,Cloudy,0.3
87,3,Verstappen (Red Bull),43.39272,129.63603,Cloudy,0.3
87,4,Verstappen (Red Bull),43.66806,173.30408,Cloudy,0.3
87,5,Verstappen (Red Bull),43.84693,217.15101,Cloudy,0.3
87,1,Norris (McLaren),43.51011,43.51011,Cloudy,0.3
87,2,Norris (McLaren),42.2705,85.78061,Cloudy,0.3
87,3,Norris (McLaren),44.24805,130.02866,Cloudy,0.3
87,4,Norris (McLaren),43.80216,173.83081,Cloudy,0.3
87,5,Norris (McLaren),43.72743,217.55824,Cloudy,0.3
88,1,Hamilton (Mercedes),43.26666,43.26666,Cloudy,0.3
88,2,Hamilton (Mercedes),44.34051,87.60717,Cloudy,0.3
88,3,Hamilton (Mercedes),43.58327,131.19044,Cloudy,0.3
88,4,Hamilton (Mercedes),43.41137,174.60181,Cloudy,0.3
88,5,Hamilton (Mercedes),42.9635,217.56531,Cloudy,0.3
88,1,Verstappen (Red Bull),43.08824,43.08824,Cloudy,0.3
88,2,Verstappen (Red Bull),43.36425,86.45249,Cloudy,0.3
88,3,Verstappen (Red Bull),43.64181,130.0943,Cloudy,0.3
88,4,Verstappen (Red Bull),43.45848,173.55278,Cloudy,0.3
88,5,Verstappen (Red Bull),42.22455,215.77732,Cloudy,0.3
88,1,Norris (McLaren),42.74041,42.74041,Cloudy,0.3
88,2,Norris (McLaren),43.93311,86.67352,Cloudy,0.3
88,3,Norris (McLaren),44.27316,130.94669,Cloudy,0.3
88,4,Norris (McLaren),44.14951,175.0962,Cloudy,0.3
88,5,Norris (McLaren),43.81149,218.90769,Cloudy,0.3
89,1,Hamilton (Mercedes),43.9122,43.9122,Cloudy,0.3
89,2,Hamilton (Mercedes),43.99649,87.90869,Cloudy,0.3
89,3,Hamilton (Mercedes),43.59216,131.50085,Cloudy,0.3
89,4,Hamilton (Mercedes),43.0128,174.51365,Cloudy,0.3
89,5,Hamilton (Mercedes),43.39194,217.90559,Cloudy,0.3
89,1,Verstappen (Red Bull),44.43956,44.43956,Cloudy,0.3
89,2,Verstappen (Red Bull),44.30779,88.74735,Cloudy,0.3
89,3,Verstappen (Red Bull),42.81455,131.56191,Cloudy,0.3
89,4,Verstappen (Red Bull),43.03826,174.60017,Cloudy,0.3
89,5,Verstappen (Red Bull),43.03485,217.63501,Cloudy,0.3
89,1,Norris (McLaren),43.78284,43.78284,Cloudy,0.3
89,2,Norris (McLaren),43.03007,86.81291,Cloudy,0.3
89,3,Norris (McLaren),45.10741,131.92031,Cloudy,0.3
89,4,Norris (McLaren),43.5068,175.42711,Cloudy,0.3
89,5,Norris (McLaren),43.42691,218.85402,Cloudy,0.3
90,1,Hamilton (Mercedes),44.99977,44.99977,Cloudy,0.3
90,2,Hamilton (Mercedes),44.28529,89.28505,Cloudy,0.3
90,3,Hamilton (Mercedes),44.1624,133.44745,Cloudy,0.3
90,4,Hamilton (Mercedes),43.14053,176.58798,Cloudy,0.3
90,5,Hamilton (Mercedes),44.72615,221.31412,Cloudy,0.3
90,1,Verstappen (Red Bull),43.23631,43.23631,Cloudy,0.3
90,2,Verstappen (Red Bull),42.55939,85.79571,Cloudy,0.3
90,3,Verstappen (Red Bull),43.35556,129.15126,Cloudy,0.3
90,4,Verstappen (Red Bull),42.73076,171.88202,Cloudy,0.3
90,5,Verstappen (Red Bull),43.30518,215.1872,Cloudy,0.3
90,1,Norris (McLaren),44.00346,44.00346,Cloudy,0.3
90,2,Norris (McLaren),43.68654,87.69,Cloudy,0.3
90,3,Norris (McLaren),42.96847,130.65847,Cloudy,0.3
90,4,Norris (McLaren),43.23099,173.88946,Cloudy,0.3
90,5,Norris (McLaren),43.86049,217.74995,Cloudy,0.3
91,1,Hamilton (Mercedes),44.26334,44.26334,Cloudy,0.3
91,2,Hamilton (Mercedes),43.87527,88.13861,Cloudy,0.3
91,3,Hamilton (Mercedes),44.3997,132.53831,Cloudy,0.3
91,4,Hamilton (Mercedes),43.9607,176.49901,Cloudy,0.3
91,5,Hamilton (Mercedes),43.93042,220.42943,Cloudy,0.3
91,1,Verstappen (Red Bull),43.82617,43.82617,Cloudy,0.3
91,2,Verstappen (Red Bull),44.35425,88.18043,Cloudy,0.3
91,3,Verstappen (Red Bull),43.77977,131.9602,Cloudy,0.3
91,4,Verstappen (Red Bull),42.4675,174.4277,Cloudy,0.3
91,5,Verstappen (Red Bull),43.63673,218.06443,Cloudy,0.3
91,1,Norris (McLaren),43.47389,43.47389,Cloudy,0.3
91,2,Norris (McLaren),43.43477,86.90866,Cloudy,0.3
91,3,Norris (McLaren),43.91485,130.82351,Cloudy,0.3
91,4,Norris (McLaren),43.1422,173.96571,Cloudy,0.3
91,5,Norris (McLaren),43.82074,217.78645,Cloudy,0.3
92,1,Hamilton (Mercedes),43.40637,43.40637,Cloudy,0.3
92,2,Hamilton (Mercedes),43.8432,87.24958,Cloudy,0.3
92,3,Hamilton (Mercedes),44.07311,131.32269,Cloudy,0.3
92,4,Hamilton (Mercedes),44.1548,175.47749,Cloudy,0.3
92,5,Hamilton (Mercedes),44.07498,219.55247,Cloudy,0.3
92,1,Verstappen (Red Bull),42.28863,42.28863,Cloudy,0.3
92,2,Verstappen (Red Bull),43.21388,85.50251,Cloudy,0.3
92,3,Verstappen (Red Bull),44.33734,129.83985,Cloudy,0.3
92,4,Verstappen (Red Bull),43.93588,173.77573,Cloudy,0.3
92,5,Verstappen (Red Bull),42.7951,216.57083,Cloudy,0.3
92,1,Norris (McLaren),44.82585,44.82585,Cloudy,0.3
92,2,Norris (McLaren),43.45946,88.28532,Cloudy,0.3
92,3,Norris (McLaren),43.99995,132.28526,Cloudy,0.3
92,4,Norris (McLaren),44.07689,176.36215,Cloudy,0.3
92,5,Norris (McLaren),45.01487,221.37703,Cloudy,0.3
93,1,Hamilton (Mercedes),43.98764,43.98764,Cloudy,0.3
93,2,Hamilton (Mercedes),43.75444,87.74209,Cloudy,0.3
93,3,Hamilton (Mercedes),43.14525,130.88733,Cloudy,0.3
93,4,Hamilton (Mercedes),44.02728,174.91461,Cloudy,0.3
93,5,Hamilton (Mercedes),43.22271,218.13733,Cloudy,0.3
93,1,Verstappen (Red Bull),43.33874,43.33874,Cloudy,0.3
93,2,Verstappen (Red Bull),43.16997,86.50871,Cloudy,0.3
93,3,Verstappen (Red Bull),43.17533,129.68404,Cloudy,0.3
93,4,Verstappen (Red Bull),43.45825,173.14229,Cloudy,0.3
93,5,Verstappen (Red Bull),43.43339,216.57567,Cloudy,0.3
93,1,Norris (McLaren),44.24293,44.24293,Cloudy,0.3
93,2,Norris (McLaren),43.80947,88.0524,Cloudy,0.3
93,3,Norris (McLaren),43.21197,131.26437,Cloudy,0.3
93,4,Norris (McLaren),43.73977,175.00414,Cloudy,0.3
93,5,Norris (McLaren),43.10224,218.10638,Cloudy,0.3
94,1,Hamilton (Mercedes),43.36803,43.36803,Cloudy,0.3
94,2,Hamilton (Mercedes),43.04885,86.41688,Cloudy,0.3
94,3,Hamilton (Mercedes),43.74322,130.1601,Cloudy,0.3
94,4,Hamilton (Mercedes),44.20479,174.36489,Cloudy,0.3
94,5,Hamilton (Mercedes),43.91359,218.27848,Cloudy,0.3
94,1,Verstappen (Red Bull),43.81581,43.81581,Cloudy,0.3
94,2,Verstappen (Red Bull),43.21444,87.03025,Cloudy,0.3
94,3,Verstappen (Red Bull),43.02325,130.0535,Cloudy,0.3
94,4,Verstappen (Red Bull),42.92775,172.98125,Cloudy,0.3
94,5,Verstappen (Red Bull),44.55123,217.53248,Cloudy,0.3
94,1,Norris (McLaren),42.97581,42.97581,Cloudy,0.3
94,2,Norris (McLaren),43.73287,86.70868,Cloudy,0.3
94,3,Norris (McLaren),43.78503,130.49371,Cloudy,0.3
94,4,Norris (McLaren),42.97246,173.46617,Cloudy,0.3
94,5,Norris (McLaren),43.47724,216.94341,Cloudy,0.3
95,1,Hamilton (Mercedes),43.71482,43.71482,Cloudy,0.3
95,2,Hamilton (Mercedes),43.12291,86.83773,Cloudy,0.3
95,3,Hamilton (Mercedes),44.30744,131.14517,Cloudy,0.3
95,4,Hamilton (Mercedes),43.17326,174.31843,Cloudy,0.3
95,5,Hamilton (Mercedes),43.83127,218.1497,Cloudy,0.3
95,1,Verstappen (Red Bull),43.22964,43.22964,Cloudy,0.3
95,2,Verstappen (Red Bull),42.47056,85.70021,Cloudy,0.3
95,3,Verstappen (Red Bull),43.40856,129.10876,Cloudy,0.3
95,4,Verstappen (Red Bull),42.8524,171.96116,Cloudy,0.3
95,5,Verstappen (Red Bull),42.6013,214.56246,Cloudy,0.3
95,1,Norris (McLaren),42.14817,42.14817,Cloudy,0.3
95,2,Norris (McLaren),42.81268,84.96084,Cloudy,0.3
95,3,Norris (McLaren),42.80941,127.77026,Cloudy,0.3
95,4,Norris (McLaren),42.16679,169.93704,Cloudy,0.3
95,5,Norris (McLaren),43.82607,213.76311,Cloudy,0.3
96,1,Hamilton (Mercedes),43.74763,43.74763,Cloudy,0.3
96,2,Hamilton (Mercedes),44.16576,87.91339,Cloudy,0.3
96,3,Hamilton (Mercedes),43.7726,131.68599,Cloudy,0.3
96,4,Hamilton (Mercedes),43.19344,174.87943,Cloudy,0.3
96,5,Hamilton (Mercedes),43.03008,217.90952,Cloudy,0.3
96,1,Verstappen (Red Bull),43.26389,43.26389,Cloudy,0.3
96,2,Verstappen (Red Bull),44.16718,87.43108,Cloudy,0.3
96,3,Verstappen (Red Bull),42.398,129.82907,Cloudy,0.3
96,4,Verstappen (Red Bull),43.00666,172.83573,Cloudy,0.3
96,5,Verstappen (Red Bull),43.47566,216.31139,Cloudy,0.3
96,1,Norris (McLaren),43.17967,43.17967,Cloudy,0.3
96,2,Norris (McLaren),44.39663,87.5763,Cloudy,0.3
96,3,Norris (McLaren),44.58433,132.16064,Cloudy,0.3
96,4,Norris (McLaren),44.70286,176.8635,Cloudy,0.3
96,5,Norris (McLaren),44.57428,221.43778,Cloudy,0.3
97,1,Hamilton (Mercedes),44.568,44.568,Cloudy,0.3
97,2,Hamilton (Mercedes),43.93929,88.5073,Cloudy,0.3
97,3,Hamilton (Mercedes),43.97575,132.48304,Cloudy,0.3
97,4,Hamilton (Mercedes),43.66969,176.15273,Cloudy,0.3
97,5,Hamilton (Mercedes),43.28685,219.43958,Cloudy,0.3
97,1,Verstappen (Red Bull),43.54712,43.54712,Cloudy,0.3
97,2,Verstappen (Red Bull),43.03123,86.57835,Cloudy,0.3
97,3,Verstappen (Red Bull),44.0161,130.59445,Cloudy,0.3
97,4,Verstappen (Red Bull),43.45288,174.04733,Cloudy,0.3
97,5,Verstappen (Red Bull),43.56879,217.61612,Cloudy,0.3
97,1,Norris (McLaren),44.02767,44.02767,Cloudy,0.3
97,2,Norris (McLaren),44.7062,88.73387,Cloudy,0.3
97,3,Norris (McLaren),44.00165,132.73552,Cloudy,0.3
97,4,Norris (McLaren),43.24592,175.98144,Cloudy,0.3
97,5,Norris (McLaren),44.25136,220.2328,Cloudy,0.3
98,1,Hamilton (Mercedes),44.07943,44.07943,Cloudy,0.3
98,2,Hamilton (Mercedes),42.78862,86.86805,Cloudy,0.3
98,3,Hamilton (Mercedes),42.58603,129.45407,Cloudy,0.3
98,4,Hamilton (Mercedes),43.55342,173.0075,Cloudy,0.3
98,5,Hamilton (Mercedes),44.38507,217.39257,Cloudy,0.3
98,1,Verstappen (Red Bull),43.42982,43.42982,Cloudy,0.3
98,2,Verstappen (Red Bull),43.09982,86.52963,Cloudy,0.3
98,3,Verstappen (Red Bull),44.46394,130.99357,Cloudy,0.3
98,4,Verstappen (Red Bull),42.68359,173.67716,Cloudy,0.3
98,5,Verstappen (Red Bull),43.69761,217.37477,Cloudy,0.3
98,1,Norris (McLaren),43.07917,43.07917,Cloudy,0.3
98,2,Norris (McLaren),43.7199,86.79906,Cloudy,0.3
98,3,Norris (McLaren),42.62492,129.42398,Cloudy,0.3
98,4,Norris (McLaren),43.76048,173.18446,Cloudy,0.3
98,5,Norris (McLaren),43.07328,216.25775,Cloudy,0.3
99,1,Hamilton (Mercedes),44.4718,44.4718,Cloudy,0.3
99,2,Hamilton (Mercedes),43.23936,87.71116,Cloudy,0.3
99,3,Hamilton (Mercedes),43.03023,130.74139,Cloudy,0.3
99,4,Hamilton (Mercedes),44.19531,174.93671,Cloudy,0.3
99,5,Hamilton (Mercedes),43.18096,218.11767,Cloudy,0.3
99,1,Verstappen (Red Bull),44.20818,44.20818,Cloudy,0.3
99,2,Verstappen (Red Bull),43.70284,87.91102,Cloudy,0.3
99,3,Verstappen (Red Bull),42.65164,130.56266,Cloudy,0.3
99,4,Verstappen (Red Bull),42.83604,173.3987,Cloudy,0.3
99,5,Verstappen (Red Bull),43.03197,216.43067,Cloudy,0.3
99,1,Norris (McLaren),43.16233,43.16233,Cloudy,0.3
99,2,Norris (McLaren),42.9583,86.12064,Cloudy,0.3
99,3,Norris (McLaren),43.23128,129.35192,Cloudy,0.3
99,4,Norris (McLaren),43.9381,173.29002,Cloudy,0.3
99,5,Norris (McLaren),42.81246,216.10248,Cloudy,0.3
100,1,Hamilton (Mercedes),43.7137,43.7137,Cloudy,0.3
100,2,Hamilton (Mercedes),43.90003,87.61372,Cloudy,0.3
100,3,Hamilton (Mercedes),43.91757,131.5313,Cloudy,0.3
100,4,Hamilton (Mercedes),45.03507,176.56636,Cloudy,0.3
100,5,Hamilton (Mercedes),44.15028,220.71664,Cloudy,0.3
100,1,Verstappen (Red Bull),43.8214,43.8214,Cloudy,0.3
100,2,Verstappen (Red Bull),43.18913,87.01054,Cloudy,0.3
100,3,Verstappen (Red Bull),43.83944,130.84997,Cloudy,0.3
100,4,Verstappen (Red Bull),42.65029,173.50026,Cloudy,0.3
100,5,Verstappen (Red Bull),43.75173,217.252,Cloudy,0.3
100,1,Norris (McLaren),44.16078,44.16078,Cloudy,0.3
100,2,Norris (McLaren),44.19557,88.35635,Cloudy,0.3
100,3,Norris (McLaren),43.91375,132.2701,Cloudy,0.3
100,4,Norris (McLaren),42.74864,175.01874,Cloudy,0.3
100,5,Norris (McLaren),42.98386,218.0026,Cloudy,0.3
101,1,Hamilton (Mercedes),44.38151,44.38151,Cloudy,0.3
101,2,Hamilton (Mercedes),43.35431,87.73582,Cloudy,0.3
101,3,Hamilton (Mercedes),44.44836,132.18417,Cloudy,0.3
101,4,Hamilton (Mercedes),43.76669,175.95086,Cloudy,0.3
101,5,Hamilton (Mercedes),42.99578,218.94664,Cloudy,0.3
101,1,Verstappen (Red Bull),42.85861,42.85861,Cloudy,0.3
101,2,Verstappen (Red Bull),43.19215,86.05076,Cloudy,0.3
101,3,Verstappen (Red Bull),45.1223,131.17306,Cloudy,0.3
101,4,Verstappen (Red Bull),43.99144,175.1645,Cloudy,0.3
101,5,Verstappen (Red Bull),43.88817,219.05267,Cloudy,0.3
101,1,Norris (McLaren),42.42863,42.42863,Cloudy,0.3
101,2,Norris (McLaren),43.48544,85.91406,Cloudy,0.3
101,3,Norris (McLaren),43.09615,129.01022,Cloudy,0.3
101,4,Norris (McLaren),43.88906,172.89928,Cloudy,0.3
101,5,Norris (McLaren),43.49974,216.39902,Cloudy,0.3
102,1,Hamilton (Mercedes),43.90966,43.90966,Cloudy,0.3
102,2,Hamilton (Mercedes),44.69306,88.60271,Cloudy,0.3
102,3,Hamilton (Mercedes),43.3153,131.91801,Cloudy,0.3
102,4,Hamilton (Mercedes),43.94817,175.86618,Cloudy,0.3
102,5,Hamilton (Mercedes),43.30399,219.17016,Cloudy,0.3
102,1,Verstappen (Red Bull),44.19469,44.19469,Cloudy,0.3
102,2,Verstappen (Red Bull),44.5712,88.76589,Cloudy,0.3
102,3,Verstappen (Red Bull),44.29243,133.05832,Cloudy,0.3
102,4,Verstappen (Red Bull),43.83018,176.88851,Cloudy,0.3
102,5,Verstappen (Red Bull),43.02845,219.91696,Cloudy,0.3
102,1,Norris (McLaren),43.15855,43.15855,Cloudy,0.3
102,2,Norris (McLaren),44.42846,87.58702,Cloudy,0.3
102,3,Norris (McLaren),43.09324,130.68025,Cloudy,0.3
102,4,Norris (McLaren),45.15562,175.83587,Cloudy,0.3
102,5,Norris (McLaren),43.79911,219.63498,Cloudy,0.3
103,1,Hamilton (Mercedes),44.65885,44.65885,Cloudy,0.3
103,2,Hamilton (Mercedes),43.63722,88.29607,Cloudy,0.3
103,3,Hamilton (Mercedes),43.93509,132.23116,Cloudy,0.3
103,4,Hamilton (Mercedes),44.33563,176.56679,Cloudy,0.3
103,5,Hamilton (Mercedes),43.74373,220.31052,Cloudy,0.3
103,1,Verstappen (Red Bull),43.69436,43.69436,Cloudy,0.3
103,2,Verstappen (Red Bull),43.17158,86.86594,Cloudy,0.3
103,3,Verstappen (Red Bull),43.50655,130.37248,Cloudy,0.3
103,4,Verstappen (Red Bull),42.61406,172.98654,Cloudy,0.3
103,5,Verstappen (Red Bull),42.66069,215.64723,Cloudy,0.3
103,1,Norris (McLaren),43.45546,43.45546,Cloudy,0.3
103,2,Norris (McLaren),44.07241,87.52786,Cloudy,0.3
103,3,Norris (McLaren),43.96044,131.4883,Cloudy,0.3
103,4,Norris (McLaren),43.46314,174.95145,Cloudy,0.3
103,5,Norris (McLaren),42.98344,217.93489,Cloudy,0.3
104,1,Hamilton (Mercedes),44.21386,44.21386,Cloudy,0.3
104,2,Hamilton (Mercedes),44.71243,88.92629,Cloudy,0.3
104,3,Hamilton (Mercedes),44.18961,133.1159,Cloudy,0.3
104,4,Hamilton (Mercedes),43.22029,176.33619,Cloudy,0.3
104,5,Hamilton (Mercedes),43.28294,219.61913,Cloudy,0.3
104,1,Verstappen (Red Bull),43.09574,43.09574,Cloudy,0.3
104,2,Verstappen (Red Bull),44.44971,87.54545,Cloudy,0.3
104,3,Verstappen (Red Bull),42.89652,130.44197,Cloudy,0.3
104,4,Verstappen (Red Bull),42.58874,173.03071,Cloudy,0.3
104,5,Verstappen (Red Bull),42.56593,215.59664,Cloudy,0.3
104,1,Norris (McLaren),43.65572,43.65572,Cloudy,0.3
104,2,Norris (McLaren),42.9891,86.64482,Cloudy,0.3
104,3,Norris (McLaren),43.70688,130.3517,Cloudy,0.3
104,4,Norris (McLaren),44.16332,174.51502,Cloudy,0.3
104,5,Norris (McLaren),43.62243,218.13745,Cloudy,0.3
105,1,Hamilton (Mercedes),43.88249,43.88249,Cloudy,0.3
105,2,Hamilton (Mercedes),44.22978,88.11228,Cloudy,0.3
105,3,Hamilton (Mercedes),44.32004,132.43231,Cloudy,0.3
105,4,Hamilton (Mercedes),44.03892,176.47124,Cloudy,0.3
105,5,Hamilton (Mercedes),44.28344,220.75468,Cloudy,0.3
105,1,Verstappen (Red Bull),43.24974,43.24974,Cloudy,0.3
105,2,Verstappen (Red Bull),43.80045,87.05019,Cloudy,0.3
105,3,Verstappen (Red Bull),42.74101,129.7912,Cloudy,0.3
105,4,Verstappen (Red Bull),43.04876,172.83996,Cloudy,0.3
105,5,Verstappen (Red Bull),43.79218,216.63213,Cloudy,0.3
105,1,Norris (McLaren),43.07755,43.07755,Cloudy,0.3
105,2,Norris (McLaren),43.24802,86.32557,Cloudy,0.3
105,3,Norris (McLaren),44.59031,130.91588,Cloudy,0.3
105,4,Norris (McLaren),43.59643,174.51231,Cloudy,0.3
105,5,Norris (McLaren),44.01821,218.53051,Cloudy,0.3
106,1,Hamilton (Mercedes),43.98314,43.98314,Cloudy,0.3
106,2,Hamilton (Mercedes),44.03047,88.01361,Cloudy,0.3
106,3,Hamilton (Mercedes),43.79204,131.80565,Cloudy,0.3
106,4,Hamilton (Mercedes),44.30289,176.10853,Cloudy,0.3
106,5,Hamilton (Mercedes),44.30855,220.41708,Cloudy,0.3
106,1,Verstappen (Red Bull),43.83056,43.83056,Cloudy,0.3
106,2,Verstappen (Red Bull),43.14388,86.97445,Cloudy,0.3
106,3,Verstappen (Red Bull),42.67983,129.65428,Cloudy,0.3
106,4,Verstappen (Red Bull),44.05031,173.70459,Cloudy,0.3
106,5,Verstappen (Red Bull),42.87029,216.57488,Cloudy,0.3
106,1,Norris (McLaren),42.62559,42.62559,Cloudy,0.3
106,2,Norris (McLaren),43.42333,86.04892,Cloudy,0.3
106,3,Norris (McLaren),44.05116,130.10009,Cloudy,0.3
106,4,Norris (McLaren),43.88876,173.98884,Cloudy,0.3
106,5,Norris (McLaren),43.18668,217.17552,Cloudy,0.3
107,1,Hamilton (Mercedes),43.80841,43.80841,Cloudy,0.3
107,2,Hamilton (Mercedes),42.93773,86.74614,Cloudy,0.3
107,3,Hamilton (Mercedes),43.62747,130.37361,Cloudy,0.3
107,4,Hamilton (Mercedes),44.52318,174.89679,Cloudy,0.3
107,5,Hamilton (Mercedes),43.87871,218.7755,Cloudy,0.3
107,1,Verstappen (Red Bull),44.13475,44.13475,Cloudy,0.3
107,2,Verstappen (Red Bull),43.81127,87.94602,Cloudy,0.3
107,3,Verstappen (Red Bull),43.63336,131.57938,Cloudy,0.3
107,4,Verstappen (Red Bull),42.66548,174.24487,Cloudy,0.3
107,5,Verstappen (Red Bull),42.91677,217.16164,Cloudy,0.3
107,1,Norris (McLaren),42.85357,42.85357,Cloudy,0.3
107,2,Norris (McLaren),43.19007,86.04365,Cloudy,0.3
107,3,Norris (McLaren),43.49031,129.53395,Cloudy,0.3
107,4,Norris (McLaren),43.53456,173.06851,Cloudy,0.3
107,5,Norris (McLaren),44.37773,217.44624,Cloudy,0.3
108,1,Hamilton (Mercedes),42.37712,42.37712,Cloudy,0.3
108,2,Hamilton (Mercedes),43.72266,86.09979,Cloudy,0.3
108,3,Hamilton (Mercedes),42.78954,128.88932,Cloudy,0.3
108,4,Hamilton (Mercedes),44.26126,173.15058,Cloudy,0.3
108,5,Hamilton (Mercedes),43.82323,216.97381,Cloudy,0.3
108,1,Verstappen (Red Bull),43.15154,43.15154,Cloudy,0.3
108,2,Verstappen (Red Bull),44.53558,87.68712,Cloudy,0.3
108,3,Verstappen (Red Bull),43.92263,131.60974,Cloudy,0.3
108,4,Verstappen (Red Bull),43.38455,174.99429,Cloudy,0.3
108,5,Verstappen (Red Bull),43.29642,218.29072,Cloudy,0.3
108,1,Norris (McLaren),44.36122,44.36122,Cloudy,0.3
108,2,Norris (McLaren),43.19948,87.5607,Cloudy,0.3
108,3,Norris (McLaren),44.20644,131.76714,Cloudy,0.3
108,4,Norris (McLaren),44.17577,175.94292,Cloudy,0.3
108,5,Norris (McLaren),42.73618,218.6791,Cloudy,0.3
109,1,Hamilton (Mercedes),43.73196,43.73196,Cloudy,0.3
109,2,Hamilton (Mercedes),42.80435,86.53631,Cloudy,0.3
109,3,Hamilton (Mercedes),43.70378,130.24009,Cloudy,0.3
109,4,Hamilton (Mercedes),43.8001,174.04019,Cloudy,0.3
109,5,Hamilton (Mercedes),43.13199,217.17218,Cloudy,0.3
109,1,Verstappen (Red Bull),43.10703,43.10703,Cloudy,0.3
109,2,Verstappen (Red Bull),43.80821,86.91524,Cloudy,0.3
109,3,Verstappen (Red Bull),43.43402,130.34926,Cloudy,0.3
109,4,Verstappen (Red Bull),43.84337,174.19263,Cloudy,0.3
109,5,Verstappen (Red Bull),42.84667,217.0393,Cloudy,0.3
109,1,Norris (McLaren),43.74301,43.74301,Cloudy,0.3
109,2,Norris (McLaren),44.21894,87.96195,Cloudy,0.3
109,3,Norris (McLaren),42.22037,130.18232,Cloudy,0.3
109,4,Norris (McLaren),43.55042,173.73273,Cloudy,0.3
109,5,Norris (McLaren),44.39003,218.12276,Cloudy,0.3
110,1,Hamilton (Mercedes),44.11908,44.11908,Cloudy,0.3
110,2,Hamilton (Mercedes),43.99869,88.11777,Cloudy,0.3
110,3,Hamilton (Mercedes),44.19088,132.30865,Cloudy,0.3
110,4,Hamilton (Mercedes),44.54528,176.85393,Cloudy,0.3
110,5,Hamilton (Mercedes),44.03575,220.88968,Cloudy,0.3
110,1,Verstappen (Red Bull),42.54281,42.54281,Cloudy,0.3
110,2,Verstappen (Red Bull),44.03778,86.5806,Cloudy,0.3
110,3,Verstappen (Red Bull),43.62595,130.20655,Cloudy,0.3
110,4,Verstappen (Red Bull),43.55509,173.76163,Cloudy,0.3
110,5,Verstappen (Red Bull),43.45579,217.21742,Cloudy,0.3
110,1,Norris (McLaren),44.4062,44.4062,Cloudy,0.3
110,2,Norris (McLaren),42.93088,87.33709,Cloudy,0.3
110,3,Norris (McLaren),44.15664,131.49372,Cloudy,0.3
110,4,Norris (McLaren),43.72824,175.22197,Cloudy,0.3
110,5,Norris (McLaren),42.31272,217.53468,Cloudy,0.3
111,1,Hamilton (Mercedes),43.27401,43.27401,Cloudy,0.3
111,2,Hamilton (Mercedes),43.34864,86.62265,Cloudy,0.3
111,3,Hamilton (Mercedes),44.14146,130.76411,Cloudy,0.3
111,4,Hamilton (Mercedes),43.19757,173.96168,Cloudy,0.3
111,5,Hamilton (Mercedes),44.6015,218.56318,Cloudy,0.3
111,1,Verstappen (Red Bull),43.04569,43.04569,Cloudy,0.3
111,2,Verstappen (Red Bull),43.9839,87.02959,Cloudy,0.3
111,3,Verstappen (Red Bull),43.19283,130.22242,Cloudy,0.3
111,4,Verstappen (Red Bull),43.41517,173.63759,Cloudy,0.3
111,5,Verstappen (Red Bull),44.48218,218.11977,Cloudy,0.3
111,1,Norris (McLaren),43.07861,43.07861,Cloudy,0.3
111,2,Norris (McLaren),43.99866,87.07727,Cloudy,0.3
111,3,Norris (McLaren),42.691,129.76828,Cloudy,0.3
111,4,Norris (McLaren),43.37558,173.14386,Cloudy,0.3
111,5,Norris (McLaren),42.52289,215.66675,Cloudy,0.3
112,1,Hamilton (Mercedes),43.98782,43.98782,Cloudy,0.3
112,2,Hamilton (Mercedes),42.96554,86.95335,Cloudy,0.3
112,3,Hamilton (Mercedes),44.26187,131.21522,Cloudy,0.3
112,4,Hamilton (Mercedes),43.97822,175.19344,Cloudy,0.3
112,5,Hamilton (Mercedes),44.26652,219.45996,Cloudy,0.3
112,1,Verstappen (Red Bull),43.83406,43.83406,Cloudy,0.3
112,2,Verstappen (Red Bull),43.17752,87.01157,Cloudy,0.3
112,3,Verstappen (Red Bull),43.2964,130.30798,Cloudy,0.3
112,4,Verstappen (Red Bull),43.96318,174.27115,Cloudy,0.3
112,5,Verstappen (Red Bull),43.70634,217.9775,Cloudy,0.3
112,1,Norris (McLaren),43.65163,43.65163,Cloudy,0.3
112,2,Norris (McLaren),43.41062,87.06225,Cloudy,0.3
112,3,Norris (McLaren),45.32807,132.39032,Cloudy,0.3
112,4,Norris (McLaren),42.81205,175.20237,Cloudy,0.3
112,5,Norris (McLaren),43.57478,218.77716,Cloudy,0.3
113,1,Hamilton (Mercedes),44.48772,44.48772,Cloudy,0.3
113,2,Hamilton (Mercedes),44.09805,88.58577,Cloudy,0.3
113,3,Hamilton (Mercedes),43.30804,131.8938,Cloudy,0.3
113,4,Hamilton (Mercedes),43.57176,175.46556,Cloudy,0.3
113,5,Hamilton (Mercedes),44.75034,220.2159,Cloudy,0.3
113,1,Verstappen (Red Bull),44.05209,44.05209,Cloudy,0.3
113,2,Verstappen (Red Bull),42.96354,87.01563,Cloudy,0.3
113,3,Verstappen (Red Bull),42.42736,129.44299,Cloudy,0.3
113,4,Verstappen (Red Bull),43.43434,172.87733,Cloudy,0.3
113,5,Verstappen (Red Bull),44.34257,217.21991,Cloudy,0.3
113,1,Norris (McLaren),43.93215,43.93215,Cloudy,0.3
113,2,Norris (McLaren),43.90401,87.83616,Cloudy,0.3
113,3,Norris (McLaren),43.55303,131.38919,Cloudy,0.3
113,4,Norris (McLaren),43.62192,175.01111,Cloudy,0.3
113,5,Norris (McLaren),43.69627,218.70737,Cloudy,0.3
114,1,Hamilton (Mercedes),43.52919,43.52919,Cloudy,0.3
114,2,Hamilton (Mercedes),43.66861,87.1978,Cloudy,0.3
114,3,Hamilton (Mercedes),43.16964,130.36744,Cloudy,0.3
114,4,Hamilton (Mercedes),44.30048,174.66792,Cloudy,0.3
114,5,Hamilton (Mercedes),43.76668,218.4346,Cloudy,0.3
114,1,Verstappen (Red Bull),44.05942,44.05942,Cloudy,0.3
114,2,Verstappen (Red Bull),43.32241,87.38183,Cloudy,0.3
114,3,Verstappen (Red Bull),44.71,132.09183,Cloudy,0.3
114,4,Verstappen (Red Bull),43.60121,175.69304,Cloudy,0.3
114,5,Verstappen (Red Bull),42.3491,218.04214,Cloudy,0.3
114,1,Norris (McLaren),42.85673,42.85673,Cloudy,0.3
114,2,Norris (McLaren),42.68605,85.54278,Cloudy,0.3
114,3,Norris (McLaren),43.07385,128.61663,Cloudy,0.3
114,4,Norris (McLaren),42.13418,170.75081,Cloudy,0.3
114,5,Norris (McLaren),43.7029,214.45371,Cloudy,0.3
115,1,Hamilton (Mercedes),44.06877,44.06877,Cloudy,0.3
115,2,Hamilton (Mercedes),43.25427,87.32304,Cloudy,0.3
115,3,Hamilton (Mercedes),43.6238,130.94684,Cloudy,0.3
115,4,Hamilton (Mercedes),43.64239,174.58923,Cloudy,0.3
115,5,Hamilton (Mercedes),44.11512,218.70435,Cloudy,0.3
115,1,Verstappen (Red Bull),44.65159,44.65159,Cloudy,0.3
115,2,Verstappen (Red Bull),43.22453,87.87612,Cloudy,0.3
115,3,Verstappen (Red Bull),43.73948,131.6156,Cloudy,0.3
115,4,Verstappen (Red Bull),43.26387,174.87947,Cloudy,0.3
115,5,Verstappen (Red Bull),43.85868,218.73815,Cloudy,0.3
115,1,Norris (McLaren),43.79722,43.79722,Cloudy,0.3
115,2,Norris (McLaren),42.71228,86.5095,Cloudy,0.3
115,3,Norris (McLaren),42.74064,129.25014,Cloudy,0.3
115,4,Norris (McLaren),42.37917,171.62931,Cloudy,0.3
115,5,Norris (McLaren),42.74232,214.37163,Cloudy,0.3
116,1,Hamilton (Mercedes),43.65768,43.65768,Cloudy,0.3
116,2,Hamilton (Mercedes),43.33305,86.99073,Cloudy,0.3
116,3,Hamilton (Mercedes),43.8926,130.88333,Cloudy,0.3
116,4,Hamilton (Mercedes),44.33692,175.22025,Cloudy,0.3
116,5,Hamilton (Mercedes),43.46836,218.68861,Cloudy,0.3
116,1,Verstappen (Red Bull),43.39211,43.39211,Cloudy,0.3
116,2,Verstappen (Red Bull),42.05087,85.44299,Cloudy,0.3
116,3,Verstappen (Red Bull),43.19087,128.63385,Cloudy,0.3
116,4,Verstappen (Red Bull),42.61775,171.2516,Cloudy,0.3
116,5,Verstappen (Red Bull),43.1077,214.35929,Cloudy,0.3
116,1,Norris (McLaren),43.46125,43.46125,Cloudy,0.3
116,2,Norris (McLaren),42.91572,86.37697,Cloudy,0.3
116,3,Norris (McLaren),45.09823,131.4752,Cloudy,0.3
116,4,Norris (McLaren),44.33543,175.81063,Cloudy,0.3
116,5,Norris (McLaren),42.92592,218.73654,Cloudy,0.3
117,1,Hamilton (Mercedes),43.47466,43.47466,Cloudy,0.3
117,2,Hamilton (Mercedes),44.60607,88.08073,Cloudy,0.3
117,3,Hamilton (Mercedes),44.46179,132.54252,Cloudy,0.3
117,4,Hamilton (Mercedes),44.42986,176.97238,Cloudy,0.3
117,5,Hamilton (Mercedes),45.20417,222.17655,Cloudy,0.3
117,1,Verstappen (Red Bull),42.89082,42.89082,Cloudy,0.3
117,2,Verstappen (Red Bull),43.59395,86.48477,Cloudy,0.3
117,3,Verstappen (Red Bull),43.03769,129.52246,Cloudy,0.3
117,4,Verstappen (Red Bull),42.95614,172.4786,Cloudy,0.3
117,5,Verstappen (Red Bull),43.42003,215.89863,Cloudy,0.3
117,1,Norris (McLaren),44.63473,44.63473,Cloudy,0.3
117,2,Norris (McLaren),43.05016,87.68489,Cloudy,0.3
117,3,Norris (McLaren),44.24394,131.92882,Cloudy,0.3
117,4,Norris (McLaren),43.57801,175.50683,Cloudy,0.3
117,5,Norris (McLaren),42.40573,217.91257,Cloudy,0.3
118,1,Hamilton (Mercedes),44.27368,44.27368,Cloudy,0.3
118,2,Hamilton (Mercedes),43.52756,87.80123,Cloudy,0.3
118,3,Hamilton (Mercedes),43.78345,131.58468,Cloudy,0.3
118,4,Hamilton (Mercedes),44.03297,175.61765,Cloudy,0.3
118,5,Hamilton (Mercedes),43.99917,219.61682,Cloudy,0.3
118,1,Verstappen (Red Bull),43.70759,43.70759,Cloudy,0.3
118,2,Verstappen (Red Bull),43.39327,87.10087,Cloudy,0.3
118,3,Verstappen (Red Bull),42.97305,130.07392,Cloudy,0.3
118,4,Verstappen (Red Bull),44.00971,174.08363,Cloudy,0.3
118,5,Verstappen (Red Bull),43.5546,217.63823,Cloudy,0.3
118,1,Norris (McLaren),43.62694,43.62694,Cloudy,0.3
118,2,Norris (McLaren),43.74943,87.37637,Cloudy,0.3
118,3,Norris (McLaren),43.66345,131.03982,Cloudy,0.3
118,4,Norris (McLaren),43.73011,174.76993,Cloudy,0.3
118,5,Norris (McLaren),42.61475,217.38468,Cloudy,0.3
119,1,Hamilton (Mercedes),43.43838,43.43838,Cloudy,0.3
119,2,Hamilton (Mercedes),44.35422,87.7926,Cloudy,0.3
119,3,Hamilton (Mercedes),44.13774,131.93034,Cloudy,0.3
119,4,Hamilton (Mercedes),43.65111,175.58145,Cloudy,0.3
119,5,Hamilton (Mercedes),44.20418,219.78564,Cloudy,0.3
119,1,Verstappen (Red Bull),43.16864,43.16864,Cloudy,0.3
119,2,Verstappen (Red Bull),43.50859,86.67724,Cloudy,0.3
119,3,Verstappen (Red Bull),42.16572,128.84296,Cloudy,0.3
119,4,Verstappen (Red Bull),43.78896,172.63192,Cloudy,0.3
119,5,Verstappen (Red Bull),43.51849,216.15041,Cloudy,0.3
119,1,Norris (McLaren),42.8998,42.8998,Cloudy,0.3
119,2,Norris (McLaren),45.02791,87.9277,Cloudy,0.3
119,3,Norris (McLaren),44.65534,132.58304,Cloudy,0.3
119,4,Norris (McLaren),44.76718,177.35022,Cloudy,0.3
119,5,Norris (McLaren),43.30958,220.6598,Cloudy,0.3
120,1,Hamilton (Mercedes),43.88064,43.88064,Cloudy,0.3
120,2,Hamilton (Mercedes),44.03625,87.91689,Cloudy,0.3
120,3,Hamilton (Mercedes),43.50034,131.41723,Cloudy,0.3
120,4,Hamilton (Mercedes),44.71597,176.1332,Cloudy,0.3
120,5,Hamilton (Mercedes),44.07365,220.20685,Cloudy,0.3
120,1,Verstappen (Red Bull),42.11281,42.11281,Cloudy,0.3
120,2,Verstappen (Red Bull),43.76159,85.8744,Cloudy,0.3
120,3,Verstappen (Red Bull),44.44667,130.32108,Cloudy,0.3
120,4,Verstappen (Red Bull),42.9698,173.29087,Cloudy,0.3
120,5,Verstappen (Red Bull),43.91421,217.20508,Cloudy,0.3
120,1,Norris (McLaren),43.79586,43.79586,Cloudy,0.3
120,2,Norris (McLaren),44.47075,88.26661,Cloudy,0.3
120,3,Norris (McLaren),43.13789,131.4045,Cloudy,0.3
120,4,Norris (McLaren),42.78973,174.19423,Cloudy,0.3
120,5,Norris (McLaren),43.7106,217.90482,Cloudy,0.3
121,1,Hamilton (Mercedes),45.01661,45.01661,Cloudy,0.3
121,2,Hamilton (Mercedes),43.3182,88.33481,Cloudy,0.3
121,3,Hamilton (Mercedes),42.44093,130.77573,Cloudy,0.3
121,4,Hamilton (Mercedes),45.1245,175.90023,Cloudy,0.3
121,5,Hamilton (Mercedes),42.47229,218.37252,Cloudy,0.3
121,1,Verstappen (Red Bull),42.95374,42.95374,Cloudy,0.3
121,2,Verstappen (Red Bull),42.12146,85.0752,Cloudy,0.3
121,3,Verstappen (Red Bull),42.8391,127.91431,Cloudy,0.3
121,4,Verstappen (Red Bull),43.36681,171.28112,Cloudy,0.3
121,5,Verstappen (Red Bull),41.95968,213.2408,Cloudy,0.3
121,1,Norris (McLaren),42.89085,42.89085,Cloudy,0.3
121,2,Norris (McLaren),43.45526,86.34611,Cloudy,0.3
121,3,Norris (McLaren),43.24956,129.59567,Cloudy,0.3
121,4,Norris (McLaren),43.40684,173.0025,Cloudy,0.3
121,5,Norris (McLaren),43.87747,216.87998,Cloudy,0.3
122,1,Hamilton (Mercedes),43.90232,43.90232,Cloudy,0.3
122,2,Hamilton (Mercedes),43.67423,87.57655,Cloudy,0.3
122,3,Hamilton (Mercedes),43.94431,131.52086,Cloudy,0.3
122,4,Hamilton (Mercedes),44.17163,175.69249,Cloudy,0.3
122,5,Hamilton (Mercedes),43.44935,219.14185,Cloudy,0.3
122,1,Verstappen (Red Bull),42.94246,42.94246,Cloudy,0.3
122,2,Verstappen (Red Bull),43.46424,86.40669,Cloudy,0.3
122,3,Verstappen (Red Bull),43.69661,130.1033,Cloudy,0.3
122,4,Verstappen (Red Bull),42.24905,172.35235,Cloudy,0.3
122,5,Verstappen (Red Bull),44.29092,216.64327,Cloudy,0.3
122,1,Norris (McLaren),43.28176,43.28176,Cloudy,0.3
122,2,Norris (McLaren),44.08394,87.3657,Cloudy,0.3
122,3,Norris (McLaren),44.94484,132.31055,Cloudy,0.3
122,4,Norris (McLaren),43.55777,175.86831,Cloudy,0.3
122,5,Norris (McLaren),43.95941,219.82772,Cloudy,0.3
123,1,Hamilton (Mercedes),43.9497,43.9497,Cloudy,0.3
123,2,Hamilton (Mercedes),44.12579,88.07549,Cloudy,0.3
123,3,Hamilton (Mercedes),43.82381,131.8993,Cloudy,0.3
123,4,Hamilton (Mercedes),44.22876,176.12807,Cloudy,0.3
123,5,Hamilton (Mercedes),43.8387,219.96676,Cloudy,0.3
123,1,Verstappen (Red Bull),43.99785,43.99785,Cloudy,0.3
123,2,Verstappen (Red Bull),43.41157,87.40942,Cloudy,0.3
123,3,Verstappen (Red Bull),43.60978,131.0192,Cloudy,0.3
123,4,Verstappen (Red Bull),43.3732,174.3924,Cloudy,0.3
123,5,Verstappen (Red Bull),42.59079,216.98318,Cloudy,0.3
123,1,Norris (McLaren),44.68857,44.68857,Cloudy,0.3
123,2,Norris (McLaren),44.29373,88.9823,Cloudy,0.3
123,3,Norris (McLaren),44.03344,133.01574,Cloudy,0.3
123,4,Norris (McLaren),45.01394,178.02968,Cloudy,0.3
123,5,Norris (McLaren),44.42113,222.45081,Cloudy,0.3
124,1,Hamilton (Mercedes),43.48969,43.48969,Cloudy,0.3
124,2,Hamilton (Mercedes),43.87366,87.36335,Cloudy,0.3
124,3,Hamilton (Mercedes),43.87798,131.24134,Cloudy,0.3
124,4,Hamilton (Mercedes),43.92719,175.16852,Cloudy,0.3
124,5,Hamilton (Mercedes),44.22743,219.39595,Cloudy,0.3
124,1,Verstappen (Red Bull),43.25105,43.25105,Cloudy,0.3
124,2,Verstappen (Red Bull),42.79072,86.04177,Cloudy,0.3
124,3,Verstappen (Red Bull),42.57432,128.61609,Cloudy,0.3
124,4,Verstappen (Red Bull),42.41803,171.03412,Cloudy,0.3
124,5,Verstappen (Red Bull),44.18259,215.21672,Cloudy,0.3
124,1,Norris (McLaren),43.64652,43.64652,Cloudy,0.3
124,2,Norris (McLaren),42.72769,86.37421,Cloudy,0.3
124,3,Norris (McLaren),44.25382,130.62804,Cloudy,0.3
124,4,Norris (McLaren),44.54909,175.17712,Cloudy,0.3
124,5,Norris (McLaren),42.99038,218.1675,Cloudy,0.3
125,1,Hamilton (Mercedes),43.9288,43.9288,Cloudy,0.3
125,2,Hamilton (Mercedes),43.51933,87.44812,Cloudy,0.3
125,3,Hamilton (Mercedes),43.9995,131.44762,Cloudy,0.3
125,4,Hamilton (Mercedes),44.53777,175.98539,Cloudy,0.3
125,5,Hamilton (Mercedes),43.94585,219.93124,Cloudy,0.3
125,1,Verstappen (Red Bull),42.88288,42.88288,Cloudy,0.3
125,2,Verstappen (Red Bull),43.45331,86.3362,Cloudy,0.3
125,3,Verstappen (Red Bull),42.24659,128.58279,Cloudy,0.3
125,4,Verstappen (Red Bull),44.40329,172.98608,Cloudy,0.3
125,5,Verstappen (Red Bull),42.7985,215.78458,Cloudy,0.3
125,1,Norris (McLaren),44.64993,44.64993,Cloudy,0.3
125,2,Norris (McLaren),43.77389,88.42382,Cloudy,0.3
125,3,Norris (McLaren),42.56698,130.9908,Cloudy,0.3
125,4,Norris (McLaren),43.16241,174.15321,Cloudy,0.3
125,5,Norris (McLaren),43.28656,217.43977,Cloudy,0.3
126,1,Hamilton (Mercedes),43.68035,43.68035,Cloudy,0.3
126,2,Hamilton (Mercedes),44.39781,88.07816,Cloudy,0.3
126,3,Hamilton (Mercedes),43.76018,131.83834,Cloudy,0.3
126,4,Hamilton (Mercedes),44.23247,176.07081,Cloudy,0.3
126,5,Hamilton (Mercedes),43.73538,219.8062,Cloudy,0.3
126,1,Verstappen (Red Bull),43.23355,43.23355,Cloudy,0.3
126,2,Verstappen (Red Bull),42.46416,85.69771,Cloudy,0.3
126,3,Verstappen (Red Bull),44.11237,129.81009,Cloudy,0.3
126,4,Verstappen (Red Bull),43.47562,173.2857,Cloudy,0.3
126,5,Verstappen (Red Bull),43.41772,216.70343,Cloudy,0.3
126,1,Norris (McLaren),44.0837,44.0837,Cloudy,0.3
126,2,Norris (McLaren),43.04227,87.12597,Cloudy,0.3
126,3,Norris (McLaren),44.20454,131.33051,Cloudy,0.3
126,4,Norris (McLaren),43.28001,174.61052,Cloudy,0.3
126,5,Norris (McLaren),43.0029,217.61342,Cloudy,0.3
127,1,Hamilton (Mercedes),43.29127,43.29127,Cloudy,0.3
127,2,Hamilton (Mercedes),42.69687,85.98814,Cloudy,0.3
127,3,Hamilton (Mercedes),43.51226,129.5004,Cloudy,0.3
127,4,Hamilton (Mercedes),43.36926,172.86966,Cloudy,0.3
127,5,Hamilton (Mercedes),43.41952,216.28919,Cloudy,0.3
127,1,Verstappen (Red Bull),44.45817,44.45817,Cloudy,0.3
127,2,Verstappen (Red Bull),43.33867,87.79685,Cloudy,0.3
127,3,Verstappen (Red Bull),43.09959,130.89644,Cloudy,0.3
127,4,Verstappen (Red Bull),43.853,174.74944,Cloudy,0.3
127,5,Verstappen (Red Bull),42.61859,217.36803,Cloudy,0.3
127,1,Norris (McLaren),43.37287,43.37287,Cloudy,0.3
127,2,Norris (McLaren),42.25859,85.63146,Cloudy,0.3
127,3,Norris (McLaren),44.75448,130.38593,Cloudy,0.3
127,4,Norris (McLaren),43.72664,174.11258,Cloudy,0.3
127,5,Norris (McLaren),43.06139,217.17397,Cloudy,0.3
128,1,Hamilton (Mercedes),43.81532,43.81532,Cloudy,0.3
128,2,Hamilton (Mercedes),44.22464,88.03996,Cloudy,0.3
128,3,Hamilton (Mercedes),43.91525,131.95521,Cloudy,0.3
128,4,Hamilton (Mercedes),44.00548,175.96069,Cloudy,0.3
128,5,Hamilton (Mercedes),44.24176,220.20245,Cloudy,0.3
128,1,Verstappen (Red Bull),43.12561,43.12561,Cloudy,0.3
128,2,Verstappen (Red Bull),44.12549,87.2511,Cloudy,0.3
128,3,Verstappen (Red Bull),43.67063,130.92173,Cloudy,0.3
128,4,Verstappen (Red Bull),43.30089,174.22262,Cloudy,0.3
128,5,Verstappen (Red Bull),43.00072,217.22334,Cloudy,0.3
128,1,Norris (McLaren),44.09067,44.09067,Cloudy,0.3
128,2,Norris (McLaren),43.22338,87.31405,Cloudy,0.3
128,3,Norris (McLaren),43.17313,130.48718,Cloudy,0.3
128,4,Norris (McLaren),43.22471,173.71189,Cloudy,0.3
128,5,Norris (McLaren),44.19543,217.90732,Cloudy,0.3
129,1,Hamilton (Mercedes),43.44703,43.44703,Cloudy,0.3
129,2,Hamilton (Mercedes),44.34549,87.79252,Cloudy,0.3
129,3,Hamilton (Mercedes),44.49352,132.28604,Cloudy,0.3
129,4,Hamilton (Mercedes),43.90111,176.18715,Cloudy,0.3
129,5,Hamilton (Mercedes),43.40613,219.59328,Cloudy,0.3
129,1,Verstappen (Red Bull),42.88666,42.88666,Cloudy,0.3
129,2,Verstappen (Red Bull),43.1705,86.05716,Cloudy,0.3
129,3,Verstappen (Red Bull),43.37197,129.42913,Cloudy,0.3
129,4,Verstappen (Red Bull),43.08124,172.51037,Cloudy,0.3
129,5,Verstappen (Red Bull),43.08651,215.59687,Cloudy,0.3
129,1,Norris (McLaren),43.466,43.466,Cloudy,0.3
129,2,Norris (McLaren),44.03598,87.50198,Cloudy,0.3
129,3,Norris (McLaren),43.06398,130.56596,Cloudy,0.3
129,4,Norris (McLaren),43.03602,173.60198,Cloudy,0.3
129,5,Norris (McLaren),43.39062,216.9926,Cloudy,0.3
130,1,Hamilton (Mercedes),42.61945,42.61945,Cloudy,0.3
130,2,Hamilton (Mercedes),43.58397,86.20342,Cloudy,0.3
130,3,Hamilton (Mercedes),43.15631,129.35974,Cloudy,0.3
130,4,Hamilton (Mercedes),42.45525,171.81498,Cloudy,0.3
130,5,Hamilton (Mercedes),43.90244,215.71742,Cloudy,0.3
130,1,Verstappen (Red Bull),43.05361,43.05361,Cloudy,0.3
130,2,Verstappen (Red Bull),43.75087,86.80448,Cloudy,0.3
130,3,Verstappen (Red Bull),43.8946,130.69908,Cloudy,0.3
130,4,Verstappen (Red Bull),41.99421,172.69328,Cloudy,0.3
130,5,Verstappen (Red Bull),42.84077,215.53405,Cloudy,0.3
130,1,Norris (McLaren),45.01409,45.01409,Cloudy,0.3
130,2,Norris (McLaren),43.12657,88.14066,Cloudy,0.3
130,3,Norris (McLaren),43.22624,131.3669,Cloudy,0.3
130,4,Norris (McLaren),41.58299,172.9499,Cloudy,0.3
130,5,Norris (McLaren),43.23427,216.18417,Cloudy,0.3
131,1,Hamilton (Mercedes),43.86515,43.86515,Cloudy,0.3
131,2,Hamilton (Mercedes),44.53856,88.40371,Cloudy,0.3
131,3,Hamilton (Mercedes),43.13218,131.53588,Cloudy,0.3
131,4,Hamilton (Mercedes),43.13273,174.66862,Cloudy,0.3
131,5,Hamilton (Mercedes),43.493,218.16162,Cloudy,0.3
131,1,Verstappen (Red Bull),43.99378,43.99378,Cloudy,0.3
131,2,Verstappen (Red Bull),43.31145,87.30523,Cloudy,0.3
131,3,Verstappen (Red Bull),42.51435,129.81957,Cloudy,0.3
131,4,Verstappen (Red Bull),43.55088,173.37045,Cloudy,0.3
131,5,Verstappen (Red Bull),42.80635,216.17681,Cloudy,0.3
131,1,Norris (McLaren),43.87959,43.87959,Cloudy,0.3
131,2,Norris (McLaren),44.17629,88.05588,Cloudy,0.3
131,3,Norris (McLaren),44.06603,132.12191,Cloudy,0.3
131,4,Norris (McLaren),44.44236,176.56428,Cloudy,0.3
131,5,Norris (McLaren),43.90618,220.47045,Cloudy,0.3
132,1,Hamilton (Mercedes),43.94256,43.94256,Cloudy,0.3
132,2,Hamilton (Mercedes),43.95638,87.89893,Cloudy,0.3
132,3,Hamilton (Mercedes),44.94265,132.84158,Cloudy,0.3
132,4,Hamilton (Mercedes),43.67173,176.51331,Cloudy,0.3
132,5,Hamilton (Mercedes),43.43353,219.94684,Cloudy,0.3
132,1,Verstappen (Red Bull),43.9212,43.9212,Cloudy,0.3
132,2,Verstappen (Red Bull),42.97976,86.90097,Cloudy,0.3
132,3,Verstappen (Red Bull),42.93608,129.83705,Cloudy,0.3
132,4,Verstappen (Red Bull),43.49833,173.33538,Cloudy,0.3
132,5,Verstappen (Red Bull),43.14201,216.4774,Cloudy,0.3
132,1,Norris (McLaren),44.06265,44.06265,Cloudy,0.3
132,2,Norris (McLaren),43.55605,87.6187,Cloudy,0.3
132,3,Norris (McLaren),43.2892,130.9079,Cloudy,0.3
132,4,Norris (McLaren),43.13114,174.03904,Cloudy,0.3
132,5,Norris (McLaren),43.31683,217.35587,Cloudy,0.3
133,1,Hamilton (Mercedes),43.81798,43.81798,Cloudy,0.3
133,2,Hamilton (Mercedes),43.97833,87.79631,Cloudy,0.3
133,3,Hamilton (Mercedes),43.96989,131.76619,Cloudy,0.3
133,4,Hamilton (Mercedes),43.75146,175.51765,Cloudy,0.3
133,5,Hamilton (Mercedes),43.65482,219.17247,Cloudy,0.3
133,1,Verstappen (Red Bull),43.39718,43.39718,Cloudy,0.3
133,2,Verstappen (Red Bull),43.89016,87.28733,Cloudy,0.3
133,3,Verstappen (Red Bull),42.71517,130.0025,Cloudy,0.3
133,4,Verstappen (Red Bull),43.13714,173.13964,Cloudy,0.3
133,5,Verstappen (Red Bull),43.63332,216.77296,Cloudy,0.3
133,1,Norris (McLaren),42.74026,42.74026,Cloudy,0.3
133,2,Norris (McLaren),43.46914,86.20941,Cloudy,0.3
133,3,Norris (McLaren),44.24153,130.45094,Cloudy,0.3
133,4,Norris (McLaren),43.08735,173.53829,Cloudy,0.3
133,5,Norris (McLaren),42.80558,216.34386,Cloudy,0.3
134,1,Hamilton (Mercedes),43.33105,43.33105,Cloudy,0.3
134,2,Hamilton (Mercedes),44.39327,87.72432,Cloudy,0.3
134,3,Hamilton (Mercedes),44.72553,132.44985,Cloudy,0.3
134,4,Hamilton (Mercedes),43.50049,175.95034,Cloudy,0.3
134,5,Hamilton (Mercedes),43.21714,219.16748,Cloudy,0.3
134,1,Verstappen (Red Bull),43.02588,43.02588,Cloudy,0.3
134,2,Verstappen (Red Bull),44.53102,87.55689,Cloudy,0.3
134,3,Verstappen (Red Bull),44.14783,131.70472,Cloudy,0.3
134,4,Verstappen (Red Bull),44.02993,175.73465,Cloudy,0.3
134,5,Verstappen (Red Bull),43.75564,219.49029,Cloudy,0.3
134,1,Norris (McLaren),43.35258,43.35258,Cloudy,0.3
134,2,Norris (McLaren),43.66539,87.01797,Cloudy,0.3
134,3,Norris (McLaren),43.44075,130.45871,Cloudy,0.3
134,4,Norris (McLaren),44.42941,174.88812,Cloudy,0.3
134,5,Norris (McLaren),42.16247,217.05059,Cloudy,0.3
135,1,Hamilton (Mercedes),43.89558,43.89558,Cloudy,0.3
135,2,Hamilton (Mercedes),44.14646,88.04204,Cloudy,0.3
135,3,Hamilton (Mercedes),43.55776,131.5998,Cloudy,0.3
135,4,Hamilton (Mercedes),42.73214,174.33194,Cloudy,0.3
135,5,Hamilton (Mercedes),43.66386,217.9958,Cloudy,0.3
135,1,Verstappen (Red Bull),43.09739,43.09739,Cloudy,0.3
135,2,Verstappen (Red Bull),42.91415,86.01153,Cloudy,0.3
135,3,Verstappen (Red Bull),41.63507,127.6466,Cloudy,0.3
135,4,Verstappen (Red Bull),43.8866,171.53321,Cloudy,0.3
135,5,Verstappen (Red Bull),44.26374,215.79695,Cloudy,0.3
135,1,Norris (McLaren),43.48705,43.48705,Cloudy,0.3
135,2,Norris (McLaren),44.51762,88.00467,Cloudy,0.3
135,3,Norris (McLaren),43.53743,131.54209,Cloudy,0.3
135,4,Norris (McLaren),44.32083,175.86292,Cloudy,0.3
135,5,Norris (McLaren),42.70889,218.57182,Cloudy,0.3
136,1,Hamilton (Mercedes),44.6914,44.6914,Cloudy,0.3
136,2,Hamilton (Mercedes),43.34273,88.03413,Cloudy,0.3
136,3,Hamilton (Mercedes),43.44333,131.47747,Cloudy,0.3
136,4,Hamilton (Mercedes),43.90196,175.37942,Cloudy,0.3
136,5,Hamilton (Mercedes),44.52835,219.90777,Cloudy,0.3
136,1,Verstappen (Red Bull),43.53438,43.53438,Cloudy,0.3
136,2,Verstappen (Red Bull),41.80048,85.33486,Cloudy,0.3
136,3,Verstappen (Red Bull),42.66203,127.99688,Cloudy,0.3
136,4,Verstappen (Red Bull),43.97929,171.97617,Cloudy,0.3
136,5,Verstappen (Red Bull),43.22483,215.201,Cloudy,0.3
136,1,Norris (McLaren),43.01906,43.01906,Cloudy,0.3
136,2,Norris (McLaren),44.39333,87.4124,Cloudy,0.3
136,3,Norris (McLaren),43.90208,131.31447,Cloudy,0.3
136,4,Norris (McLaren),43.74652,175.06099,Cloudy,0.3
136,5,Norris (McLaren),43.42984,218.49083,Cloudy,0.3
137,1,Hamilton (Mercedes),43.37584,43.37584,Cloudy,0.3
137,2,Hamilton (Mercedes),43.86639,87.24223,Cloudy,0.3
137,3,Hamilton (Mercedes),43.26905,130.51128,Cloudy,0.3
137,4,Hamilton (Mercedes),43.42456,173.93584,Cloudy,0.3
137,5,Hamilton (Mercedes),43.87025,217.80609,Cloudy,0.3
137,1,Verstappen (Red Bull),44.15498,44.15498,Cloudy,0.3
137,2,Verstappen (Red Bull),43.2524,87.40739,Cloudy,0.3
137,3,Verstappen (Red Bull),44.15766,131.56505,Cloudy,0.3
137,4,Verstappen (Red Bull),43.86685,175.43189,Cloudy,0.3
137,5,Verstappen (Red Bull),43.20914,218.64103,Cloudy,0.3
137,1,Norris (McLaren),44.16795,44.16795,Cloudy,0.3
137,2,Norris (McLaren),43.91518,88.08312,Cloudy,0.3
137,3,Norris (McLaren),43.64415,131.72728,Cloudy,0.3
137,4,Norris (McLaren),43.13218,174.85946,Cloudy,0.3
137,5,Norris (McLaren),42.39918,217.25864,Cloudy,0.3
138,1,Hamilton (Mercedes),44.66427,44.66427,Cloudy,0.3
138,2,Hamilton (Mercedes),43.96568,88.62995,Cloudy,0.3
138,3,Hamilton (Mercedes),43.45046,132.08041,Cloudy,0.3
138,4,Hamilton (Mercedes),43.0838,175.1642,Cloudy,0.3
138,5,Hamilton (Mercedes),43.41331,218.57752,Cloudy,0.3
138,1,Verstappen (Red Bull),43.7229,43.7229,Cloudy,0.3
138,2,Verstappen (Red Bull),42.87167,86.59457,Cloudy,0.3
138,3,Verstappen (Red Bull),43.86064,130.45521,Cloudy,0.3
138,4,Verstappen (Red Bull),43.01491,173.47012,Cloudy,0.3
138,5,Verstappen (Red Bull),44.24853,217.71865,Cloudy,0.3
138,1,Norris (McLaren),43.01372,43.01372,Cloudy,0.3
138,2,Norris (McLaren),42.08272,85.09645,Cloudy,0.3
138,3,Norris (McLaren),44.62326,129.71971,Cloudy,0.3
138,4,Norris (McLaren),44.59493,174.31464,Cloudy,0.3
138,5,Norris (McLaren),43.21355,217.52819,Cloudy,0.3
139,1,Hamilton (Mercedes),43.48976,43.48976,Cloudy,0.3
139,2,Hamilton (Mercedes),43.7738,87.26356,Cloudy,0.3
139,3,Hamilton (Mercedes),44.27224,131.53579,Cloudy,0.3
139,4,Hamilton (Mercedes),44.11978,175.65558,Cloudy,0.3
139,5,Hamilton (Mercedes),43.82366,219.47924,Cloudy,0.3
139,1,Verstappen (Red Bull),42.61653,42.61653,Cloudy,0.3
139,2,Verstappen (Red Bull),43.76006,86.37658,Cloudy,0.3
139,3,Verstappen (Red Bull),43.7222,130.09878,Cloudy,0.3
139,4,Verstappen (Red Bull),44.35044,174.44922,Cloudy,0.3
139,5,Verstappen (Red Bull),42.64177,217.09099,Cloudy,0.3
139,1,Norris (McLaren),42.8044,42.8044,Cloudy,0.3
139,2,Norris (McLaren),44.03962,86.84403,Cloudy,0.3
139,3,Norris (McLaren),43.68384,130.52787,Cloudy,0.3
139,4,Norris (McLaren),43.45404,173.98191,Cloudy,0.3
139,5,Norris (McLaren),43.35336,217.33527,Cloudy,0.3
140,1,Hamilton (Mercedes),43.8755,43.8755,Cloudy,0.3
140,2,Hamilton (Mercedes),43.38773,87.26323,Cloudy,0.3
140,3,Hamilton (Mercedes),43.26382,130.52705,Cloudy,0.3
140,4,Hamilton (Mercedes),43.13592,173.66296,Cloudy,0.3
140,5,Hamilton (Mercedes),43.97009,217.63305,Cloudy,0.3
140,1,Verstappen (Red Bull),44.53241,44.53241,Cloudy,0.3
140,2,Verstappen (Red Bull),43.442,87.97441,Cloudy,0.3
140,3,Verstappen (Red Bull),43.02156,130.99598,Cloudy,0.3
140,4,Verstappen (Red Bull),44.05208,175.04806,Cloudy,0.3
140,5,Verstappen (Red Bull),43.17273,218.22079,Cloudy,0.3
140,1,Norris (McLaren),43.91007,43.91007,Cloudy,0.3
140,2,Norris (McLaren),45.10312,89.01319,Cloudy,0.3
140,3,Norris (McLaren),43.18539,132.19859,Cloudy,0.3
140,4,Norris (McLaren),43.19672,175.39531,Cloudy,0.3
140,5,Norris (McLaren),43.21768,218.61299,Cloudy,0.3
141,1,Hamilton (Mercedes),44.0345,44.0345,Cloudy,0.3
141,2,Hamilton (Mercedes),44.58415,88.61865,Cloudy,0.3
141,3,Hamilton (Mercedes),42.84688,131.46553,Cloudy,0.3
141,4,Hamilton (Mercedes),43.98804,175.45357,Cloudy,0.3
141,5,Hamilton (Mercedes),44.92061,220.37418,Cloudy,0.3
141,1,Verstappen (Red Bull),42.95242,42.95242,Cloudy,0.3
141,2,Verstappen (Red Bull),43.68555,86.63797,Cloudy,0.3
141,3,Verstappen (Red Bull),42.62151,129.25948,Cloudy,0.3
141,4,Verstappen (Red Bull),43.62718,172.88666,Cloudy,0.3
141,5,Verstappen (Red Bull),42.44631,215.33297,Cloudy,0.3
141,1,Norris (McLaren),43.39453,43.39453,Cloudy,0.3
141,2,Norris (McLaren),43.46769,86.86222,Cloudy,0.3
141,3,Norris (McLaren),43.6668,130.52901,Cloudy,0.3
141,4,Norris (McLaren),44.81057,175.33959,Cloudy,0.3
141,5,Norris (McLaren),44.23429,219.57388,Cloudy,0.3
142,1,Hamilton (Mercedes),43.78874,43.78874,Cloudy,0.3
142,2,Hamilton (Mercedes),43.49145,87.28019,Cloudy,0.3
142,3,Hamilton (Mercedes),43.64388,130.92407,Cloudy,0.3
142,4,Hamilton (Mercedes),43.78561,174.70969,Cloudy,0.3
142,5,Hamilton (Mercedes),44.51702,219.22671,Cloudy,0.3
142,1,Verstappen (Red Bull),43.31325,43.31325,Cloudy,0.3
142,2,Verstappen (Red Bull),43.29395,86.6072,Cloudy,0.3
142,3,Verstappen (Red Bull),42.98106,129.58826,Cloudy,0.3
142,4,Verstappen (Red Bull),42.4465,172.03476,Cloudy,0.3
142,5,Verstappen (Red Bull),43.33558,215.37035,Cloudy,0.3
142,1,Norris (McLaren),43.96908,43.96908,Cloudy,0.3
142,2,Norris (McLaren),43.06264,87.03171,Cloudy,0.3
142,3,Norris (McLaren),42.68229,129.714,Cloudy,0.3
142,4,Norris (McLaren),44.56037,174.27437,Cloudy,0.3
142,5,Norris (McLaren),43.86099,218.13536,Cloudy,0.3
143,1,Hamilton (Mercedes),44.27798,44.27798,Cloudy,0.3
143,2,Hamilton (Mercedes),44.3995,88.67748,Cloudy,0.3
143,3,Hamilton (Mercedes),43.29959,131.97707,Cloudy,0.3
143,4,Hamilton (Mercedes),44.13486,176.11193,Cloudy,0.3
143,5,Hamilton (Mercedes),44.1705,220.28244,Cloudy,0.3
143,1,Verstappen (Red Bull),43.26666,43.26666,Cloudy,0.3
143,2,Verstappen (Red Bull),43.67431,86.94098,Cloudy,0.3
143,3,Verstappen (Red Bull),43.7079,130.64888,Cloudy,0.3
143,4,Verstappen (Red Bull),43.55429,174.20316,Cloudy,0.3
143,5,Verstappen (Red Bull),44.67632,218.87948,Cloudy,0.3
143,1,Norris (McLaren),42.29321,42.29321,Cloudy,0.3
143,2,Norris (McLaren),44.27328,86.56649,Cloudy,0.3
143,3,Norris (McLaren),44.06445,130.63094,Cloudy,0.3
143,4,Norris (McLaren),43.48393,174.11487,Cloudy,0.3
143,5,Norris (McLaren),43.53748,217.65235,Cloudy,0.3
144,1,Hamilton (Mercedes),44.11958,44.11958,Cloudy,0.3
144,2,Hamilton (Mercedes),43.86895,87.98853,Cloudy,0.3
144,3,Hamilton (Mercedes),44.73983,132.72836,Cloudy,0.3
144,4,Hamilton (Mercedes),43.84905,176.57741,Cloudy,0.3
144,5,Hamilton (Mercedes),44.31408,220.89148,Cloudy,0.3
144,1,Verstappen (Red Bull),42.99653,42.99653,Cloudy,0.3
144,2,Verstappen (Red Bull),42.42542,85.42195,Cloudy,0.3
144,3,Verstappen (Red Bull),44.42345,129.8454,Cloudy,0.3
144,4,Verstappen (Red Bull),42.97451,172.81991,Cloudy,0.3
144,5,Verstappen (Red Bull),42.83496,215.65487,Cloudy,0.3
144,1,Norris (McLaren),44.64716,44.64716,Cloudy,0.3
144,2,Norris (McLaren),43.10763,87.75479,Cloudy,0.3
144,3,Norris (McLaren),44.04417,131.79896,Cloudy,0.3
144,4,Norris (McLaren),43.39576,175.19472,Cloudy,0.3
144,5,Norris (McLaren),44.04723,219.24195,Cloudy,0.3
145,1,Hamilton (Mercedes),44.25353,44.25353,Cloudy,0.3
145,2,Hamilton (Mercedes),43.03479,87.28832,Cloudy,0.3
145,3,Hamilton (Mercedes),43.1197,130.40802,Cloudy,0.3
145,4,Hamilton (Mercedes),42.8398,173.24782,Cloudy,0.3
145,5,Hamilton (Mercedes),42.73679,215.98461,Cloudy,0.3
145,1,Verstappen (Red Bull),43.90491,43.90491,Cloudy,0.3
145,2,Verstappen (Red Bull),44.11552,88.02043,Cloudy,0.3
145,3,Verstappen (Red Bull),43.2134,131.23383,Cloudy,0.3
145,4,Verstappen (Red Bull),42.06648,173.30031,Cloudy,0.3
145,5,Verstappen (Red Bull),44.57259,217.8729,Cloudy,0.3
145,1,Norris (McLaren),43.67248,43.67248,Cloudy,0.3
145,2,Norris (McLaren),44.47333,88.1458,Cloudy,0.3
145,3,Norris (McLaren),43.10676,131.25256,Cloudy,0.3
145,4,Norris (McLaren),42.79622,174.04878,Cloudy,0.3
145,5,Norris (McLaren),42.18073,216.22952,Cloudy,0.3
146,1,Hamilton (Mercedes),44.3313,44.3313,Cloudy,0.3
146,2,Hamilton (Mercedes),43.48226,87.81357,Cloudy,0.3
146,3,Hamilton (Mercedes),43.60002,131.41359,Cloudy,0.3
146,4,Hamilton (Mercedes),43.4705,174.88409,Cloudy,0.3
146,5,Hamilton (Mercedes),43.1991,218.08319,Cloudy,0.3
146,1,Verstappen (Red Bull),43.1306,43.1306,Cloudy,0.3
146,2,Verstappen (Red Bull),43.95462,87.08521,Cloudy,0.3
146,3,Verstappen (Red Bull),43.28579,130.371,Cloudy,0.3
146,4,Verstappen (Red Bull),43.10495,173.47595,Cloudy,0.3
146,5,Verstappen (Red Bull),43.12943,216.60538,Cloudy,0.3
146,1,Norris (McLaren),43.29631,43.29631,Cloudy,0.3
146,2,Norris (McLaren),43.45213,86.74845,Cloudy,0.3
146,3,Norris (McLaren),44.37608,131.12452,Cloudy,0.3
146,4,Norris (McLaren),43.911,175.03553,Cloudy,0.3
146,5,Norris (McLaren),43.4242,218.45973,Cloudy,0.3
147,1,Hamilton (Mercedes),44.53695,44.53695,Cloudy,0.3
147,2,Hamilton (Mercedes),45.00857,89.54552,Cloudy,0.3
147,3,Hamilton (Mercedes),44.17161,133.71713,Cloudy,0.3
147,4,Hamilton (Mercedes),43.21467,176.9318,Cloudy,0.3
147,5,Hamilton (Mercedes),43.95283,220.88463,Cloudy,0.3
147,1,Verstappen (Red Bull),43.73948,43.73948,Cloudy,0.3
147,2,Verstappen (Red Bull),43.4302,87.16968,Cloudy,0.3
147,3,Verstappen (Red Bull),43.64257,130.81225,Cloudy,0.3
147,4,Verstappen (Red Bull),43.28373,174.09599,Cloudy,0.3
147,5,Verstappen (Red Bull),43.54502,217.641,Cloudy,0.3
147,1,Norris (McLaren),43.84683,43.84683,Cloudy,0.3
147,2,Norris (McLaren),43.78712,87.63394,Cloudy,0.3
147,3,Norris (McLaren),43.28508,130.91903,Cloudy,0.3
147,4,Norris (McLaren),43.10135,174.02038,Cloudy,0.3
147,5,Norris (McLaren),43.34199,217.36237,Cloudy,0.3
148,1,Hamilton (Mercedes),45.30571,45.30571,Cloudy,0.3
148,2,Hamilton (Mercedes),44.62073,89.92643,Cloudy,0.3
148,3,Hamilton (Mercedes),43.49198,133.41841,Cloudy,0.3
148,4,Hamilton (Mercedes),43.4859,176.90431,Cloudy,0.3
148,5,Hamilton (Mercedes),43.8341,220.73841,Cloudy,0.3
148,1,Verstappen (Red Bull),43.76866,43.76866,Cloudy,0.3
148,2,Verstappen (Red Bull),43.38531,87.15397,Cloudy,0.3
148,3,Verstappen (Red Bull),43.57387,130.72783,Cloudy,0.3
148,4,Verstappen (Red Bull),43.62758,174.35542,Cloudy,0.3
148,5,Verstappen (Red Bull),42.49054,216.84595,Cloudy,0.3
148,1,Norris (McLaren),43.8449,43.8449,Cloudy,0.3
148,2,Norris (McLaren),44.16881,88.0137,Cloudy,0.3
148,3,Norris (McLaren),43.384,131.39771,Cloudy,0.3
148,4,Norris (McLaren),43.99957,175.39728,Cloudy,0.3
148,5,Norris (McLaren),44.35227,219.74955,Cloudy,0.3
149,1,Hamilton (Mercedes),43.42056,43.42056,Cloudy,0.3
149,2,Hamilton (Mercedes),44.39027,87.81082,Cloudy,0.3
149,3,Hamilton (Mercedes),43.69896,131.50978,Cloudy,0.3
149,4,Hamilton (Mercedes),43.75353,175.26331,Cloudy,0.3
149,5,Hamilton (Mercedes),43.97408,219.23739,Cloudy,0.3
149,1,Verstappen (Red Bull),43.51316,43.51316,Cloudy,0.3
149,2,Verstappen (Red Bull),43.87527,87.38843,Cloudy,0.3
149,3,Verstappen (Red Bull),43.86042,131.24884,Cloudy,0.3
149,4,Verstappen (Red Bull),43.14504,174.39389,Cloudy,0.3
149,5,Verstappen (Red Bull),42.49981,216.89369,Cloudy,0.3
149,1,Norris (McLaren),44.01735,44.01735,Cloudy,0.3
149,2,Norris (McLaren),43.73606,87.7534,Cloudy,0.3
149,3,Norris (McLaren),44.0899,131.8433,Cloudy,0.3
149,4,Norris (McLaren),45.3729,177.21621,Cloudy,0.3
149,5,Norris (McLaren),42.6212,219.8374,Cloudy,0.3
150,1,Hamilton (Mercedes),44.20351,44.20351,Cloudy,0.3
150,2,Hamilton (Mercedes),43.02359,87.2271,Cloudy,0.3
150,3,Hamilton (Mercedes),44.05819,131.28529,Cloudy,0.3
150,4,Hamilton (Mercedes),43.50124,174.78653,Cloudy,0.3
150,5,Hamilton (Mercedes),44.00162,218.78815,Cloudy,0.3
150,1,Verstappen (Red Bull),44.00581,44.00581,Cloudy,0.3
150,2,Verstappen (Red Bull),43.53632,87.54213,Cloudy,0.3
150,3,Verstappen (Red Bull),43.50058,131.04271,Cloudy,0.3
150,4,Verstappen (Red Bull),43.10128,174.144,Cloudy,0.3
150,5,Verstappen (Red Bull),44.49642,218.64041,Cloudy,0.3
150,1,Norris (McLaren),42.66469,42.66469,Cloudy,0.3
150,2,Norris (McLaren),43.79012,86.45481,Cloudy,0.3
150,3,Norris (McLaren),43.65025,130.10507,Cloudy,0.3
150,4,Norris (McLaren),43.23081,173.33588,Cloudy,0.3
150,5,Norris (McLaren),45.01487,218.35074,Cloudy,0.3
151,1,Hamilton (Mercedes),44.43637,44.43637,Cloudy,0.3
151,2,Hamilton (Mercedes),43.48689,87.92327,Cloudy,0.3
151,3,Hamilton (Mercedes),43.85879,131.78206,Cloudy,0.3
151,4,Hamilton (Mercedes),44.45154,176.2336,Cloudy,0.3
151,5,Hamilton (Mercedes),43.77153,220.00513,Cloudy,0.3
151,1,Verstappen (Red Bull),43.42352,43.42352,Cloudy,0.3
151,2,Verstappen (Red Bull),43.92786,87.35137,Cloudy,0.3
151,3,Verstappen (Red Bull),42.89868,130.25005,Cloudy,0.3
151,4,Verstappen (Red Bull),43.61401,173.86407,Cloudy,0.3
151,5,Verstappen (Red Bull),43.35503,217.2191,Cloudy,0.3
151,1,Norris (McLaren),44.10254,44.10254,Cloudy,0.3
151,2,Norris (McLaren),44.01782,88.12036,Cloudy,0.3
151,3,Norris (McLaren),43.52984,131.6502,Cloudy,0.3
151,4,Norris (McLaren),43.89523,175.54544,Cloudy,0.3
151,5,Norris (McLaren),44.59353,220.13897,Cloudy,0.3
152,1,Hamilton (Mercedes),44.41896,44.41896,Cloudy,0.3
152,2,Hamilton (Mercedes),43.95523,88.37419,Cloudy,0.3
152,3,Hamilton (Mercedes),43.48763,131.86182,Cloudy,0.3
152,4,Hamilton (Mercedes),42.89333,174.75515,Cloudy,0.3
152,5,Hamilton (Mercedes),43.94269,218.69784,Cloudy,0.3
152,1,Verstappen (Red Bull),42.9637,42.9637,Cloudy,0.3
152,2,Verstappen (Red Bull),44.12705,87.09075,Cloudy,0.3
152,3,Verstappen (Red Bull),42.52157,129.61232,Cloudy,0.3
152,4,Verstappen (Red Bull),43.11199,172.7243,Cloudy,0.3
152,5,Verstappen (Red Bull),43.57451,216.29882,Cloudy,0.3
152,1,Norris (McLaren),45.91169,45.91169,Cloudy,0.3
152,2,Norris (McLaren),43.63249,89.54418,Cloudy,0.3
152,3,Norris (McLaren),43.74749,133.29167,Cloudy,0.3
152,4,Norris (McLaren),44.36997,177.66165,Cloudy,0.3
152,5,Norris (McLaren),43.02292,220.68457,Cloudy,0.3
153,1,Hamilton (Mercedes),43.93666,43.93666,Cloudy,0.3
153,2,Hamilton (Mercedes),43.44595,87.38261,Cloudy,0.3
153,3,Hamilton (Mercedes),44.44635,131.82896,Cloudy,0.3
153,4,Hamilton (Mercedes),44.50274,176.33169,Cloudy,0.3
153,5,Hamilton (Mercedes),43.30259,219.63429,Cloudy,0.3
153,1,Verstappen (Red Bull),42.28463,42.28463,Cloudy,0.3
153,2,Verstappen (Red Bull),43.38276,85.66739,Cloudy,0.3
153,3,Verstappen (Red Bull),43.66287,129.33026,Cloudy,0.3
153,4,Verstappen (Red Bull),43.4698,172.80006,Cloudy,0.3
153,5,Verstappen (Red Bull),43.43433,216.23439,Cloudy,0.3
153,1,Norris (McLaren),45.01474,45.01474,Cloudy,0.3
153,2,Norris (McLaren),43.90732,88.92206,Cloudy,0.3
153,3,Norris (McLaren),44.05737,132.97943,Cloudy,0.3
153,4,Norris (McLaren),44.15048,177.12991,Cloudy,0.3
153,5,Norris (McLaren),44.31197,221.44188,Cloudy,0.3
154,1,Hamilton (Mercedes),43.22168,43.22168,Cloudy,0.3
154,2,Hamilton (Mercedes),43.43721,86.65888,Cloudy,0.3
154,3,Hamilton (Mercedes),44.31804,130.97692,Cloudy,0.3
154,4,Hamilton (Mercedes),44.1943,175.17123,Cloudy,0.3
154,5,Hamilton (Mercedes),43.79032,218.96155,Cloudy,0.3
154,1,Verstappen (Red Bull),42.80759,42.80759,Cloudy,0.3
154,2,Verstappen (Red Bull),42.90461,85.7122,Cloudy,0.3
154,3,Verstappen (Red Bull),44.20475,129.91695,Cloudy,0.3
154,4,Verstappen (Red Bull),44.43146,174.34841,Cloudy,0.3
154,5,Verstappen (Red Bull),42.72962,217.07802,Cloudy,0.3
154,1,Norris (McLaren),43.94117,43.94117,Cloudy,0.3
154,2,Norris (McLaren),44.39732,88.33849,Cloudy,0.3
154,3,Norris (McLaren),42.88259,131.22108,Cloudy,0.3
154,4,Norris (McLaren),42.89189,174.11297,Cloudy,0.3
154,5,Norris (McLaren),44.63379,218.74676,Cloudy,0.3
155,1,Hamilton (Mercedes),43.9212,43.9212,Cloudy,0.3
155,2,Hamilton (Mercedes),44.38354,88.30474,Cloudy,0.3
155,3,Hamilton (Mercedes),44.83089,133.13562,Cloudy,0.3
155,4,Hamilton (Mercedes),43.84759,176.98322,Cloudy,0.3
155,5,Hamilton (Mercedes),43.84117,220.82439,Cloudy,0.3
155,1,Verstappen (Red Bull),42.12325,42.12325,Cloudy,0.3
155,2,Verstappen (Red Bull),42.72325,84.8465,Cloudy,0.3
155,3,Verstappen (Red Bull),44.09239,128.93888,Cloudy,0.3
155,4,Verstappen (Red Bull),43.067,172.00588,Cloudy,0.3
155,5,Verstappen (Red Bull),43.4188,215.42468,Cloudy,0.3
155,1,Norris (McLaren),43.42211,43.42211,Cloudy,0.3
155,2,Norris (McLaren),43.71796,87.14007,Cloudy,0.3
155,3,Norris (McLaren),42.2763,129.41637,Cloudy,0.3
155,4,Norris (McLaren),42.05215,171.46852,Cloudy,0.3
155,5,Norris (McLaren),43.99788,215.46641,Cloudy,0.3
156,1,Hamilton (Mercedes),44.10924,44.10924,Cloudy,0.3
156,2,Hamilton (Mercedes),43.5257,87.63494,Cloudy,0.3
156,3,Hamilton (Mercedes),44.23002,131.86495,Cloudy,0.3
156,4,Hamilton (Mercedes),44.11992,175.98488,Cloudy,0.3
156,5,Hamilton (Mercedes),43.4506,219.43548,Cloudy,0.3
156,1,Verstappen (Red Bull),43.85218,43.85218,Cloudy,0.3
156,2,Verstappen (Red Bull),43.34308,87.19526,Cloudy,0.3
156,3,Verstappen (Red Bull),43.03929,130.23455,Cloudy,0.3
156,4,Verstappen (Red Bull),42.96827,173.20282,Cloudy,0.3
156,5,Verstappen (Red Bull),42.55642,215.75924,Cloudy,0.3
156,1,Norris (McLaren),43.31637,43.31637,Cloudy,0.3
156,2,Norris (McLaren),43.43563,86.752,Cloudy,0.3
156,3,Norris (McLaren),43.59954,130.35155,Cloudy,0.3
156,4,Norris (McLaren),44.81404,175.16558,Cloudy,0.3
156,5,Norris (McLaren),43.82979,218.99537,Cloudy,0.3
157,1,Hamilton (Mercedes),44.31193,44.31193,Cloudy,0.3
157,2,Hamilton (Mercedes),44.47921,88.79114,Cloudy,0.3
157,3,Hamilton (Mercedes),43.65347,132.44461,Cloudy,0.3
157,4,Hamilton (Mercedes),44.34407,176.78868,Cloudy,0.3
157,5,Hamilton (Mercedes),43.98141,220.7701,Cloudy,0.3
157,1,Verstappen (Red Bull),43.7993,43.7993,Cloudy,0.3
157,2,Verstappen (Red Bull),44.02708,87.82637,Cloudy,0.3
157,3,Verstappen (Red Bull),42.82984,130.65621,Cloudy,0.3
157,4,Verstappen (Red Bull),44.28988,174.94608,Cloudy,0.3
157,5,Verstappen (Red Bull),42.88858,217.83467,Cloudy,0.3
157,1,Norris (McLaren),42.87792,42.87792,Cloudy,0.3
157,2,Norris (McLaren),43.67549,86.55341,Cloudy,0.3
157,3,Norris (McLaren),43.02431,129.57773,Cloudy,0.3
157,4,Norris (McLaren),43.48983,173.06756,Cloudy,0.3
157,5,Norris (McLaren),43.96722,217.03478,Cloudy,0.3
158,1,Hamilton (Mercedes),44.40743,44.40743,Cloudy,0.3
158,2,Hamilton (Mercedes),43.88476,88.29219,Cloudy,0.3
158,3,Hamilton (Mercedes),44.75992,133.05211,Cloudy,0.3
158,4,Hamilton (Mercedes),43.91299,176.9651,Cloudy,0.3
158,5,Hamilton (Mercedes),43.31418,220.27928,Cloudy,0.3
158,1,Verstappen (Red Bull),43.21889,43.21889,Cloudy,0.3
158,2,Verstappen (Red Bull),43.37649,86.59538,Cloudy,0.3
158,3,Verstappen (Red Bull),43.01051,129.60588,Cloudy,0.3
158,4,Verstappen (Red Bull),43.28018,172.88607,Cloudy,0.3
158,5,Verstappen (Red Bull),43.52321,216.40928,Cloudy,0.3
158,1,Norris (McLaren),44.01268,44.01268,Cloudy,0.3
158,2,Norris (McLaren),42.85971,86.87239,Cloudy,0.3
158,3,Norris (McLaren),43.06138,129.93377,Cloudy,0.3
158,4,Norris (McLaren),44.00242,173.9362,Cloudy,0.3
158,5,Norris (McLaren),43.62646,217.56266,Cloudy,0.3
159,1,Hamilton (Mercedes),44.90044,44.90044,Cloudy,0.3
159,2,Hamilton (Mercedes),43.75019,88.65063,Cloudy,0.3
159,3,Hamilton (Mercedes),43.61464,132.26527,Cloudy,0.3
159,4,Hamilton (Mercedes),44.29214,176.55741,Cloudy,0.3
159,5,Hamilton (Mercedes),43.63896,220.19637,Cloudy,0.3
159,1,Verstappen (Red Bull),42.8621,42.8621,Cloudy,0.3
159,2,Verstappen (Red Bull),42.55769,85.41978,Cloudy,0.3
159,3,Verstappen (Red Bull),43.73043,129.15021,Cloudy,0.3
159,4,Verstappen (Red Bull),43.07833,172.22854,Cloudy,0.3
159,5,Verstappen (Red Bull),44.06639,216.29493,Cloudy,0.3
159,1,Norris (McLaren),42.87906,42.87906,Cloudy,0.3
159,2,Norris (McLaren),42.21943,85.0985,Cloudy,0.3
159,3,Norris (McLaren),43.52921,128.6277,Cloudy,0.3
159,4,Norris (McLaren),43.91067,172.53837,Cloudy,0.3
159,5,Norris (McLaren),43.88608,216.42446,Cloudy,0.3
160,1,Hamilton (Mercedes),44.69311,44.69311,Cloudy,0.3
160,2,Hamilton (Mercedes),43.53359,88.22669,Cloudy,0.3
160,3,Hamilton (Mercedes),43.12973,131.35642,Cloudy,0.3
160,4,Hamilton (Mercedes),44.36794,175.72436,Cloudy,0.3
160,5,Hamilton (Mercedes),43.89025,219.61461,Cloudy,0.3
160,1,Verstappen (Red Bull),43.7917,43.7917,Cloudy,0.3
160,2,Verstappen (Red Bull),42.83239,86.62408,Cloudy,0.3
160,3,Verstappen (Red Bull),43.75222,130.37631,Cloudy,0.3
160,4,Verstappen (Red Bull),42.89015,173.26646,Cloudy,0.3
160,5,Verstappen (Red Bull),43.5635,216.82996,Cloudy,0.3
160,1,Norris (McLaren),43.13652,43.13652,Cloudy,0.3
160,2,Norris (McLaren),44.53806,87.67458,Cloudy,0.3
160,3,Norris (McLaren),43.47022,131.1448,Cloudy,0.3
160,4,Norris (McLaren),44.73176,175.87656,Cloudy,0.3
160,5,Norris (McLaren),44.18746,220.06403,Cloudy,0.3
161,1,Hamilton (Mercedes),44.18236,44.18236,Cloudy,0.3
161,2,Hamilton (Mercedes),44.44331,88.62567,Cloudy,0.3
161,3,Hamilton (Mercedes),45.08502,133.71069,Cloudy,0.3
161,4,Hamilton (Mercedes),44.19537,177.90606,Cloudy,0.3
161,5,Hamilton (Mercedes),43.4387,221.34477,Cloudy,0.3
161,1,Verstappen (Red Bull),43.57097,43.57097,Cloudy,0.3
161,2,Verstappen (Red Bull),43.4518,87.02278,Cloudy,0.3
161,3,Verstappen (Red Bull),42.98894,130.01172,Cloudy,0.3
161,4,Verstappen (Red Bull),43.6902,173.70192,Cloudy,0.3
161,5,Verstappen (Red Bull),43.1729,216.87482,Cloudy,0.3
161,1,Norris (McLaren),44.11118,44.11118,Cloudy,0.3
161,2,Norris (McLaren),44.47126,88.58244,Cloudy,0.3
161,3,Norris (McLaren),43.96928,132.55171,Cloudy,0.3
161,4,Norris (McLaren),42.79779,175.3495,Cloudy,0.3
161,5,Norris (McLaren),43.04287,218.39237,Cloudy,0.3
162,1,Hamilton (Mercedes),44.93649,44.93649,Cloudy,0.3
162,2,Hamilton (Mercedes),44.18156,89.11805,Cloudy,0.3
162,3,Hamilton (Mercedes),44.26961,133.38766,Cloudy,0.3
162,4,Hamilton (Mercedes),43.4874,176.87506,Cloudy,0.3
162,5,Hamilton (Mercedes),43.94214,220.8172,Cloudy,0.3
162,1,Verstappen (Red Bull),43.6819,43.6819,Cloudy,0.3
162,2,Verstappen (Red Bull),43.8599,87.5418,Cloudy,0.3
162,3,Verstappen (Red Bull),43.31192,130.85372,Cloudy,0.3
162,4,Verstappen (Red Bull),43.47887,174.33259,Cloudy,0.3
162,5,Verstappen (Red Bull),43.2994,217.63199,Cloudy,0.3
162,1,Norris (McLaren),43.50172,43.50172,Cloudy,0.3
162,2,Norris (McLaren),43.88504,87.38676,Cloudy,0.3
162,3,Norris (McLaren),44.1131,131.49986,Cloudy,0.3
162,4,Norris (McLaren),43.01536,174.51522,Cloudy,0.3
162,5,Norris (McLaren),43.34195,217.85716,Cloudy,0.3
163,1,Hamilton (Mercedes),43.58909,43.58909,Cloudy,0.3
163,2,Hamilton (Mercedes),43.54397,87.13306,Cloudy,0.3
163,3,Hamilton (Mercedes),43.87032,131.00338,Cloudy,0.3
163,4,Hamilton (Mercedes),44.35369,175.35707,Cloudy,0.3
163,5,Hamilton (Mercedes),43.60789,218.96496,Cloudy,0.3
163,1,Verstappen (Red Bull),43.66271,43.66271,Cloudy,0.3
163,2,Verstappen (Red Bull),43.60271,87.26542,Cloudy,0.3
163,3,Verstappen (Red Bull),43.65373,130.91915,Cloudy,0.3
163,4,Verstappen (Red Bull),42.83188,173.75103,Cloudy,0.3
163,5,Verstappen (Red Bull),43.26303,217.01407,Cloudy,0.3
163,1,Norris (McLaren),43.82623,43.82623,Cloudy,0.3
163,2,Norris (McLaren),42.87962,86.70585,Cloudy,0.3
163,3,Norris (McLaren),43.99552,130.70137,Cloudy,0.3
163,4,Norris (McLaren),43.25191,173.95328,Cloudy,0.3
163,5,Norris (McLaren),43.81911,217.77238,Cloudy,0.3
164,1,Hamilton (Mercedes),43.53796,43.53796,Cloudy,0.3
164,2,Hamilton (Mercedes),45.39,88.92797,Cloudy,0.3
164,3,Hamilton (Mercedes),43.80736,132.73533,Cloudy,0.3
164,4,Hamilton (Mercedes),44.365,177.10033,Cloudy,0.3
164,5,Hamilton (Mercedes),43.9875,221.08783,Cloudy,0.3
164,1,Verstappen (Red Bull),44.04867,44.04867,Cloudy,0.3
164,2,Verstappen (Red Bull),43.52372,87.57239,Cloudy,0.3
164,3,Verstappen (Red Bull),42.65366,130.22605,Cloudy,0.3
164,4,Verstappen (Red Bull),43.99485,174.2209,Cloudy,0.3
164,5,Verstappen (Red Bull),44.5901,218.811,Cloudy,0.3
164,1,Norris (McLaren),44.96765,44.96765,Cloudy,0.3
164,2,Norris (McLaren),42.49806,87.46571,Cloudy,0.3
164,3,Norris (McLaren),43.45405,130.91976,Cloudy,0.3
164,4,Norris (McLaren),43.40731,174.32706,Cloudy,0.3
164,5,Norris (McLaren),42.86767,217.19474,Cloudy,0.3
165,1,Hamilton (Mercedes),43.99289,43.99289,Cloudy,0.3
165,2,Hamilton (Mercedes),44.10891,88.1018,Cloudy,0.3
165,3,Hamilton (Mercedes),44.09457,132.19638,Cloudy,0.3
165,4,Hamilton (Mercedes),43.22654,175.42292,Cloudy,0.3
165,5,Hamilton (Mercedes),43.79853,219.22145,Cloudy,0.3
165,1,Verstappen (Red Bull),43.20048,43.20048,Cloudy,0.3
165,2,Verstappen (Red Bull),43.41552,86.61599,Cloudy,0.3
165,3,Verstappen (Red Bull),42.85783,129.47382,Cloudy,0.3
165,4,Verstappen (Red Bull),43.26989,172.74371,Cloudy,0.3
165,5,Verstappen (Red Bull),42.93693,215.68064,Cloudy,0.3
165,1,Norris (McLaren),42.79793,42.79793,Cloudy,0.3
165,2,Norris (McLaren),42.40109,85.19902,Cloudy,0.3
165,3,Norris (McLaren),44.20265,129.40167,Cloudy,0.3
165,4,Norris (McLaren),42.91052,172.31219,Cloudy,0.3
165,5,Norris (McLaren),43.81833,216.13052,Cloudy,0.3
166,1,Hamilton (Mercedes),45.15729,45.15729,Cloudy,0.3
166,2,Hamilton (Mercedes),43.3316,88.48889,Cloudy,0.3
166,3,Hamilton (Mercedes),43.89986,132.38875,Cloudy,0.3
166,4,Hamilton (Mercedes),43.3241,175.71285,Cloudy,0.3
166,5,Hamilton (Mercedes),43.4292,219.14205,Cloudy,0.3
166,1,Verstappen (Red Bull),43.49186,43.49186,Cloudy,0.3
166,2,Verstappen (Red Bull),43.70245,87.19431,Cloudy,0.3
166,3,Verstappen (Red Bull),43.14665,130.34096,Cloudy,0.3
166,4,Verstappen (Red Bull),42.83163,173.17259,Cloudy,0.3
166,5,Verstappen (Red Bull),43.73176,216.90435,Cloudy,0.3
166,1,Norris (McLaren),43.73068,43.73068,Cloudy,0.3
166,2,Norris (McLaren),42.9036,86.63428,Cloudy,0.3
166,3,Norris (McLaren),42.89143,129.52571,Cloudy,0.3
166,4,Norris (McLaren),42.83839,172.3641,Cloudy,0.3
166,5,Norris (McLaren),44.5902,216.95431,Cloudy,0.3
167,1,Hamilton (Mercedes),44.43246,44.43246,Cloudy,0.3
167,2,Hamilton (Mercedes),44.2778,88.71026,Cloudy,0.3
167,3,Hamilton (Mercedes),43.68607,132.39633,Cloudy,0.3
167,4,Hamilton (Mercedes),43.27917,175.67551,Cloudy,0.3
167,5,Hamilton (Mercedes),44.4939,220.16941,Cloudy,0.3
167,1,Verstappen (Red Bull),43.34041,43.34041,Cloudy,0.3
167,2,Verstappen (Red Bull),42.52949,85.8699,Cloudy,0.3
167,3,Verstappen (Red Bull),44.12467,129.99458,Cloudy,0.3
167,4,Verstappen (Red Bull),42.88501,172.87959,Cloudy,0.3
167,5,Verstappen (Red Bull),43.62338,216.50296,Cloudy,0.3
167,1,Norris (McLaren),42.90405,42.90405,Cloudy,0.3
167,2,Norris (McLaren),42.82023,85.72428,Cloudy,0.3
167,3,Norris (McLaren),43.4107,129.13498,Cloudy,0.3
167,4,Norris (McLaren),44.27248,173.40745,Cloudy,0.3
167,5,Norris (McLaren),43.00099,216.40844,Cloudy,0.3
168,1,Hamilton (Mercedes),44.4037,44.4037,Cloudy,0.3
168,2,Hamilton (Mercedes),43.16226,87.56596,Cloudy,0.3
168,3,Hamilton (Mercedes),42.78933,130.35529,Cloudy,0.3
168,4,Hamilton (Mercedes),44.48677,174.84206,Cloudy,0.3
168,5,Hamilton (Mercedes),44.38859,219.23064,Cloudy,0.3
168,1,Verstappen (Red Bull),43.46696,43.46696,Cloudy,0.3
168,2,Verstappen (Red Bull),43.1359,86.60285,Cloudy,0.3
168,3,Verstappen (Red Bull),43.62375,130.2266,Cloudy,0.3
168,4,Verstappen (Red Bull),43.60224,173.82885,Cloudy,0.3
168,5,Verstappen (Red Bull),43.2482,217.07704,Cloudy,0.3
168,1,Norris (McLaren),43.64915,43.64915,Cloudy,0.3
168,2,Norris (McLaren),43.37134,87.02049,Cloudy,0.3
168,3,Norris (McLaren),43.96084,130.98134,Cloudy,0.3
168,4,Norris (McLaren),42.82437,173.8057,Cloudy,0.3
168,5,Norris (McLaren),45.0493,218.855,Cloudy,0.3
169,1,Hamilton (Mercedes),43.53448,43.53448,Cloudy,0.3
169,2,Hamilton (Mercedes),44.32466,87.85914,Cloudy,0.3
169,3,Hamilton (Mercedes),43.92353,131.78267,Cloudy,0.3
169,4,Hamilton (Mercedes),44.10097,175.88364,Cloudy,0.3
169,5,Hamilton (Mercedes),43.96465,219.84828,Cloudy,0.3
169,1,Verstappen (Red Bull),43.80325,43.80325,Cloudy,0.3
169,2,Verstappen (Red Bull),43.26485,87.0681,Cloudy,0.3
169,3,Verstappen (Red Bull),43.9999,131.068,Cloudy,0.3
169,4,Verstappen (Red Bull),42.73514,173.80315,Cloudy,0.3
169,5,Verstappen (Red Bull),43.77783,217.58098,Cloudy,0.3
169,1,Norris (McLaren),42.9826,42.9826,Cloudy,0.3
169,2,Norris (McLaren),43.10379,86.08639,Cloudy,0.3
169,3,Norris (McLaren),43.19674,129.28314,Cloudy,0.3
169,4,Norris (McLaren),43.98959,173.27273,Cloudy,0.3
169,5,Norris (McLaren),43.09278,216.36551,Cloudy,0.3
170,1,Hamilton (Mercedes),42.72442,42.72442,Cloudy,0.3
170,2,Hamilton (Mercedes),43.66672,86.39114,Cloudy,0.3
170,3,Hamilton (Mercedes),43.25076,129.6419,Cloudy,0.3
170,4,Hamilton (Mercedes),43.954,173.59589,Cloudy,0.3
170,5,Hamilton (Mercedes),45.0116,218.60749,Cloudy,0.3
170,1,Verstappen (Red Bull),43.80592,43.80592,Cloudy,0.3
170,2,Verstappen (Red Bull),43.82621,87.63213,Cloudy,0.3
170,3,Verstappen (Red Bull),44.14049,131.77262,Cloudy,0.3
170,4,Verstappen (Red Bull),42.40107,174.17369,Cloudy,0.3
170,5,Verstappen (Red Bull),44.07865,218.25234,Cloudy,0.3
170,1,Norris (McLaren),44.17806,44.17806,Cloudy,0.3
170,2,Norris (McLaren),44.44961,88.62767,Cloudy,0.3
170,3,Norris (McLaren),43.16145,131.78912,Cloudy,0.3
170,4,Norris (McLaren),45.25942,177.04854,Cloudy,0.3
170,5,Norris (McLaren),43.32806,220.3766,Cloudy,0.3
171,1,Hamilton (Mercedes),44.55091,44.55091,Cloudy,0.3
171,2,Hamilton (Mercedes),44.52254,89.07344,Cloudy,0.3
171,3,Hamilton (Mercedes),44.06747,133.14091,Cloudy,0.3
171,4,Hamilton (Mercedes),44.22637,177.36728,Cloudy,0.3
171,5,Hamilton (Mercedes),44.14936,221.51664,Cloudy,0.3
171,1,Verstappen (Red Bull),42.98749,42.98749,Cloudy,0.3
171,2,Verstappen (Red Bull),43.05372,86.04121,Cloudy,0.3
171,3,Verstappen (Red Bull),44.16937,130.21059,Cloudy,0.3
171,4,Verstappen (Red Bull),42.73173,172.94231,Cloudy,0.3
171,5,Verstappen (Red Bull),42.45417,215.39648,Cloudy,0.3
171,1,Norris (McLaren),43.05534,43.05534,Cloudy,0.3
171,2,Norris (McLaren),43.09484,86.15018,Cloudy,0.3
171,3,Norris (McLaren),43.64198,129.79216,Cloudy,0.3
171,4,Norris (McLaren),44.58256,174.37472,Cloudy,0.3
171,5,Norris (McLaren),44.54593,218.92066,Cloudy,0.3
172,1,Hamilton (Mercedes),44.75418,44.75418,Cloudy,0.3
172,2,Hamilton (Mercedes),43.49363,88.24781,Cloudy,0.3
172,3,Hamilton (Mercedes),43.49107,131.73888,Cloudy,0.3
172,4,Hamilton (Mercedes),44.01829,175.75717,Cloudy,0.3
172,5,Hamilton (Mercedes),43.94053,219.6977,Cloudy,0.3
172,1,Verstappen (Red Bull),43.03708,43.03708,Cloudy,0.3
172,2,Verstappen (Red Bull),43.89849,86.93558,Cloudy,0.3
172,3,Verstappen (Red Bull),43.92902,130.86459,Cloudy,0.3
172,4,Verstappen (Red Bull),42.72931,173.59391,Cloudy,0.3
172,5,Verstappen (Red Bull),43.25939,216.8533,Cloudy,0.3
172,1,Norris (McLaren),42.5648,42.5648,Cloudy,0.3
172,2,Norris (McLaren),44.33212,86.89692,Cloudy,0.3
172,3,Norris (McLaren),45.14991,132.04684,Cloudy,0.3
172,4,Norris (McLaren),44.36455,176.41139,Cloudy,0.3
172,5,Norris (McLaren),45.16665,221.57803,Cloudy,0.3
173,1,Hamilton (Mercedes),43.78766,43.78766,Cloudy,0.3
173,2,Hamilton (Mercedes),43.73132,87.51898,Cloudy,0.3
173,3,Hamilton (Mercedes),43.98499,131.50396,Cloudy,0.3
173,4,Hamilton (Mercedes),43.54484,175.0488,Cloudy,0.3
173,5,Hamilton (Mercedes),43.00948,218.05828,Cloudy,0.3
173,1,Verstappen (Red Bull),43.28895,43.28895,Cloudy,0.3
173,2,Verstappen (Red Bull),44.01292,87.30187,Cloudy,0.3
173,3,Verstappen (Red Bull),43.70937,131.01124,Cloudy,0.3
173,4,Verstappen (Red Bull),42.7313,173.74254,Cloudy,0.3
173,5,Verstappen (Red Bull),42.88141,216.62395,Cloudy,0.3
173,1,Norris (McLaren),43.33851,43.33851,Cloudy,0.3
173,2,Norris (McLaren),43.39463,86.73314,Cloudy,0.3
173,3,Norris (McLaren),45.23866,131.9718,Cloudy,0.3
173,4,Norris (McLaren),43.53456,175.50636,Cloudy,0.3
173,5,Norris (McLaren),44.51653,220.02289,Cloudy,0.3
174,1,Hamilton (Mercedes),43.86962,43.86962,Cloudy,0.3
174,2,Hamilton (Mercedes),43.5583,87.42792,Cloudy,0.3
174,3,Hamilton (Mercedes),44.17138,131.59931,Cloudy,0.3
174,4,Hamilton (Mercedes),43.59589,175.1952,Cloudy,0.3
174,5,Hamilton (Mercedes),43.91849,219.11369,Cloudy,0.3
174,1,Verstappen (Red Bull),43.23995,43.23995,Cloudy,0.3
174,2,Verstappen (Red Bull),44.10918,87.34913,Cloudy,0.3
174,3,Verstappen (Red Bull),43.94143,131.29056,Cloudy,0.3
174,4,Verstappen (Red Bull),44.20747,175.49803,Cloudy,0.3
174,5,Verstappen (Red Bull),41.76361,217.26164,Cloudy,0.3
174,1,Norris (McLaren),43.21282,43.21282,Cloudy,0.3
174,2,Norris (McLaren),43.98422,87.19704,Cloudy,0.3
174,3,Norris (McLaren),44.02928,131.22632,Cloudy,0.3
174,4,Norris (McLaren),44.28948,175.5158,Cloudy,0.3
174,5,Norris (McLaren),43.54187,219.05767,Cloudy,0.3
175,1,Hamilton (Mercedes),44.20126,44.20126,Cloudy,0.3
175,2,Hamilton (Mercedes),43.39293,87.5942,Cloudy,0.3
175,3,Hamilton (Mercedes),43.04185,130.63604,Cloudy,0.3
175,4,Hamilton (Mercedes),43.20828,173.84432,Cloudy,0.3
175,5,Hamilton (Mercedes),44.86781,218.71214,Cloudy,0.3
175,1,Verstappen (Red Bull),43.46075,43.46075,Cloudy,0.3
175,2,Verstappen (Red Bull),43.42469,86.88544,Cloudy,0.3
175,3,Verstappen (Red Bull),42.90328,129.78872,Cloudy,0.3
175,4,Verstappen (Red Bull),43.76297,173.55169,Cloudy,0.3
175,5,Verstappen (Red Bull),43.67,217.22169,Cloudy,0.3
175,1,Norris (McLaren),43.67545,43.67545,Cloudy,0.3
175,2,Norris (McLaren),43.14463,86.82008,Cloudy,0.3
175,3,Norris (McLaren),43.44097,130.26105,Cloudy,0.3
175,4,Norris (McLaren),44.59802,174.85907,Cloudy,0.3
175,5,Norris (McLaren),43.41686,218.27593,Cloudy,0.3
176,1,Hamilton (Mercedes),44.15505,44.15505,Cloudy,0.3
176,2,Hamilton (Mercedes),44.44579,88.60084,Cloudy,0.3
176,3,Hamilton (Mercedes),43.6104,132.21124,Cloudy,0.3
176,4,Hamilton (Mercedes),42.90399,175.11524,Cloudy,0.3
176,5,Hamilton (Mercedes),44.45322,219.56846,Cloudy,0.3
176,1,Verstappen (Red Bull),43.49163,43.49163,Cloudy,0.3
176,2,Verstappen (Red Bull),42.59186,86.08349,Cloudy,0.3
176,3,Verstappen (Red Bull),43.19213,129.27563,Cloudy,0.3
176,4,Verstappen (Red Bull),43.18327,172.4589,Cloudy,0.3
176,5,Verstappen (Red Bull),43.57027,216.02917,Cloudy,0.3
176,1,Norris (McLaren),44.61771,44.61771,Cloudy,0.3
176,2,Norris (McLaren),44.67261,89.29032,Cloudy,0.3
176,3,Norris (McLaren),43.95102,133.24135,Cloudy,0.3
176,4,Norris (McLaren),43.81654,177.05789,Cloudy,0.3
176,5,Norris (McLaren),44.47772,221.53561,Cloudy,0.3
177,1,Hamilton (Mercedes),43.77965,43.77965,Cloudy,0.3
177,2,Hamilton (Mercedes),43.78293,87.56258,Cloudy,0.3
177,3,Hamilton (Mercedes),43.35825,130.92082,Cloudy,0.3
177,4,Hamilton (Mercedes),43.17671,174.09754,Cloudy,0.3
177,5,Hamilton (Mercedes),44.2278,218.32534,Cloudy,0.3
177,1,Verstappen (Red Bull),43.28817,43.28817,Cloudy,0.3
177,2,Verstappen (Red Bull),43.49198,86.78015,Cloudy,0.3
177,3,Verstappen (Red Bull),43.0774,129.85755,Cloudy,0.3
177,4,Verstappen (Red Bull),43.27507,173.13262,Cloudy,0.3
177,5,Verstappen (Red Bull),42.61429,215.74691,Cloudy,0.3
177,1,Norris (McLaren),44.61149,44.61149,Cloudy,0.3
177,2,Norris (McLaren),42.87871,87.4902,Cloudy,0.3
177,3,Norris (McLaren),45.04174,132.53194,Cloudy,0.3
177,4,Norris (McLaren),43.61191,176.14385,Cloudy,0.3
177,5,Norris (McLaren),43.52168,219.66553,Cloudy,0.3
178,1,Hamilton (Mercedes),43.45613,43.45613,Cloudy,0.3
178,2,Hamilton (Mercedes),43.66776,87.12389,Cloudy,0.3
178,3,Hamilton (Mercedes),43.02835,130.15224,Cloudy,0.3
178,4,Hamilton (Mercedes),43.93873,174.09097,Cloudy,0.3
178,5,Hamilton (Mercedes),43.00209,217.09306,Cloudy,0.3
178,1,Verstappen (Red Bull),42.55556,42.55556,Cloudy,0.3
178,2,Verstappen (Red Bull),44.1193,86.67486,Cloudy,0.3
178,3,Verstappen (Red Bull),43.82615,130.50101,Cloudy,0.3
178,4,Verstappen (Red Bull),42.46179,172.9628,Cloudy,0.3
178,5,Verstappen (Red Bull),43.22928,216.19208,Cloudy,0.3
178,1,Norris (McLaren),42.67467,42.67467,Cloudy,0.3
178,2,Norris (McLaren),43.32595,86.00062,Cloudy,0.3
178,3,Norris (McLaren),44.13489,130.13551,Cloudy,0.3
178,4,Norris (McLaren),43.42858,173.56409,Cloudy,0.3
178,5,Norris (McLaren),41.76592,215.33001,Cloudy,0.3
179,1,Hamilton (Mercedes),43.34681,43.34681,Cloudy,0.3
179,2,Hamilton (Mercedes),43.75669,87.1035,Cloudy,0.3
179,3,Hamilton (Mercedes),43.6535,130.757,Cloudy,0.3
179,4,Hamilton (Mercedes),44.0098,174.76679,Cloudy,0.3
179,5,Hamilton (Mercedes),43.56065,218.32744,Cloudy,0.3
179,1,Verstappen (Red Bull),44.33974,44.33974,Cloudy,0.3
179,2,Verstappen (Red Bull),43.11981,87.45955,Cloudy,0.3
179,3,Verstappen (Red Bull),42.82414,130.28369,Cloudy,0.3
179,4,Verstappen (Red Bull),42.84726,173.13095,Cloudy,0.3
179,5,Verstappen (Red Bull),43.10623,216.23718,Cloudy,0.3
179,1,Norris (McLaren),44.34316,44.34316,Cloudy,0.3
179,2,Norris (McLaren),43.29086,87.63403,Cloudy,0.3
179,3,Norris (McLaren),43.98189,131.61591,Cloudy,0.3
179,4,Norris (McLaren),42.50576,174.12167,Cloudy,0.3
179,5,Norris (McLaren),43.04037,217.16204,Cloudy,0.3
180,1,Hamilton (Mercedes),42.6596,42.6596,Cloudy,0.3
180,2,Hamilton (Mercedes),44.35129,87.01089,Cloudy,0.3
180,3,Hamilton (Mercedes),43.93984,130.95073,Cloudy,0.3
180,4,Hamilton (Mercedes),44.3697,175.32042,Cloudy,0.3
180,5,Hamilton (Mercedes),43.76811,219.08853,Cloudy,0.3
180,1,Verstappen (Red Bull),43.92596,43.92596,Cloudy,0.3
180,2,Verstappen (Red Bull),44.17783,88.10379,Cloudy,0.3
180,3,Verstappen (Red Bull),42.95487,131.05866,Cloudy,0.3
180,4,Verstappen (Red Bull),43.09306,174.15172,Cloudy,0.3
180,5,Verstappen (Red Bull),43.48613,217.63785,Cloudy,0.3
180,1,Norris (McLaren),43.95618,43.95618,Cloudy,0.3
180,2,Norris (McLaren),43.81105,87.76723,Cloudy,0.3
180,3,Norris (McLaren),44.05549,131.82272,Cloudy,0.3
180,4,Norris (McLaren),42.34432,174.16704,Cloudy,0.3
180,5,Norris (McLaren),44.29283,218.45987,Cloudy,0.3
181,1,Hamilton (Mercedes),43.06618,43.06618,Cloudy,0.3
181,2,Hamilton (Mercedes),44.30323,87.36941,Cloudy,0.3
181,3,Hamilton (Mercedes),44.02653,131.39594,Cloudy,0.3
181,4,Hamilton (Mercedes),43.41491,174.81086,Cloudy,0.3
181,5,Hamilton (Mercedes),44.6979,219.50876,Cloudy,0.3
181,1,Verstappen (Red Bull),43.57343,43.57343,Cloudy,0.3
181,2,Verstappen (Red Bull),43.24946,86.82289,Cloudy,0.3
181,3,Verstappen (Red Bull),43.99689,130.81978,Cloudy,0.3
181,4,Verstappen (Red Bull),43.35378,174.17357,Cloudy,0.3
181,5,Verstappen (Red Bull),43.59598,217.76955,Cloudy,0.3
181,1,Norris (McLaren),43.06603,43.06603,Cloudy,0.3
181,2,Norris (McLaren),42.82042,85.88645,Cloudy,0.3
181,3,Norris (McLaren),43.09033,128.97678,Cloudy,0.3
181,4,Norris (McLaren),42.78134,171.75812,Cloudy,0.3
181,5,Norris (McLaren),43.75181,215.50993,Cloudy,0.3
182,1,Hamilton (Mercedes),43.75094,43.75094,Cloudy,0.3
182,2,Hamilton (Mercedes),43.887,87.63794,Cloudy,0.3
182,3,Hamilton (Mercedes),44.4684,132.10633,Cloudy,0.3
182,4,Hamilton (Mercedes),43.69208,175.79842,Cloudy,0.3
182,5,Hamilton (Mercedes),43.41337,219.21179,Cloudy,0.3
182,1,Verstappen (Red Bull),42.42347,42.42347,Cloudy,0.3
182,2,Verstappen (Red Bull),41.90645,84.32992,Cloudy,0.3
182,3,Verstappen (Red Bull),43.6729,128.00283,Cloudy,0.3
182,4,Verstappen (Red Bull),43.06741,171.07024,Cloudy,0.3
182,5,Verstappen (Red Bull),42.49089,213.56113,Cloudy,0.3
182,1,Norris (McLaren),42.6314,42.6314,Cloudy,0.3
182,2,Norris (McLaren),42.96612,85.59752,Cloudy,0.3
182,3,Norris (McLaren),43.20077,128.79829,Cloudy,0.3
182,4,Norris (McLaren),42.91557,171.71386,Cloudy,0.3
182,5,Norris (McLaren),42.6045,214.31837,Cloudy,0.3
183,1,Hamilton (Mercedes),43.28509,43.28509,Cloudy,0.3
183,2,Hamilton (Mercedes),44.75928,88.04438,Cloudy,0.3
183,3,Hamilton (Mercedes),43.65391,131.69829,Cloudy,0.3
183,4,Hamilton (Mercedes),44.72523,176.42351,Cloudy,0.3
183,5,Hamilton (Mercedes),44.11842,220.54194,Cloudy,0.3
183,1,Verstappen (Red Bull),43.57542,43.57542,Cloudy,0.3
183,2,Verstappen (Red Bull),42.70569,86.2811,Cloudy,0.3
183,3,Verstappen (Red Bull),43.58478,129.86588,Cloudy,0.3
183,4,Verstappen (Red Bull),43.76744,173.63332,Cloudy,0.3
183,5,Verstappen (Red Bull),43.89864,217.53197,Cloudy,0.3
183,1,Norris (McLaren),43.41547,43.41547,Cloudy,0.3
183,2,Norris (McLaren),44.21672,87.63219,Cloudy,0.3
183,3,Norris (McLaren),42.57685,130.20904,Cloudy,0.3
183,4,Norris (McLaren),43.56848,173.77751,Cloudy,0.3
183,5,Norris (McLaren),43.70484,217.48236,Cloudy,0.3
184,1,Hamilton (Mercedes),43.82075,43.82075,Cloudy,0.3
184,2,Hamilton (Mercedes),44.65926,88.48001,Cloudy,0.3
184,3,Hamilton (Mercedes),44.50328,132.98329,Cloudy,0.3
184,4,Hamilton (Mercedes),44.18606,177.16935,Cloudy,0.3
184,5,Hamilton (Mercedes),44.52389,221.69324,Cloudy,0.3
184,1,Verstappen (Red Bull),43.27675,43.27675,Cloudy,0.3
184,2,Verstappen (Red Bull),43.82082,87.09757,Cloudy,0.3
184,3,Verstappen (Red Bull),44.65823,131.7558,Cloudy,0.3
184,4,Verstappen (Red Bull),44.29336,176.04916,Cloudy,0.3
184,5,Verstappen (Red Bull),42.895,218.94417,Cloudy,0.3
184,1,Norris (McLaren),43.90828,43.90828,Cloudy,0.3
184,2,Norris (McLaren),43.66659,87.57487,Cloudy,0.3
184,3,Norris (McLaren),43.44941,131.02428,Cloudy,0.3
184,4,Norris (McLaren),44.92237,175.94665,Cloudy,0.3
184,5,Norris (McLaren),44.12148,220.06813,Cloudy,0.3
185,1,Hamilton (Mercedes),44.40556,44.40556,Cloudy,0.3
185,2,Hamilton (Mercedes),43.7089,88.11446,Cloudy,0.3
185,3,Hamilton (Mercedes),44.12288,132.23734,Cloudy,0.3
185,4,Hamilton (Mercedes),44.01589,176.25323,Cloudy,0.3
185,5,Hamilton (Mercedes),43.72983,219.98307,Cloudy,0.3
185,1,Verstappen (Red Bull),42.64046,42.64046,Cloudy,0.3
185,2,Verstappen (Red Bull),43.61896,86.25942,Cloudy,0.3
185,3,Verstappen (Red Bull),42.97528,129.2347,Cloudy,0.3
185,4,Verstappen (Red Bull),43.9419,173.17661,Cloudy,0.3
185,5,Verstappen (Red Bull),43.5201,216.69671,Cloudy,0.3
185,1,Norris (McLaren),42.5603,42.5603,Cloudy,0.3
185,2,Norris (McLaren),43.10843,85.66873,Cloudy,0.3
185,3,Norris (McLaren),44.72279,130.39153,Cloudy,0.3
185,4,Norris (McLaren),43.76037,174.15189,Cloudy,0.3
185,5,Norris (McLaren),44.78721,218.9391,Cloudy,0.3
186,1,Hamilton (Mercedes),43.25856,43.25856,Cloudy,0.3
186,2,Hamilton (Mercedes),43.68377,86.94233,Cloudy,0.3
186,3,Hamilton (Mercedes),44.00626,130.94859,Cloudy,0.3
186,4,Hamilton (Mercedes),44.91639,175.86498,Cloudy,0.3
186,5,Hamilton (Mercedes),42.67981,218.5448,Cloudy,0.3
186,1,Verstappen (Red Bull),43.97505,43.97505,Cloudy,0.3
186,2,Verstappen (Red Bull),42.36912,86.34417,Cloudy,0.3
186,3,Verstappen (Red Bull),42.87254,129.21671,Cloudy,0.3
186,4,Verstappen (Red Bull),43.08373,172.30044,Cloudy,0.3
186,5,Verstappen (Red Bull),43.19645,215.4969,Cloudy,0.3
186,1,Norris (McLaren),43.72807,43.72807,Cloudy,0.3
186,2,Norris (McLaren),42.66491,86.39297,Cloudy,0.3
186,3,Norris (McLaren),43.46357,129.85654,Cloudy,0.3
186,4,Norris (McLaren),43.69405,173.55059,Cloudy,0.3
186,5,Norris (McLaren),44.32409,217.87468,Cloudy,0.3
187,1,Hamilton (Mercedes),44.25551,44.25551,Cloudy,0.3
187,2,Hamilton (Mercedes),43.82811,88.08362,Cloudy,0.3
187,3,Hamilton (Mercedes),44.12377,132.20738,Cloudy,0.3
187,4,Hamilton (Mercedes),42.79209,174.99947,Cloudy,0.3
187,5,Hamilton (Mercedes),43.78067,218.78014,Cloudy,0.3
187,1,Verstappen (Red Bull),43.36036,43.36036,Cloudy,0.3
187,2,Verstappen (Red Bull),42.97471,86.33507,Cloudy,0.3
187,3,Verstappen (Red Bull),42.49144,128.82651,Cloudy,0.3
187,4,Verstappen (Red Bull),43.19431,172.02082,Cloudy,0.3
187,5,Verstappen (Red Bull),43.71125,215.73207,Cloudy,0.3
187,1,Norris (McLaren),45.10541,45.10541,Cloudy,0.3
187,2,Norris (McLaren),43.26703,88.37243,Cloudy,0.3
187,3,Norris (McLaren),43.06856,131.44099,Cloudy,0.3
187,4,Norris (McLaren),43.29179,174.73278,Cloudy,0.3
187,5,Norris (McLaren),43.89697,218.62975,Cloudy,0.3
188,1,Hamilton (Mercedes),43.56969,43.56969,Cloudy,0.3
188,2,Hamilton (Mercedes),44.94264,88.51233,Cloudy,0.3
188,3,Hamilton (Mercedes),44.63635,133.14868,Cloudy,0.3
188,4,Hamilton (Mercedes),45.28347,178.43215,Cloudy,0.3
188,5,Hamilton (Mercedes),44.18095,222.61309,Cloudy,0.3
188,1,Verstappen (Red Bull),43.64713,43.64713,Cloudy,0.3
188,2,Verstappen (Red Bull),42.2965,85.94363,Cloudy,0.3
188,3,Verstappen (Red Bull),43.5874,129.53104,Cloudy,0.3
188,4,Verstappen (Red Bull),43.08549,172.61652,Cloudy,0.3
188,5,Verstappen (Red Bull),43.9242,216.54072,Cloudy,0.3
188,1,Norris (McLaren),43.91428,43.91428,Cloudy,0.3
188,2,Norris (McLaren),42.88245,86.79674,Cloudy,0.3
188,3,Norris (McLaren),43.58074,130.37748,Cloudy,0.3
188,4,Norris (McLaren),43.60954,173.98702,Cloudy,0.3
188,5,Norris (McLaren),43.95156,217.93859,Cloudy,0.3
189,1,Hamilton (Mercedes),43.63212,43.63212,Cloudy,0.3
189,2,Hamilton (Mercedes),43.46429,87.09641,Cloudy,0.3
189,3,Hamilton (Mercedes),43.40423,130.50064,Cloudy,0.3
189,4,Hamilton (Mercedes),43.95477,174.45541,Cloudy,0.3
189,5,Hamilton (Mercedes),43.75726,218.21268,Cloudy,0.3
189,1,Verstappen (Red Bull),43.98617,43.98617,Cloudy,0.3
189,2,Verstappen (Red Bull),44.57387,88.56003,Cloudy,0.3
189,3,Verstappen (Red Bull),43.58754,132.14758,Cloudy,0.3
189,4,Verstappen (Red Bull),44.10605,176.25363,Cloudy,0.3
189,5,Verstappen (Red Bull),43.78125,220.03487,Cloudy,0.3
189,1,Norris (McLaren),43.85776,43.85776,Cloudy,0.3
189,2,Norris (McLaren),43.48791,87.34568,Cloudy,0.3
189,3,Norris (McLaren),43.13513,130.48081,Cloudy,0.3
189,4,Norris (McLaren),45.38571,175.86653,Cloudy,0.3
189,5,Norris (McLaren),43.01413,218.88066,Cloudy,0.3
190,1,Hamilton (Mercedes),44.19454,44.19454,Cloudy,0.3
190,2,Hamilton (Mercedes),43.77689,87.97143,Cloudy,0.3
190,3,Hamilton (Mercedes),43.77121,131.74263,Cloudy,0.3
190,4,Hamilton (Mercedes),44.073,175.81563,Cloudy,0.3
190,5,Hamilton (Mercedes),43.85978,219.67541,Cloudy,0.3
190,1,Verstappen (Red Bull),44.29433,44.29433,Cloudy,0.3
190,2,Verstappen (Red Bull),42.57569,86.87002,Cloudy,0.3
190,3,Verstappen (Red Bull),43.49964,130.36966,Cloudy,0.3
190,4,Verstappen (Red Bull),44.55682,174.92648,Cloudy,0.3
190,5,Verstappen (Red Bull),44.45392,219.38039,Cloudy,0.3
190,1,Norris (McLaren),44.55812,44.55812,Cloudy,0.3
190,2,Norris (McLaren),42.9545,87.51262,Cloudy,0.3
190,3,Norris (McLaren),44.33015,131.84277,Cloudy,0.3
190,4,Norris (McLaren),43.99834,175.84112,Cloudy,0.3
190,5,Norris (McLaren),43.77866,219.61978,Cloudy,0.3
191,1,Hamilton (Mercedes),43.70265,43.70265,Cloudy,0.3
191,2,Hamilton (Mercedes),44.38867,88.09132,Cloudy,0.3
191,3,Hamilton (Mercedes),43.89542,131.98674,Cloudy,0.3
191,4,Hamilton (Mercedes),44.26878,176.25552,Cloudy,0.3
191,5,Hamilton (Mercedes),43.66345,219.91897,Cloudy,0.3
191,1,Verstappen (Red Bull),42.87431,42.87431,Cloudy,0.3
191,2,Verstappen (Red Bull),42.5881,85.46241,Cloudy,0.3
191,3,Verstappen (Red Bull),43.22575,128.68816,Cloudy,0.3
191,4,Verstappen (Red Bull),42.97411,171.66227,Cloudy,0.3
191,5,Verstappen (Red Bull),42.87945,214.54172,Cloudy,0.3
191,1,Norris (McLaren),42.73362,42.73362,Cloudy,0.3
191,2,Norris (McLaren),43.94817,86.68179,Cloudy,0.3
191,3,Norris (McLaren),44.82844,131.51023,Cloudy,0.3
191,4,Norris (McLaren),44.32947,175.83969,Cloudy,0.3
191,5,Norris (McLaren),45.03299,220.87268,Cloudy,0.3
192,1,Hamilton (Mercedes),44.516,44.516,Cloudy,0.3
192,2,Hamilton (Mercedes),44.36642,88.88242,Cloudy,0.3
192,3,Hamilton (Mercedes),45.19443,134.07686,Cloudy,0.3
192,4,Hamilton (Mercedes),44.21602,178.29287,Cloudy,0.3
192,5,Hamilton (Mercedes),44.64739,222.94026,Cloudy,0.3
192,1,Verstappen (Red Bull),42.80789,42.80789,Cloudy,0.3
192,2,Verstappen (Red Bull),43.18994,85.99783,Cloudy,0.3
192,3,Verstappen (Red Bull),43.91268,129.91051,Cloudy,0.3
192,4,Verstappen (Red Bull),43.92967,173.84018,Cloudy,0.3
192,5,Verstappen (Red Bull),44.43496,218.27515,Cloudy,0.3
192,1,Norris (McLaren),43.50483,43.50483,Cloudy,0.3
192,2,Norris (McLaren),43.95466,87.45949,Cloudy,0.3
192,3,Norris (McLaren),44.60073,132.06022,Cloudy,0.3
192,4,Norris (McLaren),43.11729,175.17751,Cloudy,0.3
192,5,Norris (McLaren),43.49188,218.66939,Cloudy,0.3
193,1,Hamilton (Mercedes),43.05294,43.05294,Cloudy,0.3
193,2,Hamilton (Mercedes),43.22725,86.28018,Cloudy,0.3
193,3,Hamilton (Mercedes),44.47864,130.75883,Cloudy,0.3
193,4,Hamilton (Mercedes),44.44059,175.19942,Cloudy,0.3
193,5,Hamilton (Mercedes),45.08845,220.28787,Cloudy,0.3
193,1,Verstappen (Red Bull),43.22245,43.22245,Cloudy,0.3
193,2,Verstappen (Red Bull),43.3278,86.55025,Cloudy,0.3
193,3,Verstappen (Red Bull),43.01207,129.56232,Cloudy,0.3
193,4,Verstappen (Red Bull),43.32845,172.89077,Cloudy,0.3
193,5,Verstappen (Red Bull),44.00357,216.89434,Cloudy,0.3
193,1,Norris (McLaren),42.80768,42.80768,Cloudy,0.3
193,2,Norris (McLaren),43.84689,86.65456,Cloudy,0.3
193,3,Norris (McLaren),44.74005,131.39461,Cloudy,0.3
193,4,Norris (McLaren),43.71074,175.10534,Cloudy,0.3
193,5,Norris (McLaren),43.49394,218.59928,Cloudy,0.3
194,1,Hamilton (Mercedes),44.24807,44.24807,Cloudy,0.3
194,2,Hamilton (Mercedes),44.04614,88.29421,Cloudy,0.3
194,3,Hamilton (Mercedes),43.77418,132.06839,Cloudy,0.3
194,4,Hamilton (Mercedes),43.83492,175.9033,Cloudy,0.3
194,5,Hamilton (Mercedes),44.04327,219.94658,Cloudy,0.3
194,1,Verstappen (Red Bull),43.50456,43.50456,Cloudy,0.3
194,2,Verstappen (Red Bull),43.56844,87.07301,Cloudy,0.3
194,3,Verstappen (Red Bull),43.28716,130.36016,Cloudy,0.3
194,4,Verstappen (Red Bull),43.45345,173.81362,Cloudy,0.3
194,5,Verstappen (Red Bull),43.83291,217.64653,Cloudy,0.3
194,1,Norris (McLaren),43.79345,43.79345,Cloudy,0.3
194,2,Norris (McLaren),42.21584,86.0093,Cloudy,0.3
194,3,Norris (McLaren),43.18619,129.19548,Cloudy,0.3
194,4,Norris (McLaren),44.42095,173.61643,Cloudy,0.3
194,5,Norris (McLaren),44.09679,217.71322,Cloudy,0.3
195,1,Hamilton (Mercedes),43.42613,43.42613,Cloudy,0.3
195,2,Hamilton (Mercedes),43.78594,87.21208,Cloudy,0.3
195,3,Hamilton (Mercedes),43.35022,130.5623,Cloudy,0.3
195,4,Hamilton (Mercedes),43.64834,174.21064,Cloudy,0.3
195,5,Hamilton (Mercedes),43.54642,217.75706,Cloudy,0.3
195,1,Verstappen (Red Bull),43.95621,43.95621,Cloudy,0.3
195,2,Verstappen (Red Bull),42.55761,86.51383,Cloudy,0.3
195,3,Verstappen (Red Bull),43.37691,129.89074,Cloudy,0.3
195,4,Verstappen (Red Bull),42.99851,172.88925,Cloudy,0.3
195,5,Verstappen (Red Bull),43.13209,216.02135,Cloudy,0.3
195,1,Norris (McLaren),44.4541,44.4541,Cloudy,0.3
195,2,Norris (McLaren),43.17512,87.62922,Cloudy,0.3
195,3,Norris (McLaren),44.29906,131.92828,Cloudy,0.3
195,4,Norris (McLaren),42.75422,174.68251,Cloudy,0.3
195,5,Norris (McLaren),43.59969,218.2822,Cloudy,0.3
196,1,Hamilton (Mercedes),43.41832,43.41832,Cloudy,0.3
196,2,Hamilton (Mercedes),43.77343,87.19175,Cloudy,0.3
196,3,Hamilton (Mercedes),43.70033,130.89208,Cloudy,0.3
196,4,Hamilton (Mercedes),43.97059,174.86267,Cloudy,0.3
196,5,Hamilton (Mercedes),43.86189,218.72456,Cloudy,0.3
196,1,Verstappen (Red Bull),42.9956,42.9956,Cloudy,0.3
196,2,Verstappen (Red Bull),43.86129,86.85689,Cloudy,0.3
196,3,Verstappen (Red Bull),43.79827,130.65515,Cloudy,0.3
196,4,Verstappen (Red Bull),43.3109,173.96605,Cloudy,0.3
196,5,Verstappen (Red Bull),42.9735,216.93955,Cloudy,0.3
196,1,Norris (McLaren),44.26009,44.26009,Cloudy,0.3
196,2,Norris (McLaren),44.18895,88.44905,Cloudy,0.3
196,3,Norris (McLaren),43.99575,132.44479,Cloudy,0.3
196,4,Norris (McLaren),43.25324,175.69803,Cloudy,0.3
196,5,Norris (McLaren),44.42205,220.12008,Cloudy,0.3
197,1,Hamilton (Mercedes),42.97858,42.97858,Cloudy,0.3
197,2,Hamilton (Mercedes),44.8265,87.80508,Cloudy,0.3
197,3,Hamilton (Mercedes),45.5015,133.30659,Cloudy,0.3
197,4,Hamilton (Mercedes),45.07765,178.38423,Cloudy,0.3
197,5,Hamilton (Mercedes),44.1548,222.53903,Cloudy,0.3
197,1,Verstappen (Red Bull),43.56652,43.56652,Cloudy,0.3
197,2,Verstappen (Red Bull),43.60283,87.16935,Cloudy,0.3
197,3,Verstappen (Red Bull),43.05285,130.2222,Cloudy,0.3
197,4,Verstappen (Red Bull),43.33013,173.55233,Cloudy,0.3
197,5,Verstappen (Red Bull),42.50827,216.06061,Cloudy,0.3
197,1,Norris (McLaren),44.25169,44.25169,Cloudy,0.3
197,2,Norris (McLaren),43.4943,87.74599,Cloudy,0.3
197,3,Norris (McLaren),43.7897,131.53569,Cloudy,0.3
197,4,Norris (McLaren),44.84537,176.38106,Cloudy,0.3
197,5,Norris (McLaren),43.72665,220.10771,Cloudy,0.3
198,1,Hamilton (Mercedes),43.73132,43.73132,Cloudy,0.3
198,2,Hamilton (Mercedes),44.17044,87.90176,Cloudy,0.3
198,3,Hamilton (Mercedes),44.22013,132.12189,Cloudy,0.3
198,4,Hamilton (Mercedes),44.11586,176.23775,Cloudy,0.3
198,5,Hamilton (Mercedes),43.67565,219.91341,Cloudy,0.3
198,1,Verstappen (Red Bull),44.14173,44.14173,Cloudy,0.3
198,2,Verstappen (Red Bull),42.98114,87.12288,Cloudy,0.3
198,3,Verstappen (Red Bull),43.0,130.12288,Cloudy,0.3
198,4,Verstappen (Red Bull),42.62754,172.75042,Cloudy,0.3
198,5,Verstappen (Red Bull),43.50512,216.25554,Cloudy,0.3
198,1,Norris (McLaren),44.02894,44.02894,Cloudy,0.3
198,2,Norris (McLaren),44.80135,88.83029,Cloudy,0.3
198,3,Norris (McLaren),42.7957,131.62599,Cloudy,0.3
198,4,Norris (McLaren),42.18445,173.81044,Cloudy,0.3
198,5,Norris (McLaren),43.26431,217.07474,Cloudy,0.3
199,1,Hamilton (Mercedes),43.49802,43.49802,Cloudy,0.3
199,2,Hamilton (Mercedes),44.14111,87.63913,Cloudy,0.3
199,3,Hamilton (Mercedes),43.88159,131.52072,Cloudy,0.3
199,4,Hamilton (Mercedes),44.63675,176.15747,Cloudy,0.3
199,5,Hamilton (Mercedes),43.2475,219.40497,Cloudy,0.3
199,1,Verstappen (Red Bull),44.14836,44.14836,Cloudy,0.3
199,2,Verstappen (Red Bull),43.82484,87.9732,Cloudy,0.3
199,3,Verstappen (Red Bull),43.60656,131.57976,Cloudy,0.3
199,4,Verstappen (Red Bull),44.30397,175.88373,Cloudy,0.3
199,5,Verstappen (Red Bull),44.02192,219.90564,Cloudy,0.3
199,1,Norris (McLaren),43.94616,43.94616,Cloudy,0.3
199,2,Norris (McLaren),43.95722,87.90338,Cloudy,0.3
199,3,Norris (McLaren),42.14756,130.05094,Cloudy,0.3
199,4,Norris (McLaren),43.58157,173.63251,Cloudy,0.3
199,5,Norris (McLaren),43.80117,217.43368,Cloudy,0.3
200,1,Hamilton (Mercedes),43.75988,43.75988,Cloudy,0.3
200,2,Hamilton (Mercedes),43.36356,87.12344,Cloudy,0.3
200,3,Hamilton (Mercedes),43.60955,130.73298,Cloudy,0.3
200,4,Hamilton (Mercedes),43.0947,173.82768,Cloudy,0.3
200,5,Hamilton (Mercedes),42.58462,216.4123,Cloudy,0.3
200,1,Verstappen (Red Bull),44.14548,44.14548,Cloudy,0.3
200,2,Verstappen (Red Bull),43.70492,87.8504,Cloudy,0.3
200,3,Verstappen (Red Bull),43.59328,131.44368,Cloudy,0.3
200,4,Verstappen (Red Bull),44.46851,175.91219,Cloudy,0.3
200,5,Verstappen (Red Bull),43.74414,219.65632,Cloudy,0.3
200,1,Norris (McLaren),44.48823,44.48823,Cloudy,0.3
200,2,Norris (McLaren),44.91154,89.39977,Cloudy,0.3
200,3,Norris (McLaren),43.91011,133.30988,Cloudy,0.3
200,4,Norris (McLaren),43.20306,176.51294,Cloudy,0.3
200,5,Norris (McLaren),43.9966,220.50954,Cloudy,0.3
