trial,lap,entrant,lap_time,cumulative_time,weather,wetness
1,1,Hamilton (Mercedes),46.20681,46.20681,Cloudy,0.3
1,2,Hamilton (Mercedes),46.47892,92.68574,Cloudy,0.3
1,3,Hamilton (Mercedes),45.05484,137.74058,Cloudy,0.3
1,4,Hamilton (Mercedes),45.03866,182.77924,Cloudy,0.3
1,5,Hamilton (Mercedes),46.347,229.12624,Cloudy,0.3
1,1,Verstappen (Red Bull),46.82693,46.82693,Cloudy,0.3
1,2,Verstappen (Red Bull),44.35618,91.18311,Cloudy,0.3
1,3,Verstappen (Red Bull),45.07202,136.25513,Cloudy,0.3
1,4,Verstappen (Red Bull),45.61587,181.87101,Cloudy,0.3
1,5,Verstappen (Red Bull),45.18072,227.05172,Cloudy,0.3
1,1,Norris (McLaren),45.54688,45.54688,Cloudy,0.3
1,2,Norris (McLaren),45.47373,91.02061,Cloudy,0.3
1,3,Norris (McLaren),46.43946,137.46007,Cloudy,0.3
1,4,Norris (McLaren),45.78004,183.24011,Cloudy,0.3
1,5,Norris (McLaren),45.88541,229.12552,Cloudy,0.3
2,1,Hamilton (Mercedes),45.3359,45.3359,Cloudy,0.3
2,2,Hamilton (Mercedes),46.38309,91.71899,Cloudy,0.3
2,3,Hamilton (Mercedes),46.98233,138.70132,Cloudy,0.3
2,4,Hamilton (Mercedes),46.35848,185.0598,Cloudy,0.3
2,5,Hamilton (Mercedes),45.8174,230.8772,Cloudy,0.3
2,1,Verstappen (Red Bull),44.72952,44.72952,Cloudy,0.3
2,2,Verstappen (Red Bull),45.73291,90.46242,Cloudy,0.3
2,3,Verstappen (Red Bull),45.71605,136.17847,Cloudy,0.3
2,4,Verstappen (Red Bull),45.31325,181.49172,Cloudy,0.3
2,5,Verstappen (Red Bull),44.10172,225.59344,Cloudy,0.3
2,1,Norris (McLaren),45.15948,45.15948,Cloudy,0.3
2,2,Norris (McLaren),44.9168,90.07627,Cloudy,0.3
2,3,Norris (McLaren),45.06966,135.14594,Cloudy,0.3
2,4,Norris (McLaren),45.88243,181.02836,Cloudy,0.3
2,5,Norris (McLaren),44.95469,225.98305,Cloudy,0.3
3,1,Hamilton (Mercedes),45.84332,45.84332,Cloudy,0.3
3,2,Hamilton (Mercedes),46.7141,92.55743,Cloudy,0.3
3,3,Hamilton (Mercedes),45.5371,138.09453,Cloudy,0.3
3,4,Hamilton (Mercedes),45.93416,184.02869,Cloudy,0.3
3,5,Hamilton (Mercedes),46.33043,230.35911,Cloudy,0.3
3,1,Verstappen (Red Bull),45.06112,45.06112,Cloudy,0.3
3,2,Verstappen (Red Bull),44.54407,89.60519,Cloudy,0.3
3,3,Verstappen (Red Bull),45.57667,135.18186,Cloudy,0.3
3,4,Verstappen (Red Bull),45.93574,181.11761,Cloudy,0.3
3,5,Verstappen (Red Bull),44.40401,225.52162,Cloudy,0.3
3,1,Norris (McLaren),45.454,45.454,Cloudy,0.3
3,2,Norris (McLaren),45.33204,90.78604,Cloudy,0.3
3,3,Norris (McLaren),46.61376,137.3998,Cloudy,0.3
3,4,Norris (McLaren),44.5329,181.93271,Cloudy,0.3
3,5,Norris (McLaren),45.50009,227.4328,Cloudy,0.3
4,1,Hamilton (Mercedes),45.12869,45.12869,Cloudy,0.3
4,2,Hamilton (Mercedes),45.39813,90.52682,Cloudy,0.3
4,3,Hamilton (Mercedes),45.96744,136.49426,Cloudy,0.3
4,4,Hamilton (Mercedes),45.75827,182.25253,Cloudy,0.3
4,5,Hamilton (Mercedes),45.87061,228.12314,Cloudy,0.3
4,1,Verstappen (Red Bull),44.98438,44.98438,Cloudy,0.3
4,2,Verstappen (Red Bull),44.49266,89.47704,Cloudy,0.3
4,3,Verstappen (Red Bull),45.95473,135.43177,Cloudy,0.3
4,4,Verstappen (Red Bull),46.27954,181.71131,Cloudy,0.3
4,5,Verstappen (Red Bull),45.403,227.1143,Cloudy,0.3
4,1,Norris (McLaren),45.42253,45.42253,Cloudy,0.3
4,2,Norris (McLaren),46.62677,92.0493,Cloudy,0.3
4,3,Norris (McLaren),46.04314,138.09244,Cloudy,0.3
4,4,Norris (McLaren),45.8689,183.96134,Cloudy,0.3
4,5,Norris (McLaren),46.33198,230.29332,Cloudy,0.3
5,1,Hamilton (Mercedes),45.45812,45.45812,Cloudy,0.3
5,2,Hamilton (Mercedes),45.48454,90.94266,Cloudy,0.3
5,3,Hamilton (Mercedes),46.01523,136.95789,Cloudy,0.3
5,4,Hamilton (Mercedes),45.32642,182.28431,Cloudy,0.3
5,5,Hamilton (Mercedes),45.97797,228.26228,Cloudy,0.3
5,1,Verstappen (Red Bull),45.55598,45.55598,Cloudy,0.3
5,2,Verstappen (Red Bull),45.75393,91.30992,Cloudy,0.3
5,3,Verstappen (Red Bull),45.71851,137.02843,Cloudy,0.3
5,4,Verstappen (Red Bull),44.60429,181.63272,Cloudy,0.3
5,5,Verstappen (Red Bull),45.33945,226.97217,Cloudy,0.3
5,1,Norris (McLaren),45.92784,45.92784,Cloudy,0.3
5,2,Norris (McLaren),46.41131,92.33916,Cloudy,0.3
5,3,Norris (McLaren),46.3913,138.73046,Cloudy,0.3
5,4,Norris (McLaren),45.48745,184.21791,Cloudy,0.3
5,5,Norris (McLaren),45.53892,229.75682,Cloudy,0.3
6,1,Hamilton (Mercedes),45.29677,45.29677,Cloudy,0.3
6,2,Hamilton (Mercedes),45.69314,90.98991,Cloudy,0.3
6,3,Hamilton (Mercedes),45.50646,136.49637,Cloudy,0.3
6,4,Hamilton (Mercedes),45.22161,181.71798,Cloudy,0.3
6,5,Hamilton (Mercedes),45.78806,227.50603,Cloudy,0.3
6,1,Verstappen (Red Bull),46.00679,46.00679,Cloudy,0.3
6,2,Verstappen (Red Bull),46.3234,92.33019,Cloudy,0.3
6,3,Verstappen (Red Bull),45.60009,137.93028,Cloudy,0.3
6,4,Verstappen (Red Bull),45.35606,183.28633,Cloudy,0.3
6,5,Verstappen (Red Bull),45.61427,228.9006,Cloudy,0.3
6,1,Norris (McLaren),46.24435,46.24435,Cloudy,0.3
6,2,Norris (McLaren),46.06634,92.31069,Cloudy,0.3
6,3,Norris (McLaren),45.96496,138.27565,Cloudy,0.3
6,4,Norris (McLaren),45.53553,183.81118,Cloudy,0.3
6,5,Norris (McLaren),45.48461,229.29579,Cloudy,0.3
7,1,Hamilton (Mercedes),47.20205,47.20205,Cloudy,0.3
7,2,Hamilton (Mercedes),46.54786,93.74991,Cloudy,0.3
7,3,Hamilton (Mercedes),45.47523,139.22514,Cloudy,0.3
7,4,Hamilton (Mercedes),46.4065,185.63164,Cloudy,0.3
7,5,Hamilton (Mercedes),45.53555,231.16719,Cloudy,0.3
7,1,Verstappen (Red Bull),45.56222,45.56222,Cloudy,0.3
7,2,Verstappen (Red Bull),45.12962,90.69184,Cloudy,0.3
7,3,Verstappen (Red Bull),45.58328,136.27512,Cloudy,0.3
7,4,Verstappen (Red Bull),45.10904,181.38417,Cloudy,0.3
7,5,Verstappen (Red Bull),45.27673,226.66089,Cloudy,0.3
7,1,Norris (McLaren),46.04092,46.04092,Cloudy,0.3
7,2,Norris (McLaren),46.12497,92.16589,Cloudy,0.3
7,3,Norris (McLaren),44.41268,136.57857,Cloudy,0.3
7,4,Norris (McLaren),46.57627,183.15483,Cloudy,0.3
7,5,Norris (McLaren),44.19029,227.34512,Cloudy,0.3
8,1,Hamilton (Mercedes),45.15185,45.15185,Cloudy,0.3
8,2,Hamilton (Mercedes),45.6828,90.83465,Cloudy,0.3
8,3,Hamilton (Mercedes),46.26364,137.0983,Cloudy,0.3
8,4,Hamilton (Mercedes),45.93551,183.0338,Cloudy,0.3
8,5,Hamilton (Mercedes),45.683,228.7168,Cloudy,0.3
8,1,Verstappen (Red Bull),46.03254,46.03254,Cloudy,0.3
8,2,Verstappen (Red Bull),45.47298,91.50551,Cloudy,0.3
8,3,Verstappen (Red Bull),45.42043,136.92594,Cloudy,0.3
8,4,Verstappen (Red Bull),45.91769,182.84363,Cloudy,0.3
8,5,Verstappen (Red Bull),45.04168,227.88531,Cloudy,0.3
8,1,Norris (McLaren),47.2648,47.2648,Cloudy,0.3
8,2,Norris (McLaren),46.62649,93.89128,Cloudy,0.3
8,3,Norris (McLaren),45.71297,139.60425,Cloudy,0.3
8,4,Norris (McLaren),45.76655,185.3708,Cloudy,0.3
8,5,Norris (McLaren),45.85056,231.22136,Cloudy,0.3
9,1,Hamilton (Mercedes),46.41559,46.41559,Cloudy,0.3
9,2,Hamilton (Mercedes),46.23778,92.65336,Cloudy,0.3
9,3,Hamilton (Mercedes),45.5517,138.20507,Cloudy,0.3
9,4,Hamilton (Mercedes),45.43323,183.63829,Cloudy,0.3
9,5,Hamilton (Mercedes),46.62153,230.25982,Cloudy,0.3
9,1,Verstappen (Red Bull),44.65879,44.65879,Cloudy,0.3
9,2,Verstappen (Red Bull),44.97994,89.63873,Cloudy,0.3
9,3,Verstappen (Red Bull),46.14437,135.78309,Cloudy,0.3
9,4,Verstappen (Red Bull),44.63726,180.42035,Cloudy,0.3
9,5,Verstappen (Red Bull),45.78701,226.20736,Cloudy,0.3
9,1,Norris (McLaren),46.50532,46.50532,Cloudy,0.3
9,2,Norris (McLaren),47.46633,93.97166,Cloudy,0.3
9,3,Norris (McLaren),46.6915,140.66315,Cloudy,0.3
9,4,Norris (McLaren),45.89097,186.55413,Cloudy,0.3
9,5,Norris (McLaren),45.02066,231.57478,Cloudy,0.3
10,1,Hamilton (Mercedes),46.79032,46.79032,Cloudy,0.3
10,2,Hamilton (Mercedes),46.7194,93.50972,Cloudy,0.3
10,3,Hamilton (Mercedes),46.90586,140.41558,Cloudy,0.3
10,4,Hamilton (Mercedes),46.89385,187.30942,Cloudy,0.3
10,5,Hamilton (Mercedes),46.03836,233.34778,Cloudy,0.3
10,1,Verstappen (Red Bull),45.28916,45.28916,Cloudy,0.3
10,2,Verstappen (Red Bull),44.84669,90.13585,Cloudy,0.3
10,3,Verstappen (Red Bull),45.72877,135.86462,Cloudy,0.3
10,4,Verstappen (Red Bull),45.96467,181.82929,Cloudy,0.3
10,5,Verstappen (Red Bull),45.11699,226.94628,Cloudy,0.3
10,1,Norris (McLaren),45.91084,45.91084,Cloudy,0.3
10,2,Norris (McLaren),46.45127,92.36211,Cloudy,0.3
10,3,Norris (McLaren),46.86684,139.22894,Cloudy,0.3
10,4,Norris (McLaren),45.24001,184.46896,Cloudy,0.3
10,5,Norris (McLaren),45.58963,230.05859,Cloudy,0.3
11,1,Hamilton (Mercedes),45.48578,45.48578,Cloudy,0.3
11,2,Hamilton (Mercedes),45.48295,90.96874,Cloudy,0.3
11,3,Hamilton (Mercedes),46.48672,137.45546,Cloudy,0.3
11,4,Hamilton (Mercedes),46.55647,184.01193,Cloudy,0.3
11,5,Hamilton (Mercedes),45.79645,229.80838,Cloudy,0.3
11,1,Verstappen (Red Bull),45.34338,45.34338,Cloudy,0.3
11,2,Verstappen (Red Bull),45.13201,90.47539,Cloudy,0.3
11,3,Verstappen (Red Bull),46.53184,137.00723,Cloudy,0.3
11,4,Verstappen (Red Bull),45.13265,182.13988,Cloudy,0.3
11,5,Verstappen (Red Bull),45.29162,227.43151,Cloudy,0.3
11,1,Norris (McLaren),45.16346,45.16346,Cloudy,0.3
11,2,Norris (McLaren),46.22407,91.38753,Cloudy,0.3
11,3,Norris (McLaren),45.40482,136.79235,Cloudy,0.3
11,4,Norris (McLaren),44.44819,181.24054,Cloudy,0.3
11,5,Norris (McLaren),45.93554,227.17608,Cloudy,0.3
12,1,Hamilton (Mercedes),46.10717,46.10717,Cloudy,0.3
12,2,Hamilton (Mercedes),45.92022,92.0274,Cloudy,0.3
12,3,Hamilton (Mercedes),46.05935,138.08675,Cloudy,0.3
12,4,Hamilton (Mercedes),46.1643,184.25105,Cloudy,0.3
12,5,Hamilton (Mercedes),46.23005,230.4811,Cloudy,0.3
12,1,Verstappen (Red Bull),46.14083,46.14083,Cloudy,0.3
12,2,Verstappen (Red Bull),45.89065,92.03148,Cloudy,0.3
12,3,Verstappen (Red Bull),46.07274,138.10422,Cloudy,0.3
12,4,Verstappen (Red Bull),45.88529,183.98951,Cloudy,0.3
12,5,Verstappen (Red Bull),45.77849,229.768,Cloudy,0.3
12,1,Norris (McLaren),45.67658,45.67658,Cloudy,0.3
12,2,Norris (McLaren),45.80669,91.48328,Cloudy,0.3
12,3,Norris (McLaren),44.85393,136.33721,Cloudy,0.3
12,4,Norris (McLaren),46.55752,182.89473,Cloudy,0.3
12,5,Norris (McLaren),47.21854,230.11327,Cloudy,0.3
13,1,Hamilton (Mercedes),45.97701,45.97701,Cloudy,0.3
13,2,Hamilton (Mercedes),45.49921,91.47623,Cloudy,0.3
13,3,Hamilton (Mercedes),46.21265,137.68888,Cloudy,0.3
13,4,Hamilton (Mercedes),45.85861,183.54749,Cloudy,0.3
13,5,Hamilton (Mercedes),46.53781,230.08529,Cloudy,0.3
13,1,Verstappen (Red Bull),44.55603,44.55603,Cloudy,0.3
13,2,Verstappen (Red Bull),46.40065,90.95668,Cloudy,0.3
13,3,Verstappen (Red Bull),46.30201,137.25868,Cloudy,0.3
13,4,Verstappen (Red Bull),45.74118,182.99986,Cloudy,0.3
13,5,Verstappen (Red Bull),44.27531,227.27517,Cloudy,0.3
13,1,Norris (McLaren),45.53603,45.53603,Cloudy,0.3
13,2,Norris (McLaren),46.85051,92.38654,Cloudy,0.3
13,3,Norris (McLaren),45.87281,138.25935,Cloudy,0.3
13,4,Norris (McLaren),45.13578,183.39513,Cloudy,0.3
13,5,Norris (McLaren),45.86829,229.26342,Cloudy,0.3
14,1,Hamilton (Mercedes),46.04047,46.04047,Cloudy,0.3
14,2,Hamilton (Mercedes),45.34615,91.38661,Cloudy,0.3
14,3,Hamilton (Mercedes),45.99266,137.37927,Cloudy,0.3
14,4,Hamilton (Mercedes),46.55554,183.93482,Cloudy,0.3
14,5,Hamilton (Mercedes),46.55556,230.49037,Cloudy,0.3
14,1,Verstappen (Red Bull),46.07959,46.07959,Cloudy,0.3
14,2,Verstappen (Red Bull),45.68345,91.76304,Cloudy,0.3
14,3,Verstappen (Red Bull),45.10573,136.86878,Cloudy,0.3
14,4,Verstappen (Red Bull),45.4547,182.32348,Cloudy,0.3
14,5,Verstappen (Red Bull),46.62675,228.95023,Cloudy,0.3
14,1,Norris (McLaren),46.189,46.189,Cloudy,0.3
14,2,Norris (McLaren),46.30078,92.48978,Cloudy,0.3
14,3,Norris (McLaren),45.02935,137.51913,Cloudy,0.3
14,4,Norris (McLaren),46.574,184.09313,Cloudy,0.3
14,5,Norris (McLaren),45.90844,230.00157,Cloudy,0.3
15,1,Hamilton (Mercedes),46.91053,46.91053,Cloudy,0.3
15,2,Hamilton (Mercedes),45.80992,92.72045,Cloudy,0.3
15,3,Hamilton (Mercedes),45.96333,138.68378,Cloudy,0.3
15,4,Hamilton (Mercedes),45.87965,184.56343,Cloudy,0.3
15,5,Hamilton (Mercedes),45.67709,230.24052,Cloudy,0.3
15,1,Verstappen (Red Bull),45.28862,45.28862,Cloudy,0.3
15,2,Verstappen (Red Bull),45.56183,90.85044,Cloudy,0.3
15,3,Verstappen (Red Bull),45.47273,136.32317,Cloudy,0.3
15,4,Verstappen (Red Bull),45.67464,181.99781,Cloudy,0.3
15,5,Verstappen (Red Bull),46.60692,228.60474,Cloudy,0.3
15,1,Norris (McLaren),46.17536,46.17536,Cloudy,0.3
15,2,Norris (McLaren),46.1503,92.32565,Cloudy,0.3
15,3,Norris (McLaren),45.26696,137.59261,Cloudy,0.3
15,4,Norris (McLaren),47.07684,184.66945,Cloudy,0.3
15,5,Norris (McLaren),45.22892,229.89837,Cloudy,0.3
16,1,Hamilton (Mercedes),44.84247,44.84247,Cloudy,0.3
16,2,Hamilton (Mercedes),46.10278,90.94524,Cloudy,0.3
16,3,Hamilton (Mercedes),46.23587,137.18111,Cloudy,0.3
16,4,Hamilton (Mercedes),45.51569,182.69681,Cloudy,0.3
16,5,Hamilton (Mercedes),46.78158,229.47839,Cloudy,0.3
16,1,Verstappen (Red Bull),44.52749,44.52749,Cloudy,0.3
16,2,Verstappen (Red Bull),44.59558,89.12307,Cloudy,0.3
16,3,Verstappen (Red Bull),45.4266,134.54967,Cloudy,0.3
16,4,Verstappen (Red Bull),45.25626,179.80593,Cloudy,0.3
16,5,Verstappen (Red Bull),45.33057,225.1365,Cloudy,0.3
16,1,Norris (McLaren),46.17802,46.17802,Cloudy,0.3
16,2,Norris (McLaren),45.64356,91.82158,Cloudy,0.3
16,3,Norris (McLaren),46.76,138.58158,Cloudy,0.3
16,4,Norris (McLaren),44.68067,183.26226,Cloudy,0.3
16,5,Norris (McLaren),46.1531,229.41536,Cloudy,0.3
17,1,Hamilton (Mercedes),47.18712,47.18712,Cloudy,0.3
17,2,Hamilton (Mercedes),46.13785,93.32497,Cloudy,0.3
17,3,Hamilton (Mercedes),46.48294,139.80791,Cloudy,0.3
17,4,Hamilton (Mercedes),46.77263,186.58054,Cloudy,0.3
17,5,Hamilton (Mercedes),46.10857,232.68911,Cloudy,0.3
17,1,Verstappen (Red Bull),45.34446,45.34446,Cloudy,0.3
17,2,Verstappen (Red Bull),44.02348,89.36794,Cloudy,0.3
17,3,Verstappen (Red Bull),45.08269,134.45062,Cloudy,0.3
17,4,Verstappen (Red Bull),46.13047,180.58109,Cloudy,0.3
17,5,Verstappen (Red Bull),45.50963,226.09072,Cloudy,0.3
17,1,Norris (McLaren),45.1597,45.1597,Cloudy,0.3
17,2,Norris (McLaren),46.05812,91.21782,Cloudy,0.3
17,3,Norris (McLaren),45.90298,137.1208,Cloudy,0.3
17,4,Norris (McLaren),46.15984,183.28063,Cloudy,0.3
17,5,Norris (McLaren),45.70797,228.9886,Cloudy,0.3
18,1,Hamilton (Mercedes),46.39402,46.39402,Cloudy,0.3
18,2,Hamilton (Mercedes),45.70616,92.10018,Cloudy,0.3
18,3,Hamilton (Mercedes),47.13124,139.23142,Cloudy,0.3
18,4,Hamilton (Mercedes),46.4151,185.64652,Cloudy,0.3
18,5,Hamilton (Mercedes),45.88983,231.53635,Cloudy,0.3
18,1,Verstappen (Red Bull),45.91022,45.91022,Cloudy,0.3
18,2,Verstappen (Red Bull),45.5549,91.46512,Cloudy,0.3
18,3,Verstappen (Red Bull),45.6943,137.15942,Cloudy,0.3
18,4,Verstappen (Red Bull),45.20864,182.36806,Cloudy,0.3
18,5,Verstappen (Red Bull),45.35088,227.71894,Cloudy,0.3
18,1,Norris (McLaren),45.49964,45.49964,Cloudy,0.3
18,2,Norris (McLaren),45.50644,91.00609,Cloudy,0.3
18,3,Norris (McLaren),46.08823,137.09431,Cloudy,0.3
18,4,Norris (McLaren),45.26786,182.36217,Cloudy,0.3
18,5,Norris (McLaren),45.31772,227.67989,Cloudy,0.3
19,1,Hamilton (Mercedes),46.11727,46.11727,Cloudy,0.3
19,2,Hamilton (Mercedes),45.38054,91.49781,Cloudy,0.3
19,3,Hamilton (Mercedes),45.92882,137.42663,Cloudy,0.3
19,4,Hamilton (Mercedes),46.08417,183.5108,Cloudy,0.3
19,5,Hamilton (Mercedes),46.10062,229.61142,Cloudy,0.3
19,1,Verstappen (Red Bull),45.34656,45.34656,Cloudy,0.3
19,2,Verstappen (Red Bull),43.82983,89.17638,Cloudy,0.3
19,3,Verstappen (Red Bull),45.49098,134.66736,Cloudy,0.3
19,4,Verstappen (Red Bull),45.6111,180.27845,Cloudy,0.3
19,5,Verstappen (Red Bull),44.9758,225.25425,Cloudy,0.3
19,1,Norris (McLaren),46.2324,46.2324,Cloudy,0.3
19,2,Norris (McLaren),45.5309,91.7633,Cloudy,0.3
19,3,Norris (McLaren),44.978,136.7413,Cloudy,0.3
19,4,Norris (McLaren),45.31836,182.05966,Cloudy,0.3
19,5,Norris (McLaren),45.65367,227.71333,Cloudy,0.3
20,1,Hamilton (Mercedes),45.58595,45.58595,Cloudy,0.3
20,2,Hamilton (Mercedes),45.64089,91.22684,Cloudy,0.3
20,3,Hamilton (Mercedes),46.30524,137.53208,Cloudy,0.3
20,4,Hamilton (Mercedes),46.78561,184.31769,Cloudy,0.3
20,5,Hamilton (Mercedes),45.59226,229.90995,Cloudy,0.3
20,1,Verstappen (Red Bull),44.96695,44.96695,Cloudy,0.3
20,2,Verstappen (Red Bull),46.28878,91.25573,Cloudy,0.3
20,3,Verstappen (Red Bull),45.17067,136.4264,Cloudy,0.3
20,4,Verstappen (Red Bull),45.19769,181.62409,Cloudy,0.3
20,5,Verstappen (Red Bull),45.22791,226.852,Cloudy,0.3
20,1,Norris (McLaren),45.75753,45.75753,Cloudy,0.3
20,2,Norris (McLaren),45.82131,91.57884,Cloudy,0.3
20,3,Norris (McLaren),46.02078,137.59962,Cloudy,0.3
20,4,Norris (McLaren),46.57971,184.17933,Cloudy,0.3
20,5,Norris (McLaren),46.21379,230.39312,Cloudy,0.3
21,1,Hamilton (Mercedes),46.50974,46.50974,Cloudy,0.3
21,2,Hamilton (Mercedes),45.12969,91.63942,Cloudy,0.3
21,3,Hamilton (Mercedes),46.27132,137.91074,Cloudy,0.3
21,4,Hamilton (Mercedes),47.298,185.20874,Cloudy,0.3
21,5,Hamilton (Mercedes),45.60263,230.81137,Cloudy,0.3
21,1,Verstappen (Red Bull),46.21299,46.21299,Cloudy,0.3
21,2,Verstappen (Red Bull),44.95836,91.17135,Cloudy,0.3
21,3,Verstappen (Red Bull),45.12288,136.29422,Cloudy,0.3
21,4,Verstappen (Red Bull),45.04554,181.33976,Cloudy,0.3
21,5,Verstappen (Red Bull),44.39394,225.73371,Cloudy,0.3
21,1,Norris (McLaren),45.48483,45.48483,Cloudy,0.3
21,2,Norris (McLaren),44.98886,90.47369,Cloudy,0.3
21,3,Norris (McLaren),46.48308,136.95677,Cloudy,0.3
21,4,Norris (McLaren),44.89241,181.84919,Cloudy,0.3
21,5,Norris (McLaren),44.42057,226.26976,Cloudy,0.3
22,1,Hamilton (Mercedes),47.07744,47.07744,Cloudy,0.3
22,2,Hamilton (Mercedes),45.89562,92.97307,Cloudy,0.3
22,3,Hamilton (Mercedes),46.10752,139.08058,Cloudy,0.3
22,4,Hamilton (Mercedes),47.26832,186.3489,Cloudy,0.3
22,5,Hamilton (Mercedes),45.73051,232.07942,Cloudy,0.3
22,1,Verstappen (Red Bull),44.57688,44.57688,Cloudy,0.3
22,2,Verstappen (Red Bull),45.27584,89.85271,Cloudy,0.3
22,3,Verstappen (Red Bull),45.39546,135.24817,Cloudy,0.3
22,4,Verstappen (Red Bull),45.24094,180.48912,Cloudy,0.3
22,5,Verstappen (Red Bull),45.70079,226.18991,Cloudy,0.3
22,1,Norris (McLaren),44.83622,44.83622,Cloudy,0.3
22,2,Norris (McLaren),46.51617,91.35239,Cloudy,0.3
22,3,Norris (McLaren),45.58768,136.94007,Cloudy,0.3
22,4,Norris (McLaren),45.55247,182.49254,Cloudy,0.3
22,5,Norris (McLaren),46.90638,229.39892,Cloudy,0.3
23,1,Hamilton (Mercedes),44.99293,44.99293,Cloudy,0.3
23,2,Hamilton (Mercedes),45.66553,90.65846,Cloudy,0.3
23,3,Hamilton (Mercedes),46.80516,137.46361,Cloudy,0.3
23,4,Hamilton (Mercedes),46.23666,183.70027,Cloudy,0.3
23,5,Hamilton (Mercedes),46.30738,230.00765,Cloudy,0.3
23,1,Verstappen (Red Bull),45.29028,45.29028,Cloudy,0.3
23,2,Verstappen (Red Bull),46.02287,91.31316,Cloudy,0.3
23,3,Verstappen (Red Bull),45.82808,137.14123,Cloudy,0.3
23,4,Verstappen (Red Bull),45.03202,182.17325,Cloudy,0.3
23,5,Verstappen (Red Bull),44.83505,227.0083,Cloudy,0.3
23,1,Norris (McLaren),45.14628,45.14628,Cloudy,0.3
23,2,Norris (McLaren),45.64085,90.78713,Cloudy,0.3
23,3,Norris (McLaren),45.25759,136.04471,Cloudy,0.3
23,4,Norris (McLaren),43.78701,179.83172,Cloudy,0.3
23,5,Norris (McLaren),45.07224,224.90396,Cloudy,0.3
24,1,Hamilton (Mercedes),45.99937,45.99937,Cloudy,0.3
24,2,Hamilton (Mercedes),46.34919,92.34856,Cloudy,0.3
24,3,Hamilton (Mercedes),45.95559,138.30415,Cloudy,0.3
24,4,Hamilton (Mercedes),45.0743,183.37845,Cloudy,0.3
24,5,Hamilton (Mercedes),45.62745,229.0059,Cloudy,0.3
24,1,Verstappen (Red Bull),45.71161,45.71161,Cloudy,0.3
24,2,Verstappen (Red Bull),44.58719,90.2988,Cloudy,0.3
24,3,Verstappen (Red Bull),45.22626,135.52506,Cloudy,0.3
24,4,Verstappen (Red Bull),44.92774,180.4528,Cloudy,0.3
24,5,Verstappen (Red Bull),45.51018,225.96299,Cloudy,0.3
24,1,Norris (McLaren),45.74762,45.74762,Cloudy,0.3
24,2,Norris (McLaren),45.09399,90.84161,Cloudy,0.3
24,3,Norris (McLaren),46.10068,136.94228,Cloudy,0.3
24,4,Norris (McLaren),45.64352,182.5858,Cloudy,0.3
24,5,Norris (McLaren),45.20577,227.79158,Cloudy,0.3
25,1,Hamilton (Mercedes),46.20876,46.20876,Cloudy,0.3
25,2,Hamilton (Mercedes),46.57349,92.78225,Cloudy,0.3
25,3,Hamilton (Mercedes),45.58969,138.37194,Cloudy,0.3
25,4,Hamilton (Mercedes),45.52473,183.89667,Cloudy,0.3
25,5,Hamilton (Mercedes),46.4487,230.34537,Cloudy,0.3
25,1,Verstappen (Red Bull),45.03459,45.03459,Cloudy,0.3
25,2,Verstappen (Red Bull),45.70141,90.736,Cloudy,0.3
25,3,Verstappen (Red Bull),46.24461,136.98062,Cloudy,0.3
25,4,Verstappen (Red Bull),45.38366,182.36428,Cloudy,0.3
25,5,Verstappen (Red Bull),45.55973,227.92401,Cloudy,0.3
25,1,Norris (McLaren),45.48724,45.48724,Cloudy,0.3
25,2,Norris (McLaren),45.9482,91.43544,Cloudy,0.3
25,3,Norris (McLaren),44.81165,136.24708,Cloudy,0.3
25,4,Norris (McLaren),44.62394,180.87102,Cloudy,0.3
25,5,Norris (McLaren),45.57063,226.44165,Cloudy,0.3
26,1,Hamilton (Mercedes),44.68273,44.68273,Cloudy,0.3
26,2,Hamilton (Mercedes),46.65456,91.33728,Cloudy,0.3
26,3,Hamilton (Mercedes),46.81706,138.15434,Cloudy,0.3
26,4,Hamilton (Mercedes),46.05433,184.20867,Cloudy,0.3
26,5,Hamilton (Mercedes),45.62501,229.83368,Cloudy,0.3
26,1,Verstappen (Red Bull),45.14201,45.14201,Cloudy,0.3
26,2,Verstappen (Red Bull),45.53628,90.67829,Cloudy,0.3
26,3,Verstappen (Red Bull),45.23315,135.91144,Cloudy,0.3
26,4,Verstappen (Red Bull),46.11056,182.022,Cloudy,0.3
26,5,Verstappen (Red Bull),45.05794,227.07995,Cloudy,0.3
26,1,Norris (McLaren),46.19203,46.19203,Cloudy,0.3
26,2,Norris (McLaren),45.50783,91.69986,Cloudy,0.3
26,3,Norris (McLaren),44.76099,136.46084,Cloudy,0.3
26,4,Norris (McLaren),46.41681,182.87765,Cloudy,0.3
26,5,Norris (McLaren),46.34661,229.22426,Cloudy,0.3
27,1,Hamilton (Mercedes),46.04436,46.04436,Cloudy,0.3
27,2,Hamilton (Mercedes),45.88568,91.93004,Cloudy,0.3
27,3,Hamilton (Mercedes),46.01863,137.94867,Cloudy,0.3
27,4,Hamilton (Mercedes),45.9119,183.86057,Cloudy,0.3
27,5,Hamilton (Mercedes),45.54772,229.40829,Cloudy,0.3
27,1,Verstappen (Red Bull),45.71774,45.71774,Cloudy,0.3
27,2,Verstappen (Red Bull),45.6964,91.41415,Cloudy,0.3
27,3,Verstappen (Red Bull),45.5075,136.92164,Cloudy,0.3
27,4,Verstappen (Red Bull),45.2689,182.19054,Cloudy,0.3
27,5,Verstappen (Red Bull),45.09573,227.28627,Cloudy,0.3
27,1,Norris (McLaren),45.35227,45.35227,Cloudy,0.3
27,2,Norris (McLaren),45.7071,91.05937,Cloudy,0.3
27,3,Norris (McLaren),44.56432,135.62369,Cloudy,0.3
27,4,Norris (McLaren),44.69633,180.32002,Cloudy,0.3
27,5,Norris (McLaren),45.76654,226.08656,Cloudy,0.3
28,1,Hamilton (Mercedes),45.5087,45.5087,Cloudy,0.3
28,2,Hamilton (Mercedes),46.50082,92.00952,Cloudy,0.3
28,3,Hamilton (Mercedes),45.89061,137.90013,Cloudy,0.3
28,4,Hamilton (Mercedes),45.9211,183.82123,Cloudy,0.3
28,5,Hamilton (Mercedes),46.57286,230.39409,Cloudy,0.3
28,1,Verstappen (Red Bull),46.02692,46.02692,Cloudy,0.3
28,2,Verstappen (Red Bull),45.42806,91.45499,Cloudy,0.3
28,3,Verstappen (Red Bull),45.30323,136.75822,Cloudy,0.3
28,4,Verstappen (Red Bull),46.15214,182.91035,Cloudy,0.3
28,5,Verstappen (Red Bull),44.86604,227.77639,Cloudy,0.3
28,1,Norris (McLaren),44.88711,44.88711,Cloudy,0.3
28,2,Norris (McLaren),45.49922,90.38632,Cloudy,0.3
28,3,Norris (McLaren),44.76956,135.15588,Cloudy,0.3
28,4,Norris (McLaren),45.13309,180.28897,Cloudy,0.3
28,5,Norris (McLaren),46.14109,226.43006,Cloudy,0.3
29,1,Hamilton (Mercedes),46.64212,46.64212,Cloudy,0.3
29,2,Hamilton (Mercedes),45.94804,92.59016,Cloudy,0.3
29,3,Hamilton (Mercedes),46.05493,138.64509,Cloudy,0.3
29,4,Hamilton (Mercedes),45.51646,184.16155,Cloudy,0.3
29,5,Hamilton (Mercedes),46.55329,230.71484,Cloudy,0.3
29,1,Verstappen (Red Bull),45.51905,45.51905,Cloudy,0.3
29,2,Verstappen (Red Bull),44.9244,90.44345,Cloudy,0.3
29,3,Verstappen (Red Bull),45.40286,135.84631,Cloudy,0.3
29,4,Verstappen (Red Bull),45.56212,181.40843,Cloudy,0.3
29,5,Verstappen (Red Bull),45.79876,227.20719,Cloudy,0.3
29,1,Norris (McLaren),46.77135,46.77135,Cloudy,0.3
29,2,Norris (McLaren),46.08335,92.8547,Cloudy,0.3
29,3,Norris (McLaren),44.52035,137.37505,Cloudy,0.3
29,4,Norris (McLaren),45.53884,182.91389,Cloudy,0.3
29,5,Norris (McLaren),46.50139,229.41528,Cloudy,0.3
30,1,Hamilton (Mercedes),45.34363,45.34363,Cloudy,0.3
30,2,Hamilton (Mercedes),46.33824,91.68187,Cloudy,0.3
30,3,Hamilton (Mercedes),44.90816,136.59003,Cloudy,0.3
30,4,Hamilton (Mercedes),46.87139,183.46141,Cloudy,0.3
30,5,Hamilton (Mercedes),45.50982,228.97123,Cloudy,0.3
30,1,Verstappen (Red Bull),45.88761,45.88761,Cloudy,0.3
30,2,Verstappen (Red Bull),45.16702,91.05463,Cloudy,0.3
30,3,Verstappen (Red Bull),46.65406,137.70868,Cloudy,0.3
30,4,Verstappen (Red Bull),45.45389,183.16257,Cloudy,0.3
30,5,Verstappen (Red Bull),45.89563,229.0582,Cloudy,0.3
30,1,Norris (McLaren),44.53138,44.53138,Cloudy,0.3
30,2,Norris (McLaren),45.73574,90.26712,Cloudy,0.3
30,3,Norris (McLaren),44.86497,135.13208,Cloudy,0.3
30,4,Norris (McLaren),44.18856,179.32064,Cloudy,0.3
30,5,Norris (McLaren),45.57684,224.89749,Cloudy,0.3
31,1,Hamilton (Mercedes),45.84381,45.84381,Cloudy,0.3
31,2,Hamilton (Mercedes),46.77094,92.61475,Cloudy,0.3
31,3,Hamilton (Mercedes),46.40585,139.0206,Cloudy,0.3
31,4,Hamilton (Mercedes),45.85108,184.87168,Cloudy,0.3
31,5,Hamilton (Mercedes),46.27613,231.14781,Cloudy,0.3
31,1,Verstappen (Red Bull),45.87894,45.87894,Cloudy,0.3
31,2,Verstappen (Red Bull),44.86202,90.74096,Cloudy,0.3
31,3,Verstappen (Red Bull),45.71575,136.45671,Cloudy,0.3
31,4,Verstappen (Red Bull),45.52305,181.97976,Cloudy,0.3
31,5,Verstappen (Red Bull),45.89087,227.87063,Cloudy,0.3
31,1,Norris (McLaren),46.22144,46.22144,Cloudy,0.3
31,2,Norris (McLaren),46.368,92.58944,Cloudy,0.3
31,3,Norris (McLaren),46.15596,138.74539,Cloudy,0.3
31,4,Norris (McLaren),46.24993,184.99533,Cloudy,0.3
31,5,Norris (McLaren),46.2083,231.20363,Cloudy,0.3
32,1,Hamilton (Mercedes),46.69077,46.69077,Cloudy,0.3
32,2,Hamilton (Mercedes),45.73877,92.42955,Cloudy,0.3
32,3,Hamilton (Mercedes),45.75549,138.18503,Cloudy,0.3
32,4,Hamilton (Mercedes),46.45885,184.64389,Cloudy,0.3
32,5,Hamilton (Mercedes),46.01854,230.66243,Cloudy,0.3
32,1,Verstappen (Red Bull),45.87041,45.87041,Cloudy,0.3
32,2,Verstappen (Red Bull),45.22035,91.09075,Cloudy,0.3
32,3,Verstappen (Red Bull),44.79229,135.88304,Cloudy,0.3
32,4,Verstappen (Red Bull),45.20048,181.08352,Cloudy,0.3
32,5,Verstappen (Red Bull),45.03454,226.11806,Cloudy,0.3
32,1,Norris (McLaren),45.46275,45.46275,Cloudy,0.3
32,2,Norris (McLaren),45.99749,91.46023,Cloudy,0.3
32,3,Norris (McLaren),44.83487,136.2951,Cloudy,0.3
32,4,Norris (McLaren),45.0299,181.325,Cloudy,0.3
32,5,Norris (McLaren),45.46491,226.78991,Cloudy,0.3
33,1,Hamilton (Mercedes),45.90685,45.90685,Cloudy,0.3
33,2,Hamilton (Mercedes),46.55722,92.46407,Cloudy,0.3
33,3,Hamilton (Mercedes),45.93905,138.40312,Cloudy,0.3
33,4,Hamilton (Mercedes),45.18189,183.58501,Cloudy,0.3
33,5,Hamilton (Mercedes),46.88457,230.46959,Cloudy,0.3
33,1,Verstappen (Red Bull),45.45125,45.45125,Cloudy,0.3
33,2,Verstappen (Red Bull),45.97459,91.42584,Cloudy,0.3
33,3,Verstappen (Red Bull),45.4545,136.88035,Cloudy,0.3
33,4,Verstappen (Red Bull),45.16097,182.04132,Cloudy,0.3
33,5,Verstappen (Red Bull),47.35464,229.39596,Cloudy,0.3
33,1,Norris (McLaren),44.95358,44.95358,Cloudy,0.3
33,2,Norris (McLaren),46.15955,91.11312,Cloudy,0.3
33,3,Norris (McLaren),45.99509,137.10822,Cloudy,0.3
33,4,Norris (McLaren),45.49711,182.60533,Cloudy,0.3
33,5,Norris (McLaren),46.3161,228.92143,Cloudy,0.3
34,1,Hamilton (Mercedes),46.42957,46.42957,Cloudy,0.3
34,2,Hamilton (Mercedes),46.07937,92.50894,Cloudy,0.3
34,3,Hamilton (Mercedes),46.2026,138.71154,Cloudy,0.3
34,4,Hamilton (Mercedes),45.8616,184.57315,Cloudy,0.3
34,5,Hamilton (Mercedes),45.36198,229.93513,Cloudy,0.3
34,1,Verstappen (Red Bull),44.71902,44.71902,Cloudy,0.3
34,2,Verstappen (Red Bull),45.70283,90.42184,Cloudy,0.3
34,3,Verstappen (Red Bull),45.28961,135.71146,Cloudy,0.3
34,4,Verstappen (Red Bull),46.00416,181.71562,Cloudy,0.3
34,5,Verstappen (Red Bull),45.07324,226.78886,Cloudy,0.3
34,1,Norris (McLaren),46.59946,46.59946,Cloudy,0.3
34,2,Norris (McLaren),44.8902,91.48966,Cloudy,0.3
34,3,Norris (McLaren),45.98695,137.47661,Cloudy,0.3
34,4,Norris (McLaren),44.91348,182.39009,Cloudy,0.3
34,5,Norris (McLaren),45.48749,227.87758,Cloudy,0.3
35,1,Hamilton (Mercedes),46.91552,46.91552,Cloudy,0.3
35,2,Hamilton (Mercedes),46.283,93.19853,Cloudy,0.3
35,3,Hamilton (Mercedes),46.19155,139.39008,Cloudy,0.3
35,4,Hamilton (Mercedes),45.91028,185.30036,Cloudy,0.3
35,5,Hamilton (Mercedes),45.98802,231.28838,Cloudy,0.3
35,1,Verstappen (Red Bull),44.75766,44.75766,Cloudy,0.3
35,2,Verstappen (Red Bull),45.47389,90.23155,Cloudy,0.3
35,3,Verstappen (Red Bull),45.37975,135.6113,Cloudy,0.3
35,4,Verstappen (Red Bull),46.16002,181.77132,Cloudy,0.3
35,5,Verstappen (Red Bull),45.63156,227.40288,Cloudy,0.3
35,1,Norris (McLaren),45.45275,45.45275,Cloudy,0.3
35,2,Norris (McLaren),45.64861,91.10136,Cloudy,0.3
35,3,Norris (McLaren),45.80675,136.90811,Cloudy,0.3
35,4,Norris (McLaren),45.45028,182.35839,Cloudy,0.3
35,5,Norris (McLaren),46.70528,229.06367,Cloudy,0.3
36,1,Hamilton (Mercedes),45.42302,45.42302,Cloudy,0.3
36,2,Hamilton (Mercedes),45.84753,91.27055,Cloudy,0.3
36,3,Hamilton (Mercedes),44.98002,136.25057,Cloudy,0.3
36,4,Hamilton (Mercedes),45.8295,182.08007,Cloudy,0.3
36,5,Hamilton (Mercedes),46.73219,228.81226,Cloudy,0.3
36,1,Verstappen (Red Bull),46.3966,46.3966,Cloudy,0.3
36,2,Verstappen (Red Bull),45.60892,92.00552,Cloudy,0.3
36,3,Verstappen (Red Bull),45.55395,137.55948,Cloudy,0.3
36,4,Verstappen (Red Bull),45.64173,183.20121,Cloudy,0.3
36,5,Verstappen (Red Bull),45.49266,228.69387,Cloudy,0.3
36,1,Norris (McLaren),45.51439,45.51439,Cloudy,0.3
36,2,Norris (McLaren),44.68148,90.19587,Cloudy,0.3
36,3,Norris (McLaren),44.40213,134.598,Cloudy,0.3
36,4,Norris (McLaren),44.92406,179.52206,Cloudy,0.3
36,5,Norris (McLaren),45.54011,225.06217,Cloudy,0.3
37,1,Hamilton (Mercedes),46.07883,46.07883,Cloudy,0.3
37,2,Hamilton (Mercedes),45.13911,91.21794,Cloudy,0.3
37,3,Hamilton (Mercedes),45.84591,137.06385,Cloudy,0.3
37,4,Hamilton (Mercedes),46.02089,183.08475,Cloudy,0.3
37,5,Hamilton (Mercedes),46.88141,229.96616,Cloudy,0.3
37,1,Verstappen (Red Bull),45.39288,45.39288,Cloudy,0.3
37,2,Verstappen (Red Bull),44.66317,90.05605,Cloudy,0.3
37,3,Verstappen (Red Bull),45.59368,135.64973,Cloudy,0.3
37,4,Verstappen (Red Bull),45.47686,181.12659,Cloudy,0.3
37,5,Verstappen (Red Bull),45.88413,227.01072,Cloudy,0.3
37,1,Norris (McLaren),46.42116,46.42116,Cloudy,0.3
37,2,Norris (McLaren),45.92172,92.34288,Cloudy,0.3
37,3,Norris (McLaren),45.46647,137.80936,Cloudy,0.3
37,4,Norris (McLaren),45.6288,183.43816,Cloudy,0.3
37,5,Norris (McLaren),46.02396,229.46213,Cloudy,0.3
38,1,Hamilton (Mercedes),46.50859,46.50859,Cloudy,0.3
38,2,Hamilton (Mercedes),46.9964,93.50499,Cloudy,0.3
38,3,Hamilton (Mercedes),46.02254,139.52754,Cloudy,0.3
38,4,Hamilton (Mercedes),46.63621,186.16375,Cloudy,0.3
38,5,Hamilton (Mercedes),47.01153,233.17528,Cloudy,0.3
38,1,Verstappen (Red Bull),45.04617,45.04617,Cloudy,0.3
38,2,Verstappen (Red Bull),45.27529,90.32146,Cloudy,0.3
38,3,Verstappen (Red Bull),46.18545,136.50691,Cloudy,0.3
38,4,Verstappen (Red Bull),45.81967,182.32657,Cloudy,0.3
38,5,Verstappen (Red Bull),45.94613,228.2727,Cloudy,0.3
38,1,Norris (McLaren),45.97803,45.97803,Cloudy,0.3
38,2,Norris (McLaren),47.03668,93.01471,Cloudy,0.3
38,3,Norris (McLaren),45.73845,138.75316,Cloudy,0.3
38,4,Norris (McLaren),45.53114,184.2843,Cloudy,0.3
38,5,Norris (McLaren),44.88111,229.16541,Cloudy,0.3
39,1,Hamilton (Mercedes),45.37043,45.37043,Cloudy,0.3
39,2,Hamilton (Mercedes),45.41984,90.79027,Cloudy,0.3
39,3,Hamilton (Mercedes),46.19458,136.98486,Cloudy,0.3
39,4,Hamilton (Mercedes),45.84989,182.83475,Cloudy,0.3
39,5,Hamilton (Mercedes),47.18046,230.01521,Cloudy,0.3
39,1,Verstappen (Red Bull),44.55351,44.55351,Cloudy,0.3
39,2,Verstappen (Red Bull),45.0476,89.60111,Cloudy,0.3
39,3,Verstappen (Red Bull),45.23182,134.83293,Cloudy,0.3
39,4,Verstappen (Red Bull),45.96261,180.79554,Cloudy,0.3
39,5,Verstappen (Red Bull),45.64451,226.44005,Cloudy,0.3
39,1,Norris (McLaren),46.75574,46.75574,Cloudy,0.3
39,2,Norris (McLaren),45.98475,92.74048,Cloudy,0.3
39,3,Norris (McLaren),44.84129,137.58177,Cloudy,0.3
39,4,Norris (McLaren),45.13537,182.71714,Cloudy,0.3
39,5,Norris (McLaren),46.1605,228.87765,Cloudy,0.3
40,1,Hamilton (Mercedes),45.67984,45.67984,Cloudy,0.3
40,2,Hamilton (Mercedes),46.02039,91.70023,Cloudy,0.3
40,3,Hamilton (Mercedes),45.14214,136.84237,Cloudy,0.3
40,4,Hamilton (Mercedes),45.84095,182.68332,Cloudy,0.3
40,5,Hamilton (Mercedes),45.95164,228.63496,Cloudy,0.3
40,1,Verstappen (Red Bull),45.94374,45.94374,Cloudy,0.3
40,2,Verstappen (Red Bull),44.95229,90.89603,Cloudy,0.3
40,3,Verstappen (Red Bull),44.41901,135.31504,Cloudy,0.3
40,4,Verstappen (Red Bull),45.71679,181.03182,Cloudy,0.3
40,5,Verstappen (Red Bull),45.58881,226.62064,Cloudy,0.3
40,1,Norris (McLaren),45.87539,45.87539,Cloudy,0.3
40,2,Norris (McLaren),45.20774,91.08313,Cloudy,0.3
40,3,Norris (McLaren),44.82336,135.9065,Cloudy,0.3
40,4,Norris (McLaren),44.89929,180.80578,Cloudy,0.3
40,5,Norris (McLaren),45.59439,226.40017,Cloudy,0.3
41,1,Hamilton (Mercedes),46.15742,46.15742,Cloudy,0.3
41,2,Hamilton (Mercedes),45.0295,91.18693,Cloudy,0.3
41,3,Hamilton (Mercedes),45.50084,136.68777,Cloudy,0.3
41,4,Hamilton (Mercedes),45.32251,182.01028,Cloudy,0.3
41,5,Hamilton (Mercedes),45.69916,227.70943,Cloudy,0.3
41,1,Verstappen (Red Bull),45.46103,45.46103,Cloudy,0.3
41,2,Verstappen (Red Bull),45.53315,90.99418,Cloudy,0.3
41,3,Verstappen (Red Bull),45.31459,136.30877,Cloudy,0.3
41,4,Verstappen (Red Bull),45.8341,182.14287,Cloudy,0.3
41,5,Verstappen (Red Bull),46.10966,228.25253,Cloudy,0.3
41,1,Norris (McLaren),44.79517,44.79517,Cloudy,0.3
41,2,Norris (McLaren),46.81282,91.608,Cloudy,0.3
41,3,Norris (McLaren),45.50866,137.11666,Cloudy,0.3
41,4,Norris (McLaren),46.50931,183.62597,Cloudy,0.3
41,5,Norris (McLaren),46.24717,229.87314,Cloudy,0.3
42,1,Hamilton (Mercedes),46.97624,46.97624,Cloudy,0.3
42,2,Hamilton (Mercedes),45.47489,92.45113,Cloudy,0.3
42,3,Hamilton (Mercedes),46.67379,139.12491,Cloudy,0.3
42,4,Hamilton (Mercedes),45.96794,185.09285,Cloudy,0.3
42,5,Hamilton (Mercedes),45.43747,230.53032,Cloudy,0.3
42,1,Verstappen (Red Bull),46.55768,46.55768,Cloudy,0.3
42,2,Verstappen (Red Bull),46.42911,92.98679,Cloudy,0.3
42,3,Verstappen (Red Bull),46.49126,139.47805,Cloudy,0.3
42,4,Verstappen (Red Bull),45.71583,185.19388,Cloudy,0.3
42,5,Verstappen (Red Bull),45.80233,230.99622,Cloudy,0.3
42,1,Norris (McLaren),46.36018,46.36018,Cloudy,0.3
42,2,Norris (McLaren),45.08238,91.44255,Cloudy,0.3
42,3,Norris (McLaren),46.00247,137.44502,Cloudy,0.3
42,4,Norris (McLaren),44.88802,182.33304,Cloudy,0.3
42,5,Norris (McLaren),45.21222,227.54526,Cloudy,0.3
43,1,Hamilton (Mercedes),45.93392,45.93392,Cloudy,0.3
43,2,Hamilton (Mercedes),45.84262,91.77654,Cloudy,0.3
43,3,Hamilton (Mercedes),45.78145,137.55799,Cloudy,0.3
43,4,Hamilton (Mercedes),46.27249,183.83048,Cloudy,0.3
43,5,Hamilton (Mercedes),46.6752,230.50568,Cloudy,0.3
43,1,Verstappen (Red Bull),45.34156,45.34156,Cloudy,0.3
43,2,Verstappen (Red Bull),45.86079,91.20235,Cloudy,0.3
43,3,Verstappen (Red Bull),45.45523,136.65758,Cloudy,0.3
43,4,Verstappen (Red Bull),45.21325,181.87083,Cloudy,0.3
43,5,Verstappen (Red Bull),44.86109,226.73192,Cloudy,0.3
43,1,Norris (McLaren),45.54272,45.54272,Cloudy,0.3
43,2,Norris (McLaren),46.14478,91.6875,Cloudy,0.3
43,3,Norris (McLaren),44.62209,136.30959,Cloudy,0.3
43,4,Norris (McLaren),44.88248,181.19207,Cloudy,0.3
43,5,Norris (McLaren),44.93367,226.12574,Cloudy,0.3
44,1,Hamilton (Mercedes),46.04608,46.04608,Cloudy,0.3
44,2,Hamilton (Mercedes),46.41143,92.45751,Cloudy,0.3
44,3,Hamilton (Mercedes),45.8811,138.33861,Cloudy,0.3
44,4,Hamilton (Mercedes),45.35433,183.69294,Cloudy,0.3
44,5,Hamilton (Mercedes),46.90643,230.59937,Cloudy,0.3
44,1,Verstappen (Red Bull),45.6132,45.6132,Cloudy,0.3
44,2,Verstappen (Red Bull),45.55296,91.16616,Cloudy,0.3
44,3,Verstappen (Red Bull),45.14929,136.31546,Cloudy,0.3
44,4,Verstappen (Red Bull),44.93521,181.25067,Cloudy,0.3
44,5,Verstappen (Red Bull),46.08066,227.33133,Cloudy,0.3
44,1,Norris (McLaren),45.26595,45.26595,Cloudy,0.3
44,2,Norris (McLaren),45.57913,90.84508,Cloudy,0.3
44,3,Norris (McLaren),46.74501,137.59009,Cloudy,0.3
44,4,Norris (McLaren),44.85457,182.44466,Cloudy,0.3
44,5,Norris (McLaren),46.08333,228.52799,Cloudy,0.3
45,1,Hamilton (Mercedes),46.08405,46.08405,Cloudy,0.3
45,2,Hamilton (Mercedes),46.20467,92.28872,Cloudy,0.3
45,3,Hamilton (Mercedes),46.89003,139.17875,Cloudy,0.3
45,4,Hamilton (Mercedes),45.4677,184.64645,Cloudy,0.3
45,5,Hamilton (Mercedes),46.16966,230.8161,Cloudy,0.3
45,1,Verstappen (Red Bull),45.69369,45.69369,Cloudy,0.3
45,2,Verstappen (Red Bull),45.89095,91.58464,Cloudy,0.3
45,3,Verstappen (Red Bull),44.71035,136.29499,Cloudy,0.3
45,4,Verstappen (Red Bull),44.45602,180.75102,Cloudy,0.3
45,5,Verstappen (Red Bull),45.82185,226.57286,Cloudy,0.3
45,1,Norris (McLaren),46.27549,46.27549,Cloudy,0.3
45,2,Norris (McLaren),44.59704,90.87252,Cloudy,0.3
45,3,Norris (McLaren),46.82004,137.69256,Cloudy,0.3
45,4,Norris (McLaren),45.11738,182.80994,Cloudy,0.3
45,5,Norris (McLaren),46.73028,229.54021,Cloudy,0.3
46,1,Hamilton (Mercedes),46.03043,46.03043,Cloudy,0.3
46,2,Hamilton (Mercedes),46.96298,92.99341,Cloudy,0.3
46,3,Hamilton (Mercedes),46.65566,139.64908,Cloudy,0.3
46,4,Hamilton (Mercedes),46.34685,185.99592,Cloudy,0.3
46,5,Hamilton (Mercedes),45.36583,231.36176,Cloudy,0.3
46,1,Verstappen (Red Bull),44.69773,44.69773,Cloudy,0.3
46,2,Verstappen (Red Bull),45.80537,90.5031,Cloudy,0.3
46,3,Verstappen (Red Bull),45.23515,135.73824,Cloudy,0.3
46,4,Verstappen (Red Bull),46.29291,182.03115,Cloudy,0.3
46,5,Verstappen (Red Bull),45.63027,227.66142,Cloudy,0.3
46,1,Norris (McLaren),45.71066,45.71066,Cloudy,0.3
46,2,Norris (McLaren),44.80224,90.5129,Cloudy,0.3
46,3,Norris (McLaren),46.54038,137.05329,Cloudy,0.3
46,4,Norris (McLaren),46.02646,183.07975,Cloudy,0.3
46,5,Norris (McLaren),46.32974,229.40948,Cloudy,0.3
47,1,Hamilton (Mercedes),46.30615,46.30615,Cloudy,0.3
47,2,Hamilton (Mercedes),45.38433,91.69048,Cloudy,0.3
47,3,Hamilton (Mercedes),45.97819,137.66868,Cloudy,0.3
47,4,Hamilton (Mercedes),46.56104,184.22972,Cloudy,0.3
47,5,Hamilton (Mercedes),45.59918,229.8289,Cloudy,0.3
47,1,Verstappen (Red Bull),45.97819,45.97819,Cloudy,0.3
47,2,Verstappen (Red Bull),45.8988,91.877,Cloudy,0.3
47,3,Verstappen (Red Bull),45.46127,137.33827,Cloudy,0.3
47,4,Verstappen (Red Bull),44.96364,182.30191,Cloudy,0.3
47,5,Verstappen (Red Bull),46.52826,228.83017,Cloudy,0.3
47,1,Norris (McLaren),44.77609,44.77609,Cloudy,0.3
47,2,Norris (McLaren),45.83266,90.60875,Cloudy,0.3
47,3,Norris (McLaren),45.96704,136.57579,Cloudy,0.3
47,4,Norris (McLaren),45.5233,182.09909,Cloudy,0.3
47,5,Norris (McLaren),45.92175,228.02084,Cloudy,0.3
48,1,Hamilton (Mercedes),46.2869,46.2869,Cloudy,0.3
48,2,Hamilton (Mercedes),46.10609,92.39298,Cloudy,0.3
48,3,Hamilton (Mercedes),46.19345,138.58644,Cloudy,0.3
48,4,Hamilton (Mercedes),46.12023,184.70667,Cloudy,0.3
48,5,Hamilton (Mercedes),47.20951,231.91618,Cloudy,0.3
48,1,Verstappen (Red Bull),46.16226,46.16226,Cloudy,0.3
48,2,Verstappen (Red Bull),44.98005,91.1423,Cloudy,0.3
48,3,Verstappen (Red Bull),44.56425,135.70655,Cloudy,0.3
48,4,Verstappen (Red Bull),45.38915,181.0957,Cloudy,0.3
48,5,Verstappen (Red Bull),45.91538,227.01109,Cloudy,0.3
48,1,Norris (McLaren),45.60426,45.60426,Cloudy,0.3
48,2,Norris (McLaren),45.71244,91.3167,Cloudy,0.3
48,3,Norris (McLaren),45.40298,136.71968,Cloudy,0.3
48,4,Norris (McLaren),45.14444,181.86412,Cloudy,0.3
48,5,Norris (McLaren),46.32188,228.186,Cloudy,0.3
49,1,Hamilton (Mercedes),45.76641,45.76641,Cloudy,0.3
49,2,Hamilton (Mercedes),45.75885,91.52526,Cloudy,0.3
49,3,Hamilton (Mercedes),45.74575,137.27101,Cloudy,0.3
49,4,Hamilton (Mercedes),46.19182,183.46283,Cloudy,0.3
49,5,Hamilton (Mercedes),45.39421,228.85704,Cloudy,0.3
49,1,Verstappen (Red Bull),46.24375,46.24375,Cloudy,0.3
49,2,Verstappen (Red Bull),45.51114,91.75489,Cloudy,0.3
49,3,Verstappen (Red Bull),45.97514,137.73003,Cloudy,0.3
49,4,Verstappen (Red Bull),45.19029,182.92032,Cloudy,0.3
49,5,Verstappen (Red Bull),45.26452,228.18484,Cloudy,0.3
49,1,Norris (McLaren),46.20077,46.20077,Cloudy,0.3
49,2,Norris (McLaren),45.34734,91.54811,Cloudy,0.3
49,3,Norris (McLaren),45.56606,137.11417,Cloudy,0.3
49,4,Norris (McLaren),46.32315,183.43732,Cloudy,0.3
49,5,Norris (McLaren),45.04191,228.47923,Cloudy,0.3
50,1,Hamilton (Mercedes),46.18796,46.18796,Cloudy,0.3
50,2,Hamilton (Mercedes),45.56217,91.75013,Cloudy,0.3
50,3,Hamilton (Mercedes),46.3328,138.08293,Cloudy,0.3
50,4,Hamilton (Mercedes),46.08791,184.17083,Cloudy,0.3
50,5,Hamilton (Mercedes),46.20536,230.3762,Cloudy,0.3
50,1,Verstappen (Red Bull),46.17789,46.17789,Cloudy,0.3
50,2,Verstappen (Red Bull),44.68948,90.86738,Cloudy,0.3
50,3,Verstappen (Red Bull),45.45504,136.32242,Cloudy,0.3
50,4,Verstappen (Red Bull),44.83979,181.1622,Cloudy,0.3
50,5,Verstappen (Red Bull),45.76481,226.92702,Cloudy,0.3
50,1,Norris (McLaren),45.67338,45.67338,Cloudy,0.3
50,2,Norris (McLaren),47.23602,92.90941,Cloudy,0.3
50,3,Norris (McLaren),46.25053,139.15994,Cloudy,0.3
50,4,Norris (McLaren),44.93544,184.09538,Cloudy,0.3
50,5,Norris (McLaren),45.5287,229.62407,Cloudy,0.3
51,1,Hamilton (Mercedes),45.17412,45.17412,Cloudy,0.3
51,2,Hamilton (Mercedes),45.93272,91.10684,Cloudy,0.3
51,3,Hamilton (Mercedes),45.56251,136.66936,Cloudy,0.3
51,4,Hamilton (Mercedes),45.26792,181.93728,Cloudy,0.3
51,5,Hamilton (Mercedes),45.08056,227.01784,Cloudy,0.3
51,1,Verstappen (Red Bull),45.39567,45.39567,Cloudy,0.3
51,2,Verstappen (Red Bull),44.93705,90.33272,Cloudy,0.3
51,3,Verstappen (Red Bull),44.58168,134.91439,Cloudy,0.3
51,4,Verstappen (Red Bull),45.52425,180.43864,Cloudy,0.3
51,5,Verstappen (Red Bull),45.1925,225.63114,Cloudy,0.3
51,1,Norris (McLaren),44.79901,44.79901,Cloudy,0.3
51,2,Norris (McLaren),46.10229,90.9013,Cloudy,0.3
51,3,Norris (McLaren),45.59391,136.4952,Cloudy,0.3
51,4,Norris (McLaren),45.03516,181.53037,Cloudy,0.3
51,5,Norris (McLaren),44.57375,226.10412,Cloudy,0.3
52,1,Hamilton (Mercedes),45.40499,45.40499,Cloudy,0.3
52,2,Hamilton (Mercedes),46.09844,91.50343,Cloudy,0.3
52,3,Hamilton (Mercedes),46.43707,137.94049,Cloudy,0.3
52,4,Hamilton (Mercedes),45.92049,183.86098,Cloudy,0.3
52,5,Hamilton (Mercedes),46.30656,230.16754,Cloudy,0.3
52,1,Verstappen (Red Bull),44.88043,44.88043,Cloudy,0.3
52,2,Verstappen (Red Bull),45.05211,89.93255,Cloudy,0.3
52,3,Verstappen (Red Bull),46.15947,136.09202,Cloudy,0.3
52,4,Verstappen (Red Bull),45.42144,181.51346,Cloudy,0.3
52,5,Verstappen (Red Bull),45.50077,227.01423,Cloudy,0.3
52,1,Norris (McLaren),46.07455,46.07455,Cloudy,0.3
52,2,Norris (McLaren),45.44496,91.51951,Cloudy,0.3
52,3,Norris (McLaren),45.53985,137.05937,Cloudy,0.3
52,4,Norris (McLaren),46.2676,183.32697,Cloudy,0.3
52,5,Norris (McLaren),46.32081,229.64777,Cloudy,0.3
53,1,Hamilton (Mercedes),46.18884,46.18884,Cloudy,0.3
53,2,Hamilton (Mercedes),45.60824,91.79708,Cloudy,0.3
53,3,Hamilton (Mercedes),45.9976,137.79468,Cloudy,0.3
53,4,Hamilton (Mercedes),46.19266,183.98734,Cloudy,0.3
53,5,Hamilton (Mercedes),46.95847,230.94581,Cloudy,0.3
53,1,Verstappen (Red Bull),45.25887,45.25887,Cloudy,0.3
53,2,Verstappen (Red Bull),45.26265,90.52151,Cloudy,0.3
53,3,Verstappen (Red Bull),45.44311,135.96463,Cloudy,0.3
53,4,Verstappen (Red Bull),46.19595,182.16058,Cloudy,0.3
53,5,Verstappen (Red Bull),45.23551,227.39609,Cloudy,0.3
53,1,Norris (McLaren),45.49558,45.49558,Cloudy,0.3
53,2,Norris (McLaren),44.77909,90.27467,Cloudy,0.3
53,3,Norris (McLaren),45.09874,135.3734,Cloudy,0.3
53,4,Norris (McLaren),45.51137,180.88478,Cloudy,0.3
53,5,Norris (McLaren),45.78067,226.66545,Cloudy,0.3
54,1,Hamilton (Mercedes),45.78958,45.78958,Cloudy,0.3
54,2,Hamilton (Mercedes),45.92156,91.71113,Cloudy,0.3
54,3,Hamilton (Mercedes),46.70217,138.41331,Cloudy,0.3
54,4,Hamilton (Mercedes),45.40825,183.82156,Cloudy,0.3
54,5,Hamilton (Mercedes),46.18361,230.00517,Cloudy,0.3
54,1,Verstappen (Red Bull),45.23489,45.23489,Cloudy,0.3
54,2,Verstappen (Red Bull),45.37481,90.6097,Cloudy,0.3
54,3,Verstappen (Red Bull),45.50536,136.11506,Cloudy,0.3
54,4,Verstappen (Red Bull),45.52616,181.64121,Cloudy,0.3
54,5,Verstappen (Red Bull),45.07812,226.71933,Cloudy,0.3
54,1,Norris (McLaren),44.91231,44.91231,Cloudy,0.3
54,2,Norris (McLaren),46.19907,91.11138,Cloudy,0.3
54,3,Norris (McLaren),45.8106,136.92198,Cloudy,0.3
54,4,Norris (McLaren),45.19079,182.11277,Cloudy,0.3
54,5,Norris (McLaren),46.82831,228.94108,Cloudy,0.3
55,1,Hamilton (Mercedes),46.00892,46.00892,Cloudy,0.3
55,2,Hamilton (Mercedes),45.67889,91.6878,Cloudy,0.3
55,3,Hamilton (Mercedes),45.34033,137.02814,Cloudy,0.3
55,4,Hamilton (Mercedes),46.21197,183.2401,Cloudy,0.3
55,5,Hamilton (Mercedes),46.11213,229.35223,Cloudy,0.3
55,1,Verstappen (Red Bull),45.13684,45.13684,Cloudy,0.3
55,2,Verstappen (Red Bull),45.74062,90.87746,Cloudy,0.3
55,3,Verstappen (Red Bull),46.395,137.27245,Cloudy,0.3
55,4,Verstappen (Red Bull),45.31869,182.59115,Cloudy,0.3
55,5,Verstappen (Red Bull),45.03447,227.62562,Cloudy,0.3
55,1,Norris (McLaren),45.77509,45.77509,Cloudy,0.3
55,2,Norris (McLaren),46.49733,92.27241,Cloudy,0.3
55,3,Norris (McLaren),46.6866,138.95902,Cloudy,0.3
55,4,Norris (McLaren),45.96291,184.92193,Cloudy,0.3
55,5,Norris (McLaren),45.86638,230.78831,Cloudy,0.3
56,1,Hamilton (Mercedes),45.65955,45.65955,Cloudy,0.3
56,2,Hamilton (Mercedes),46.78096,92.44051,Cloudy,0.3
56,3,Hamilton (Mercedes),45.31584,137.75635,Cloudy,0.3
56,4,Hamilton (Mercedes),46.87083,184.62719,Cloudy,0.3
56,5,Hamilton (Mercedes),46.32504,230.95223,Cloudy,0.3
56,1,Verstappen (Red Bull),45.61481,45.61481,Cloudy,0.3
56,2,Verstappen (Red Bull),44.74497,90.35979,Cloudy,0.3
56,3,Verstappen (Red Bull),45.57337,135.93315,Cloudy,0.3
56,4,Verstappen (Red Bull),46.10799,182.04114,Cloudy,0.3
56,5,Verstappen (Red Bull),46.20023,228.24138,Cloudy,0.3
56,1,Norris (McLaren),45.47332,45.47332,Cloudy,0.3
56,2,Norris (McLaren),46.97532,92.44864,Cloudy,0.3
56,3,Norris (McLaren),45.45114,137.89978,Cloudy,0.3
56,4,Norris (McLaren),44.72845,182.62823,Cloudy,0.3
56,5,Norris (McLaren),45.02018,227.64842,Cloudy,0.3
57,1,Hamilton (Mercedes),45.73169,45.73169,Cloudy,0.3
57,2,Hamilton (Mercedes),46.07378,91.80548,Cloudy,0.3
57,3,Hamilton (Mercedes),45.68091,137.48638,Cloudy,0.3
57,4,Hamilton (Mercedes),45.91034,183.39673,Cloudy,0.3
57,5,Hamilton (Mercedes),45.94083,229.33756,Cloudy,0.3
57,1,Verstappen (Red Bull),45.70114,45.70114,Cloudy,0.3
57,2,Verstappen (Red Bull),44.53457,90.23571,Cloudy,0.3
57,3,Verstappen (Red Bull),45.33073,135.56644,Cloudy,0.3
57,4,Verstappen (Red Bull),46.41521,181.98166,Cloudy,0.3
57,5,Verstappen (Red Bull),45.47261,227.45427,Cloudy,0.3
57,1,Norris (McLaren),45.5104,45.5104,Cloudy,0.3
57,2,Norris (McLaren),44.62643,90.13683,Cloudy,0.3
57,3,Norris (McLaren),45.86031,135.99714,Cloudy,0.3
57,4,Norris (McLaren),46.69123,182.68837,Cloudy,0.3
57,5,Norris (McLaren),46.60696,229.29533,Cloudy,0.3
58,1,Hamilton (Mercedes),45.60845,45.60845,Cloudy,0.3
58,2,Hamilton (Mercedes),45.3657,90.97415,Cloudy,0.3
58,3,Hamilton (Mercedes),46.58899,137.56313,Cloudy,0.3
58,4,Hamilton (Mercedes),46.43474,183.99787,Cloudy,0.3
58,5,Hamilton (Mercedes),45.64001,229.63788,Cloudy,0.3
58,1,Verstappen (Red Bull),45.55605,45.55605,Cloudy,0.3
58,2,Verstappen (Red Bull),45.98775,91.54379,Cloudy,0.3
58,3,Verstappen (Red Bull),45.42744,136.97124,Cloudy,0.3
58,4,Verstappen (Red Bull),45.1076,182.07883,Cloudy,0.3
58,5,Verstappen (Red Bull),45.82248,227.90131,Cloudy,0.3
58,1,Norris (McLaren),47.44527,47.44527,Cloudy,0.3
58,2,Norris (McLaren),46.06041,93.50568,Cloudy,0.3
58,3,Norris (McLaren),45.84291,139.34858,Cloudy,0.3
58,4,Norris (McLaren),46.09423,185.44282,Cloudy,0.3
58,5,Norris (McLaren),44.81184,230.25466,Cloudy,0.3
59,1,Hamilton (Mercedes),46.91757,46.91757,Cloudy,0.3
59,2,Hamilton (Mercedes),45.17899,92.09656,Cloudy,0.3
59,3,Hamilton (Mercedes),46.38626,138.48282,Cloudy,0.3
59,4,Hamilton (Mercedes),46.8142,185.29702,Cloudy,0.3
59,5,Hamilton (Mercedes),45.92224,231.21926,Cloudy,0.3
59,1,Verstappen (Red Bull),46.30319,46.30319,Cloudy,0.3
59,2,Verstappen (Red Bull),46.37607,92.67927,Cloudy,0.3
59,3,Verstappen (Red Bull),45.78852,138.46779,Cloudy,0.3
59,4,Verstappen (Red Bull),45.69598,184.16377,Cloudy,0.3
59,5,Verstappen (Red Bull),46.25818,230.42195,Cloudy,0.3
59,1,Norris (McLaren),44.78977,44.78977,Cloudy,0.3
59,2,Norris (McLaren),46.01924,90.809,Cloudy,0.3
59,3,Norris (McLaren),45.63175,136.44076,Cloudy,0.3
59,4,Norris (McLaren),45.83945,182.28021,Cloudy,0.3
59,5,Norris (McLaren),45.58283,227.86304,Cloudy,0.3
60,1,Hamilton (Mercedes),46.40913,46.40913,Cloudy,0.3
60,2,Hamilton (Mercedes),46.18373,92.59286,Cloudy,0.3
60,3,Hamilton (Mercedes),46.01881,138.61167,Cloudy,0.3
60,4,Hamilton (Mercedes),46.05815,184.66982,Cloudy,0.3
60,5,Hamilton (Mercedes),45.73571,230.40553,Cloudy,0.3
60,1,Verstappen (Red Bull),45.05575,45.05575,Cloudy,0.3
60,2,Verstappen (Red Bull),46.24298,91.29873,Cloudy,0.3
60,3,Verstappen (Red Bull),45.34793,136.64666,Cloudy,0.3
60,4,Verstappen (Red Bull),45.42702,182.07368,Cloudy,0.3
60,5,Verstappen (Red Bull),45.38177,227.45545,Cloudy,0.3
60,1,Norris (McLaren),46.3163,46.3163,Cloudy,0.3
60,2,Norris (McLaren),45.25587,91.57218,Cloudy,0.3
60,3,Norris (McLaren),45.10954,136.68172,Cloudy,0.3
60,4,Norris (McLaren),45.64736,182.32908,Cloudy,0.3
60,5,Norris (McLaren),45.78629,228.11537,Cloudy,0.3
61,1,Hamilton (Mercedes),45.46647,45.46647,Cloudy,0.3
61,2,Hamilton (Mercedes),46.23996,91.70643,Cloudy,0.3
61,3,Hamilton (Mercedes),46.45213,138.15857,Cloudy,0.3
61,4,Hamilton (Mercedes),46.55909,184.71765,Cloudy,0.3
61,5,Hamilton (Mercedes),46.34651,231.06416,Cloudy,0.3
61,1,Verstappen (Red Bull),45.90808,45.90808,Cloudy,0.3
61,2,Verstappen (Red Bull),45.8447,91.75278,Cloudy,0.3
61,3,Verstappen (Red Bull),45.85466,137.60744,Cloudy,0.3
61,4,Verstappen (Red Bull),46.09114,183.69858,Cloudy,0.3
61,5,Verstappen (Red Bull),45.85496,229.55354,Cloudy,0.3
61,1,Norris (McLaren),44.43511,44.43511,Cloudy,0.3
61,2,Norris (McLaren),44.80983,89.24494,Cloudy,0.3
61,3,Norris (McLaren),45.63585,134.8808,Cloudy,0.3
61,4,Norris (McLaren),46.07067,180.95147,Cloudy,0.3
61,5,Norris (McLaren),44.83676,225.78823,Cloudy,0.3
62,1,Hamilton (Mercedes),46.51552,46.51552,Cloudy,0.3
62,2,Hamilton (Mercedes),46.12966,92.64518,Cloudy,0.3
62,3,Hamilton (Mercedes),47.34978,139.99495,Cloudy,0.3
62,4,Hamilton (Mercedes),45.98771,185.98266,Cloudy,0.3
62,5,Hamilton (Mercedes),46.78715,232.76981,Cloudy,0.3
62,1,Verstappen (Red Bull),46.0473,46.0473,Cloudy,0.3
62,2,Verstappen (Red Bull),45.93957,91.98687,Cloudy,0.3
62,3,Verstappen (Red Bull),45.55696,137.54383,Cloudy,0.3
62,4,Verstappen (Red Bull),44.82826,182.37209,Cloudy,0.3
62,5,Verstappen (Red Bull),45.33003,227.70212,Cloudy,0.3
62,1,Norris (McLaren),46.62069,46.62069,Cloudy,0.3
62,2,Norris (McLaren),46.28957,92.91026,Cloudy,0.3
62,3,Norris (McLaren),45.72937,138.63963,Cloudy,0.3
62,4,Norris (McLaren),45.71426,184.35389,Cloudy,0.3
62,5,Norris (McLaren),44.908,229.26189,Cloudy,0.3
63,1,Hamilton (Mercedes),46.44831,46.44831,Cloudy,0.3
63,2,Hamilton (Mercedes),45.9865,92.43481,Cloudy,0.3
63,3,Hamilton (Mercedes),46.09731,138.53213,Cloudy,0.3
63,4,Hamilton (Mercedes),45.91184,184.44396,Cloudy,0.3
63,5,Hamilton (Mercedes),46.1795,230.62346,Cloudy,0.3
63,1,Verstappen (Red Bull),45.41409,45.41409,Cloudy,0.3
63,2,Verstappen (Red Bull),45.29172,90.70581,Cloudy,0.3
63,3,Verstappen (Red Bull),45.83021,136.53602,Cloudy,0.3
63,4,Verstappen (Red Bull),45.26569,181.80171,Cloudy,0.3
63,5,Verstappen (Red Bull),46.60726,228.40898,Cloudy,0.3
63,1,Norris (McLaren),45.97558,45.97558,Cloudy,0.3
63,2,Norris (McLaren),46.62925,92.60484,Cloudy,0.3
63,3,Norris (McLaren),45.56497,138.1698,Cloudy,0.3
63,4,Norris (McLaren),45.61497,183.78478,Cloudy,0.3
63,5,Norris (McLaren),45.9204,229.70518,Cloudy,0.3
64,1,Hamilton (Mercedes),44.63071,44.63071,Cloudy,0.3
64,2,Hamilton (Mercedes),45.6654,90.29611,Cloudy,0.3
64,3,Hamilton (Mercedes),45.97759,136.2737,Cloudy,0.3
64,4,Hamilton (Mercedes),45.79636,182.07006,Cloudy,0.3
64,5,Hamilton (Mercedes),46.68518,228.75524,Cloudy,0.3
64,1,Verstappen (Red Bull),46.37856,46.37856,Cloudy,0.3
64,2,Verstappen (Red Bull),45.27301,91.65157,Cloudy,0.3
64,3,Verstappen (Red Bull),45.41009,137.06167,Cloudy,0.3
64,4,Verstappen (Red Bull),45.77786,182.83952,Cloudy,0.3
64,5,Verstappen (Red Bull),45.40833,228.24785,Cloudy,0.3
64,1,Norris (McLaren),44.96725,44.96725,Cloudy,0.3
64,2,Norris (McLaren),45.21423,90.18148,Cloudy,0.3
64,3,Norris (McLaren),46.88542,137.0669,Cloudy,0.3
64,4,Norris (McLaren),45.33349,182.40039,Cloudy,0.3
64,5,Norris (McLaren),46.834,229.23439,Cloudy,0.3
65,1,Hamilton (Mercedes),46.11868,46.11868,Cloudy,0.3
65,2,Hamilton (Mercedes),45.08169,91.20036,Cloudy,0.3
65,3,Hamilton (Mercedes),46.03583,137.23619,Cloudy,0.3
65,4,Hamilton (Mercedes),46.64321,183.8794,Cloudy,0.3
65,5,Hamilton (Mercedes),46.35892,230.23832,Cloudy,0.3
65,1,Verstappen (Red Bull),45.19232,45.19232,Cloudy,0.3
65,2,Verstappen (Red Bull),45.63779,90.83011,Cloudy,0.3
65,3,Verstappen (Red Bull),45.58101,136.41112,Cloudy,0.3
65,4,Verstappen (Red Bull),45.04953,181.46065,Cloudy,0.3
65,5,Verstappen (Red Bull),45.00438,226.46503,Cloudy,0.3
65,1,Norris (McLaren),45.46139,45.46139,Cloudy,0.3
65,2,Norris (McLaren),44.21005,89.67144,Cloudy,0.3
65,3,Norris (McLaren),45.12016,134.7916,Cloudy,0.3
65,4,Norris (McLaren),45.42105,180.21265,Cloudy,0.3
65,5,Norris (McLaren),46.52633,226.73898,Cloudy,0.3
66,1,Hamilton (Mercedes),45.47116,45.47116,Cloudy,0.3
66,2,Hamilton (Mercedes),46.41829,91.88945,Cloudy,0.3
66,3,Hamilton (Mercedes),46.16984,138.05929,Cloudy,0.3
66,4,Hamilton (Mercedes),45.72442,183.78371,Cloudy,0.3
66,5,Hamilton (Mercedes),45.78387,229.56757,Cloudy,0.3
66,1,Verstappen (Red Bull),45.65551,45.65551,Cloudy,0.3
66,2,Verstappen (Red Bull),45.47401,91.12951,Cloudy,0.3
66,3,Verstappen (Red Bull),46.53398,137.66349,Cloudy,0.3
66,4,Verstappen (Red Bull),44.71326,182.37675,Cloudy,0.3
66,5,Verstappen (Red Bull),45.08362,227.46037,Cloudy,0.3
66,1,Norris (McLaren),46.1852,46.1852,Cloudy,0.3
66,2,Norris (McLaren),45.29859,91.48379,Cloudy,0.3
66,3,Norris (McLaren),45.51861,137.0024,Cloudy,0.3
66,4,Norris (McLaren),46.73658,183.73899,Cloudy,0.3
66,5,Norris (McLaren),45.72009,229.45907,Cloudy,0.3
67,1,Hamilton (Mercedes),45.60072,45.60072,Cloudy,0.3
67,2,Hamilton (Mercedes),45.98018,91.5809,Cloudy,0.3
67,3,Hamilton (Mercedes),45.38236,136.96327,Cloudy,0.3
67,4,Hamilton (Mercedes),45.66005,182.62331,Cloudy,0.3
67,5,Hamilton (Mercedes),45.9187,228.54201,Cloudy,0.3
67,1,Verstappen (Red Bull),44.59051,44.59051,Cloudy,0.3
67,2,Verstappen (Red Bull),45.45343,90.04394,Cloudy,0.3
67,3,Verstappen (Red Bull),45.24531,135.28925,Cloudy,0.3
67,4,Verstappen (Red Bull),44.93099,180.22023,Cloudy,0.3
67,5,Verstappen (Red Bull),45.54954,225.76978,Cloudy,0.3
67,1,Norris (McLaren),45.88443,45.88443,Cloudy,0.3
67,2,Norris (McLaren),45.28617,91.17061,Cloudy,0.3
67,3,Norris (McLaren),45.52673,136.69734,Cloudy,0.3
67,4,Norris (McLaren),46.25896,182.9563,Cloudy,0.3
67,5,Norris (McLaren),45.11086,228.06716,Cloudy,0.3
68,1,Hamilton (Mercedes),47.17647,47.17647,Cloudy,0.3
68,2,Hamilton (Mercedes),47.12884,94.30531,Cloudy,0.3
68,3,Hamilton (Mercedes),45.03939,139.3447,Cloudy,0.3
68,4,Hamilton (Mercedes),45.68172,185.02641,Cloudy,0.3
68,5,Hamilton (Mercedes),46.49055,231.51697,Cloudy,0.3
68,1,Verstappen (Red Bull),46.2227,46.2227,Cloudy,0.3
68,2,Verstappen (Red Bull),45.73319,91.95589,Cloudy,0.3
68,3,Verstappen (Red Bull),44.9758,136.93169,Cloudy,0.3
68,4,Verstappen (Red Bull),45.64701,182.5787,Cloudy,0.3
68,5,Verstappen (Red Bull),46.98118,229.55987,Cloudy,0.3
68,1,Norris (McLaren),43.90211,43.90211,Cloudy,0.3
68,2,Norris (McLaren),45.26902,89.17113,Cloudy,0.3
68,3,Norris (McLaren),44.73439,133.90552,Cloudy,0.3
68,4,Norris (McLaren),45.32019,179.22571,Cloudy,0.3
68,5,Norris (McLaren),44.60286,223.82857,Cloudy,0.3
69,1,Hamilton (Mercedes),44.85648,44.85648,Cloudy,0.3
69,2,Hamilton (Mercedes),45.45183,90.30831,Cloudy,0.3
69,3,Hamilton (Mercedes),46.30988,136.61818,Cloudy,0.3
69,4,Hamilton (Mercedes),46.73782,183.35601,Cloudy,0.3
69,5,Hamilton (Mercedes),45.55466,228.91067,Cloudy,0.3
69,1,Verstappen (Red Bull),45.53605,45.53605,Cloudy,0.3
69,2,Verstappen (Red Bull),45.41986,90.9559,Cloudy,0.3
69,3,Verstappen (Red Bull),45.32121,136.27711,Cloudy,0.3
69,4,Verstappen (Red Bull),46.29577,182.57288,Cloudy,0.3
69,5,Verstappen (Red Bull),44.92241,227.49529,Cloudy,0.3
69,1,Norris (McLaren),46.57482,46.57482,Cloudy,0.3
69,2,Norris (McLaren),46.92197,93.49678,Cloudy,0.3
69,3,Norris (McLaren),45.13385,138.63064,Cloudy,0.3
69,4,Norris (McLaren),46.66111,185.29174,Cloudy,0.3
69,5,Norris (McLaren),46.94926,232.24101,Cloudy,0.3
70,1,Hamilton (Mercedes),46.29487,46.29487,Cloudy,0.3
70,2,Hamilton (Mercedes),46.03008,92.32495,Cloudy,0.3
70,3,Hamilton (Mercedes),45.47231,137.79727,Cloudy,0.3
70,4,Hamilton (Mercedes),45.55893,183.35619,Cloudy,0.3
70,5,Hamilton (Mercedes),46.45718,229.81337,Cloudy,0.3
70,1,Verstappen (Red Bull),46.65812,46.65812,Cloudy,0.3
70,2,Verstappen (Red Bull),46.50361,93.16172,Cloudy,0.3
70,3,Verstappen (Red Bull),44.70724,137.86896,Cloudy,0.3
70,4,Verstappen (Red Bull),45.44753,183.31649,Cloudy,0.3
70,5,Verstappen (Red Bull),45.17293,228.48942,Cloudy,0.3
70,1,Norris (McLaren),45.5844,45.5844,Cloudy,0.3
70,2,Norris (McLaren),45.2561,90.8405,Cloudy,0.3
70,3,Norris (McLaren),44.10625,134.94675,Cloudy,0.3
70,4,Norris (McLaren),46.48923,181.43598,Cloudy,0.3
70,5,Norris (McLaren),45.72633,227.1623,Cloudy,0.3
71,1,Hamilton (Mercedes),44.44706,44.44706,Cloudy,0.3
71,2,Hamilton (Mercedes),46.52179,90.96886,Cloudy,0.3
71,3,Hamilton (Mercedes),46.22514,137.194,Cloudy,0.3
71,4,Hamilton (Mercedes),45.24156,182.43556,Cloudy,0.3
71,5,Hamilton (Mercedes),45.55604,227.9916,Cloudy,0.3
71,1,Verstappen (Red Bull),44.4645,44.4645,Cloudy,0.3
71,2,Verstappen (Red Bull),45.28503,89.74953,Cloudy,0.3
71,3,Verstappen (Red Bull),45.95386,135.70339,Cloudy,0.3
71,4,Verstappen (Red Bull),45.29297,180.99637,Cloudy,0.3
71,5,Verstappen (Red Bull),45.78884,226.78521,Cloudy,0.3
71,1,Norris (McLaren),45.67771,45.67771,Cloudy,0.3
71,2,Norris (McLaren),45.70101,91.37873,Cloudy,0.3
71,3,Norris (McLaren),45.33698,136.7157,Cloudy,0.3
71,4,Norris (McLaren),45.37568,182.09139,Cloudy,0.3
71,5,Norris (McLaren),45.42732,227.51871,Cloudy,0.3
72,1,Hamilton (Mercedes),46.18272,46.18272,Cloudy,0.3
72,2,Hamilton (Mercedes),46.19586,92.37857,Cloudy,0.3
72,3,Hamilton (Mercedes),45.7038,138.08237,Cloudy,0.3
72,4,Hamilton (Mercedes),46.95972,185.04209,Cloudy,0.3
72,5,Hamilton (Mercedes),46.27358,231.31568,Cloudy,0.3
72,1,Verstappen (Red Bull),45.93166,45.93166,Cloudy,0.3
72,2,Verstappen (Red Bull),45.59365,91.52531,Cloudy,0.3
72,3,Verstappen (Red Bull),45.81466,137.33997,Cloudy,0.3
72,4,Verstappen (Red Bull),45.47482,182.81479,Cloudy,0.3
72,5,Verstappen (Red Bull),44.62865,227.44345,Cloudy,0.3
72,1,Norris (McLaren),45.50944,45.50944,Cloudy,0.3
72,2,Norris (McLaren),44.97902,90.48846,Cloudy,0.3
72,3,Norris (McLaren),45.45536,135.94382,Cloudy,0.3
72,4,Norris (McLaren),45.77355,181.71737,Cloudy,0.3
72,5,Norris (McLaren),45.53715,227.25452,Cloudy,0.3
73,1,Hamilton (Mercedes),45.87945,45.87945,Cloudy,0.3
73,2,Hamilton (Mercedes),46.3242,92.20365,Cloudy,0.3
73,3,Hamilton (Mercedes),47.16123,139.36488,Cloudy,0.3
73,4,Hamilton (Mercedes),45.91488,185.27976,Cloudy,0.3
73,5,Hamilton (Mercedes),46.20013,231.47989,Cloudy,0.3
73,1,Verstappen (Red Bull),46.15397,46.15397,Cloudy,0.3
73,2,Verstappen (Red Bull),45.40697,91.56095,Cloudy,0.3
73,3,Verstappen (Red Bull),44.78984,136.35078,Cloudy,0.3
73,4,Verstappen (Red Bull),45.47486,181.82564,Cloudy,0.3
73,5,Verstappen (Red Bull),44.52718,226.35282,Cloudy,0.3
73,1,Norris (McLaren),46.06877,46.06877,Cloudy,0.3
73,2,Norris (McLaren),45.8718,91.94057,Cloudy,0.3
73,3,Norris (McLaren),45.8385,137.77907,Cloudy,0.3
73,4,Norris (McLaren),46.22269,184.00176,Cloudy,0.3
73,5,Norris (McLaren),46.18631,230.18807,Cloudy,0.3
74,1,Hamilton (Mercedes),46.3104,46.3104,Cloudy,0.3
74,2,Hamilton (Mercedes),45.49456,91.80495,Cloudy,0.3
74,3,Hamilton (Mercedes),46.247,138.05195,Cloudy,0.3
74,4,Hamilton (Mercedes),46.37124,184.42319,Cloudy,0.3
74,5,Hamilton (Mercedes),46.60741,231.0306,Cloudy,0.3
74,1,Verstappen (Red Bull),45.16976,45.16976,Cloudy,0.3
74,2,Verstappen (Red Bull),45.16208,90.33184,Cloudy,0.3
74,3,Verstappen (Red Bull),46.30122,136.63306,Cloudy,0.3
74,4,Verstappen (Red Bull),45.40753,182.04059,Cloudy,0.3
74,5,Verstappen (Red Bull),46.08653,228.12712,Cloudy,0.3
74,1,Norris (McLaren),45.49996,45.49996,Cloudy,0.3
74,2,Norris (McLaren),45.80103,91.30099,Cloudy,0.3
74,3,Norris (McLaren),44.78273,136.08373,Cloudy,0.3
74,4,Norris (McLaren),46.2375,182.32123,Cloudy,0.3
74,5,Norris (McLaren),45.4188,227.74003,Cloudy,0.3
75,1,Hamilton (Mercedes),45.02632,45.02632,Cloudy,0.3
75,2,Hamilton (Mercedes),46.69888,91.7252,Cloudy,0.3
75,3,Hamilton (Mercedes),46.01959,137.74479,Cloudy,0.3
75,4,Hamilton (Mercedes),46.58185,184.32664,Cloudy,0.3
75,5,Hamilton (Mercedes),46.00956,230.3362,Cloudy,0.3
75,1,Verstappen (Red Bull),45.64894,45.64894,Cloudy,0.3
75,2,Verstappen (Red Bull),45.54696,91.19589,Cloudy,0.3
75,3,Verstappen (Red Bull),45.46066,136.65656,Cloudy,0.3
75,4,Verstappen (Red Bull),44.82534,181.4819,Cloudy,0.3
75,5,Verstappen (Red Bull),45.2542,226.7361,Cloudy,0.3
75,1,Norris (McLaren),47.0775,47.0775,Cloudy,0.3
75,2,Norris (McLaren),44.2195,91.29699,Cloudy,0.3
75,3,Norris (McLaren),45.5953,136.89229,Cloudy,0.3
75,4,Norris (McLaren),44.97082,181.86311,Cloudy,0.3
75,5,Norris (McLaren),46.12753,227.99064,Cloudy,0.3
76,1,Hamilton (Mercedes),45.81566,45.81566,Cloudy,0.3
76,2,Hamilton (Mercedes),45.71751,91.53318,Cloudy,0.3
76,3,Hamilton (Mercedes),45.67037,137.20355,Cloudy,0.3
76,4,Hamilton (Mercedes),46.19438,183.39793,Cloudy,0.3
76,5,Hamilton (Mercedes),45.93592,229.33385,Cloudy,0.3
76,1,Verstappen (Red Bull),45.11998,45.11998,Cloudy,0.3
76,2,Verstappen (Red Bull),45.22643,90.34641,Cloudy,0.3
76,3,Verstappen (Red Bull),45.81048,136.15689,Cloudy,0.3
76,4,Verstappen (Red Bull),45.3701,181.52699,Cloudy,0.3
76,5,Verstappen (Red Bull),45.46921,226.9962,Cloudy,0.3
76,1,Norris (McLaren),45.66945,45.66945,Cloudy,0.3
76,2,Norris (McLaren),45.78679,91.45624,Cloudy,0.3
76,3,Norris (McLaren),46.4103,137.86654,Cloudy,0.3
76,4,Norris (McLaren),44.97611,182.84265,Cloudy,0.3
76,5,Norris (McLaren),44.8456,227.68825,Cloudy,0.3
77,1,Hamilton (Mercedes),45.74395,45.74395,Cloudy,0.3
77,2,Hamilton (Mercedes),46.10587,91.84982,Cloudy,0.3
77,3,Hamilton (Mercedes),45.88404,137.73386,Cloudy,0.3
77,4,Hamilton (Mercedes),46.25756,183.99142,Cloudy,0.3
77,5,Hamilton (Mercedes),46.36406,230.35547,Cloudy,0.3
77,1,Verstappen (Red Bull),45.00989,45.00989,Cloudy,0.3
77,2,Verstappen (Red Bull),44.62374,89.63364,Cloudy,0.3
77,3,Verstappen (Red Bull),45.69929,135.33292,Cloudy,0.3
77,4,Verstappen (Red Bull),45.05048,180.38341,Cloudy,0.3
77,5,Verstappen (Red Bull),44.98451,225.36792,Cloudy,0.3
77,1,Norris (McLaren),45.00552,45.00552,Cloudy,0.3
77,2,Norris (McLaren),46.27984,91.28536,Cloudy,0.3
77,3,Norris (McLaren),46.81357,138.09894,Cloudy,0.3
77,4,Norris (McLaren),46.03162,184.13056,Cloudy,0.3
77,5,Norris (McLaren),45.65246,229.78302,Cloudy,0.3
78,1,Hamilton (Mercedes),46.4664,46.4664,Cloudy,0.3
78,2,Hamilton (Mercedes),47.29209,93.75849,Cloudy,0.3
78,3,Hamilton (Mercedes),46.55423,140.31272,Cloudy,0.3
78,4,Hamilton (Mercedes),45.88949,186.20221,Cloudy,0.3
78,5,Hamilton (Mercedes),46.07412,232.27633,Cloudy,0.3
78,1,Verstappen (Red Bull),46.46931,46.46931,Cloudy,0.3
78,2,Verstappen (Red Bull),45.42526,91.89457,Cloudy,0.3
78,3,Verstappen (Red Bull),45.60014,137.49471,Cloudy,0.3
78,4,Verstappen (Red Bull),45.21299,182.7077,Cloudy,0.3
78,5,Verstappen (Red Bull),45.65428,228.36198,Cloudy,0.3
78,1,Norris (McLaren),46.86987,46.86987,Cloudy,0.3
78,2,Norris (McLaren),44.7315,91.60137,Cloudy,0.3
78,3,Norris (McLaren),45.32821,136.92958,Cloudy,0.3
78,4,Norris (McLaren),45.45129,182.38087,Cloudy,0.3
78,5,Norris (McLaren),44.78523,227.1661,Cloudy,0.3
79,1,Hamilton (Mercedes),46.88128,46.88128,Cloudy,0.3
79,2,Hamilton (Mercedes),45.36607,92.24735,Cloudy,0.3
79,3,Hamilton (Mercedes),45.84285,138.0902,Cloudy,0.3
79,4,Hamilton (Mercedes),45.7917,183.8819,Cloudy,0.3
79,5,Hamilton (Mercedes),45.39401,229.27592,Cloudy,0.3
79,1,Verstappen (Red Bull),45.37016,45.37016,Cloudy,0.3
79,2,Verstappen (Red Bull),44.26015,89.63031,Cloudy,0.3
79,3,Verstappen (Red Bull),45.99633,135.62664,Cloudy,0.3
79,4,Verstappen (Red Bull),44.38694,180.01358,Cloudy,0.3
79,5,Verstappen (Red Bull),45.24816,225.26174,Cloudy,0.3
79,1,Norris (McLaren),46.67958,46.67958,Cloudy,0.3
79,2,Norris (McLaren),44.99237,91.67195,Cloudy,0.3
79,3,Norris (McLaren),46.58057,138.25251,Cloudy,0.3
79,4,Norris (McLaren),46.21418,184.46669,Cloudy,0.3
79,5,Norris (McLaren),45.07351,229.5402,Cloudy,0.3
80,1,Hamilton (Mercedes),46.71244,46.71244,Cloudy,0.3
80,2,Hamilton (Mercedes),46.07002,92.78246,Cloudy,0.3
80,3,Hamilton (Mercedes),46.05894,138.8414,Cloudy,0.3
80,4,Hamilton (Mercedes),45.75092,184.59232,Cloudy,0.3
80,5,Hamilton (Mercedes),45.28788,229.8802,Cloudy,0.3
80,1,Verstappen (Red Bull),45.32334,45.32334,Cloudy,0.3
80,2,Verstappen (Red Bull),45.27143,90.59477,Cloudy,0.3
80,3,Verstappen (Red Bull),44.83705,135.43182,Cloudy,0.3
80,4,Verstappen (Red Bull),44.49519,179.927,Cloudy,0.3
80,5,Verstappen (Red Bull),45.92389,225.85089,Cloudy,0.3
80,1,Norris (McLaren),45.1008,45.1008,Cloudy,0.3
80,2,Norris (McLaren),44.91795,90.01876,Cloudy,0.3
80,3,Norris (McLaren),46.91576,136.93452,Cloudy,0.3
80,4,Norris (McLaren),46.86978,183.8043,Cloudy,0.3
80,5,Norris (McLaren),45.30355,229.10785,Cloudy,0.3
81,1,Hamilton (Mercedes),45.78411,45.78411,Cloudy,0.3
81,2,Hamilton (Mercedes),46.08648,91.87058,Cloudy,0.3
81,3,Hamilton (Mercedes),45.24894,137.11953,Cloudy,0.3
81,4,Hamilton (Mercedes),46.47113,183.59066,Cloudy,0.3
81,5,Hamilton (Mercedes),46.12938,229.72004,Cloudy,0.3
81,1,Verstappen (Red Bull),46.0027,46.0027,Cloudy,0.3
81,2,Verstappen (Red Bull),44.97556,90.97826,Cloudy,0.3
81,3,Verstappen (Red Bull),46.30693,137.28518,Cloudy,0.3
81,4,Verstappen (Red Bull),45.19346,182.47865,Cloudy,0.3
81,5,Verstappen (Red Bull),46.1382,228.61684,Cloudy,0.3
81,1,Norris (McLaren),45.5346,45.5346,Cloudy,0.3
81,2,Norris (McLaren),47.38283,92.91743,Cloudy,0.3
81,3,Norris (McLaren),46.13816,139.0556,Cloudy,0.3
81,4,Norris (McLaren),46.99866,186.05426,Cloudy,0.3
81,5,Norris (McLaren),44.89669,230.95094,Cloudy,0.3
82,1,Hamilton (Mercedes),46.56231,46.56231,Cloudy,0.3
82,2,Hamilton (Mercedes),46.24794,92.81026,Cloudy,0.3
82,3,Hamilton (Mercedes),45.93328,138.74354,Cloudy,0.3
82,4,Hamilton (Mercedes),46.1091,184.85264,Cloudy,0.3
82,5,Hamilton (Mercedes),46.3617,231.21434,Cloudy,0.3
82,1,Verstappen (Red Bull),45.76588,45.76588,Cloudy,0.3
82,2,Verstappen (Red Bull),46.35805,92.12393,Cloudy,0.3
82,3,Verstappen (Red Bull),45.32739,137.45133,Cloudy,0.3
82,4,Verstappen (Red Bull),46.15358,183.60491,Cloudy,0.3
82,5,Verstappen (Red Bull),45.94336,229.54826,Cloudy,0.3
82,1,Norris (McLaren),46.34353,46.34353,Cloudy,0.3
82,2,Norris (McLaren),45.44402,91.78755,Cloudy,0.3
82,3,Norris (McLaren),46.80403,138.59158,Cloudy,0.3
82,4,Norris (McLaren),45.54474,184.13632,Cloudy,0.3
82,5,Norris (McLaren),45.99541,230.13173,Cloudy,0.3
83,1,Hamilton (Mercedes),45.61979,45.61979,Cloudy,0.3
83,2,Hamilton (Mercedes),46.066,91.68579,Cloudy,0.3
83,3,Hamilton (Mercedes),46.61593,138.30172,Cloudy,0.3
83,4,Hamilton (Mercedes),46.06181,184.36353,Cloudy,0.3
83,5,Hamilton (Mercedes),45.33263,229.69616,Cloudy,0.3
83,1,Verstappen (Red Bull),44.87433,44.87433,Cloudy,0.3
83,2,Verstappen (Red Bull),45.45836,90.33268,Cloudy,0.3
83,3,Verstappen (Red Bull),45.33615,135.66884,Cloudy,0.3
83,4,Verstappen (Red Bull),45.072,180.74083,Cloudy,0.3
83,5,Verstappen (Red Bull),45.76807,226.50891,Cloudy,0.3
83,1,Norris (McLaren),46.35066,46.35066,Cloudy,0.3
83,2,Norris (McLaren),44.96531,91.31597,Cloudy,0.3
83,3,Norris (McLaren),45.84105,137.15703,Cloudy,0.3
83,4,Norris (McLaren),46.63296,183.78998,Cloudy,0.3
83,5,Norris (McLaren),46.17389,229.96387,Cloudy,0.3
84,1,Hamilton (Mercedes),45.28862,45.28862,Cloudy,0.3
84,2,Hamilton (Mercedes),45.55432,90.84294,Cloudy,0.3
84,3,Hamilton (Mercedes),45.50646,136.3494,Cloudy,0.3
84,4,Hamilton (Mercedes),47.13394,183.48334,Cloudy,0.3
84,5,Hamilton (Mercedes),45.95035,229.43369,Cloudy,0.3
84,1,Verstappen (Red Bull),44.16352,44.16352,Cloudy,0.3
84,2,Verstappen (Red Bull),46.07149,90.23501,Cloudy,0.3
84,3,Verstappen (Red Bull),45.80177,136.03678,Cloudy,0.3
84,4,Verstappen (Red Bull),45.02312,181.05991,Cloudy,0.3
84,5,Verstappen (Red Bull),45.3481,226.40801,Cloudy,0.3
84,1,Norris (McLaren),45.81992,45.81992,Cloudy,0.3
84,2,Norris (McLaren),45.89804,91.71796,Cloudy,0.3
84,3,Norris (McLaren),45.46514,137.1831,Cloudy,0.3
84,4,Norris (McLaren),45.0806,182.26371,Cloudy,0.3
84,5,Norris (McLaren),47.04486,229.30857,Cloudy,0.3
85,1,Hamilton (Mercedes),46.33696,46.33696,Cloudy,0.3
85,2,Hamilton (Mercedes),45.85398,92.19094,Cloudy,0.3
85,3,Hamilton (Mercedes),45.54964,137.74058,Cloudy,0.3
85,4,Hamilton (Mercedes),45.8814,183.62197,Cloudy,0.3
85,5,Hamilton (Mercedes),45.90387,229.52584,Cloudy,0.3
85,1,Verstappen (Red Bull),44.85482,44.85482,Cloudy,0.3
85,2,Verstappen (Red Bull),44.97255,89.82736,Cloudy,0.3
85,3,Verstappen (Red Bull),44.78857,134.61594,Cloudy,0.3
85,4,Verstappen (Red Bull),45.98068,180.59661,Cloudy,0.3
85,5,Verstappen (Red Bull),45.44315,226.03977,Cloudy,0.3
85,1,Norris (McLaren),46.31896,46.31896,Cloudy,0.3
85,2,Norris (McLaren),45.7778,92.09676,Cloudy,0.3
85,3,Norris (McLaren),45.99949,138.09625,Cloudy,0.3
85,4,Norris (McLaren),45.78069,183.87694,Cloudy,0.3
85,5,Norris (McLaren),46.25383,230.13076,Cloudy,0.3
86,1,Hamilton (Mercedes),46.10181,46.10181,Cloudy,0.3
86,2,Hamilton (Mercedes),45.80156,91.90337,Cloudy,0.3
86,3,Hamilton (Mercedes),45.88055,137.78393,Cloudy,0.3
86,4,Hamilton (Mercedes),45.16922,182.95315,Cloudy,0.3
86,5,Hamilton (Mercedes),46.41912,229.37227,Cloudy,0.3
86,1,Verstappen (Red Bull),44.97729,44.97729,Cloudy,0.3
86,2,Verstappen (Red Bull),45.30478,90.28207,Cloudy,0.3
86,3,Verstappen (Red Bull),45.28695,135.56902,Cloudy,0.3
86,4,Verstappen (Red Bull),44.31112,179.88013,Cloudy,0.3
86,5,Verstappen (Red Bull),45.97092,225.85105,Cloudy,0.3
86,1,Norris (McLaren),45.40087,45.40087,Cloudy,0.3
86,2,Norris (McLaren),45.73788,91.13875,Cloudy,0.3
86,3,Norris (McLaren),44.67429,135.81304,Cloudy,0.3
86,4,Norris (McLaren),45.5668,181.37984,Cloudy,0.3
86,5,Norris (McLaren),46.16213,227.54197,Cloudy,0.3
87,1,Hamilton (Mercedes),45.95631,45.95631,Cloudy,0.3
87,2,Hamilton (Mercedes),45.878,91.83431,Cloudy,0.3
87,3,Hamilton (Mercedes),47.77535,139.60966,Cloudy,0.3
87,4,Hamilton (Mercedes),46.39228,186.00193,Cloudy,0.3
87,5,Hamilton (Mercedes),45.50653,231.50847,Cloudy,0.3
87,1,Verstappen (Red Bull),45.35017,45.35017,Cloudy,0.3
87,2,Verstappen (Red Bull),45.11032,90.46049,Cloudy,0.3
87,3,Verstappen (Red Bull),45.50132,135.9618,Cloudy,0.3
87,4,Verstappen (Red Bull),45.77665,181.73845,Cloudy,0.3
87,5,Verstappen (Red Bull),45.95552,227.69397,Cloudy,0.3
87,1,Norris (McLaren),45.63285,45.63285,Cloudy,0.3
87,2,Norris (McLaren),44.39324,90.02609,Cloudy,0.3
87,3,Norris (McLaren),46.37079,136.39688,Cloudy,0.3
87,4,Norris (McLaren),45.9249,182.32177,Cloudy,0.3
87,5,Norris (McLaren),45.85017,228.17194,Cloudy,0.3
88,1,Hamilton (Mercedes),45.37352,45.37352,Cloudy,0.3
88,2,Hamilton (Mercedes),46.44738,91.8209,Cloudy,0.3
88,3,Hamilton (Mercedes),45.69013,137.51103,Cloudy,0.3
88,4,Hamilton (Mercedes),45.51823,183.02926,Cloudy,0.3
88,5,Hamilton (Mercedes),45.07036,228.09963,Cloudy,0.3
88,1,Verstappen (Red Bull),45.19683,45.19683,Cloudy,0.3
88,2,Verstappen (Red Bull),45.47285,90.66967,Cloudy,0.3
88,3,Verstappen (Red Bull),45.7504,136.42007,Cloudy,0.3
88,4,Verstappen (Red Bull),45.56707,181.98715,Cloudy,0.3
88,5,Verstappen (Red Bull),44.33314,226.32028,Cloudy,0.3
88,1,Norris (McLaren),44.86315,44.86315,Cloudy,0.3
88,2,Norris (McLaren),46.05585,90.919,Cloudy,0.3
88,3,Norris (McLaren),46.3959,137.31491,Cloudy,0.3
88,4,Norris (McLaren),46.27225,183.58716,Cloudy,0.3
88,5,Norris (McLaren),45.93423,229.52139,Cloudy,0.3
89,1,Hamilton (Mercedes),46.01906,46.01906,Cloudy,0.3
89,2,Hamilton (Mercedes),46.10336,92.12242,Cloudy,0.3
89,3,Hamilton (Mercedes),45.69902,137.82144,Cloudy,0.3
89,4,Hamilton (Mercedes),45.11967,182.94111,Cloudy,0.3
89,5,Hamilton (Mercedes),45.49881,228.43991,Cloudy,0.3
89,1,Verstappen (Red Bull),46.54815,46.54815,Cloudy,0.3
89,2,Verstappen (Red Bull),46.41638,92.96454,Cloudy,0.3
89,3,Verstappen (Red Bull),44.92314,137.88768,Cloudy,0.3
89,4,Verstappen (Red Bull),45.14685,183.03454,Cloudy,0.3
89,5,Verstappen (Red Bull),45.14344,228.17797,Cloudy,0.3
89,1,Norris (McLaren),45.90558,45.90558,Cloudy,0.3
89,2,Norris (McLaren),45.15281,91.05839,Cloudy,0.3
89,3,Norris (McLaren),47.23015,138.28853,Cloudy,0.3
89,4,Norris (McLaren),45.62954,183.91807,Cloudy,0.3
89,5,Norris (McLaren),45.54965,229.46772,Cloudy,0.3
90,1,Hamilton (Mercedes),47.10663,47.10663,Cloudy,0.3
90,2,Hamilton (Mercedes),46.39215,93.49878,Cloudy,0.3
90,3,Hamilton (Mercedes),46.26926,139.76804,Cloudy,0.3
90,4,Hamilton (Mercedes),45.24739,185.01543,Cloudy,0.3
90,5,Hamilton (Mercedes),46.83301,231.84844,Cloudy,0.3
90,1,Verstappen (Red Bull),45.34491,45.34491,Cloudy,0.3
90,2,Verstappen (Red Bull),44.66798,90.01289,Cloudy,0.3
90,3,Verstappen (Red Bull),45.46415,135.47704,Cloudy,0.3
90,4,Verstappen (Red Bull),44.83935,180.31639,Cloudy,0.3
90,5,Verstappen (Red Bull),45.41377,225.73016,Cloudy,0.3
90,1,Norris (McLaren),46.1262,46.1262,Cloudy,0.3
90,2,Norris (McLaren),45.80928,91.93548,Cloudy,0.3
90,3,Norris (McLaren),45.09121,137.02669,Cloudy,0.3
90,4,Norris (McLaren),45.35373,182.38042,Cloudy,0.3
90,5,Norris (McLaren),45.98323,228.36365,Cloudy,0.3
91,1,Hamilton (Mercedes),46.3702,46.3702,Cloudy,0.3
91,2,Hamilton (Mercedes),45.98213,92.35234,Cloudy,0.3
91,3,Hamilton (Mercedes),46.50657,138.8589,Cloudy,0.3
91,4,Hamilton (Mercedes),46.06757,184.92647,Cloudy,0.3
91,5,Hamilton (Mercedes),46.03728,230.96375,Cloudy,0.3
91,1,Verstappen (Red Bull),45.93477,45.93477,Cloudy,0.3
91,2,Verstappen (Red Bull),46.46284,92.39761,Cloudy,0.3
91,3,Verstappen (Red Bull),45.88836,138.28597,Cloudy,0.3
91,4,Verstappen (Red Bull),44.5761,182.86207,Cloudy,0.3
91,5,Verstappen (Red Bull),45.74532,228.60739,Cloudy,0.3
91,1,Norris (McLaren),45.59663,45.59663,Cloudy,0.3
91,2,Norris (McLaren),45.55751,91.15414,Cloudy,0.3
91,3,Norris (McLaren),46.03759,137.19173,Cloudy,0.3
91,4,Norris (McLaren),45.26494,182.45667,Cloudy,0.3
91,5,Norris (McLaren),45.94348,228.40015,Cloudy,0.3
92,1,Hamilton (Mercedes),45.51324,45.51324,Cloudy,0.3
92,2,Hamilton (Mercedes),45.95007,91.46331,Cloudy,0.3
92,3,Hamilton (Mercedes),46.17997,137.64328,Cloudy,0.3
92,4,Hamilton (Mercedes),46.26167,183.90495,Cloudy,0.3
92,5,Hamilton (Mercedes),46.18184,230.08679,Cloudy,0.3
92,1,Verstappen (Red Bull),44.39722,44.39722,Cloudy,0.3
92,2,Verstappen (Red Bull),45.32247,89.71969,Cloudy,0.3
92,3,Verstappen (Red Bull),46.44594,136.16563,Cloudy,0.3
92,4,Verstappen (Red Bull),46.04447,182.2101,Cloudy,0.3
92,5,Verstappen (Red Bull),44.90369,227.11379,Cloudy,0.3
92,1,Norris (McLaren),46.94859,46.94859,Cloudy,0.3
92,2,Norris (McLaren),45.5822,92.5308,Cloudy,0.3
92,3,Norris (McLaren),46.12269,138.65348,Cloudy,0.3
92,4,Norris (McLaren),46.19963,184.85311,Cloudy,0.3
92,5,Norris (McLaren),47.13761,231.99073,Cloudy,0.3
93,1,Hamilton (Mercedes),46.09451,46.09451,Cloudy,0.3
93,2,Hamilton (Mercedes),45.86131,91.95581,Cloudy,0.3
93,3,Hamilton (Mercedes),45.25211,137.20793,Cloudy,0.3
93,4,Hamilton (Mercedes),46.13414,183.34207,Cloudy,0.3
93,5,Hamilton (Mercedes),45.32958,228.67165,Cloudy,0.3
93,1,Verstappen (Red Bull),45.44733,45.44733,Cloudy,0.3
93,2,Verstappen (Red Bull),45.27857,90.7259,Cloudy,0.3
93,3,Verstappen (Red Bull),45.28392,136.00981,Cloudy,0.3
93,4,Verstappen (Red Bull),45.56684,181.57666,Cloudy,0.3
93,5,Verstappen (Red Bull),45.54198,227.11863,Cloudy,0.3
93,1,Norris (McLaren),46.36567,46.36567,Cloudy,0.3
93,2,Norris (McLaren),45.93221,92.29788,Cloudy,0.3
93,3,Norris (McLaren),45.33471,137.63259,Cloudy,0.3
93,4,Norris (McLaren),45.86251,183.4951,Cloudy,0.3
93,5,Norris (McLaren),45.22498,228.72008,Cloudy,0.3
94,1,Hamilton (Mercedes),45.47489,45.47489,Cloudy,0.3
94,2,Hamilton (Mercedes),45.15571,90.63061,Cloudy,0.3
94,3,Hamilton (Mercedes),45.85008,136.48069,Cloudy,0.3
94,4,Hamilton (Mercedes),46.31166,182.79235,Cloudy,0.3
94,5,Hamilton (Mercedes),46.02045,228.8128,Cloudy,0.3
94,1,Verstappen (Red Bull),45.9244,45.9244,Cloudy,0.3
94,2,Verstappen (Red Bull),45.32303,91.24743,Cloudy,0.3
94,3,Verstappen (Red Bull),45.13185,136.37928,Cloudy,0.3
94,4,Verstappen (Red Bull),45.03634,181.41562,Cloudy,0.3
94,5,Verstappen (Red Bull),46.65982,228.07544,Cloudy,0.3
94,1,Norris (McLaren),45.09855,45.09855,Cloudy,0.3
94,2,Norris (McLaren),45.85561,90.95416,Cloudy,0.3
94,3,Norris (McLaren),45.90777,136.86193,Cloudy,0.3
94,4,Norris (McLaren),45.0952,181.95713,Cloudy,0.3
94,5,Norris (McLaren),45.59998,227.55711,Cloudy,0.3
95,1,Hamilton (Mercedes),45.82168,45.82168,Cloudy,0.3
95,2,Hamilton (Mercedes),45.22978,91.05146,Cloudy,0.3
95,3,Hamilton (Mercedes),46.4143,137.46576,Cloudy,0.3
95,4,Hamilton (Mercedes),45.28013,182.74589,Cloudy,0.3
95,5,Hamilton (Mercedes),45.93813,228.68402,Cloudy,0.3
95,1,Verstappen (Red Bull),45.33823,45.33823,Cloudy,0.3
95,2,Verstappen (Red Bull),44.57916,89.91739,Cloudy,0.3
95,3,Verstappen (Red Bull),45.51715,135.43454,Cloudy,0.3
95,4,Verstappen (Red Bull),44.96099,180.39553,Cloudy,0.3
95,5,Verstappen (Red Bull),44.70989,225.10542,Cloudy,0.3
95,1,Norris (McLaren),44.27091,44.27091,Cloudy,0.3
95,2,Norris (McLaren),44.93542,89.20632,Cloudy,0.3
95,3,Norris (McLaren),44.93215,134.13848,Cloudy,0.3
95,4,Norris (McLaren),44.28953,178.428,Cloudy,0.3
95,5,Norris (McLaren),45.94881,224.37681,Cloudy,0.3
96,1,Hamilton (Mercedes),45.85449,45.85449,Cloudy,0.3
96,2,Hamilton (Mercedes),46.27262,92.12712,Cloudy,0.3
96,3,Hamilton (Mercedes),45.87947,138.00658,Cloudy,0.3
96,4,Hamilton (Mercedes),45.3003,183.30689,Cloudy,0.3
96,5,Hamilton (Mercedes),45.13695,228.44384,Cloudy,0.3
96,1,Verstappen (Red Bull),45.37249,45.37249,Cloudy,0.3
96,2,Verstappen (Red Bull),46.27577,91.64826,Cloudy,0.3
96,3,Verstappen (Red Bull),44.50659,136.15485,Cloudy,0.3
96,4,Verstappen (Red Bull),45.11525,181.2701,Cloudy,0.3
96,5,Verstappen (Red Bull),45.58425,226.85435,Cloudy,0.3
96,1,Norris (McLaren),45.30241,45.30241,Cloudy,0.3
96,2,Norris (McLaren),46.51937,91.82178,Cloudy,0.3
96,3,Norris (McLaren),46.70707,138.52886,Cloudy,0.3
96,4,Norris (McLaren),46.8256,185.35446,Cloudy,0.3
96,5,Norris (McLaren),46.69702,232.05148,Cloudy,0.3
97,1,Hamilton (Mercedes),46.67487,46.67487,Cloudy,0.3
97,2,Hamilton (Mercedes),46.04616,92.72102,Cloudy,0.3
97,3,Hamilton (Mercedes),46.08261,138.80363,Cloudy,0.3
97,4,Hamilton (Mercedes),45.77655,184.58019,Cloudy,0.3
97,5,Hamilton (Mercedes),45.39371,229.9739,Cloudy,0.3
97,1,Verstappen (Red Bull),45.65571,45.65571,Cloudy,0.3
97,2,Verstappen (Red Bull),45.13982,90.79554,Cloudy,0.3
97,3,Verstappen (Red Bull),46.12469,136.92023,Cloudy,0.3
97,4,Verstappen (Red Bull),45.56147,182.4817,Cloudy,0.3
97,5,Verstappen (Red Bull),45.67738,228.15908,Cloudy,0.3
97,1,Norris (McLaren),46.15041,46.15041,Cloudy,0.3
97,2,Norris (McLaren),46.82894,92.97935,Cloudy,0.3
97,3,Norris (McLaren),46.12439,139.10374,Cloudy,0.3
97,4,Norris (McLaren),45.36866,184.4724,Cloudy,0.3
97,5,Norris (McLaren),46.3741,230.8465,Cloudy,0.3
98,1,Hamilton (Mercedes),46.18629,46.18629,Cloudy,0.3
98,2,Hamilton (Mercedes),44.89548,91.08178,Cloudy,0.3
98,3,Hamilton (Mercedes),44.69289,135.77467,Cloudy,0.3
98,4,Hamilton (Mercedes),45.66029,181.43495,Cloudy,0.3
98,5,Hamilton (Mercedes),46.49194,227.92689,Cloudy,0.3
98,1,Verstappen (Red Bull),45.53841,45.53841,Cloudy,0.3
98,2,Verstappen (Red Bull),45.20841,90.74682,Cloudy,0.3
98,3,Verstappen (Red Bull),46.57253,137.31935,Cloudy,0.3
98,4,Verstappen (Red Bull),44.79218,182.11153,Cloudy,0.3
98,5,Verstappen (Red Bull),45.8062,227.91773,Cloudy,0.3
98,1,Norris (McLaren),45.20191,45.20191,Cloudy,0.3
98,2,Norris (McLaren),45.84264,91.04454,Cloudy,0.3
98,3,Norris (McLaren),44.74766,135.7922,Cloudy,0.3
98,4,Norris (McLaren),45.88322,181.67542,Cloudy,0.3
98,5,Norris (McLaren),45.19602,226.87145,Cloudy,0.3
99,1,Hamilton (Mercedes),46.57867,46.57867,Cloudy,0.3
99,2,Hamilton (Mercedes),45.34623,91.92489,Cloudy,0.3
99,3,Hamilton (Mercedes),45.13709,137.06198,Cloudy,0.3
99,4,Hamilton (Mercedes),46.30218,183.36416,Cloudy,0.3
99,5,Hamilton (Mercedes),45.28782,228.65199,Cloudy,0.3
99,1,Verstappen (Red Bull),46.31677,46.31677,Cloudy,0.3
99,2,Verstappen (Red Bull),45.81143,92.1282,Cloudy,0.3
99,3,Verstappen (Red Bull),44.76024,136.88844,Cloudy,0.3
99,4,Verstappen (Red Bull),44.94463,181.83307,Cloudy,0.3
99,5,Verstappen (Red Bull),45.14056,226.97363,Cloudy,0.3
99,1,Norris (McLaren),45.28507,45.28507,Cloudy,0.3
99,2,Norris (McLaren),45.08104,90.36612,Cloudy,0.3
99,3,Norris (McLaren),45.35402,135.72014,Cloudy,0.3
99,4,Norris (McLaren),46.06084,181.78098,Cloudy,0.3
99,5,Norris (McLaren),44.9352,226.71618,Cloudy,0.3
100,1,Hamilton (Mercedes),45.82056,45.82056,Cloudy,0.3
100,2,Hamilton (Mercedes),46.00689,91.82745,Cloudy,0.3
100,3,Hamilton (Mercedes),46.02444,137.85189,Cloudy,0.3
100,4,Hamilton (Mercedes),47.14193,184.99382,Cloudy,0.3
100,5,Hamilton (Mercedes),46.25714,231.25096,Cloudy,0.3
100,1,Verstappen (Red Bull),45.92999,45.92999,Cloudy,0.3
100,2,Verstappen (Red Bull),45.29772,91.22772,Cloudy,0.3
100,3,Verstappen (Red Bull),45.94803,137.17575,Cloudy,0.3
100,4,Verstappen (Red Bull),44.75888,181.93463,Cloudy,0.3
100,5,Verstappen (Red Bull),45.86033,227.79496,Cloudy,0.3
100,1,Norris (McLaren),46.28352,46.28352,Cloudy,0.3
100,2,Norris (McLaren),46.31831,92.60183,Cloudy,0.3
100,3,Norris (McLaren),46.03649,138.63832,Cloudy,0.3
100,4,Norris (McLaren),44.87138,183.5097,Cloudy,0.3
100,5,Norris (McLaren),45.1066,228.6163,Cloudy,0.3
101,1,Hamilton (Mercedes),46.48837,46.48837,Cloudy,0.3
101,2,Hamilton (Mercedes),45.46117,91.94954,Cloudy,0.3
101,3,Hamilton (Mercedes),46.55522,138.50477,Cloudy,0.3
101,4,Hamilton (Mercedes),45.87355,184.37832,Cloudy,0.3
101,5,Hamilton (Mercedes),45.10264,229.48096,Cloudy,0.3
101,1,Verstappen (Red Bull),44.96721,44.96721,Cloudy,0.3
101,2,Verstappen (Red Bull),45.30074,90.26795,Cloudy,0.3
101,3,Verstappen (Red Bull),47.23089,137.49884,Cloudy,0.3
101,4,Verstappen (Red Bull),46.10003,183.59886,Cloudy,0.3
101,5,Verstappen (Red Bull),45.99677,229.59563,Cloudy,0.3
101,1,Norris (McLaren),44.55137,44.55137,Cloudy,0.3
101,2,Norris (McLaren),45.60818,90.15954,Cloudy,0.3
101,3,Norris (McLaren),45.21889,135.37844,Cloudy,0.3
101,4,Norris (McLaren),46.0118,181.39024,Cloudy,0.3
101,5,Norris (McLaren),45.62248,227.01272,Cloudy,0.3
102,1,Hamilton (Mercedes),46.01652,46.01652,Cloudy,0.3
102,2,Hamilton (Mercedes),46.79992,92.81644,Cloudy,0.3
102,3,Hamilton (Mercedes),45.42216,138.2386,Cloudy,0.3
102,4,Hamilton (Mercedes),46.05503,184.29363,Cloudy,0.3
102,5,Hamilton (Mercedes),45.41085,229.70448,Cloudy,0.3
102,1,Verstappen (Red Bull),46.30328,46.30328,Cloudy,0.3
102,2,Verstappen (Red Bull),46.67979,92.98307,Cloudy,0.3
102,3,Verstappen (Red Bull),46.40102,139.3841,Cloudy,0.3
102,4,Verstappen (Red Bull),45.93878,185.32287,Cloudy,0.3
102,5,Verstappen (Red Bull),45.13705,230.45992,Cloudy,0.3
102,1,Norris (McLaren),45.28129,45.28129,Cloudy,0.3
102,2,Norris (McLaren),46.5512,91.8325,Cloudy,0.3
102,3,Norris (McLaren),45.21598,137.04847,Cloudy,0.3
102,4,Norris (McLaren),47.27836,184.32683,Cloudy,0.3
102,5,Norris (McLaren),45.92185,230.24868,Cloudy,0.3
103,1,Hamilton (Mercedes),46.76571,46.76571,Cloudy,0.3
103,2,Hamilton (Mercedes),45.74409,92.5098,Cloudy,0.3
103,3,Hamilton (Mercedes),46.04195,138.55175,Cloudy,0.3
103,4,Hamilton (Mercedes),46.4425,184.99425,Cloudy,0.3
103,5,Hamilton (Mercedes),45.8506,230.84484,Cloudy,0.3
103,1,Verstappen (Red Bull),45.80295,45.80295,Cloudy,0.3
103,2,Verstappen (Red Bull),45.28017,91.08312,Cloudy,0.3
103,3,Verstappen (Red Bull),45.61514,136.69826,Cloudy,0.3
103,4,Verstappen (Red Bull),44.72265,181.42091,Cloudy,0.3
103,5,Verstappen (Red Bull),44.76928,226.19019,Cloudy,0.3
103,1,Norris (McLaren),45.5782,45.5782,Cloudy,0.3
103,2,Norris (McLaren),46.19515,91.77334,Cloudy,0.3
103,3,Norris (McLaren),46.08318,137.85652,Cloudy,0.3
103,4,Norris (McLaren),45.58588,183.44241,Cloudy,0.3
103,5,Norris (McLaren),45.10618,228.54859,Cloudy,0.3
104,1,Hamilton (Mercedes),46.32072,46.32072,Cloudy,0.3
104,2,Hamilton (Mercedes),46.81929,93.14001,Cloudy,0.3
104,3,Hamilton (Mercedes),46.29648,139.43649,Cloudy,0.3
104,4,Hamilton (Mercedes),45.32716,184.76365,Cloudy,0.3
104,5,Hamilton (Mercedes),45.3898,230.15345,Cloudy,0.3
104,1,Verstappen (Red Bull),45.20433,45.20433,Cloudy,0.3
104,2,Verstappen (Red Bull),46.55831,91.76264,Cloudy,0.3
104,3,Verstappen (Red Bull),45.00511,136.76775,Cloudy,0.3
104,4,Verstappen (Red Bull),44.69733,181.46507,Cloudy,0.3
104,5,Verstappen (Red Bull),44.67452,226.1396,Cloudy,0.3
104,1,Norris (McLaren),45.77846,45.77846,Cloudy,0.3
104,2,Norris (McLaren),45.11184,90.8903,Cloudy,0.3
104,3,Norris (McLaren),45.82962,136.71992,Cloudy,0.3
104,4,Norris (McLaren),46.28606,183.00598,Cloudy,0.3
104,5,Norris (McLaren),45.74517,228.75115,Cloudy,0.3
105,1,Hamilton (Mercedes),45.98936,45.98936,Cloudy,0.3
105,2,Hamilton (Mercedes),46.33665,92.32601,Cloudy,0.3
105,3,Hamilton (Mercedes),46.4269,138.75291,Cloudy,0.3
105,4,Hamilton (Mercedes),46.14579,184.89869,Cloudy,0.3
105,5,Hamilton (Mercedes),46.39031,231.289,Cloudy,0.3
105,1,Verstappen (Red Bull),45.35834,45.35834,Cloudy,0.3
105,2,Verstappen (Red Bull),45.90904,91.26738,Cloudy,0.3
105,3,Verstappen (Red Bull),44.8496,136.11698,Cloudy,0.3
105,4,Verstappen (Red Bull),45.15735,181.27432,Cloudy,0.3
105,5,Verstappen (Red Bull),45.90077,227.17509,Cloudy,0.3
105,1,Norris (McLaren),45.20029,45.20029,Cloudy,0.3
105,2,Norris (McLaren),45.37076,90.57105,Cloudy,0.3
105,3,Norris (McLaren),46.71305,137.2841,Cloudy,0.3
105,4,Norris (McLaren),45.71917,183.00327,Cloudy,0.3
105,5,Norris (McLaren),46.14095,229.14421,Cloudy,0.3
106,1,Hamilton (Mercedes),46.09,46.09,Cloudy,0.3
106,2,Hamilton (Mercedes),46.13733,92.22734,Cloudy,0.3
106,3,Hamilton (Mercedes),45.8989,138.12624,Cloudy,0.3
106,4,Hamilton (Mercedes),46.40975,184.53599,Cloudy,0.3
106,5,Hamilton (Mercedes),46.41542,230.9514,Cloudy,0.3
106,1,Verstappen (Red Bull),45.93916,45.93916,Cloudy,0.3
106,2,Verstappen (Red Bull),45.25248,91.19163,Cloudy,0.3
106,3,Verstappen (Red Bull),44.78843,135.98006,Cloudy,0.3
106,4,Verstappen (Red Bull),46.1589,182.13896,Cloudy,0.3
106,5,Verstappen (Red Bull),44.97888,227.11784,Cloudy,0.3
106,1,Norris (McLaren),44.74833,44.74833,Cloudy,0.3
106,2,Norris (McLaren),45.54607,90.2944,Cloudy,0.3
106,3,Norris (McLaren),46.1739,136.46831,Cloudy,0.3
106,4,Norris (McLaren),46.0115,182.4798,Cloudy,0.3
106,5,Norris (McLaren),45.30942,227.78922,Cloudy,0.3
107,1,Hamilton (Mercedes),45.91528,45.91528,Cloudy,0.3
107,2,Hamilton (Mercedes),45.04459,90.95987,Cloudy,0.3
107,3,Hamilton (Mercedes),45.73434,136.69421,Cloudy,0.3
107,4,Hamilton (Mercedes),46.63004,183.32425,Cloudy,0.3
107,5,Hamilton (Mercedes),45.98557,229.30982,Cloudy,0.3
107,1,Verstappen (Red Bull),46.24334,46.24334,Cloudy,0.3
107,2,Verstappen (Red Bull),45.91986,92.1632,Cloudy,0.3
107,3,Verstappen (Red Bull),45.74196,137.90516,Cloudy,0.3
107,4,Verstappen (Red Bull),44.77408,182.67924,Cloudy,0.3
107,5,Verstappen (Red Bull),45.02536,227.7046,Cloudy,0.3
107,1,Norris (McLaren),44.97631,44.97631,Cloudy,0.3
107,2,Norris (McLaren),45.31281,90.28913,Cloudy,0.3
107,3,Norris (McLaren),45.61305,135.90217,Cloudy,0.3
107,4,Norris (McLaren),45.6573,181.55947,Cloudy,0.3
107,5,Norris (McLaren),46.50047,228.05994,Cloudy,0.3
108,1,Hamilton (Mercedes),44.48399,44.48399,Cloudy,0.3
108,2,Hamilton (Mercedes),45.82953,90.31351,Cloudy,0.3
108,3,Hamilton (Mercedes),44.8964,135.20992,Cloudy,0.3
108,4,Hamilton (Mercedes),46.36812,181.57804,Cloudy,0.3
108,5,Hamilton (Mercedes),45.93009,227.50813,Cloudy,0.3
108,1,Verstappen (Red Bull),45.26013,45.26013,Cloudy,0.3
108,2,Verstappen (Red Bull),46.64417,91.9043,Cloudy,0.3
108,3,Verstappen (Red Bull),46.03122,137.93552,Cloudy,0.3
108,4,Verstappen (Red Bull),45.49314,183.42866,Cloudy,0.3
108,5,Verstappen (Red Bull),45.40502,228.83368,Cloudy,0.3
108,1,Norris (McLaren),46.48396,46.48396,Cloudy,0.3
108,2,Norris (McLaren),45.32222,91.80618,Cloudy,0.3
108,3,Norris (McLaren),46.32918,138.13536,Cloudy,0.3
108,4,Norris (McLaren),46.29851,184.43388,Cloudy,0.3
108,5,Norris (McLaren),44.85892,229.2928,Cloudy,0.3
109,1,Hamilton (Mercedes),45.83882,45.83882,Cloudy,0.3
109,2,Hamilton (Mercedes),44.91121,90.75003,Cloudy,0.3
109,3,Hamilton (Mercedes),45.81065,136.56068,Cloudy,0.3
109,4,Hamilton (Mercedes),45.90696,182.46764,Cloudy,0.3
109,5,Hamilton (Mercedes),45.23885,227.7065,Cloudy,0.3
109,1,Verstappen (Red Bull),45.21563,45.21563,Cloudy,0.3
109,2,Verstappen (Red Bull),45.9168,91.13242,Cloudy,0.3
109,3,Verstappen (Red Bull),45.54262,136.67504,Cloudy,0.3
109,4,Verstappen (Red Bull),45.95196,182.627,Cloudy,0.3
109,5,Verstappen (Red Bull),44.95526,227.58226,Cloudy,0.3
109,1,Norris (McLaren),45.86575,45.86575,Cloudy,0.3
109,2,Norris (McLaren),46.34168,92.20743,Cloudy,0.3
109,3,Norris (McLaren),44.34311,136.55054,Cloudy,0.3
109,4,Norris (McLaren),45.67316,182.22369,Cloudy,0.3
109,5,Norris (McLaren),46.51277,228.73646,Cloudy,0.3
110,1,Hamilton (Mercedes),46.22595,46.22595,Cloudy,0.3
110,2,Hamilton (Mercedes),46.10555,92.3315,Cloudy,0.3
110,3,Hamilton (Mercedes),46.29774,138.62925,Cloudy,0.3
110,4,Hamilton (Mercedes),46.65214,185.28139,Cloudy,0.3
110,5,Hamilton (Mercedes),46.14261,231.424,Cloudy,0.3
110,1,Verstappen (Red Bull),44.65141,44.65141,Cloudy,0.3
110,2,Verstappen (Red Bull),46.14637,90.79778,Cloudy,0.3
110,3,Verstappen (Red Bull),45.73454,136.53232,Cloudy,0.3
110,4,Verstappen (Red Bull),45.66368,182.196,Cloudy,0.3
110,5,Verstappen (Red Bull),45.56438,227.76038,Cloudy,0.3
110,1,Norris (McLaren),46.52894,46.52894,Cloudy,0.3
110,2,Norris (McLaren),45.05362,91.58257,Cloudy,0.3
110,3,Norris (McLaren),46.27938,137.86194,Cloudy,0.3
110,4,Norris (McLaren),45.85098,183.71293,Cloudy,0.3
110,5,Norris (McLaren),44.43546,228.14838,Cloudy,0.3
111,1,Hamilton (Mercedes),45.38088,45.38088,Cloudy,0.3
111,2,Hamilton (Mercedes),45.4555,90.83638,Cloudy,0.3
111,3,Hamilton (Mercedes),46.24833,137.0847,Cloudy,0.3
111,4,Hamilton (Mercedes),45.30443,182.38914,Cloudy,0.3
111,5,Hamilton (Mercedes),46.70836,229.0975,Cloudy,0.3
111,1,Verstappen (Red Bull),45.15428,45.15428,Cloudy,0.3
111,2,Verstappen (Red Bull),46.09249,91.24678,Cloudy,0.3
111,3,Verstappen (Red Bull),45.30142,136.5482,Cloudy,0.3
111,4,Verstappen (Red Bull),45.52376,182.07195,Cloudy,0.3
111,5,Verstappen (Red Bull),46.59077,228.66273,Cloudy,0.3
111,1,Norris (McLaren),45.20135,45.20135,Cloudy,0.3
111,2,Norris (McLaren),46.1214,91.32275,Cloudy,0.3
111,3,Norris (McLaren),44.81374,136.1365,Cloudy,0.3
111,4,Norris (McLaren),45.49832,181.63482,Cloudy,0.3
111,5,Norris (McLaren),44.64563,226.28045,Cloudy,0.3
112,1,Hamilton (Mercedes),46.09468,46.09468,Cloudy,0.3
112,2,Hamilton (Mercedes),45.0724,91.16708,Cloudy,0.3
112,3,Hamilton (Mercedes),46.36873,137.53582,Cloudy,0.3
112,4,Hamilton (Mercedes),46.08508,183.6209,Cloudy,0.3
112,5,Hamilton (Mercedes),46.37339,229.99428,Cloudy,0.3
112,1,Verstappen (Red Bull),45.94265,45.94265,Cloudy,0.3
112,2,Verstappen (Red Bull),45.28611,91.22876,Cloudy,0.3
112,3,Verstappen (Red Bull),45.405,136.63375,Cloudy,0.3
112,4,Verstappen (Red Bull),46.07177,182.70552,Cloudy,0.3
112,5,Verstappen (Red Bull),45.81494,228.52046,Cloudy,0.3
112,1,Norris (McLaren),45.77437,45.77437,Cloudy,0.3
112,2,Norris (McLaren),45.53336,91.30773,Cloudy,0.3
112,3,Norris (McLaren),47.45081,138.75854,Cloudy,0.3
112,4,Norris (McLaren),44.93479,183.69333,Cloudy,0.3
112,5,Norris (McLaren),45.69752,229.39086,Cloudy,0.3
113,1,Hamilton (Mercedes),46.59458,46.59458,Cloudy,0.3
113,2,Hamilton (Mercedes),46.20492,92.7995,Cloudy,0.3
113,3,Hamilton (Mercedes),45.4149,138.2144,Cloudy,0.3
113,4,Hamilton (Mercedes),45.67862,183.89302,Cloudy,0.3
113,5,Hamilton (Mercedes),46.8572,230.75022,Cloudy,0.3
113,1,Verstappen (Red Bull),46.16068,46.16068,Cloudy,0.3
113,2,Verstappen (Red Bull),45.07213,91.23281,Cloudy,0.3
113,3,Verstappen (Red Bull),44.53595,135.76877,Cloudy,0.3
113,4,Verstappen (Red Bull),45.54294,181.3117,Cloudy,0.3
113,5,Verstappen (Red Bull),46.45117,227.76287,Cloudy,0.3
113,1,Norris (McLaren),46.05489,46.05489,Cloudy,0.3
113,2,Norris (McLaren),46.02675,92.08164,Cloudy,0.3
113,3,Norris (McLaren),45.67577,137.75741,Cloudy,0.3
113,4,Norris (McLaren),45.74466,183.50207,Cloudy,0.3
113,5,Norris (McLaren),45.81901,229.32107,Cloudy,0.3
114,1,Hamilton (Mercedes),45.63605,45.63605,Cloudy,0.3
114,2,Hamilton (Mercedes),45.77548,91.41153,Cloudy,0.3
114,3,Hamilton (Mercedes),45.2765,136.68803,Cloudy,0.3
114,4,Hamilton (Mercedes),46.40735,183.09538,Cloudy,0.3
114,5,Hamilton (Mercedes),45.87354,228.96892,Cloudy,0.3
114,1,Verstappen (Red Bull),46.16801,46.16801,Cloudy,0.3
114,2,Verstappen (Red Bull),45.431,91.59901,Cloudy,0.3
114,3,Verstappen (Red Bull),46.81859,138.41761,Cloudy,0.3
114,4,Verstappen (Red Bull),45.70981,184.12741,Cloudy,0.3
114,5,Verstappen (Red Bull),44.45769,228.5851,Cloudy,0.3
114,1,Norris (McLaren),44.97947,44.97947,Cloudy,0.3
114,2,Norris (McLaren),44.80879,89.78826,Cloudy,0.3
114,3,Norris (McLaren),45.19659,134.98485,Cloudy,0.3
114,4,Norris (McLaren),44.25692,179.24177,Cloudy,0.3
114,5,Norris (McLaren),45.82564,225.06741,Cloudy,0.3
115,1,Hamilton (Mercedes),46.17563,46.17563,Cloudy,0.3
115,2,Hamilton (Mercedes),45.36113,91.53676,Cloudy,0.3
115,3,Hamilton (Mercedes),45.73066,137.26743,Cloudy,0.3
115,4,Hamilton (Mercedes),45.74926,183.01669,Cloudy,0.3
115,5,Hamilton (Mercedes),46.22199,229.23867,Cloudy,0.3
115,1,Verstappen (Red Bull),46.76018,46.76018,Cloudy,0.3
115,2,Verstappen (Red Bull),45.33312,92.09331,Cloudy,0.3
115,3,Verstappen (Red Bull),45.84807,137.94138,Cloudy,0.3
115,4,Verstappen (Red Bull),45.37246,183.31384,Cloudy,0.3
115,5,Verstappen (Red Bull),45.96727,229.28111,Cloudy,0.3
115,1,Norris (McLaren),45.91996,45.91996,Cloudy,0.3
115,2,Norris (McLaren),44.83502,90.75498,Cloudy,0.3
115,3,Norris (McLaren),44.86338,135.61836,Cloudy,0.3
115,4,Norris (McLaren),44.50191,180.12027,Cloudy,0.3
115,5,Norris (McLaren),44.86506,224.98533,Cloudy,0.3
116,1,Hamilton (Mercedes),45.76454,45.76454,Cloudy,0.3
116,2,Hamilton (Mercedes),45.43992,91.20446,Cloudy,0.3
116,3,Hamilton (Mercedes),45.99947,137.20392,Cloudy,0.3
116,4,Hamilton (Mercedes),46.44378,183.6477,Cloudy,0.3
116,5,Hamilton (Mercedes),45.57523,229.22293,Cloudy,0.3
116,1,Verstappen (Red Bull),45.5007,45.5007,Cloudy,0.3
116,2,Verstappen (Red Bull),44.15947,89.66017,Cloudy,0.3
116,3,Verstappen (Red Bull),45.29946,134.95963,Cloudy,0.3
116,4,Verstappen (Red Bull),44.72634,179.68597,Cloudy,0.3
116,5,Verstappen (Red Bull),45.21629,224.90225,Cloudy,0.3
116,1,Norris (McLaren),45.58399,45.58399,Cloudy,0.3
116,2,Norris (McLaren),45.03846,90.62245,Cloudy,0.3
116,3,Norris (McLaren),47.22097,137.84342,Cloudy,0.3
116,4,Norris (McLaren),46.45817,184.30159,Cloudy,0.3
116,5,Norris (McLaren),45.04866,229.35024,Cloudy,0.3
117,1,Hamilton (Mercedes),45.58153,45.58153,Cloudy,0.3
117,2,Hamilton (Mercedes),46.71293,92.29446,Cloudy,0.3
117,3,Hamilton (Mercedes),46.56865,138.86311,Cloudy,0.3
117,4,Hamilton (Mercedes),46.53673,185.39984,Cloudy,0.3
117,5,Hamilton (Mercedes),47.31104,232.71087,Cloudy,0.3
117,1,Verstappen (Red Bull),44.99942,44.99942,Cloudy,0.3
117,2,Verstappen (Red Bull),45.70254,90.70195,Cloudy,0.3
117,3,Verstappen (Red Bull),45.14628,135.84824,Cloudy,0.3
117,4,Verstappen (Red Bull),45.06473,180.91297,Cloudy,0.3
117,5,Verstappen (Red Bull),45.52862,226.44159,Cloudy,0.3
117,1,Norris (McLaren),46.75747,46.75747,Cloudy,0.3
117,2,Norris (McLaren),45.1729,91.93037,Cloudy,0.3
117,3,Norris (McLaren),46.36668,138.29704,Cloudy,0.3
117,4,Norris (McLaren),45.70075,183.99779,Cloudy,0.3
117,5,Norris (McLaren),44.52847,228.52627,Cloudy,0.3
118,1,Hamilton (Mercedes),46.38054,46.38054,Cloudy,0.3
118,2,Hamilton (Mercedes),45.63442,92.01496,Cloudy,0.3
118,3,Hamilton (Mercedes),45.89031,137.90527,Cloudy,0.3
118,4,Hamilton (Mercedes),46.13983,184.04511,Cloudy,0.3
118,5,Hamilton (Mercedes),46.10603,230.15114,Cloudy,0.3
118,1,Verstappen (Red Bull),45.81619,45.81619,Cloudy,0.3
118,2,Verstappen (Red Bull),45.50187,91.31805,Cloudy,0.3
118,3,Verstappen (Red Bull),45.08164,136.3997,Cloudy,0.3
118,4,Verstappen (Red Bull),46.1183,182.518,Cloudy,0.3
118,5,Verstappen (Red Bull),45.6632,228.18119,Cloudy,0.3
118,1,Norris (McLaren),45.74968,45.74968,Cloudy,0.3
118,2,Norris (McLaren),45.87217,91.62185,Cloudy,0.3
118,3,Norris (McLaren),45.78619,137.40804,Cloudy,0.3
118,4,Norris (McLaren),45.85285,183.26089,Cloudy,0.3
118,5,Norris (McLaren),44.73749,227.99838,Cloudy,0.3
119,1,Hamilton (Mercedes),45.54525,45.54525,Cloudy,0.3
119,2,Hamilton (Mercedes),46.46108,92.00633,Cloudy,0.3
119,3,Hamilton (Mercedes),46.24461,138.25094,Cloudy,0.3
119,4,Hamilton (Mercedes),45.75797,184.00891,Cloudy,0.3
119,5,Hamilton (Mercedes),46.31105,230.31996,Cloudy,0.3
119,1,Verstappen (Red Bull),45.27724,45.27724,Cloudy,0.3
119,2,Verstappen (Red Bull),45.61719,90.89442,Cloudy,0.3
119,3,Verstappen (Red Bull),44.27431,135.16873,Cloudy,0.3
119,4,Verstappen (Red Bull),45.89755,181.06629,Cloudy,0.3
119,5,Verstappen (Red Bull),45.62708,226.69337,Cloudy,0.3
119,1,Norris (McLaren),45.02254,45.02254,Cloudy,0.3
119,2,Norris (McLaren),47.15065,92.17318,Cloudy,0.3
119,3,Norris (McLaren),46.77808,138.95126,Cloudy,0.3
119,4,Norris (McLaren),46.88992,185.84118,Cloudy,0.3
119,5,Norris (McLaren),45.43232,231.2735,Cloudy,0.3
120,1,Hamilton (Mercedes),45.9875,45.9875,Cloudy,0.3
120,2,Hamilton (Mercedes),46.14312,92.13062,Cloudy,0.3
120,3,Hamilton (Mercedes),45.6072,137.73782,Cloudy,0.3
120,4,Hamilton (Mercedes),46.82283,184.56065,Cloudy,0.3
120,5,Hamilton (Mercedes),46.18052,230.74117,Cloudy,0.3
120,1,Verstappen (Red Bull),44.2214,44.2214,Cloudy,0.3
120,2,Verstappen (Red Bull),45.87019,90.09159,Cloudy,0.3
120,3,Verstappen (Red Bull),46.55526,136.64685,Cloudy,0.3
120,4,Verstappen (Red Bull),45.07839,181.72524,Cloudy,0.3
120,5,Verstappen (Red Bull),46.0228,227.74804,Cloudy,0.3
120,1,Norris (McLaren),45.9186,45.9186,Cloudy,0.3
120,2,Norris (McLaren),46.59349,92.51209,Cloudy,0.3
120,3,Norris (McLaren),45.26063,137.77272,Cloudy,0.3
120,4,Norris (McLaren),44.91247,182.68519,Cloudy,0.3
120,5,Norris (McLaren),45.83334,228.51852,Cloudy,0.3
121,1,Hamilton (Mercedes),47.12347,47.12347,Cloudy,0.3
121,2,Hamilton (Mercedes),45.42507,92.54854,Cloudy,0.3
121,3,Hamilton (Mercedes),44.54779,137.09633,Cloudy,0.3
121,4,Hamilton (Mercedes),47.23136,184.32769,Cloudy,0.3
121,5,Hamilton (Mercedes),44.57915,228.90684,Cloudy,0.3
121,1,Verstappen (Red Bull),45.06233,45.06233,Cloudy,0.3
121,2,Verstappen (Red Bull),44.23006,89.29239,Cloudy,0.3
121,3,Verstappen (Red Bull),44.9477,134.24008,Cloudy,0.3
121,4,Verstappen (Red Bull),45.47541,179.71549,Cloudy,0.3
121,5,Verstappen (Red Bull),44.06827,223.78376,Cloudy,0.3
121,1,Norris (McLaren),45.01359,45.01359,Cloudy,0.3
121,2,Norris (McLaren),45.578,90.59159,Cloudy,0.3
121,3,Norris (McLaren),45.3723,135.96389,Cloudy,0.3
121,4,Norris (McLaren),45.52958,181.49346,Cloudy,0.3
121,5,Norris (McLaren),46.00021,227.49368,Cloudy,0.3
122,1,Hamilton (Mercedes),46.00919,46.00919,Cloudy,0.3
122,2,Hamilton (Mercedes),45.78109,91.79028,Cloudy,0.3
122,3,Hamilton (Mercedes),46.05118,137.84146,Cloudy,0.3
122,4,Hamilton (Mercedes),46.27849,184.11995,Cloudy,0.3
122,5,Hamilton (Mercedes),45.55622,229.67617,Cloudy,0.3
122,1,Verstappen (Red Bull),45.05105,45.05105,Cloudy,0.3
122,2,Verstappen (Red Bull),45.57283,90.62388,Cloudy,0.3
122,3,Verstappen (Red Bull),45.8052,136.42908,Cloudy,0.3
122,4,Verstappen (Red Bull),44.35764,180.78672,Cloudy,0.3
122,5,Verstappen (Red Bull),46.39951,227.18623,Cloudy,0.3
122,1,Norris (McLaren),45.4045,45.4045,Cloudy,0.3
122,2,Norris (McLaren),46.20668,91.61118,Cloudy,0.3
122,3,Norris (McLaren),47.06758,138.67877,Cloudy,0.3
122,4,Norris (McLaren),45.68051,184.35927,Cloudy,0.3
122,5,Norris (McLaren),46.08215,230.44142,Cloudy,0.3
123,1,Hamilton (Mercedes),46.05656,46.05656,Cloudy,0.3
123,2,Hamilton (Mercedes),46.23266,92.28922,Cloudy,0.3
123,3,Hamilton (Mercedes),45.93068,138.2199,Cloudy,0.3
123,4,Hamilton (Mercedes),46.33563,184.55552,Cloudy,0.3
123,5,Hamilton (Mercedes),45.94556,230.50108,Cloudy,0.3
123,1,Verstappen (Red Bull),46.10644,46.10644,Cloudy,0.3
123,2,Verstappen (Red Bull),45.52016,91.6266,Cloudy,0.3
123,3,Verstappen (Red Bull),45.71837,137.34498,Cloudy,0.3
123,4,Verstappen (Red Bull),45.48179,182.82676,Cloudy,0.3
123,5,Verstappen (Red Bull),44.69938,227.52614,Cloudy,0.3
123,1,Norris (McLaren),46.81131,46.81131,Cloudy,0.3
123,2,Norris (McLaren),46.41647,93.22778,Cloudy,0.3
123,3,Norris (McLaren),46.15618,139.38396,Cloudy,0.3
123,4,Norris (McLaren),47.13668,186.52064,Cloudy,0.3
123,5,Norris (McLaren),46.54387,233.06451,Cloudy,0.3
124,1,Hamilton (Mercedes),45.59656,45.59656,Cloudy,0.3
124,2,Hamilton (Mercedes),45.98052,91.57708,Cloudy,0.3
124,3,Hamilton (Mercedes),45.98485,137.56193,Cloudy,0.3
124,4,Hamilton (Mercedes),46.03405,183.59598,Cloudy,0.3
124,5,Hamilton (Mercedes),46.33429,229.93027,Cloudy,0.3
124,1,Verstappen (Red Bull),45.35964,45.35964,Cloudy,0.3
124,2,Verstappen (Red Bull),44.89932,90.25896,Cloudy,0.3
124,3,Verstappen (Red Bull),44.68291,134.94186,Cloudy,0.3
124,4,Verstappen (Red Bull),44.52663,179.46849,Cloudy,0.3
124,5,Verstappen (Red Bull),46.29119,225.75968,Cloudy,0.3
124,1,Norris (McLaren),45.76926,45.76926,Cloudy,0.3
124,2,Norris (McLaren),44.85043,90.61969,Cloudy,0.3
124,3,Norris (McLaren),46.37656,136.99626,Cloudy,0.3
124,4,Norris (McLaren),46.67183,183.66808,Cloudy,0.3
124,5,Norris (McLaren),45.11312,228.7812,Cloudy,0.3
125,1,Hamilton (Mercedes),46.03566,46.03566,Cloudy,0.3
125,2,Hamilton (Mercedes),45.62619,91.66185,Cloudy,0.3
125,3,Hamilton (Mercedes),46.10636,137.76822,Cloudy,0.3
125,4,Hamilton (Mercedes),46.64463,184.41285,Cloudy,0.3
125,5,Hamilton (Mercedes),46.05271,230.46556,Cloudy,0.3
125,1,Verstappen (Red Bull),44.99147,44.99147,Cloudy,0.3
125,2,Verstappen (Red Bull),45.56191,90.55338,Cloudy,0.3
125,3,Verstappen (Red Bull),44.35518,134.90856,Cloudy,0.3
125,4,Verstappen (Red Bull),46.51189,181.42045,Cloudy,0.3
125,5,Verstappen (Red Bull),44.90709,226.32754,Cloudy,0.3
125,1,Norris (McLaren),46.77267,46.77267,Cloudy,0.3
125,2,Norris (McLaren),45.89663,92.6693,Cloudy,0.3
125,3,Norris (McLaren),44.68972,137.35902,Cloudy,0.3
125,4,Norris (McLaren),45.28515,182.64417,Cloudy,0.3
125,5,Norris (McLaren),45.4093,228.05347,Cloudy,0.3
126,1,Hamilton (Mercedes),45.78722,45.78722,Cloudy,0.3
126,2,Hamilton (Mercedes),46.50467,92.29189,Cloudy,0.3
126,3,Hamilton (Mercedes),45.86704,138.15893,Cloudy,0.3
126,4,Hamilton (Mercedes),46.33934,184.49827,Cloudy,0.3
126,5,Hamilton (Mercedes),45.84225,230.34052,Cloudy,0.3
126,1,Verstappen (Red Bull),45.34214,45.34214,Cloudy,0.3
126,2,Verstappen (Red Bull),44.57275,89.9149,Cloudy,0.3
126,3,Verstappen (Red Bull),46.22097,136.13586,Cloudy,0.3
126,4,Verstappen (Red Bull),45.58421,181.72007,Cloudy,0.3
126,5,Verstappen (Red Bull),45.52632,227.24639,Cloudy,0.3
126,1,Norris (McLaren),46.20644,46.20644,Cloudy,0.3
126,2,Norris (McLaren),45.16501,91.37145,Cloudy,0.3
126,3,Norris (McLaren),46.32728,137.69873,Cloudy,0.3
126,4,Norris (McLaren),45.40275,183.10148,Cloudy,0.3
126,5,Norris (McLaren),45.12564,228.22712,Cloudy,0.3
127,1,Hamilton (Mercedes),45.39814,45.39814,Cloudy,0.3
127,2,Hamilton (Mercedes),44.80374,90.20187,Cloudy,0.3
127,3,Hamilton (Mercedes),45.61912,135.82099,Cloudy,0.3
127,4,Hamilton (Mercedes),45.47613,181.29712,Cloudy,0.3
127,5,Hamilton (Mercedes),45.52639,226.82351,Cloudy,0.3
127,1,Verstappen (Red Bull),46.56677,46.56677,Cloudy,0.3
127,2,Verstappen (Red Bull),45.44727,92.01403,Cloudy,0.3
127,3,Verstappen (Red Bull),45.20818,137.22221,Cloudy,0.3
127,4,Verstappen (Red Bull),45.96159,183.1838,Cloudy,0.3
127,5,Verstappen (Red Bull),44.72718,227.91099,Cloudy,0.3
127,1,Norris (McLaren),45.49561,45.49561,Cloudy,0.3
127,2,Norris (McLaren),44.38133,89.87694,Cloudy,0.3
127,3,Norris (McLaren),46.87722,136.75415,Cloudy,0.3
127,4,Norris (McLaren),45.84938,182.60354,Cloudy,0.3
127,5,Norris (McLaren),45.18413,227.78767,Cloudy,0.3
128,1,Hamilton (Mercedes),45.92218,45.92218,Cloudy,0.3
128,2,Hamilton (Mercedes),46.3315,92.25369,Cloudy,0.3
128,3,Hamilton (Mercedes),46.02211,138.2758,Cloudy,0.3
128,4,Hamilton (Mercedes),46.11235,184.38815,Cloudy,0.3
128,5,Hamilton (Mercedes),46.34862,230.73677,Cloudy,0.3
128,1,Verstappen (Red Bull),45.2342,45.2342,Cloudy,0.3
128,2,Verstappen (Red Bull),46.23408,91.46828,Cloudy,0.3
128,3,Verstappen (Red Bull),45.77922,137.2475,Cloudy,0.3
128,4,Verstappen (Red Bull),45.40949,182.65699,Cloudy,0.3
128,5,Verstappen (Red Bull),45.10931,227.7663,Cloudy,0.3
128,1,Norris (McLaren),46.21341,46.21341,Cloudy,0.3
128,2,Norris (McLaren),45.34612,91.55953,Cloudy,0.3
128,3,Norris (McLaren),45.29587,136.8554,Cloudy,0.3
128,4,Norris (McLaren),45.34745,182.20285,Cloudy,0.3
128,5,Norris (McLaren),46.31817,228.52102,Cloudy,0.3
129,1,Hamilton (Mercedes),45.55389,45.55389,Cloudy,0.3
129,2,Hamilton (Mercedes),46.45235,92.00625,Cloudy,0.3
129,3,Hamilton (Mercedes),46.60039,138.60663,Cloudy,0.3
129,4,Hamilton (Mercedes),46.00798,184.61461,Cloudy,0.3
129,5,Hamilton (Mercedes),45.513,230.1276,Cloudy,0.3
129,1,Verstappen (Red Bull),44.99525,44.99525,Cloudy,0.3
129,2,Verstappen (Red Bull),45.2791,90.27434,Cloudy,0.3
129,3,Verstappen (Red Bull),45.48056,135.7549,Cloudy,0.3
129,4,Verstappen (Red Bull),45.18983,180.94473,Cloudy,0.3
129,5,Verstappen (Red Bull),45.1951,226.13983,Cloudy,0.3
129,1,Norris (McLaren),45.58874,45.58874,Cloudy,0.3
129,2,Norris (McLaren),46.15872,91.74746,Cloudy,0.3
129,3,Norris (McLaren),45.18672,136.93418,Cloudy,0.3
129,4,Norris (McLaren),45.15876,182.09294,Cloudy,0.3
129,5,Norris (McLaren),45.51336,227.6063,Cloudy,0.3
130,1,Hamilton (Mercedes),44.72631,44.72631,Cloudy,0.3
130,2,Hamilton (Mercedes),45.69084,90.41715,Cloudy,0.3
130,3,Hamilton (Mercedes),45.26318,135.68033,Cloudy,0.3
130,4,Hamilton (Mercedes),44.56211,180.24244,Cloudy,0.3
130,5,Hamilton (Mercedes),46.0093,226.25174,Cloudy,0.3
130,1,Verstappen (Red Bull),45.1622,45.1622,Cloudy,0.3
130,2,Verstappen (Red Bull),45.85947,91.02166,Cloudy,0.3
130,3,Verstappen (Red Bull),46.00319,137.02485,Cloudy,0.3
130,4,Verstappen (Red Bull),44.1028,181.12765,Cloudy,0.3
130,5,Verstappen (Red Bull),44.94936,226.07701,Cloudy,0.3
130,1,Norris (McLaren),47.13683,47.13683,Cloudy,0.3
130,2,Norris (McLaren),45.24931,92.38614,Cloudy,0.3
130,3,Norris (McLaren),45.34898,137.73512,Cloudy,0.3
130,4,Norris (McLaren),43.70573,181.44086,Cloudy,0.3
130,5,Norris (McLaren),45.35701,226.79787,Cloudy,0.3
131,1,Hamilton (Mercedes),45.97202,45.97202,Cloudy,0.3
131,2,Hamilton (Mercedes),46.64542,92.61744,Cloudy,0.3
131,3,Hamilton (Mercedes),45.23904,137.85648,Cloudy,0.3
131,4,Hamilton (Mercedes),45.2396,183.09607,Cloudy,0.3
131,5,Hamilton (Mercedes),45.59987,228.69594,Cloudy,0.3
131,1,Verstappen (Red Bull),46.10237,46.10237,Cloudy,0.3
131,2,Verstappen (Red Bull),45.42004,91.52241,Cloudy,0.3
131,3,Verstappen (Red Bull),44.62294,136.14535,Cloudy,0.3
131,4,Verstappen (Red Bull),45.65948,181.80482,Cloudy,0.3
131,5,Verstappen (Red Bull),44.91494,226.71977,Cloudy,0.3
131,1,Norris (McLaren),46.00233,46.00233,Cloudy,0.3
131,2,Norris (McLaren),46.29903,92.30136,Cloudy,0.3
131,3,Norris (McLaren),46.18877,138.49013,Cloudy,0.3
131,4,Norris (McLaren),46.5651,185.05524,Cloudy,0.3
131,5,Norris (McLaren),46.02892,231.08415,Cloudy,0.3
132,1,Hamilton (Mercedes),46.04942,46.04942,Cloudy,0.3
132,2,Hamilton (Mercedes),46.06324,92.11266,Cloudy,0.3
132,3,Hamilton (Mercedes),47.04951,139.16217,Cloudy,0.3
132,4,Hamilton (Mercedes),45.77859,184.94076,Cloudy,0.3
132,5,Hamilton (Mercedes),45.5404,230.48116,Cloudy,0.3
132,1,Verstappen (Red Bull),46.02979,46.02979,Cloudy,0.3
132,2,Verstappen (Red Bull),45.08836,91.11815,Cloudy,0.3
132,3,Verstappen (Red Bull),45.04467,136.16282,Cloudy,0.3
132,4,Verstappen (Red Bull),45.60693,181.76975,Cloudy,0.3
132,5,Verstappen (Red Bull),45.25061,227.02036,Cloudy,0.3
132,1,Norris (McLaren),46.18539,46.18539,Cloudy,0.3
132,2,Norris (McLaren),45.67879,91.86418,Cloudy,0.3
132,3,Norris (McLaren),45.41194,137.27612,Cloudy,0.3
132,4,Norris (McLaren),45.25388,182.53,Cloudy,0.3
132,5,Norris (McLaren),45.43957,227.96957,Cloudy,0.3
133,1,Hamilton (Mercedes),45.92484,45.92484,Cloudy,0.3
133,2,Hamilton (Mercedes),46.08519,92.01003,Cloudy,0.3
133,3,Hamilton (Mercedes),46.07675,138.08678,Cloudy,0.3
133,4,Hamilton (Mercedes),45.85832,183.9451,Cloudy,0.3
133,5,Hamilton (Mercedes),45.76168,229.70679,Cloudy,0.3
133,1,Verstappen (Red Bull),45.50577,45.50577,Cloudy,0.3
133,2,Verstappen (Red Bull),45.99875,91.50452,Cloudy,0.3
133,3,Verstappen (Red Bull),44.82376,136.32828,Cloudy,0.3
133,4,Verstappen (Red Bull),45.24573,181.57401,Cloudy,0.3
133,5,Verstappen (Red Bull),45.74191,227.31592,Cloudy,0.3
133,1,Norris (McLaren),44.863,44.863,Cloudy,0.3
133,2,Norris (McLaren),45.59188,90.45489,Cloudy,0.3
133,3,Norris (McLaren),46.36427,136.81916,Cloudy,0.3
133,4,Norris (McLaren),45.21009,182.02925,Cloudy,0.3
133,5,Norris (McLaren),44.92832,226.95756,Cloudy,0.3
134,1,Hamilton (Mercedes),45.43791,45.43791,Cloudy,0.3
134,2,Hamilton (Mercedes),46.50013,91.93804,Cloudy,0.3
134,3,Hamilton (Mercedes),46.83239,138.77044,Cloudy,0.3
134,4,Hamilton (Mercedes),45.60736,184.3778,Cloudy,0.3
134,5,Hamilton (Mercedes),45.324,229.7018,Cloudy,0.3
134,1,Verstappen (Red Bull),45.13447,45.13447,Cloudy,0.3
134,2,Verstappen (Red Bull),46.63961,91.77408,Cloudy,0.3
134,3,Verstappen (Red Bull),46.25642,138.0305,Cloudy,0.3
134,4,Verstappen (Red Bull),46.13852,184.16902,Cloudy,0.3
134,5,Verstappen (Red Bull),45.86424,230.03325,Cloudy,0.3
134,1,Norris (McLaren),45.47532,45.47532,Cloudy,0.3
134,2,Norris (McLaren),45.78813,91.26345,Cloudy,0.3
134,3,Norris (McLaren),45.56349,136.82693,Cloudy,0.3
134,4,Norris (McLaren),46.55215,183.37908,Cloudy,0.3
134,5,Norris (McLaren),44.28521,227.66429,Cloudy,0.3
135,1,Hamilton (Mercedes),46.00244,46.00244,Cloudy,0.3
135,2,Hamilton (Mercedes),46.25332,92.25577,Cloudy,0.3
135,3,Hamilton (Mercedes),45.66462,137.92039,Cloudy,0.3
135,4,Hamilton (Mercedes),44.839,182.75939,Cloudy,0.3
135,5,Hamilton (Mercedes),45.77072,228.53012,Cloudy,0.3
135,1,Verstappen (Red Bull),45.20598,45.20598,Cloudy,0.3
135,2,Verstappen (Red Bull),45.02274,90.22871,Cloudy,0.3
135,3,Verstappen (Red Bull),43.74367,133.97238,Cloudy,0.3
135,4,Verstappen (Red Bull),45.9952,179.96758,Cloudy,0.3
135,5,Verstappen (Red Bull),46.37233,226.33991,Cloudy,0.3
135,1,Norris (McLaren),45.60979,45.60979,Cloudy,0.3
135,2,Norris (McLaren),46.64036,92.25015,Cloudy,0.3
135,3,Norris (McLaren),45.66017,137.91031,Cloudy,0.3
135,4,Norris (McLaren),46.44357,184.35388,Cloudy,0.3
135,5,Norris (McLaren),44.83163,229.18552,Cloudy,0.3
136,1,Hamilton (Mercedes),46.79826,46.79826,Cloudy,0.3
136,2,Hamilton (Mercedes),45.4496,92.24786,Cloudy,0.3
136,3,Hamilton (Mercedes),45.5502,137.79806,Cloudy,0.3
136,4,Hamilton (Mercedes),46.00882,183.80688,Cloudy,0.3
136,5,Hamilton (Mercedes),46.63521,230.44209,Cloudy,0.3
136,1,Verstappen (Red Bull),45.64297,45.64297,Cloudy,0.3
136,2,Verstappen (Red Bull),43.90907,89.55204,Cloudy,0.3
136,3,Verstappen (Red Bull),44.77062,134.32266,Cloudy,0.3
136,4,Verstappen (Red Bull),46.08788,180.41054,Cloudy,0.3
136,5,Verstappen (Red Bull),45.33342,225.74396,Cloudy,0.3
136,1,Norris (McLaren),45.1418,45.1418,Cloudy,0.3
136,2,Norris (McLaren),46.51607,91.65788,Cloudy,0.3
136,3,Norris (McLaren),46.02482,137.68269,Cloudy,0.3
136,4,Norris (McLaren),45.86926,183.55195,Cloudy,0.3
136,5,Norris (McLaren),45.55258,229.10453,Cloudy,0.3
137,1,Hamilton (Mercedes),45.48271,45.48271,Cloudy,0.3
137,2,Hamilton (Mercedes),45.97325,91.45596,Cloudy,0.3
137,3,Hamilton (Mercedes),45.37591,136.83187,Cloudy,0.3
137,4,Hamilton (Mercedes),45.53142,182.3633,Cloudy,0.3
137,5,Hamilton (Mercedes),45.97711,228.34041,Cloudy,0.3
137,1,Verstappen (Red Bull),46.26358,46.26358,Cloudy,0.3
137,2,Verstappen (Red Bull),45.361,91.62457,Cloudy,0.3
137,3,Verstappen (Red Bull),46.26625,137.89082,Cloudy,0.3
137,4,Verstappen (Red Bull),45.97544,183.86626,Cloudy,0.3
137,5,Verstappen (Red Bull),45.31773,229.18399,Cloudy,0.3
137,1,Norris (McLaren),46.29069,46.29069,Cloudy,0.3
137,2,Norris (McLaren),46.03792,92.3286,Cloudy,0.3
137,3,Norris (McLaren),45.76689,138.0955,Cloudy,0.3
137,4,Norris (McLaren),45.25492,183.35042,Cloudy,0.3
137,5,Norris (McLaren),44.52192,227.87234,Cloudy,0.3
138,1,Hamilton (Mercedes),46.77113,46.77113,Cloudy,0.3
138,2,Hamilton (Mercedes),46.07254,92.84367,Cloudy,0.3
138,3,Hamilton (Mercedes),45.55732,138.401,Cloudy,0.3
138,4,Hamilton (Mercedes),45.19066,183.59166,Cloudy,0.3
138,5,Hamilton (Mercedes),45.52018,229.11184,Cloudy,0.3
138,1,Verstappen (Red Bull),45.83149,45.83149,Cloudy,0.3
138,2,Verstappen (Red Bull),44.98027,90.81176,Cloudy,0.3
138,3,Verstappen (Red Bull),45.96923,136.78098,Cloudy,0.3
138,4,Verstappen (Red Bull),45.1235,181.90449,Cloudy,0.3
138,5,Verstappen (Red Bull),46.35713,228.26161,Cloudy,0.3
138,1,Norris (McLaren),45.13646,45.13646,Cloudy,0.3
138,2,Norris (McLaren),44.20546,89.34193,Cloudy,0.3
138,3,Norris (McLaren),46.746,136.08793,Cloudy,0.3
138,4,Norris (McLaren),46.71767,182.8056,Cloudy,0.3
138,5,Norris (McLaren),45.33629,228.14189,Cloudy,0.3
139,1,Hamilton (Mercedes),45.59662,45.59662,Cloudy,0.3
139,2,Hamilton (Mercedes),45.88066,91.47729,Cloudy,0.3
139,3,Hamilton (Mercedes),46.3791,137.85639,Cloudy,0.3
139,4,Hamilton (Mercedes),46.22665,184.08303,Cloudy,0.3
139,5,Hamilton (Mercedes),45.93053,230.01356,Cloudy,0.3
139,1,Verstappen (Red Bull),44.72512,44.72512,Cloudy,0.3
139,2,Verstappen (Red Bull),45.86865,90.59377,Cloudy,0.3
139,3,Verstappen (Red Bull),45.83079,136.42456,Cloudy,0.3
139,4,Verstappen (Red Bull),46.45903,182.88359,Cloudy,0.3
139,5,Verstappen (Red Bull),44.75036,227.63395,Cloudy,0.3
139,1,Norris (McLaren),44.92714,44.92714,Cloudy,0.3
139,2,Norris (McLaren),46.16236,91.08951,Cloudy,0.3
139,3,Norris (McLaren),45.80658,136.89609,Cloudy,0.3
139,4,Norris (McLaren),45.57678,182.47287,Cloudy,0.3
139,5,Norris (McLaren),45.4761,227.94897,Cloudy,0.3
140,1,Hamilton (Mercedes),45.98237,45.98237,Cloudy,0.3
140,2,Hamilton (Mercedes),45.49459,91.47696,Cloudy,0.3
140,3,Hamilton (Mercedes),45.37068,136.84764,Cloudy,0.3
140,4,Hamilton (Mercedes),45.24278,182.09042,Cloudy,0.3
140,5,Hamilton (Mercedes),46.07695,228.16737,Cloudy,0.3
140,1,Verstappen (Red Bull),46.64101,46.64101,Cloudy,0.3
140,2,Verstappen (Red Bull),45.55059,92.1916,Cloudy,0.3
140,3,Verstappen (Red Bull),45.13016,137.32175,Cloudy,0.3
140,4,Verstappen (Red Bull),46.16067,183.48243,Cloudy,0.3
140,5,Verstappen (Red Bull),45.28132,228.76375,Cloudy,0.3
140,1,Norris (McLaren),46.03281,46.03281,Cloudy,0.3
140,2,Norris (McLaren),47.22586,93.25867,Cloudy,0.3
140,3,Norris (McLaren),45.30813,138.56681,Cloudy,0.3
140,4,Norris (McLaren),45.31946,183.88627,Cloudy,0.3
140,5,Norris (McLaren),45.34042,229.22669,Cloudy,0.3
141,1,Hamilton (Mercedes),46.14136,46.14136,Cloudy,0.3
141,2,Hamilton (Mercedes),46.69102,92.83238,Cloudy,0.3
141,3,Hamilton (Mercedes),44.95375,137.78612,Cloudy,0.3
141,4,Hamilton (Mercedes),46.0949,183.88103,Cloudy,0.3
141,5,Hamilton (Mercedes),47.02747,230.9085,Cloudy,0.3
141,1,Verstappen (Red Bull),45.06101,45.06101,Cloudy,0.3
141,2,Verstappen (Red Bull),45.79414,90.85515,Cloudy,0.3
141,3,Verstappen (Red Bull),44.7301,135.58526,Cloudy,0.3
141,4,Verstappen (Red Bull),45.73577,181.32103,Cloudy,0.3
141,5,Verstappen (Red Bull),44.55491,225.87593,Cloudy,0.3
141,1,Norris (McLaren),45.51727,45.51727,Cloudy,0.3
141,2,Norris (McLaren),45.59043,91.1077,Cloudy,0.3
141,3,Norris (McLaren),45.78954,136.89723,Cloudy,0.3
141,4,Norris (McLaren),46.93331,183.83055,Cloudy,0.3
141,5,Norris (McLaren),46.35703,230.18758,Cloudy,0.3
142,1,Hamilton (Mercedes),45.89561,45.89561,Cloudy,0.3
142,2,Hamilton (Mercedes),45.59832,91.49392,Cloudy,0.3
142,3,Hamilton (Mercedes),45.75074,137.24467,Cloudy,0.3
142,4,Hamilton (Mercedes),45.89248,183.13714,Cloudy,0.3
142,5,Hamilton (Mercedes),46.62389,229.76103,Cloudy,0.3
142,1,Verstappen (Red Bull),45.42185,45.42185,Cloudy,0.3
142,2,Verstappen (Red Bull),45.40254,90.82439,Cloudy,0.3
142,3,Verstappen (Red Bull),45.08965,135.91404,Cloudy,0.3
142,4,Verstappen (Red Bull),44.55509,180.46913,Cloudy,0.3
142,5,Verstappen (Red Bull),45.44418,225.91331,Cloudy,0.3
142,1,Norris (McLaren),46.09182,46.09182,Cloudy,0.3
142,2,Norris (McLaren),45.18538,91.27719,Cloudy,0.3
142,3,Norris (McLaren),44.80503,136.08222,Cloudy,0.3
142,4,Norris (McLaren),46.68311,182.76533,Cloudy,0.3
142,5,Norris (McLaren),45.98373,228.74906,Cloudy,0.3
143,1,Hamilton (Mercedes),46.38484,46.38484,Cloudy,0.3
143,2,Hamilton (Mercedes),46.50637,92.89121,Cloudy,0.3
143,3,Hamilton (Mercedes),45.40645,138.29766,Cloudy,0.3
143,4,Hamilton (Mercedes),46.24173,184.53939,Cloudy,0.3
143,5,Hamilton (Mercedes),46.27737,230.81676,Cloudy,0.3
143,1,Verstappen (Red Bull),45.37526,45.37526,Cloudy,0.3
143,2,Verstappen (Red Bull),45.7829,91.15816,Cloudy,0.3
143,3,Verstappen (Red Bull),45.81649,136.97465,Cloudy,0.3
143,4,Verstappen (Red Bull),45.66288,182.63753,Cloudy,0.3
143,5,Verstappen (Red Bull),46.78491,229.42244,Cloudy,0.3
143,1,Norris (McLaren),44.41595,44.41595,Cloudy,0.3
143,2,Norris (McLaren),46.39602,90.81197,Cloudy,0.3
143,3,Norris (McLaren),46.18719,136.99916,Cloudy,0.3
143,4,Norris (McLaren),45.60667,182.60583,Cloudy,0.3
143,5,Norris (McLaren),45.66022,228.26605,Cloudy,0.3
144,1,Hamilton (Mercedes),46.22645,46.22645,Cloudy,0.3
144,2,Hamilton (Mercedes),45.97581,92.20226,Cloudy,0.3
144,3,Hamilton (Mercedes),46.8467,139.04895,Cloudy,0.3
144,4,Hamilton (Mercedes),45.95591,185.00486,Cloudy,0.3
144,5,Hamilton (Mercedes),46.42094,231.4258,Cloudy,0.3
144,1,Verstappen (Red Bull),45.10512,45.10512,Cloudy,0.3
144,2,Verstappen (Red Bull),44.53402,89.63913,Cloudy,0.3
144,3,Verstappen (Red Bull),46.53204,136.17117,Cloudy,0.3
144,4,Verstappen (Red Bull),45.0831,181.25428,Cloudy,0.3
144,5,Verstappen (Red Bull),44.94355,226.19783,Cloudy,0.3
144,1,Norris (McLaren),46.7699,46.7699,Cloudy,0.3
144,2,Norris (McLaren),45.23037,92.00027,Cloudy,0.3
144,3,Norris (McLaren),46.16691,138.16718,Cloudy,0.3
144,4,Norris (McLaren),45.5185,183.68568,Cloudy,0.3
144,5,Norris (McLaren),46.16997,229.85565,Cloudy,0.3
145,1,Hamilton (Mercedes),46.36039,46.36039,Cloudy,0.3
145,2,Hamilton (Mercedes),45.14166,91.50205,Cloudy,0.3
145,3,Hamilton (Mercedes),45.22656,136.72861,Cloudy,0.3
145,4,Hamilton (Mercedes),44.94666,181.67527,Cloudy,0.3
145,5,Hamilton (Mercedes),44.84365,226.51893,Cloudy,0.3
145,1,Verstappen (Red Bull),46.01351,46.01351,Cloudy,0.3
145,2,Verstappen (Red Bull),46.22411,92.23761,Cloudy,0.3
145,3,Verstappen (Red Bull),45.32199,137.55961,Cloudy,0.3
145,4,Verstappen (Red Bull),44.17507,181.73468,Cloudy,0.3
145,5,Verstappen (Red Bull),46.68119,228.41586,Cloudy,0.3
145,1,Norris (McLaren),45.79522,45.79522,Cloudy,0.3
145,2,Norris (McLaren),46.59607,92.39128,Cloudy,0.3
145,3,Norris (McLaren),45.2295,137.62078,Cloudy,0.3
145,4,Norris (McLaren),44.91896,182.53974,Cloudy,0.3
145,5,Norris (McLaren),44.30347,226.84322,Cloudy,0.3
146,1,Hamilton (Mercedes),46.43817,46.43817,Cloudy,0.3
146,2,Hamilton (Mercedes),45.58913,92.02729,Cloudy,0.3
146,3,Hamilton (Mercedes),45.70689,137.73418,Cloudy,0.3
146,4,Hamilton (Mercedes),45.57737,183.31155,Cloudy,0.3
146,5,Hamilton (Mercedes),45.30596,228.61751,Cloudy,0.3
146,1,Verstappen (Red Bull),45.23919,45.23919,Cloudy,0.3
146,2,Verstappen (Red Bull),46.06321,91.3024,Cloudy,0.3
146,3,Verstappen (Red Bull),45.39438,136.69677,Cloudy,0.3
146,4,Verstappen (Red Bull),45.21354,181.91032,Cloudy,0.3
146,5,Verstappen (Red Bull),45.23802,227.14834,Cloudy,0.3
146,1,Norris (McLaren),45.41905,45.41905,Cloudy,0.3
146,2,Norris (McLaren),45.57487,90.99393,Cloudy,0.3
146,3,Norris (McLaren),46.49882,137.49274,Cloudy,0.3
146,4,Norris (McLaren),46.03374,183.52649,Cloudy,0.3
146,5,Norris (McLaren),45.54694,229.07343,Cloudy,0.3
147,1,Hamilton (Mercedes),46.64382,46.64382,Cloudy,0.3
147,2,Hamilton (Mercedes),47.11543,93.75925,Cloudy,0.3
147,3,Hamilton (Mercedes),46.27847,140.03772,Cloudy,0.3
147,4,Hamilton (Mercedes),45.32153,185.35925,Cloudy,0.3
147,5,Hamilton (Mercedes),46.05969,231.41895,Cloudy,0.3
147,1,Verstappen (Red Bull),45.84807,45.84807,Cloudy,0.3
147,2,Verstappen (Red Bull),45.5388,91.38687,Cloudy,0.3
147,3,Verstappen (Red Bull),45.75116,137.13803,Cloudy,0.3
147,4,Verstappen (Red Bull),45.39233,182.53035,Cloudy,0.3
147,5,Verstappen (Red Bull),45.65361,228.18396,Cloudy,0.3
147,1,Norris (McLaren),45.96957,45.96957,Cloudy,0.3
147,2,Norris (McLaren),45.90986,91.87942,Cloudy,0.3
147,3,Norris (McLaren),45.40782,137.28725,Cloudy,0.3
147,4,Norris (McLaren),45.22409,182.51134,Cloudy,0.3
147,5,Norris (McLaren),45.46473,227.97607,Cloudy,0.3
148,1,Hamilton (Mercedes),47.41257,47.41257,Cloudy,0.3
148,2,Hamilton (Mercedes),46.72759,94.14016,Cloudy,0.3
148,3,Hamilton (Mercedes),45.59884,139.73901,Cloudy,0.3
148,4,Hamilton (Mercedes),45.59276,185.33177,Cloudy,0.3
148,5,Hamilton (Mercedes),45.94096,231.27273,Cloudy,0.3
148,1,Verstappen (Red Bull),45.87725,45.87725,Cloudy,0.3
148,2,Verstappen (Red Bull),45.4939,91.37115,Cloudy,0.3
148,3,Verstappen (Red Bull),45.68246,137.05361,Cloudy,0.3
148,4,Verstappen (Red Bull),45.73618,182.78979,Cloudy,0.3
148,5,Verstappen (Red Bull),44.59913,227.38891,Cloudy,0.3
148,1,Norris (McLaren),45.96764,45.96764,Cloudy,0.3
148,2,Norris (McLaren),46.29155,92.25918,Cloudy,0.3
148,3,Norris (McLaren),45.50674,137.76593,Cloudy,0.3
148,4,Norris (McLaren),46.12231,183.88824,Cloudy,0.3
148,5,Norris (McLaren),46.47501,230.36325,Cloudy,0.3
149,1,Hamilton (Mercedes),45.52742,45.52742,Cloudy,0.3
149,2,Hamilton (Mercedes),46.49713,92.02455,Cloudy,0.3
149,3,Hamilton (Mercedes),45.80582,137.83037,Cloudy,0.3
149,4,Hamilton (Mercedes),45.8604,183.69077,Cloudy,0.3
149,5,Hamilton (Mercedes),46.08094,229.77171,Cloudy,0.3
149,1,Verstappen (Red Bull),45.62175,45.62175,Cloudy,0.3
149,2,Verstappen (Red Bull),45.98386,91.60561,Cloudy,0.3
149,3,Verstappen (Red Bull),45.96901,137.57462,Cloudy,0.3
149,4,Verstappen (Red Bull),45.25363,182.82825,Cloudy,0.3
149,5,Verstappen (Red Bull),44.6084,227.43665,Cloudy,0.3
149,1,Norris (McLaren),46.14009,46.14009,Cloudy,0.3
149,2,Norris (McLaren),45.8588,91.99888,Cloudy,0.3
149,3,Norris (McLaren),46.21264,138.21152,Cloudy,0.3
149,4,Norris (McLaren),47.49564,185.70717,Cloudy,0.3
149,5,Norris (McLaren),44.74394,230.4511,Cloudy,0.3
150,1,Hamilton (Mercedes),46.31037,46.31037,Cloudy,0.3
150,2,Hamilton (Mercedes),45.13045,91.44083,Cloudy,0.3
150,3,Hamilton (Mercedes),46.16506,137.60588,Cloudy,0.3
150,4,Hamilton (Mercedes),45.60811,183.21399,Cloudy,0.3
150,5,Hamilton (Mercedes),46.10848,229.32247,Cloudy,0.3
150,1,Verstappen (Red Bull),46.1144,46.1144,Cloudy,0.3
150,2,Verstappen (Red Bull),45.64491,91.75932,Cloudy,0.3
150,3,Verstappen (Red Bull),45.60917,137.36849,Cloudy,0.3
150,4,Verstappen (Red Bull),45.20987,182.57836,Cloudy,0.3
150,5,Verstappen (Red Bull),46.60501,229.18337,Cloudy,0.3
150,1,Norris (McLaren),44.78743,44.78743,Cloudy,0.3
150,2,Norris (McLaren),45.91286,90.70029,Cloudy,0.3
150,3,Norris (McLaren),45.77299,136.47329,Cloudy,0.3
150,4,Norris (McLaren),45.35355,181.82684,Cloudy,0.3
150,5,Norris (McLaren),47.13761,228.96444,Cloudy,0.3
151,1,Hamilton (Mercedes),46.54324,46.54324,Cloudy,0.3
151,2,Hamilton (Mercedes),45.59376,92.137,Cloudy,0.3
151,3,Hamilton (Mercedes),45.96565,138.10265,Cloudy,0.3
151,4,Hamilton (Mercedes),46.5584,184.66105,Cloudy,0.3
151,5,Hamilton (Mercedes),45.87839,230.53945,Cloudy,0.3
151,1,Verstappen (Red Bull),45.53211,45.53211,Cloudy,0.3
151,2,Verstappen (Red Bull),46.03645,91.56855,Cloudy,0.3
151,3,Verstappen (Red Bull),45.00727,136.57583,Cloudy,0.3
151,4,Verstappen (Red Bull),45.72261,182.29844,Cloudy,0.3
151,5,Verstappen (Red Bull),45.46362,227.76206,Cloudy,0.3
151,1,Norris (McLaren),46.22528,46.22528,Cloudy,0.3
151,2,Norris (McLaren),46.14056,92.36584,Cloudy,0.3
151,3,Norris (McLaren),45.65258,138.01842,Cloudy,0.3
151,4,Norris (McLaren),46.01797,184.0364,Cloudy,0.3
151,5,Norris (McLaren),46.71627,230.75267,Cloudy,0.3
152,1,Hamilton (Mercedes),46.52582,46.52582,Cloudy,0.3
152,2,Hamilton (Mercedes),46.06209,92.58792,Cloudy,0.3
152,3,Hamilton (Mercedes),45.5945,138.18241,Cloudy,0.3
152,4,Hamilton (Mercedes),45.00019,183.1826,Cloudy,0.3
152,5,Hamilton (Mercedes),46.04956,229.23216,Cloudy,0.3
152,1,Verstappen (Red Bull),45.07229,45.07229,Cloudy,0.3
152,2,Verstappen (Red Bull),46.23564,91.30793,Cloudy,0.3
152,3,Verstappen (Red Bull),44.63016,135.93809,Cloudy,0.3
152,4,Verstappen (Red Bull),45.22058,181.15867,Cloudy,0.3
152,5,Verstappen (Red Bull),45.6831,226.84178,Cloudy,0.3
152,1,Norris (McLaren),48.03443,48.03443,Cloudy,0.3
152,2,Norris (McLaren),45.75523,93.78966,Cloudy,0.3
152,3,Norris (McLaren),45.87023,139.65989,Cloudy,0.3
152,4,Norris (McLaren),46.49271,186.15261,Cloudy,0.3
152,5,Norris (McLaren),45.14566,231.29827,Cloudy,0.3
153,1,Hamilton (Mercedes),46.04353,46.04353,Cloudy,0.3
153,2,Hamilton (Mercedes),45.55281,91.59634,Cloudy,0.3
153,3,Hamilton (Mercedes),46.55321,138.14955,Cloudy,0.3
153,4,Hamilton (Mercedes),46.6096,184.75915,Cloudy,0.3
153,5,Hamilton (Mercedes),45.40946,230.16861,Cloudy,0.3
153,1,Verstappen (Red Bull),44.39322,44.39322,Cloudy,0.3
153,2,Verstappen (Red Bull),45.49135,89.88458,Cloudy,0.3
153,3,Verstappen (Red Bull),45.77146,135.65604,Cloudy,0.3
153,4,Verstappen (Red Bull),45.57839,181.23443,Cloudy,0.3
153,5,Verstappen (Red Bull),45.54292,226.77735,Cloudy,0.3
153,1,Norris (McLaren),47.13748,47.13748,Cloudy,0.3
153,2,Norris (McLaren),46.03006,93.16754,Cloudy,0.3
153,3,Norris (McLaren),46.18011,139.34765,Cloudy,0.3
153,4,Norris (McLaren),46.27322,185.62087,Cloudy,0.3
153,5,Norris (McLaren),46.43471,232.05558,Cloudy,0.3
154,1,Hamilton (Mercedes),45.32854,45.32854,Cloudy,0.3
154,2,Hamilton (Mercedes),45.54407,90.87261,Cloudy,0.3
154,3,Hamilton (Mercedes),46.4249,137.29752,Cloudy,0.3
154,4,Hamilton (Mercedes),46.30117,183.59868,Cloudy,0.3
154,5,Hamilton (Mercedes),45.89718,229.49587,Cloudy,0.3
154,1,Verstappen (Red Bull),44.91618,44.91618,Cloudy,0.3
154,2,Verstappen (Red Bull),45.0132,89.92938,Cloudy,0.3
154,3,Verstappen (Red Bull),46.31335,136.24273,Cloudy,0.3
154,4,Verstappen (Red Bull),46.54005,182.78277,Cloudy,0.3
154,5,Verstappen (Red Bull),44.83821,227.62098,Cloudy,0.3
154,1,Norris (McLaren),46.06391,46.06391,Cloudy,0.3
154,2,Norris (McLaren),46.52006,92.58397,Cloudy,0.3
154,3,Norris (McLaren),45.00533,137.5893,Cloudy,0.3
154,4,Norris (McLaren),45.01463,182.60393,Cloudy,0.3
154,5,Norris (McLaren),46.75653,229.36046,Cloudy,0.3
155,1,Hamilton (Mercedes),46.02806,46.02806,Cloudy,0.3
155,2,Hamilton (Mercedes),46.4904,92.51846,Cloudy,0.3
155,3,Hamilton (Mercedes),46.93775,139.45621,Cloudy,0.3
155,4,Hamilton (Mercedes),45.95446,185.41067,Cloudy,0.3
155,5,Hamilton (Mercedes),45.94803,231.35871,Cloudy,0.3
155,1,Verstappen (Red Bull),44.23184,44.23184,Cloudy,0.3
155,2,Verstappen (Red Bull),44.83184,89.06368,Cloudy,0.3
155,3,Verstappen (Red Bull),46.20098,135.26466,Cloudy,0.3
155,4,Verstappen (Red Bull),45.17559,180.44025,Cloudy,0.3
155,5,Verstappen (Red Bull),45.52739,225.96764,Cloudy,0.3
155,1,Norris (McLaren),45.54485,45.54485,Cloudy,0.3
155,2,Norris (McLaren),45.8407,91.38555,Cloudy,0.3
155,3,Norris (McLaren),44.39904,135.78459,Cloudy,0.3
155,4,Norris (McLaren),44.17489,179.95948,Cloudy,0.3
155,5,Norris (McLaren),46.12062,226.08011,Cloudy,0.3
156,1,Hamilton (Mercedes),46.2161,46.2161,Cloudy,0.3
156,2,Hamilton (Mercedes),45.63256,91.84867,Cloudy,0.3
156,3,Hamilton (Mercedes),46.33688,138.18555,Cloudy,0.3
156,4,Hamilton (Mercedes),46.22679,184.41233,Cloudy,0.3
156,5,Hamilton (Mercedes),45.55747,229.9698,Cloudy,0.3
156,1,Verstappen (Red Bull),45.96077,45.96077,Cloudy,0.3
156,2,Verstappen (Red Bull),45.45167,91.41244,Cloudy,0.3
156,3,Verstappen (Red Bull),45.14788,136.56033,Cloudy,0.3
156,4,Verstappen (Red Bull),45.07686,181.63719,Cloudy,0.3
156,5,Verstappen (Red Bull),44.66501,226.3022,Cloudy,0.3
156,1,Norris (McLaren),45.43911,45.43911,Cloudy,0.3
156,2,Norris (McLaren),45.55837,90.99748,Cloudy,0.3
156,3,Norris (McLaren),45.72228,136.71977,Cloudy,0.3
156,4,Norris (McLaren),46.93678,183.65654,Cloudy,0.3
156,5,Norris (McLaren),45.95253,229.60907,Cloudy,0.3
157,1,Hamilton (Mercedes),46.4188,46.4188,Cloudy,0.3
157,2,Hamilton (Mercedes),46.58607,93.00487,Cloudy,0.3
157,3,Hamilton (Mercedes),45.76033,138.7652,Cloudy,0.3
157,4,Hamilton (Mercedes),46.45094,185.21614,Cloudy,0.3
157,5,Hamilton (Mercedes),46.08828,231.30442,Cloudy,0.3
157,1,Verstappen (Red Bull),45.90789,45.90789,Cloudy,0.3
157,2,Verstappen (Red Bull),46.13567,92.04356,Cloudy,0.3
157,3,Verstappen (Red Bull),44.93843,136.98199,Cloudy,0.3
157,4,Verstappen (Red Bull),46.39847,183.38045,Cloudy,0.3
157,5,Verstappen (Red Bull),44.99717,228.37763,Cloudy,0.3
157,1,Norris (McLaren),45.00066,45.00066,Cloudy,0.3
157,2,Norris (McLaren),45.79823,90.79889,Cloudy,0.3
157,3,Norris (McLaren),45.14705,135.94595,Cloudy,0.3
157,4,Norris (McLaren),45.61257,181.55852,Cloudy,0.3
157,5,Norris (McLaren),46.08996,227.64848,Cloudy,0.3
158,1,Hamilton (Mercedes),46.5143,46.5143,Cloudy,0.3
158,2,Hamilton (Mercedes),45.99162,92.50592,Cloudy,0.3
158,3,Hamilton (Mercedes),46.86678,139.3727,Cloudy,0.3
158,4,Hamilton (Mercedes),46.01985,185.39255,Cloudy,0.3
158,5,Hamilton (Mercedes),45.42105,230.8136,Cloudy,0.3
158,1,Verstappen (Red Bull),45.32748,45.32748,Cloudy,0.3
158,2,Verstappen (Red Bull),45.48508,90.81256,Cloudy,0.3
158,3,Verstappen (Red Bull),45.1191,135.93166,Cloudy,0.3
158,4,Verstappen (Red Bull),45.38877,181.32043,Cloudy,0.3
158,5,Verstappen (Red Bull),45.6318,226.95224,Cloudy,0.3
158,1,Norris (McLaren),46.13542,46.13542,Cloudy,0.3
158,2,Norris (McLaren),44.98245,91.11787,Cloudy,0.3
158,3,Norris (McLaren),45.18412,136.30199,Cloudy,0.3
158,4,Norris (McLaren),46.12516,182.42716,Cloudy,0.3
158,5,Norris (McLaren),45.7492,228.17636,Cloudy,0.3
159,1,Hamilton (Mercedes),47.0073,47.0073,Cloudy,0.3
159,2,Hamilton (Mercedes),45.85705,92.86435,Cloudy,0.3
159,3,Hamilton (Mercedes),45.72151,138.58586,Cloudy,0.3
159,4,Hamilton (Mercedes),46.399,184.98486,Cloudy,0.3
159,5,Hamilton (Mercedes),45.74583,230.73069,Cloudy,0.3
159,1,Verstappen (Red Bull),44.97069,44.97069,Cloudy,0.3
159,2,Verstappen (Red Bull),44.66628,89.63697,Cloudy,0.3
159,3,Verstappen (Red Bull),45.83902,135.47599,Cloudy,0.3
159,4,Verstappen (Red Bull),45.18692,180.66291,Cloudy,0.3
159,5,Verstappen (Red Bull),46.17498,226.83789,Cloudy,0.3
159,1,Norris (McLaren),45.0018,45.0018,Cloudy,0.3
159,2,Norris (McLaren),44.34217,89.34398,Cloudy,0.3
159,3,Norris (McLaren),45.65195,134.99592,Cloudy,0.3
159,4,Norris (McLaren),46.03341,181.02933,Cloudy,0.3
159,5,Norris (McLaren),46.00882,227.03816,Cloudy,0.3
160,1,Hamilton (Mercedes),46.79997,46.79997,Cloudy,0.3
160,2,Hamilton (Mercedes),45.64045,92.44042,Cloudy,0.3
160,3,Hamilton (Mercedes),45.23659,137.67701,Cloudy,0.3
160,4,Hamilton (Mercedes),46.47481,184.15182,Cloudy,0.3
160,5,Hamilton (Mercedes),45.99711,230.14893,Cloudy,0.3
160,1,Verstappen (Red Bull),45.90029,45.90029,Cloudy,0.3
160,2,Verstappen (Red Bull),44.94098,90.84127,Cloudy,0.3
160,3,Verstappen (Red Bull),45.86082,136.70208,Cloudy,0.3
160,4,Verstappen (Red Bull),44.99874,181.70083,Cloudy,0.3
160,5,Verstappen (Red Bull),45.67209,227.37292,Cloudy,0.3
160,1,Norris (McLaren),45.25926,45.25926,Cloudy,0.3
160,2,Norris (McLaren),46.6608,91.92006,Cloudy,0.3
160,3,Norris (McLaren),45.59296,137.51302,Cloudy,0.3
160,4,Norris (McLaren),46.8545,184.36752,Cloudy,0.3
160,5,Norris (McLaren),46.3102,230.67773,Cloudy,0.3
161,1,Hamilton (Mercedes),46.28922,46.28922,Cloudy,0.3
161,2,Hamilton (Mercedes),46.55018,92.8394,Cloudy,0.3
161,3,Hamilton (Mercedes),47.19188,140.03128,Cloudy,0.3
161,4,Hamilton (Mercedes),46.30224,186.33352,Cloudy,0.3
161,5,Hamilton (Mercedes),45.54557,231.87909,Cloudy,0.3
161,1,Verstappen (Red Bull),45.67956,45.67956,Cloudy,0.3
161,2,Verstappen (Red Bull),45.5604,91.23996,Cloudy,0.3
161,3,Verstappen (Red Bull),45.09753,136.33749,Cloudy,0.3
161,4,Verstappen (Red Bull),45.7988,182.13629,Cloudy,0.3
161,5,Verstappen (Red Bull),45.28149,227.41778,Cloudy,0.3
161,1,Norris (McLaren),46.23392,46.23392,Cloudy,0.3
161,2,Norris (McLaren),46.594,92.82792,Cloudy,0.3
161,3,Norris (McLaren),46.09202,138.91993,Cloudy,0.3
161,4,Norris (McLaren),44.92053,183.84046,Cloudy,0.3
161,5,Norris (McLaren),45.16561,229.00607,Cloudy,0.3
162,1,Hamilton (Mercedes),47.04335,47.04335,Cloudy,0.3
162,2,Hamilton (Mercedes),46.28843,93.33178,Cloudy,0.3
162,3,Hamilton (Mercedes),46.37648,139.70826,Cloudy,0.3
162,4,Hamilton (Mercedes),45.59426,185.30252,Cloudy,0.3
162,5,Hamilton (Mercedes),46.04901,231.35152,Cloudy,0.3
162,1,Verstappen (Red Bull),45.79049,45.79049,Cloudy,0.3
162,2,Verstappen (Red Bull),45.96849,91.75899,Cloudy,0.3
162,3,Verstappen (Red Bull),45.42051,137.17949,Cloudy,0.3
162,4,Verstappen (Red Bull),45.58747,182.76696,Cloudy,0.3
162,5,Verstappen (Red Bull),45.40799,228.17495,Cloudy,0.3
162,1,Norris (McLaren),45.62446,45.62446,Cloudy,0.3
162,2,Norris (McLaren),46.00778,91.63224,Cloudy,0.3
162,3,Norris (McLaren),46.23584,137.86808,Cloudy,0.3
162,4,Norris (McLaren),45.1381,183.00618,Cloudy,0.3
162,5,Norris (McLaren),45.46469,228.47086,Cloudy,0.3
163,1,Hamilton (Mercedes),45.69595,45.69595,Cloudy,0.3
163,2,Hamilton (Mercedes),45.65084,91.34679,Cloudy,0.3
163,3,Hamilton (Mercedes),45.97718,137.32397,Cloudy,0.3
163,4,Hamilton (Mercedes),46.46056,183.78453,Cloudy,0.3
163,5,Hamilton (Mercedes),45.71475,229.49928,Cloudy,0.3
163,1,Verstappen (Red Bull),45.77131,45.77131,Cloudy,0.3
163,2,Verstappen (Red Bull),45.7113,91.4826,Cloudy,0.3
163,3,Verstappen (Red Bull),45.76232,137.24493,Cloudy,0.3
163,4,Verstappen (Red Bull),44.94047,182.1854,Cloudy,0.3
163,5,Verstappen (Red Bull),45.37163,227.55703,Cloudy,0.3
163,1,Norris (McLaren),45.94897,45.94897,Cloudy,0.3
163,2,Norris (McLaren),45.00236,90.95133,Cloudy,0.3
163,3,Norris (McLaren),46.11826,137.06959,Cloudy,0.3
163,4,Norris (McLaren),45.37465,182.44424,Cloudy,0.3
163,5,Norris (McLaren),45.94185,228.38608,Cloudy,0.3
164,1,Hamilton (Mercedes),45.64483,45.64483,Cloudy,0.3
164,2,Hamilton (Mercedes),47.49687,93.14169,Cloudy,0.3
164,3,Hamilton (Mercedes),45.91422,139.05592,Cloudy,0.3
164,4,Hamilton (Mercedes),46.47186,185.52778,Cloudy,0.3
164,5,Hamilton (Mercedes),46.09437,231.62215,Cloudy,0.3
164,1,Verstappen (Red Bull),46.15726,46.15726,Cloudy,0.3
164,2,Verstappen (Red Bull),45.63231,91.78958,Cloudy,0.3
164,3,Verstappen (Red Bull),44.76225,136.55183,Cloudy,0.3
164,4,Verstappen (Red Bull),46.10344,182.65527,Cloudy,0.3
164,5,Verstappen (Red Bull),46.69869,229.35396,Cloudy,0.3
164,1,Norris (McLaren),47.09039,47.09039,Cloudy,0.3
164,2,Norris (McLaren),44.6208,91.71119,Cloudy,0.3
164,3,Norris (McLaren),45.57679,137.28798,Cloudy,0.3
164,4,Norris (McLaren),45.53005,182.81802,Cloudy,0.3
164,5,Norris (McLaren),44.99041,227.80844,Cloudy,0.3
165,1,Hamilton (Mercedes),46.09975,46.09975,Cloudy,0.3
165,2,Hamilton (Mercedes),46.21578,92.31553,Cloudy,0.3
165,3,Hamilton (Mercedes),46.20144,138.51697,Cloudy,0.3
165,4,Hamilton (Mercedes),45.33341,183.85037,Cloudy,0.3
165,5,Hamilton (Mercedes),45.9054,229.75577,Cloudy,0.3
165,1,Verstappen (Red Bull),45.30907,45.30907,Cloudy,0.3
165,2,Verstappen (Red Bull),45.52411,90.83318,Cloudy,0.3
165,3,Verstappen (Red Bull),44.96642,135.7996,Cloudy,0.3
165,4,Verstappen (Red Bull),45.37848,181.17808,Cloudy,0.3
165,5,Verstappen (Red Bull),45.04552,226.2236,Cloudy,0.3
165,1,Norris (McLaren),44.92067,44.92067,Cloudy,0.3
165,2,Norris (McLaren),44.52383,89.4445,Cloudy,0.3
165,3,Norris (McLaren),46.32539,135.76989,Cloudy,0.3
165,4,Norris (McLaren),45.03326,180.80315,Cloudy,0.3
165,5,Norris (McLaren),45.94107,226.74422,Cloudy,0.3
166,1,Hamilton (Mercedes),47.26415,47.26415,Cloudy,0.3
166,2,Hamilton (Mercedes),45.43847,92.70262,Cloudy,0.3
166,3,Hamilton (Mercedes),46.00672,138.70934,Cloudy,0.3
166,4,Hamilton (Mercedes),45.43097,184.14031,Cloudy,0.3
166,5,Hamilton (Mercedes),45.53606,229.67637,Cloudy,0.3
166,1,Verstappen (Red Bull),45.60045,45.60045,Cloudy,0.3
166,2,Verstappen (Red Bull),45.81104,91.41149,Cloudy,0.3
166,3,Verstappen (Red Bull),45.25524,136.66674,Cloudy,0.3
166,4,Verstappen (Red Bull),44.94022,181.60696,Cloudy,0.3
166,5,Verstappen (Red Bull),45.84035,227.44731,Cloudy,0.3
166,1,Norris (McLaren),45.85342,45.85342,Cloudy,0.3
166,2,Norris (McLaren),45.02634,90.87976,Cloudy,0.3
166,3,Norris (McLaren),45.01417,135.89393,Cloudy,0.3
166,4,Norris (McLaren),44.96113,180.85506,Cloudy,0.3
166,5,Norris (McLaren),46.71294,227.56801,Cloudy,0.3
167,1,Hamilton (Mercedes),46.53933,46.53933,Cloudy,0.3
167,2,Hamilton (Mercedes),46.38467,92.92399,Cloudy,0.3
167,3,Hamilton (Mercedes),45.79294,138.71693,Cloudy,0.3
167,4,Hamilton (Mercedes),45.38604,184.10296,Cloudy,0.3
167,5,Hamilton (Mercedes),46.60077,230.70373,Cloudy,0.3
167,1,Verstappen (Red Bull),45.449,45.449,Cloudy,0.3
167,2,Verstappen (Red Bull),44.63809,90.08709,Cloudy,0.3
167,3,Verstappen (Red Bull),46.23326,136.32035,Cloudy,0.3
167,4,Verstappen (Red Bull),44.9936,181.31395,Cloudy,0.3
167,5,Verstappen (Red Bull),45.73197,227.04592,Cloudy,0.3
167,1,Norris (McLaren),45.02679,45.02679,Cloudy,0.3
167,2,Norris (McLaren),44.94297,89.96976,Cloudy,0.3
167,3,Norris (McLaren),45.53344,135.5032,Cloudy,0.3
167,4,Norris (McLaren),46.39522,181.89841,Cloudy,0.3
167,5,Norris (McLaren),45.12373,227.02214,Cloudy,0.3
168,1,Hamilton (Mercedes),46.51057,46.51057,Cloudy,0.3
168,2,Hamilton (Mercedes),45.26912,91.77969,Cloudy,0.3
168,3,Hamilton (Mercedes),44.89619,136.67588,Cloudy,0.3
168,4,Hamilton (Mercedes),46.59363,183.26952,Cloudy,0.3
168,5,Hamilton (Mercedes),46.49545,229.76496,Cloudy,0.3
168,1,Verstappen (Red Bull),45.57555,45.57555,Cloudy,0.3
168,2,Verstappen (Red Bull),45.24449,90.82004,Cloudy,0.3
168,3,Verstappen (Red Bull),45.73234,136.55238,Cloudy,0.3
168,4,Verstappen (Red Bull),45.71084,182.26321,Cloudy,0.3
168,5,Verstappen (Red Bull),45.35679,227.62,Cloudy,0.3
168,1,Norris (McLaren),45.77189,45.77189,Cloudy,0.3
168,2,Norris (McLaren),45.49408,91.26597,Cloudy,0.3
168,3,Norris (McLaren),46.08358,137.34956,Cloudy,0.3
168,4,Norris (McLaren),44.94711,182.29666,Cloudy,0.3
168,5,Norris (McLaren),47.17204,229.4687,Cloudy,0.3
169,1,Hamilton (Mercedes),45.64134,45.64134,Cloudy,0.3
169,2,Hamilton (Mercedes),46.43153,92.07287,Cloudy,0.3
169,3,Hamilton (Mercedes),46.03039,138.10326,Cloudy,0.3
169,4,Hamilton (Mercedes),46.20783,184.31109,Cloudy,0.3
169,5,Hamilton (Mercedes),46.07151,230.3826,Cloudy,0.3
169,1,Verstappen (Red Bull),45.91184,45.91184,Cloudy,0.3
169,2,Verstappen (Red Bull),45.37345,91.28528,Cloudy,0.3
169,3,Verstappen (Red Bull),46.1085,137.39378,Cloudy,0.3
169,4,Verstappen (Red Bull),44.84374,182.23751,Cloudy,0.3
169,5,Verstappen (Red Bull),45.88643,228.12394,Cloudy,0.3
169,1,Norris (McLaren),45.10534,45.10534,Cloudy,0.3
169,2,Norris (McLaren),45.22653,90.33187,Cloudy,0.3
169,3,Norris (McLaren),45.31948,135.65136,Cloudy,0.3
169,4,Norris (McLaren),46.11233,181.76369,Cloudy,0.3
169,5,Norris (McLaren),45.21552,226.97921,Cloudy,0.3
170,1,Hamilton (Mercedes),44.83128,44.83128,Cloudy,0.3
170,2,Hamilton (Mercedes),45.77359,90.60487,Cloudy,0.3
170,3,Hamilton (Mercedes),45.35762,135.96249,Cloudy,0.3
170,4,Hamilton (Mercedes),46.06086,182.02335,Cloudy,0.3
170,5,Hamilton (Mercedes),47.11846,229.14181,Cloudy,0.3
170,1,Verstappen (Red Bull),45.91451,45.91451,Cloudy,0.3
170,2,Verstappen (Red Bull),45.9348,91.84931,Cloudy,0.3
170,3,Verstappen (Red Bull),46.24909,138.0984,Cloudy,0.3
170,4,Verstappen (Red Bull),44.50966,182.60806,Cloudy,0.3
170,5,Verstappen (Red Bull),46.18724,228.7953,Cloudy,0.3
170,1,Norris (McLaren),46.3008,46.3008,Cloudy,0.3
170,2,Norris (McLaren),46.57235,92.87315,Cloudy,0.3
170,3,Norris (McLaren),45.28419,138.15734,Cloudy,0.3
170,4,Norris (McLaren),47.38216,185.5395,Cloudy,0.3
170,5,Norris (McLaren),45.4508,230.9903,Cloudy,0.3
171,1,Hamilton (Mercedes),46.65777,46.65777,Cloudy,0.3
171,2,Hamilton (Mercedes),46.6294,93.28717,Cloudy,0.3
171,3,Hamilton (Mercedes),46.17433,139.4615,Cloudy,0.3
171,4,Hamilton (Mercedes),46.33323,185.79474,Cloudy,0.3
171,5,Hamilton (Mercedes),46.25623,232.05096,Cloudy,0.3
171,1,Verstappen (Red Bull),45.09608,45.09608,Cloudy,0.3
171,2,Verstappen (Red Bull),45.16231,90.2584,Cloudy,0.3
171,3,Verstappen (Red Bull),46.27796,136.53636,Cloudy,0.3
171,4,Verstappen (Red Bull),44.84032,181.37668,Cloudy,0.3
171,5,Verstappen (Red Bull),44.56276,225.93944,Cloudy,0.3
171,1,Norris (McLaren),45.17808,45.17808,Cloudy,0.3
171,2,Norris (McLaren),45.21758,90.39566,Cloudy,0.3
171,3,Norris (McLaren),45.76472,136.16038,Cloudy,0.3
171,4,Norris (McLaren),46.7053,182.86568,Cloudy,0.3
171,5,Norris (McLaren),46.66867,229.53436,Cloudy,0.3
172,1,Hamilton (Mercedes),46.86105,46.86105,Cloudy,0.3
172,2,Hamilton (Mercedes),45.60049,92.46154,Cloudy,0.3
172,3,Hamilton (Mercedes),45.59794,138.05947,Cloudy,0.3
172,4,Hamilton (Mercedes),46.12515,184.18462,Cloudy,0.3
172,5,Hamilton (Mercedes),46.04739,230.23202,Cloudy,0.3
172,1,Verstappen (Red Bull),45.14568,45.14568,Cloudy,0.3
172,2,Verstappen (Red Bull),46.00709,91.15276,Cloudy,0.3
172,3,Verstappen (Red Bull),46.03761,137.19037,Cloudy,0.3
172,4,Verstappen (Red Bull),44.8379,182.02827,Cloudy,0.3
172,5,Verstappen (Red Bull),45.36798,227.39626,Cloudy,0.3
172,1,Norris (McLaren),44.68754,44.68754,Cloudy,0.3
172,2,Norris (McLaren),46.45486,91.1424,Cloudy,0.3
172,3,Norris (McLaren),47.27265,138.41506,Cloudy,0.3
172,4,Norris (McLaren),46.48729,184.90235,Cloudy,0.3
172,5,Norris (McLaren),47.28939,232.19173,Cloudy,0.3
173,1,Hamilton (Mercedes),45.89452,45.89452,Cloudy,0.3
173,2,Hamilton (Mercedes),45.83818,91.73271,Cloudy,0.3
173,3,Hamilton (Mercedes),46.09185,137.82456,Cloudy,0.3
173,4,Hamilton (Mercedes),45.6517,183.47626,Cloudy,0.3
173,5,Hamilton (Mercedes),45.11634,228.5926,Cloudy,0.3
173,1,Verstappen (Red Bull),45.39754,45.39754,Cloudy,0.3
173,2,Verstappen (Red Bull),46.12151,91.51905,Cloudy,0.3
173,3,Verstappen (Red Bull),45.81796,137.33702,Cloudy,0.3
173,4,Verstappen (Red Bull),44.83989,182.17691,Cloudy,0.3
173,5,Verstappen (Red Bull),44.99,227.16691,Cloudy,0.3
173,1,Norris (McLaren),45.46125,45.46125,Cloudy,0.3
173,2,Norris (McLaren),45.51737,90.97862,Cloudy,0.3
173,3,Norris (McLaren),47.3614,138.34002,Cloudy,0.3
173,4,Norris (McLaren),45.6573,183.99732,Cloudy,0.3
173,5,Norris (McLaren),46.63927,230.63659,Cloudy,0.3
174,1,Hamilton (Mercedes),45.97649,45.97649,Cloudy,0.3
174,2,Hamilton (Mercedes),45.66516,91.64165,Cloudy,0.3
174,3,Hamilton (Mercedes),46.27825,137.9199,Cloudy,0.3
174,4,Hamilton (Mercedes),45.70276,183.62265,Cloudy,0.3
174,5,Hamilton (Mercedes),46.02535,229.64801,Cloudy,0.3
174,1,Verstappen (Red Bull),45.34855,45.34855,Cloudy,0.3
174,2,Verstappen (Red Bull),46.21777,91.56631,Cloudy,0.3
174,3,Verstappen (Red Bull),46.05002,137.61633,Cloudy,0.3
174,4,Verstappen (Red Bull),46.31606,183.9324,Cloudy,0.3
174,5,Verstappen (Red Bull),43.8722,227.8046,Cloudy,0.3
174,1,Norris (McLaren),45.33556,45.33556,Cloudy,0.3
174,2,Norris (McLaren),46.10696,91.44252,Cloudy,0.3
174,3,Norris (McLaren),46.15202,137.59454,Cloudy,0.3
174,4,Norris (McLaren),46.41222,184.00676,Cloudy,0.3
174,5,Norris (McLaren),45.66461,229.67137,Cloudy,0.3
175,1,Hamilton (Mercedes),46.30813,46.30813,Cloudy,0.3
175,2,Hamilton (Mercedes),45.4998,91.80792,Cloudy,0.3
175,3,Hamilton (Mercedes),45.14871,136.95664,Cloudy,0.3
175,4,Hamilton (Mercedes),45.31514,182.27178,Cloudy,0.3
175,5,Hamilton (Mercedes),46.97468,229.24646,Cloudy,0.3
175,1,Verstappen (Red Bull),45.56934,45.56934,Cloudy,0.3
175,2,Verstappen (Red Bull),45.53328,91.10262,Cloudy,0.3
175,3,Verstappen (Red Bull),45.01187,136.11449,Cloudy,0.3
175,4,Verstappen (Red Bull),45.87156,181.98605,Cloudy,0.3
175,5,Verstappen (Red Bull),45.7786,227.76465,Cloudy,0.3
175,1,Norris (McLaren),45.79819,45.79819,Cloudy,0.3
175,2,Norris (McLaren),45.26737,91.06556,Cloudy,0.3
175,3,Norris (McLaren),45.56371,136.62927,Cloudy,0.3
175,4,Norris (McLaren),46.72076,183.35003,Cloudy,0.3
175,5,Norris (McLaren),45.5396,228.88963,Cloudy,0.3
176,1,Hamilton (Mercedes),46.26191,46.26191,Cloudy,0.3
176,2,Hamilton (Mercedes),46.55265,92.81457,Cloudy,0.3
176,3,Hamilton (Mercedes),45.71727,138.53183,Cloudy,0.3
176,4,Hamilton (Mercedes),45.01086,183.54269,Cloudy,0.3
176,5,Hamilton (Mercedes),46.56009,230.10278,Cloudy,0.3
176,1,Verstappen (Red Bull),45.60022,45.60022,Cloudy,0.3
176,2,Verstappen (Red Bull),44.70046,90.30068,Cloudy,0.3
176,3,Verstappen (Red Bull),45.30073,135.6014,Cloudy,0.3
176,4,Verstappen (Red Bull),45.29187,180.89327,Cloudy,0.3
176,5,Verstappen (Red Bull),45.67886,226.57213,Cloudy,0.3
176,1,Norris (McLaren),46.74045,46.74045,Cloudy,0.3
176,2,Norris (McLaren),46.79535,93.5358,Cloudy,0.3
176,3,Norris (McLaren),46.07376,139.60957,Cloudy,0.3
176,4,Norris (McLaren),45.93928,185.54885,Cloudy,0.3
176,5,Norris (McLaren),46.60046,232.14931,Cloudy,0.3
177,1,Hamilton (Mercedes),45.88651,45.88651,Cloudy,0.3
177,2,Hamilton (Mercedes),45.88979,91.7763,Cloudy,0.3
177,3,Hamilton (Mercedes),45.46511,137.24141,Cloudy,0.3
177,4,Hamilton (Mercedes),45.28358,182.52499,Cloudy,0.3
177,5,Hamilton (Mercedes),46.33467,228.85966,Cloudy,0.3
177,1,Verstappen (Red Bull),45.39676,45.39676,Cloudy,0.3
177,2,Verstappen (Red Bull),45.60057,90.99733,Cloudy,0.3
177,3,Verstappen (Red Bull),45.18599,136.18332,Cloudy,0.3
177,4,Verstappen (Red Bull),45.38366,181.56698,Cloudy,0.3
177,5,Verstappen (Red Bull),44.72289,226.28987,Cloudy,0.3
177,1,Norris (McLaren),46.73423,46.73423,Cloudy,0.3
177,2,Norris (McLaren),45.00145,91.73568,Cloudy,0.3
177,3,Norris (McLaren),47.16448,138.90016,Cloudy,0.3
177,4,Norris (McLaren),45.73465,184.63481,Cloudy,0.3
177,5,Norris (McLaren),45.64442,230.27923,Cloudy,0.3
178,1,Hamilton (Mercedes),45.56299,45.56299,Cloudy,0.3
178,2,Hamilton (Mercedes),45.77463,91.33761,Cloudy,0.3
178,3,Hamilton (Mercedes),45.13522,136.47283,Cloudy,0.3
178,4,Hamilton (Mercedes),46.04559,182.51842,Cloudy,0.3
178,5,Hamilton (Mercedes),45.10896,227.62738,Cloudy,0.3
178,1,Verstappen (Red Bull),44.66415,44.66415,Cloudy,0.3
178,2,Verstappen (Red Bull),46.22789,90.89204,Cloudy,0.3
178,3,Verstappen (Red Bull),45.93474,136.82678,Cloudy,0.3
178,4,Verstappen (Red Bull),44.57038,181.39717,Cloudy,0.3
178,5,Verstappen (Red Bull),45.33788,226.73504,Cloudy,0.3
178,1,Norris (McLaren),44.79741,44.79741,Cloudy,0.3
178,2,Norris (McLaren),45.44869,90.2461,Cloudy,0.3
178,3,Norris (McLaren),46.25763,136.50373,Cloudy,0.3
178,4,Norris (McLaren),45.55132,182.05505,Cloudy,0.3
178,5,Norris (McLaren),43.88866,225.94371,Cloudy,0.3
179,1,Hamilton (Mercedes),45.45367,45.45367,Cloudy,0.3
179,2,Hamilton (Mercedes),45.86355,91.31722,Cloudy,0.3
179,3,Hamilton (Mercedes),45.76036,137.07759,Cloudy,0.3
179,4,Hamilton (Mercedes),46.11666,183.19425,Cloudy,0.3
179,5,Hamilton (Mercedes),45.66751,228.86176,Cloudy,0.3
179,1,Verstappen (Red Bull),46.44833,46.44833,Cloudy,0.3
179,2,Verstappen (Red Bull),45.2284,91.67673,Cloudy,0.3
179,3,Verstappen (Red Bull),44.93273,136.60947,Cloudy,0.3
179,4,Verstappen (Red Bull),44.95585,181.56532,Cloudy,0.3
179,5,Verstappen (Red Bull),45.21482,226.78014,Cloudy,0.3
179,1,Norris (McLaren),46.4659,46.4659,Cloudy,0.3
179,2,Norris (McLaren),45.4136,91.87951,Cloudy,0.3
179,3,Norris (McLaren),46.10463,137.98413,Cloudy,0.3
179,4,Norris (McLaren),44.6285,182.61263,Cloudy,0.3
179,5,Norris (McLaren),45.16311,227.77574,Cloudy,0.3
180,1,Hamilton (Mercedes),44.76646,44.76646,Cloudy,0.3
180,2,Hamilton (Mercedes),46.45816,91.22462,Cloudy,0.3
180,3,Hamilton (Mercedes),46.0467,137.27132,Cloudy,0.3
180,4,Hamilton (Mercedes),46.47656,183.74788,Cloudy,0.3
180,5,Hamilton (Mercedes),45.87497,229.62285,Cloudy,0.3
180,1,Verstappen (Red Bull),46.03455,46.03455,Cloudy,0.3
180,2,Verstappen (Red Bull),46.28642,92.32097,Cloudy,0.3
180,3,Verstappen (Red Bull),45.06347,137.38444,Cloudy,0.3
180,4,Verstappen (Red Bull),45.20165,182.58609,Cloudy,0.3
180,5,Verstappen (Red Bull),45.59472,228.18081,Cloudy,0.3
180,1,Norris (McLaren),46.07892,46.07892,Cloudy,0.3
180,2,Norris (McLaren),45.93379,92.01271,Cloudy,0.3
180,3,Norris (McLaren),46.17823,138.19094,Cloudy,0.3
180,4,Norris (McLaren),44.46706,182.658,Cloudy,0.3
180,5,Norris (McLaren),46.41557,229.07357,Cloudy,0.3
181,1,Hamilton (Mercedes),45.17304,45.17304,Cloudy,0.3
181,2,Hamilton (Mercedes),46.4101,91.58314,Cloudy,0.3
181,3,Hamilton (Mercedes),46.1334,137.71654,Cloudy,0.3
181,4,Hamilton (Mercedes),45.52178,183.23831,Cloudy,0.3
181,5,Hamilton (Mercedes),46.80476,230.04308,Cloudy,0.3
181,1,Verstappen (Red Bull),45.68202,45.68202,Cloudy,0.3
181,2,Verstappen (Red Bull),45.35805,91.04007,Cloudy,0.3
181,3,Verstappen (Red Bull),46.10549,137.14556,Cloudy,0.3
181,4,Verstappen (Red Bull),45.46238,182.60794,Cloudy,0.3
181,5,Verstappen (Red Bull),45.70457,228.31251,Cloudy,0.3
181,1,Norris (McLaren),45.18877,45.18877,Cloudy,0.3
181,2,Norris (McLaren),44.94316,90.13193,Cloudy,0.3
181,3,Norris (McLaren),45.21307,135.345,Cloudy,0.3
181,4,Norris (McLaren),44.90408,180.24908,Cloudy,0.3
181,5,Norris (McLaren),45.87455,226.12363,Cloudy,0.3
182,1,Hamilton (Mercedes),45.8578,45.8578,Cloudy,0.3
182,2,Hamilton (Mercedes),45.99386,91.85166,Cloudy,0.3
182,3,Hamilton (Mercedes),46.57526,138.42693,Cloudy,0.3
182,4,Hamilton (Mercedes),45.79895,184.22587,Cloudy,0.3
182,5,Hamilton (Mercedes),45.52024,229.74611,Cloudy,0.3
182,1,Verstappen (Red Bull),44.53207,44.53207,Cloudy,0.3
182,2,Verstappen (Red Bull),44.01504,88.54711,Cloudy,0.3
182,3,Verstappen (Red Bull),45.7815,134.3286,Cloudy,0.3
182,4,Verstappen (Red Bull),45.17601,179.50461,Cloudy,0.3
182,5,Verstappen (Red Bull),44.59948,224.10409,Cloudy,0.3
182,1,Norris (McLaren),44.75414,44.75414,Cloudy,0.3
182,2,Norris (McLaren),45.08886,89.843,Cloudy,0.3
182,3,Norris (McLaren),45.32351,135.16651,Cloudy,0.3
182,4,Norris (McLaren),45.03831,180.20482,Cloudy,0.3
182,5,Norris (McLaren),44.72724,224.93207,Cloudy,0.3
183,1,Hamilton (Mercedes),45.39196,45.39196,Cloudy,0.3
183,2,Hamilton (Mercedes),46.86615,92.25811,Cloudy,0.3
183,3,Hamilton (Mercedes),45.76077,138.01888,Cloudy,0.3
183,4,Hamilton (Mercedes),46.83209,184.85097,Cloudy,0.3
183,5,Hamilton (Mercedes),46.22529,231.07626,Cloudy,0.3
183,1,Verstappen (Red Bull),45.68401,45.68401,Cloudy,0.3
183,2,Verstappen (Red Bull),44.81428,90.49829,Cloudy,0.3
183,3,Verstappen (Red Bull),45.69337,136.19166,Cloudy,0.3
183,4,Verstappen (Red Bull),45.87603,182.06769,Cloudy,0.3
183,5,Verstappen (Red Bull),46.00724,228.07493,Cloudy,0.3
183,1,Norris (McLaren),45.53821,45.53821,Cloudy,0.3
183,2,Norris (McLaren),46.33946,91.87767,Cloudy,0.3
183,3,Norris (McLaren),44.69959,136.57726,Cloudy,0.3
183,4,Norris (McLaren),45.69122,182.26847,Cloudy,0.3
183,5,Norris (McLaren),45.82758,228.09606,Cloudy,0.3
184,1,Hamilton (Mercedes),45.92762,45.92762,Cloudy,0.3
184,2,Hamilton (Mercedes),46.76612,92.69374,Cloudy,0.3
184,3,Hamilton (Mercedes),46.61014,139.30388,Cloudy,0.3
184,4,Hamilton (Mercedes),46.29293,185.59681,Cloudy,0.3
184,5,Hamilton (Mercedes),46.63075,232.22756,Cloudy,0.3
184,1,Verstappen (Red Bull),45.38534,45.38534,Cloudy,0.3
184,2,Verstappen (Red Bull),45.92941,91.31475,Cloudy,0.3
184,3,Verstappen (Red Bull),46.76682,138.08157,Cloudy,0.3
184,4,Verstappen (Red Bull),46.40196,184.48353,Cloudy,0.3
184,5,Verstappen (Red Bull),45.0036,229.48713,Cloudy,0.3
184,1,Norris (McLaren),46.03102,46.03102,Cloudy,0.3
184,2,Norris (McLaren),45.78933,91.82035,Cloudy,0.3
184,3,Norris (McLaren),45.57215,137.3925,Cloudy,0.3
184,4,Norris (McLaren),47.04511,184.43761,Cloudy,0.3
184,5,Norris (McLaren),46.24422,230.68183,Cloudy,0.3
185,1,Hamilton (Mercedes),46.51243,46.51243,Cloudy,0.3
185,2,Hamilton (Mercedes),45.81577,92.32819,Cloudy,0.3
185,3,Hamilton (Mercedes),46.22974,138.55793,Cloudy,0.3
185,4,Hamilton (Mercedes),46.12276,184.68069,Cloudy,0.3
185,5,Hamilton (Mercedes),45.8367,230.51739,Cloudy,0.3
185,1,Verstappen (Red Bull),44.74905,44.74905,Cloudy,0.3
185,2,Verstappen (Red Bull),45.72756,90.47661,Cloudy,0.3
185,3,Verstappen (Red Bull),45.08387,135.56048,Cloudy,0.3
185,4,Verstappen (Red Bull),46.0505,181.61098,Cloudy,0.3
185,5,Verstappen (Red Bull),45.62869,227.23967,Cloudy,0.3
185,1,Norris (McLaren),44.68304,44.68304,Cloudy,0.3
185,2,Norris (McLaren),45.23117,89.91421,Cloudy,0.3
185,3,Norris (McLaren),46.84553,136.75975,Cloudy,0.3
185,4,Norris (McLaren),45.88311,182.64285,Cloudy,0.3
185,5,Norris (McLaren),46.90995,229.5528,Cloudy,0.3
186,1,Hamilton (Mercedes),45.36542,45.36542,Cloudy,0.3
186,2,Hamilton (Mercedes),45.79064,91.15606,Cloudy,0.3
186,3,Hamilton (Mercedes),46.11313,137.26918,Cloudy,0.3
186,4,Hamilton (Mercedes),47.02325,184.29244,Cloudy,0.3
186,5,Hamilton (Mercedes),44.78668,229.07912,Cloudy,0.3
186,1,Verstappen (Red Bull),46.08364,46.08364,Cloudy,0.3
186,2,Verstappen (Red Bull),44.47771,90.56136,Cloudy,0.3
186,3,Verstappen (Red Bull),44.98113,135.54249,Cloudy,0.3
186,4,Verstappen (Red Bull),45.19232,180.73481,Cloudy,0.3
186,5,Verstappen (Red Bull),45.30504,226.03986,Cloudy,0.3
186,1,Norris (McLaren),45.85081,45.85081,Cloudy,0.3
186,2,Norris (McLaren),44.78765,90.63845,Cloudy,0.3
186,3,Norris (McLaren),45.58631,136.22476,Cloudy,0.3
186,4,Norris (McLaren),45.81679,182.04155,Cloudy,0.3
186,5,Norris (McLaren),46.44683,228.48838,Cloudy,0.3
187,1,Hamilton (Mercedes),46.36237,46.36237,Cloudy,0.3
187,2,Hamilton (Mercedes),45.93498,92.29735,Cloudy,0.3
187,3,Hamilton (Mercedes),46.23063,138.52798,Cloudy,0.3
187,4,Hamilton (Mercedes),44.89895,183.42693,Cloudy,0.3
187,5,Hamilton (Mercedes),45.88753,229.31446,Cloudy,0.3
187,1,Verstappen (Red Bull),45.46895,45.46895,Cloudy,0.3
187,2,Verstappen (Red Bull),45.08331,90.55226,Cloudy,0.3
187,3,Verstappen (Red Bull),44.60003,135.15229,Cloudy,0.3
187,4,Verstappen (Red Bull),45.3029,180.45519,Cloudy,0.3
187,5,Verstappen (Red Bull),45.81984,226.27503,Cloudy,0.3
187,1,Norris (McLaren),47.22815,47.22815,Cloudy,0.3
187,2,Norris (McLaren),45.38977,92.61791,Cloudy,0.3
187,3,Norris (McLaren),45.1913,137.80921,Cloudy,0.3
187,4,Norris (McLaren),45.41453,183.22374,Cloudy,0.3
187,5,Norris (McLaren),46.01971,229.24345,Cloudy,0.3
188,1,Hamilton (Mercedes),45.67655,45.67655,Cloudy,0.3
188,2,Hamilton (Mercedes),47.04951,92.72606,Cloudy,0.3
188,3,Hamilton (Mercedes),46.74321,139.46927,Cloudy,0.3
188,4,Hamilton (Mercedes),47.39033,186.8596,Cloudy,0.3
188,5,Hamilton (Mercedes),46.28781,233.14741,Cloudy,0.3
188,1,Verstappen (Red Bull),45.75572,45.75572,Cloudy,0.3
188,2,Verstappen (Red Bull),44.40509,90.16082,Cloudy,0.3
188,3,Verstappen (Red Bull),45.696,135.85681,Cloudy,0.3
188,4,Verstappen (Red Bull),45.19408,181.05089,Cloudy,0.3
188,5,Verstappen (Red Bull),46.03279,227.08368,Cloudy,0.3
188,1,Norris (McLaren),46.03702,46.03702,Cloudy,0.3
188,2,Norris (McLaren),45.00519,91.04222,Cloudy,0.3
188,3,Norris (McLaren),45.70348,136.7457,Cloudy,0.3
188,4,Norris (McLaren),45.73228,182.47798,Cloudy,0.3
188,5,Norris (McLaren),46.0743,228.55229,Cloudy,0.3
189,1,Hamilton (Mercedes),45.73898,45.73898,Cloudy,0.3
189,2,Hamilton (Mercedes),45.57116,91.31014,Cloudy,0.3
189,3,Hamilton (Mercedes),45.5111,136.82124,Cloudy,0.3
189,4,Hamilton (Mercedes),46.06163,182.88287,Cloudy,0.3
189,5,Hamilton (Mercedes),45.86413,228.747,Cloudy,0.3
189,1,Verstappen (Red Bull),46.09476,46.09476,Cloudy,0.3
189,2,Verstappen (Red Bull),46.68246,92.77722,Cloudy,0.3
189,3,Verstappen (Red Bull),45.69613,138.47335,Cloudy,0.3
189,4,Verstappen (Red Bull),46.21464,184.68799,Cloudy,0.3
189,5,Verstappen (Red Bull),45.88984,230.57783,Cloudy,0.3
189,1,Norris (McLaren),45.9805,45.9805,Cloudy,0.3
189,2,Norris (McLaren),45.61065,91.59116,Cloudy,0.3
189,3,Norris (McLaren),45.25787,136.84903,Cloudy,0.3
189,4,Norris (McLaren),47.50845,184.35749,Cloudy,0.3
189,5,Norris (McLaren),45.13687,229.49436,Cloudy,0.3
190,1,Hamilton (Mercedes),46.3014,46.3014,Cloudy,0.3
190,2,Hamilton (Mercedes),45.88375,92.18516,Cloudy,0.3
190,3,Hamilton (Mercedes),45.87807,138.06323,Cloudy,0.3
190,4,Hamilton (Mercedes),46.17986,184.24309,Cloudy,0.3
190,5,Hamilton (Mercedes),45.96664,230.20973,Cloudy,0.3
190,1,Verstappen (Red Bull),46.40292,46.40292,Cloudy,0.3
190,2,Verstappen (Red Bull),44.68428,91.0872,Cloudy,0.3
190,3,Verstappen (Red Bull),45.60823,136.69543,Cloudy,0.3
190,4,Verstappen (Red Bull),46.66541,183.36084,Cloudy,0.3
190,5,Verstappen (Red Bull),46.56251,229.92335,Cloudy,0.3
190,1,Norris (McLaren),46.68086,46.68086,Cloudy,0.3
190,2,Norris (McLaren),45.07724,91.7581,Cloudy,0.3
190,3,Norris (McLaren),46.45289,138.21099,Cloudy,0.3
190,4,Norris (McLaren),46.12108,184.33208,Cloudy,0.3
190,5,Norris (McLaren),45.9014,230.23348,Cloudy,0.3
191,1,Hamilton (Mercedes),45.80951,45.80951,Cloudy,0.3
191,2,Hamilton (Mercedes),46.49554,92.30505,Cloudy,0.3
191,3,Hamilton (Mercedes),46.00229,138.30734,Cloudy,0.3
191,4,Hamilton (Mercedes),46.37564,184.68298,Cloudy,0.3
191,5,Hamilton (Mercedes),45.77031,230.45329,Cloudy,0.3
191,1,Verstappen (Red Bull),44.9829,44.9829,Cloudy,0.3
191,2,Verstappen (Red Bull),44.6967,89.6796,Cloudy,0.3
191,3,Verstappen (Red Bull),45.33434,135.01393,Cloudy,0.3
191,4,Verstappen (Red Bull),45.0827,180.09664,Cloudy,0.3
191,5,Verstappen (Red Bull),44.98804,225.08468,Cloudy,0.3
191,1,Norris (McLaren),44.85636,44.85636,Cloudy,0.3
191,2,Norris (McLaren),46.07091,90.92727,Cloudy,0.3
191,3,Norris (McLaren),46.95118,137.87845,Cloudy,0.3
191,4,Norris (McLaren),46.45221,184.33065,Cloudy,0.3
191,5,Norris (McLaren),47.15573,231.48638,Cloudy,0.3
192,1,Hamilton (Mercedes),46.62287,46.62287,Cloudy,0.3
192,2,Hamilton (Mercedes),46.47329,93.09615,Cloudy,0.3
192,3,Hamilton (Mercedes),47.3013,140.39745,Cloudy,0.3
192,4,Hamilton (Mercedes),46.32288,186.72033,Cloudy,0.3
192,5,Hamilton (Mercedes),46.75425,233.47458,Cloudy,0.3
192,1,Verstappen (Red Bull),44.91648,44.91648,Cloudy,0.3
192,2,Verstappen (Red Bull),45.29853,90.21501,Cloudy,0.3
192,3,Verstappen (Red Bull),46.02127,136.23629,Cloudy,0.3
192,4,Verstappen (Red Bull),46.03827,182.27455,Cloudy,0.3
192,5,Verstappen (Red Bull),46.54356,228.81811,Cloudy,0.3
192,1,Norris (McLaren),45.62757,45.62757,Cloudy,0.3
192,2,Norris (McLaren),46.0774,91.70497,Cloudy,0.3
192,3,Norris (McLaren),46.72347,138.42844,Cloudy,0.3
192,4,Norris (McLaren),45.24003,183.66847,Cloudy,0.3
192,5,Norris (McLaren),45.61462,229.28309,Cloudy,0.3
193,1,Hamilton (Mercedes),45.1598,45.1598,Cloudy,0.3
193,2,Hamilton (Mercedes),45.33411,90.49391,Cloudy,0.3
193,3,Hamilton (Mercedes),46.58551,137.07942,Cloudy,0.3
193,4,Hamilton (Mercedes),46.54746,183.62687,Cloudy,0.3
193,5,Hamilton (Mercedes),47.19532,230.82219,Cloudy,0.3
193,1,Verstappen (Red Bull),45.33104,45.33104,Cloudy,0.3
193,2,Verstappen (Red Bull),45.4364,90.76744,Cloudy,0.3
193,3,Verstappen (Red Bull),45.12066,135.8881,Cloudy,0.3
193,4,Verstappen (Red Bull),45.43704,181.32514,Cloudy,0.3
193,5,Verstappen (Red Bull),46.11216,227.4373,Cloudy,0.3
193,1,Norris (McLaren),44.93042,44.93042,Cloudy,0.3
193,2,Norris (McLaren),45.96963,90.90004,Cloudy,0.3
193,3,Norris (McLaren),46.86279,137.76283,Cloudy,0.3
193,4,Norris (McLaren),45.83348,183.5963,Cloudy,0.3
193,5,Norris (McLaren),45.61668,229.21298,Cloudy,0.3
194,1,Hamilton (Mercedes),46.35493,46.35493,Cloudy,0.3
194,2,Hamilton (Mercedes),46.15301,92.50794,Cloudy,0.3
194,3,Hamilton (Mercedes),45.88104,138.38898,Cloudy,0.3
194,4,Hamilton (Mercedes),45.94178,184.33076,Cloudy,0.3
194,5,Hamilton (Mercedes),46.15014,230.4809,Cloudy,0.3
194,1,Verstappen (Red Bull),45.61316,45.61316,Cloudy,0.3
194,2,Verstappen (Red Bull),45.67703,91.29019,Cloudy,0.3
194,3,Verstappen (Red Bull),45.39575,136.68594,Cloudy,0.3
194,4,Verstappen (Red Bull),45.56205,182.24799,Cloudy,0.3
194,5,Verstappen (Red Bull),45.9415,228.18949,Cloudy,0.3
194,1,Norris (McLaren),45.91619,45.91619,Cloudy,0.3
194,2,Norris (McLaren),44.33858,90.25478,Cloudy,0.3
194,3,Norris (McLaren),45.30893,135.5637,Cloudy,0.3
194,4,Norris (McLaren),46.54369,182.10739,Cloudy,0.3
194,5,Norris (McLaren),46.21953,228.32692,Cloudy,0.3
195,1,Hamilton (Mercedes),45.533,45.533,Cloudy,0.3
195,2,Hamilton (Mercedes),45.89281,91.42581,Cloudy,0.3
195,3,Hamilton (Mercedes),45.45708,136.88289,Cloudy,0.3
195,4,Hamilton (Mercedes),45.7552,182.63809,Cloudy,0.3
195,5,Hamilton (Mercedes),45.65329,228.29138,Cloudy,0.3
195,1,Verstappen (Red Bull),46.06481,46.06481,Cloudy,0.3
195,2,Verstappen (Red Bull),44.6662,90.73101,Cloudy,0.3
195,3,Verstappen (Red Bull),45.48551,136.21652,Cloudy,0.3
195,4,Verstappen (Red Bull),45.1071,181.32362,Cloudy,0.3
195,5,Verstappen (Red Bull),45.24069,226.56431,Cloudy,0.3
195,1,Norris (McLaren),46.57684,46.57684,Cloudy,0.3
195,2,Norris (McLaren),45.29786,91.8747,Cloudy,0.3
195,3,Norris (McLaren),46.4218,138.2965,Cloudy,0.3
195,4,Norris (McLaren),44.87696,183.17347,Cloudy,0.3
195,5,Norris (McLaren),45.72243,228.8959,Cloudy,0.3
196,1,Hamilton (Mercedes),45.52518,45.52518,Cloudy,0.3
196,2,Hamilton (Mercedes),45.8803,91.40548,Cloudy,0.3
196,3,Hamilton (Mercedes),45.80719,137.21267,Cloudy,0.3
196,4,Hamilton (Mercedes),46.07745,183.29012,Cloudy,0.3
196,5,Hamilton (Mercedes),45.96875,229.25888,Cloudy,0.3
196,1,Verstappen (Red Bull),45.10419,45.10419,Cloudy,0.3
196,2,Verstappen (Red Bull),45.96988,91.07407,Cloudy,0.3
196,3,Verstappen (Red Bull),45.90686,136.98093,Cloudy,0.3
196,4,Verstappen (Red Bull),45.41949,182.40042,Cloudy,0.3
196,5,Verstappen (Red Bull),45.08209,227.48251,Cloudy,0.3
196,1,Norris (McLaren),46.38283,46.38283,Cloudy,0.3
196,2,Norris (McLaren),46.31169,92.69453,Cloudy,0.3
196,3,Norris (McLaren),46.11849,138.81301,Cloudy,0.3
196,4,Norris (McLaren),45.37598,184.18899,Cloudy,0.3
196,5,Norris (McLaren),46.54479,230.73378,Cloudy,0.3
197,1,Hamilton (Mercedes),45.08545,45.08545,Cloudy,0.3
197,2,Hamilton (Mercedes),46.93336,92.01881,Cloudy,0.3
197,3,Hamilton (Mercedes),47.60837,139.62718,Cloudy,0.3
197,4,Hamilton (Mercedes),47.18451,186.81169,Cloudy,0.3
197,5,Hamilton (Mercedes),46.26166,233.07335,Cloudy,0.3
197,1,Verstappen (Red Bull),45.67511,45.67511,Cloudy,0.3
197,2,Verstappen (Red Bull),45.71142,91.38653,Cloudy,0.3
197,3,Verstappen (Red Bull),45.16144,136.54798,Cloudy,0.3
197,4,Verstappen (Red Bull),45.43872,181.9867,Cloudy,0.3
197,5,Verstappen (Red Bull),44.61687,226.60357,Cloudy,0.3
197,1,Norris (McLaren),46.37443,46.37443,Cloudy,0.3
197,2,Norris (McLaren),45.61704,91.99147,Cloudy,0.3
197,3,Norris (McLaren),45.91244,137.90391,Cloudy,0.3
197,4,Norris (McLaren),46.96811,184.87202,Cloudy,0.3
197,5,Norris (McLaren),45.84939,230.72141,Cloudy,0.3
198,1,Hamilton (Mercedes),45.83818,45.83818,Cloudy,0.3
198,2,Hamilton (Mercedes),46.27731,92.11549,Cloudy,0.3
198,3,Hamilton (Mercedes),46.32699,138.44248,Cloudy,0.3
198,4,Hamilton (Mercedes),46.22273,184.66521,Cloudy,0.3
198,5,Hamilton (Mercedes),45.78252,230.44773,Cloudy,0.3
198,1,Verstappen (Red Bull),46.25033,46.25033,Cloudy,0.3
198,2,Verstappen (Red Bull),45.08973,91.34006,Cloudy,0.3
198,3,Verstappen (Red Bull),45.1086,136.44866,Cloudy,0.3
198,4,Verstappen (Red Bull),44.73613,181.18479,Cloudy,0.3
198,5,Verstappen (Red Bull),45.61372,226.7985,Cloudy,0.3
198,1,Norris (McLaren),46.15168,46.15168,Cloudy,0.3
198,2,Norris (McLaren),46.92409,93.07577,Cloudy,0.3
198,3,Norris (McLaren),44.91844,137.99421,Cloudy,0.3
198,4,Norris (McLaren),44.30719,182.3014,Cloudy,0.3
198,5,Norris (McLaren),45.38705,227.68844,Cloudy,0.3
199,1,Hamilton (Mercedes),45.60489,45.60489,Cloudy,0.3
199,2,Hamilton (Mercedes),46.24797,91.85286,Cloudy,0.3
199,3,Hamilton (Mercedes),45.98845,137.84131,Cloudy,0.3
199,4,Hamilton (Mercedes),46.74361,184.58492,Cloudy,0.3
199,5,Hamilton (Mercedes),45.35437,229.93929,Cloudy,0.3
199,1,Verstappen (Red Bull),46.25695,46.25695,Cloudy,0.3
199,2,Verstappen (Red Bull),45.93343,92.19039,Cloudy,0.3
199,3,Verstappen (Red Bull),45.71515,137.90554,Cloudy,0.3
199,4,Verstappen (Red Bull),46.41256,184.31809,Cloudy,0.3
199,5,Verstappen (Red Bull),46.13051,230.4486,Cloudy,0.3
199,1,Norris (McLaren),46.0689,46.0689,Cloudy,0.3
199,2,Norris (McLaren),46.07996,92.14886,Cloudy,0.3
199,3,Norris (McLaren),44.2703,136.41916,Cloudy,0.3
199,4,Norris (McLaren),45.70431,182.12347,Cloudy,0.3
199,5,Norris (McLaren),45.92391,228.04738,Cloudy,0.3
200,1,Hamilton (Mercedes),45.86674,45.86674,Cloudy,0.3
200,2,Hamilton (Mercedes),45.47042,91.33716,Cloudy,0.3
200,3,Hamilton (Mercedes),45.71641,137.05357,Cloudy,0.3
200,4,Hamilton (Mercedes),45.20156,182.25514,Cloudy,0.3
200,5,Hamilton (Mercedes),44.69149,226.94662,Cloudy,0.3
200,1,Verstappen (Red Bull),46.25408,46.25408,Cloudy,0.3
200,2,Verstappen (Red Bull),45.81351,92.06759,Cloudy,0.3
200,3,Verstappen (Red Bull),45.70187,137.76946,Cloudy,0.3
200,4,Verstappen (Red Bull),46.5771,184.34656,Cloudy,0.3
200,5,Verstappen (Red Bull),45.85273,230.19928,Cloudy,0.3
200,1,Norris (McLaren),46.61097,46.61097,Cloudy,0.3
200,2,Norris (McLaren),47.03428,93.64525,Cloudy,0.3
200,3,Norris (McLaren),46.03285,139.6781,Cloudy,0.3
200,4,Norris (McLaren),45.3258,185.0039,Cloudy,0.3
200,5,Norris (McLaren),46.11934,231.12324,Cloudy,0.3
