trial,lap,entrant,lap_time,cumulative_time,weather,wetness
1,1,Hamilton (Mercedes),45.50453,45.50453,Cloudy,0.3
1,2,Hamilton (Mercedes),45.77664,91.28116,Cloudy,0.3
1,3,Hamilton (Mercedes),44.35255,135.63371,Cloudy,0.3
1,4,Hamilton (Mercedes),44.33638,179.97009,Cloudy,0.3
1,5,Hamilton (Mercedes),45.64471,225.6148,Cloudy,0.3
1,1,Verstappen (Red Bull),46.12407,46.12407,Cloudy,0.3
1,2,Verstappen (Red Bull),43.65332,89.77739,Cloudy,0.3
1,3,Verstappen (Red Bull),44.36916,134.14654,Cloudy,0.3
1,4,Verstappen (Red Bull),44.91301,179.05955,Cloudy,0.3
1,5,Verstappen (Red Bull),44.47785,223.5374,Cloudy,0.3
1,1,Norris (McLaren),44.8393,44.8393,Cloudy,0.3
1,2,Norris (McLaren),44.76615,89.60545,Cloudy,0.3
1,3,Norris (McLaren),45.73188,135.33733,Cloudy,0.3
1,4,Norris (McLaren),45.07246,180.40979,Cloudy,0.3
1,5,Norris (McLaren),45.17783,225.58762,Cloudy,0.3
2,1,Hamilton (Mercedes),44.63361,44.63361,Cloudy,0.3
2,2,Hamilton (Mercedes),45.68081,90.31441,Cloudy,0.3
2,3,Hamilton (Mercedes),46.28004,136.59446,Cloudy,0.3
2,4,Hamilton (Mercedes),45.65619,182.25065,Cloudy,0.3
2,5,Hamilton (Mercedes),45.11511,227.36576,Cloudy,0.3
2,1,Verstappen (Red Bull),44.02665,44.02665,Cloudy,0.3
2,2,Verstappen (Red Bull),45.03004,89.0567,Cloudy,0.3
2,3,Verstappen (Red Bull),45.01318,134.06988,Cloudy,0.3
2,4,Verstappen (Red Bull),44.61038,178.68026,Cloudy,0.3
2,5,Verstappen (Red Bull),43.39886,222.07912,Cloudy,0.3
2,1,Norris (McLaren),44.4519,44.4519,Cloudy,0.3
2,2,Norris (McLaren),44.20922,88.66111,Cloudy,0.3
2,3,Norris (McLaren),44.36208,133.0232,Cloudy,0.3
2,4,Norris (McLaren),45.17485,178.19804,Cloudy,0.3
2,5,Norris (McLaren),44.24711,222.44515,Cloudy,0.3
3,1,Hamilton (Mercedes),45.14103,45.14103,Cloudy,0.3
3,2,Hamilton (Mercedes),46.01182,91.15285,Cloudy,0.3
3,3,Hamilton (Mercedes),44.83481,135.98766,Cloudy,0.3
3,4,Hamilton (Mercedes),45.23187,181.21954,Cloudy,0.3
3,5,Hamilton (Mercedes),45.62814,226.84767,Cloudy,0.3
3,1,Verstappen (Red Bull),44.35826,44.35826,Cloudy,0.3
3,2,Verstappen (Red Bull),43.84121,88.19946,Cloudy,0.3
3,3,Verstappen (Red Bull),44.87381,133.07327,Cloudy,0.3
3,4,Verstappen (Red Bull),45.23288,178.30615,Cloudy,0.3
3,5,Verstappen (Red Bull),43.70115,222.0073,Cloudy,0.3
3,1,Norris (McLaren),44.74642,44.74642,Cloudy,0.3
3,2,Norris (McLaren),44.62446,89.37088,Cloudy,0.3
3,3,Norris (McLaren),45.90618,135.27706,Cloudy,0.3
3,4,Norris (McLaren),43.82532,179.10239,Cloudy,0.3
3,5,Norris (McLaren),44.79251,223.8949,Cloudy,0.3
4,1,Hamilton (Mercedes),44.4264,44.4264,Cloudy,0.3
4,2,Hamilton (Mercedes),44.69584,89.12224,Cloudy,0.3
4,3,Hamilton (Mercedes),45.26516,134.3874,Cloudy,0.3
4,4,Hamilton (Mercedes),45.05599,179.44338,Cloudy,0.3
4,5,Hamilton (Mercedes),45.16832,224.6117,Cloudy,0.3
4,1,Verstappen (Red Bull),44.28151,44.28151,Cloudy,0.3
4,2,Verstappen (Red Bull),43.7898,88.07131,Cloudy,0.3
4,3,Verstappen (Red Bull),45.25186,133.32318,Cloudy,0.3
4,4,Verstappen (Red Bull),45.57667,178.89985,Cloudy,0.3
4,5,Verstappen (Red Bull),44.70013,223.59998,Cloudy,0.3
4,1,Norris (McLaren),44.71495,44.71495,Cloudy,0.3
4,2,Norris (McLaren),45.91919,90.63414,Cloudy,0.3
4,3,Norris (McLaren),45.33556,135.9697,Cloudy,0.3
4,4,Norris (McLaren),45.16132,181.13102,Cloudy,0.3
4,5,Norris (McLaren),45.6244,226.75542,Cloudy,0.3
5,1,Hamilton (Mercedes),44.75583,44.75583,Cloudy,0.3
5,2,Hamilton (Mercedes),44.78225,89.53808,Cloudy,0.3
5,3,Hamilton (Mercedes),45.31294,134.85103,Cloudy,0.3
5,4,Hamilton (Mercedes),44.62413,179.47516,Cloudy,0.3
5,5,Hamilton (Mercedes),45.27568,224.75084,Cloudy,0.3
5,1,Verstappen (Red Bull),44.85312,44.85312,Cloudy,0.3
5,2,Verstappen (Red Bull),45.05107,89.90419,Cloudy,0.3
5,3,Verstappen (Red Bull),45.01565,134.91984,Cloudy,0.3
5,4,Verstappen (Red Bull),43.90143,178.82127,Cloudy,0.3
5,5,Verstappen (Red Bull),44.63659,223.45785,Cloudy,0.3
5,1,Norris (McLaren),45.22026,45.22026,Cloudy,0.3
5,2,Norris (McLaren),45.70373,90.924,Cloudy,0.3
5,3,Norris (McLaren),45.68372,136.60772,Cloudy,0.3
5,4,Norris (McLaren),44.77987,181.38759,Cloudy,0.3
5,5,Norris (McLaren),44.83134,226.21892,Cloudy,0.3
6,1,Hamilton (Mercedes),44.59448,44.59448,Cloudy,0.3
6,2,Hamilton (Mercedes),44.99085,89.58534,Cloudy,0.3
6,3,Hamilton (Mercedes),44.80417,134.38951,Cloudy,0.3
6,4,Hamilton (Mercedes),44.51932,178.90883,Cloudy,0.3
6,5,Hamilton (Mercedes),45.08577,223.99459,Cloudy,0.3
6,1,Verstappen (Red Bull),45.30392,45.30392,Cloudy,0.3
6,2,Verstappen (Red Bull),45.62054,90.92446,Cloudy,0.3
6,3,Verstappen (Red Bull),44.89723,135.82169,Cloudy,0.3
6,4,Verstappen (Red Bull),44.65319,180.47488,Cloudy,0.3
6,5,Verstappen (Red Bull),44.9114,225.38628,Cloudy,0.3
6,1,Norris (McLaren),45.53677,45.53677,Cloudy,0.3
6,2,Norris (McLaren),45.35876,90.89553,Cloudy,0.3
6,3,Norris (McLaren),45.25738,136.15291,Cloudy,0.3
6,4,Norris (McLaren),44.82795,180.98086,Cloudy,0.3
6,5,Norris (McLaren),44.77703,225.75789,Cloudy,0.3
7,1,Hamilton (Mercedes),46.49977,46.49977,Cloudy,0.3
7,2,Hamilton (Mercedes),45.84557,92.34534,Cloudy,0.3
7,3,Hamilton (Mercedes),44.77294,137.11828,Cloudy,0.3
7,4,Hamilton (Mercedes),45.70421,182.82249,Cloudy,0.3
7,5,Hamilton (Mercedes),44.83326,227.65575,Cloudy,0.3
7,1,Verstappen (Red Bull),44.85936,44.85936,Cloudy,0.3
7,2,Verstappen (Red Bull),44.42676,89.28611,Cloudy,0.3
7,3,Verstappen (Red Bull),44.88041,134.16653,Cloudy,0.3
7,4,Verstappen (Red Bull),44.40618,178.57271,Cloudy,0.3
7,5,Verstappen (Red Bull),44.57386,223.14657,Cloudy,0.3
7,1,Norris (McLaren),45.33334,45.33334,Cloudy,0.3
7,2,Norris (McLaren),45.41739,90.75073,Cloudy,0.3
7,3,Norris (McLaren),43.7051,134.45583,Cloudy,0.3
7,4,Norris (McLaren),45.86869,180.32451,Cloudy,0.3
7,5,Norris (McLaren),43.48271,223.80722,Cloudy,0.3
8,1,Hamilton (Mercedes),44.44957,44.44957,Cloudy,0.3
8,2,Hamilton (Mercedes),44.98051,89.43008,Cloudy,0.3
8,3,Hamilton (Mercedes),45.56135,134.99143,Cloudy,0.3
8,4,Hamilton (Mercedes),45.23322,180.22465,Cloudy,0.3
8,5,Hamilton (Mercedes),44.98071,225.20536,Cloudy,0.3
8,1,Verstappen (Red Bull),45.32967,45.32967,Cloudy,0.3
8,2,Verstappen (Red Bull),44.77011,90.09978,Cloudy,0.3
8,3,Verstappen (Red Bull),44.71757,134.81735,Cloudy,0.3
8,4,Verstappen (Red Bull),45.21482,180.03218,Cloudy,0.3
8,5,Verstappen (Red Bull),44.33882,224.37099,Cloudy,0.3
8,1,Norris (McLaren),46.55722,46.55722,Cloudy,0.3
8,2,Norris (McLaren),45.91891,92.47612,Cloudy,0.3
8,3,Norris (McLaren),45.00539,137.48151,Cloudy,0.3
8,4,Norris (McLaren),45.05897,182.54048,Cloudy,0.3
8,5,Norris (McLaren),45.14298,227.68346,Cloudy,0.3
9,1,Hamilton (Mercedes),45.7133,45.7133,Cloudy,0.3
9,2,Hamilton (Mercedes),45.53549,91.24879,Cloudy,0.3
9,3,Hamilton (Mercedes),44.84941,136.0982,Cloudy,0.3
9,4,Hamilton (Mercedes),44.73094,180.82914,Cloudy,0.3
9,5,Hamilton (Mercedes),45.91924,226.74838,Cloudy,0.3
9,1,Verstappen (Red Bull),43.95593,43.95593,Cloudy,0.3
9,2,Verstappen (Red Bull),44.27707,88.233,Cloudy,0.3
9,3,Verstappen (Red Bull),45.4415,133.6745,Cloudy,0.3
9,4,Verstappen (Red Bull),43.9344,177.6089,Cloudy,0.3
9,5,Verstappen (Red Bull),45.08415,222.69304,Cloudy,0.3
9,1,Norris (McLaren),45.79774,45.79774,Cloudy,0.3
9,2,Norris (McLaren),46.75875,92.5565,Cloudy,0.3
9,3,Norris (McLaren),45.98392,138.54041,Cloudy,0.3
9,4,Norris (McLaren),45.18339,183.72381,Cloudy,0.3
9,5,Norris (McLaren),44.31308,228.03688,Cloudy,0.3
10,1,Hamilton (Mercedes),46.08803,46.08803,Cloudy,0.3
10,2,Hamilton (Mercedes),46.01711,92.10514,Cloudy,0.3
10,3,Hamilton (Mercedes),46.20357,138.30871,Cloudy,0.3
10,4,Hamilton (Mercedes),46.19156,184.50027,Cloudy,0.3
10,5,Hamilton (Mercedes),45.33607,229.83634,Cloudy,0.3
10,1,Verstappen (Red Bull),44.58629,44.58629,Cloudy,0.3
10,2,Verstappen (Red Bull),44.14383,88.73012,Cloudy,0.3
10,3,Verstappen (Red Bull),45.02591,133.75603,Cloudy,0.3
10,4,Verstappen (Red Bull),45.26181,179.01784,Cloudy,0.3
10,5,Verstappen (Red Bull),44.41412,223.43196,Cloudy,0.3
10,1,Norris (McLaren),45.20326,45.20326,Cloudy,0.3
10,2,Norris (McLaren),45.74369,90.94695,Cloudy,0.3
10,3,Norris (McLaren),46.15926,137.1062,Cloudy,0.3
10,4,Norris (McLaren),44.53243,181.63864,Cloudy,0.3
10,5,Norris (McLaren),44.88205,226.52069,Cloudy,0.3
11,1,Hamilton (Mercedes),44.7835,44.7835,Cloudy,0.3
11,2,Hamilton (Mercedes),44.78067,89.56416,Cloudy,0.3
11,3,Hamilton (Mercedes),45.78444,135.3486,Cloudy,0.3
11,4,Hamilton (Mercedes),45.85418,181.20278,Cloudy,0.3
11,5,Hamilton (Mercedes),45.09416,226.29694,Cloudy,0.3
11,1,Verstappen (Red Bull),44.64052,44.64052,Cloudy,0.3
11,2,Verstappen (Red Bull),44.42915,89.06966,Cloudy,0.3
11,3,Verstappen (Red Bull),45.82898,134.89864,Cloudy,0.3
11,4,Verstappen (Red Bull),44.42979,179.32843,Cloudy,0.3
11,5,Verstappen (Red Bull),44.58876,223.91719,Cloudy,0.3
11,1,Norris (McLaren),44.45588,44.45588,Cloudy,0.3
11,2,Norris (McLaren),45.51649,89.97237,Cloudy,0.3
11,3,Norris (McLaren),44.69724,134.66961,Cloudy,0.3
11,4,Norris (McLaren),43.74061,178.41022,Cloudy,0.3
11,5,Norris (McLaren),45.22796,223.63818,Cloudy,0.3
12,1,Hamilton (Mercedes),45.40488,45.40488,Cloudy,0.3
12,2,Hamilton (Mercedes),45.21794,90.62282,Cloudy,0.3
12,3,Hamilton (Mercedes),45.35706,135.97988,Cloudy,0.3
12,4,Hamilton (Mercedes),45.46201,181.44189,Cloudy,0.3
12,5,Hamilton (Mercedes),45.52776,226.96966,Cloudy,0.3
12,1,Verstappen (Red Bull),45.43797,45.43797,Cloudy,0.3
12,2,Verstappen (Red Bull),45.18778,90.62575,Cloudy,0.3
12,3,Verstappen (Red Bull),45.36987,135.99563,Cloudy,0.3
12,4,Verstappen (Red Bull),45.18243,181.17805,Cloudy,0.3
12,5,Verstappen (Red Bull),45.07562,226.25368,Cloudy,0.3
12,1,Norris (McLaren),44.969,44.969,Cloudy,0.3
12,2,Norris (McLaren),45.09911,90.06812,Cloudy,0.3
12,3,Norris (McLaren),44.14635,134.21447,Cloudy,0.3
12,4,Norris (McLaren),45.84994,180.06441,Cloudy,0.3
12,5,Norris (McLaren),46.51096,226.57537,Cloudy,0.3
13,1,Hamilton (Mercedes),45.27473,45.27473,Cloudy,0.3
13,2,Hamilton (Mercedes),44.79692,90.07165,Cloudy,0.3
13,3,Hamilton (Mercedes),45.51036,135.58201,Cloudy,0.3
13,4,Hamilton (Mercedes),45.15632,180.73833,Cloudy,0.3
13,5,Hamilton (Mercedes),45.83552,226.57385,Cloudy,0.3
13,1,Verstappen (Red Bull),43.85316,43.85316,Cloudy,0.3
13,2,Verstappen (Red Bull),45.69778,89.55095,Cloudy,0.3
13,3,Verstappen (Red Bull),45.59914,135.15009,Cloudy,0.3
13,4,Verstappen (Red Bull),45.03831,180.1884,Cloudy,0.3
13,5,Verstappen (Red Bull),43.57244,223.76085,Cloudy,0.3
13,1,Norris (McLaren),44.82845,44.82845,Cloudy,0.3
13,2,Norris (McLaren),46.14293,90.97138,Cloudy,0.3
13,3,Norris (McLaren),45.16523,136.13661,Cloudy,0.3
13,4,Norris (McLaren),44.4282,180.56481,Cloudy,0.3
13,5,Norris (McLaren),45.16071,225.72552,Cloudy,0.3
14,1,Hamilton (Mercedes),45.33818,45.33818,Cloudy,0.3
14,2,Hamilton (Mercedes),44.64386,89.98204,Cloudy,0.3
14,3,Hamilton (Mercedes),45.29037,135.27241,Cloudy,0.3
14,4,Hamilton (Mercedes),45.85325,181.12567,Cloudy,0.3
14,5,Hamilton (Mercedes),45.85327,226.97893,Cloudy,0.3
14,1,Verstappen (Red Bull),45.37673,45.37673,Cloudy,0.3
14,2,Verstappen (Red Bull),44.98059,90.35732,Cloudy,0.3
14,3,Verstappen (Red Bull),44.40287,134.76018,Cloudy,0.3
14,4,Verstappen (Red Bull),44.75184,179.51202,Cloudy,0.3
14,5,Verstappen (Red Bull),45.92389,225.43591,Cloudy,0.3
14,1,Norris (McLaren),45.48142,45.48142,Cloudy,0.3
14,2,Norris (McLaren),45.5932,91.07462,Cloudy,0.3
14,3,Norris (McLaren),44.32177,135.39639,Cloudy,0.3
14,4,Norris (McLaren),45.86642,181.26281,Cloudy,0.3
14,5,Norris (McLaren),45.20086,226.46367,Cloudy,0.3
15,1,Hamilton (Mercedes),46.20824,46.20824,Cloudy,0.3
15,2,Hamilton (Mercedes),45.10764,91.31588,Cloudy,0.3
15,3,Hamilton (Mercedes),45.26104,136.57691,Cloudy,0.3
15,4,Hamilton (Mercedes),45.17737,181.75428,Cloudy,0.3
15,5,Hamilton (Mercedes),44.9748,226.72908,Cloudy,0.3
15,1,Verstappen (Red Bull),44.58575,44.58575,Cloudy,0.3
15,2,Verstappen (Red Bull),44.85896,89.44472,Cloudy,0.3
15,3,Verstappen (Red Bull),44.76986,134.21458,Cloudy,0.3
15,4,Verstappen (Red Bull),44.97178,179.18636,Cloudy,0.3
15,5,Verstappen (Red Bull),45.90406,225.09042,Cloudy,0.3
15,1,Norris (McLaren),45.46778,45.46778,Cloudy,0.3
15,2,Norris (McLaren),45.44272,90.91049,Cloudy,0.3
15,3,Norris (McLaren),44.55938,135.46987,Cloudy,0.3
15,4,Norris (McLaren),46.36926,181.83913,Cloudy,0.3
15,5,Norris (McLaren),44.52134,226.36047,Cloudy,0.3
16,1,Hamilton (Mercedes),44.14018,44.14018,Cloudy,0.3
16,2,Hamilton (Mercedes),45.40049,89.54067,Cloudy,0.3
16,3,Hamilton (Mercedes),45.53358,135.07425,Cloudy,0.3
16,4,Hamilton (Mercedes),44.8134,179.88765,Cloudy,0.3
16,5,Hamilton (Mercedes),46.07929,225.96695,Cloudy,0.3
16,1,Verstappen (Red Bull),43.82463,43.82463,Cloudy,0.3
16,2,Verstappen (Red Bull),43.89271,87.71734,Cloudy,0.3
16,3,Verstappen (Red Bull),44.72374,132.44107,Cloudy,0.3
16,4,Verstappen (Red Bull),44.5534,176.99447,Cloudy,0.3
16,5,Verstappen (Red Bull),44.62771,221.62218,Cloudy,0.3
16,1,Norris (McLaren),45.47044,45.47044,Cloudy,0.3
16,2,Norris (McLaren),44.93598,90.40642,Cloudy,0.3
16,3,Norris (McLaren),46.05242,136.45884,Cloudy,0.3
16,4,Norris (McLaren),43.97309,180.43194,Cloudy,0.3
16,5,Norris (McLaren),45.44552,225.87746,Cloudy,0.3
17,1,Hamilton (Mercedes),46.48483,46.48483,Cloudy,0.3
17,2,Hamilton (Mercedes),45.43556,91.9204,Cloudy,0.3
17,3,Hamilton (Mercedes),45.78065,137.70104,Cloudy,0.3
17,4,Hamilton (Mercedes),46.07034,183.77139,Cloudy,0.3
17,5,Hamilton (Mercedes),45.40628,229.17767,Cloudy,0.3
17,1,Verstappen (Red Bull),44.6416,44.6416,Cloudy,0.3
17,2,Verstappen (Red Bull),43.32061,87.96221,Cloudy,0.3
17,3,Verstappen (Red Bull),44.37982,132.34203,Cloudy,0.3
17,4,Verstappen (Red Bull),45.4276,177.76963,Cloudy,0.3
17,5,Verstappen (Red Bull),44.80677,222.5764,Cloudy,0.3
17,1,Norris (McLaren),44.45212,44.45212,Cloudy,0.3
17,2,Norris (McLaren),45.35054,89.80266,Cloudy,0.3
17,3,Norris (McLaren),45.1954,134.99806,Cloudy,0.3
17,4,Norris (McLaren),45.45226,180.45031,Cloudy,0.3
17,5,Norris (McLaren),45.00039,225.4507,Cloudy,0.3
18,1,Hamilton (Mercedes),45.69173,45.69173,Cloudy,0.3
18,2,Hamilton (Mercedes),45.00387,90.69561,Cloudy,0.3
18,3,Hamilton (Mercedes),46.42895,137.12456,Cloudy,0.3
18,4,Hamilton (Mercedes),45.71281,182.83737,Cloudy,0.3
18,5,Hamilton (Mercedes),45.18754,228.02491,Cloudy,0.3
18,1,Verstappen (Red Bull),45.20735,45.20735,Cloudy,0.3
18,2,Verstappen (Red Bull),44.85204,90.05939,Cloudy,0.3
18,3,Verstappen (Red Bull),44.99143,135.05083,Cloudy,0.3
18,4,Verstappen (Red Bull),44.50578,179.5566,Cloudy,0.3
18,5,Verstappen (Red Bull),44.64802,224.20462,Cloudy,0.3
18,1,Norris (McLaren),44.79206,44.79206,Cloudy,0.3
18,2,Norris (McLaren),44.79886,89.59093,Cloudy,0.3
18,3,Norris (McLaren),45.38065,134.97157,Cloudy,0.3
18,4,Norris (McLaren),44.56028,179.53185,Cloudy,0.3
18,5,Norris (McLaren),44.61014,224.14199,Cloudy,0.3
19,1,Hamilton (Mercedes),45.41498,45.41498,Cloudy,0.3
19,2,Hamilton (Mercedes),44.67825,90.09324,Cloudy,0.3
19,3,Hamilton (Mercedes),45.22653,135.31977,Cloudy,0.3
19,4,Hamilton (Mercedes),45.38188,180.70165,Cloudy,0.3
19,5,Hamilton (Mercedes),45.39833,226.09998,Cloudy,0.3
19,1,Verstappen (Red Bull),44.64369,44.64369,Cloudy,0.3
19,2,Verstappen (Red Bull),43.12696,87.77066,Cloudy,0.3
19,3,Verstappen (Red Bull),44.78811,132.55877,Cloudy,0.3
19,4,Verstappen (Red Bull),44.90823,177.467,Cloudy,0.3
19,5,Verstappen (Red Bull),44.27293,221.73993,Cloudy,0.3
19,1,Norris (McLaren),45.52482,45.52482,Cloudy,0.3
19,2,Norris (McLaren),44.82332,90.34814,Cloudy,0.3
19,3,Norris (McLaren),44.27042,134.61856,Cloudy,0.3
19,4,Norris (McLaren),44.61078,179.22934,Cloudy,0.3
19,5,Norris (McLaren),44.94609,224.17543,Cloudy,0.3
20,1,Hamilton (Mercedes),44.88366,44.88366,Cloudy,0.3
20,2,Hamilton (Mercedes),44.93861,89.82227,Cloudy,0.3
20,3,Hamilton (Mercedes),45.60295,135.42521,Cloudy,0.3
20,4,Hamilton (Mercedes),46.08332,181.50853,Cloudy,0.3
20,5,Hamilton (Mercedes),44.88997,226.39851,Cloudy,0.3
20,1,Verstappen (Red Bull),44.26408,44.26408,Cloudy,0.3
20,2,Verstappen (Red Bull),45.58591,89.85,Cloudy,0.3
20,3,Verstappen (Red Bull),44.46781,134.31781,Cloudy,0.3
20,4,Verstappen (Red Bull),44.49482,178.81263,Cloudy,0.3
20,5,Verstappen (Red Bull),44.52504,223.33768,Cloudy,0.3
20,1,Norris (McLaren),45.04995,45.04995,Cloudy,0.3
20,2,Norris (McLaren),45.11373,90.16368,Cloudy,0.3
20,3,Norris (McLaren),45.3132,135.47688,Cloudy,0.3
20,4,Norris (McLaren),45.87213,181.34901,Cloudy,0.3
20,5,Norris (McLaren),45.50621,226.85522,Cloudy,0.3
21,1,Hamilton (Mercedes),45.80745,45.80745,Cloudy,0.3
21,2,Hamilton (Mercedes),44.4274,90.23485,Cloudy,0.3
21,3,Hamilton (Mercedes),45.56903,135.80387,Cloudy,0.3
21,4,Hamilton (Mercedes),46.59572,182.39959,Cloudy,0.3
21,5,Hamilton (Mercedes),44.90034,227.29993,Cloudy,0.3
21,1,Verstappen (Red Bull),45.51012,45.51012,Cloudy,0.3
21,2,Verstappen (Red Bull),44.2555,89.76562,Cloudy,0.3
21,3,Verstappen (Red Bull),44.42001,134.18563,Cloudy,0.3
21,4,Verstappen (Red Bull),44.34268,178.52831,Cloudy,0.3
21,5,Verstappen (Red Bull),43.69108,222.21939,Cloudy,0.3
21,1,Norris (McLaren),44.77725,44.77725,Cloudy,0.3
21,2,Norris (McLaren),44.28128,89.05853,Cloudy,0.3
21,3,Norris (McLaren),45.7755,134.83403,Cloudy,0.3
21,4,Norris (McLaren),44.18483,179.01887,Cloudy,0.3
21,5,Norris (McLaren),43.71299,222.73186,Cloudy,0.3
22,1,Hamilton (Mercedes),46.37515,46.37515,Cloudy,0.3
22,2,Hamilton (Mercedes),45.19334,91.56849,Cloudy,0.3
22,3,Hamilton (Mercedes),45.40523,136.97372,Cloudy,0.3
22,4,Hamilton (Mercedes),46.56603,183.53975,Cloudy,0.3
22,5,Hamilton (Mercedes),45.02823,228.56798,Cloudy,0.3
22,1,Verstappen (Red Bull),43.87401,43.87401,Cloudy,0.3
22,2,Verstappen (Red Bull),44.57297,88.44698,Cloudy,0.3
22,3,Verstappen (Red Bull),44.6926,133.13958,Cloudy,0.3
22,4,Verstappen (Red Bull),44.53808,177.67766,Cloudy,0.3
22,5,Verstappen (Red Bull),44.99793,222.67559,Cloudy,0.3
22,1,Norris (McLaren),44.12864,44.12864,Cloudy,0.3
22,2,Norris (McLaren),45.80859,89.93723,Cloudy,0.3
22,3,Norris (McLaren),44.8801,134.81733,Cloudy,0.3
22,4,Norris (McLaren),44.84489,179.66222,Cloudy,0.3
22,5,Norris (McLaren),46.1988,225.86102,Cloudy,0.3
23,1,Hamilton (Mercedes),44.29064,44.29064,Cloudy,0.3
23,2,Hamilton (Mercedes),44.96324,89.25388,Cloudy,0.3
23,3,Hamilton (Mercedes),46.10287,135.35675,Cloudy,0.3
23,4,Hamilton (Mercedes),45.53437,180.89112,Cloudy,0.3
23,5,Hamilton (Mercedes),45.60509,226.49621,Cloudy,0.3
23,1,Verstappen (Red Bull),44.58742,44.58742,Cloudy,0.3
23,2,Verstappen (Red Bull),45.32001,89.90743,Cloudy,0.3
23,3,Verstappen (Red Bull),45.12521,135.03264,Cloudy,0.3
23,4,Verstappen (Red Bull),44.32916,179.3618,Cloudy,0.3
23,5,Verstappen (Red Bull),44.13218,223.49398,Cloudy,0.3
23,1,Norris (McLaren),44.4387,44.4387,Cloudy,0.3
23,2,Norris (McLaren),44.93327,89.37197,Cloudy,0.3
23,3,Norris (McLaren),44.55001,133.92197,Cloudy,0.3
23,4,Norris (McLaren),43.07943,177.0014,Cloudy,0.3
23,5,Norris (McLaren),44.36466,221.36606,Cloudy,0.3
24,1,Hamilton (Mercedes),45.29708,45.29708,Cloudy,0.3
24,2,Hamilton (Mercedes),45.6469,90.94399,Cloudy,0.3
24,3,Hamilton (Mercedes),45.2533,136.19729,Cloudy,0.3
24,4,Hamilton (Mercedes),44.37201,180.5693,Cloudy,0.3
24,5,Hamilton (Mercedes),44.92516,225.49446,Cloudy,0.3
24,1,Verstappen (Red Bull),45.00875,45.00875,Cloudy,0.3
24,2,Verstappen (Red Bull),43.88433,88.89307,Cloudy,0.3
24,3,Verstappen (Red Bull),44.5234,133.41647,Cloudy,0.3
24,4,Verstappen (Red Bull),44.22488,177.64135,Cloudy,0.3
24,5,Verstappen (Red Bull),44.80732,222.44867,Cloudy,0.3
24,1,Norris (McLaren),45.04004,45.04004,Cloudy,0.3
24,2,Norris (McLaren),44.38641,89.42645,Cloudy,0.3
24,3,Norris (McLaren),45.3931,134.81954,Cloudy,0.3
24,4,Norris (McLaren),44.93594,179.75548,Cloudy,0.3
24,5,Norris (McLaren),44.49819,224.25368,Cloudy,0.3
25,1,Hamilton (Mercedes),45.50647,45.50647,Cloudy,0.3
25,2,Hamilton (Mercedes),45.8712,91.37767,Cloudy,0.3
25,3,Hamilton (Mercedes),44.88741,136.26508,Cloudy,0.3
25,4,Hamilton (Mercedes),44.82244,181.08752,Cloudy,0.3
25,5,Hamilton (Mercedes),45.74641,226.83393,Cloudy,0.3
25,1,Verstappen (Red Bull),44.33173,44.33173,Cloudy,0.3
25,2,Verstappen (Red Bull),44.99855,89.33028,Cloudy,0.3
25,3,Verstappen (Red Bull),45.54175,134.87202,Cloudy,0.3
25,4,Verstappen (Red Bull),44.6808,179.55282,Cloudy,0.3
25,5,Verstappen (Red Bull),44.85687,224.40969,Cloudy,0.3
25,1,Norris (McLaren),44.77966,44.77966,Cloudy,0.3
25,2,Norris (McLaren),45.24062,90.02028,Cloudy,0.3
25,3,Norris (McLaren),44.10407,134.12434,Cloudy,0.3
25,4,Norris (McLaren),43.91636,178.0407,Cloudy,0.3
25,5,Norris (McLaren),44.86305,222.90375,Cloudy,0.3
26,1,Hamilton (Mercedes),43.98044,43.98044,Cloudy,0.3
26,2,Hamilton (Mercedes),45.95227,89.93271,Cloudy,0.3
26,3,Hamilton (Mercedes),46.11477,136.04747,Cloudy,0.3
26,4,Hamilton (Mercedes),45.35205,181.39952,Cloudy,0.3
26,5,Hamilton (Mercedes),44.92272,226.32224,Cloudy,0.3
26,1,Verstappen (Red Bull),44.43915,44.43915,Cloudy,0.3
26,2,Verstappen (Red Bull),44.83341,89.27256,Cloudy,0.3
26,3,Verstappen (Red Bull),44.53028,133.80285,Cloudy,0.3
26,4,Verstappen (Red Bull),45.4077,179.21055,Cloudy,0.3
26,5,Verstappen (Red Bull),44.35508,223.56563,Cloudy,0.3
26,1,Norris (McLaren),45.48445,45.48445,Cloudy,0.3
26,2,Norris (McLaren),44.80025,90.2847,Cloudy,0.3
26,3,Norris (McLaren),44.05341,134.3381,Cloudy,0.3
26,4,Norris (McLaren),45.70923,180.04733,Cloudy,0.3
26,5,Norris (McLaren),45.63903,225.68636,Cloudy,0.3
27,1,Hamilton (Mercedes),45.34207,45.34207,Cloudy,0.3
27,2,Hamilton (Mercedes),45.18339,90.52546,Cloudy,0.3
27,3,Hamilton (Mercedes),45.31635,135.84181,Cloudy,0.3
27,4,Hamilton (Mercedes),45.20961,181.05142,Cloudy,0.3
27,5,Hamilton (Mercedes),44.84543,225.89685,Cloudy,0.3
27,1,Verstappen (Red Bull),45.01488,45.01488,Cloudy,0.3
27,2,Verstappen (Red Bull),44.99354,90.00842,Cloudy,0.3
27,3,Verstappen (Red Bull),44.80463,134.81305,Cloudy,0.3
27,4,Verstappen (Red Bull),44.56603,179.37908,Cloudy,0.3
27,5,Verstappen (Red Bull),44.39286,223.77195,Cloudy,0.3
27,1,Norris (McLaren),44.64469,44.64469,Cloudy,0.3
27,2,Norris (McLaren),44.99952,89.64421,Cloudy,0.3
27,3,Norris (McLaren),43.85674,133.50095,Cloudy,0.3
27,4,Norris (McLaren),43.98875,177.4897,Cloudy,0.3
27,5,Norris (McLaren),45.05896,222.54866,Cloudy,0.3
28,1,Hamilton (Mercedes),44.80641,44.80641,Cloudy,0.3
28,2,Hamilton (Mercedes),45.79854,90.60495,Cloudy,0.3
28,3,Hamilton (Mercedes),45.18832,135.79326,Cloudy,0.3
28,4,Hamilton (Mercedes),45.21881,181.01208,Cloudy,0.3
28,5,Hamilton (Mercedes),45.87057,226.88265,Cloudy,0.3
28,1,Verstappen (Red Bull),45.32406,45.32406,Cloudy,0.3
28,2,Verstappen (Red Bull),44.7252,90.04926,Cloudy,0.3
28,3,Verstappen (Red Bull),44.60037,134.64963,Cloudy,0.3
28,4,Verstappen (Red Bull),45.44927,180.0989,Cloudy,0.3
28,5,Verstappen (Red Bull),44.16317,224.26207,Cloudy,0.3
28,1,Norris (McLaren),44.17953,44.17953,Cloudy,0.3
28,2,Norris (McLaren),44.79164,88.97116,Cloudy,0.3
28,3,Norris (McLaren),44.06198,133.03314,Cloudy,0.3
28,4,Norris (McLaren),44.42551,177.45865,Cloudy,0.3
28,5,Norris (McLaren),45.43351,222.89216,Cloudy,0.3
29,1,Hamilton (Mercedes),45.93983,45.93983,Cloudy,0.3
29,2,Hamilton (Mercedes),45.24575,91.18558,Cloudy,0.3
29,3,Hamilton (Mercedes),45.35264,136.53822,Cloudy,0.3
29,4,Hamilton (Mercedes),44.81417,181.3524,Cloudy,0.3
29,5,Hamilton (Mercedes),45.851,227.2034,Cloudy,0.3
29,1,Verstappen (Red Bull),44.81619,44.81619,Cloudy,0.3
29,2,Verstappen (Red Bull),44.22153,89.03772,Cloudy,0.3
29,3,Verstappen (Red Bull),44.69999,133.73771,Cloudy,0.3
29,4,Verstappen (Red Bull),44.85926,178.59697,Cloudy,0.3
29,5,Verstappen (Red Bull),45.0959,223.69287,Cloudy,0.3
29,1,Norris (McLaren),46.06377,46.06377,Cloudy,0.3
29,2,Norris (McLaren),45.37577,91.43954,Cloudy,0.3
29,3,Norris (McLaren),43.81277,135.25231,Cloudy,0.3
29,4,Norris (McLaren),44.83126,180.08357,Cloudy,0.3
29,5,Norris (McLaren),45.79381,225.87738,Cloudy,0.3
30,1,Hamilton (Mercedes),44.64134,44.64134,Cloudy,0.3
30,2,Hamilton (Mercedes),45.63596,90.2773,Cloudy,0.3
30,3,Hamilton (Mercedes),44.20587,134.48316,Cloudy,0.3
30,4,Hamilton (Mercedes),46.1691,180.65226,Cloudy,0.3
30,5,Hamilton (Mercedes),44.80753,225.45979,Cloudy,0.3
30,1,Verstappen (Red Bull),45.18475,45.18475,Cloudy,0.3
30,2,Verstappen (Red Bull),44.46415,89.6489,Cloudy,0.3
30,3,Verstappen (Red Bull),45.95119,135.60009,Cloudy,0.3
30,4,Verstappen (Red Bull),44.75102,180.35111,Cloudy,0.3
30,5,Verstappen (Red Bull),45.19277,225.54388,Cloudy,0.3
30,1,Norris (McLaren),43.8238,43.8238,Cloudy,0.3
30,2,Norris (McLaren),45.02816,88.85196,Cloudy,0.3
30,3,Norris (McLaren),44.15739,133.00934,Cloudy,0.3
30,4,Norris (McLaren),43.48098,176.49032,Cloudy,0.3
30,5,Norris (McLaren),44.86926,221.35959,Cloudy,0.3
31,1,Hamilton (Mercedes),45.14152,45.14152,Cloudy,0.3
31,2,Hamilton (Mercedes),46.06866,91.21018,Cloudy,0.3
31,3,Hamilton (Mercedes),45.70356,136.91373,Cloudy,0.3
31,4,Hamilton (Mercedes),45.14879,182.06252,Cloudy,0.3
31,5,Hamilton (Mercedes),45.57384,227.63637,Cloudy,0.3
31,1,Verstappen (Red Bull),45.17607,45.17607,Cloudy,0.3
31,2,Verstappen (Red Bull),44.15915,89.33523,Cloudy,0.3
31,3,Verstappen (Red Bull),45.01289,134.34812,Cloudy,0.3
31,4,Verstappen (Red Bull),44.82019,179.1683,Cloudy,0.3
31,5,Verstappen (Red Bull),45.188,224.35631,Cloudy,0.3
31,1,Norris (McLaren),45.51386,45.51386,Cloudy,0.3
31,2,Norris (McLaren),45.66042,91.17428,Cloudy,0.3
31,3,Norris (McLaren),45.44838,136.62265,Cloudy,0.3
31,4,Norris (McLaren),45.54235,182.16501,Cloudy,0.3
31,5,Norris (McLaren),45.50072,227.66573,Cloudy,0.3
32,1,Hamilton (Mercedes),45.98849,45.98849,Cloudy,0.3
32,2,Hamilton (Mercedes),45.03648,91.02497,Cloudy,0.3
32,3,Hamilton (Mercedes),45.0532,136.07817,Cloudy,0.3
32,4,Hamilton (Mercedes),45.75656,181.83474,Cloudy,0.3
32,5,Hamilton (Mercedes),45.31625,227.15099,Cloudy,0.3
32,1,Verstappen (Red Bull),45.16754,45.16754,Cloudy,0.3
32,2,Verstappen (Red Bull),44.51748,89.68502,Cloudy,0.3
32,3,Verstappen (Red Bull),44.08943,133.77445,Cloudy,0.3
32,4,Verstappen (Red Bull),44.49762,178.27207,Cloudy,0.3
32,5,Verstappen (Red Bull),44.33167,222.60374,Cloudy,0.3
32,1,Norris (McLaren),44.75517,44.75517,Cloudy,0.3
32,2,Norris (McLaren),45.28991,90.04507,Cloudy,0.3
32,3,Norris (McLaren),44.12729,134.17236,Cloudy,0.3
32,4,Norris (McLaren),44.32232,178.49468,Cloudy,0.3
32,5,Norris (McLaren),44.75733,223.25201,Cloudy,0.3
33,1,Hamilton (Mercedes),45.20456,45.20456,Cloudy,0.3
33,2,Hamilton (Mercedes),45.85493,91.05949,Cloudy,0.3
33,3,Hamilton (Mercedes),45.23676,136.29625,Cloudy,0.3
33,4,Hamilton (Mercedes),44.47961,180.77586,Cloudy,0.3
33,5,Hamilton (Mercedes),46.18229,226.95815,Cloudy,0.3
33,1,Verstappen (Red Bull),44.74839,44.74839,Cloudy,0.3
33,2,Verstappen (Red Bull),45.27173,90.02011,Cloudy,0.3
33,3,Verstappen (Red Bull),44.75164,134.77176,Cloudy,0.3
33,4,Verstappen (Red Bull),44.4581,179.22986,Cloudy,0.3
33,5,Verstappen (Red Bull),46.65178,225.88164,Cloudy,0.3
33,1,Norris (McLaren),44.246,44.246,Cloudy,0.3
33,2,Norris (McLaren),45.45197,89.69796,Cloudy,0.3
33,3,Norris (McLaren),45.28751,134.98548,Cloudy,0.3
33,4,Norris (McLaren),44.78953,179.77501,Cloudy,0.3
33,5,Norris (McLaren),45.60852,225.38353,Cloudy,0.3
34,1,Hamilton (Mercedes),45.72728,45.72728,Cloudy,0.3
34,2,Hamilton (Mercedes),45.37709,91.10437,Cloudy,0.3
34,3,Hamilton (Mercedes),45.50031,136.60468,Cloudy,0.3
34,4,Hamilton (Mercedes),45.15932,181.76399,Cloudy,0.3
34,5,Hamilton (Mercedes),44.6597,226.42369,Cloudy,0.3
34,1,Verstappen (Red Bull),44.01615,44.01615,Cloudy,0.3
34,2,Verstappen (Red Bull),44.99997,89.01612,Cloudy,0.3
34,3,Verstappen (Red Bull),44.58675,133.60287,Cloudy,0.3
34,4,Verstappen (Red Bull),45.3013,178.90417,Cloudy,0.3
34,5,Verstappen (Red Bull),44.37038,223.27454,Cloudy,0.3
34,1,Norris (McLaren),45.89188,45.89188,Cloudy,0.3
34,2,Norris (McLaren),44.18262,90.0745,Cloudy,0.3
34,3,Norris (McLaren),45.27937,135.35387,Cloudy,0.3
34,4,Norris (McLaren),44.2059,179.55977,Cloudy,0.3
34,5,Norris (McLaren),44.77991,224.33968,Cloudy,0.3
35,1,Hamilton (Mercedes),46.21324,46.21324,Cloudy,0.3
35,2,Hamilton (Mercedes),45.58072,91.79395,Cloudy,0.3
35,3,Hamilton (Mercedes),45.48926,137.28321,Cloudy,0.3
35,4,Hamilton (Mercedes),45.20799,182.4912,Cloudy,0.3
35,5,Hamilton (Mercedes),45.28573,227.77694,Cloudy,0.3
35,1,Verstappen (Red Bull),44.05479,44.05479,Cloudy,0.3
35,2,Verstappen (Red Bull),44.77103,88.82582,Cloudy,0.3
35,3,Verstappen (Red Bull),44.67689,133.50271,Cloudy,0.3
35,4,Verstappen (Red Bull),45.45715,178.95986,Cloudy,0.3
35,5,Verstappen (Red Bull),44.9287,223.88856,Cloudy,0.3
35,1,Norris (McLaren),44.74517,44.74517,Cloudy,0.3
35,2,Norris (McLaren),44.94103,89.6862,Cloudy,0.3
35,3,Norris (McLaren),45.09917,134.78537,Cloudy,0.3
35,4,Norris (McLaren),44.7427,179.52807,Cloudy,0.3
35,5,Norris (McLaren),45.9977,225.52577,Cloudy,0.3
36,1,Hamilton (Mercedes),44.72073,44.72073,Cloudy,0.3
36,2,Hamilton (Mercedes),45.14524,89.86597,Cloudy,0.3
36,3,Hamilton (Mercedes),44.27773,134.14371,Cloudy,0.3
36,4,Hamilton (Mercedes),45.12721,179.27092,Cloudy,0.3
36,5,Hamilton (Mercedes),46.0299,225.30082,Cloudy,0.3
36,1,Verstappen (Red Bull),45.69374,45.69374,Cloudy,0.3
36,2,Verstappen (Red Bull),44.90605,90.59979,Cloudy,0.3
36,3,Verstappen (Red Bull),44.85109,135.45088,Cloudy,0.3
36,4,Verstappen (Red Bull),44.93887,180.38975,Cloudy,0.3
36,5,Verstappen (Red Bull),44.7898,225.17955,Cloudy,0.3
36,1,Norris (McLaren),44.80681,44.80681,Cloudy,0.3
36,2,Norris (McLaren),43.9739,88.78071,Cloudy,0.3
36,3,Norris (McLaren),43.69455,132.47526,Cloudy,0.3
36,4,Norris (McLaren),44.21648,176.69174,Cloudy,0.3
36,5,Norris (McLaren),44.83253,221.52427,Cloudy,0.3
37,1,Hamilton (Mercedes),45.37654,45.37654,Cloudy,0.3
37,2,Hamilton (Mercedes),44.43682,89.81336,Cloudy,0.3
37,3,Hamilton (Mercedes),45.14363,134.95699,Cloudy,0.3
37,4,Hamilton (Mercedes),45.31861,180.27559,Cloudy,0.3
37,5,Hamilton (Mercedes),46.17912,226.45472,Cloudy,0.3
37,1,Verstappen (Red Bull),44.69002,44.69002,Cloudy,0.3
37,2,Verstappen (Red Bull),43.96031,88.65032,Cloudy,0.3
37,3,Verstappen (Red Bull),44.89081,133.54114,Cloudy,0.3
37,4,Verstappen (Red Bull),44.774,178.31513,Cloudy,0.3
37,5,Verstappen (Red Bull),45.18127,223.4964,Cloudy,0.3
37,1,Norris (McLaren),45.71358,45.71358,Cloudy,0.3
37,2,Norris (McLaren),45.21414,90.92772,Cloudy,0.3
37,3,Norris (McLaren),44.75889,135.68662,Cloudy,0.3
37,4,Norris (McLaren),44.92122,180.60784,Cloudy,0.3
37,5,Norris (McLaren),45.31638,225.92423,Cloudy,0.3
38,1,Hamilton (Mercedes),45.8063,45.8063,Cloudy,0.3
38,2,Hamilton (Mercedes),46.29411,92.10042,Cloudy,0.3
38,3,Hamilton (Mercedes),45.32025,137.42067,Cloudy,0.3
38,4,Hamilton (Mercedes),45.93393,183.3546,Cloudy,0.3
38,5,Hamilton (Mercedes),46.30925,229.66384,Cloudy,0.3
38,1,Verstappen (Red Bull),44.34331,44.34331,Cloudy,0.3
38,2,Verstappen (Red Bull),44.57243,88.91573,Cloudy,0.3
38,3,Verstappen (Red Bull),45.48258,134.39832,Cloudy,0.3
38,4,Verstappen (Red Bull),45.1168,179.51512,Cloudy,0.3
38,5,Verstappen (Red Bull),45.24326,224.75838,Cloudy,0.3
38,1,Norris (McLaren),45.27045,45.27045,Cloudy,0.3
38,2,Norris (McLaren),46.3291,91.59955,Cloudy,0.3
38,3,Norris (McLaren),45.03087,136.63042,Cloudy,0.3
38,4,Norris (McLaren),44.82356,181.45398,Cloudy,0.3
38,5,Norris (McLaren),44.17353,225.62751,Cloudy,0.3
39,1,Hamilton (Mercedes),44.66814,44.66814,Cloudy,0.3
39,2,Hamilton (Mercedes),44.71756,89.38569,Cloudy,0.3
39,3,Hamilton (Mercedes),45.4923,134.87799,Cloudy,0.3
39,4,Hamilton (Mercedes),45.14761,180.0256,Cloudy,0.3
39,5,Hamilton (Mercedes),46.47817,226.50377,Cloudy,0.3
39,1,Verstappen (Red Bull),43.85065,43.85065,Cloudy,0.3
39,2,Verstappen (Red Bull),44.34473,88.19538,Cloudy,0.3
39,3,Verstappen (Red Bull),44.52896,132.72434,Cloudy,0.3
39,4,Verstappen (Red Bull),45.25974,177.98408,Cloudy,0.3
39,5,Verstappen (Red Bull),44.94164,222.92573,Cloudy,0.3
39,1,Norris (McLaren),46.04816,46.04816,Cloudy,0.3
39,2,Norris (McLaren),45.27717,91.32532,Cloudy,0.3
39,3,Norris (McLaren),44.13371,135.45903,Cloudy,0.3
39,4,Norris (McLaren),44.42779,179.88682,Cloudy,0.3
39,5,Norris (McLaren),45.45292,225.33975,Cloudy,0.3
40,1,Hamilton (Mercedes),44.97755,44.97755,Cloudy,0.3
40,2,Hamilton (Mercedes),45.3181,90.29566,Cloudy,0.3
40,3,Hamilton (Mercedes),44.43985,134.73551,Cloudy,0.3
40,4,Hamilton (Mercedes),45.13866,179.87417,Cloudy,0.3
40,5,Hamilton (Mercedes),45.24935,225.12352,Cloudy,0.3
40,1,Verstappen (Red Bull),45.24088,45.24088,Cloudy,0.3
40,2,Verstappen (Red Bull),44.24942,89.4903,Cloudy,0.3
40,3,Verstappen (Red Bull),43.71614,133.20644,Cloudy,0.3
40,4,Verstappen (Red Bull),45.01392,178.22037,Cloudy,0.3
40,5,Verstappen (Red Bull),44.88595,223.10632,Cloudy,0.3
40,1,Norris (McLaren),45.16781,45.16781,Cloudy,0.3
40,2,Norris (McLaren),44.50016,89.66797,Cloudy,0.3
40,3,Norris (McLaren),44.11578,133.78376,Cloudy,0.3
40,4,Norris (McLaren),44.19171,177.97546,Cloudy,0.3
40,5,Norris (McLaren),44.88681,222.86227,Cloudy,0.3
41,1,Hamilton (Mercedes),45.45514,45.45514,Cloudy,0.3
41,2,Hamilton (Mercedes),44.32721,89.78235,Cloudy,0.3
41,3,Hamilton (Mercedes),44.79856,134.58091,Cloudy,0.3
41,4,Hamilton (Mercedes),44.62022,179.20113,Cloudy,0.3
41,5,Hamilton (Mercedes),44.99687,224.19799,Cloudy,0.3
41,1,Verstappen (Red Bull),44.75816,44.75816,Cloudy,0.3
41,2,Verstappen (Red Bull),44.83029,89.58845,Cloudy,0.3
41,3,Verstappen (Red Bull),44.61173,134.20018,Cloudy,0.3
41,4,Verstappen (Red Bull),45.13123,179.33141,Cloudy,0.3
41,5,Verstappen (Red Bull),45.4068,224.73821,Cloudy,0.3
41,1,Norris (McLaren),44.08759,44.08759,Cloudy,0.3
41,2,Norris (McLaren),46.10524,90.19284,Cloudy,0.3
41,3,Norris (McLaren),44.80108,134.99392,Cloudy,0.3
41,4,Norris (McLaren),45.80173,180.79565,Cloudy,0.3
41,5,Norris (McLaren),45.53959,226.33524,Cloudy,0.3
42,1,Hamilton (Mercedes),46.27395,46.27395,Cloudy,0.3
42,2,Hamilton (Mercedes),44.7726,91.04655,Cloudy,0.3
42,3,Hamilton (Mercedes),45.9715,137.01805,Cloudy,0.3
42,4,Hamilton (Mercedes),45.26565,182.2837,Cloudy,0.3
42,5,Hamilton (Mercedes),44.73519,227.01888,Cloudy,0.3
42,1,Verstappen (Red Bull),45.85482,45.85482,Cloudy,0.3
42,2,Verstappen (Red Bull),45.72625,91.58106,Cloudy,0.3
42,3,Verstappen (Red Bull),45.78839,137.36946,Cloudy,0.3
42,4,Verstappen (Red Bull),45.01297,182.38243,Cloudy,0.3
42,5,Verstappen (Red Bull),45.09947,227.4819,Cloudy,0.3
42,1,Norris (McLaren),45.6526,45.6526,Cloudy,0.3
42,2,Norris (McLaren),44.3748,90.02739,Cloudy,0.3
42,3,Norris (McLaren),45.29489,135.32228,Cloudy,0.3
42,4,Norris (McLaren),44.18044,179.50272,Cloudy,0.3
42,5,Norris (McLaren),44.50464,224.00736,Cloudy,0.3
43,1,Hamilton (Mercedes),45.23163,45.23163,Cloudy,0.3
43,2,Hamilton (Mercedes),45.14033,90.37197,Cloudy,0.3
43,3,Hamilton (Mercedes),45.07916,135.45113,Cloudy,0.3
43,4,Hamilton (Mercedes),45.5702,181.02133,Cloudy,0.3
43,5,Hamilton (Mercedes),45.97291,226.99424,Cloudy,0.3
43,1,Verstappen (Red Bull),44.63869,44.63869,Cloudy,0.3
43,2,Verstappen (Red Bull),45.15793,89.79662,Cloudy,0.3
43,3,Verstappen (Red Bull),44.75237,134.54899,Cloudy,0.3
43,4,Verstappen (Red Bull),44.51038,179.05937,Cloudy,0.3
43,5,Verstappen (Red Bull),44.15823,223.2176,Cloudy,0.3
43,1,Norris (McLaren),44.83514,44.83514,Cloudy,0.3
43,2,Norris (McLaren),45.4372,90.27234,Cloudy,0.3
43,3,Norris (McLaren),43.91451,134.18685,Cloudy,0.3
43,4,Norris (McLaren),44.1749,178.36175,Cloudy,0.3
43,5,Norris (McLaren),44.22609,222.58784,Cloudy,0.3
44,1,Hamilton (Mercedes),45.34379,45.34379,Cloudy,0.3
44,2,Hamilton (Mercedes),45.70914,91.05293,Cloudy,0.3
44,3,Hamilton (Mercedes),45.17881,136.23174,Cloudy,0.3
44,4,Hamilton (Mercedes),44.65205,180.88379,Cloudy,0.3
44,5,Hamilton (Mercedes),46.20414,227.08793,Cloudy,0.3
44,1,Verstappen (Red Bull),44.91034,44.91034,Cloudy,0.3
44,2,Verstappen (Red Bull),44.85009,89.76043,Cloudy,0.3
44,3,Verstappen (Red Bull),44.44643,134.20686,Cloudy,0.3
44,4,Verstappen (Red Bull),44.23235,178.43921,Cloudy,0.3
44,5,Verstappen (Red Bull),45.3778,223.81701,Cloudy,0.3
44,1,Norris (McLaren),44.55837,44.55837,Cloudy,0.3
44,2,Norris (McLaren),44.87155,89.42992,Cloudy,0.3
44,3,Norris (McLaren),46.03743,135.46735,Cloudy,0.3
44,4,Norris (McLaren),44.14699,179.61434,Cloudy,0.3
44,5,Norris (McLaren),45.37575,224.99009,Cloudy,0.3
45,1,Hamilton (Mercedes),45.38177,45.38177,Cloudy,0.3
45,2,Hamilton (Mercedes),45.50238,90.88414,Cloudy,0.3
45,3,Hamilton (Mercedes),46.18774,137.07189,Cloudy,0.3
45,4,Hamilton (Mercedes),44.76541,181.8373,Cloudy,0.3
45,5,Hamilton (Mercedes),45.46737,227.30466,Cloudy,0.3
45,1,Verstappen (Red Bull),44.99083,44.99083,Cloudy,0.3
45,2,Verstappen (Red Bull),45.18809,90.17891,Cloudy,0.3
45,3,Verstappen (Red Bull),44.00749,134.1864,Cloudy,0.3
45,4,Verstappen (Red Bull),43.75316,177.93956,Cloudy,0.3
45,5,Verstappen (Red Bull),45.11898,223.05854,Cloudy,0.3
45,1,Norris (McLaren),45.56791,45.56791,Cloudy,0.3
45,2,Norris (McLaren),43.88946,89.45736,Cloudy,0.3
45,3,Norris (McLaren),46.11246,135.56982,Cloudy,0.3
45,4,Norris (McLaren),44.4098,179.97962,Cloudy,0.3
45,5,Norris (McLaren),46.0227,226.00231,Cloudy,0.3
46,1,Hamilton (Mercedes),45.32814,45.32814,Cloudy,0.3
46,2,Hamilton (Mercedes),46.26069,91.58884,Cloudy,0.3
46,3,Hamilton (Mercedes),45.95337,137.54221,Cloudy,0.3
46,4,Hamilton (Mercedes),45.64456,183.18677,Cloudy,0.3
46,5,Hamilton (Mercedes),44.66355,227.85032,Cloudy,0.3
46,1,Verstappen (Red Bull),43.99487,43.99487,Cloudy,0.3
46,2,Verstappen (Red Bull),45.1025,89.09737,Cloudy,0.3
46,3,Verstappen (Red Bull),44.53228,133.62965,Cloudy,0.3
46,4,Verstappen (Red Bull),45.59005,179.2197,Cloudy,0.3
46,5,Verstappen (Red Bull),44.92741,224.1471,Cloudy,0.3
46,1,Norris (McLaren),45.00308,45.00308,Cloudy,0.3
46,2,Norris (McLaren),44.09466,89.09774,Cloudy,0.3
46,3,Norris (McLaren),45.8328,134.93055,Cloudy,0.3
46,4,Norris (McLaren),45.31888,180.24943,Cloudy,0.3
46,5,Norris (McLaren),45.62216,225.87158,Cloudy,0.3
47,1,Hamilton (Mercedes),45.60386,45.60386,Cloudy,0.3
47,2,Hamilton (Mercedes),44.68204,90.28591,Cloudy,0.3
47,3,Hamilton (Mercedes),45.27591,135.56181,Cloudy,0.3
47,4,Hamilton (Mercedes),45.85876,181.42057,Cloudy,0.3
47,5,Hamilton (Mercedes),44.89689,226.31746,Cloudy,0.3
47,1,Verstappen (Red Bull),45.27533,45.27533,Cloudy,0.3
47,2,Verstappen (Red Bull),45.19594,90.47127,Cloudy,0.3
47,3,Verstappen (Red Bull),44.75841,135.22968,Cloudy,0.3
47,4,Verstappen (Red Bull),44.26077,179.49045,Cloudy,0.3
47,5,Verstappen (Red Bull),45.8254,225.31585,Cloudy,0.3
47,1,Norris (McLaren),44.06851,44.06851,Cloudy,0.3
47,2,Norris (McLaren),45.12508,89.19359,Cloudy,0.3
47,3,Norris (McLaren),45.25946,134.45305,Cloudy,0.3
47,4,Norris (McLaren),44.81572,179.26877,Cloudy,0.3
47,5,Norris (McLaren),45.21417,224.48294,Cloudy,0.3
48,1,Hamilton (Mercedes),45.58461,45.58461,Cloudy,0.3
48,2,Hamilton (Mercedes),45.4038,90.98841,Cloudy,0.3
48,3,Hamilton (Mercedes),45.49116,136.47957,Cloudy,0.3
48,4,Hamilton (Mercedes),45.41794,181.89751,Cloudy,0.3
48,5,Hamilton (Mercedes),46.50722,228.40474,Cloudy,0.3
48,1,Verstappen (Red Bull),45.45939,45.45939,Cloudy,0.3
48,2,Verstappen (Red Bull),44.27718,89.73658,Cloudy,0.3
48,3,Verstappen (Red Bull),43.86138,133.59796,Cloudy,0.3
48,4,Verstappen (Red Bull),44.68629,178.28425,Cloudy,0.3
48,5,Verstappen (Red Bull),45.21252,223.49677,Cloudy,0.3
48,1,Norris (McLaren),44.89668,44.89668,Cloudy,0.3
48,2,Norris (McLaren),45.00486,89.90154,Cloudy,0.3
48,3,Norris (McLaren),44.6954,134.59694,Cloudy,0.3
48,4,Norris (McLaren),44.43686,179.0338,Cloudy,0.3
48,5,Norris (McLaren),45.6143,224.6481,Cloudy,0.3
49,1,Hamilton (Mercedes),45.06412,45.06412,Cloudy,0.3
49,2,Hamilton (Mercedes),45.05656,90.12068,Cloudy,0.3
49,3,Hamilton (Mercedes),45.04347,135.16415,Cloudy,0.3
49,4,Hamilton (Mercedes),45.48953,180.65368,Cloudy,0.3
49,5,Hamilton (Mercedes),44.69193,225.3456,Cloudy,0.3
49,1,Verstappen (Red Bull),45.54089,45.54089,Cloudy,0.3
49,2,Verstappen (Red Bull),44.80827,90.34916,Cloudy,0.3
49,3,Verstappen (Red Bull),45.27228,135.62144,Cloudy,0.3
49,4,Verstappen (Red Bull),44.48742,180.10886,Cloudy,0.3
49,5,Verstappen (Red Bull),44.56165,224.67052,Cloudy,0.3
49,1,Norris (McLaren),45.49319,45.49319,Cloudy,0.3
49,2,Norris (McLaren),44.63976,90.13295,Cloudy,0.3
49,3,Norris (McLaren),44.85848,134.99143,Cloudy,0.3
49,4,Norris (McLaren),45.61557,180.607,Cloudy,0.3
49,5,Norris (McLaren),44.33433,224.94133,Cloudy,0.3
50,1,Hamilton (Mercedes),45.48567,45.48567,Cloudy,0.3
50,2,Hamilton (Mercedes),44.85988,90.34555,Cloudy,0.3
50,3,Hamilton (Mercedes),45.63051,135.97606,Cloudy,0.3
50,4,Hamilton (Mercedes),45.38562,181.36168,Cloudy,0.3
50,5,Hamilton (Mercedes),45.50307,226.86476,Cloudy,0.3
50,1,Verstappen (Red Bull),45.47503,45.47503,Cloudy,0.3
50,2,Verstappen (Red Bull),43.98662,89.46165,Cloudy,0.3
50,3,Verstappen (Red Bull),44.75218,134.21382,Cloudy,0.3
50,4,Verstappen (Red Bull),44.13692,178.35075,Cloudy,0.3
50,5,Verstappen (Red Bull),45.06195,223.4127,Cloudy,0.3
50,1,Norris (McLaren),44.9658,44.9658,Cloudy,0.3
50,2,Norris (McLaren),46.52844,91.49425,Cloudy,0.3
50,3,Norris (McLaren),45.54295,137.0372,Cloudy,0.3
50,4,Norris (McLaren),44.22786,181.26506,Cloudy,0.3
50,5,Norris (McLaren),44.82112,226.08617,Cloudy,0.3
51,1,Hamilton (Mercedes),44.47184,44.47184,Cloudy,0.3
51,2,Hamilton (Mercedes),45.23043,89.70227,Cloudy,0.3
51,3,Hamilton (Mercedes),44.86023,134.56249,Cloudy,0.3
51,4,Hamilton (Mercedes),44.56563,179.12812,Cloudy,0.3
51,5,Hamilton (Mercedes),44.37827,223.5064,Cloudy,0.3
51,1,Verstappen (Red Bull),44.6928,44.6928,Cloudy,0.3
51,2,Verstappen (Red Bull),44.23419,88.92699,Cloudy,0.3
51,3,Verstappen (Red Bull),43.87881,132.8058,Cloudy,0.3
51,4,Verstappen (Red Bull),44.82138,177.62719,Cloudy,0.3
51,5,Verstappen (Red Bull),44.48964,222.11682,Cloudy,0.3
51,1,Norris (McLaren),44.09143,44.09143,Cloudy,0.3
51,2,Norris (McLaren),45.39471,89.48614,Cloudy,0.3
51,3,Norris (McLaren),44.88633,134.37246,Cloudy,0.3
51,4,Norris (McLaren),44.32758,178.70005,Cloudy,0.3
51,5,Norris (McLaren),43.86617,222.56622,Cloudy,0.3
52,1,Hamilton (Mercedes),44.7027,44.7027,Cloudy,0.3
52,2,Hamilton (Mercedes),45.39615,90.09885,Cloudy,0.3
52,3,Hamilton (Mercedes),45.73478,135.83363,Cloudy,0.3
52,4,Hamilton (Mercedes),45.2182,181.05183,Cloudy,0.3
52,5,Hamilton (Mercedes),45.60427,226.6561,Cloudy,0.3
52,1,Verstappen (Red Bull),44.17757,44.17757,Cloudy,0.3
52,2,Verstappen (Red Bull),44.34925,88.52682,Cloudy,0.3
52,3,Verstappen (Red Bull),45.45661,133.98343,Cloudy,0.3
52,4,Verstappen (Red Bull),44.71858,178.70201,Cloudy,0.3
52,5,Verstappen (Red Bull),44.7979,223.49991,Cloudy,0.3
52,1,Norris (McLaren),45.36697,45.36697,Cloudy,0.3
52,2,Norris (McLaren),44.73738,90.10435,Cloudy,0.3
52,3,Norris (McLaren),44.83227,134.93663,Cloudy,0.3
52,4,Norris (McLaren),45.56002,180.49665,Cloudy,0.3
52,5,Norris (McLaren),45.61323,226.10987,Cloudy,0.3
53,1,Hamilton (Mercedes),45.48655,45.48655,Cloudy,0.3
53,2,Hamilton (Mercedes),44.90595,90.3925,Cloudy,0.3
53,3,Hamilton (Mercedes),45.29532,135.68782,Cloudy,0.3
53,4,Hamilton (Mercedes),45.49038,181.17819,Cloudy,0.3
53,5,Hamilton (Mercedes),46.25618,227.43437,Cloudy,0.3
53,1,Verstappen (Red Bull),44.556,44.556,Cloudy,0.3
53,2,Verstappen (Red Bull),44.55978,89.11579,Cloudy,0.3
53,3,Verstappen (Red Bull),44.74025,133.85604,Cloudy,0.3
53,4,Verstappen (Red Bull),45.49309,179.34913,Cloudy,0.3
53,5,Verstappen (Red Bull),44.53265,223.88177,Cloudy,0.3
53,1,Norris (McLaren),44.788,44.788,Cloudy,0.3
53,2,Norris (McLaren),44.07151,88.85951,Cloudy,0.3
53,3,Norris (McLaren),44.39116,133.25066,Cloudy,0.3
53,4,Norris (McLaren),44.80379,178.05446,Cloudy,0.3
53,5,Norris (McLaren),45.07309,223.12755,Cloudy,0.3
54,1,Hamilton (Mercedes),45.08729,45.08729,Cloudy,0.3
54,2,Hamilton (Mercedes),45.21927,90.30656,Cloudy,0.3
54,3,Hamilton (Mercedes),45.99988,136.30644,Cloudy,0.3
54,4,Hamilton (Mercedes),44.70596,181.0124,Cloudy,0.3
54,5,Hamilton (Mercedes),45.48133,226.49373,Cloudy,0.3
54,1,Verstappen (Red Bull),44.53202,44.53202,Cloudy,0.3
54,2,Verstappen (Red Bull),44.67195,89.20397,Cloudy,0.3
54,3,Verstappen (Red Bull),44.80249,134.00646,Cloudy,0.3
54,4,Verstappen (Red Bull),44.82329,178.82976,Cloudy,0.3
54,5,Verstappen (Red Bull),44.37525,223.20501,Cloudy,0.3
54,1,Norris (McLaren),44.20473,44.20473,Cloudy,0.3
54,2,Norris (McLaren),45.49149,89.69622,Cloudy,0.3
54,3,Norris (McLaren),45.10302,134.79924,Cloudy,0.3
54,4,Norris (McLaren),44.48321,179.28245,Cloudy,0.3
54,5,Norris (McLaren),46.12073,225.40318,Cloudy,0.3
55,1,Hamilton (Mercedes),45.30663,45.30663,Cloudy,0.3
55,2,Hamilton (Mercedes),44.9766,90.28323,Cloudy,0.3
55,3,Hamilton (Mercedes),44.63804,134.92127,Cloudy,0.3
55,4,Hamilton (Mercedes),45.50968,180.43095,Cloudy,0.3
55,5,Hamilton (Mercedes),45.40984,225.84079,Cloudy,0.3
55,1,Verstappen (Red Bull),44.43397,44.43397,Cloudy,0.3
55,2,Verstappen (Red Bull),45.03776,89.47173,Cloudy,0.3
55,3,Verstappen (Red Bull),45.69213,135.16386,Cloudy,0.3
55,4,Verstappen (Red Bull),44.61583,179.77969,Cloudy,0.3
55,5,Verstappen (Red Bull),44.33161,224.1113,Cloudy,0.3
55,1,Norris (McLaren),45.06751,45.06751,Cloudy,0.3
55,2,Norris (McLaren),45.78975,90.85725,Cloudy,0.3
55,3,Norris (McLaren),45.97902,136.83628,Cloudy,0.3
55,4,Norris (McLaren),45.25533,182.09161,Cloudy,0.3
55,5,Norris (McLaren),45.1588,227.25041,Cloudy,0.3
56,1,Hamilton (Mercedes),44.95726,44.95726,Cloudy,0.3
56,2,Hamilton (Mercedes),46.07867,91.03594,Cloudy,0.3
56,3,Hamilton (Mercedes),44.61355,135.64949,Cloudy,0.3
56,4,Hamilton (Mercedes),46.16855,181.81803,Cloudy,0.3
56,5,Hamilton (Mercedes),45.62276,227.44079,Cloudy,0.3
56,1,Verstappen (Red Bull),44.91195,44.91195,Cloudy,0.3
56,2,Verstappen (Red Bull),44.04211,88.95406,Cloudy,0.3
56,3,Verstappen (Red Bull),44.8705,133.82456,Cloudy,0.3
56,4,Verstappen (Red Bull),45.40512,179.22969,Cloudy,0.3
56,5,Verstappen (Red Bull),45.49737,224.72706,Cloudy,0.3
56,1,Norris (McLaren),44.76574,44.76574,Cloudy,0.3
56,2,Norris (McLaren),46.26774,91.03348,Cloudy,0.3
56,3,Norris (McLaren),44.74356,135.77704,Cloudy,0.3
56,4,Norris (McLaren),44.02087,179.79791,Cloudy,0.3
56,5,Norris (McLaren),44.3126,224.11052,Cloudy,0.3
57,1,Hamilton (Mercedes),45.0294,45.0294,Cloudy,0.3
57,2,Hamilton (Mercedes),45.3715,90.4009,Cloudy,0.3
57,3,Hamilton (Mercedes),44.97862,135.37952,Cloudy,0.3
57,4,Hamilton (Mercedes),45.20805,180.58757,Cloudy,0.3
57,5,Hamilton (Mercedes),45.23854,225.82612,Cloudy,0.3
57,1,Verstappen (Red Bull),44.99828,44.99828,Cloudy,0.3
57,2,Verstappen (Red Bull),43.83171,88.82998,Cloudy,0.3
57,3,Verstappen (Red Bull),44.62786,133.45785,Cloudy,0.3
57,4,Verstappen (Red Bull),45.71235,179.1702,Cloudy,0.3
57,5,Verstappen (Red Bull),44.76975,223.93995,Cloudy,0.3
57,1,Norris (McLaren),44.80282,44.80282,Cloudy,0.3
57,2,Norris (McLaren),43.91885,88.72167,Cloudy,0.3
57,3,Norris (McLaren),45.15273,133.8744,Cloudy,0.3
57,4,Norris (McLaren),45.98365,179.85805,Cloudy,0.3
57,5,Norris (McLaren),45.89938,225.75743,Cloudy,0.3
58,1,Hamilton (Mercedes),44.90616,44.90616,Cloudy,0.3
58,2,Hamilton (Mercedes),44.66341,89.56957,Cloudy,0.3
58,3,Hamilton (Mercedes),45.8867,135.45627,Cloudy,0.3
58,4,Hamilton (Mercedes),45.73245,181.18872,Cloudy,0.3
58,5,Hamilton (Mercedes),44.93772,226.12644,Cloudy,0.3
58,1,Verstappen (Red Bull),44.85318,44.85318,Cloudy,0.3
58,2,Verstappen (Red Bull),45.28488,90.13807,Cloudy,0.3
58,3,Verstappen (Red Bull),44.72458,134.86264,Cloudy,0.3
58,4,Verstappen (Red Bull),44.40473,179.26738,Cloudy,0.3
58,5,Verstappen (Red Bull),45.11961,224.38699,Cloudy,0.3
58,1,Norris (McLaren),46.73769,46.73769,Cloudy,0.3
58,2,Norris (McLaren),45.35283,92.09052,Cloudy,0.3
58,3,Norris (McLaren),45.13533,137.22584,Cloudy,0.3
58,4,Norris (McLaren),45.38665,182.6125,Cloudy,0.3
58,5,Norris (McLaren),44.10426,226.71676,Cloudy,0.3
59,1,Hamilton (Mercedes),46.21528,46.21528,Cloudy,0.3
59,2,Hamilton (Mercedes),44.4767,90.69199,Cloudy,0.3
59,3,Hamilton (Mercedes),45.68397,136.37596,Cloudy,0.3
59,4,Hamilton (Mercedes),46.11191,182.48787,Cloudy,0.3
59,5,Hamilton (Mercedes),45.21995,227.70782,Cloudy,0.3
59,1,Verstappen (Red Bull),45.60033,45.60033,Cloudy,0.3
59,2,Verstappen (Red Bull),45.67321,91.27354,Cloudy,0.3
59,3,Verstappen (Red Bull),45.08566,136.3592,Cloudy,0.3
59,4,Verstappen (Red Bull),44.99312,181.35231,Cloudy,0.3
59,5,Verstappen (Red Bull),45.55532,226.90763,Cloudy,0.3
59,1,Norris (McLaren),44.08219,44.08219,Cloudy,0.3
59,2,Norris (McLaren),45.31166,89.39384,Cloudy,0.3
59,3,Norris (McLaren),44.92417,134.31802,Cloudy,0.3
59,4,Norris (McLaren),45.13187,179.44989,Cloudy,0.3
59,5,Norris (McLaren),44.87525,224.32514,Cloudy,0.3
60,1,Hamilton (Mercedes),45.70684,45.70684,Cloudy,0.3
60,2,Hamilton (Mercedes),45.48144,91.18828,Cloudy,0.3
60,3,Hamilton (Mercedes),45.31652,136.50481,Cloudy,0.3
60,4,Hamilton (Mercedes),45.35586,181.86066,Cloudy,0.3
60,5,Hamilton (Mercedes),45.03342,226.89409,Cloudy,0.3
60,1,Verstappen (Red Bull),44.35289,44.35289,Cloudy,0.3
60,2,Verstappen (Red Bull),45.54011,89.893,Cloudy,0.3
60,3,Verstappen (Red Bull),44.64506,134.53806,Cloudy,0.3
60,4,Verstappen (Red Bull),44.72416,179.26222,Cloudy,0.3
60,5,Verstappen (Red Bull),44.6789,223.94113,Cloudy,0.3
60,1,Norris (McLaren),45.60872,45.60872,Cloudy,0.3
60,2,Norris (McLaren),44.54829,90.15702,Cloudy,0.3
60,3,Norris (McLaren),44.40196,134.55898,Cloudy,0.3
60,4,Norris (McLaren),44.93978,179.49876,Cloudy,0.3
60,5,Norris (McLaren),45.07871,224.57747,Cloudy,0.3
61,1,Hamilton (Mercedes),44.76418,44.76418,Cloudy,0.3
61,2,Hamilton (Mercedes),45.53767,90.30186,Cloudy,0.3
61,3,Hamilton (Mercedes),45.74985,136.0517,Cloudy,0.3
61,4,Hamilton (Mercedes),45.8568,181.9085,Cloudy,0.3
61,5,Hamilton (Mercedes),45.64422,227.55272,Cloudy,0.3
61,1,Verstappen (Red Bull),45.20522,45.20522,Cloudy,0.3
61,2,Verstappen (Red Bull),45.14183,90.34705,Cloudy,0.3
61,3,Verstappen (Red Bull),45.1518,135.49885,Cloudy,0.3
61,4,Verstappen (Red Bull),45.38828,180.88712,Cloudy,0.3
61,5,Verstappen (Red Bull),45.1521,226.03922,Cloudy,0.3
61,1,Norris (McLaren),43.72753,43.72753,Cloudy,0.3
61,2,Norris (McLaren),44.10225,87.82978,Cloudy,0.3
61,3,Norris (McLaren),44.92827,132.75806,Cloudy,0.3
61,4,Norris (McLaren),45.36309,178.12115,Cloudy,0.3
61,5,Norris (McLaren),44.12918,222.25033,Cloudy,0.3
62,1,Hamilton (Mercedes),45.81323,45.81323,Cloudy,0.3
62,2,Hamilton (Mercedes),45.42737,91.2406,Cloudy,0.3
62,3,Hamilton (Mercedes),46.64749,137.88809,Cloudy,0.3
62,4,Hamilton (Mercedes),45.28542,183.17351,Cloudy,0.3
62,5,Hamilton (Mercedes),46.08486,229.25837,Cloudy,0.3
62,1,Verstappen (Red Bull),45.34444,45.34444,Cloudy,0.3
62,2,Verstappen (Red Bull),45.23671,90.58114,Cloudy,0.3
62,3,Verstappen (Red Bull),44.85409,135.43524,Cloudy,0.3
62,4,Verstappen (Red Bull),44.1254,179.56064,Cloudy,0.3
62,5,Verstappen (Red Bull),44.62717,224.1878,Cloudy,0.3
62,1,Norris (McLaren),45.91311,45.91311,Cloudy,0.3
62,2,Norris (McLaren),45.58199,91.4951,Cloudy,0.3
62,3,Norris (McLaren),45.02179,136.51689,Cloudy,0.3
62,4,Norris (McLaren),45.00668,181.52357,Cloudy,0.3
62,5,Norris (McLaren),44.20042,225.72399,Cloudy,0.3
63,1,Hamilton (Mercedes),45.74602,45.74602,Cloudy,0.3
63,2,Hamilton (Mercedes),45.28421,91.03024,Cloudy,0.3
63,3,Hamilton (Mercedes),45.39503,136.42526,Cloudy,0.3
63,4,Hamilton (Mercedes),45.20955,181.63481,Cloudy,0.3
63,5,Hamilton (Mercedes),45.47721,227.11202,Cloudy,0.3
63,1,Verstappen (Red Bull),44.71123,44.71123,Cloudy,0.3
63,2,Verstappen (Red Bull),44.58886,89.30009,Cloudy,0.3
63,3,Verstappen (Red Bull),45.12734,134.42743,Cloudy,0.3
63,4,Verstappen (Red Bull),44.56283,178.99026,Cloudy,0.3
63,5,Verstappen (Red Bull),45.9044,224.89466,Cloudy,0.3
63,1,Norris (McLaren),45.268,45.268,Cloudy,0.3
63,2,Norris (McLaren),45.92167,91.18968,Cloudy,0.3
63,3,Norris (McLaren),44.85739,136.04706,Cloudy,0.3
63,4,Norris (McLaren),44.90739,180.95446,Cloudy,0.3
63,5,Norris (McLaren),45.21282,226.16728,Cloudy,0.3
64,1,Hamilton (Mercedes),43.92842,43.92842,Cloudy,0.3
64,2,Hamilton (Mercedes),44.96311,88.89153,Cloudy,0.3
64,3,Hamilton (Mercedes),45.2753,134.16684,Cloudy,0.3
64,4,Hamilton (Mercedes),45.09407,179.26091,Cloudy,0.3
64,5,Hamilton (Mercedes),45.98289,225.2438,Cloudy,0.3
64,1,Verstappen (Red Bull),45.6757,45.6757,Cloudy,0.3
64,2,Verstappen (Red Bull),44.57015,90.24584,Cloudy,0.3
64,3,Verstappen (Red Bull),44.70723,134.95307,Cloudy,0.3
64,4,Verstappen (Red Bull),45.07499,180.02807,Cloudy,0.3
64,5,Verstappen (Red Bull),44.70547,224.73353,Cloudy,0.3
64,1,Norris (McLaren),44.25967,44.25967,Cloudy,0.3
64,2,Norris (McLaren),44.50665,88.76632,Cloudy,0.3
64,3,Norris (McLaren),46.17784,134.94416,Cloudy,0.3
64,4,Norris (McLaren),44.62591,179.57007,Cloudy,0.3
64,5,Norris (McLaren),46.12642,225.69649,Cloudy,0.3
65,1,Hamilton (Mercedes),45.41639,45.41639,Cloudy,0.3
65,2,Hamilton (Mercedes),44.3794,89.79579,Cloudy,0.3
65,3,Hamilton (Mercedes),45.33354,135.12933,Cloudy,0.3
65,4,Hamilton (Mercedes),45.94092,181.07025,Cloudy,0.3
65,5,Hamilton (Mercedes),45.65663,226.72688,Cloudy,0.3
65,1,Verstappen (Red Bull),44.48946,44.48946,Cloudy,0.3
65,2,Verstappen (Red Bull),44.93492,89.42438,Cloudy,0.3
65,3,Verstappen (Red Bull),44.87814,134.30253,Cloudy,0.3
65,4,Verstappen (Red Bull),44.34666,178.64919,Cloudy,0.3
65,5,Verstappen (Red Bull),44.30152,222.95071,Cloudy,0.3
65,1,Norris (McLaren),44.75381,44.75381,Cloudy,0.3
65,2,Norris (McLaren),43.50247,88.25628,Cloudy,0.3
65,3,Norris (McLaren),44.41258,132.66886,Cloudy,0.3
65,4,Norris (McLaren),44.71347,177.38233,Cloudy,0.3
65,5,Norris (McLaren),45.81875,223.20108,Cloudy,0.3
66,1,Hamilton (Mercedes),44.76887,44.76887,Cloudy,0.3
66,2,Hamilton (Mercedes),45.716,90.48487,Cloudy,0.3
66,3,Hamilton (Mercedes),45.46756,135.95243,Cloudy,0.3
66,4,Hamilton (Mercedes),45.02213,180.97456,Cloudy,0.3
66,5,Hamilton (Mercedes),45.08158,226.05613,Cloudy,0.3
66,1,Verstappen (Red Bull),44.95265,44.95265,Cloudy,0.3
66,2,Verstappen (Red Bull),44.77114,89.72379,Cloudy,0.3
66,3,Verstappen (Red Bull),45.83111,135.5549,Cloudy,0.3
66,4,Verstappen (Red Bull),44.0104,179.56529,Cloudy,0.3
66,5,Verstappen (Red Bull),44.38076,223.94605,Cloudy,0.3
66,1,Norris (McLaren),45.47762,45.47762,Cloudy,0.3
66,2,Norris (McLaren),44.59101,90.06863,Cloudy,0.3
66,3,Norris (McLaren),44.81103,134.87966,Cloudy,0.3
66,4,Norris (McLaren),46.029,180.90867,Cloudy,0.3
66,5,Norris (McLaren),45.01251,225.92117,Cloudy,0.3
67,1,Hamilton (Mercedes),44.89843,44.89843,Cloudy,0.3
67,2,Hamilton (Mercedes),45.27789,90.17633,Cloudy,0.3
67,3,Hamilton (Mercedes),44.68008,134.8564,Cloudy,0.3
67,4,Hamilton (Mercedes),44.95776,179.81416,Cloudy,0.3
67,5,Hamilton (Mercedes),45.21641,225.03057,Cloudy,0.3
67,1,Verstappen (Red Bull),43.88765,43.88765,Cloudy,0.3
67,2,Verstappen (Red Bull),44.75056,88.63821,Cloudy,0.3
67,3,Verstappen (Red Bull),44.54244,133.18065,Cloudy,0.3
67,4,Verstappen (Red Bull),44.22812,177.40878,Cloudy,0.3
67,5,Verstappen (Red Bull),44.84668,222.25546,Cloudy,0.3
67,1,Norris (McLaren),45.17685,45.17685,Cloudy,0.3
67,2,Norris (McLaren),44.57859,89.75545,Cloudy,0.3
67,3,Norris (McLaren),44.81915,134.5746,Cloudy,0.3
67,4,Norris (McLaren),45.55138,180.12598,Cloudy,0.3
67,5,Norris (McLaren),44.40328,224.52926,Cloudy,0.3
68,1,Hamilton (Mercedes),46.47418,46.47418,Cloudy,0.3
68,2,Hamilton (Mercedes),46.42655,92.90073,Cloudy,0.3
68,3,Hamilton (Mercedes),44.3371,137.23783,Cloudy,0.3
68,4,Hamilton (Mercedes),44.97943,182.21726,Cloudy,0.3
68,5,Hamilton (Mercedes),45.78827,228.00553,Cloudy,0.3
68,1,Verstappen (Red Bull),45.51984,45.51984,Cloudy,0.3
68,2,Verstappen (Red Bull),45.03032,90.55016,Cloudy,0.3
68,3,Verstappen (Red Bull),44.27294,134.8231,Cloudy,0.3
68,4,Verstappen (Red Bull),44.94415,179.76724,Cloudy,0.3
68,5,Verstappen (Red Bull),46.27831,226.04555,Cloudy,0.3
68,1,Norris (McLaren),43.19453,43.19453,Cloudy,0.3
68,2,Norris (McLaren),44.56144,87.75597,Cloudy,0.3
68,3,Norris (McLaren),44.02681,131.78278,Cloudy,0.3
68,4,Norris (McLaren),44.61261,176.39539,Cloudy,0.3
68,5,Norris (McLaren),43.89528,220.29067,Cloudy,0.3
69,1,Hamilton (Mercedes),44.15419,44.15419,Cloudy,0.3
69,2,Hamilton (Mercedes),44.74954,88.90373,Cloudy,0.3
69,3,Hamilton (Mercedes),45.60759,134.51132,Cloudy,0.3
69,4,Hamilton (Mercedes),46.03553,180.54685,Cloudy,0.3
69,5,Hamilton (Mercedes),44.85237,225.39923,Cloudy,0.3
69,1,Verstappen (Red Bull),44.83318,44.83318,Cloudy,0.3
69,2,Verstappen (Red Bull),44.71699,89.55017,Cloudy,0.3
69,3,Verstappen (Red Bull),44.61834,134.16852,Cloudy,0.3
69,4,Verstappen (Red Bull),45.59291,179.76143,Cloudy,0.3
69,5,Verstappen (Red Bull),44.21955,223.98097,Cloudy,0.3
69,1,Norris (McLaren),45.86724,45.86724,Cloudy,0.3
69,2,Norris (McLaren),46.21439,92.08162,Cloudy,0.3
69,3,Norris (McLaren),44.42627,136.5079,Cloudy,0.3
69,4,Norris (McLaren),45.95353,182.46142,Cloudy,0.3
69,5,Norris (McLaren),46.24168,228.70311,Cloudy,0.3
70,1,Hamilton (Mercedes),45.59258,45.59258,Cloudy,0.3
70,2,Hamilton (Mercedes),45.3278,90.92038,Cloudy,0.3
70,3,Hamilton (Mercedes),44.77003,135.6904,Cloudy,0.3
70,4,Hamilton (Mercedes),44.85664,180.54704,Cloudy,0.3
70,5,Hamilton (Mercedes),45.75489,226.30193,Cloudy,0.3
70,1,Verstappen (Red Bull),45.95525,45.95525,Cloudy,0.3
70,2,Verstappen (Red Bull),45.80074,91.75599,Cloudy,0.3
70,3,Verstappen (Red Bull),44.00437,135.76037,Cloudy,0.3
70,4,Verstappen (Red Bull),44.74467,180.50503,Cloudy,0.3
70,5,Verstappen (Red Bull),44.47007,224.9751,Cloudy,0.3
70,1,Norris (McLaren),44.87682,44.87682,Cloudy,0.3
70,2,Norris (McLaren),44.54852,89.42534,Cloudy,0.3
70,3,Norris (McLaren),43.39867,132.82401,Cloudy,0.3
70,4,Norris (McLaren),45.78165,178.60566,Cloudy,0.3
70,5,Norris (McLaren),45.01875,223.6244,Cloudy,0.3
71,1,Hamilton (Mercedes),43.74478,43.74478,Cloudy,0.3
71,2,Hamilton (Mercedes),45.81951,89.56428,Cloudy,0.3
71,3,Hamilton (Mercedes),45.52286,135.08714,Cloudy,0.3
71,4,Hamilton (Mercedes),44.53927,179.62641,Cloudy,0.3
71,5,Hamilton (Mercedes),44.85375,224.48016,Cloudy,0.3
71,1,Verstappen (Red Bull),43.76164,43.76164,Cloudy,0.3
71,2,Verstappen (Red Bull),44.58217,88.3438,Cloudy,0.3
71,3,Verstappen (Red Bull),45.251,133.5948,Cloudy,0.3
71,4,Verstappen (Red Bull),44.59011,178.18491,Cloudy,0.3
71,5,Verstappen (Red Bull),45.08598,223.27089,Cloudy,0.3
71,1,Norris (McLaren),44.97013,44.97013,Cloudy,0.3
71,2,Norris (McLaren),44.99343,89.96357,Cloudy,0.3
71,3,Norris (McLaren),44.6294,134.59296,Cloudy,0.3
71,4,Norris (McLaren),44.6681,179.26107,Cloudy,0.3
71,5,Norris (McLaren),44.71974,223.98081,Cloudy,0.3
72,1,Hamilton (Mercedes),45.48043,45.48043,Cloudy,0.3
72,2,Hamilton (Mercedes),45.49357,90.974,Cloudy,0.3
72,3,Hamilton (Mercedes),45.00151,135.97551,Cloudy,0.3
72,4,Hamilton (Mercedes),46.25743,182.23294,Cloudy,0.3
72,5,Hamilton (Mercedes),45.57129,227.80424,Cloudy,0.3
72,1,Verstappen (Red Bull),45.22879,45.22879,Cloudy,0.3
72,2,Verstappen (Red Bull),44.89079,90.11958,Cloudy,0.3
72,3,Verstappen (Red Bull),45.1118,135.23138,Cloudy,0.3
72,4,Verstappen (Red Bull),44.77196,180.00334,Cloudy,0.3
72,5,Verstappen (Red Bull),43.92579,223.92913,Cloudy,0.3
72,1,Norris (McLaren),44.80186,44.80186,Cloudy,0.3
72,2,Norris (McLaren),44.27144,89.0733,Cloudy,0.3
72,3,Norris (McLaren),44.74778,133.82108,Cloudy,0.3
72,4,Norris (McLaren),45.06597,178.88705,Cloudy,0.3
72,5,Norris (McLaren),44.82957,223.71662,Cloudy,0.3
73,1,Hamilton (Mercedes),45.17717,45.17717,Cloudy,0.3
73,2,Hamilton (Mercedes),45.62191,90.79907,Cloudy,0.3
73,3,Hamilton (Mercedes),46.45894,137.25802,Cloudy,0.3
73,4,Hamilton (Mercedes),45.21259,182.47061,Cloudy,0.3
73,5,Hamilton (Mercedes),45.49784,227.96845,Cloudy,0.3
73,1,Verstappen (Red Bull),45.45111,45.45111,Cloudy,0.3
73,2,Verstappen (Red Bull),44.70411,90.15522,Cloudy,0.3
73,3,Verstappen (Red Bull),44.08697,134.24219,Cloudy,0.3
73,4,Verstappen (Red Bull),44.77199,179.01418,Cloudy,0.3
73,5,Verstappen (Red Bull),43.82432,222.8385,Cloudy,0.3
73,1,Norris (McLaren),45.36119,45.36119,Cloudy,0.3
73,2,Norris (McLaren),45.16422,90.52541,Cloudy,0.3
73,3,Norris (McLaren),45.13092,135.65633,Cloudy,0.3
73,4,Norris (McLaren),45.51511,181.17144,Cloudy,0.3
73,5,Norris (McLaren),45.47873,226.65017,Cloudy,0.3
74,1,Hamilton (Mercedes),45.60811,45.60811,Cloudy,0.3
74,2,Hamilton (Mercedes),44.79227,90.40038,Cloudy,0.3
74,3,Hamilton (Mercedes),45.54471,135.94509,Cloudy,0.3
74,4,Hamilton (Mercedes),45.66895,181.61404,Cloudy,0.3
74,5,Hamilton (Mercedes),45.90512,227.51916,Cloudy,0.3
74,1,Verstappen (Red Bull),44.4669,44.4669,Cloudy,0.3
74,2,Verstappen (Red Bull),44.45922,88.92611,Cloudy,0.3
74,3,Verstappen (Red Bull),45.59836,134.52447,Cloudy,0.3
74,4,Verstappen (Red Bull),44.70467,179.22914,Cloudy,0.3
74,5,Verstappen (Red Bull),45.38367,224.6128,Cloudy,0.3
74,1,Norris (McLaren),44.79238,44.79238,Cloudy,0.3
74,2,Norris (McLaren),45.09345,89.88583,Cloudy,0.3
74,3,Norris (McLaren),44.07515,133.96099,Cloudy,0.3
74,4,Norris (McLaren),45.52992,179.49091,Cloudy,0.3
74,5,Norris (McLaren),44.71122,224.20213,Cloudy,0.3
75,1,Hamilton (Mercedes),44.32403,44.32403,Cloudy,0.3
75,2,Hamilton (Mercedes),45.99659,90.32062,Cloudy,0.3
75,3,Hamilton (Mercedes),45.3173,135.63792,Cloudy,0.3
75,4,Hamilton (Mercedes),45.87957,181.51749,Cloudy,0.3
75,5,Hamilton (Mercedes),45.30728,226.82476,Cloudy,0.3
75,1,Verstappen (Red Bull),44.94607,44.94607,Cloudy,0.3
75,2,Verstappen (Red Bull),44.84409,89.79017,Cloudy,0.3
75,3,Verstappen (Red Bull),44.7578,134.54797,Cloudy,0.3
75,4,Verstappen (Red Bull),44.12248,178.67044,Cloudy,0.3
75,5,Verstappen (Red Bull),44.55134,223.22178,Cloudy,0.3
75,1,Norris (McLaren),46.36992,46.36992,Cloudy,0.3
75,2,Norris (McLaren),43.51192,89.88183,Cloudy,0.3
75,3,Norris (McLaren),44.88772,134.76955,Cloudy,0.3
75,4,Norris (McLaren),44.26324,179.03279,Cloudy,0.3
75,5,Norris (McLaren),45.41995,224.45274,Cloudy,0.3
76,1,Hamilton (Mercedes),45.11338,45.11338,Cloudy,0.3
76,2,Hamilton (Mercedes),45.01522,90.1286,Cloudy,0.3
76,3,Hamilton (Mercedes),44.96808,135.09668,Cloudy,0.3
76,4,Hamilton (Mercedes),45.4921,180.58878,Cloudy,0.3
76,5,Hamilton (Mercedes),45.23363,225.82241,Cloudy,0.3
76,1,Verstappen (Red Bull),44.41711,44.41711,Cloudy,0.3
76,2,Verstappen (Red Bull),44.52357,88.94068,Cloudy,0.3
76,3,Verstappen (Red Bull),45.10761,134.04829,Cloudy,0.3
76,4,Verstappen (Red Bull),44.66724,178.71553,Cloudy,0.3
76,5,Verstappen (Red Bull),44.76634,223.48188,Cloudy,0.3
76,1,Norris (McLaren),44.96187,44.96187,Cloudy,0.3
76,2,Norris (McLaren),45.07921,90.04108,Cloudy,0.3
76,3,Norris (McLaren),45.70272,135.7438,Cloudy,0.3
76,4,Norris (McLaren),44.26853,180.01233,Cloudy,0.3
76,5,Norris (McLaren),44.13802,224.15035,Cloudy,0.3
77,1,Hamilton (Mercedes),45.04166,45.04166,Cloudy,0.3
77,2,Hamilton (Mercedes),45.40358,90.44524,Cloudy,0.3
77,3,Hamilton (Mercedes),45.18175,135.627,Cloudy,0.3
77,4,Hamilton (Mercedes),45.55527,181.18227,Cloudy,0.3
77,5,Hamilton (Mercedes),45.66177,226.84403,Cloudy,0.3
77,1,Verstappen (Red Bull),44.30703,44.30703,Cloudy,0.3
77,2,Verstappen (Red Bull),43.92088,88.22791,Cloudy,0.3
77,3,Verstappen (Red Bull),44.99642,133.22433,Cloudy,0.3
77,4,Verstappen (Red Bull),44.34762,177.57195,Cloudy,0.3
77,5,Verstappen (Red Bull),44.28165,221.8536,Cloudy,0.3
77,1,Norris (McLaren),44.29794,44.29794,Cloudy,0.3
77,2,Norris (McLaren),45.57226,89.8702,Cloudy,0.3
77,3,Norris (McLaren),46.10599,135.9762,Cloudy,0.3
77,4,Norris (McLaren),45.32404,181.30024,Cloudy,0.3
77,5,Norris (McLaren),44.94488,226.24512,Cloudy,0.3
78,1,Hamilton (Mercedes),45.76411,45.76411,Cloudy,0.3
78,2,Hamilton (Mercedes),46.5898,92.35391,Cloudy,0.3
78,3,Hamilton (Mercedes),45.85194,138.20586,Cloudy,0.3
78,4,Hamilton (Mercedes),45.1872,183.39306,Cloudy,0.3
78,5,Hamilton (Mercedes),45.37183,228.76489,Cloudy,0.3
78,1,Verstappen (Red Bull),45.76644,45.76644,Cloudy,0.3
78,2,Verstappen (Red Bull),44.7224,90.48884,Cloudy,0.3
78,3,Verstappen (Red Bull),44.89728,135.38612,Cloudy,0.3
78,4,Verstappen (Red Bull),44.51013,179.89625,Cloudy,0.3
78,5,Verstappen (Red Bull),44.95141,224.84766,Cloudy,0.3
78,1,Norris (McLaren),46.16229,46.16229,Cloudy,0.3
78,2,Norris (McLaren),44.02392,90.18621,Cloudy,0.3
78,3,Norris (McLaren),44.62063,134.80684,Cloudy,0.3
78,4,Norris (McLaren),44.74371,179.55055,Cloudy,0.3
78,5,Norris (McLaren),44.07765,223.6282,Cloudy,0.3
79,1,Hamilton (Mercedes),46.17899,46.17899,Cloudy,0.3
79,2,Hamilton (Mercedes),44.66378,90.84277,Cloudy,0.3
79,3,Hamilton (Mercedes),45.14057,135.98334,Cloudy,0.3
79,4,Hamilton (Mercedes),45.08941,181.07275,Cloudy,0.3
79,5,Hamilton (Mercedes),44.69172,225.76448,Cloudy,0.3
79,1,Verstappen (Red Bull),44.66729,44.66729,Cloudy,0.3
79,2,Verstappen (Red Bull),43.55729,88.22458,Cloudy,0.3
79,3,Verstappen (Red Bull),45.29346,133.51805,Cloudy,0.3
79,4,Verstappen (Red Bull),43.68407,177.20212,Cloudy,0.3
79,5,Verstappen (Red Bull),44.5453,221.74742,Cloudy,0.3
79,1,Norris (McLaren),45.972,45.972,Cloudy,0.3
79,2,Norris (McLaren),44.28479,90.25679,Cloudy,0.3
79,3,Norris (McLaren),45.87299,136.12977,Cloudy,0.3
79,4,Norris (McLaren),45.5066,181.63637,Cloudy,0.3
79,5,Norris (McLaren),44.36593,226.0023,Cloudy,0.3
80,1,Hamilton (Mercedes),46.01016,46.01016,Cloudy,0.3
80,2,Hamilton (Mercedes),45.36773,91.37789,Cloudy,0.3
80,3,Hamilton (Mercedes),45.35665,136.73453,Cloudy,0.3
80,4,Hamilton (Mercedes),45.04864,181.78317,Cloudy,0.3
80,5,Hamilton (Mercedes),44.58559,226.36876,Cloudy,0.3
80,1,Verstappen (Red Bull),44.62048,44.62048,Cloudy,0.3
80,2,Verstappen (Red Bull),44.56856,89.18904,Cloudy,0.3
80,3,Verstappen (Red Bull),44.13418,133.32322,Cloudy,0.3
80,4,Verstappen (Red Bull),43.79232,177.11555,Cloudy,0.3
80,5,Verstappen (Red Bull),45.22102,222.33657,Cloudy,0.3
80,1,Norris (McLaren),44.39322,44.39322,Cloudy,0.3
80,2,Norris (McLaren),44.21037,88.6036,Cloudy,0.3
80,3,Norris (McLaren),46.20818,134.81178,Cloudy,0.3
80,4,Norris (McLaren),46.1622,180.97398,Cloudy,0.3
80,5,Norris (McLaren),44.59597,225.56995,Cloudy,0.3
81,1,Hamilton (Mercedes),45.08182,45.08182,Cloudy,0.3
81,2,Hamilton (Mercedes),45.38419,90.46601,Cloudy,0.3
81,3,Hamilton (Mercedes),44.54666,135.01266,Cloudy,0.3
81,4,Hamilton (Mercedes),45.76885,180.78151,Cloudy,0.3
81,5,Hamilton (Mercedes),45.42709,226.2086,Cloudy,0.3
81,1,Verstappen (Red Bull),45.29983,45.29983,Cloudy,0.3
81,2,Verstappen (Red Bull),44.2727,89.57253,Cloudy,0.3
81,3,Verstappen (Red Bull),45.60406,135.17659,Cloudy,0.3
81,4,Verstappen (Red Bull),44.4906,179.66719,Cloudy,0.3
81,5,Verstappen (Red Bull),45.43533,225.10252,Cloudy,0.3
81,1,Norris (McLaren),44.82702,44.82702,Cloudy,0.3
81,2,Norris (McLaren),46.67525,91.50227,Cloudy,0.3
81,3,Norris (McLaren),45.43058,136.93286,Cloudy,0.3
81,4,Norris (McLaren),46.29108,183.22394,Cloudy,0.3
81,5,Norris (McLaren),44.18911,227.41304,Cloudy,0.3
82,1,Hamilton (Mercedes),45.86003,45.86003,Cloudy,0.3
82,2,Hamilton (Mercedes),45.54566,91.40568,Cloudy,0.3
82,3,Hamilton (Mercedes),45.23099,136.63667,Cloudy,0.3
82,4,Hamilton (Mercedes),45.40681,182.04349,Cloudy,0.3
82,5,Hamilton (Mercedes),45.65942,227.7029,Cloudy,0.3
82,1,Verstappen (Red Bull),45.06302,45.06302,Cloudy,0.3
82,2,Verstappen (Red Bull),45.65519,90.71821,Cloudy,0.3
82,3,Verstappen (Red Bull),44.62453,135.34274,Cloudy,0.3
82,4,Verstappen (Red Bull),45.45071,180.79345,Cloudy,0.3
82,5,Verstappen (Red Bull),45.24049,226.03394,Cloudy,0.3
82,1,Norris (McLaren),45.63595,45.63595,Cloudy,0.3
82,2,Norris (McLaren),44.73644,90.37239,Cloudy,0.3
82,3,Norris (McLaren),46.09645,136.46884,Cloudy,0.3
82,4,Norris (McLaren),44.83716,181.306,Cloudy,0.3
82,5,Norris (McLaren),45.28783,226.59383,Cloudy,0.3
83,1,Hamilton (Mercedes),44.9175,44.9175,Cloudy,0.3
83,2,Hamilton (Mercedes),45.36371,90.28121,Cloudy,0.3
83,3,Hamilton (Mercedes),45.91364,136.19486,Cloudy,0.3
83,4,Hamilton (Mercedes),45.35952,181.55438,Cloudy,0.3
83,5,Hamilton (Mercedes),44.63035,226.18472,Cloudy,0.3
83,1,Verstappen (Red Bull),44.17146,44.17146,Cloudy,0.3
83,2,Verstappen (Red Bull),44.75549,88.92696,Cloudy,0.3
83,3,Verstappen (Red Bull),44.63329,133.56024,Cloudy,0.3
83,4,Verstappen (Red Bull),44.36913,177.92938,Cloudy,0.3
83,5,Verstappen (Red Bull),45.06521,222.99459,Cloudy,0.3
83,1,Norris (McLaren),45.64308,45.64308,Cloudy,0.3
83,2,Norris (McLaren),44.25773,89.90081,Cloudy,0.3
83,3,Norris (McLaren),45.13347,135.03429,Cloudy,0.3
83,4,Norris (McLaren),45.92538,180.95966,Cloudy,0.3
83,5,Norris (McLaren),45.46631,226.42597,Cloudy,0.3
84,1,Hamilton (Mercedes),44.58633,44.58633,Cloudy,0.3
84,2,Hamilton (Mercedes),44.85203,89.43836,Cloudy,0.3
84,3,Hamilton (Mercedes),44.80418,134.24254,Cloudy,0.3
84,4,Hamilton (Mercedes),46.43165,180.67419,Cloudy,0.3
84,5,Hamilton (Mercedes),45.24806,225.92225,Cloudy,0.3
84,1,Verstappen (Red Bull),43.46065,43.46065,Cloudy,0.3
84,2,Verstappen (Red Bull),45.36863,88.82928,Cloudy,0.3
84,3,Verstappen (Red Bull),45.09891,133.92819,Cloudy,0.3
84,4,Verstappen (Red Bull),44.32026,178.24845,Cloudy,0.3
84,5,Verstappen (Red Bull),44.64524,222.89369,Cloudy,0.3
84,1,Norris (McLaren),45.11234,45.11234,Cloudy,0.3
84,2,Norris (McLaren),45.19046,90.3028,Cloudy,0.3
84,3,Norris (McLaren),44.75756,135.06036,Cloudy,0.3
84,4,Norris (McLaren),44.37302,179.43339,Cloudy,0.3
84,5,Norris (McLaren),46.33728,225.77067,Cloudy,0.3
85,1,Hamilton (Mercedes),45.63468,45.63468,Cloudy,0.3
85,2,Hamilton (Mercedes),45.15169,90.78637,Cloudy,0.3
85,3,Hamilton (Mercedes),44.84735,135.63372,Cloudy,0.3
85,4,Hamilton (Mercedes),45.17911,180.81282,Cloudy,0.3
85,5,Hamilton (Mercedes),45.20158,226.0144,Cloudy,0.3
85,1,Verstappen (Red Bull),44.15195,44.15195,Cloudy,0.3
85,2,Verstappen (Red Bull),44.26968,88.42164,Cloudy,0.3
85,3,Verstappen (Red Bull),44.08571,132.50734,Cloudy,0.3
85,4,Verstappen (Red Bull),45.27781,177.78516,Cloudy,0.3
85,5,Verstappen (Red Bull),44.74029,222.52545,Cloudy,0.3
85,1,Norris (McLaren),45.61138,45.61138,Cloudy,0.3
85,2,Norris (McLaren),45.07022,90.6816,Cloudy,0.3
85,3,Norris (McLaren),45.29191,135.97351,Cloudy,0.3
85,4,Norris (McLaren),45.07311,181.04662,Cloudy,0.3
85,5,Norris (McLaren),45.54625,226.59286,Cloudy,0.3
86,1,Hamilton (Mercedes),45.39953,45.39953,Cloudy,0.3
86,2,Hamilton (Mercedes),45.09927,90.4988,Cloudy,0.3
86,3,Hamilton (Mercedes),45.17827,135.67706,Cloudy,0.3
86,4,Hamilton (Mercedes),44.46694,180.144,Cloudy,0.3
86,5,Hamilton (Mercedes),45.71683,225.86083,Cloudy,0.3
86,1,Verstappen (Red Bull),44.27443,44.27443,Cloudy,0.3
86,2,Verstappen (Red Bull),44.60191,88.87634,Cloudy,0.3
86,3,Verstappen (Red Bull),44.58408,133.46042,Cloudy,0.3
86,4,Verstappen (Red Bull),43.60826,177.06868,Cloudy,0.3
86,5,Verstappen (Red Bull),45.26806,222.33673,Cloudy,0.3
86,1,Norris (McLaren),44.69329,44.69329,Cloudy,0.3
86,2,Norris (McLaren),45.0303,89.72359,Cloudy,0.3
86,3,Norris (McLaren),43.96671,133.6903,Cloudy,0.3
86,4,Norris (McLaren),44.85922,178.54952,Cloudy,0.3
86,5,Norris (McLaren),45.45455,224.00407,Cloudy,0.3
87,1,Hamilton (Mercedes),45.25402,45.25402,Cloudy,0.3
87,2,Hamilton (Mercedes),45.17571,90.42973,Cloudy,0.3
87,3,Hamilton (Mercedes),47.07306,137.5028,Cloudy,0.3
87,4,Hamilton (Mercedes),45.68999,183.19278,Cloudy,0.3
87,5,Hamilton (Mercedes),44.80424,227.99703,Cloudy,0.3
87,1,Verstappen (Red Bull),44.64731,44.64731,Cloudy,0.3
87,2,Verstappen (Red Bull),44.40745,89.05476,Cloudy,0.3
87,3,Verstappen (Red Bull),44.79845,133.85321,Cloudy,0.3
87,4,Verstappen (Red Bull),45.07379,178.927,Cloudy,0.3
87,5,Verstappen (Red Bull),45.25266,224.17965,Cloudy,0.3
87,1,Norris (McLaren),44.92527,44.92527,Cloudy,0.3
87,2,Norris (McLaren),43.68566,88.61093,Cloudy,0.3
87,3,Norris (McLaren),45.66321,134.27414,Cloudy,0.3
87,4,Norris (McLaren),45.21732,179.49145,Cloudy,0.3
87,5,Norris (McLaren),45.14259,224.63404,Cloudy,0.3
88,1,Hamilton (Mercedes),44.67124,44.67124,Cloudy,0.3
88,2,Hamilton (Mercedes),45.74509,90.41632,Cloudy,0.3
88,3,Hamilton (Mercedes),44.98784,135.40417,Cloudy,0.3
88,4,Hamilton (Mercedes),44.81595,180.22011,Cloudy,0.3
88,5,Hamilton (Mercedes),44.36808,224.58819,Cloudy,0.3
88,1,Verstappen (Red Bull),44.49396,44.49396,Cloudy,0.3
88,2,Verstappen (Red Bull),44.76998,89.26395,Cloudy,0.3
88,3,Verstappen (Red Bull),45.04754,134.31148,Cloudy,0.3
88,4,Verstappen (Red Bull),44.86421,179.17569,Cloudy,0.3
88,5,Verstappen (Red Bull),43.63027,222.80596,Cloudy,0.3
88,1,Norris (McLaren),44.15557,44.15557,Cloudy,0.3
88,2,Norris (McLaren),45.34827,89.50384,Cloudy,0.3
88,3,Norris (McLaren),45.68832,135.19217,Cloudy,0.3
88,4,Norris (McLaren),45.56467,180.75684,Cloudy,0.3
88,5,Norris (McLaren),45.22665,225.98349,Cloudy,0.3
89,1,Hamilton (Mercedes),45.31677,45.31677,Cloudy,0.3
89,2,Hamilton (Mercedes),45.40107,90.71784,Cloudy,0.3
89,3,Hamilton (Mercedes),44.99674,135.71458,Cloudy,0.3
89,4,Hamilton (Mercedes),44.41738,180.13196,Cloudy,0.3
89,5,Hamilton (Mercedes),44.79652,224.92847,Cloudy,0.3
89,1,Verstappen (Red Bull),45.84529,45.84529,Cloudy,0.3
89,2,Verstappen (Red Bull),45.71352,91.55881,Cloudy,0.3
89,3,Verstappen (Red Bull),44.22028,135.77909,Cloudy,0.3
89,4,Verstappen (Red Bull),44.44399,180.22308,Cloudy,0.3
89,5,Verstappen (Red Bull),44.44057,224.66365,Cloudy,0.3
89,1,Norris (McLaren),45.198,45.198,Cloudy,0.3
89,2,Norris (McLaren),44.44523,89.64323,Cloudy,0.3
89,3,Norris (McLaren),46.52257,136.16579,Cloudy,0.3
89,4,Norris (McLaren),44.92196,181.08775,Cloudy,0.3
89,5,Norris (McLaren),44.84207,225.92982,Cloudy,0.3
90,1,Hamilton (Mercedes),46.40434,46.40434,Cloudy,0.3
90,2,Hamilton (Mercedes),45.68986,92.0942,Cloudy,0.3
90,3,Hamilton (Mercedes),45.56697,137.66118,Cloudy,0.3
90,4,Hamilton (Mercedes),44.5451,182.20628,Cloudy,0.3
90,5,Hamilton (Mercedes),46.13072,228.337,Cloudy,0.3
90,1,Verstappen (Red Bull),44.64204,44.64204,Cloudy,0.3
90,2,Verstappen (Red Bull),43.96512,88.60716,Cloudy,0.3
90,3,Verstappen (Red Bull),44.76128,133.36844,Cloudy,0.3
90,4,Verstappen (Red Bull),44.13649,177.50493,Cloudy,0.3
90,5,Verstappen (Red Bull),44.7109,222.21584,Cloudy,0.3
90,1,Norris (McLaren),45.41862,45.41862,Cloudy,0.3
90,2,Norris (McLaren),45.1017,90.52032,Cloudy,0.3
90,3,Norris (McLaren),44.38363,134.90395,Cloudy,0.3
90,4,Norris (McLaren),44.64615,179.5501,Cloudy,0.3
90,5,Norris (McLaren),45.27565,224.82575,Cloudy,0.3
91,1,Hamilton (Mercedes),45.66791,45.66791,Cloudy,0.3
91,2,Hamilton (Mercedes),45.27985,90.94776,Cloudy,0.3
91,3,Hamilton (Mercedes),45.80428,136.75204,Cloudy,0.3
91,4,Hamilton (Mercedes),45.36528,182.11732,Cloudy,0.3
91,5,Hamilton (Mercedes),45.33499,227.45231,Cloudy,0.3
91,1,Verstappen (Red Bull),45.2319,45.2319,Cloudy,0.3
91,2,Verstappen (Red Bull),45.75998,90.99188,Cloudy,0.3
91,3,Verstappen (Red Bull),45.1855,136.17738,Cloudy,0.3
91,4,Verstappen (Red Bull),43.87323,180.05061,Cloudy,0.3
91,5,Verstappen (Red Bull),45.04246,225.09307,Cloudy,0.3
91,1,Norris (McLaren),44.88905,44.88905,Cloudy,0.3
91,2,Norris (McLaren),44.84993,89.73898,Cloudy,0.3
91,3,Norris (McLaren),45.33001,135.06899,Cloudy,0.3
91,4,Norris (McLaren),44.55736,179.62635,Cloudy,0.3
91,5,Norris (McLaren),45.2359,224.86225,Cloudy,0.3
92,1,Hamilton (Mercedes),44.81095,44.81095,Cloudy,0.3
92,2,Hamilton (Mercedes),45.24778,90.05873,Cloudy,0.3
92,3,Hamilton (Mercedes),45.47769,135.53642,Cloudy,0.3
92,4,Hamilton (Mercedes),45.55938,181.09579,Cloudy,0.3
92,5,Hamilton (Mercedes),45.47955,226.57535,Cloudy,0.3
92,1,Verstappen (Red Bull),43.69436,43.69436,Cloudy,0.3
92,2,Verstappen (Red Bull),44.61961,88.31396,Cloudy,0.3
92,3,Verstappen (Red Bull),45.74307,134.05704,Cloudy,0.3
92,4,Verstappen (Red Bull),45.34161,179.39865,Cloudy,0.3
92,5,Verstappen (Red Bull),44.20082,223.59947,Cloudy,0.3
92,1,Norris (McLaren),46.24101,46.24101,Cloudy,0.3
92,2,Norris (McLaren),44.87462,91.11564,Cloudy,0.3
92,3,Norris (McLaren),45.41511,136.53074,Cloudy,0.3
92,4,Norris (McLaren),45.49205,182.02279,Cloudy,0.3
92,5,Norris (McLaren),46.43003,228.45283,Cloudy,0.3
93,1,Hamilton (Mercedes),45.39222,45.39222,Cloudy,0.3
93,2,Hamilton (Mercedes),45.15902,90.55124,Cloudy,0.3
93,3,Hamilton (Mercedes),44.54982,135.10106,Cloudy,0.3
93,4,Hamilton (Mercedes),45.43186,180.53292,Cloudy,0.3
93,5,Hamilton (Mercedes),44.62729,225.16021,Cloudy,0.3
93,1,Verstappen (Red Bull),44.74447,44.74447,Cloudy,0.3
93,2,Verstappen (Red Bull),44.5757,89.32017,Cloudy,0.3
93,3,Verstappen (Red Bull),44.58105,133.90122,Cloudy,0.3
93,4,Verstappen (Red Bull),44.86398,178.7652,Cloudy,0.3
93,5,Verstappen (Red Bull),44.83911,223.60431,Cloudy,0.3
93,1,Norris (McLaren),45.65809,45.65809,Cloudy,0.3
93,2,Norris (McLaren),45.22463,90.88272,Cloudy,0.3
93,3,Norris (McLaren),44.62713,135.50985,Cloudy,0.3
93,4,Norris (McLaren),45.15493,180.66478,Cloudy,0.3
93,5,Norris (McLaren),44.5174,225.18218,Cloudy,0.3
94,1,Hamilton (Mercedes),44.77261,44.77261,Cloudy,0.3
94,2,Hamilton (Mercedes),44.45342,89.22603,Cloudy,0.3
94,3,Hamilton (Mercedes),45.1478,134.37383,Cloudy,0.3
94,4,Hamilton (Mercedes),45.60937,179.98319,Cloudy,0.3
94,5,Hamilton (Mercedes),45.31816,225.30136,Cloudy,0.3
94,1,Verstappen (Red Bull),45.22154,45.22154,Cloudy,0.3
94,2,Verstappen (Red Bull),44.62016,89.8417,Cloudy,0.3
94,3,Verstappen (Red Bull),44.42898,134.27069,Cloudy,0.3
94,4,Verstappen (Red Bull),44.33348,178.60416,Cloudy,0.3
94,5,Verstappen (Red Bull),45.95696,224.56112,Cloudy,0.3
94,1,Norris (McLaren),44.39097,44.39097,Cloudy,0.3
94,2,Norris (McLaren),45.14803,89.539,Cloudy,0.3
94,3,Norris (McLaren),45.20019,134.73919,Cloudy,0.3
94,4,Norris (McLaren),44.38762,179.12681,Cloudy,0.3
94,5,Norris (McLaren),44.8924,224.01921,Cloudy,0.3
95,1,Hamilton (Mercedes),45.1194,45.1194,Cloudy,0.3
95,2,Hamilton (Mercedes),44.52749,89.64688,Cloudy,0.3
95,3,Hamilton (Mercedes),45.71202,135.3589,Cloudy,0.3
95,4,Hamilton (Mercedes),44.57784,179.93674,Cloudy,0.3
95,5,Hamilton (Mercedes),45.23584,225.17258,Cloudy,0.3
95,1,Verstappen (Red Bull),44.63537,44.63537,Cloudy,0.3
95,2,Verstappen (Red Bull),43.87629,88.51166,Cloudy,0.3
95,3,Verstappen (Red Bull),44.81428,133.32595,Cloudy,0.3
95,4,Verstappen (Red Bull),44.25813,177.58408,Cloudy,0.3
95,5,Verstappen (Red Bull),44.00703,221.5911,Cloudy,0.3
95,1,Norris (McLaren),43.56333,43.56333,Cloudy,0.3
95,2,Norris (McLaren),44.22784,87.79116,Cloudy,0.3
95,3,Norris (McLaren),44.22457,132.01574,Cloudy,0.3
95,4,Norris (McLaren),43.58195,175.59768,Cloudy,0.3
95,5,Norris (McLaren),45.24123,220.83891,Cloudy,0.3
96,1,Hamilton (Mercedes),45.1522,45.1522,Cloudy,0.3
96,2,Hamilton (Mercedes),45.57034,90.72254,Cloudy,0.3
96,3,Hamilton (Mercedes),45.17718,135.89972,Cloudy,0.3
96,4,Hamilton (Mercedes),44.59802,180.49774,Cloudy,0.3
96,5,Hamilton (Mercedes),44.43466,224.9324,Cloudy,0.3
96,1,Verstappen (Red Bull),44.66962,44.66962,Cloudy,0.3
96,2,Verstappen (Red Bull),45.57291,90.24253,Cloudy,0.3
96,3,Verstappen (Red Bull),43.80372,134.04626,Cloudy,0.3
96,4,Verstappen (Red Bull),44.41239,178.45865,Cloudy,0.3
96,5,Verstappen (Red Bull),44.88138,223.34003,Cloudy,0.3
96,1,Norris (McLaren),44.59483,44.59483,Cloudy,0.3
96,2,Norris (McLaren),45.81179,90.40662,Cloudy,0.3
96,3,Norris (McLaren),45.99949,136.40612,Cloudy,0.3
96,4,Norris (McLaren),46.11802,182.52414,Cloudy,0.3
96,5,Norris (McLaren),45.98944,228.51358,Cloudy,0.3
97,1,Hamilton (Mercedes),45.97258,45.97258,Cloudy,0.3
97,2,Hamilton (Mercedes),45.34387,91.31645,Cloudy,0.3
97,3,Hamilton (Mercedes),45.38032,136.69677,Cloudy,0.3
97,4,Hamilton (Mercedes),45.07426,181.77104,Cloudy,0.3
97,5,Hamilton (Mercedes),44.69142,226.46246,Cloudy,0.3
97,1,Verstappen (Red Bull),44.95285,44.95285,Cloudy,0.3
97,2,Verstappen (Red Bull),44.43696,89.38981,Cloudy,0.3
97,3,Verstappen (Red Bull),45.42183,134.81164,Cloudy,0.3
97,4,Verstappen (Red Bull),44.85861,179.67025,Cloudy,0.3
97,5,Verstappen (Red Bull),44.97451,224.64476,Cloudy,0.3
97,1,Norris (McLaren),45.44283,45.44283,Cloudy,0.3
97,2,Norris (McLaren),46.12136,91.56419,Cloudy,0.3
97,3,Norris (McLaren),45.41681,136.981,Cloudy,0.3
97,4,Norris (McLaren),44.66108,181.64208,Cloudy,0.3
97,5,Norris (McLaren),45.66652,227.3086,Cloudy,0.3
98,1,Hamilton (Mercedes),45.48401,45.48401,Cloudy,0.3
98,2,Hamilton (Mercedes),44.19319,89.6772,Cloudy,0.3
98,3,Hamilton (Mercedes),43.9906,133.6678,Cloudy,0.3
98,4,Hamilton (Mercedes),44.958,178.6258,Cloudy,0.3
98,5,Hamilton (Mercedes),45.78965,224.41545,Cloudy,0.3
98,1,Verstappen (Red Bull),44.83554,44.83554,Cloudy,0.3
98,2,Verstappen (Red Bull),44.50555,89.34109,Cloudy,0.3
98,3,Verstappen (Red Bull),45.86967,135.21076,Cloudy,0.3
98,4,Verstappen (Red Bull),44.08932,179.30007,Cloudy,0.3
98,5,Verstappen (Red Bull),45.10334,224.40341,Cloudy,0.3
98,1,Norris (McLaren),44.49433,44.49433,Cloudy,0.3
98,2,Norris (McLaren),45.13506,89.62938,Cloudy,0.3
98,3,Norris (McLaren),44.04008,133.66946,Cloudy,0.3
98,4,Norris (McLaren),45.17564,178.8451,Cloudy,0.3
98,5,Norris (McLaren),44.48844,223.33355,Cloudy,0.3
99,1,Hamilton (Mercedes),45.87638,45.87638,Cloudy,0.3
99,2,Hamilton (Mercedes),44.64394,90.52032,Cloudy,0.3
99,3,Hamilton (Mercedes),44.4348,134.95512,Cloudy,0.3
99,4,Hamilton (Mercedes),45.59989,180.55501,Cloudy,0.3
99,5,Hamilton (Mercedes),44.58554,225.14055,Cloudy,0.3
99,1,Verstappen (Red Bull),45.61391,45.61391,Cloudy,0.3
99,2,Verstappen (Red Bull),45.10857,90.72247,Cloudy,0.3
99,3,Verstappen (Red Bull),44.05737,134.77985,Cloudy,0.3
99,4,Verstappen (Red Bull),44.24176,179.02161,Cloudy,0.3
99,5,Verstappen (Red Bull),44.4377,223.45931,Cloudy,0.3
99,1,Norris (McLaren),44.57749,44.57749,Cloudy,0.3
99,2,Norris (McLaren),44.37346,88.95096,Cloudy,0.3
99,3,Norris (McLaren),44.64644,133.5974,Cloudy,0.3
99,4,Norris (McLaren),45.35326,178.95066,Cloudy,0.3
99,5,Norris (McLaren),44.22762,223.17828,Cloudy,0.3
100,1,Hamilton (Mercedes),45.11827,45.11827,Cloudy,0.3
100,2,Hamilton (Mercedes),45.3046,90.42288,Cloudy,0.3
100,3,Hamilton (Mercedes),45.32215,135.74503,Cloudy,0.3
100,4,Hamilton (Mercedes),46.43964,182.18467,Cloudy,0.3
100,5,Hamilton (Mercedes),45.55485,227.73952,Cloudy,0.3
100,1,Verstappen (Red Bull),45.22713,45.22713,Cloudy,0.3
100,2,Verstappen (Red Bull),44.59486,89.82199,Cloudy,0.3
100,3,Verstappen (Red Bull),45.24516,135.06716,Cloudy,0.3
100,4,Verstappen (Red Bull),44.05602,179.12317,Cloudy,0.3
100,5,Verstappen (Red Bull),45.15746,224.28064,Cloudy,0.3
100,1,Norris (McLaren),45.57594,45.57594,Cloudy,0.3
100,2,Norris (McLaren),45.61073,91.18667,Cloudy,0.3
100,3,Norris (McLaren),45.32891,136.51558,Cloudy,0.3
100,4,Norris (McLaren),44.1638,180.67938,Cloudy,0.3
100,5,Norris (McLaren),44.39902,225.0784,Cloudy,0.3
101,1,Hamilton (Mercedes),45.78608,45.78608,Cloudy,0.3
101,2,Hamilton (Mercedes),44.75888,90.54497,Cloudy,0.3
101,3,Hamilton (Mercedes),45.85293,136.3979,Cloudy,0.3
101,4,Hamilton (Mercedes),45.17126,181.56916,Cloudy,0.3
101,5,Hamilton (Mercedes),44.40035,225.96952,Cloudy,0.3
101,1,Verstappen (Red Bull),44.26434,44.26434,Cloudy,0.3
101,2,Verstappen (Red Bull),44.59788,88.86222,Cloudy,0.3
101,3,Verstappen (Red Bull),46.52802,135.39024,Cloudy,0.3
101,4,Verstappen (Red Bull),45.39716,180.78741,Cloudy,0.3
101,5,Verstappen (Red Bull),45.2939,226.08131,Cloudy,0.3
101,1,Norris (McLaren),43.84379,43.84379,Cloudy,0.3
101,2,Norris (McLaren),44.9006,88.74438,Cloudy,0.3
101,3,Norris (McLaren),44.51131,133.2557,Cloudy,0.3
101,4,Norris (McLaren),45.30422,178.55992,Cloudy,0.3
101,5,Norris (McLaren),44.9149,223.47482,Cloudy,0.3
102,1,Hamilton (Mercedes),45.31423,45.31423,Cloudy,0.3
102,2,Hamilton (Mercedes),46.09763,91.41186,Cloudy,0.3
102,3,Hamilton (Mercedes),44.71987,136.13174,Cloudy,0.3
102,4,Hamilton (Mercedes),45.35274,181.48448,Cloudy,0.3
102,5,Hamilton (Mercedes),44.70856,226.19304,Cloudy,0.3
102,1,Verstappen (Red Bull),45.60042,45.60042,Cloudy,0.3
102,2,Verstappen (Red Bull),45.97693,91.57735,Cloudy,0.3
102,3,Verstappen (Red Bull),45.69816,137.2755,Cloudy,0.3
102,4,Verstappen (Red Bull),45.23591,182.51142,Cloudy,0.3
102,5,Verstappen (Red Bull),44.43418,226.9456,Cloudy,0.3
102,1,Norris (McLaren),44.57371,44.57371,Cloudy,0.3
102,2,Norris (McLaren),45.84362,90.41734,Cloudy,0.3
102,3,Norris (McLaren),44.5084,134.92573,Cloudy,0.3
102,4,Norris (McLaren),46.57078,181.49651,Cloudy,0.3
102,5,Norris (McLaren),45.21427,226.71078,Cloudy,0.3
103,1,Hamilton (Mercedes),46.06343,46.06343,Cloudy,0.3
103,2,Hamilton (Mercedes),45.0418,91.10522,Cloudy,0.3
103,3,Hamilton (Mercedes),45.33966,136.44489,Cloudy,0.3
103,4,Hamilton (Mercedes),45.74021,182.18509,Cloudy,0.3
103,5,Hamilton (Mercedes),45.14831,227.3334,Cloudy,0.3
103,1,Verstappen (Red Bull),45.10009,45.10009,Cloudy,0.3
103,2,Verstappen (Red Bull),44.57731,89.67739,Cloudy,0.3
103,3,Verstappen (Red Bull),44.91227,134.58967,Cloudy,0.3
103,4,Verstappen (Red Bull),44.01979,178.60945,Cloudy,0.3
103,5,Verstappen (Red Bull),44.06642,222.67587,Cloudy,0.3
103,1,Norris (McLaren),44.87062,44.87062,Cloudy,0.3
103,2,Norris (McLaren),45.48757,90.35818,Cloudy,0.3
103,3,Norris (McLaren),45.3756,135.73378,Cloudy,0.3
103,4,Norris (McLaren),44.8783,180.61209,Cloudy,0.3
103,5,Norris (McLaren),44.3986,225.01069,Cloudy,0.3
104,1,Hamilton (Mercedes),45.61843,45.61843,Cloudy,0.3
104,2,Hamilton (Mercedes),46.11701,91.73544,Cloudy,0.3
104,3,Hamilton (Mercedes),45.59419,137.32963,Cloudy,0.3
104,4,Hamilton (Mercedes),44.62487,181.95449,Cloudy,0.3
104,5,Hamilton (Mercedes),44.68752,226.64201,Cloudy,0.3
104,1,Verstappen (Red Bull),44.50147,44.50147,Cloudy,0.3
104,2,Verstappen (Red Bull),45.85544,90.35691,Cloudy,0.3
104,3,Verstappen (Red Bull),44.30224,134.65915,Cloudy,0.3
104,4,Verstappen (Red Bull),43.99446,178.65362,Cloudy,0.3
104,5,Verstappen (Red Bull),43.97166,222.62528,Cloudy,0.3
104,1,Norris (McLaren),45.07088,45.07088,Cloudy,0.3
104,2,Norris (McLaren),44.40426,89.47514,Cloudy,0.3
104,3,Norris (McLaren),45.12204,134.59718,Cloudy,0.3
104,4,Norris (McLaren),45.57848,180.17566,Cloudy,0.3
104,5,Norris (McLaren),45.03759,225.21325,Cloudy,0.3
105,1,Hamilton (Mercedes),45.28707,45.28707,Cloudy,0.3
105,2,Hamilton (Mercedes),45.63436,90.92143,Cloudy,0.3
105,3,Hamilton (Mercedes),45.72461,136.64604,Cloudy,0.3
105,4,Hamilton (Mercedes),45.4435,182.08954,Cloudy,0.3
105,5,Hamilton (Mercedes),45.68802,227.77756,Cloudy,0.3
105,1,Verstappen (Red Bull),44.65547,44.65547,Cloudy,0.3
105,2,Verstappen (Red Bull),45.20618,89.86165,Cloudy,0.3
105,3,Verstappen (Red Bull),44.14674,134.00839,Cloudy,0.3
105,4,Verstappen (Red Bull),44.45448,178.46287,Cloudy,0.3
105,5,Verstappen (Red Bull),45.1979,223.66077,Cloudy,0.3
105,1,Norris (McLaren),44.49271,44.49271,Cloudy,0.3
105,2,Norris (McLaren),44.66318,89.15589,Cloudy,0.3
105,3,Norris (McLaren),46.00547,135.16136,Cloudy,0.3
105,4,Norris (McLaren),45.01159,180.17295,Cloudy,0.3
105,5,Norris (McLaren),45.43337,225.60631,Cloudy,0.3
106,1,Hamilton (Mercedes),45.38772,45.38772,Cloudy,0.3
106,2,Hamilton (Mercedes),45.43504,90.82276,Cloudy,0.3
106,3,Hamilton (Mercedes),45.19661,136.01937,Cloudy,0.3
106,4,Hamilton (Mercedes),45.70746,181.72684,Cloudy,0.3
106,5,Hamilton (Mercedes),45.71313,227.43996,Cloudy,0.3
106,1,Verstappen (Red Bull),45.23629,45.23629,Cloudy,0.3
106,2,Verstappen (Red Bull),44.54961,89.7859,Cloudy,0.3
106,3,Verstappen (Red Bull),44.08556,133.87147,Cloudy,0.3
106,4,Verstappen (Red Bull),45.45604,179.3275,Cloudy,0.3
106,5,Verstappen (Red Bull),44.27602,223.60352,Cloudy,0.3
106,1,Norris (McLaren),44.04075,44.04075,Cloudy,0.3
106,2,Norris (McLaren),44.83849,88.87924,Cloudy,0.3
106,3,Norris (McLaren),45.46632,134.34557,Cloudy,0.3
106,4,Norris (McLaren),45.30392,179.64948,Cloudy,0.3
106,5,Norris (McLaren),44.60184,224.25132,Cloudy,0.3
107,1,Hamilton (Mercedes),45.21299,45.21299,Cloudy,0.3
107,2,Hamilton (Mercedes),44.3423,89.55529,Cloudy,0.3
107,3,Hamilton (Mercedes),45.03205,134.58734,Cloudy,0.3
107,4,Hamilton (Mercedes),45.92775,180.5151,Cloudy,0.3
107,5,Hamilton (Mercedes),45.28328,225.79838,Cloudy,0.3
107,1,Verstappen (Red Bull),45.54048,45.54048,Cloudy,0.3
107,2,Verstappen (Red Bull),45.217,90.75748,Cloudy,0.3
107,3,Verstappen (Red Bull),45.03909,135.79657,Cloudy,0.3
107,4,Verstappen (Red Bull),44.07121,179.86778,Cloudy,0.3
107,5,Verstappen (Red Bull),44.3225,224.19028,Cloudy,0.3
107,1,Norris (McLaren),44.26873,44.26873,Cloudy,0.3
107,2,Norris (McLaren),44.60523,88.87397,Cloudy,0.3
107,3,Norris (McLaren),44.90547,133.77943,Cloudy,0.3
107,4,Norris (McLaren),44.94972,178.72915,Cloudy,0.3
107,5,Norris (McLaren),45.79289,224.52204,Cloudy,0.3
108,1,Hamilton (Mercedes),43.7817,43.7817,Cloudy,0.3
108,2,Hamilton (Mercedes),45.12724,88.90894,Cloudy,0.3
108,3,Hamilton (Mercedes),44.19411,133.10305,Cloudy,0.3
108,4,Hamilton (Mercedes),45.66583,178.76889,Cloudy,0.3
108,5,Hamilton (Mercedes),45.2278,223.99669,Cloudy,0.3
108,1,Verstappen (Red Bull),44.55726,44.55726,Cloudy,0.3
108,2,Verstappen (Red Bull),45.94131,90.49857,Cloudy,0.3
108,3,Verstappen (Red Bull),45.32836,135.82693,Cloudy,0.3
108,4,Verstappen (Red Bull),44.79027,180.6172,Cloudy,0.3
108,5,Verstappen (Red Bull),44.70215,225.31936,Cloudy,0.3
108,1,Norris (McLaren),45.77638,45.77638,Cloudy,0.3
108,2,Norris (McLaren),44.61464,90.39102,Cloudy,0.3
108,3,Norris (McLaren),45.6216,136.01262,Cloudy,0.3
108,4,Norris (McLaren),45.59093,181.60356,Cloudy,0.3
108,5,Norris (McLaren),44.15134,225.7549,Cloudy,0.3
109,1,Hamilton (Mercedes),45.13653,45.13653,Cloudy,0.3
109,2,Hamilton (Mercedes),44.20893,89.34546,Cloudy,0.3
109,3,Hamilton (Mercedes),45.10836,134.45382,Cloudy,0.3
109,4,Hamilton (Mercedes),45.20468,179.65849,Cloudy,0.3
109,5,Hamilton (Mercedes),44.53656,224.19506,Cloudy,0.3
109,1,Verstappen (Red Bull),44.51276,44.51276,Cloudy,0.3
109,2,Verstappen (Red Bull),45.21393,89.7267,Cloudy,0.3
109,3,Verstappen (Red Bull),44.83975,134.56645,Cloudy,0.3
109,4,Verstappen (Red Bull),45.2491,179.81554,Cloudy,0.3
109,5,Verstappen (Red Bull),44.25239,224.06794,Cloudy,0.3
109,1,Norris (McLaren),45.15817,45.15817,Cloudy,0.3
109,2,Norris (McLaren),45.6341,90.79227,Cloudy,0.3
109,3,Norris (McLaren),43.63553,134.4278,Cloudy,0.3
109,4,Norris (McLaren),44.96558,179.39337,Cloudy,0.3
109,5,Norris (McLaren),45.80519,225.19856,Cloudy,0.3
110,1,Hamilton (Mercedes),45.52366,45.52366,Cloudy,0.3
110,2,Hamilton (Mercedes),45.40327,90.92692,Cloudy,0.3
110,3,Hamilton (Mercedes),45.59546,136.52238,Cloudy,0.3
110,4,Hamilton (Mercedes),45.94985,182.47223,Cloudy,0.3
110,5,Hamilton (Mercedes),45.44033,227.91256,Cloudy,0.3
110,1,Verstappen (Red Bull),43.94854,43.94854,Cloudy,0.3
110,2,Verstappen (Red Bull),45.44351,89.39205,Cloudy,0.3
110,3,Verstappen (Red Bull),45.03168,134.42373,Cloudy,0.3
110,4,Verstappen (Red Bull),44.96081,179.38454,Cloudy,0.3
110,5,Verstappen (Red Bull),44.86151,224.24606,Cloudy,0.3
110,1,Norris (McLaren),45.82136,45.82136,Cloudy,0.3
110,2,Norris (McLaren),44.34604,90.16741,Cloudy,0.3
110,3,Norris (McLaren),45.5718,135.7392,Cloudy,0.3
110,4,Norris (McLaren),45.1434,180.88261,Cloudy,0.3
110,5,Norris (McLaren),43.72788,224.61048,Cloudy,0.3
111,1,Hamilton (Mercedes),44.67859,44.67859,Cloudy,0.3
111,2,Hamilton (Mercedes),44.75321,89.4318,Cloudy,0.3
111,3,Hamilton (Mercedes),45.54604,134.97784,Cloudy,0.3
111,4,Hamilton (Mercedes),44.60215,179.57999,Cloudy,0.3
111,5,Hamilton (Mercedes),46.00608,225.58606,Cloudy,0.3
111,1,Verstappen (Red Bull),44.45142,44.45142,Cloudy,0.3
111,2,Verstappen (Red Bull),45.38963,89.84105,Cloudy,0.3
111,3,Verstappen (Red Bull),44.59856,134.4396,Cloudy,0.3
111,4,Verstappen (Red Bull),44.82089,179.2605,Cloudy,0.3
111,5,Verstappen (Red Bull),45.88791,225.14841,Cloudy,0.3
111,1,Norris (McLaren),44.49377,44.49377,Cloudy,0.3
111,2,Norris (McLaren),45.41382,89.90759,Cloudy,0.3
111,3,Norris (McLaren),44.10616,134.01376,Cloudy,0.3
111,4,Norris (McLaren),44.79074,178.8045,Cloudy,0.3
111,5,Norris (McLaren),43.93805,222.74255,Cloudy,0.3
112,1,Hamilton (Mercedes),45.39239,45.39239,Cloudy,0.3
112,2,Hamilton (Mercedes),44.37011,89.76251,Cloudy,0.3
112,3,Hamilton (Mercedes),45.66645,135.42895,Cloudy,0.3
112,4,Hamilton (Mercedes),45.38279,180.81175,Cloudy,0.3
112,5,Hamilton (Mercedes),45.6711,226.48284,Cloudy,0.3
112,1,Verstappen (Red Bull),45.23978,45.23978,Cloudy,0.3
112,2,Verstappen (Red Bull),44.58325,89.82303,Cloudy,0.3
112,3,Verstappen (Red Bull),44.70213,134.52516,Cloudy,0.3
112,4,Verstappen (Red Bull),45.36891,179.89407,Cloudy,0.3
112,5,Verstappen (Red Bull),45.11207,225.00614,Cloudy,0.3
112,1,Norris (McLaren),45.06679,45.06679,Cloudy,0.3
112,2,Norris (McLaren),44.82578,89.89257,Cloudy,0.3
112,3,Norris (McLaren),46.74323,136.6358,Cloudy,0.3
112,4,Norris (McLaren),44.22721,180.86301,Cloudy,0.3
112,5,Norris (McLaren),44.98994,225.85296,Cloudy,0.3
113,1,Hamilton (Mercedes),45.89229,45.89229,Cloudy,0.3
113,2,Hamilton (Mercedes),45.50263,91.39492,Cloudy,0.3
113,3,Hamilton (Mercedes),44.71261,136.10753,Cloudy,0.3
113,4,Hamilton (Mercedes),44.97634,181.08387,Cloudy,0.3
113,5,Hamilton (Mercedes),46.15491,227.23878,Cloudy,0.3
113,1,Verstappen (Red Bull),45.45782,45.45782,Cloudy,0.3
113,2,Verstappen (Red Bull),44.36927,89.82709,Cloudy,0.3
113,3,Verstappen (Red Bull),43.83309,133.66017,Cloudy,0.3
113,4,Verstappen (Red Bull),44.84007,178.50025,Cloudy,0.3
113,5,Verstappen (Red Bull),45.7483,224.24855,Cloudy,0.3
113,1,Norris (McLaren),45.34731,45.34731,Cloudy,0.3
113,2,Norris (McLaren),45.31917,90.66648,Cloudy,0.3
113,3,Norris (McLaren),44.96819,135.63467,Cloudy,0.3
113,4,Norris (McLaren),45.03708,180.67175,Cloudy,0.3
113,5,Norris (McLaren),45.11143,225.78317,Cloudy,0.3
114,1,Hamilton (Mercedes),44.93377,44.93377,Cloudy,0.3
114,2,Hamilton (Mercedes),45.07319,90.00695,Cloudy,0.3
114,3,Hamilton (Mercedes),44.57422,134.58117,Cloudy,0.3
114,4,Hamilton (Mercedes),45.70506,180.28623,Cloudy,0.3
114,5,Hamilton (Mercedes),45.17125,225.45748,Cloudy,0.3
114,1,Verstappen (Red Bull),45.46515,45.46515,Cloudy,0.3
114,2,Verstappen (Red Bull),44.72814,90.19329,Cloudy,0.3
114,3,Verstappen (Red Bull),46.11573,136.30901,Cloudy,0.3
114,4,Verstappen (Red Bull),45.00694,181.31596,Cloudy,0.3
114,5,Verstappen (Red Bull),43.75482,225.07078,Cloudy,0.3
114,1,Norris (McLaren),44.27189,44.27189,Cloudy,0.3
114,2,Norris (McLaren),44.10121,88.3731,Cloudy,0.3
114,3,Norris (McLaren),44.48901,132.86211,Cloudy,0.3
114,4,Norris (McLaren),43.54934,176.41145,Cloudy,0.3
114,5,Norris (McLaren),45.11806,221.52951,Cloudy,0.3
115,1,Hamilton (Mercedes),45.47334,45.47334,Cloudy,0.3
115,2,Hamilton (Mercedes),44.65884,90.13219,Cloudy,0.3
115,3,Hamilton (Mercedes),45.02838,135.16056,Cloudy,0.3
115,4,Hamilton (Mercedes),45.04697,180.20753,Cloudy,0.3
115,5,Hamilton (Mercedes),45.5197,225.72723,Cloudy,0.3
115,1,Verstappen (Red Bull),46.05732,46.05732,Cloudy,0.3
115,2,Verstappen (Red Bull),44.63026,90.68758,Cloudy,0.3
115,3,Verstappen (Red Bull),45.14521,135.83279,Cloudy,0.3
115,4,Verstappen (Red Bull),44.6696,180.50239,Cloudy,0.3
115,5,Verstappen (Red Bull),45.26441,225.76679,Cloudy,0.3
115,1,Norris (McLaren),45.21238,45.21238,Cloudy,0.3
115,2,Norris (McLaren),44.12744,89.33982,Cloudy,0.3
115,3,Norris (McLaren),44.1558,133.49562,Cloudy,0.3
115,4,Norris (McLaren),43.79433,177.28995,Cloudy,0.3
115,5,Norris (McLaren),44.15748,221.44743,Cloudy,0.3
116,1,Hamilton (Mercedes),45.06225,45.06225,Cloudy,0.3
116,2,Hamilton (Mercedes),44.73763,89.79988,Cloudy,0.3
116,3,Hamilton (Mercedes),45.29718,135.09706,Cloudy,0.3
116,4,Hamilton (Mercedes),45.74149,180.83855,Cloudy,0.3
116,5,Hamilton (Mercedes),44.87294,225.71149,Cloudy,0.3
116,1,Verstappen (Red Bull),44.79784,44.79784,Cloudy,0.3
116,2,Verstappen (Red Bull),43.4566,88.25444,Cloudy,0.3
116,3,Verstappen (Red Bull),44.59659,132.85104,Cloudy,0.3
116,4,Verstappen (Red Bull),44.02347,176.87451,Cloudy,0.3
116,5,Verstappen (Red Bull),44.51342,221.38793,Cloudy,0.3
116,1,Norris (McLaren),44.87641,44.87641,Cloudy,0.3
116,2,Norris (McLaren),44.33088,89.20729,Cloudy,0.3
116,3,Norris (McLaren),46.51339,135.72068,Cloudy,0.3
116,4,Norris (McLaren),45.75059,181.47127,Cloudy,0.3
116,5,Norris (McLaren),44.34108,225.81234,Cloudy,0.3
117,1,Hamilton (Mercedes),44.87924,44.87924,Cloudy,0.3
117,2,Hamilton (Mercedes),46.01064,90.88988,Cloudy,0.3
117,3,Hamilton (Mercedes),45.86637,136.75625,Cloudy,0.3
117,4,Hamilton (Mercedes),45.83444,182.59069,Cloudy,0.3
117,5,Hamilton (Mercedes),46.60875,229.19943,Cloudy,0.3
117,1,Verstappen (Red Bull),44.29655,44.29655,Cloudy,0.3
117,2,Verstappen (Red Bull),44.99967,89.29623,Cloudy,0.3
117,3,Verstappen (Red Bull),44.44342,133.73965,Cloudy,0.3
117,4,Verstappen (Red Bull),44.36187,178.10151,Cloudy,0.3
117,5,Verstappen (Red Bull),44.82575,222.92727,Cloudy,0.3
117,1,Norris (McLaren),46.04989,46.04989,Cloudy,0.3
117,2,Norris (McLaren),44.46532,90.51521,Cloudy,0.3
117,3,Norris (McLaren),45.6591,136.1743,Cloudy,0.3
117,4,Norris (McLaren),44.99317,181.16747,Cloudy,0.3
117,5,Norris (McLaren),43.82089,224.98837,Cloudy,0.3
118,1,Hamilton (Mercedes),45.67825,45.67825,Cloudy,0.3
118,2,Hamilton (Mercedes),44.93213,90.61039,Cloudy,0.3
118,3,Hamilton (Mercedes),45.18802,135.79841,Cloudy,0.3
118,4,Hamilton (Mercedes),45.43754,181.23595,Cloudy,0.3
118,5,Hamilton (Mercedes),45.40374,226.6397,Cloudy,0.3
118,1,Verstappen (Red Bull),45.11332,45.11332,Cloudy,0.3
118,2,Verstappen (Red Bull),44.799,89.91232,Cloudy,0.3
118,3,Verstappen (Red Bull),44.37878,134.2911,Cloudy,0.3
118,4,Verstappen (Red Bull),45.41544,179.70654,Cloudy,0.3
118,5,Verstappen (Red Bull),44.96033,224.66687,Cloudy,0.3
118,1,Norris (McLaren),45.0421,45.0421,Cloudy,0.3
118,2,Norris (McLaren),45.16459,90.20669,Cloudy,0.3
118,3,Norris (McLaren),45.07861,135.2853,Cloudy,0.3
118,4,Norris (McLaren),45.14527,180.43057,Cloudy,0.3
118,5,Norris (McLaren),44.02991,224.46048,Cloudy,0.3
119,1,Hamilton (Mercedes),44.84296,44.84296,Cloudy,0.3
119,2,Hamilton (Mercedes),45.7588,90.60175,Cloudy,0.3
119,3,Hamilton (Mercedes),45.54232,136.14407,Cloudy,0.3
119,4,Hamilton (Mercedes),45.05569,181.19976,Cloudy,0.3
119,5,Hamilton (Mercedes),45.60876,226.80852,Cloudy,0.3
119,1,Verstappen (Red Bull),44.57437,44.57437,Cloudy,0.3
119,2,Verstappen (Red Bull),44.91432,89.48869,Cloudy,0.3
119,3,Verstappen (Red Bull),43.57145,133.06014,Cloudy,0.3
119,4,Verstappen (Red Bull),45.19469,178.25483,Cloudy,0.3
119,5,Verstappen (Red Bull),44.92422,223.17905,Cloudy,0.3
119,1,Norris (McLaren),44.31496,44.31496,Cloudy,0.3
119,2,Norris (McLaren),46.44307,90.75802,Cloudy,0.3
119,3,Norris (McLaren),46.0705,136.82852,Cloudy,0.3
119,4,Norris (McLaren),46.18234,183.01086,Cloudy,0.3
119,5,Norris (McLaren),44.72474,227.7356,Cloudy,0.3
120,1,Hamilton (Mercedes),45.28521,45.28521,Cloudy,0.3
120,2,Hamilton (Mercedes),45.44083,90.72604,Cloudy,0.3
120,3,Hamilton (Mercedes),44.90492,135.63096,Cloudy,0.3
120,4,Hamilton (Mercedes),46.12054,181.7515,Cloudy,0.3
120,5,Hamilton (Mercedes),45.47823,227.22973,Cloudy,0.3
120,1,Verstappen (Red Bull),43.51854,43.51854,Cloudy,0.3
120,2,Verstappen (Red Bull),45.16732,88.68586,Cloudy,0.3
120,3,Verstappen (Red Bull),45.8524,134.53826,Cloudy,0.3
120,4,Verstappen (Red Bull),44.37552,178.91378,Cloudy,0.3
120,5,Verstappen (Red Bull),45.31994,224.23372,Cloudy,0.3
120,1,Norris (McLaren),45.21102,45.21102,Cloudy,0.3
120,2,Norris (McLaren),45.88591,91.09693,Cloudy,0.3
120,3,Norris (McLaren),44.55305,135.64998,Cloudy,0.3
120,4,Norris (McLaren),44.20489,179.85487,Cloudy,0.3
120,5,Norris (McLaren),45.12576,224.98062,Cloudy,0.3
121,1,Hamilton (Mercedes),46.42118,46.42118,Cloudy,0.3
121,2,Hamilton (Mercedes),44.72278,91.14396,Cloudy,0.3
121,3,Hamilton (Mercedes),43.8455,134.98946,Cloudy,0.3
121,4,Hamilton (Mercedes),46.52908,181.51854,Cloudy,0.3
121,5,Hamilton (Mercedes),43.87686,225.3954,Cloudy,0.3
121,1,Verstappen (Red Bull),44.35947,44.35947,Cloudy,0.3
121,2,Verstappen (Red Bull),43.52719,87.88666,Cloudy,0.3
121,3,Verstappen (Red Bull),44.24483,132.13149,Cloudy,0.3
121,4,Verstappen (Red Bull),44.77254,176.90403,Cloudy,0.3
121,5,Verstappen (Red Bull),43.36541,220.26944,Cloudy,0.3
121,1,Norris (McLaren),44.30601,44.30601,Cloudy,0.3
121,2,Norris (McLaren),44.87042,89.17643,Cloudy,0.3
121,3,Norris (McLaren),44.66472,133.84115,Cloudy,0.3
121,4,Norris (McLaren),44.822,178.66314,Cloudy,0.3
121,5,Norris (McLaren),45.29263,223.95578,Cloudy,0.3
122,1,Hamilton (Mercedes),45.3069,45.3069,Cloudy,0.3
122,2,Hamilton (Mercedes),45.0788,90.3857,Cloudy,0.3
122,3,Hamilton (Mercedes),45.34889,135.73459,Cloudy,0.3
122,4,Hamilton (Mercedes),45.57621,181.3108,Cloudy,0.3
122,5,Hamilton (Mercedes),44.85393,226.16473,Cloudy,0.3
122,1,Verstappen (Red Bull),44.34819,44.34819,Cloudy,0.3
122,2,Verstappen (Red Bull),44.86996,89.21815,Cloudy,0.3
122,3,Verstappen (Red Bull),45.10234,134.32049,Cloudy,0.3
122,4,Verstappen (Red Bull),43.65477,177.97526,Cloudy,0.3
122,5,Verstappen (Red Bull),45.69664,223.67191,Cloudy,0.3
122,1,Norris (McLaren),44.69692,44.69692,Cloudy,0.3
122,2,Norris (McLaren),45.4991,90.19602,Cloudy,0.3
122,3,Norris (McLaren),46.36,136.55603,Cloudy,0.3
122,4,Norris (McLaren),44.97293,181.52895,Cloudy,0.3
122,5,Norris (McLaren),45.37457,226.90352,Cloudy,0.3
123,1,Hamilton (Mercedes),45.35427,45.35427,Cloudy,0.3
123,2,Hamilton (Mercedes),45.53037,90.88464,Cloudy,0.3
123,3,Hamilton (Mercedes),45.22839,136.11303,Cloudy,0.3
123,4,Hamilton (Mercedes),45.63334,181.74637,Cloudy,0.3
123,5,Hamilton (Mercedes),45.24327,226.98964,Cloudy,0.3
123,1,Verstappen (Red Bull),45.40357,45.40357,Cloudy,0.3
123,2,Verstappen (Red Bull),44.8173,90.22088,Cloudy,0.3
123,3,Verstappen (Red Bull),45.01551,135.23638,Cloudy,0.3
123,4,Verstappen (Red Bull),44.77892,180.01531,Cloudy,0.3
123,5,Verstappen (Red Bull),43.99652,224.01182,Cloudy,0.3
123,1,Norris (McLaren),46.10373,46.10373,Cloudy,0.3
123,2,Norris (McLaren),45.70889,91.81262,Cloudy,0.3
123,3,Norris (McLaren),45.4486,137.26122,Cloudy,0.3
123,4,Norris (McLaren),46.4291,183.69032,Cloudy,0.3
123,5,Norris (McLaren),45.83629,229.52661,Cloudy,0.3
124,1,Hamilton (Mercedes),44.89427,44.89427,Cloudy,0.3
124,2,Hamilton (Mercedes),45.27824,90.1725,Cloudy,0.3
124,3,Hamilton (Mercedes),45.28256,135.45506,Cloudy,0.3
124,4,Hamilton (Mercedes),45.33176,180.78683,Cloudy,0.3
124,5,Hamilton (Mercedes),45.632,226.41883,Cloudy,0.3
124,1,Verstappen (Red Bull),44.65678,44.65678,Cloudy,0.3
124,2,Verstappen (Red Bull),44.19645,88.85323,Cloudy,0.3
124,3,Verstappen (Red Bull),43.98004,132.83327,Cloudy,0.3
124,4,Verstappen (Red Bull),43.82376,176.65703,Cloudy,0.3
124,5,Verstappen (Red Bull),45.58832,222.24536,Cloudy,0.3
124,1,Norris (McLaren),45.06168,45.06168,Cloudy,0.3
124,2,Norris (McLaren),44.14285,89.20453,Cloudy,0.3
124,3,Norris (McLaren),45.66898,134.87352,Cloudy,0.3
124,4,Norris (McLaren),45.96425,180.83776,Cloudy,0.3
124,5,Norris (McLaren),44.40554,225.2433,Cloudy,0.3
125,1,Hamilton (Mercedes),45.33337,45.33337,Cloudy,0.3
125,2,Hamilton (Mercedes),44.9239,90.25728,Cloudy,0.3
125,3,Hamilton (Mercedes),45.40408,135.66135,Cloudy,0.3
125,4,Hamilton (Mercedes),45.94234,181.6037,Cloudy,0.3
125,5,Hamilton (Mercedes),45.35042,226.95412,Cloudy,0.3
125,1,Verstappen (Red Bull),44.28861,44.28861,Cloudy,0.3
125,2,Verstappen (Red Bull),44.85904,89.14765,Cloudy,0.3
125,3,Verstappen (Red Bull),43.65232,132.79997,Cloudy,0.3
125,4,Verstappen (Red Bull),45.80902,178.60899,Cloudy,0.3
125,5,Verstappen (Red Bull),44.20423,222.81322,Cloudy,0.3
125,1,Norris (McLaren),46.06509,46.06509,Cloudy,0.3
125,2,Norris (McLaren),45.18905,91.25414,Cloudy,0.3
125,3,Norris (McLaren),43.98214,135.23628,Cloudy,0.3
125,4,Norris (McLaren),44.57757,179.81385,Cloudy,0.3
125,5,Norris (McLaren),44.70172,224.51557,Cloudy,0.3
126,1,Hamilton (Mercedes),45.08493,45.08493,Cloudy,0.3
126,2,Hamilton (Mercedes),45.80238,90.88731,Cloudy,0.3
126,3,Hamilton (Mercedes),45.16476,136.05207,Cloudy,0.3
126,4,Hamilton (Mercedes),45.63705,181.68912,Cloudy,0.3
126,5,Hamilton (Mercedes),45.13996,226.82908,Cloudy,0.3
126,1,Verstappen (Red Bull),44.63928,44.63928,Cloudy,0.3
126,2,Verstappen (Red Bull),43.86989,88.50917,Cloudy,0.3
126,3,Verstappen (Red Bull),45.5181,134.02727,Cloudy,0.3
126,4,Verstappen (Red Bull),44.88134,178.90861,Cloudy,0.3
126,5,Verstappen (Red Bull),44.82345,223.73207,Cloudy,0.3
126,1,Norris (McLaren),45.49886,45.49886,Cloudy,0.3
126,2,Norris (McLaren),44.45743,89.95629,Cloudy,0.3
126,3,Norris (McLaren),45.6197,135.57599,Cloudy,0.3
126,4,Norris (McLaren),44.69517,180.27116,Cloudy,0.3
126,5,Norris (McLaren),44.41806,224.68922,Cloudy,0.3
127,1,Hamilton (Mercedes),44.69585,44.69585,Cloudy,0.3
127,2,Hamilton (Mercedes),44.10145,88.7973,Cloudy,0.3
127,3,Hamilton (Mercedes),44.91683,133.71413,Cloudy,0.3
127,4,Hamilton (Mercedes),44.77384,178.48797,Cloudy,0.3
127,5,Hamilton (Mercedes),44.8241,223.31207,Cloudy,0.3
127,1,Verstappen (Red Bull),45.8639,45.8639,Cloudy,0.3
127,2,Verstappen (Red Bull),44.7444,90.6083,Cloudy,0.3
127,3,Verstappen (Red Bull),44.50532,135.11362,Cloudy,0.3
127,4,Verstappen (Red Bull),45.25873,180.37235,Cloudy,0.3
127,5,Verstappen (Red Bull),44.02432,224.39667,Cloudy,0.3
127,1,Norris (McLaren),44.78803,44.78803,Cloudy,0.3
127,2,Norris (McLaren),43.67375,88.46178,Cloudy,0.3
127,3,Norris (McLaren),46.16964,134.63141,Cloudy,0.3
127,4,Norris (McLaren),45.1418,179.77322,Cloudy,0.3
127,5,Norris (McLaren),44.47655,224.24977,Cloudy,0.3
128,1,Hamilton (Mercedes),45.2199,45.2199,Cloudy,0.3
128,2,Hamilton (Mercedes),45.62922,90.84911,Cloudy,0.3
128,3,Hamilton (Mercedes),45.31982,136.16893,Cloudy,0.3
128,4,Hamilton (Mercedes),45.41006,181.57899,Cloudy,0.3
128,5,Hamilton (Mercedes),45.64634,227.22533,Cloudy,0.3
128,1,Verstappen (Red Bull),44.53133,44.53133,Cloudy,0.3
128,2,Verstappen (Red Bull),45.53122,90.06255,Cloudy,0.3
128,3,Verstappen (Red Bull),45.07635,135.13891,Cloudy,0.3
128,4,Verstappen (Red Bull),44.70662,179.84553,Cloudy,0.3
128,5,Verstappen (Red Bull),44.40645,224.25198,Cloudy,0.3
128,1,Norris (McLaren),45.50583,45.50583,Cloudy,0.3
128,2,Norris (McLaren),44.63854,90.14437,Cloudy,0.3
128,3,Norris (McLaren),44.58829,134.73266,Cloudy,0.3
128,4,Norris (McLaren),44.63987,179.37253,Cloudy,0.3
128,5,Norris (McLaren),45.61059,224.98312,Cloudy,0.3
129,1,Hamilton (Mercedes),44.8516,44.8516,Cloudy,0.3
129,2,Hamilton (Mercedes),45.75006,90.60167,Cloudy,0.3
129,3,Hamilton (Mercedes),45.8981,136.49977,Cloudy,0.3
129,4,Hamilton (Mercedes),45.30569,181.80546,Cloudy,0.3
129,5,Hamilton (Mercedes),44.81071,226.61616,Cloudy,0.3
129,1,Verstappen (Red Bull),44.29238,44.29238,Cloudy,0.3
129,2,Verstappen (Red Bull),44.57623,88.86862,Cloudy,0.3
129,3,Verstappen (Red Bull),44.7777,133.64631,Cloudy,0.3
129,4,Verstappen (Red Bull),44.48697,178.13328,Cloudy,0.3
129,5,Verstappen (Red Bull),44.49224,222.62551,Cloudy,0.3
129,1,Norris (McLaren),44.88116,44.88116,Cloudy,0.3
129,2,Norris (McLaren),45.45114,90.3323,Cloudy,0.3
129,3,Norris (McLaren),44.47914,134.81144,Cloudy,0.3
129,4,Norris (McLaren),44.45118,179.26262,Cloudy,0.3
129,5,Norris (McLaren),44.80578,224.0684,Cloudy,0.3
130,1,Hamilton (Mercedes),44.02403,44.02403,Cloudy,0.3
130,2,Hamilton (Mercedes),44.98855,89.01258,Cloudy,0.3
130,3,Hamilton (Mercedes),44.56089,133.57346,Cloudy,0.3
130,4,Hamilton (Mercedes),43.85982,177.43329,Cloudy,0.3
130,5,Hamilton (Mercedes),45.30701,222.7403,Cloudy,0.3
130,1,Verstappen (Red Bull),44.45933,44.45933,Cloudy,0.3
130,2,Verstappen (Red Bull),45.1566,89.61594,Cloudy,0.3
130,3,Verstappen (Red Bull),45.30032,134.91626,Cloudy,0.3
130,4,Verstappen (Red Bull),43.39994,178.3162,Cloudy,0.3
130,5,Verstappen (Red Bull),44.24649,222.56269,Cloudy,0.3
130,1,Norris (McLaren),46.42925,46.42925,Cloudy,0.3
130,2,Norris (McLaren),44.54173,90.97098,Cloudy,0.3
130,3,Norris (McLaren),44.6414,135.61238,Cloudy,0.3
130,4,Norris (McLaren),42.99815,178.61054,Cloudy,0.3
130,5,Norris (McLaren),44.64943,223.25997,Cloudy,0.3
131,1,Hamilton (Mercedes),45.26973,45.26973,Cloudy,0.3
131,2,Hamilton (Mercedes),45.94313,91.21286,Cloudy,0.3
131,3,Hamilton (Mercedes),44.53675,135.74961,Cloudy,0.3
131,4,Hamilton (Mercedes),44.53731,180.28692,Cloudy,0.3
131,5,Hamilton (Mercedes),44.89758,225.1845,Cloudy,0.3
131,1,Verstappen (Red Bull),45.39951,45.39951,Cloudy,0.3
131,2,Verstappen (Red Bull),44.71717,90.11668,Cloudy,0.3
131,3,Verstappen (Red Bull),43.92007,134.03675,Cloudy,0.3
131,4,Verstappen (Red Bull),44.95661,178.99337,Cloudy,0.3
131,5,Verstappen (Red Bull),44.21208,223.20545,Cloudy,0.3
131,1,Norris (McLaren),45.29475,45.29475,Cloudy,0.3
131,2,Norris (McLaren),45.59145,90.8862,Cloudy,0.3
131,3,Norris (McLaren),45.48119,136.36739,Cloudy,0.3
131,4,Norris (McLaren),45.85752,182.22492,Cloudy,0.3
131,5,Norris (McLaren),45.32134,227.54625,Cloudy,0.3
132,1,Hamilton (Mercedes),45.34713,45.34713,Cloudy,0.3
132,2,Hamilton (Mercedes),45.36095,90.70808,Cloudy,0.3
132,3,Hamilton (Mercedes),46.34723,137.05531,Cloudy,0.3
132,4,Hamilton (Mercedes),45.0763,182.13161,Cloudy,0.3
132,5,Hamilton (Mercedes),44.83811,226.96972,Cloudy,0.3
132,1,Verstappen (Red Bull),45.32693,45.32693,Cloudy,0.3
132,2,Verstappen (Red Bull),44.38549,89.71242,Cloudy,0.3
132,3,Verstappen (Red Bull),44.34181,134.05423,Cloudy,0.3
132,4,Verstappen (Red Bull),44.90406,178.95829,Cloudy,0.3
132,5,Verstappen (Red Bull),44.54774,223.50604,Cloudy,0.3
132,1,Norris (McLaren),45.47781,45.47781,Cloudy,0.3
132,2,Norris (McLaren),44.97121,90.44902,Cloudy,0.3
132,3,Norris (McLaren),44.70436,135.15338,Cloudy,0.3
132,4,Norris (McLaren),44.5463,179.69968,Cloudy,0.3
132,5,Norris (McLaren),44.73199,224.43167,Cloudy,0.3
133,1,Hamilton (Mercedes),45.22256,45.22256,Cloudy,0.3
133,2,Hamilton (Mercedes),45.3829,90.60546,Cloudy,0.3
133,3,Hamilton (Mercedes),45.37446,135.97992,Cloudy,0.3
133,4,Hamilton (Mercedes),45.15603,181.13595,Cloudy,0.3
133,5,Hamilton (Mercedes),45.0594,226.19535,Cloudy,0.3
133,1,Verstappen (Red Bull),44.8029,44.8029,Cloudy,0.3
133,2,Verstappen (Red Bull),45.29589,90.09879,Cloudy,0.3
133,3,Verstappen (Red Bull),44.1209,134.21968,Cloudy,0.3
133,4,Verstappen (Red Bull),44.54287,178.76255,Cloudy,0.3
133,5,Verstappen (Red Bull),45.03905,223.8016,Cloudy,0.3
133,1,Norris (McLaren),44.15542,44.15542,Cloudy,0.3
133,2,Norris (McLaren),44.8843,89.03973,Cloudy,0.3
133,3,Norris (McLaren),45.65669,134.69642,Cloudy,0.3
133,4,Norris (McLaren),44.50251,179.19893,Cloudy,0.3
133,5,Norris (McLaren),44.22074,223.41966,Cloudy,0.3
134,1,Hamilton (Mercedes),44.73562,44.73562,Cloudy,0.3
134,2,Hamilton (Mercedes),45.79785,90.53347,Cloudy,0.3
134,3,Hamilton (Mercedes),46.13011,136.66357,Cloudy,0.3
134,4,Hamilton (Mercedes),44.90507,181.56864,Cloudy,0.3
134,5,Hamilton (Mercedes),44.62172,226.19036,Cloudy,0.3
134,1,Verstappen (Red Bull),44.43161,44.43161,Cloudy,0.3
134,2,Verstappen (Red Bull),45.93674,90.36835,Cloudy,0.3
134,3,Verstappen (Red Bull),45.55355,135.9219,Cloudy,0.3
134,4,Verstappen (Red Bull),45.43566,181.35756,Cloudy,0.3
134,5,Verstappen (Red Bull),45.16137,226.51893,Cloudy,0.3
134,1,Norris (McLaren),44.76774,44.76774,Cloudy,0.3
134,2,Norris (McLaren),45.08055,89.84829,Cloudy,0.3
134,3,Norris (McLaren),44.85591,134.70419,Cloudy,0.3
134,4,Norris (McLaren),45.84457,180.54876,Cloudy,0.3
134,5,Norris (McLaren),43.57763,224.12639,Cloudy,0.3
135,1,Hamilton (Mercedes),45.30016,45.30016,Cloudy,0.3
135,2,Hamilton (Mercedes),45.55104,90.85119,Cloudy,0.3
135,3,Hamilton (Mercedes),44.96234,135.81353,Cloudy,0.3
135,4,Hamilton (Mercedes),44.13671,179.95024,Cloudy,0.3
135,5,Hamilton (Mercedes),45.06844,225.01868,Cloudy,0.3
135,1,Verstappen (Red Bull),44.50311,44.50311,Cloudy,0.3
135,2,Verstappen (Red Bull),44.31987,88.82299,Cloudy,0.3
135,3,Verstappen (Red Bull),43.0408,131.86379,Cloudy,0.3
135,4,Verstappen (Red Bull),45.29233,177.15612,Cloudy,0.3
135,5,Verstappen (Red Bull),45.66947,222.82559,Cloudy,0.3
135,1,Norris (McLaren),44.90221,44.90221,Cloudy,0.3
135,2,Norris (McLaren),45.93278,90.83499,Cloudy,0.3
135,3,Norris (McLaren),44.95259,135.78757,Cloudy,0.3
135,4,Norris (McLaren),45.73599,181.52356,Cloudy,0.3
135,5,Norris (McLaren),44.12405,225.64762,Cloudy,0.3
136,1,Hamilton (Mercedes),46.09598,46.09598,Cloudy,0.3
136,2,Hamilton (Mercedes),44.74731,90.84328,Cloudy,0.3
136,3,Hamilton (Mercedes),44.84791,135.69119,Cloudy,0.3
136,4,Hamilton (Mercedes),45.30653,180.99773,Cloudy,0.3
136,5,Hamilton (Mercedes),45.93292,226.93065,Cloudy,0.3
136,1,Verstappen (Red Bull),44.9401,44.9401,Cloudy,0.3
136,2,Verstappen (Red Bull),43.20621,88.14631,Cloudy,0.3
136,3,Verstappen (Red Bull),44.06775,132.21407,Cloudy,0.3
136,4,Verstappen (Red Bull),45.38502,177.59909,Cloudy,0.3
136,5,Verstappen (Red Bull),44.63056,222.22964,Cloudy,0.3
136,1,Norris (McLaren),44.43422,44.43422,Cloudy,0.3
136,2,Norris (McLaren),45.80849,90.24272,Cloudy,0.3
136,3,Norris (McLaren),45.31724,135.55995,Cloudy,0.3
136,4,Norris (McLaren),45.16168,180.72163,Cloudy,0.3
136,5,Norris (McLaren),44.845,225.56663,Cloudy,0.3
137,1,Hamilton (Mercedes),44.78042,44.78042,Cloudy,0.3
137,2,Hamilton (Mercedes),45.27097,90.05138,Cloudy,0.3
137,3,Hamilton (Mercedes),44.67362,134.72501,Cloudy,0.3
137,4,Hamilton (Mercedes),44.82914,179.55414,Cloudy,0.3
137,5,Hamilton (Mercedes),45.27482,224.82897,Cloudy,0.3
137,1,Verstappen (Red Bull),45.56071,45.56071,Cloudy,0.3
137,2,Verstappen (Red Bull),44.65813,90.21884,Cloudy,0.3
137,3,Verstappen (Red Bull),45.56339,135.78223,Cloudy,0.3
137,4,Verstappen (Red Bull),45.27258,181.05481,Cloudy,0.3
137,5,Verstappen (Red Bull),44.61487,225.66967,Cloudy,0.3
137,1,Norris (McLaren),45.58311,45.58311,Cloudy,0.3
137,2,Norris (McLaren),45.33034,90.91344,Cloudy,0.3
137,3,Norris (McLaren),45.05931,135.97276,Cloudy,0.3
137,4,Norris (McLaren),44.54734,180.5201,Cloudy,0.3
137,5,Norris (McLaren),43.81434,224.33444,Cloudy,0.3
138,1,Hamilton (Mercedes),46.06884,46.06884,Cloudy,0.3
138,2,Hamilton (Mercedes),45.37026,91.4391,Cloudy,0.3
138,3,Hamilton (Mercedes),44.85504,136.29413,Cloudy,0.3
138,4,Hamilton (Mercedes),44.48837,180.78251,Cloudy,0.3
138,5,Hamilton (Mercedes),44.81789,225.6004,Cloudy,0.3
138,1,Verstappen (Red Bull),45.12863,45.12863,Cloudy,0.3
138,2,Verstappen (Red Bull),44.2774,89.40603,Cloudy,0.3
138,3,Verstappen (Red Bull),45.26636,134.67239,Cloudy,0.3
138,4,Verstappen (Red Bull),44.42064,179.09303,Cloudy,0.3
138,5,Verstappen (Red Bull),45.65426,224.74729,Cloudy,0.3
138,1,Norris (McLaren),44.42888,44.42888,Cloudy,0.3
138,2,Norris (McLaren),43.49788,87.92677,Cloudy,0.3
138,3,Norris (McLaren),46.03842,133.96519,Cloudy,0.3
138,4,Norris (McLaren),46.01009,179.97528,Cloudy,0.3
138,5,Norris (McLaren),44.62871,224.60399,Cloudy,0.3
139,1,Hamilton (Mercedes),44.89433,44.89433,Cloudy,0.3
139,2,Hamilton (Mercedes),45.17838,90.07271,Cloudy,0.3
139,3,Hamilton (Mercedes),45.67681,135.74952,Cloudy,0.3
139,4,Hamilton (Mercedes),45.52436,181.27388,Cloudy,0.3
139,5,Hamilton (Mercedes),45.22824,226.50212,Cloudy,0.3
139,1,Verstappen (Red Bull),44.02225,44.02225,Cloudy,0.3
139,2,Verstappen (Red Bull),45.16579,89.18804,Cloudy,0.3
139,3,Verstappen (Red Bull),45.12793,134.31597,Cloudy,0.3
139,4,Verstappen (Red Bull),45.75616,180.07213,Cloudy,0.3
139,5,Verstappen (Red Bull),44.0475,224.11963,Cloudy,0.3
139,1,Norris (McLaren),44.21956,44.21956,Cloudy,0.3
139,2,Norris (McLaren),45.45478,89.67435,Cloudy,0.3
139,3,Norris (McLaren),45.099,134.77335,Cloudy,0.3
139,4,Norris (McLaren),44.8692,179.64255,Cloudy,0.3
139,5,Norris (McLaren),44.76852,224.41107,Cloudy,0.3
140,1,Hamilton (Mercedes),45.28008,45.28008,Cloudy,0.3
140,2,Hamilton (Mercedes),44.7923,90.07238,Cloudy,0.3
140,3,Hamilton (Mercedes),44.66839,134.74078,Cloudy,0.3
140,4,Hamilton (Mercedes),44.54049,179.28127,Cloudy,0.3
140,5,Hamilton (Mercedes),45.37467,224.65593,Cloudy,0.3
140,1,Verstappen (Red Bull),45.93814,45.93814,Cloudy,0.3
140,2,Verstappen (Red Bull),44.84773,90.78587,Cloudy,0.3
140,3,Verstappen (Red Bull),44.42729,135.21316,Cloudy,0.3
140,4,Verstappen (Red Bull),45.45781,180.67097,Cloudy,0.3
140,5,Verstappen (Red Bull),44.57846,225.24943,Cloudy,0.3
140,1,Norris (McLaren),45.32523,45.32523,Cloudy,0.3
140,2,Norris (McLaren),46.51828,91.84351,Cloudy,0.3
140,3,Norris (McLaren),44.60055,136.44407,Cloudy,0.3
140,4,Norris (McLaren),44.61188,181.05595,Cloudy,0.3
140,5,Norris (McLaren),44.63284,225.68879,Cloudy,0.3
141,1,Hamilton (Mercedes),45.43907,45.43907,Cloudy,0.3
141,2,Hamilton (Mercedes),45.98873,91.4278,Cloudy,0.3
141,3,Hamilton (Mercedes),44.25146,135.67926,Cloudy,0.3
141,4,Hamilton (Mercedes),45.39261,181.07187,Cloudy,0.3
141,5,Hamilton (Mercedes),46.32519,227.39706,Cloudy,0.3
141,1,Verstappen (Red Bull),44.35814,44.35814,Cloudy,0.3
141,2,Verstappen (Red Bull),45.09128,89.44942,Cloudy,0.3
141,3,Verstappen (Red Bull),44.02724,133.47666,Cloudy,0.3
141,4,Verstappen (Red Bull),45.03291,178.50957,Cloudy,0.3
141,5,Verstappen (Red Bull),43.85204,222.36161,Cloudy,0.3
141,1,Norris (McLaren),44.80969,44.80969,Cloudy,0.3
141,2,Norris (McLaren),44.88285,89.69254,Cloudy,0.3
141,3,Norris (McLaren),45.08196,134.77449,Cloudy,0.3
141,4,Norris (McLaren),46.22573,181.00023,Cloudy,0.3
141,5,Norris (McLaren),45.64945,226.64968,Cloudy,0.3
142,1,Hamilton (Mercedes),45.19332,45.19332,Cloudy,0.3
142,2,Hamilton (Mercedes),44.89603,90.08935,Cloudy,0.3
142,3,Hamilton (Mercedes),45.04846,135.1378,Cloudy,0.3
142,4,Hamilton (Mercedes),45.19019,180.32799,Cloudy,0.3
142,5,Hamilton (Mercedes),45.9216,226.24959,Cloudy,0.3
142,1,Verstappen (Red Bull),44.71898,44.71898,Cloudy,0.3
142,2,Verstappen (Red Bull),44.69968,89.41866,Cloudy,0.3
142,3,Verstappen (Red Bull),44.38679,133.80545,Cloudy,0.3
142,4,Verstappen (Red Bull),43.85222,177.65767,Cloudy,0.3
142,5,Verstappen (Red Bull),44.74131,222.39899,Cloudy,0.3
142,1,Norris (McLaren),45.38424,45.38424,Cloudy,0.3
142,2,Norris (McLaren),44.4778,89.86203,Cloudy,0.3
142,3,Norris (McLaren),44.09745,133.95948,Cloudy,0.3
142,4,Norris (McLaren),45.97553,179.93501,Cloudy,0.3
142,5,Norris (McLaren),45.27615,225.21116,Cloudy,0.3
143,1,Hamilton (Mercedes),45.68256,45.68256,Cloudy,0.3
143,2,Hamilton (Mercedes),45.80408,91.48664,Cloudy,0.3
143,3,Hamilton (Mercedes),44.70416,136.1908,Cloudy,0.3
143,4,Hamilton (Mercedes),45.53944,181.73024,Cloudy,0.3
143,5,Hamilton (Mercedes),45.57508,227.30532,Cloudy,0.3
143,1,Verstappen (Red Bull),44.67239,44.67239,Cloudy,0.3
143,2,Verstappen (Red Bull),45.08004,89.75243,Cloudy,0.3
143,3,Verstappen (Red Bull),45.11363,134.86606,Cloudy,0.3
143,4,Verstappen (Red Bull),44.96001,179.82608,Cloudy,0.3
143,5,Verstappen (Red Bull),46.08205,225.90812,Cloudy,0.3
143,1,Norris (McLaren),43.70837,43.70837,Cloudy,0.3
143,2,Norris (McLaren),45.68844,89.39681,Cloudy,0.3
143,3,Norris (McLaren),45.47961,134.87642,Cloudy,0.3
143,4,Norris (McLaren),44.89909,179.77551,Cloudy,0.3
143,5,Norris (McLaren),44.95264,224.72815,Cloudy,0.3
144,1,Hamilton (Mercedes),45.52416,45.52416,Cloudy,0.3
144,2,Hamilton (Mercedes),45.27352,90.79768,Cloudy,0.3
144,3,Hamilton (Mercedes),46.14441,136.94209,Cloudy,0.3
144,4,Hamilton (Mercedes),45.25362,182.19571,Cloudy,0.3
144,5,Hamilton (Mercedes),45.71865,227.91436,Cloudy,0.3
144,1,Verstappen (Red Bull),44.40225,44.40225,Cloudy,0.3
144,2,Verstappen (Red Bull),43.83115,88.2334,Cloudy,0.3
144,3,Verstappen (Red Bull),45.82918,134.06258,Cloudy,0.3
144,4,Verstappen (Red Bull),44.38024,178.44282,Cloudy,0.3
144,5,Verstappen (Red Bull),44.24069,222.68351,Cloudy,0.3
144,1,Norris (McLaren),46.06232,46.06232,Cloudy,0.3
144,2,Norris (McLaren),44.52279,90.58511,Cloudy,0.3
144,3,Norris (McLaren),45.45933,136.04444,Cloudy,0.3
144,4,Norris (McLaren),44.81092,180.85536,Cloudy,0.3
144,5,Norris (McLaren),45.46239,226.31775,Cloudy,0.3
145,1,Hamilton (Mercedes),45.6581,45.6581,Cloudy,0.3
145,2,Hamilton (Mercedes),44.43937,90.09747,Cloudy,0.3
145,3,Hamilton (Mercedes),44.52427,134.62175,Cloudy,0.3
145,4,Hamilton (Mercedes),44.24437,178.86612,Cloudy,0.3
145,5,Hamilton (Mercedes),44.14136,223.00749,Cloudy,0.3
145,1,Verstappen (Red Bull),45.31064,45.31064,Cloudy,0.3
145,2,Verstappen (Red Bull),45.52124,90.83189,Cloudy,0.3
145,3,Verstappen (Red Bull),44.61913,135.45102,Cloudy,0.3
145,4,Verstappen (Red Bull),43.4722,178.92322,Cloudy,0.3
145,5,Verstappen (Red Bull),45.97832,224.90154,Cloudy,0.3
145,1,Norris (McLaren),45.08764,45.08764,Cloudy,0.3
145,2,Norris (McLaren),45.88849,90.97612,Cloudy,0.3
145,3,Norris (McLaren),44.52192,135.49804,Cloudy,0.3
145,4,Norris (McLaren),44.21138,179.70942,Cloudy,0.3
145,5,Norris (McLaren),43.59589,223.30532,Cloudy,0.3
146,1,Hamilton (Mercedes),45.73588,45.73588,Cloudy,0.3
146,2,Hamilton (Mercedes),44.88684,90.62272,Cloudy,0.3
146,3,Hamilton (Mercedes),45.0046,135.62732,Cloudy,0.3
146,4,Hamilton (Mercedes),44.87508,180.50239,Cloudy,0.3
146,5,Hamilton (Mercedes),44.60368,225.10607,Cloudy,0.3
146,1,Verstappen (Red Bull),44.53632,44.53632,Cloudy,0.3
146,2,Verstappen (Red Bull),45.36034,89.89667,Cloudy,0.3
146,3,Verstappen (Red Bull),44.69151,134.58818,Cloudy,0.3
146,4,Verstappen (Red Bull),44.51068,179.09886,Cloudy,0.3
146,5,Verstappen (Red Bull),44.53516,223.63402,Cloudy,0.3
146,1,Norris (McLaren),44.71147,44.71147,Cloudy,0.3
146,2,Norris (McLaren),44.86729,89.57877,Cloudy,0.3
146,3,Norris (McLaren),45.79124,135.37,Cloudy,0.3
146,4,Norris (McLaren),45.32616,180.69617,Cloudy,0.3
146,5,Norris (McLaren),44.83936,225.53553,Cloudy,0.3
147,1,Hamilton (Mercedes),45.94153,45.94153,Cloudy,0.3
147,2,Hamilton (Mercedes),46.41315,92.35468,Cloudy,0.3
147,3,Hamilton (Mercedes),45.57618,137.93086,Cloudy,0.3
147,4,Hamilton (Mercedes),44.61924,182.5501,Cloudy,0.3
147,5,Hamilton (Mercedes),45.3574,227.90751,Cloudy,0.3
147,1,Verstappen (Red Bull),45.14521,45.14521,Cloudy,0.3
147,2,Verstappen (Red Bull),44.83593,89.98114,Cloudy,0.3
147,3,Verstappen (Red Bull),45.04829,135.02944,Cloudy,0.3
147,4,Verstappen (Red Bull),44.68946,179.7189,Cloudy,0.3
147,5,Verstappen (Red Bull),44.95075,224.66964,Cloudy,0.3
147,1,Norris (McLaren),45.26199,45.26199,Cloudy,0.3
147,2,Norris (McLaren),45.20228,90.46426,Cloudy,0.3
147,3,Norris (McLaren),44.70024,135.16451,Cloudy,0.3
147,4,Norris (McLaren),44.51651,179.68102,Cloudy,0.3
147,5,Norris (McLaren),44.75715,224.43817,Cloudy,0.3
148,1,Hamilton (Mercedes),46.71028,46.71028,Cloudy,0.3
148,2,Hamilton (Mercedes),46.02531,92.73559,Cloudy,0.3
148,3,Hamilton (Mercedes),44.89656,137.63214,Cloudy,0.3
148,4,Hamilton (Mercedes),44.89047,182.52262,Cloudy,0.3
148,5,Hamilton (Mercedes),45.23868,227.76129,Cloudy,0.3
148,1,Verstappen (Red Bull),45.17439,45.17439,Cloudy,0.3
148,2,Verstappen (Red Bull),44.79103,89.96542,Cloudy,0.3
148,3,Verstappen (Red Bull),44.97959,134.94502,Cloudy,0.3
148,4,Verstappen (Red Bull),45.03331,179.97833,Cloudy,0.3
148,5,Verstappen (Red Bull),43.89626,223.87459,Cloudy,0.3
148,1,Norris (McLaren),45.26006,45.26006,Cloudy,0.3
148,2,Norris (McLaren),45.58397,90.84402,Cloudy,0.3
148,3,Norris (McLaren),44.79916,135.64319,Cloudy,0.3
148,4,Norris (McLaren),45.41473,181.05792,Cloudy,0.3
148,5,Norris (McLaren),45.76743,226.82535,Cloudy,0.3
149,1,Hamilton (Mercedes),44.82513,44.82513,Cloudy,0.3
149,2,Hamilton (Mercedes),45.79484,90.61997,Cloudy,0.3
149,3,Hamilton (Mercedes),45.10353,135.72351,Cloudy,0.3
149,4,Hamilton (Mercedes),45.15811,180.88161,Cloudy,0.3
149,5,Hamilton (Mercedes),45.37865,226.26027,Cloudy,0.3
149,1,Verstappen (Red Bull),44.91889,44.91889,Cloudy,0.3
149,2,Verstappen (Red Bull),45.28099,90.19988,Cloudy,0.3
149,3,Verstappen (Red Bull),45.26614,135.46603,Cloudy,0.3
149,4,Verstappen (Red Bull),44.55077,180.0168,Cloudy,0.3
149,5,Verstappen (Red Bull),43.90554,223.92233,Cloudy,0.3
149,1,Norris (McLaren),45.43251,45.43251,Cloudy,0.3
149,2,Norris (McLaren),45.15122,90.58372,Cloudy,0.3
149,3,Norris (McLaren),45.50506,136.08878,Cloudy,0.3
149,4,Norris (McLaren),46.78806,182.87685,Cloudy,0.3
149,5,Norris (McLaren),44.03636,226.9132,Cloudy,0.3
150,1,Hamilton (Mercedes),45.60809,45.60809,Cloudy,0.3
150,2,Hamilton (Mercedes),44.42816,90.03625,Cloudy,0.3
150,3,Hamilton (Mercedes),45.46277,135.49902,Cloudy,0.3
150,4,Hamilton (Mercedes),44.90582,180.40484,Cloudy,0.3
150,5,Hamilton (Mercedes),45.4062,225.81103,Cloudy,0.3
150,1,Verstappen (Red Bull),45.41154,45.41154,Cloudy,0.3
150,2,Verstappen (Red Bull),44.94205,90.35359,Cloudy,0.3
150,3,Verstappen (Red Bull),44.90631,135.2599,Cloudy,0.3
150,4,Verstappen (Red Bull),44.50701,179.76691,Cloudy,0.3
150,5,Verstappen (Red Bull),45.90215,225.66905,Cloudy,0.3
150,1,Norris (McLaren),44.07985,44.07985,Cloudy,0.3
150,2,Norris (McLaren),45.20528,89.28513,Cloudy,0.3
150,3,Norris (McLaren),45.06541,134.35055,Cloudy,0.3
150,4,Norris (McLaren),44.64597,178.99652,Cloudy,0.3
150,5,Norris (McLaren),46.43003,225.42654,Cloudy,0.3
151,1,Hamilton (Mercedes),45.84095,45.84095,Cloudy,0.3
151,2,Hamilton (Mercedes),44.89147,90.73242,Cloudy,0.3
151,3,Hamilton (Mercedes),45.26337,135.99579,Cloudy,0.3
151,4,Hamilton (Mercedes),45.85612,181.8519,Cloudy,0.3
151,5,Hamilton (Mercedes),45.17611,227.02801,Cloudy,0.3
151,1,Verstappen (Red Bull),44.82924,44.82924,Cloudy,0.3
151,2,Verstappen (Red Bull),45.33358,90.16283,Cloudy,0.3
151,3,Verstappen (Red Bull),44.30441,134.46724,Cloudy,0.3
151,4,Verstappen (Red Bull),45.01974,179.48698,Cloudy,0.3
151,5,Verstappen (Red Bull),44.76076,224.24774,Cloudy,0.3
151,1,Norris (McLaren),45.5177,45.5177,Cloudy,0.3
151,2,Norris (McLaren),45.43298,90.95068,Cloudy,0.3
151,3,Norris (McLaren),44.945,135.89568,Cloudy,0.3
151,4,Norris (McLaren),45.31039,181.20608,Cloudy,0.3
151,5,Norris (McLaren),46.00869,227.21477,Cloudy,0.3
152,1,Hamilton (Mercedes),45.82354,45.82354,Cloudy,0.3
152,2,Hamilton (Mercedes),45.3598,91.18334,Cloudy,0.3
152,3,Hamilton (Mercedes),44.89221,136.07555,Cloudy,0.3
152,4,Hamilton (Mercedes),44.2979,180.37345,Cloudy,0.3
152,5,Hamilton (Mercedes),45.34727,225.72072,Cloudy,0.3
152,1,Verstappen (Red Bull),44.36942,44.36942,Cloudy,0.3
152,2,Verstappen (Red Bull),45.53278,89.9022,Cloudy,0.3
152,3,Verstappen (Red Bull),43.9273,133.8295,Cloudy,0.3
152,4,Verstappen (Red Bull),44.51772,178.34722,Cloudy,0.3
152,5,Verstappen (Red Bull),44.98024,223.32746,Cloudy,0.3
152,1,Norris (McLaren),47.32685,47.32685,Cloudy,0.3
152,2,Norris (McLaren),45.04765,92.3745,Cloudy,0.3
152,3,Norris (McLaren),45.16265,137.53715,Cloudy,0.3
152,4,Norris (McLaren),45.78513,183.32229,Cloudy,0.3
152,5,Norris (McLaren),44.43808,227.76037,Cloudy,0.3
153,1,Hamilton (Mercedes),45.34124,45.34124,Cloudy,0.3
153,2,Hamilton (Mercedes),44.85052,90.19176,Cloudy,0.3
153,3,Hamilton (Mercedes),45.85092,136.04268,Cloudy,0.3
153,4,Hamilton (Mercedes),45.90731,181.95,Cloudy,0.3
153,5,Hamilton (Mercedes),44.70717,226.65717,Cloudy,0.3
153,1,Verstappen (Red Bull),43.69036,43.69036,Cloudy,0.3
153,2,Verstappen (Red Bull),44.78849,88.47885,Cloudy,0.3
153,3,Verstappen (Red Bull),45.06859,133.54744,Cloudy,0.3
153,4,Verstappen (Red Bull),44.87553,178.42297,Cloudy,0.3
153,5,Verstappen (Red Bull),44.84005,223.26303,Cloudy,0.3
153,1,Norris (McLaren),46.4299,46.4299,Cloudy,0.3
153,2,Norris (McLaren),45.32248,91.75238,Cloudy,0.3
153,3,Norris (McLaren),45.47253,137.22491,Cloudy,0.3
153,4,Norris (McLaren),45.56564,182.79055,Cloudy,0.3
153,5,Norris (McLaren),45.72713,228.51768,Cloudy,0.3
154,1,Hamilton (Mercedes),44.62625,44.62625,Cloudy,0.3
154,2,Hamilton (Mercedes),44.84178,89.46804,Cloudy,0.3
154,3,Hamilton (Mercedes),45.72262,135.19065,Cloudy,0.3
154,4,Hamilton (Mercedes),45.59888,180.78953,Cloudy,0.3
154,5,Hamilton (Mercedes),45.1949,225.98443,Cloudy,0.3
154,1,Verstappen (Red Bull),44.21331,44.21331,Cloudy,0.3
154,2,Verstappen (Red Bull),44.31034,88.52365,Cloudy,0.3
154,3,Verstappen (Red Bull),45.61048,134.13413,Cloudy,0.3
154,4,Verstappen (Red Bull),45.83719,179.97132,Cloudy,0.3
154,5,Verstappen (Red Bull),44.13535,224.10666,Cloudy,0.3
154,1,Norris (McLaren),45.35633,45.35633,Cloudy,0.3
154,2,Norris (McLaren),45.81248,91.16881,Cloudy,0.3
154,3,Norris (McLaren),44.29775,135.46656,Cloudy,0.3
154,4,Norris (McLaren),44.30705,179.77361,Cloudy,0.3
154,5,Norris (McLaren),46.04895,225.82256,Cloudy,0.3
155,1,Hamilton (Mercedes),45.32577,45.32577,Cloudy,0.3
155,2,Hamilton (Mercedes),45.78811,91.11389,Cloudy,0.3
155,3,Hamilton (Mercedes),46.23546,137.34935,Cloudy,0.3
155,4,Hamilton (Mercedes),45.25217,182.60152,Cloudy,0.3
155,5,Hamilton (Mercedes),45.24575,227.84727,Cloudy,0.3
155,1,Verstappen (Red Bull),43.52897,43.52897,Cloudy,0.3
155,2,Verstappen (Red Bull),44.12898,87.65795,Cloudy,0.3
155,3,Verstappen (Red Bull),45.49811,133.15607,Cloudy,0.3
155,4,Verstappen (Red Bull),44.47272,177.62879,Cloudy,0.3
155,5,Verstappen (Red Bull),44.82453,222.45332,Cloudy,0.3
155,1,Norris (McLaren),44.83727,44.83727,Cloudy,0.3
155,2,Norris (McLaren),45.13312,89.97039,Cloudy,0.3
155,3,Norris (McLaren),43.69146,133.66185,Cloudy,0.3
155,4,Norris (McLaren),43.46731,177.12916,Cloudy,0.3
155,5,Norris (McLaren),45.41304,222.54221,Cloudy,0.3
156,1,Hamilton (Mercedes),45.51382,45.51382,Cloudy,0.3
156,2,Hamilton (Mercedes),44.93027,90.44409,Cloudy,0.3
156,3,Hamilton (Mercedes),45.63459,136.07868,Cloudy,0.3
156,4,Hamilton (Mercedes),45.5245,181.60318,Cloudy,0.3
156,5,Hamilton (Mercedes),44.85518,226.45836,Cloudy,0.3
156,1,Verstappen (Red Bull),45.25791,45.25791,Cloudy,0.3
156,2,Verstappen (Red Bull),44.74881,90.00672,Cloudy,0.3
156,3,Verstappen (Red Bull),44.44502,134.45173,Cloudy,0.3
156,4,Verstappen (Red Bull),44.374,178.82573,Cloudy,0.3
156,5,Verstappen (Red Bull),43.96215,222.78788,Cloudy,0.3
156,1,Norris (McLaren),44.73153,44.73153,Cloudy,0.3
156,2,Norris (McLaren),44.85079,89.58232,Cloudy,0.3
156,3,Norris (McLaren),45.0147,134.59703,Cloudy,0.3
156,4,Norris (McLaren),46.2292,180.82622,Cloudy,0.3
156,5,Norris (McLaren),45.24495,226.07117,Cloudy,0.3
157,1,Hamilton (Mercedes),45.71651,45.71651,Cloudy,0.3
157,2,Hamilton (Mercedes),45.88378,91.60029,Cloudy,0.3
157,3,Hamilton (Mercedes),45.05805,136.65834,Cloudy,0.3
157,4,Hamilton (Mercedes),45.74865,182.40699,Cloudy,0.3
157,5,Hamilton (Mercedes),45.38599,227.79298,Cloudy,0.3
157,1,Verstappen (Red Bull),45.20502,45.20502,Cloudy,0.3
157,2,Verstappen (Red Bull),45.4328,90.63783,Cloudy,0.3
157,3,Verstappen (Red Bull),44.23557,134.87339,Cloudy,0.3
157,4,Verstappen (Red Bull),45.6956,180.569,Cloudy,0.3
157,5,Verstappen (Red Bull),44.29431,224.86331,Cloudy,0.3
157,1,Norris (McLaren),44.29308,44.29308,Cloudy,0.3
157,2,Norris (McLaren),45.09065,89.38373,Cloudy,0.3
157,3,Norris (McLaren),44.43947,133.82321,Cloudy,0.3
157,4,Norris (McLaren),44.90499,178.7282,Cloudy,0.3
157,5,Norris (McLaren),45.38238,224.11058,Cloudy,0.3
158,1,Hamilton (Mercedes),45.81201,45.81201,Cloudy,0.3
158,2,Hamilton (Mercedes),45.28934,91.10134,Cloudy,0.3
158,3,Hamilton (Mercedes),46.1645,137.26584,Cloudy,0.3
158,4,Hamilton (Mercedes),45.31756,182.5834,Cloudy,0.3
158,5,Hamilton (Mercedes),44.71876,227.30216,Cloudy,0.3
158,1,Verstappen (Red Bull),44.62462,44.62462,Cloudy,0.3
158,2,Verstappen (Red Bull),44.78222,89.40683,Cloudy,0.3
158,3,Verstappen (Red Bull),44.41624,133.82307,Cloudy,0.3
158,4,Verstappen (Red Bull),44.68591,178.50898,Cloudy,0.3
158,5,Verstappen (Red Bull),44.92894,223.43792,Cloudy,0.3
158,1,Norris (McLaren),45.42784,45.42784,Cloudy,0.3
158,2,Norris (McLaren),44.27487,89.70271,Cloudy,0.3
158,3,Norris (McLaren),44.47654,134.17925,Cloudy,0.3
158,4,Norris (McLaren),45.41758,179.59684,Cloudy,0.3
158,5,Norris (McLaren),45.04162,224.63846,Cloudy,0.3
159,1,Hamilton (Mercedes),46.30502,46.30502,Cloudy,0.3
159,2,Hamilton (Mercedes),45.15476,91.45978,Cloudy,0.3
159,3,Hamilton (Mercedes),45.01922,136.479,Cloudy,0.3
159,4,Hamilton (Mercedes),45.69671,182.17571,Cloudy,0.3
159,5,Hamilton (Mercedes),45.04354,227.21925,Cloudy,0.3
159,1,Verstappen (Red Bull),44.26782,44.26782,Cloudy,0.3
159,2,Verstappen (Red Bull),43.96341,88.23124,Cloudy,0.3
159,3,Verstappen (Red Bull),45.13616,133.3674,Cloudy,0.3
159,4,Verstappen (Red Bull),44.48406,177.85146,Cloudy,0.3
159,5,Verstappen (Red Bull),45.47212,223.32357,Cloudy,0.3
159,1,Norris (McLaren),44.29422,44.29422,Cloudy,0.3
159,2,Norris (McLaren),43.63459,87.92882,Cloudy,0.3
159,3,Norris (McLaren),44.94437,132.87318,Cloudy,0.3
159,4,Norris (McLaren),45.32583,178.19901,Cloudy,0.3
159,5,Norris (McLaren),45.30124,223.50026,Cloudy,0.3
160,1,Hamilton (Mercedes),46.09768,46.09768,Cloudy,0.3
160,2,Hamilton (Mercedes),44.93816,91.03585,Cloudy,0.3
160,3,Hamilton (Mercedes),44.5343,135.57015,Cloudy,0.3
160,4,Hamilton (Mercedes),45.77252,181.34267,Cloudy,0.3
160,5,Hamilton (Mercedes),45.29482,226.63749,Cloudy,0.3
160,1,Verstappen (Red Bull),45.19743,45.19743,Cloudy,0.3
160,2,Verstappen (Red Bull),44.23811,89.43554,Cloudy,0.3
160,3,Verstappen (Red Bull),45.15795,134.59349,Cloudy,0.3
160,4,Verstappen (Red Bull),44.29588,178.88937,Cloudy,0.3
160,5,Verstappen (Red Bull),44.96923,223.8586,Cloudy,0.3
160,1,Norris (McLaren),44.55168,44.55168,Cloudy,0.3
160,2,Norris (McLaren),45.95322,90.5049,Cloudy,0.3
160,3,Norris (McLaren),44.88538,135.39028,Cloudy,0.3
160,4,Norris (McLaren),46.14692,181.5372,Cloudy,0.3
160,5,Norris (McLaren),45.60262,227.13983,Cloudy,0.3
161,1,Hamilton (Mercedes),45.58693,45.58693,Cloudy,0.3
161,2,Hamilton (Mercedes),45.84789,91.43482,Cloudy,0.3
161,3,Hamilton (Mercedes),46.48959,137.92442,Cloudy,0.3
161,4,Hamilton (Mercedes),45.59995,183.52437,Cloudy,0.3
161,5,Hamilton (Mercedes),44.84328,228.36765,Cloudy,0.3
161,1,Verstappen (Red Bull),44.9767,44.9767,Cloudy,0.3
161,2,Verstappen (Red Bull),44.85753,89.83423,Cloudy,0.3
161,3,Verstappen (Red Bull),44.39467,134.2289,Cloudy,0.3
161,4,Verstappen (Red Bull),45.09593,179.32483,Cloudy,0.3
161,5,Verstappen (Red Bull),44.57863,223.90346,Cloudy,0.3
161,1,Norris (McLaren),45.52634,45.52634,Cloudy,0.3
161,2,Norris (McLaren),45.88642,91.41276,Cloudy,0.3
161,3,Norris (McLaren),45.38444,136.79719,Cloudy,0.3
161,4,Norris (McLaren),44.21295,181.01014,Cloudy,0.3
161,5,Norris (McLaren),44.45803,225.46817,Cloudy,0.3
162,1,Hamilton (Mercedes),46.34106,46.34106,Cloudy,0.3
162,2,Hamilton (Mercedes),45.58614,91.9272,Cloudy,0.3
162,3,Hamilton (Mercedes),45.67419,137.60139,Cloudy,0.3
162,4,Hamilton (Mercedes),44.89197,182.49336,Cloudy,0.3
162,5,Hamilton (Mercedes),45.34672,227.84008,Cloudy,0.3
162,1,Verstappen (Red Bull),45.08763,45.08763,Cloudy,0.3
162,2,Verstappen (Red Bull),45.26563,90.35326,Cloudy,0.3
162,3,Verstappen (Red Bull),44.71764,135.0709,Cloudy,0.3
162,4,Verstappen (Red Bull),44.8846,179.9555,Cloudy,0.3
162,5,Verstappen (Red Bull),44.70512,224.66063,Cloudy,0.3
162,1,Norris (McLaren),44.91688,44.91688,Cloudy,0.3
162,2,Norris (McLaren),45.3002,90.21708,Cloudy,0.3
162,3,Norris (McLaren),45.52826,135.74534,Cloudy,0.3
162,4,Norris (McLaren),44.43052,180.17586,Cloudy,0.3
162,5,Norris (McLaren),44.75711,224.93296,Cloudy,0.3
163,1,Hamilton (Mercedes),44.99367,44.99367,Cloudy,0.3
163,2,Hamilton (Mercedes),44.94855,89.94221,Cloudy,0.3
163,3,Hamilton (Mercedes),45.27489,135.21711,Cloudy,0.3
163,4,Hamilton (Mercedes),45.75827,180.97537,Cloudy,0.3
163,5,Hamilton (Mercedes),45.01247,225.98784,Cloudy,0.3
163,1,Verstappen (Red Bull),45.06844,45.06844,Cloudy,0.3
163,2,Verstappen (Red Bull),45.00844,90.07688,Cloudy,0.3
163,3,Verstappen (Red Bull),45.05946,135.13634,Cloudy,0.3
163,4,Verstappen (Red Bull),44.23761,179.37395,Cloudy,0.3
163,5,Verstappen (Red Bull),44.66876,224.04271,Cloudy,0.3
163,1,Norris (McLaren),45.24139,45.24139,Cloudy,0.3
163,2,Norris (McLaren),44.29478,89.53617,Cloudy,0.3
163,3,Norris (McLaren),45.41068,134.94685,Cloudy,0.3
163,4,Norris (McLaren),44.66707,179.61392,Cloudy,0.3
163,5,Norris (McLaren),45.23427,224.84818,Cloudy,0.3
164,1,Hamilton (Mercedes),44.94254,44.94254,Cloudy,0.3
164,2,Hamilton (Mercedes),46.79458,91.73712,Cloudy,0.3
164,3,Hamilton (Mercedes),45.21194,136.94905,Cloudy,0.3
164,4,Hamilton (Mercedes),45.76958,182.71863,Cloudy,0.3
164,5,Hamilton (Mercedes),45.39208,228.11071,Cloudy,0.3
164,1,Verstappen (Red Bull),45.4544,45.4544,Cloudy,0.3
164,2,Verstappen (Red Bull),44.92945,90.38385,Cloudy,0.3
164,3,Verstappen (Red Bull),44.05939,134.44324,Cloudy,0.3
164,4,Verstappen (Red Bull),45.40058,179.84382,Cloudy,0.3
164,5,Verstappen (Red Bull),45.99583,225.83964,Cloudy,0.3
164,1,Norris (McLaren),46.38281,46.38281,Cloudy,0.3
164,2,Norris (McLaren),43.91322,90.29603,Cloudy,0.3
164,3,Norris (McLaren),44.86921,135.16524,Cloudy,0.3
164,4,Norris (McLaren),44.82247,179.9877,Cloudy,0.3
164,5,Norris (McLaren),44.28283,224.27054,Cloudy,0.3
165,1,Hamilton (Mercedes),45.39747,45.39747,Cloudy,0.3
165,2,Hamilton (Mercedes),45.51349,90.91095,Cloudy,0.3
165,3,Hamilton (Mercedes),45.49915,136.4101,Cloudy,0.3
165,4,Hamilton (Mercedes),44.63112,181.04122,Cloudy,0.3
165,5,Hamilton (Mercedes),45.20311,226.24433,Cloudy,0.3
165,1,Verstappen (Red Bull),44.6062,44.6062,Cloudy,0.3
165,2,Verstappen (Red Bull),44.82125,89.42745,Cloudy,0.3
165,3,Verstappen (Red Bull),44.26356,133.69101,Cloudy,0.3
165,4,Verstappen (Red Bull),44.67562,178.36662,Cloudy,0.3
165,5,Verstappen (Red Bull),44.34265,222.70928,Cloudy,0.3
165,1,Norris (McLaren),44.21309,44.21309,Cloudy,0.3
165,2,Norris (McLaren),43.81625,88.02934,Cloudy,0.3
165,3,Norris (McLaren),45.61781,133.64715,Cloudy,0.3
165,4,Norris (McLaren),44.32568,177.97283,Cloudy,0.3
165,5,Norris (McLaren),45.23349,223.20632,Cloudy,0.3
166,1,Hamilton (Mercedes),46.56187,46.56187,Cloudy,0.3
166,2,Hamilton (Mercedes),44.73618,91.29805,Cloudy,0.3
166,3,Hamilton (Mercedes),45.30443,136.60248,Cloudy,0.3
166,4,Hamilton (Mercedes),44.72868,181.33116,Cloudy,0.3
166,5,Hamilton (Mercedes),44.83378,226.16493,Cloudy,0.3
166,1,Verstappen (Red Bull),44.89758,44.89758,Cloudy,0.3
166,2,Verstappen (Red Bull),45.10818,90.00576,Cloudy,0.3
166,3,Verstappen (Red Bull),44.55238,134.55814,Cloudy,0.3
166,4,Verstappen (Red Bull),44.23736,178.7955,Cloudy,0.3
166,5,Verstappen (Red Bull),45.13748,223.93299,Cloudy,0.3
166,1,Norris (McLaren),45.14584,45.14584,Cloudy,0.3
166,2,Norris (McLaren),44.31876,89.4646,Cloudy,0.3
166,3,Norris (McLaren),44.30659,133.77119,Cloudy,0.3
166,4,Norris (McLaren),44.25355,178.02474,Cloudy,0.3
166,5,Norris (McLaren),46.00536,224.03011,Cloudy,0.3
167,1,Hamilton (Mercedes),45.83704,45.83704,Cloudy,0.3
167,2,Hamilton (Mercedes),45.68238,91.51941,Cloudy,0.3
167,3,Hamilton (Mercedes),45.09065,136.61006,Cloudy,0.3
167,4,Hamilton (Mercedes),44.68375,181.29381,Cloudy,0.3
167,5,Hamilton (Mercedes),45.89848,227.19229,Cloudy,0.3
167,1,Verstappen (Red Bull),44.74614,44.74614,Cloudy,0.3
167,2,Verstappen (Red Bull),43.93522,88.68136,Cloudy,0.3
167,3,Verstappen (Red Bull),45.5304,134.21176,Cloudy,0.3
167,4,Verstappen (Red Bull),44.29074,178.5025,Cloudy,0.3
167,5,Verstappen (Red Bull),45.0291,223.5316,Cloudy,0.3
167,1,Norris (McLaren),44.31921,44.31921,Cloudy,0.3
167,2,Norris (McLaren),44.23539,88.5546,Cloudy,0.3
167,3,Norris (McLaren),44.82586,133.38046,Cloudy,0.3
167,4,Norris (McLaren),45.68764,179.06809,Cloudy,0.3
167,5,Norris (McLaren),44.41615,223.48424,Cloudy,0.3
168,1,Hamilton (Mercedes),45.80828,45.80828,Cloudy,0.3
168,2,Hamilton (Mercedes),44.56684,90.37511,Cloudy,0.3
168,3,Hamilton (Mercedes),44.19391,134.56902,Cloudy,0.3
168,4,Hamilton (Mercedes),45.89134,180.46036,Cloudy,0.3
168,5,Hamilton (Mercedes),45.79316,226.25352,Cloudy,0.3
168,1,Verstappen (Red Bull),44.87268,44.87268,Cloudy,0.3
168,2,Verstappen (Red Bull),44.54163,89.41431,Cloudy,0.3
168,3,Verstappen (Red Bull),45.02947,134.44378,Cloudy,0.3
168,4,Verstappen (Red Bull),45.00797,179.45176,Cloudy,0.3
168,5,Verstappen (Red Bull),44.65393,224.10568,Cloudy,0.3
168,1,Norris (McLaren),45.06431,45.06431,Cloudy,0.3
168,2,Norris (McLaren),44.7865,89.85081,Cloudy,0.3
168,3,Norris (McLaren),45.376,135.22682,Cloudy,0.3
168,4,Norris (McLaren),44.23953,179.46634,Cloudy,0.3
168,5,Norris (McLaren),46.46446,225.9308,Cloudy,0.3
169,1,Hamilton (Mercedes),44.93905,44.93905,Cloudy,0.3
169,2,Hamilton (Mercedes),45.72924,90.66829,Cloudy,0.3
169,3,Hamilton (Mercedes),45.32811,135.9964,Cloudy,0.3
169,4,Hamilton (Mercedes),45.50554,181.50194,Cloudy,0.3
169,5,Hamilton (Mercedes),45.36922,226.87116,Cloudy,0.3
169,1,Verstappen (Red Bull),45.20897,45.20897,Cloudy,0.3
169,2,Verstappen (Red Bull),44.67058,89.87956,Cloudy,0.3
169,3,Verstappen (Red Bull),45.40563,135.28519,Cloudy,0.3
169,4,Verstappen (Red Bull),44.14087,179.42606,Cloudy,0.3
169,5,Verstappen (Red Bull),45.18356,224.60962,Cloudy,0.3
169,1,Norris (McLaren),44.39776,44.39776,Cloudy,0.3
169,2,Norris (McLaren),44.51895,88.91671,Cloudy,0.3
169,3,Norris (McLaren),44.6119,133.52862,Cloudy,0.3
169,4,Norris (McLaren),45.40475,178.93337,Cloudy,0.3
169,5,Norris (McLaren),44.50794,223.44131,Cloudy,0.3
170,1,Hamilton (Mercedes),44.12899,44.12899,Cloudy,0.3
170,2,Hamilton (Mercedes),45.0713,89.20029,Cloudy,0.3
170,3,Hamilton (Mercedes),44.65533,133.85562,Cloudy,0.3
170,4,Hamilton (Mercedes),45.35857,179.2142,Cloudy,0.3
170,5,Hamilton (Mercedes),46.41618,225.63037,Cloudy,0.3
170,1,Verstappen (Red Bull),45.21165,45.21165,Cloudy,0.3
170,2,Verstappen (Red Bull),45.23193,90.44358,Cloudy,0.3
170,3,Verstappen (Red Bull),45.54622,135.98981,Cloudy,0.3
170,4,Verstappen (Red Bull),43.8068,179.79661,Cloudy,0.3
170,5,Verstappen (Red Bull),45.48438,225.28098,Cloudy,0.3
170,1,Norris (McLaren),45.59322,45.59322,Cloudy,0.3
170,2,Norris (McLaren),45.86477,91.45799,Cloudy,0.3
170,3,Norris (McLaren),44.57661,136.0346,Cloudy,0.3
170,4,Norris (McLaren),46.67458,182.70918,Cloudy,0.3
170,5,Norris (McLaren),44.74322,227.4524,Cloudy,0.3
171,1,Hamilton (Mercedes),45.95548,45.95548,Cloudy,0.3
171,2,Hamilton (Mercedes),45.92711,91.8826,Cloudy,0.3
171,3,Hamilton (Mercedes),45.47204,137.35464,Cloudy,0.3
171,4,Hamilton (Mercedes),45.63095,182.98558,Cloudy,0.3
171,5,Hamilton (Mercedes),45.55394,228.53952,Cloudy,0.3
171,1,Verstappen (Red Bull),44.39322,44.39322,Cloudy,0.3
171,2,Verstappen (Red Bull),44.45945,88.85267,Cloudy,0.3
171,3,Verstappen (Red Bull),45.5751,134.42777,Cloudy,0.3
171,4,Verstappen (Red Bull),44.13746,178.56523,Cloudy,0.3
171,5,Verstappen (Red Bull),43.8599,222.42512,Cloudy,0.3
171,1,Norris (McLaren),44.4705,44.4705,Cloudy,0.3
171,2,Norris (McLaren),44.51,88.9805,Cloudy,0.3
171,3,Norris (McLaren),45.05714,134.03764,Cloudy,0.3
171,4,Norris (McLaren),45.99772,180.03536,Cloudy,0.3
171,5,Norris (McLaren),45.96109,225.99646,Cloudy,0.3
172,1,Hamilton (Mercedes),46.15876,46.15876,Cloudy,0.3
172,2,Hamilton (Mercedes),44.8982,91.05696,Cloudy,0.3
172,3,Hamilton (Mercedes),44.89565,135.95261,Cloudy,0.3
172,4,Hamilton (Mercedes),45.42286,181.37547,Cloudy,0.3
172,5,Hamilton (Mercedes),45.3451,226.72058,Cloudy,0.3
172,1,Verstappen (Red Bull),44.44281,44.44281,Cloudy,0.3
172,2,Verstappen (Red Bull),45.30422,89.74703,Cloudy,0.3
172,3,Verstappen (Red Bull),45.33475,135.08178,Cloudy,0.3
172,4,Verstappen (Red Bull),44.13504,179.21682,Cloudy,0.3
172,5,Verstappen (Red Bull),44.66512,223.88194,Cloudy,0.3
172,1,Norris (McLaren),43.97996,43.97996,Cloudy,0.3
172,2,Norris (McLaren),45.74728,89.72724,Cloudy,0.3
172,3,Norris (McLaren),46.56507,136.29232,Cloudy,0.3
172,4,Norris (McLaren),45.77971,182.07203,Cloudy,0.3
172,5,Norris (McLaren),46.58181,228.65383,Cloudy,0.3
173,1,Hamilton (Mercedes),45.19223,45.19223,Cloudy,0.3
173,2,Hamilton (Mercedes),45.13589,90.32813,Cloudy,0.3
173,3,Hamilton (Mercedes),45.38956,135.71769,Cloudy,0.3
173,4,Hamilton (Mercedes),44.94941,180.66711,Cloudy,0.3
173,5,Hamilton (Mercedes),44.41405,225.08116,Cloudy,0.3
173,1,Verstappen (Red Bull),44.69468,44.69468,Cloudy,0.3
173,2,Verstappen (Red Bull),45.41865,90.11333,Cloudy,0.3
173,3,Verstappen (Red Bull),45.1151,135.22843,Cloudy,0.3
173,4,Verstappen (Red Bull),44.13702,179.36545,Cloudy,0.3
173,5,Verstappen (Red Bull),44.28714,223.65259,Cloudy,0.3
173,1,Norris (McLaren),44.75367,44.75367,Cloudy,0.3
173,2,Norris (McLaren),44.80979,89.56346,Cloudy,0.3
173,3,Norris (McLaren),46.65382,136.21728,Cloudy,0.3
173,4,Norris (McLaren),44.94972,181.167,Cloudy,0.3
173,5,Norris (McLaren),45.93169,227.09869,Cloudy,0.3
174,1,Hamilton (Mercedes),45.2742,45.2742,Cloudy,0.3
174,2,Hamilton (Mercedes),44.96288,90.23708,Cloudy,0.3
174,3,Hamilton (Mercedes),45.57596,135.81303,Cloudy,0.3
174,4,Hamilton (Mercedes),45.00047,180.8135,Cloudy,0.3
174,5,Hamilton (Mercedes),45.32306,226.13657,Cloudy,0.3
174,1,Verstappen (Red Bull),44.64568,44.64568,Cloudy,0.3
174,2,Verstappen (Red Bull),45.5149,90.16059,Cloudy,0.3
174,3,Verstappen (Red Bull),45.34716,135.50774,Cloudy,0.3
174,4,Verstappen (Red Bull),45.6132,181.12094,Cloudy,0.3
174,5,Verstappen (Red Bull),43.16934,224.29028,Cloudy,0.3
174,1,Norris (McLaren),44.62798,44.62798,Cloudy,0.3
174,2,Norris (McLaren),45.39938,90.02736,Cloudy,0.3
174,3,Norris (McLaren),45.44444,135.4718,Cloudy,0.3
174,4,Norris (McLaren),45.70464,181.17644,Cloudy,0.3
174,5,Norris (McLaren),44.95703,226.13347,Cloudy,0.3
175,1,Hamilton (Mercedes),45.60584,45.60584,Cloudy,0.3
175,2,Hamilton (Mercedes),44.79751,90.40335,Cloudy,0.3
175,3,Hamilton (Mercedes),44.44642,134.84977,Cloudy,0.3
175,4,Hamilton (Mercedes),44.61286,179.46263,Cloudy,0.3
175,5,Hamilton (Mercedes),46.27239,225.73502,Cloudy,0.3
175,1,Verstappen (Red Bull),44.86647,44.86647,Cloudy,0.3
175,2,Verstappen (Red Bull),44.83042,89.69689,Cloudy,0.3
175,3,Verstappen (Red Bull),44.30901,134.0059,Cloudy,0.3
175,4,Verstappen (Red Bull),45.1687,179.1746,Cloudy,0.3
175,5,Verstappen (Red Bull),45.07573,224.25033,Cloudy,0.3
175,1,Norris (McLaren),45.09061,45.09061,Cloudy,0.3
175,2,Norris (McLaren),44.55979,89.6504,Cloudy,0.3
175,3,Norris (McLaren),44.85613,134.50653,Cloudy,0.3
175,4,Norris (McLaren),46.01318,180.51971,Cloudy,0.3
175,5,Norris (McLaren),44.83202,225.35173,Cloudy,0.3
176,1,Hamilton (Mercedes),45.55963,45.55963,Cloudy,0.3
176,2,Hamilton (Mercedes),45.85037,91.40999,Cloudy,0.3
176,3,Hamilton (Mercedes),45.01498,136.42497,Cloudy,0.3
176,4,Hamilton (Mercedes),44.30857,180.73354,Cloudy,0.3
176,5,Hamilton (Mercedes),45.8578,226.59134,Cloudy,0.3
176,1,Verstappen (Red Bull),44.89736,44.89736,Cloudy,0.3
176,2,Verstappen (Red Bull),43.99759,88.89495,Cloudy,0.3
176,3,Verstappen (Red Bull),44.59786,133.49281,Cloudy,0.3
176,4,Verstappen (Red Bull),44.589,178.08181,Cloudy,0.3
176,5,Verstappen (Red Bull),44.97599,223.05781,Cloudy,0.3
176,1,Norris (McLaren),46.03287,46.03287,Cloudy,0.3
176,2,Norris (McLaren),46.08777,92.12064,Cloudy,0.3
176,3,Norris (McLaren),45.36618,137.48683,Cloudy,0.3
176,4,Norris (McLaren),45.2317,182.71853,Cloudy,0.3
176,5,Norris (McLaren),45.89288,228.61141,Cloudy,0.3
177,1,Hamilton (Mercedes),45.18422,45.18422,Cloudy,0.3
177,2,Hamilton (Mercedes),45.1875,90.37173,Cloudy,0.3
177,3,Hamilton (Mercedes),44.76282,135.13455,Cloudy,0.3
177,4,Hamilton (Mercedes),44.58129,179.71584,Cloudy,0.3
177,5,Hamilton (Mercedes),45.63238,225.34822,Cloudy,0.3
177,1,Verstappen (Red Bull),44.69389,44.69389,Cloudy,0.3
177,2,Verstappen (Red Bull),44.89771,89.5916,Cloudy,0.3
177,3,Verstappen (Red Bull),44.48313,134.07473,Cloudy,0.3
177,4,Verstappen (Red Bull),44.6808,178.75553,Cloudy,0.3
177,5,Verstappen (Red Bull),44.02002,222.77555,Cloudy,0.3
177,1,Norris (McLaren),46.02665,46.02665,Cloudy,0.3
177,2,Norris (McLaren),44.29387,90.32052,Cloudy,0.3
177,3,Norris (McLaren),46.4569,136.77742,Cloudy,0.3
177,4,Norris (McLaren),45.02707,181.80449,Cloudy,0.3
177,5,Norris (McLaren),44.93684,226.74133,Cloudy,0.3
178,1,Hamilton (Mercedes),44.8607,44.8607,Cloudy,0.3
178,2,Hamilton (Mercedes),45.07234,89.93304,Cloudy,0.3
178,3,Hamilton (Mercedes),44.43293,134.36597,Cloudy,0.3
178,4,Hamilton (Mercedes),45.3433,179.70927,Cloudy,0.3
178,5,Hamilton (Mercedes),44.40667,224.11594,Cloudy,0.3
178,1,Verstappen (Red Bull),43.96129,43.96129,Cloudy,0.3
178,2,Verstappen (Red Bull),45.52503,89.48631,Cloudy,0.3
178,3,Verstappen (Red Bull),45.23188,134.71819,Cloudy,0.3
178,4,Verstappen (Red Bull),43.86752,178.58571,Cloudy,0.3
178,5,Verstappen (Red Bull),44.63501,223.22072,Cloudy,0.3
178,1,Norris (McLaren),44.08983,44.08983,Cloudy,0.3
178,2,Norris (McLaren),44.74111,88.83094,Cloudy,0.3
178,3,Norris (McLaren),45.55005,134.38099,Cloudy,0.3
178,4,Norris (McLaren),44.84374,179.22473,Cloudy,0.3
178,5,Norris (McLaren),43.18108,222.40581,Cloudy,0.3
179,1,Hamilton (Mercedes),44.75138,44.75138,Cloudy,0.3
179,2,Hamilton (Mercedes),45.16126,89.91265,Cloudy,0.3
179,3,Hamilton (Mercedes),45.05808,134.97072,Cloudy,0.3
179,4,Hamilton (Mercedes),45.41437,180.3851,Cloudy,0.3
179,5,Hamilton (Mercedes),44.96523,225.35032,Cloudy,0.3
179,1,Verstappen (Red Bull),45.74547,45.74547,Cloudy,0.3
179,2,Verstappen (Red Bull),44.52554,90.271,Cloudy,0.3
179,3,Verstappen (Red Bull),44.22987,134.50087,Cloudy,0.3
179,4,Verstappen (Red Bull),44.25299,178.75386,Cloudy,0.3
179,5,Verstappen (Red Bull),44.51196,223.26582,Cloudy,0.3
179,1,Norris (McLaren),45.75832,45.75832,Cloudy,0.3
179,2,Norris (McLaren),44.70602,90.46435,Cloudy,0.3
179,3,Norris (McLaren),45.39705,135.86139,Cloudy,0.3
179,4,Norris (McLaren),43.92092,179.78231,Cloudy,0.3
179,5,Norris (McLaren),44.45553,224.23784,Cloudy,0.3
180,1,Hamilton (Mercedes),44.06417,44.06417,Cloudy,0.3
180,2,Hamilton (Mercedes),45.75587,89.82004,Cloudy,0.3
180,3,Hamilton (Mercedes),45.34441,135.16445,Cloudy,0.3
180,4,Hamilton (Mercedes),45.77427,180.93873,Cloudy,0.3
180,5,Hamilton (Mercedes),45.17269,226.11141,Cloudy,0.3
180,1,Verstappen (Red Bull),45.33169,45.33169,Cloudy,0.3
180,2,Verstappen (Red Bull),45.58355,90.91524,Cloudy,0.3
180,3,Verstappen (Red Bull),44.3606,135.27585,Cloudy,0.3
180,4,Verstappen (Red Bull),44.49878,179.77463,Cloudy,0.3
180,5,Verstappen (Red Bull),44.89186,224.66649,Cloudy,0.3
180,1,Norris (McLaren),45.37134,45.37134,Cloudy,0.3
180,2,Norris (McLaren),45.22621,90.59755,Cloudy,0.3
180,3,Norris (McLaren),45.47065,136.0682,Cloudy,0.3
180,4,Norris (McLaren),43.75948,179.82768,Cloudy,0.3
180,5,Norris (McLaren),45.70799,225.53567,Cloudy,0.3
181,1,Hamilton (Mercedes),44.47075,44.47075,Cloudy,0.3
181,2,Hamilton (Mercedes),45.70781,90.17856,Cloudy,0.3
181,3,Hamilton (Mercedes),45.43111,135.60967,Cloudy,0.3
181,4,Hamilton (Mercedes),44.81949,180.42916,Cloudy,0.3
181,5,Hamilton (Mercedes),46.10247,226.53164,Cloudy,0.3
181,1,Verstappen (Red Bull),44.97916,44.97916,Cloudy,0.3
181,2,Verstappen (Red Bull),44.65519,89.63435,Cloudy,0.3
181,3,Verstappen (Red Bull),45.40262,135.03697,Cloudy,0.3
181,4,Verstappen (Red Bull),44.75951,179.79648,Cloudy,0.3
181,5,Verstappen (Red Bull),45.00171,224.79819,Cloudy,0.3
181,1,Norris (McLaren),44.48119,44.48119,Cloudy,0.3
181,2,Norris (McLaren),44.23558,88.71677,Cloudy,0.3
181,3,Norris (McLaren),44.50549,133.22226,Cloudy,0.3
181,4,Norris (McLaren),44.1965,177.41876,Cloudy,0.3
181,5,Norris (McLaren),45.16697,222.58573,Cloudy,0.3
182,1,Hamilton (Mercedes),45.15551,45.15551,Cloudy,0.3
182,2,Hamilton (Mercedes),45.29157,90.44709,Cloudy,0.3
182,3,Hamilton (Mercedes),45.87297,136.32006,Cloudy,0.3
182,4,Hamilton (Mercedes),45.09666,181.41672,Cloudy,0.3
182,5,Hamilton (Mercedes),44.81795,226.23467,Cloudy,0.3
182,1,Verstappen (Red Bull),43.8292,43.8292,Cloudy,0.3
182,2,Verstappen (Red Bull),43.31218,87.14138,Cloudy,0.3
182,3,Verstappen (Red Bull),45.07863,132.22001,Cloudy,0.3
182,4,Verstappen (Red Bull),44.47314,176.69315,Cloudy,0.3
182,5,Verstappen (Red Bull),43.89661,220.58977,Cloudy,0.3
182,1,Norris (McLaren),44.04656,44.04656,Cloudy,0.3
182,2,Norris (McLaren),44.38128,88.42784,Cloudy,0.3
182,3,Norris (McLaren),44.61593,133.04377,Cloudy,0.3
182,4,Norris (McLaren),44.33073,177.3745,Cloudy,0.3
182,5,Norris (McLaren),44.01966,221.39417,Cloudy,0.3
183,1,Hamilton (Mercedes),44.68967,44.68967,Cloudy,0.3
183,2,Hamilton (Mercedes),46.16386,90.85353,Cloudy,0.3
183,3,Hamilton (Mercedes),45.05848,135.91201,Cloudy,0.3
183,4,Hamilton (Mercedes),46.12981,182.04182,Cloudy,0.3
183,5,Hamilton (Mercedes),45.523,227.56482,Cloudy,0.3
183,1,Verstappen (Red Bull),44.98115,44.98115,Cloudy,0.3
183,2,Verstappen (Red Bull),44.11141,89.09256,Cloudy,0.3
183,3,Verstappen (Red Bull),44.99051,134.08307,Cloudy,0.3
183,4,Verstappen (Red Bull),45.17317,179.25623,Cloudy,0.3
183,5,Verstappen (Red Bull),45.30437,224.56061,Cloudy,0.3
183,1,Norris (McLaren),44.83063,44.83063,Cloudy,0.3
183,2,Norris (McLaren),45.63188,90.46251,Cloudy,0.3
183,3,Norris (McLaren),43.99201,134.45452,Cloudy,0.3
183,4,Norris (McLaren),44.98364,179.43815,Cloudy,0.3
183,5,Norris (McLaren),45.12,224.55816,Cloudy,0.3
184,1,Hamilton (Mercedes),45.22533,45.22533,Cloudy,0.3
184,2,Hamilton (Mercedes),46.06383,91.28916,Cloudy,0.3
184,3,Hamilton (Mercedes),45.90785,137.19702,Cloudy,0.3
184,4,Hamilton (Mercedes),45.59064,182.78765,Cloudy,0.3
184,5,Hamilton (Mercedes),45.92846,228.71612,Cloudy,0.3
184,1,Verstappen (Red Bull),44.68248,44.68248,Cloudy,0.3
184,2,Verstappen (Red Bull),45.22654,89.90903,Cloudy,0.3
184,3,Verstappen (Red Bull),46.06396,135.97298,Cloudy,0.3
184,4,Verstappen (Red Bull),45.69909,181.67207,Cloudy,0.3
184,5,Verstappen (Red Bull),44.30073,225.97281,Cloudy,0.3
184,1,Norris (McLaren),45.32344,45.32344,Cloudy,0.3
184,2,Norris (McLaren),45.08175,90.40519,Cloudy,0.3
184,3,Norris (McLaren),44.86457,135.26976,Cloudy,0.3
184,4,Norris (McLaren),46.33753,181.60729,Cloudy,0.3
184,5,Norris (McLaren),45.53664,227.14393,Cloudy,0.3
185,1,Hamilton (Mercedes),45.81014,45.81014,Cloudy,0.3
185,2,Hamilton (Mercedes),45.11348,90.92362,Cloudy,0.3
185,3,Hamilton (Mercedes),45.52745,136.45107,Cloudy,0.3
185,4,Hamilton (Mercedes),45.42047,181.87154,Cloudy,0.3
185,5,Hamilton (Mercedes),45.13441,227.00595,Cloudy,0.3
185,1,Verstappen (Red Bull),44.04619,44.04619,Cloudy,0.3
185,2,Verstappen (Red Bull),45.02469,89.07088,Cloudy,0.3
185,3,Verstappen (Red Bull),44.38101,133.45189,Cloudy,0.3
185,4,Verstappen (Red Bull),45.34763,178.79952,Cloudy,0.3
185,5,Verstappen (Red Bull),44.92583,223.72535,Cloudy,0.3
185,1,Norris (McLaren),43.97546,43.97546,Cloudy,0.3
185,2,Norris (McLaren),44.52359,88.49905,Cloudy,0.3
185,3,Norris (McLaren),46.13795,134.63701,Cloudy,0.3
185,4,Norris (McLaren),45.17553,179.81253,Cloudy,0.3
185,5,Norris (McLaren),46.20237,226.0149,Cloudy,0.3
186,1,Hamilton (Mercedes),44.66313,44.66313,Cloudy,0.3
186,2,Hamilton (Mercedes),45.08835,89.75148,Cloudy,0.3
186,3,Hamilton (Mercedes),45.41084,135.16232,Cloudy,0.3
186,4,Hamilton (Mercedes),46.32096,181.48329,Cloudy,0.3
186,5,Hamilton (Mercedes),44.08439,225.56768,Cloudy,0.3
186,1,Verstappen (Red Bull),45.38078,45.38078,Cloudy,0.3
186,2,Verstappen (Red Bull),43.77485,89.15563,Cloudy,0.3
186,3,Verstappen (Red Bull),44.27827,133.4339,Cloudy,0.3
186,4,Verstappen (Red Bull),44.48946,177.92335,Cloudy,0.3
186,5,Verstappen (Red Bull),44.60218,222.52554,Cloudy,0.3
186,1,Norris (McLaren),45.14323,45.14323,Cloudy,0.3
186,2,Norris (McLaren),44.08007,89.22329,Cloudy,0.3
186,3,Norris (McLaren),44.87873,134.10202,Cloudy,0.3
186,4,Norris (McLaren),45.10921,179.21123,Cloudy,0.3
186,5,Norris (McLaren),45.73925,224.95048,Cloudy,0.3
187,1,Hamilton (Mercedes),45.66008,45.66008,Cloudy,0.3
187,2,Hamilton (Mercedes),45.23269,90.89277,Cloudy,0.3
187,3,Hamilton (Mercedes),45.52834,136.42111,Cloudy,0.3
187,4,Hamilton (Mercedes),44.19666,180.61777,Cloudy,0.3
187,5,Hamilton (Mercedes),45.18524,225.80302,Cloudy,0.3
187,1,Verstappen (Red Bull),44.76609,44.76609,Cloudy,0.3
187,2,Verstappen (Red Bull),44.38044,89.14653,Cloudy,0.3
187,3,Verstappen (Red Bull),43.89717,133.0437,Cloudy,0.3
187,4,Verstappen (Red Bull),44.60004,177.64374,Cloudy,0.3
187,5,Verstappen (Red Bull),45.11698,222.76071,Cloudy,0.3
187,1,Norris (McLaren),46.52057,46.52057,Cloudy,0.3
187,2,Norris (McLaren),44.68219,91.20275,Cloudy,0.3
187,3,Norris (McLaren),44.48372,135.68647,Cloudy,0.3
187,4,Norris (McLaren),44.70695,180.39342,Cloudy,0.3
187,5,Norris (McLaren),45.31213,225.70555,Cloudy,0.3
188,1,Hamilton (Mercedes),44.97426,44.97426,Cloudy,0.3
188,2,Hamilton (Mercedes),46.34722,91.32148,Cloudy,0.3
188,3,Hamilton (Mercedes),46.04093,137.36241,Cloudy,0.3
188,4,Hamilton (Mercedes),46.68804,184.05045,Cloudy,0.3
188,5,Hamilton (Mercedes),45.58552,229.63597,Cloudy,0.3
188,1,Verstappen (Red Bull),45.05286,45.05286,Cloudy,0.3
188,2,Verstappen (Red Bull),43.70223,88.75509,Cloudy,0.3
188,3,Verstappen (Red Bull),44.99313,133.74822,Cloudy,0.3
188,4,Verstappen (Red Bull),44.49121,178.23943,Cloudy,0.3
188,5,Verstappen (Red Bull),45.32993,223.56936,Cloudy,0.3
188,1,Norris (McLaren),45.32944,45.32944,Cloudy,0.3
188,2,Norris (McLaren),44.29761,89.62706,Cloudy,0.3
188,3,Norris (McLaren),44.9959,134.62296,Cloudy,0.3
188,4,Norris (McLaren),45.0247,179.64766,Cloudy,0.3
188,5,Norris (McLaren),45.36672,225.01439,Cloudy,0.3
189,1,Hamilton (Mercedes),45.0367,45.0367,Cloudy,0.3
189,2,Hamilton (Mercedes),44.86887,89.90556,Cloudy,0.3
189,3,Hamilton (Mercedes),44.80881,134.71437,Cloudy,0.3
189,4,Hamilton (Mercedes),45.35935,180.07372,Cloudy,0.3
189,5,Hamilton (Mercedes),45.16184,225.23556,Cloudy,0.3
189,1,Verstappen (Red Bull),45.3919,45.3919,Cloudy,0.3
189,2,Verstappen (Red Bull),45.97959,91.37149,Cloudy,0.3
189,3,Verstappen (Red Bull),44.99327,136.36476,Cloudy,0.3
189,4,Verstappen (Red Bull),45.51178,181.87654,Cloudy,0.3
189,5,Verstappen (Red Bull),45.18698,227.06351,Cloudy,0.3
189,1,Norris (McLaren),45.27292,45.27292,Cloudy,0.3
189,2,Norris (McLaren),44.90307,90.176,Cloudy,0.3
189,3,Norris (McLaren),44.55029,134.72629,Cloudy,0.3
189,4,Norris (McLaren),46.80087,181.52717,Cloudy,0.3
189,5,Norris (McLaren),44.42929,225.95646,Cloudy,0.3
190,1,Hamilton (Mercedes),45.59912,45.59912,Cloudy,0.3
190,2,Hamilton (Mercedes),45.18146,90.78058,Cloudy,0.3
190,3,Hamilton (Mercedes),45.17578,135.95636,Cloudy,0.3
190,4,Hamilton (Mercedes),45.47758,181.43394,Cloudy,0.3
190,5,Hamilton (Mercedes),45.26435,226.69829,Cloudy,0.3
190,1,Verstappen (Red Bull),45.70006,45.70006,Cloudy,0.3
190,2,Verstappen (Red Bull),43.98141,89.68147,Cloudy,0.3
190,3,Verstappen (Red Bull),44.90537,134.58684,Cloudy,0.3
190,4,Verstappen (Red Bull),45.96255,180.54939,Cloudy,0.3
190,5,Verstappen (Red Bull),45.85964,226.40903,Cloudy,0.3
190,1,Norris (McLaren),45.97328,45.97328,Cloudy,0.3
190,2,Norris (McLaren),44.36966,90.34294,Cloudy,0.3
190,3,Norris (McLaren),45.74531,136.08825,Cloudy,0.3
190,4,Norris (McLaren),45.4135,181.50176,Cloudy,0.3
190,5,Norris (McLaren),45.19382,226.69558,Cloudy,0.3
191,1,Hamilton (Mercedes),45.10722,45.10722,Cloudy,0.3
191,2,Hamilton (Mercedes),45.79325,90.90047,Cloudy,0.3
191,3,Hamilton (Mercedes),45.3,136.20047,Cloudy,0.3
191,4,Hamilton (Mercedes),45.67335,181.87383,Cloudy,0.3
191,5,Hamilton (Mercedes),45.06802,226.94185,Cloudy,0.3
191,1,Verstappen (Red Bull),44.28004,44.28004,Cloudy,0.3
191,2,Verstappen (Red Bull),43.99383,88.27387,Cloudy,0.3
191,3,Verstappen (Red Bull),44.63147,132.90534,Cloudy,0.3
191,4,Verstappen (Red Bull),44.37984,177.28518,Cloudy,0.3
191,5,Verstappen (Red Bull),44.28518,221.57036,Cloudy,0.3
191,1,Norris (McLaren),44.14878,44.14878,Cloudy,0.3
191,2,Norris (McLaren),45.36333,89.51211,Cloudy,0.3
191,3,Norris (McLaren),46.2436,135.75571,Cloudy,0.3
191,4,Norris (McLaren),45.74463,181.50033,Cloudy,0.3
191,5,Norris (McLaren),46.44815,227.94848,Cloudy,0.3
192,1,Hamilton (Mercedes),45.92058,45.92058,Cloudy,0.3
192,2,Hamilton (Mercedes),45.771,91.69158,Cloudy,0.3
192,3,Hamilton (Mercedes),46.59901,138.29058,Cloudy,0.3
192,4,Hamilton (Mercedes),45.62059,183.91118,Cloudy,0.3
192,5,Hamilton (Mercedes),46.05196,229.96314,Cloudy,0.3
192,1,Verstappen (Red Bull),44.21362,44.21362,Cloudy,0.3
192,2,Verstappen (Red Bull),44.59567,88.80929,Cloudy,0.3
192,3,Verstappen (Red Bull),45.31841,134.12769,Cloudy,0.3
192,4,Verstappen (Red Bull),45.3354,179.4631,Cloudy,0.3
192,5,Verstappen (Red Bull),45.84069,225.30379,Cloudy,0.3
192,1,Norris (McLaren),44.91999,44.91999,Cloudy,0.3
192,2,Norris (McLaren),45.36982,90.28981,Cloudy,0.3
192,3,Norris (McLaren),46.01589,136.3057,Cloudy,0.3
192,4,Norris (McLaren),44.53245,180.83815,Cloudy,0.3
192,5,Norris (McLaren),44.90704,225.74519,Cloudy,0.3
193,1,Hamilton (Mercedes),44.45751,44.45751,Cloudy,0.3
193,2,Hamilton (Mercedes),44.63182,89.08933,Cloudy,0.3
193,3,Hamilton (Mercedes),45.88322,134.97255,Cloudy,0.3
193,4,Hamilton (Mercedes),45.84517,180.81772,Cloudy,0.3
193,5,Hamilton (Mercedes),46.49303,227.31075,Cloudy,0.3
193,1,Verstappen (Red Bull),44.62818,44.62818,Cloudy,0.3
193,2,Verstappen (Red Bull),44.73353,89.36171,Cloudy,0.3
193,3,Verstappen (Red Bull),44.4178,133.77951,Cloudy,0.3
193,4,Verstappen (Red Bull),44.73418,178.51369,Cloudy,0.3
193,5,Verstappen (Red Bull),45.40929,223.92298,Cloudy,0.3
193,1,Norris (McLaren),44.22284,44.22284,Cloudy,0.3
193,2,Norris (McLaren),45.26205,89.48488,Cloudy,0.3
193,3,Norris (McLaren),46.15521,135.64009,Cloudy,0.3
193,4,Norris (McLaren),45.1259,180.76598,Cloudy,0.3
193,5,Norris (McLaren),44.9091,225.67508,Cloudy,0.3
194,1,Hamilton (Mercedes),45.65264,45.65264,Cloudy,0.3
194,2,Hamilton (Mercedes),45.45072,91.10336,Cloudy,0.3
194,3,Hamilton (Mercedes),45.17875,136.28211,Cloudy,0.3
194,4,Hamilton (Mercedes),45.23949,181.52161,Cloudy,0.3
194,5,Hamilton (Mercedes),45.44785,226.96946,Cloudy,0.3
194,1,Verstappen (Red Bull),44.91029,44.91029,Cloudy,0.3
194,2,Verstappen (Red Bull),44.97417,89.88446,Cloudy,0.3
194,3,Verstappen (Red Bull),44.69289,134.57735,Cloudy,0.3
194,4,Verstappen (Red Bull),44.85918,179.43653,Cloudy,0.3
194,5,Verstappen (Red Bull),45.23864,224.67517,Cloudy,0.3
194,1,Norris (McLaren),45.20861,45.20861,Cloudy,0.3
194,2,Norris (McLaren),43.631,88.83962,Cloudy,0.3
194,3,Norris (McLaren),44.60135,133.44096,Cloudy,0.3
194,4,Norris (McLaren),45.83611,179.27707,Cloudy,0.3
194,5,Norris (McLaren),45.51195,224.78902,Cloudy,0.3
195,1,Hamilton (Mercedes),44.83071,44.83071,Cloudy,0.3
195,2,Hamilton (Mercedes),45.19052,90.02123,Cloudy,0.3
195,3,Hamilton (Mercedes),44.75479,134.77602,Cloudy,0.3
195,4,Hamilton (Mercedes),45.05292,179.82894,Cloudy,0.3
195,5,Hamilton (Mercedes),44.951,224.77994,Cloudy,0.3
195,1,Verstappen (Red Bull),45.36194,45.36194,Cloudy,0.3
195,2,Verstappen (Red Bull),43.96334,89.32528,Cloudy,0.3
195,3,Verstappen (Red Bull),44.78264,134.10792,Cloudy,0.3
195,4,Verstappen (Red Bull),44.40424,178.51216,Cloudy,0.3
195,5,Verstappen (Red Bull),44.53782,223.04999,Cloudy,0.3
195,1,Norris (McLaren),45.86926,45.86926,Cloudy,0.3
195,2,Norris (McLaren),44.59028,90.45954,Cloudy,0.3
195,3,Norris (McLaren),45.71422,136.17376,Cloudy,0.3
195,4,Norris (McLaren),44.16938,180.34315,Cloudy,0.3
195,5,Norris (McLaren),45.01485,225.358,Cloudy,0.3
196,1,Hamilton (Mercedes),44.8229,44.8229,Cloudy,0.3
196,2,Hamilton (Mercedes),45.17801,90.0009,Cloudy,0.3
196,3,Hamilton (Mercedes),45.1049,135.10581,Cloudy,0.3
196,4,Hamilton (Mercedes),45.37516,180.48097,Cloudy,0.3
196,5,Hamilton (Mercedes),45.26647,225.74744,Cloudy,0.3
196,1,Verstappen (Red Bull),44.40133,44.40133,Cloudy,0.3
196,2,Verstappen (Red Bull),45.26702,89.66834,Cloudy,0.3
196,3,Verstappen (Red Bull),45.20399,134.87234,Cloudy,0.3
196,4,Verstappen (Red Bull),44.71662,179.58896,Cloudy,0.3
196,5,Verstappen (Red Bull),44.37923,223.96819,Cloudy,0.3
196,1,Norris (McLaren),45.67525,45.67525,Cloudy,0.3
196,2,Norris (McLaren),45.60411,91.27937,Cloudy,0.3
196,3,Norris (McLaren),45.41091,136.69027,Cloudy,0.3
196,4,Norris (McLaren),44.6684,181.35867,Cloudy,0.3
196,5,Norris (McLaren),45.83721,227.19588,Cloudy,0.3
197,1,Hamilton (Mercedes),44.38316,44.38316,Cloudy,0.3
197,2,Hamilton (Mercedes),46.23108,90.61424,Cloudy,0.3
197,3,Hamilton (Mercedes),46.90608,137.52031,Cloudy,0.3
197,4,Hamilton (Mercedes),46.48222,184.00254,Cloudy,0.3
197,5,Hamilton (Mercedes),45.55937,229.56191,Cloudy,0.3
197,1,Verstappen (Red Bull),44.97225,44.97225,Cloudy,0.3
197,2,Verstappen (Red Bull),45.00856,89.9808,Cloudy,0.3
197,3,Verstappen (Red Bull),44.45858,134.43938,Cloudy,0.3
197,4,Verstappen (Red Bull),44.73586,179.17524,Cloudy,0.3
197,5,Verstappen (Red Bull),43.914,223.08925,Cloudy,0.3
197,1,Norris (McLaren),45.66685,45.66685,Cloudy,0.3
197,2,Norris (McLaren),44.90946,90.57631,Cloudy,0.3
197,3,Norris (McLaren),45.20486,135.78117,Cloudy,0.3
197,4,Norris (McLaren),46.26053,182.0417,Cloudy,0.3
197,5,Norris (McLaren),45.14181,227.18351,Cloudy,0.3
198,1,Hamilton (Mercedes),45.13589,45.13589,Cloudy,0.3
198,2,Hamilton (Mercedes),45.57502,90.71091,Cloudy,0.3
198,3,Hamilton (Mercedes),45.62471,136.33562,Cloudy,0.3
198,4,Hamilton (Mercedes),45.52044,181.85606,Cloudy,0.3
198,5,Hamilton (Mercedes),45.08023,226.93629,Cloudy,0.3
198,1,Verstappen (Red Bull),45.54746,45.54746,Cloudy,0.3
198,2,Verstappen (Red Bull),44.38687,89.93433,Cloudy,0.3
198,3,Verstappen (Red Bull),44.40573,134.34006,Cloudy,0.3
198,4,Verstappen (Red Bull),44.03327,178.37333,Cloudy,0.3
198,5,Verstappen (Red Bull),44.91085,223.28418,Cloudy,0.3
198,1,Norris (McLaren),45.4441,45.4441,Cloudy,0.3
198,2,Norris (McLaren),46.21651,91.66061,Cloudy,0.3
198,3,Norris (McLaren),44.21086,135.87147,Cloudy,0.3
198,4,Norris (McLaren),43.59961,179.47108,Cloudy,0.3
198,5,Norris (McLaren),44.67947,224.15054,Cloudy,0.3
199,1,Hamilton (Mercedes),44.9026,44.9026,Cloudy,0.3
199,2,Hamilton (Mercedes),45.54569,90.44829,Cloudy,0.3
199,3,Hamilton (Mercedes),45.28616,135.73445,Cloudy,0.3
199,4,Hamilton (Mercedes),46.04132,181.77577,Cloudy,0.3
199,5,Hamilton (Mercedes),44.65208,226.42785,Cloudy,0.3
199,1,Verstappen (Red Bull),45.55409,45.55409,Cloudy,0.3
199,2,Verstappen (Red Bull),45.23057,90.78466,Cloudy,0.3
199,3,Verstappen (Red Bull),45.01229,135.79694,Cloudy,0.3
199,4,Verstappen (Red Bull),45.70969,181.50664,Cloudy,0.3
199,5,Verstappen (Red Bull),45.42765,226.93428,Cloudy,0.3
199,1,Norris (McLaren),45.36132,45.36132,Cloudy,0.3
199,2,Norris (McLaren),45.37238,90.7337,Cloudy,0.3
199,3,Norris (McLaren),43.56272,134.29642,Cloudy,0.3
199,4,Norris (McLaren),44.99673,179.29315,Cloudy,0.3
199,5,Norris (McLaren),45.21633,224.50948,Cloudy,0.3
200,1,Hamilton (Mercedes),45.16446,45.16446,Cloudy,0.3
200,2,Hamilton (Mercedes),44.76813,89.93259,Cloudy,0.3
200,3,Hamilton (Mercedes),45.01412,134.94671,Cloudy,0.3
200,4,Hamilton (Mercedes),44.49927,179.44598,Cloudy,0.3
200,5,Hamilton (Mercedes),43.9892,223.43518,Cloudy,0.3
200,1,Verstappen (Red Bull),45.55121,45.55121,Cloudy,0.3
200,2,Verstappen (Red Bull),45.11065,90.66186,Cloudy,0.3
200,3,Verstappen (Red Bull),44.99901,135.66087,Cloudy,0.3
200,4,Verstappen (Red Bull),45.87423,181.5351,Cloudy,0.3
200,5,Verstappen (Red Bull),45.14986,226.68496,Cloudy,0.3
200,1,Norris (McLaren),45.90339,45.90339,Cloudy,0.3
200,2,Norris (McLaren),46.3267,92.23009,Cloudy,0.3
200,3,Norris (McLaren),45.32527,137.55536,Cloudy,0.3
200,4,Norris (McLaren),44.61822,182.17358,Cloudy,0.3
200,5,Norris (McLaren),45.41176,227.58534,Cloudy,0.3
