trial,lap,entrant,lap_time,cumulative_time,weather,wetness
1,1,Hamilton (Mercedes),42.08955,42.08955,Cloudy,0.25
1,2,Hamilton (Mercedes),43.11533,85.20488,Cloudy,0.25
1,3,Hamilton (Mercedes),41.94533,127.15021,Cloudy,0.25
1,4,Hamilton (Mercedes),43.47904,170.62924,Cloudy,0.25
1,5,Hamilton (Mercedes),43.91639,214.54563,Cloudy,0.25
1,1,Verstappen (Red Bull),42.65245,42.65245,Cloudy,0.25
1,2,Verstappen (Red Bull),41.50398,84.15643,Cloudy,0.25
1,3,Verstappen (Red Bull),42.69862,126.85505,Cloudy,0.25
1,4,Verstappen (Red Bull),43.99414,170.84919,Cloudy,0.25
1,5,Verstappen (Red Bull),41.96703,212.81622,Cloudy,0.25
1,1,Norris (McLaren),43.32688,43.32688,Cloudy,0.25
1,2,Norris (McLaren),43.79893,87.12581,Cloudy,0.25
1,3,Norris (McLaren),43.16679,130.2926,Cloudy,0.25
1,4,Norris (McLaren),43.10908,173.40168,Cloudy,0.25
1,5,Norris (McLaren),43.34852,216.75021,Cloudy,0.25
1,1,Leclerc (Ferrari),42.60357,42.60357,Cloudy,0.25
1,2,Leclerc (Ferrari),43.52416,86.12773,Cloudy,0.25
1,3,Leclerc (Ferrari),42.43179,128.55952,Cloudy,0.25
1,4,Leclerc (Ferrari),42.02738,170.5869,Cloudy,0.25
1,5,Leclerc (Ferrari),43.35637,213.94327,Cloudy,0.25
2,1,Hamilton (Mercedes),42.57661,42.57661,Cloudy,0.25
2,2,Hamilton (Mercedes),42.80801,85.38462,Cloudy,0.25
2,3,Hamilton (Mercedes),42.79012,128.17473,Cloudy,0.25
2,4,Hamilton (Mercedes),43.36652,171.54126,Cloudy,0.25
2,5,Hamilton (Mercedes),42.70162,214.24287,Cloudy,0.25
2,1,Verstappen (Red Bull),42.16053,42.16053,Cloudy,0.25
2,2,Verstappen (Red Bull),41.63571,83.79624,Cloudy,0.25
2,3,Verstappen (Red Bull),41.69411,125.49036,Cloudy,0.25
2,4,Verstappen (Red Bull),42.81505,168.3054,Cloudy,0.25
2,5,Verstappen (Red Bull),42.16011,210.46551,Cloudy,0.25
2,1,Norris (McLaren),42.09592,42.09592,Cloudy,0.25
2,2,Norris (McLaren),43.05835,85.15427,Cloudy,0.25
2,3,Norris (McLaren),42.73887,127.89314,Cloudy,0.25
2,4,Norris (McLaren),43.45239,171.34554,Cloudy,0.25
2,5,Norris (McLaren),42.95963,214.30516,Cloudy,0.25
2,1,Leclerc (Ferrari),42.29502,42.29502,Cloudy,0.25
2,2,Leclerc (Ferrari),42.87058,85.1656,Cloudy,0.25
2,3,Leclerc (Ferrari),43.01471,128.18032,Cloudy,0.25
2,4,Leclerc (Ferrari),42.76747,170.94779,Cloudy,0.25
2,5,Leclerc (Ferrari),42.54042,213.4882,Cloudy,0.25
3,1,Hamilton (Mercedes),43.23093,43.23093,Cloudy,0.25
3,2,Hamilton (Mercedes),41.77652,85.00745,Cloudy,0.25
3,3,Hamilton (Mercedes),42.66357,127.67102,Cloudy,0.25
3,4,Hamilton (Mercedes),43.17694,170.84796,Cloudy,0.25
3,5,Hamilton (Mercedes),43.4657,214.31366,Cloudy,0.25
3,1,Verstappen (Red Bull),41.96117,41.96117,Cloudy,0.25
3,2,Verstappen (Red Bull),42.00117,83.96234,Cloudy,0.25
3,3,Verstappen (Red Bull),42.48804,126.45038,Cloudy,0.25
3,4,Verstappen (Red Bull),42.23358,168.68396,Cloudy,0.25
3,5,Verstappen (Red Bull),42.87725,211.56121,Cloudy,0.25
3,1,Norris (McLaren),42.92959,42.92959,Cloudy,0.25
3,2,Norris (McLaren),42.08013,85.00973,Cloudy,0.25
3,3,Norris (McLaren),43.2686,128.27833,Cloudy,0.25
3,4,Norris (McLaren),44.17226,172.45058,Cloudy,0.25
3,5,Norris (McLaren),42.89905,215.34963,Cloudy,0.25
3,1,Leclerc (Ferrari),41.04853,41.04853,Cloudy,0.25
3,2,Leclerc (Ferrari),42.72813,83.77666,Cloudy,0.25
3,3,Leclerc (Ferrari),42.1128,125.88946,Cloudy,0.25
3,4,Leclerc (Ferrari),43.13568,169.02514,Cloudy,0.25
3,5,Leclerc (Ferrari),41.63836,210.66349,Cloudy,0.25
4,1,Hamilton (Mercedes),42.50549,42.50549,Cloudy,0.25
4,2,Hamilton (Mercedes),43.15481,85.66031,Cloudy,0.25
4,3,Hamilton (Mercedes),42.24911,127.90941,Cloudy,0.25
4,4,Hamilton (Mercedes),42.64372,170.55314,Cloudy,0.25
4,5,Hamilton (Mercedes),43.22558,213.77872,Cloudy,0.25
4,1,Verstappen (Red Bull),43.05208,43.05208,Cloudy,0.25
4,2,Verstappen (Red Bull),43.09162,86.1437,Cloudy,0.25
4,3,Verstappen (Red Bull),42.30246,128.44616,Cloudy,0.25
4,4,Verstappen (Red Bull),41.50755,169.95371,Cloudy,0.25
4,5,Verstappen (Red Bull),43.25197,213.20568,Cloudy,0.25
4,1,Norris (McLaren),44.46149,44.46149,Cloudy,0.25
4,2,Norris (McLaren),42.70995,87.17144,Cloudy,0.25
4,3,Norris (McLaren),44.14726,131.31869,Cloudy,0.25
4,4,Norris (McLaren),43.25337,174.57206,Cloudy,0.25
4,5,Norris (McLaren),43.04387,217.61593,Cloudy,0.25
4,1,Leclerc (Ferrari),42.85118,42.85118,Cloudy,0.25
4,2,Leclerc (Ferrari),42.51506,85.36624,Cloudy,0.25
4,3,Leclerc (Ferrari),42.11317,127.47942,Cloudy,0.25
4,4,Leclerc (Ferrari),42.63488,170.1143,Cloudy,0.25
4,5,Leclerc (Ferrari),42.67109,212.78538,Cloudy,0.25
5,1,Hamilton (Mercedes),43.03646,43.03646,Cloudy,0.25
5,2,Hamilton (Mercedes),43.38589,86.42235,Cloudy,0.25
5,3,Hamilton (Mercedes),42.80186,129.22421,Cloudy,0.25
5,4,Hamilton (Mercedes),42.16373,171.38793,Cloudy,0.25
5,5,Hamilton (Mercedes),43.40811,214.79604,Cloudy,0.25
5,1,Verstappen (Red Bull),43.29484,43.29484,Cloudy,0.25
5,2,Verstappen (Red Bull),43.15864,86.45349,Cloudy,0.25
5,3,Verstappen (Red Bull),42.15711,128.6106,Cloudy,0.25
5,4,Verstappen (Red Bull),42.81421,171.4248,Cloudy,0.25
5,5,Verstappen (Red Bull),43.06004,214.48484,Cloudy,0.25
5,1,Norris (McLaren),42.76039,42.76039,Cloudy,0.25
5,2,Norris (McLaren),42.38794,85.14833,Cloudy,0.25
5,3,Norris (McLaren),42.13151,127.27983,Cloudy,0.25
5,4,Norris (McLaren),42.23979,169.51963,Cloudy,0.25
5,5,Norris (McLaren),42.88423,212.40386,Cloudy,0.25
5,1,Leclerc (Ferrari),42.65204,42.65204,Cloudy,0.25
5,2,Leclerc (Ferrari),42.41153,85.06357,Cloudy,0.25
5,3,Leclerc (Ferrari),41.54343,126.607,Cloudy,0.25
5,4,Leclerc (Ferrari),41.64426,168.25126,Cloudy,0.25
5,5,Leclerc (Ferrari),42.57234,210.8236,Cloudy,0.25
6,1,Hamilton (Mercedes),43.12976,43.12976,Cloudy,0.25
6,2,Hamilton (Mercedes),41.916,85.04576,Cloudy,0.25
6,3,Hamilton (Mercedes),42.14436,127.19012,Cloudy,0.25
6,4,Hamilton (Mercedes),43.42622,170.61634,Cloudy,0.25
6,5,Hamilton (Mercedes),44.00839,214.62473,Cloudy,0.25
6,1,Verstappen (Red Bull),42.52136,42.52136,Cloudy,0.25
6,2,Verstappen (Red Bull),44.04003,86.56139,Cloudy,0.25
6,3,Verstappen (Red Bull),42.80988,129.37127,Cloudy,0.25
6,4,Verstappen (Red Bull),43.25697,172.62825,Cloudy,0.25
6,5,Verstappen (Red Bull),42.47624,215.10448,Cloudy,0.25
6,1,Norris (McLaren),43.64043,43.64043,Cloudy,0.25
6,2,Norris (McLaren),42.19791,85.83833,Cloudy,0.25
6,3,Norris (McLaren),43.816,129.65434,Cloudy,0.25
6,4,Norris (McLaren),43.29697,172.9513,Cloudy,0.25
6,5,Norris (McLaren),43.93921,216.89051,Cloudy,0.25
6,1,Leclerc (Ferrari),42.2999,42.2999,Cloudy,0.25
6,2,Leclerc (Ferrari),42.43285,84.73274,Cloudy,0.25
6,3,Leclerc (Ferrari),42.94644,127.67918,Cloudy,0.25
6,4,Leclerc (Ferrari),43.04628,170.72546,Cloudy,0.25
6,5,Leclerc (Ferrari),41.47613,212.20159,Cloudy,0.25
7,1,Hamilton (Mercedes),43.13481,43.13481,Cloudy,0.25
7,2,Hamilton (Mercedes),43.88085,87.01565,Cloudy,0.25
7,3,Hamilton (Mercedes),42.87517,129.89082,Cloudy,0.25
7,4,Hamilton (Mercedes),42.97336,172.86418,Cloudy,0.25
7,5,Hamilton (Mercedes),43.56121,216.42539,Cloudy,0.25
7,1,Verstappen (Red Bull),42.20407,42.20407,Cloudy,0.25
7,2,Verstappen (Red Bull),42.48365,84.68772,Cloudy,0.25
7,3,Verstappen (Red Bull),42.1948,126.88252,Cloudy,0.25
7,4,Verstappen (Red Bull),41.28949,168.17202,Cloudy,0.25
7,5,Verstappen (Red Bull),42.14645,210.31846,Cloudy,0.25
7,1,Norris (McLaren),43.92121,43.92121,Cloudy,0.25
7,2,Norris (McLaren),44.33206,88.25327,Cloudy,0.25
7,3,Norris (McLaren),42.05806,130.31132,Cloudy,0.25
7,4,Norris (McLaren),42.10172,172.41304,Cloudy,0.25
7,5,Norris (McLaren),42.43885,214.85189,Cloudy,0.25
7,1,Leclerc (Ferrari),41.31316,41.31316,Cloudy,0.25
7,2,Leclerc (Ferrari),42.58672,83.89988,Cloudy,0.25
7,3,Leclerc (Ferrari),43.10564,127.00551,Cloudy,0.25
7,4,Leclerc (Ferrari),42.33092,169.33644,Cloudy,0.25
7,5,Leclerc (Ferrari),42.60246,211.9389,Cloudy,0.25
8,1,Hamilton (Mercedes),42.46063,42.46063,Cloudy,0.25
8,2,Hamilton (Mercedes),43.99777,86.45839,Cloudy,0.25
8,3,Hamilton (Mercedes),43.48803,129.94642,Cloudy,0.25
8,4,Hamilton (Mercedes),42.68826,172.63468,Cloudy,0.25
8,5,Hamilton (Mercedes),42.66085,215.29553,Cloudy,0.25
8,1,Verstappen (Red Bull),42.26426,42.26426,Cloudy,0.25
8,2,Verstappen (Red Bull),42.29878,84.56303,Cloudy,0.25
8,3,Verstappen (Red Bull),43.27393,127.83696,Cloudy,0.25
8,4,Verstappen (Red Bull),42.29244,170.1294,Cloudy,0.25
8,5,Verstappen (Red Bull),43.42171,213.5511,Cloudy,0.25
8,1,Norris (McLaren),43.19138,43.19138,Cloudy,0.25
8,2,Norris (McLaren),42.18934,85.38072,Cloudy,0.25
8,3,Norris (McLaren),42.51024,127.89096,Cloudy,0.25
8,4,Norris (McLaren),43.08762,170.97858,Cloudy,0.25
8,5,Norris (McLaren),43.0451,214.02368,Cloudy,0.25
8,1,Leclerc (Ferrari),43.45993,43.45993,Cloudy,0.25
8,2,Leclerc (Ferrari),42.28861,85.74854,Cloudy,0.25
8,3,Leclerc (Ferrari),42.5522,128.30075,Cloudy,0.25
8,4,Leclerc (Ferrari),42.21691,170.51766,Cloudy,0.25
8,5,Leclerc (Ferrari),41.17766,211.69532,Cloudy,0.25
9,1,Hamilton (Mercedes),43.47021,43.47021,Cloudy,0.25
9,2,Hamilton (Mercedes),42.20799,85.6782,Cloudy,0.25
9,3,Hamilton (Mercedes),43.28712,128.96533,Cloudy,0.25
9,4,Hamilton (Mercedes),43.39638,172.3617,Cloudy,0.25
9,5,Hamilton (Mercedes),42.32157,214.68328,Cloudy,0.25
9,1,Verstappen (Red Bull),42.74702,42.74702,Cloudy,0.25
9,2,Verstappen (Red Bull),42.25842,85.00545,Cloudy,0.25
9,3,Verstappen (Red Bull),41.68556,126.69101,Cloudy,0.25
9,4,Verstappen (Red Bull),42.13277,168.82377,Cloudy,0.25
9,5,Verstappen (Red Bull),41.21412,210.03789,Cloudy,0.25
9,1,Norris (McLaren),43.24461,43.24461,Cloudy,0.25
9,2,Norris (McLaren),41.74501,84.98963,Cloudy,0.25
9,3,Norris (McLaren),41.7057,126.69533,Cloudy,0.25
9,4,Norris (McLaren),43.44335,170.13867,Cloudy,0.25
9,5,Norris (McLaren),43.86124,213.99992,Cloudy,0.25
9,1,Leclerc (Ferrari),42.10663,42.10663,Cloudy,0.25
9,2,Leclerc (Ferrari),43.08803,85.19466,Cloudy,0.25
9,3,Leclerc (Ferrari),42.78972,127.98438,Cloudy,0.25
9,4,Leclerc (Ferrari),41.87293,169.85732,Cloudy,0.25
9,5,Leclerc (Ferrari),42.26131,212.11862,Cloudy,0.25
10,1,Hamilton (Mercedes),42.26037,42.26037,Cloudy,0.25
10,2,Hamilton (Mercedes),43.57713,85.83749,Cloudy,0.25
10,3,Hamilton (Mercedes),42.63564,128.47314,Cloudy,0.25
10,4,Hamilton (Mercedes),42.43699,170.91013,Cloudy,0.25
10,5,Hamilton (Mercedes),42.62111,213.53124,Cloudy,0.25
10,1,Verstappen (Red Bull),41.63719,41.63719,Cloudy,0.25
10,2,Verstappen (Red Bull),41.37098,83.00818,Cloudy,0.25
10,3,Verstappen (Red Bull),42.8879,125.89608,Cloudy,0.25
10,4,Verstappen (Red Bull),42.15842,168.0545,Cloudy,0.25
10,5,Verstappen (Red Bull),42.61452,210.66902,Cloudy,0.25
10,1,Norris (McLaren),43.60778,43.60778,Cloudy,0.25
10,2,Norris (McLaren),42.00331,85.61109,Cloudy,0.25
10,3,Norris (McLaren),42.56754,128.17862,Cloudy,0.25
10,4,Norris (McLaren),41.66086,169.83948,Cloudy,0.25
10,5,Norris (McLaren),42.95147,212.79095,Cloudy,0.25
10,1,Leclerc (Ferrari),42.10423,42.10423,Cloudy,0.25
10,2,Leclerc (Ferrari),42.20832,84.31255,Cloudy,0.25
10,3,Leclerc (Ferrari),43.35672,127.66927,Cloudy,0.25
10,4,Leclerc (Ferrari),43.33012,170.99939,Cloudy,0.25
10,5,Leclerc (Ferrari),42.49967,213.49906,Cloudy,0.25
11,1,Hamilton (Mercedes),43.06121,43.06121,Cloudy,0.25
11,2,Hamilton (Mercedes),44.37626,87.43747,Cloudy,0.25
11,3,Hamilton (Mercedes),41.46098,128.89844,Cloudy,0.25
11,4,Hamilton (Mercedes),42.90754,171.80598,Cloudy,0.25
11,5,Hamilton (Mercedes),42.52769,214.33367,Cloudy,0.25
11,1,Verstappen (Red Bull),43.88629,43.88629,Cloudy,0.25
11,2,Verstappen (Red Bull),42.41502,86.30131,Cloudy,0.25
11,3,Verstappen (Red Bull),42.7032,129.00451,Cloudy,0.25
11,4,Verstappen (Red Bull),41.90459,170.90909,Cloudy,0.25
11,5,Verstappen (Red Bull),42.52115,213.43024,Cloudy,0.25
11,1,Norris (McLaren),42.6297,42.6297,Cloudy,0.25
11,2,Norris (McLaren),43.1273,85.757,Cloudy,0.25
11,3,Norris (McLaren),43.18804,128.94504,Cloudy,0.25
11,4,Norris (McLaren),42.53022,171.47526,Cloudy,0.25
11,5,Norris (McLaren),42.22459,213.69985,Cloudy,0.25
11,1,Leclerc (Ferrari),42.59844,42.59844,Cloudy,0.25
11,2,Leclerc (Ferrari),43.18524,85.78368,Cloudy,0.25
11,3,Leclerc (Ferrari),42.55338,128.33705,Cloudy,0.25
11,4,Leclerc (Ferrari),42.40944,170.7465,Cloudy,0.25
11,5,Leclerc (Ferrari),42.8747,213.6212,Cloudy,0.25
12,1,Hamilton (Mercedes),42.35986,42.35986,Cloudy,0.25
12,2,Hamilton (Mercedes),42.76549,85.12535,Cloudy,0.25
12,3,Hamilton (Mercedes),41.25091,126.37627,Cloudy,0.25
12,4,Hamilton (Mercedes),42.8319,169.20816,Cloudy,0.25
12,5,Hamilton (Mercedes),41.57449,210.78265,Cloudy,0.25
12,1,Verstappen (Red Bull),42.57741,42.57741,Cloudy,0.25
12,2,Verstappen (Red Bull),42.97245,85.54986,Cloudy,0.25
12,3,Verstappen (Red Bull),41.87082,127.42067,Cloudy,0.25
12,4,Verstappen (Red Bull),42.95618,170.37685,Cloudy,0.25
12,5,Verstappen (Red Bull),42.9119,213.28875,Cloudy,0.25
12,1,Norris (McLaren),42.28674,42.28674,Cloudy,0.25
12,2,Norris (McLaren),41.99146,84.27819,Cloudy,0.25
12,3,Norris (McLaren),43.4768,127.755,Cloudy,0.25
12,4,Norris (McLaren),43.255,171.01,Cloudy,0.25
12,5,Norris (McLaren),42.68676,213.69676,Cloudy,0.25
12,1,Leclerc (Ferrari),42.31646,42.31646,Cloudy,0.25
12,2,Leclerc (Ferrari),40.93122,83.24769,Cloudy,0.25
12,3,Leclerc (Ferrari),42.40988,125.65757,Cloudy,0.25
12,4,Leclerc (Ferrari),42.63551,168.29308,Cloudy,0.25
12,5,Leclerc (Ferrari),42.82232,211.1154,Cloudy,0.25
13,1,Hamilton (Mercedes),43.03125,43.03125,Cloudy,0.25
13,2,Hamilton (Mercedes),43.54739,86.57863,Cloudy,0.25
13,3,Hamilton (Mercedes),42.74092,129.31956,Cloudy,0.25
13,4,Hamilton (Mercedes),42.13468,171.45424,Cloudy,0.25
13,5,Hamilton (Mercedes),43.49185,214.94609,Cloudy,0.25
13,1,Verstappen (Red Bull),43.14703,43.14703,Cloudy,0.25
13,2,Verstappen (Red Bull),41.6703,84.81733,Cloudy,0.25
13,3,Verstappen (Red Bull),41.46162,126.27895,Cloudy,0.25
13,4,Verstappen (Red Bull),42.33967,168.61863,Cloudy,0.25
13,5,Verstappen (Red Bull),42.30864,210.92726,Cloudy,0.25
13,1,Norris (McLaren),42.62084,42.62084,Cloudy,0.25
13,2,Norris (McLaren),42.28402,84.90485,Cloudy,0.25
13,3,Norris (McLaren),43.99075,128.8956,Cloudy,0.25
13,4,Norris (McLaren),43.16884,172.06445,Cloudy,0.25
13,5,Norris (McLaren),42.16582,214.23027,Cloudy,0.25
13,1,Leclerc (Ferrari),42.08525,42.08525,Cloudy,0.25
13,2,Leclerc (Ferrari),41.66529,83.75054,Cloudy,0.25
13,3,Leclerc (Ferrari),42.04711,125.79765,Cloudy,0.25
13,4,Leclerc (Ferrari),42.60247,168.40012,Cloudy,0.25
13,5,Leclerc (Ferrari),40.50837,208.90849,Cloudy,0.25
14,1,Hamilton (Mercedes),42.43015,42.43015,Cloudy,0.25
14,2,Hamilton (Mercedes),43.62677,86.05692,Cloudy,0.25
14,3,Hamilton (Mercedes),43.34361,129.40053,Cloudy,0.25
14,4,Hamilton (Mercedes),42.62038,172.0209,Cloudy,0.25
14,5,Hamilton (Mercedes),43.53566,215.55656,Cloudy,0.25
14,1,Verstappen (Red Bull),42.06606,42.06606,Cloudy,0.25
14,2,Verstappen (Red Bull),42.37553,84.44159,Cloudy,0.25
14,3,Verstappen (Red Bull),42.79331,127.2349,Cloudy,0.25
14,4,Verstappen (Red Bull),43.00698,170.24188,Cloudy,0.25
14,5,Verstappen (Red Bull),42.6078,212.84967,Cloudy,0.25
14,1,Norris (McLaren),42.23033,42.23033,Cloudy,0.25
14,2,Norris (McLaren),43.62606,85.85639,Cloudy,0.25
14,3,Norris (McLaren),41.96499,127.82138,Cloudy,0.25
14,4,Norris (McLaren),42.44123,170.2626,Cloudy,0.25
14,5,Norris (McLaren),42.21016,212.47276,Cloudy,0.25
14,1,Leclerc (Ferrari),41.65458,41.65458,Cloudy,0.25
14,2,Leclerc (Ferrari),43.01416,84.66874,Cloudy,0.25
14,3,Leclerc (Ferrari),42.24795,126.91669,Cloudy,0.25
14,4,Leclerc (Ferrari),42.67568,169.59237,Cloudy,0.25
14,5,Leclerc (Ferrari),42.44358,212.03595,Cloudy,0.25
15,1,Hamilton (Mercedes),43.06189,43.06189,Cloudy,0.25
15,2,Hamilton (Mercedes),43.76935,86.83123,Cloudy,0.25
15,3,Hamilton (Mercedes),42.58194,129.41317,Cloudy,0.25
15,4,Hamilton (Mercedes),44.62303,174.03621,Cloudy,0.25
15,5,Hamilton (Mercedes),43.01364,217.04985,Cloudy,0.25
15,1,Verstappen (Red Bull),41.48704,41.48704,Cloudy,0.25
15,2,Verstappen (Red Bull),41.85026,83.3373,Cloudy,0.25
15,3,Verstappen (Red Bull),42.79118,126.12849,Cloudy,0.25
15,4,Verstappen (Red Bull),41.6505,167.77899,Cloudy,0.25
15,5,Verstappen (Red Bull),41.80621,209.5852,Cloudy,0.25
15,1,Norris (McLaren),42.75143,42.75143,Cloudy,0.25
15,2,Norris (McLaren),43.76068,86.51211,Cloudy,0.25
15,3,Norris (McLaren),41.17898,127.69109,Cloudy,0.25
15,4,Norris (McLaren),41.3069,168.99799,Cloudy,0.25
15,5,Norris (McLaren),42.53883,211.53682,Cloudy,0.25
15,1,Leclerc (Ferrari),41.20797,41.20797,Cloudy,0.25
15,2,Leclerc (Ferrari),42.4506,83.65856,Cloudy,0.25
15,3,Leclerc (Ferrari),41.72082,125.37938,Cloudy,0.25
15,4,Leclerc (Ferrari),42.24043,167.61981,Cloudy,0.25
15,5,Leclerc (Ferrari),41.48676,209.10658,Cloudy,0.25
16,1,Hamilton (Mercedes),42.47555,42.47555,Cloudy,0.25
16,2,Hamilton (Mercedes),43.3908,85.86635,Cloudy,0.25
16,3,Hamilton (Mercedes),43.79527,129.66162,Cloudy,0.25
16,4,Hamilton (Mercedes),42.70553,172.36715,Cloudy,0.25
16,5,Hamilton (Mercedes),41.92311,214.29026,Cloudy,0.25
16,1,Verstappen (Red Bull),42.33181,42.33181,Cloudy,0.25
16,2,Verstappen (Red Bull),42.3745,84.70632,Cloudy,0.25
16,3,Verstappen (Red Bull),42.8204,127.52672,Cloudy,0.25
16,4,Verstappen (Red Bull),43.44058,170.96729,Cloudy,0.25
16,5,Verstappen (Red Bull),41.75731,212.7246,Cloudy,0.25
16,1,Norris (McLaren),43.27579,43.27579,Cloudy,0.25
16,2,Norris (McLaren),42.29454,85.57033,Cloudy,0.25
16,3,Norris (McLaren),43.29493,128.86525,Cloudy,0.25
16,4,Norris (McLaren),42.16447,171.02972,Cloudy,0.25
16,5,Norris (McLaren),44.31514,215.34486,Cloudy,0.25
16,1,Leclerc (Ferrari),42.20517,42.20517,Cloudy,0.25
16,2,Leclerc (Ferrari),42.36886,84.57403,Cloudy,0.25
16,3,Leclerc (Ferrari),42.02881,126.60285,Cloudy,0.25
16,4,Leclerc (Ferrari),42.08993,168.69278,Cloudy,0.25
16,5,Leclerc (Ferrari),42.65616,211.34893,Cloudy,0.25
17,1,Hamilton (Mercedes),42.70086,42.70086,Cloudy,0.25
17,2,Hamilton (Mercedes),43.2345,85.93536,Cloudy,0.25
17,3,Hamilton (Mercedes),42.29686,128.23222,Cloudy,0.25
17,4,Hamilton (Mercedes),42.93022,171.16244,Cloudy,0.25
17,5,Hamilton (Mercedes),42.6024,213.76484,Cloudy,0.25
17,1,Verstappen (Red Bull),42.32994,42.32994,Cloudy,0.25
17,2,Verstappen (Red Bull),43.20013,85.53007,Cloudy,0.25
17,3,Verstappen (Red Bull),42.39668,127.92676,Cloudy,0.25
17,4,Verstappen (Red Bull),42.14838,170.07514,Cloudy,0.25
17,5,Verstappen (Red Bull),42.46523,212.54037,Cloudy,0.25
17,1,Norris (McLaren),43.31258,43.31258,Cloudy,0.25
17,2,Norris (McLaren),44.11511,87.42769,Cloudy,0.25
17,3,Norris (McLaren),42.94056,130.36825,Cloudy,0.25
17,4,Norris (McLaren),41.60113,171.96938,Cloudy,0.25
17,5,Norris (McLaren),43.13153,215.1009,Cloudy,0.25
17,1,Leclerc (Ferrari),42.4785,42.4785,Cloudy,0.25
17,2,Leclerc (Ferrari),42.60176,85.08026,Cloudy,0.25
17,3,Leclerc (Ferrari),41.1888,126.26906,Cloudy,0.25
17,4,Leclerc (Ferrari),42.65136,168.92042,Cloudy,0.25
17,5,Leclerc (Ferrari),43.18321,212.10363,Cloudy,0.25
18,1,Hamilton (Mercedes),43.34816,43.34816,Cloudy,0.25
18,2,Hamilton (Mercedes),43.23624,86.58441,Cloudy,0.25
18,3,Hamilton (Mercedes),42.47113,129.05553,Cloudy,0.25
18,4,Hamilton (Mercedes),44.28788,173.34341,Cloudy,0.25
18,5,Hamilton (Mercedes),44.02084,217.36425,Cloudy,0.25
18,1,Verstappen (Red Bull),42.7859,42.7859,Cloudy,0.25
18,2,Verstappen (Red Bull),42.26498,85.05088,Cloudy,0.25
18,3,Verstappen (Red Bull),42.44628,127.49716,Cloudy,0.25
18,4,Verstappen (Red Bull),42.66835,170.16551,Cloudy,0.25
18,5,Verstappen (Red Bull),42.48299,212.6485,Cloudy,0.25
18,1,Norris (McLaren),42.58597,42.58597,Cloudy,0.25
18,2,Norris (McLaren),42.99156,85.57753,Cloudy,0.25
18,3,Norris (McLaren),42.81748,128.395,Cloudy,0.25
18,4,Norris (McLaren),42.52783,170.92283,Cloudy,0.25
18,5,Norris (McLaren),43.03725,213.96009,Cloudy,0.25
18,1,Leclerc (Ferrari),43.30485,43.30485,Cloudy,0.25
18,2,Leclerc (Ferrari),41.52499,84.82984,Cloudy,0.25
18,3,Leclerc (Ferrari),43.41825,128.24809,Cloudy,0.25
18,4,Leclerc (Ferrari),41.81666,170.06475,Cloudy,0.25
18,5,Leclerc (Ferrari),43.16406,213.22881,Cloudy,0.25
19,1,Hamilton (Mercedes),43.4913,43.4913,Cloudy,0.25
19,2,Hamilton (Mercedes),43.06477,86.55607,Cloudy,0.25
19,3,Hamilton (Mercedes),43.39477,129.95084,Cloudy,0.25
19,4,Hamilton (Mercedes),42.92675,172.8776,Cloudy,0.25
19,5,Hamilton (Mercedes),42.67148,215.54908,Cloudy,0.25
19,1,Verstappen (Red Bull),43.36435,43.36435,Cloudy,0.25
19,2,Verstappen (Red Bull),41.68802,85.05237,Cloudy,0.25
19,3,Verstappen (Red Bull),42.75351,127.80588,Cloudy,0.25
19,4,Verstappen (Red Bull),43.15292,170.95881,Cloudy,0.25
19,5,Verstappen (Red Bull),42.71412,213.67293,Cloudy,0.25
19,1,Norris (McLaren),42.92587,42.92587,Cloudy,0.25
19,2,Norris (McLaren),43.1481,86.07397,Cloudy,0.25
19,3,Norris (McLaren),42.71891,128.79288,Cloudy,0.25
19,4,Norris (McLaren),42.07543,170.86831,Cloudy,0.25
19,5,Norris (McLaren),43.37203,214.24035,Cloudy,0.25
19,1,Leclerc (Ferrari),43.14554,43.14554,Cloudy,0.25
19,2,Leclerc (Ferrari),41.94613,85.09167,Cloudy,0.25
19,3,Leclerc (Ferrari),42.49896,127.59063,Cloudy,0.25
19,4,Leclerc (Ferrari),42.74982,170.34046,Cloudy,0.25
19,5,Leclerc (Ferrari),41.8541,212.19456,Cloudy,0.25
20,1,Hamilton (Mercedes),42.73951,42.73951,Cloudy,0.25
20,2,Hamilton (Mercedes),43.76527,86.50479,Cloudy,0.25
20,3,Hamilton (Mercedes),43.54697,130.05175,Cloudy,0.25
20,4,Hamilton (Mercedes),42.62655,172.67831,Cloudy,0.25
20,5,Hamilton (Mercedes),42.87233,215.55064,Cloudy,0.25
20,1,Verstappen (Red Bull),42.28974,42.28974,Cloudy,0.25
20,2,Verstappen (Red Bull),42.94746,85.2372,Cloudy,0.25
20,3,Verstappen (Red Bull),42.98223,128.21944,Cloudy,0.25
20,4,Verstappen (Red Bull),42.30207,170.52151,Cloudy,0.25
20,5,Verstappen (Red Bull),42.06265,212.58416,Cloudy,0.25
20,1,Norris (McLaren),42.87102,42.87102,Cloudy,0.25
20,2,Norris (McLaren),43.39359,86.26461,Cloudy,0.25
20,3,Norris (McLaren),43.53907,129.80368,Cloudy,0.25
20,4,Norris (McLaren),43.17754,172.98123,Cloudy,0.25
20,5,Norris (McLaren),42.31579,215.29702,Cloudy,0.25
20,1,Leclerc (Ferrari),41.57402,41.57402,Cloudy,0.25
20,2,Leclerc (Ferrari),41.99564,83.56966,Cloudy,0.25
20,3,Leclerc (Ferrari),42.9043,126.47396,Cloudy,0.25
20,4,Leclerc (Ferrari),42.58131,169.05527,Cloudy,0.25
20,5,Leclerc (Ferrari),42.74639,211.80166,Cloudy,0.25
21,1,Hamilton (Mercedes),42.03602,42.03602,Cloudy,0.25
21,2,Hamilton (Mercedes),43.12376,85.15978,Cloudy,0.25
21,3,Hamilton (Mercedes),42.67249,127.83227,Cloudy,0.25
21,4,Hamilton (Mercedes),41.74236,169.57463,Cloudy,0.25
21,5,Hamilton (Mercedes),43.05765,212.63228,Cloudy,0.25
21,1,Verstappen (Red Bull),42.54188,42.54188,Cloudy,0.25
21,2,Verstappen (Red Bull),42.51487,85.05675,Cloudy,0.25
21,3,Verstappen (Red Bull),42.32606,127.38281,Cloudy,0.25
21,4,Verstappen (Red Bull),42.74622,170.12902,Cloudy,0.25
21,5,Verstappen (Red Bull),42.46289,212.59191,Cloudy,0.25
21,1,Norris (McLaren),42.68306,42.68306,Cloudy,0.25
21,2,Norris (McLaren),43.28389,85.96695,Cloudy,0.25
21,3,Norris (McLaren),42.51356,128.48051,Cloudy,0.25
21,4,Norris (McLaren),42.94016,171.42067,Cloudy,0.25
21,5,Norris (McLaren),43.48742,214.90808,Cloudy,0.25
21,1,Leclerc (Ferrari),42.31979,42.31979,Cloudy,0.25
21,2,Leclerc (Ferrari),42.57672,84.89651,Cloudy,0.25
21,3,Leclerc (Ferrari),43.51163,128.40814,Cloudy,0.25
21,4,Leclerc (Ferrari),41.36059,169.76873,Cloudy,0.25
21,5,Leclerc (Ferrari),42.7761,212.54482,Cloudy,0.25
22,1,Hamilton (Mercedes),41.898,41.898,Cloudy,0.25
22,2,Hamilton (Mercedes),42.56601,84.46401,Cloudy,0.25
22,3,Hamilton (Mercedes),42.9925,127.45651,Cloudy,0.25
22,4,Hamilton (Mercedes),42.95722,170.41373,Cloudy,0.25
22,5,Hamilton (Mercedes),42.3929,212.80663,Cloudy,0.25
22,1,Verstappen (Red Bull),41.39518,41.39518,Cloudy,0.25
22,2,Verstappen (Red Bull),42.22789,83.62306,Cloudy,0.25
22,3,Verstappen (Red Bull),42.93097,126.55403,Cloudy,0.25
22,4,Verstappen (Red Bull),41.90859,168.46262,Cloudy,0.25
22,5,Verstappen (Red Bull),42.19341,210.65603,Cloudy,0.25
22,1,Norris (McLaren),42.85839,42.85839,Cloudy,0.25
22,2,Norris (McLaren),42.63854,85.49693,Cloudy,0.25
22,3,Norris (McLaren),43.19599,128.69291,Cloudy,0.25
22,4,Norris (McLaren),43.30149,171.99441,Cloudy,0.25
22,5,Norris (McLaren),42.87997,214.87437,Cloudy,0.25
22,1,Leclerc (Ferrari),42.92795,42.92795,Cloudy,0.25
22,2,Leclerc (Ferrari),41.19936,84.12731,Cloudy,0.25
22,3,Leclerc (Ferrari),42.11159,126.23889,Cloudy,0.25
22,4,Leclerc (Ferrari),42.48217,168.72106,Cloudy,0.25
22,5,Leclerc (Ferrari),43.84056,212.56163,Cloudy,0.25
23,1,Hamilton (Mercedes),43.25114,43.25114,Cloudy,0.25
23,2,Hamilton (Mercedes),42.61846,85.8696,Cloudy,0.25
23,3,Hamilton (Mercedes),43.91548,129.78508,Cloudy,0.25
23,4,Hamilton (Mercedes),42.54439,172.32947,Cloudy,0.25
23,5,Hamilton (Mercedes),43.3881,215.71757,Cloudy,0.25
23,1,Verstappen (Red Bull),42.86674,42.86674,Cloudy,0.25
23,2,Verstappen (Red Bull),41.57512,84.44186,Cloudy,0.25
23,3,Verstappen (Red Bull),43.17448,127.61633,Cloudy,0.25
23,4,Verstappen (Red Bull),42.52581,170.14214,Cloudy,0.25
23,5,Verstappen (Red Bull),42.45811,212.60025,Cloudy,0.25
23,1,Norris (McLaren),44.34891,44.34891,Cloudy,0.25
23,2,Norris (McLaren),42.83977,87.18868,Cloudy,0.25
23,3,Norris (McLaren),43.08004,130.26872,Cloudy,0.25
23,4,Norris (McLaren),41.84708,172.1158,Cloudy,0.25
23,5,Norris (McLaren),42.20388,214.31968,Cloudy,0.25
23,1,Leclerc (Ferrari),42.38044,42.38044,Cloudy,0.25
23,2,Leclerc (Ferrari),41.86246,84.24291,Cloudy,0.25
23,3,Leclerc (Ferrari),43.28814,127.53104,Cloudy,0.25
23,4,Leclerc (Ferrari),42.42222,169.95327,Cloudy,0.25
23,5,Leclerc (Ferrari),42.4124,212.36567,Cloudy,0.25
24,1,Hamilton (Mercedes),42.62119,42.62119,Cloudy,0.25
24,2,Hamilton (Mercedes),42.89978,85.52097,Cloudy,0.25
24,3,Hamilton (Mercedes),42.29614,127.81711,Cloudy,0.25
24,4,Hamilton (Mercedes),43.10154,170.91865,Cloudy,0.25
24,5,Hamilton (Mercedes),43.67396,214.59261,Cloudy,0.25
24,1,Verstappen (Red Bull),41.72492,41.72492,Cloudy,0.25
24,2,Verstappen (Red Bull),41.59617,83.32109,Cloudy,0.25
24,3,Verstappen (Red Bull),42.84264,126.16372,Cloudy,0.25
24,4,Verstappen (Red Bull),42.99377,169.1575,Cloudy,0.25
24,5,Verstappen (Red Bull),42.56854,211.72604,Cloudy,0.25
24,1,Norris (McLaren),42.95985,42.95985,Cloudy,0.25
24,2,Norris (McLaren),43.66129,86.62114,Cloudy,0.25
24,3,Norris (McLaren),44.34575,130.96689,Cloudy,0.25
24,4,Norris (McLaren),41.54994,172.51683,Cloudy,0.25
24,5,Norris (McLaren),43.27103,215.78786,Cloudy,0.25
24,1,Leclerc (Ferrari),41.59603,41.59603,Cloudy,0.25
24,2,Leclerc (Ferrari),43.04933,84.64536,Cloudy,0.25
24,3,Leclerc (Ferrari),42.48922,127.13458,Cloudy,0.25
24,4,Leclerc (Ferrari),42.15207,169.28665,Cloudy,0.25
24,5,Leclerc (Ferrari),41.55205,210.83871,Cloudy,0.25
25,1,Hamilton (Mercedes),42.01022,42.01022,Cloudy,0.25
25,2,Hamilton (Mercedes),42.61697,84.6272,Cloudy,0.25
25,3,Hamilton (Mercedes),42.54037,127.16756,Cloudy,0.25
25,4,Hamilton (Mercedes),42.73515,169.90271,Cloudy,0.25
25,5,Hamilton (Mercedes),42.33114,212.23385,Cloudy,0.25
25,1,Verstappen (Red Bull),42.70196,42.70196,Cloudy,0.25
25,2,Verstappen (Red Bull),43.13866,85.84062,Cloudy,0.25
25,3,Verstappen (Red Bull),42.62866,128.46928,Cloudy,0.25
25,4,Verstappen (Red Bull),41.49255,169.96183,Cloudy,0.25
25,5,Verstappen (Red Bull),42.67865,212.64048,Cloudy,0.25
25,1,Norris (McLaren),43.60342,43.60342,Cloudy,0.25
25,2,Norris (McLaren),43.46613,87.06955,Cloudy,0.25
25,3,Norris (McLaren),43.16958,130.23913,Cloudy,0.25
25,4,Norris (McLaren),42.56846,172.80759,Cloudy,0.25
25,5,Norris (McLaren),43.53458,216.34217,Cloudy,0.25
25,1,Leclerc (Ferrari),42.63218,42.63218,Cloudy,0.25
25,2,Leclerc (Ferrari),42.06698,84.69916,Cloudy,0.25
25,3,Leclerc (Ferrari),42.74456,127.44372,Cloudy,0.25
25,4,Leclerc (Ferrari),41.25662,168.70034,Cloudy,0.25
25,5,Leclerc (Ferrari),41.75834,210.45869,Cloudy,0.25
26,1,Hamilton (Mercedes),43.09838,43.09838,Cloudy,0.25
26,2,Hamilton (Mercedes),42.02159,85.11997,Cloudy,0.25
26,3,Hamilton (Mercedes),42.18511,127.30509,Cloudy,0.25
26,4,Hamilton (Mercedes),42.17699,169.48207,Cloudy,0.25
26,5,Hamilton (Mercedes),43.46731,212.94938,Cloudy,0.25
26,1,Verstappen (Red Bull),41.8113,41.8113,Cloudy,0.25
26,2,Verstappen (Red Bull),42.27296,84.08426,Cloudy,0.25
26,3,Verstappen (Red Bull),42.93949,127.02375,Cloudy,0.25
26,4,Verstappen (Red Bull),42.78226,169.80601,Cloudy,0.25
26,5,Verstappen (Red Bull),43.07778,212.88379,Cloudy,0.25
26,1,Norris (McLaren),42.79836,42.79836,Cloudy,0.25
26,2,Norris (McLaren),42.76031,85.55867,Cloudy,0.25
26,3,Norris (McLaren),42.53697,128.09564,Cloudy,0.25
26,4,Norris (McLaren),42.2043,170.29994,Cloudy,0.25
26,5,Norris (McLaren),42.1506,212.45053,Cloudy,0.25
26,1,Leclerc (Ferrari),42.42227,42.42227,Cloudy,0.25
26,2,Leclerc (Ferrari),41.75881,84.18108,Cloudy,0.25
26,3,Leclerc (Ferrari),41.7142,125.89528,Cloudy,0.25
26,4,Leclerc (Ferrari),42.51894,168.41422,Cloudy,0.25
26,5,Leclerc (Ferrari),42.79221,211.20643,Cloudy,0.25
27,1,Hamilton (Mercedes),42.78919,42.78919,Cloudy,0.25
27,2,Hamilton (Mercedes),42.10225,84.89145,Cloudy,0.25
27,3,Hamilton (Mercedes),43.22682,128.11827,Cloudy,0.25
27,4,Hamilton (Mercedes),41.76154,169.87981,Cloudy,0.25
27,5,Hamilton (Mercedes),42.78974,212.66956,Cloudy,0.25
27,1,Verstappen (Red Bull),43.16817,43.16817,Cloudy,0.25
27,2,Verstappen (Red Bull),42.07483,85.243,Cloudy,0.25
27,3,Verstappen (Red Bull),42.99158,128.23458,Cloudy,0.25
27,4,Verstappen (Red Bull),42.59101,170.82559,Cloudy,0.25
27,5,Verstappen (Red Bull),42.77485,213.60043,Cloudy,0.25
27,1,Norris (McLaren),44.15998,44.15998,Cloudy,0.25
27,2,Norris (McLaren),44.11842,88.2784,Cloudy,0.25
27,3,Norris (McLaren),43.23999,131.51839,Cloudy,0.25
27,4,Norris (McLaren),43.65551,175.17389,Cloudy,0.25
27,5,Norris (McLaren),42.96696,218.14085,Cloudy,0.25
27,1,Leclerc (Ferrari),40.13271,40.13271,Cloudy,0.25
27,2,Leclerc (Ferrari),42.1237,82.25642,Cloudy,0.25
27,3,Leclerc (Ferrari),41.10898,123.3654,Cloudy,0.25
27,4,Leclerc (Ferrari),42.19789,165.56329,Cloudy,0.25
27,5,Leclerc (Ferrari),42.94931,208.5126,Cloudy,0.25
28,1,Hamilton (Mercedes),42.82124,42.82124,Cloudy,0.25
28,2,Hamilton (Mercedes),42.87731,85.69855,Cloudy,0.25
28,3,Hamilton (Mercedes),42.03385,127.7324,Cloudy,0.25
28,4,Hamilton (Mercedes),42.68172,170.41412,Cloudy,0.25
28,5,Hamilton (Mercedes),42.61304,213.02716,Cloudy,0.25
28,1,Verstappen (Red Bull),42.82573,42.82573,Cloudy,0.25
28,2,Verstappen (Red Bull),42.39951,85.22524,Cloudy,0.25
28,3,Verstappen (Red Bull),42.89203,128.11728,Cloudy,0.25
28,4,Verstappen (Red Bull),42.88704,171.00431,Cloudy,0.25
28,5,Verstappen (Red Bull),42.47657,213.48088,Cloudy,0.25
28,1,Norris (McLaren),42.09209,42.09209,Cloudy,0.25
28,2,Norris (McLaren),42.62018,84.71227,Cloudy,0.25
28,3,Norris (McLaren),42.84314,127.55541,Cloudy,0.25
28,4,Norris (McLaren),42.67817,170.23358,Cloudy,0.25
28,5,Norris (McLaren),43.56983,213.80341,Cloudy,0.25
28,1,Leclerc (Ferrari),42.2402,42.2402,Cloudy,0.25
28,2,Leclerc (Ferrari),42.57018,84.81038,Cloudy,0.25
28,3,Leclerc (Ferrari),42.00857,126.81895,Cloudy,0.25
28,4,Leclerc (Ferrari),41.82795,168.64691,Cloudy,0.25
28,5,Leclerc (Ferrari),43.38057,212.02747,Cloudy,0.25
29,1,Hamilton (Mercedes),43.55503,43.55503,Cloudy,0.25
29,2,Hamilton (Mercedes),42.73684,86.29187,Cloudy,0.25
29,3,Hamilton (Mercedes),43.39821,129.69008,Cloudy,0.25
29,4,Hamilton (Mercedes),43.72217,173.41225,Cloudy,0.25
29,5,Hamilton (Mercedes),42.54446,215.95671,Cloudy,0.25
29,1,Verstappen (Red Bull),42.42983,42.42983,Cloudy,0.25
29,2,Verstappen (Red Bull),42.49622,84.92604,Cloudy,0.25
29,3,Verstappen (Red Bull),42.66351,127.58955,Cloudy,0.25
29,4,Verstappen (Red Bull),42.74404,170.33359,Cloudy,0.25
29,5,Verstappen (Red Bull),42.98564,213.31923,Cloudy,0.25
29,1,Norris (McLaren),42.58095,42.58095,Cloudy,0.25
29,2,Norris (McLaren),42.09831,84.67926,Cloudy,0.25
29,3,Norris (McLaren),41.40323,126.08249,Cloudy,0.25
29,4,Norris (McLaren),42.51378,168.59627,Cloudy,0.25
29,5,Norris (McLaren),41.83702,210.43329,Cloudy,0.25
29,1,Leclerc (Ferrari),42.8837,42.8837,Cloudy,0.25
29,2,Leclerc (Ferrari),40.96563,83.84933,Cloudy,0.25
29,3,Leclerc (Ferrari),43.43221,127.28154,Cloudy,0.25
29,4,Leclerc (Ferrari),41.88826,169.1698,Cloudy,0.25
29,5,Leclerc (Ferrari),40.50453,209.67433,Cloudy,0.25
30,1,Hamilton (Mercedes),42.99574,42.99574,Cloudy,0.25
30,2,Hamilton (Mercedes),42.71912,85.71486,Cloudy,0.25
30,3,Hamilton (Mercedes),43.03,128.74486,Cloudy,0.25
30,4,Hamilton (Mercedes),43.2844,172.02927,Cloudy,0.25
30,5,Hamilton (Mercedes),43.913,215.94226,Cloudy,0.25
30,1,Verstappen (Red Bull),42.62062,42.62062,Cloudy,0.25
30,2,Verstappen (Red Bull),41.3271,83.94772,Cloudy,0.25
30,3,Verstappen (Red Bull),42.41628,126.36401,Cloudy,0.25
30,4,Verstappen (Red Bull),42.83383,169.19784,Cloudy,0.25
30,5,Verstappen (Red Bull),43.22797,212.42581,Cloudy,0.25
30,1,Norris (McLaren),43.49301,43.49301,Cloudy,0.25
30,2,Norris (McLaren),42.59626,86.08927,Cloudy,0.25
30,3,Norris (McLaren),42.14521,128.23448,Cloudy,0.25
30,4,Norris (McLaren),43.13333,171.36781,Cloudy,0.25
30,5,Norris (McLaren),42.90563,214.27345,Cloudy,0.25
30,1,Leclerc (Ferrari),41.99184,41.99184,Cloudy,0.25
30,2,Leclerc (Ferrari),40.65136,82.6432,Cloudy,0.25
30,3,Leclerc (Ferrari),43.49878,126.14198,Cloudy,0.25
30,4,Leclerc (Ferrari),42.65072,168.79271,Cloudy,0.25
30,5,Leclerc (Ferrari),41.14785,209.94056,Cloudy,0.25
31,1,Hamilton (Mercedes),42.73099,42.73099,Cloudy,0.25
31,2,Hamilton (Mercedes),42.97559,85.70658,Cloudy,0.25
31,3,Hamilton (Mercedes),43.36016,129.06674,Cloudy,0.25
31,4,Hamilton (Mercedes),42.89867,171.96541,Cloudy,0.25
31,5,Hamilton (Mercedes),42.89494,214.86035,Cloudy,0.25
31,1,Verstappen (Red Bull),41.85847,41.85847,Cloudy,0.25
31,2,Verstappen (Red Bull),42.2052,84.06367,Cloudy,0.25
31,3,Verstappen (Red Bull),42.26176,126.32543,Cloudy,0.25
31,4,Verstappen (Red Bull),43.45817,169.7836,Cloudy,0.25
31,5,Verstappen (Red Bull),42.34836,212.13196,Cloudy,0.25
31,1,Norris (McLaren),43.80738,43.80738,Cloudy,0.25
31,2,Norris (McLaren),43.66833,87.47571,Cloudy,0.25
31,3,Norris (McLaren),42.67453,130.15024,Cloudy,0.25
31,4,Norris (McLaren),41.76814,171.91838,Cloudy,0.25
31,5,Norris (McLaren),43.67247,215.59084,Cloudy,0.25
31,1,Leclerc (Ferrari),42.9784,42.9784,Cloudy,0.25
31,2,Leclerc (Ferrari),42.92993,85.90833,Cloudy,0.25
31,3,Leclerc (Ferrari),41.74273,127.65106,Cloudy,0.25
31,4,Leclerc (Ferrari),42.75477,170.40583,Cloudy,0.25
31,5,Leclerc (Ferrari),43.01627,213.4221,Cloudy,0.25
32,1,Hamilton (Mercedes),41.67215,41.67215,Cloudy,0.25
32,2,Hamilton (Mercedes),42.81244,84.48458,Cloudy,0.25
32,3,Hamilton (Mercedes),43.00559,127.49017,Cloudy,0.25
32,4,Hamilton (Mercedes),42.92157,170.41175,Cloudy,0.25
32,5,Hamilton (Mercedes),43.70287,214.11462,Cloudy,0.25
32,1,Verstappen (Red Bull),42.0218,42.0218,Cloudy,0.25
32,2,Verstappen (Red Bull),42.83462,84.85642,Cloudy,0.25
32,3,Verstappen (Red Bull),42.11356,126.96998,Cloudy,0.25
32,4,Verstappen (Red Bull),42.47957,169.44954,Cloudy,0.25
32,5,Verstappen (Red Bull),42.56428,212.01382,Cloudy,0.25
32,1,Norris (McLaren),41.47742,41.47742,Cloudy,0.25
32,2,Norris (McLaren),41.98601,83.46343,Cloudy,0.25
32,3,Norris (McLaren),43.41396,126.87739,Cloudy,0.25
32,4,Norris (McLaren),42.14104,169.01843,Cloudy,0.25
32,5,Norris (McLaren),42.35966,211.37809,Cloudy,0.25
32,1,Leclerc (Ferrari),42.36986,42.36986,Cloudy,0.25
32,2,Leclerc (Ferrari),42.37452,84.74438,Cloudy,0.25
32,3,Leclerc (Ferrari),42.6684,127.41279,Cloudy,0.25
32,4,Leclerc (Ferrari),43.41051,170.82329,Cloudy,0.25
32,5,Leclerc (Ferrari),41.54991,212.37321,Cloudy,0.25
33,1,Hamilton (Mercedes),43.91009,43.91009,Cloudy,0.25
33,2,Hamilton (Mercedes),42.41056,86.32065,Cloudy,0.25
33,3,Hamilton (Mercedes),43.64706,129.96771,Cloudy,0.25
33,4,Hamilton (Mercedes),43.24083,173.20853,Cloudy,0.25
33,5,Hamilton (Mercedes),41.9715,215.18003,Cloudy,0.25
33,1,Verstappen (Red Bull),42.00963,42.00963,Cloudy,0.25
33,2,Verstappen (Red Bull),42.04333,84.05296,Cloudy,0.25
33,3,Verstappen (Red Bull),42.13624,126.1892,Cloudy,0.25
33,4,Verstappen (Red Bull),42.45626,168.64545,Cloudy,0.25
33,5,Verstappen (Red Bull),42.94006,211.58551,Cloudy,0.25
33,1,Norris (McLaren),43.71476,43.71476,Cloudy,0.25
33,2,Norris (McLaren),42.54898,86.26374,Cloudy,0.25
33,3,Norris (McLaren),42.88578,129.14952,Cloudy,0.25
33,4,Norris (McLaren),42.58353,171.73305,Cloudy,0.25
33,5,Norris (McLaren),42.12764,213.86069,Cloudy,0.25
33,1,Leclerc (Ferrari),42.00152,42.00152,Cloudy,0.25
33,2,Leclerc (Ferrari),43.00553,85.00705,Cloudy,0.25
33,3,Leclerc (Ferrari),41.96504,126.97209,Cloudy,0.25
33,4,Leclerc (Ferrari),42.38788,169.35997,Cloudy,0.25
33,5,Leclerc (Ferrari),42.21728,211.57725,Cloudy,0.25
34,1,Hamilton (Mercedes),41.97863,41.97863,Cloudy,0.25
34,2,Hamilton (Mercedes),42.97749,84.95612,Cloudy,0.25
34,3,Hamilton (Mercedes),43.8143,128.77042,Cloudy,0.25
34,4,Hamilton (Mercedes),43.0642,171.83462,Cloudy,0.25
34,5,Hamilton (Mercedes),42.37839,214.21301,Cloudy,0.25
34,1,Verstappen (Red Bull),41.70032,41.70032,Cloudy,0.25
34,2,Verstappen (Red Bull),42.20826,83.90859,Cloudy,0.25
34,3,Verstappen (Red Bull),42.54857,126.45716,Cloudy,0.25
34,4,Verstappen (Red Bull),43.1357,169.59285,Cloudy,0.25
34,5,Verstappen (Red Bull),42.64922,212.24207,Cloudy,0.25
34,1,Norris (McLaren),43.16995,43.16995,Cloudy,0.25
34,2,Norris (McLaren),42.23226,85.40221,Cloudy,0.25
34,3,Norris (McLaren),43.94889,129.35111,Cloudy,0.25
34,4,Norris (McLaren),43.1465,172.49761,Cloudy,0.25
34,5,Norris (McLaren),42.90071,215.39832,Cloudy,0.25
34,1,Leclerc (Ferrari),42.19418,42.19418,Cloudy,0.25
34,2,Leclerc (Ferrari),41.06124,83.25542,Cloudy,0.25
34,3,Leclerc (Ferrari),42.21382,125.46924,Cloudy,0.25
34,4,Leclerc (Ferrari),42.7441,168.21334,Cloudy,0.25
34,5,Leclerc (Ferrari),42.6721,210.88544,Cloudy,0.25
35,1,Hamilton (Mercedes),43.12894,43.12894,Cloudy,0.25
35,2,Hamilton (Mercedes),42.74444,85.87338,Cloudy,0.25
35,3,Hamilton (Mercedes),42.53627,128.40965,Cloudy,0.25
35,4,Hamilton (Mercedes),43.30327,171.71292,Cloudy,0.25
35,5,Hamilton (Mercedes),43.24902,214.96194,Cloudy,0.25
35,1,Verstappen (Red Bull),42.51576,42.51576,Cloudy,0.25
35,2,Verstappen (Red Bull),42.60072,85.11648,Cloudy,0.25
35,3,Verstappen (Red Bull),42.77037,127.88685,Cloudy,0.25
35,4,Verstappen (Red Bull),42.03514,169.92199,Cloudy,0.25
35,5,Verstappen (Red Bull),42.80788,212.72987,Cloudy,0.25
35,1,Norris (McLaren),43.76068,43.76068,Cloudy,0.25
35,2,Norris (McLaren),42.38298,86.14366,Cloudy,0.25
35,3,Norris (McLaren),42.7455,128.88916,Cloudy,0.25
35,4,Norris (McLaren),42.62053,171.50969,Cloudy,0.25
35,5,Norris (McLaren),43.72255,215.23224,Cloudy,0.25
35,1,Leclerc (Ferrari),41.79165,41.79165,Cloudy,0.25
35,2,Leclerc (Ferrari),42.21559,84.00724,Cloudy,0.25
35,3,Leclerc (Ferrari),43.54281,127.55005,Cloudy,0.25
35,4,Leclerc (Ferrari),41.9218,169.47185,Cloudy,0.25
35,5,Leclerc (Ferrari),41.58985,211.0617,Cloudy,0.25
36,1,Hamilton (Mercedes),42.56642,42.56642,Cloudy,0.25
36,2,Hamilton (Mercedes),41.78298,84.34941,Cloudy,0.25
36,3,Hamilton (Mercedes),42.53795,126.88736,Cloudy,0.25
36,4,Hamilton (Mercedes),42.64386,169.53122,Cloudy,0.25
36,5,Hamilton (Mercedes),43.16281,212.69404,Cloudy,0.25
36,1,Verstappen (Red Bull),42.22106,42.22106,Cloudy,0.25
36,2,Verstappen (Red Bull),42.13339,84.35445,Cloudy,0.25
36,3,Verstappen (Red Bull),43.31862,127.67307,Cloudy,0.25
36,4,Verstappen (Red Bull),41.98095,169.65402,Cloudy,0.25
36,5,Verstappen (Red Bull),43.03382,212.68783,Cloudy,0.25
36,1,Norris (McLaren),42.96823,42.96823,Cloudy,0.25
36,2,Norris (McLaren),43.44946,86.41769,Cloudy,0.25
36,3,Norris (McLaren),43.19103,129.60872,Cloudy,0.25
36,4,Norris (McLaren),42.54981,172.15854,Cloudy,0.25
36,5,Norris (McLaren),42.22074,214.37928,Cloudy,0.25
36,1,Leclerc (Ferrari),43.42757,43.42757,Cloudy,0.25
36,2,Leclerc (Ferrari),42.53732,85.96488,Cloudy,0.25
36,3,Leclerc (Ferrari),41.47058,127.43546,Cloudy,0.25
36,4,Leclerc (Ferrari),41.91166,169.34712,Cloudy,0.25
36,5,Leclerc (Ferrari),42.22984,211.57696,Cloudy,0.25
37,1,Hamilton (Mercedes),42.83533,42.83533,Cloudy,0.25
37,2,Hamilton (Mercedes),43.79333,86.62866,Cloudy,0.25
37,3,Hamilton (Mercedes),43.21554,129.8442,Cloudy,0.25
37,4,Hamilton (Mercedes),41.67431,171.51851,Cloudy,0.25
37,5,Hamilton (Mercedes),43.5516,215.07011,Cloudy,0.25
37,1,Verstappen (Red Bull),41.99109,41.99109,Cloudy,0.25
37,2,Verstappen (Red Bull),42.2927,84.28379,Cloudy,0.25
37,3,Verstappen (Red Bull),42.47021,126.75399,Cloudy,0.25
37,4,Verstappen (Red Bull),43.17073,169.92473,Cloudy,0.25
37,5,Verstappen (Red Bull),41.90972,211.83445,Cloudy,0.25
37,1,Norris (McLaren),42.49275,42.49275,Cloudy,0.25
37,2,Norris (McLaren),43.21593,85.70868,Cloudy,0.25
37,3,Norris (McLaren),42.33509,128.04377,Cloudy,0.25
37,4,Norris (McLaren),43.4682,171.51197,Cloudy,0.25
37,5,Norris (McLaren),43.15535,214.66732,Cloudy,0.25
37,1,Leclerc (Ferrari),41.78404,41.78404,Cloudy,0.25
37,2,Leclerc (Ferrari),42.71869,84.50273,Cloudy,0.25
37,3,Leclerc (Ferrari),42.94227,127.44501,Cloudy,0.25
37,4,Leclerc (Ferrari),41.80305,169.24806,Cloudy,0.25
37,5,Leclerc (Ferrari),43.2041,212.45215,Cloudy,0.25
38,1,Hamilton (Mercedes),43.29261,43.29261,Cloudy,0.25
38,2,Hamilton (Mercedes),42.65181,85.94442,Cloudy,0.25
38,3,Hamilton (Mercedes),42.84481,128.78923,Cloudy,0.25
38,4,Hamilton (Mercedes),43.07982,171.86906,Cloudy,0.25
38,5,Hamilton (Mercedes),43.15365,215.0227,Cloudy,0.25
38,1,Verstappen (Red Bull),43.80061,43.80061,Cloudy,0.25
38,2,Verstappen (Red Bull),43.62202,87.42263,Cloudy,0.25
38,3,Verstappen (Red Bull),43.11732,130.53995,Cloudy,0.25
38,4,Verstappen (Red Bull),42.16821,172.70816,Cloudy,0.25
38,5,Verstappen (Red Bull),44.0685,216.77666,Cloudy,0.25
38,1,Norris (McLaren),41.87706,41.87706,Cloudy,0.25
38,2,Norris (McLaren),43.18203,85.05909,Cloudy,0.25
38,3,Norris (McLaren),43.7364,128.79549,Cloudy,0.25
38,4,Norris (McLaren),42.7297,171.52519,Cloudy,0.25
38,5,Norris (McLaren),42.34697,213.87216,Cloudy,0.25
38,1,Leclerc (Ferrari),42.01158,42.01158,Cloudy,0.25
38,2,Leclerc (Ferrari),42.02175,84.03333,Cloudy,0.25
38,3,Leclerc (Ferrari),41.9261,125.95943,Cloudy,0.25
38,4,Leclerc (Ferrari),42.72827,168.6877,Cloudy,0.25
38,5,Leclerc (Ferrari),42.14244,210.83013,Cloudy,0.25
39,1,Hamilton (Mercedes),42.69174,42.69174,Cloudy,0.25
39,2,Hamilton (Mercedes),42.94117,85.63291,Cloudy,0.25
39,3,Hamilton (Mercedes),43.23905,128.87196,Cloudy,0.25
39,4,Hamilton (Mercedes),43.51127,172.38323,Cloudy,0.25
39,5,Hamilton (Mercedes),43.49136,215.87459,Cloudy,0.25
39,1,Verstappen (Red Bull),42.66511,42.66511,Cloudy,0.25
39,2,Verstappen (Red Bull),43.92379,86.5889,Cloudy,0.25
39,3,Verstappen (Red Bull),42.98247,129.57137,Cloudy,0.25
39,4,Verstappen (Red Bull),41.95764,171.52902,Cloudy,0.25
39,5,Verstappen (Red Bull),42.65496,214.18398,Cloudy,0.25
39,1,Norris (McLaren),43.73649,43.73649,Cloudy,0.25
39,2,Norris (McLaren),43.31393,87.05042,Cloudy,0.25
39,3,Norris (McLaren),43.10517,130.15559,Cloudy,0.25
39,4,Norris (McLaren),42.67652,172.83211,Cloudy,0.25
39,5,Norris (McLaren),43.35548,216.18759,Cloudy,0.25
39,1,Leclerc (Ferrari),42.15055,42.15055,Cloudy,0.25
39,2,Leclerc (Ferrari),41.71867,83.86922,Cloudy,0.25
39,3,Leclerc (Ferrari),41.99596,125.86518,Cloudy,0.25
39,4,Leclerc (Ferrari),41.38725,167.25243,Cloudy,0.25
39,5,Leclerc (Ferrari),41.82506,209.0775,Cloudy,0.25
40,1,Hamilton (Mercedes),43.68276,43.68276,Cloudy,0.25
40,2,Hamilton (Mercedes),42.89996,86.58272,Cloudy,0.25
40,3,Hamilton (Mercedes),42.78043,129.36315,Cloudy,0.25
40,4,Hamilton (Mercedes),42.6734,172.03655,Cloudy,0.25
40,5,Hamilton (Mercedes),43.36118,215.39773,Cloudy,0.25
40,1,Verstappen (Red Bull),42.54903,42.54903,Cloudy,0.25
40,2,Verstappen (Red Bull),42.58989,85.13892,Cloudy,0.25
40,3,Verstappen (Red Bull),41.98239,127.12131,Cloudy,0.25
40,4,Verstappen (Red Bull),41.75343,168.87474,Cloudy,0.25
40,5,Verstappen (Red Bull),42.25975,211.13449,Cloudy,0.25
40,1,Norris (McLaren),42.18188,42.18188,Cloudy,0.25
40,2,Norris (McLaren),43.69546,85.87734,Cloudy,0.25
40,3,Norris (McLaren),42.75723,128.63457,Cloudy,0.25
40,4,Norris (McLaren),42.81599,171.45056,Cloudy,0.25
40,5,Norris (McLaren),42.48031,213.93088,Cloudy,0.25
40,1,Leclerc (Ferrari),41.75723,41.75723,Cloudy,0.25
40,2,Leclerc (Ferrari),40.99238,82.7496,Cloudy,0.25
40,3,Leclerc (Ferrari),41.43943,124.18903,Cloudy,0.25
40,4,Leclerc (Ferrari),42.26477,166.4538,Cloudy,0.25
40,5,Leclerc (Ferrari),42.50064,208.95444,Cloudy,0.25
41,1,Hamilton (Mercedes),43.55719,43.55719,Cloudy,0.25
41,2,Hamilton (Mercedes),42.62385,86.18104,Cloudy,0.25
41,3,Hamilton (Mercedes),42.26051,128.44155,Cloudy,0.25
41,4,Hamilton (Mercedes),43.54815,171.9897,Cloudy,0.25
41,5,Hamilton (Mercedes),43.21531,215.20501,Cloudy,0.25
41,1,Verstappen (Red Bull),42.69316,42.69316,Cloudy,0.25
41,2,Verstappen (Red Bull),42.70762,85.40078,Cloudy,0.25
41,3,Verstappen (Red Bull),42.54641,127.94719,Cloudy,0.25
41,4,Verstappen (Red Bull),41.64884,169.59603,Cloudy,0.25
41,5,Verstappen (Red Bull),43.04062,212.63665,Cloudy,0.25
41,1,Norris (McLaren),41.62779,41.62779,Cloudy,0.25
41,2,Norris (McLaren),41.26331,82.8911,Cloudy,0.25
41,3,Norris (McLaren),43.62024,126.51134,Cloudy,0.25
41,4,Norris (McLaren),43.67661,170.18795,Cloudy,0.25
41,5,Norris (McLaren),43.56474,213.75269,Cloudy,0.25
41,1,Leclerc (Ferrari),42.96112,42.96112,Cloudy,0.25
41,2,Leclerc (Ferrari),41.98301,84.94413,Cloudy,0.25
41,3,Leclerc (Ferrari),42.35113,127.29526,Cloudy,0.25
41,4,Leclerc (Ferrari),42.37922,169.67448,Cloudy,0.25
41,5,Leclerc (Ferrari),43.21574,212.89022,Cloudy,0.25
42,1,Hamilton (Mercedes),42.9274,42.9274,Cloudy,0.25
42,2,Hamilton (Mercedes),43.43131,86.35871,Cloudy,0.25
42,3,Hamilton (Mercedes),43.84707,130.20578,Cloudy,0.25
42,4,Hamilton (Mercedes),43.28755,173.49334,Cloudy,0.25
42,5,Hamilton (Mercedes),42.74863,216.24197,Cloudy,0.25
42,1,Verstappen (Red Bull),43.07315,43.07315,Cloudy,0.25
42,2,Verstappen (Red Bull),42.39302,85.46617,Cloudy,0.25
42,3,Verstappen (Red Bull),42.6781,128.14427,Cloudy,0.25
42,4,Verstappen (Red Bull),42.35287,170.49714,Cloudy,0.25
42,5,Verstappen (Red Bull),43.2099,213.70705,Cloudy,0.25
42,1,Norris (McLaren),43.10078,43.10078,Cloudy,0.25
42,2,Norris (McLaren),43.06176,86.16254,Cloudy,0.25
42,3,Norris (McLaren),43.22902,129.39156,Cloudy,0.25
42,4,Norris (McLaren),43.21514,172.6067,Cloudy,0.25
42,5,Norris (McLaren),43.84631,216.45302,Cloudy,0.25
42,1,Leclerc (Ferrari),41.80312,41.80312,Cloudy,0.25
42,2,Leclerc (Ferrari),43.14698,84.95011,Cloudy,0.25
42,3,Leclerc (Ferrari),42.06143,127.01154,Cloudy,0.25
42,4,Leclerc (Ferrari),43.7574,170.76894,Cloudy,0.25
42,5,Leclerc (Ferrari),42.13241,212.90135,Cloudy,0.25
43,1,Hamilton (Mercedes),43.61395,43.61395,Cloudy,0.25
43,2,Hamilton (Mercedes),42.16722,85.78118,Cloudy,0.25
43,3,Hamilton (Mercedes),42.50973,128.29091,Cloudy,0.25
43,4,Hamilton (Mercedes),43.14932,171.44023,Cloudy,0.25
43,5,Hamilton (Mercedes),42.63913,214.07936,Cloudy,0.25
43,1,Verstappen (Red Bull),42.59084,42.59084,Cloudy,0.25
43,2,Verstappen (Red Bull),42.79295,85.38379,Cloudy,0.25
43,3,Verstappen (Red Bull),42.75422,128.13801,Cloudy,0.25
43,4,Verstappen (Red Bull),42.74663,170.88464,Cloudy,0.25
43,5,Verstappen (Red Bull),42.26084,213.14548,Cloudy,0.25
43,1,Norris (McLaren),42.36141,42.36141,Cloudy,0.25
43,2,Norris (McLaren),42.15289,84.5143,Cloudy,0.25
43,3,Norris (McLaren),43.48316,127.99746,Cloudy,0.25
43,4,Norris (McLaren),42.46049,170.45795,Cloudy,0.25
43,5,Norris (McLaren),42.40085,212.8588,Cloudy,0.25
43,1,Leclerc (Ferrari),42.9708,42.9708,Cloudy,0.25
43,2,Leclerc (Ferrari),42.56918,85.53999,Cloudy,0.25
43,3,Leclerc (Ferrari),41.97211,127.51209,Cloudy,0.25
43,4,Leclerc (Ferrari),41.69426,169.20635,Cloudy,0.25
43,5,Leclerc (Ferrari),43.15267,212.35902,Cloudy,0.25
44,1,Hamilton (Mercedes),42.81815,42.81815,Cloudy,0.25
44,2,Hamilton (Mercedes),42.7139,85.53206,Cloudy,0.25
44,3,Hamilton (Mercedes),42.70207,128.23413,Cloudy,0.25
44,4,Hamilton (Mercedes),43.41012,171.64425,Cloudy,0.25
44,5,Hamilton (Mercedes),42.27444,213.91869,Cloudy,0.25
44,1,Verstappen (Red Bull),42.43367,42.43367,Cloudy,0.25
44,2,Verstappen (Red Bull),42.07995,84.51362,Cloudy,0.25
44,3,Verstappen (Red Bull),42.62294,127.13656,Cloudy,0.25
44,4,Verstappen (Red Bull),42.50438,169.64094,Cloudy,0.25
44,5,Verstappen (Red Bull),42.34374,211.98469,Cloudy,0.25
44,1,Norris (McLaren),41.45101,41.45101,Cloudy,0.25
44,2,Norris (McLaren),42.22528,83.6763,Cloudy,0.25
44,3,Norris (McLaren),43.05945,126.73574,Cloudy,0.25
44,4,Norris (McLaren),43.57446,170.31021,Cloudy,0.25
44,5,Norris (McLaren),43.52381,213.83402,Cloudy,0.25
44,1,Leclerc (Ferrari),42.17357,42.17357,Cloudy,0.25
44,2,Leclerc (Ferrari),41.90508,84.07865,Cloudy,0.25
44,3,Leclerc (Ferrari),41.41587,125.49452,Cloudy,0.25
44,4,Leclerc (Ferrari),41.7823,167.27682,Cloudy,0.25
44,5,Leclerc (Ferrari),42.98644,210.26325,Cloudy,0.25
45,1,Hamilton (Mercedes),42.37401,42.37401,Cloudy,0.25
45,2,Hamilton (Mercedes),42.77945,85.15346,Cloudy,0.25
45,3,Hamilton (Mercedes),43.26109,128.41455,Cloudy,0.25
45,4,Hamilton (Mercedes),42.4872,170.90175,Cloudy,0.25
45,5,Hamilton (Mercedes),43.38148,214.28324,Cloudy,0.25
45,1,Verstappen (Red Bull),41.93678,41.93678,Cloudy,0.25
45,2,Verstappen (Red Bull),41.99393,83.93071,Cloudy,0.25
45,3,Verstappen (Red Bull),43.44862,127.37933,Cloudy,0.25
45,4,Verstappen (Red Bull),41.46785,168.84717,Cloudy,0.25
45,5,Verstappen (Red Bull),43.56487,212.41204,Cloudy,0.25
45,1,Norris (McLaren),43.23869,43.23869,Cloudy,0.25
45,2,Norris (McLaren),43.21893,86.45762,Cloudy,0.25
45,3,Norris (McLaren),44.1774,130.63502,Cloudy,0.25
45,4,Norris (McLaren),42.89772,173.53274,Cloudy,0.25
45,5,Norris (McLaren),42.683,216.21575,Cloudy,0.25
45,1,Leclerc (Ferrari),41.11455,41.11455,Cloudy,0.25
45,2,Leclerc (Ferrari),41.24438,82.35893,Cloudy,0.25
45,3,Leclerc (Ferrari),42.13169,124.49062,Cloudy,0.25
45,4,Leclerc (Ferrari),42.13944,166.63006,Cloudy,0.25
45,5,Leclerc (Ferrari),42.68068,209.31074,Cloudy,0.25
46,1,Hamilton (Mercedes),42.11077,42.11077,Cloudy,0.25
46,2,Hamilton (Mercedes),42.57607,84.68685,Cloudy,0.25
46,3,Hamilton (Mercedes),43.63323,128.32007,Cloudy,0.25
46,4,Hamilton (Mercedes),42.79715,171.11722,Cloudy,0.25
46,5,Hamilton (Mercedes),42.57571,213.69293,Cloudy,0.25
46,1,Verstappen (Red Bull),42.73635,42.73635,Cloudy,0.25
46,2,Verstappen (Red Bull),41.46026,84.1966,Cloudy,0.25
46,3,Verstappen (Red Bull),42.20898,126.40558,Cloudy,0.25
46,4,Verstappen (Red Bull),41.82006,168.22564,Cloudy,0.25
46,5,Verstappen (Red Bull),43.02316,211.2488,Cloudy,0.25
46,1,Norris (McLaren),43.43497,43.43497,Cloudy,0.25
46,2,Norris (McLaren),44.53141,87.96637,Cloudy,0.25
46,3,Norris (McLaren),42.87833,130.8447,Cloudy,0.25
46,4,Norris (McLaren),42.00911,172.85381,Cloudy,0.25
46,5,Norris (McLaren),43.75151,216.60533,Cloudy,0.25
46,1,Leclerc (Ferrari),42.42671,42.42671,Cloudy,0.25
46,2,Leclerc (Ferrari),42.13898,84.56568,Cloudy,0.25
46,3,Leclerc (Ferrari),41.23581,125.80149,Cloudy,0.25
46,4,Leclerc (Ferrari),42.40855,168.21004,Cloudy,0.25
46,5,Leclerc (Ferrari),42.23624,210.44629,Cloudy,0.25
47,1,Hamilton (Mercedes),42.95251,42.95251,Cloudy,0.25
47,2,Hamilton (Mercedes),42.34138,85.29389,Cloudy,0.25
47,3,Hamilton (Mercedes),42.82742,128.12131,Cloudy,0.25
47,4,Hamilton (Mercedes),44.54506,172.66637,Cloudy,0.25
47,5,Hamilton (Mercedes),43.5967,216.26307,Cloudy,0.25
47,1,Verstappen (Red Bull),42.83708,42.83708,Cloudy,0.25
47,2,Verstappen (Red Bull),43.84135,86.67843,Cloudy,0.25
47,3,Verstappen (Red Bull),42.40226,129.08069,Cloudy,0.25
47,4,Verstappen (Red Bull),42.26762,171.34831,Cloudy,0.25
47,5,Verstappen (Red Bull),41.20109,212.5494,Cloudy,0.25
47,1,Norris (McLaren),42.72659,42.72659,Cloudy,0.25
47,2,Norris (McLaren),44.05002,86.77661,Cloudy,0.25
47,3,Norris (McLaren),42.91179,129.6884,Cloudy,0.25
47,4,Norris (McLaren),42.23306,171.92146,Cloudy,0.25
47,5,Norris (McLaren),42.16537,214.08683,Cloudy,0.25
47,1,Leclerc (Ferrari),43.50422,43.50422,Cloudy,0.25
47,2,Leclerc (Ferrari),42.03333,85.53755,Cloudy,0.25
47,3,Leclerc (Ferrari),42.98891,128.52646,Cloudy,0.25
47,4,Leclerc (Ferrari),42.31949,170.84595,Cloudy,0.25
47,5,Leclerc (Ferrari),41.94479,212.79074,Cloudy,0.25
48,1,Hamilton (Mercedes),42.50975,42.50975,Cloudy,0.25
48,2,Hamilton (Mercedes),42.87684,85.38659,Cloudy,0.25
48,3,Hamilton (Mercedes),43.79912,129.18571,Cloudy,0.25
48,4,Hamilton (Mercedes),42.22149,171.40719,Cloudy,0.25
48,5,Hamilton (Mercedes),42.9512,214.35839,Cloudy,0.25
48,1,Verstappen (Red Bull),42.69523,42.69523,Cloudy,0.25
48,2,Verstappen (Red Bull),41.75123,84.44646,Cloudy,0.25
48,3,Verstappen (Red Bull),42.19018,126.63665,Cloudy,0.25
48,4,Verstappen (Red Bull),42.15178,168.78842,Cloudy,0.25
48,5,Verstappen (Red Bull),42.0926,210.88102,Cloudy,0.25
48,1,Norris (McLaren),43.80858,43.80858,Cloudy,0.25
48,2,Norris (McLaren),43.38414,87.19272,Cloudy,0.25
48,3,Norris (McLaren),42.98189,130.17461,Cloudy,0.25
48,4,Norris (McLaren),43.16386,173.33847,Cloudy,0.25
48,5,Norris (McLaren),42.99847,216.33693,Cloudy,0.25
48,1,Leclerc (Ferrari),43.49386,43.49386,Cloudy,0.25
48,2,Leclerc (Ferrari),41.78838,85.28224,Cloudy,0.25
48,3,Leclerc (Ferrari),41.83334,127.11559,Cloudy,0.25
48,4,Leclerc (Ferrari),43.43273,170.54832,Cloudy,0.25
48,5,Leclerc (Ferrari),43.01668,213.565,Cloudy,0.25
49,1,Hamilton (Mercedes),42.69262,42.69262,Cloudy,0.25
49,2,Hamilton (Mercedes),43.07173,85.76435,Cloudy,0.25
49,3,Hamilton (Mercedes),43.25742,129.02176,Cloudy,0.25
49,4,Hamilton (Mercedes),43.5351,172.55686,Cloudy,0.25
49,5,Hamilton (Mercedes),43.19738,215.75424,Cloudy,0.25
49,1,Verstappen (Red Bull),42.07701,42.07701,Cloudy,0.25
49,2,Verstappen (Red Bull),42.28006,84.35708,Cloudy,0.25
49,3,Verstappen (Red Bull),41.96019,126.31726,Cloudy,0.25
49,4,Verstappen (Red Bull),41.65532,167.97258,Cloudy,0.25
49,5,Verstappen (Red Bull),42.47034,210.44292,Cloudy,0.25
49,1,Norris (McLaren),42.30944,42.30944,Cloudy,0.25
49,2,Norris (McLaren),43.0902,85.39964,Cloudy,0.25
49,3,Norris (McLaren),43.21968,128.61932,Cloudy,0.25
49,4,Norris (McLaren),43.40109,172.02041,Cloudy,0.25
49,5,Norris (McLaren),42.71903,214.73944,Cloudy,0.25
49,1,Leclerc (Ferrari),43.36941,43.36941,Cloudy,0.25
49,2,Leclerc (Ferrari),42.22795,85.59737,Cloudy,0.25
49,3,Leclerc (Ferrari),41.4609,127.05827,Cloudy,0.25
49,4,Leclerc (Ferrari),41.59985,168.65811,Cloudy,0.25
49,5,Leclerc (Ferrari),42.92194,211.58006,Cloudy,0.25
50,1,Hamilton (Mercedes),42.76395,42.76395,Cloudy,0.25
50,2,Hamilton (Mercedes),43.74842,86.51237,Cloudy,0.25
50,3,Hamilton (Mercedes),42.80309,129.31546,Cloudy,0.25
50,4,Hamilton (Mercedes),42.78324,172.09871,Cloudy,0.25
50,5,Hamilton (Mercedes),44.00632,216.10502,Cloudy,0.25
50,1,Verstappen (Red Bull),42.30199,42.30199,Cloudy,0.25
50,2,Verstappen (Red Bull),42.97067,85.27266,Cloudy,0.25
50,3,Verstappen (Red Bull),42.25288,127.52554,Cloudy,0.25
50,4,Verstappen (Red Bull),42.49166,170.0172,Cloudy,0.25
50,5,Verstappen (Red Bull),43.52845,213.54565,Cloudy,0.25
50,1,Norris (McLaren),41.62832,41.62832,Cloudy,0.25
50,2,Norris (McLaren),42.34541,83.97372,Cloudy,0.25
50,3,Norris (McLaren),41.8499,125.82362,Cloudy,0.25
50,4,Norris (McLaren),42.79079,168.61441,Cloudy,0.25
50,5,Norris (McLaren),42.3799,210.99431,Cloudy,0.25
50,1,Leclerc (Ferrari),42.22449,42.22449,Cloudy,0.25
50,2,Leclerc (Ferrari),43.06624,85.29073,Cloudy,0.25
50,3,Leclerc (Ferrari),40.53891,125.82964,Cloudy,0.25
50,4,Leclerc (Ferrari),41.53876,167.3684,Cloudy,0.25
50,5,Leclerc (Ferrari),42.73818,210.10658,Cloudy,0.25
51,1,Hamilton (Mercedes),43.72463,43.72463,Cloudy,0.25
51,2,Hamilton (Mercedes),43.79197,87.5166,Cloudy,0.25
51,3,Hamilton (Mercedes),42.59035,130.10695,Cloudy,0.25
51,4,Hamilton (Mercedes),43.42274,173.52969,Cloudy,0.25
51,5,Hamilton (Mercedes),43.20831,216.738,Cloudy,0.25
51,1,Verstappen (Red Bull),41.72044,41.72044,Cloudy,0.25
51,2,Verstappen (Red Bull),43.03897,84.75942,Cloudy,0.25
51,3,Verstappen (Red Bull),43.60721,128.36663,Cloudy,0.25
51,4,Verstappen (Red Bull),41.61101,169.97764,Cloudy,0.25
51,5,Verstappen (Red Bull),42.13515,212.11278,Cloudy,0.25
51,1,Norris (McLaren),43.32411,43.32411,Cloudy,0.25
51,2,Norris (McLaren),43.07574,86.39986,Cloudy,0.25
51,3,Norris (McLaren),43.38897,129.78883,Cloudy,0.25
51,4,Norris (McLaren),42.12738,171.91621,Cloudy,0.25
51,5,Norris (McLaren),42.65564,214.57184,Cloudy,0.25
51,1,Leclerc (Ferrari),40.91372,40.91372,Cloudy,0.25
51,2,Leclerc (Ferrari),41.89488,82.80859,Cloudy,0.25
51,3,Leclerc (Ferrari),43.13011,125.93871,Cloudy,0.25
51,4,Leclerc (Ferrari),41.63264,167.57134,Cloudy,0.25
51,5,Leclerc (Ferrari),41.78117,209.35251,Cloudy,0.25
52,1,Hamilton (Mercedes),42.47103,42.47103,Cloudy,0.25
52,2,Hamilton (Mercedes),43.43179,85.90281,Cloudy,0.25
52,3,Hamilton (Mercedes),43.18645,129.08926,Cloudy,0.25
52,4,Hamilton (Mercedes),42.29493,171.3842,Cloudy,0.25
52,5,Hamilton (Mercedes),42.87543,214.25962,Cloudy,0.25
52,1,Verstappen (Red Bull),42.0974,42.0974,Cloudy,0.25
52,2,Verstappen (Red Bull),42.37458,84.47198,Cloudy,0.25
52,3,Verstappen (Red Bull),42.6062,127.07818,Cloudy,0.25
52,4,Verstappen (Red Bull),42.88535,169.96353,Cloudy,0.25
52,5,Verstappen (Red Bull),43.11278,213.07631,Cloudy,0.25
52,1,Norris (McLaren),43.26885,43.26885,Cloudy,0.25
52,2,Norris (McLaren),42.58338,85.85224,Cloudy,0.25
52,3,Norris (McLaren),40.73482,126.58706,Cloudy,0.25
52,4,Norris (McLaren),43.12493,169.71199,Cloudy,0.25
52,5,Norris (McLaren),43.42283,213.13481,Cloudy,0.25
52,1,Leclerc (Ferrari),42.13545,42.13545,Cloudy,0.25
52,2,Leclerc (Ferrari),42.35046,84.4859,Cloudy,0.25
52,3,Leclerc (Ferrari),41.20353,125.68944,Cloudy,0.25
52,4,Leclerc (Ferrari),42.84059,168.53003,Cloudy,0.25
52,5,Leclerc (Ferrari),42.82556,211.35558,Cloudy,0.25
53,1,Hamilton (Mercedes),42.99004,42.99004,Cloudy,0.25
53,2,Hamilton (Mercedes),42.72528,85.71533,Cloudy,0.25
53,3,Hamilton (Mercedes),42.69502,128.41035,Cloudy,0.25
53,4,Hamilton (Mercedes),42.85178,171.26212,Cloudy,0.25
53,5,Hamilton (Mercedes),41.62582,212.88794,Cloudy,0.25
53,1,Verstappen (Red Bull),42.49686,42.49686,Cloudy,0.25
53,2,Verstappen (Red Bull),43.22808,85.72494,Cloudy,0.25
53,3,Verstappen (Red Bull),42.89105,128.61598,Cloudy,0.25
53,4,Verstappen (Red Bull),41.51949,170.13548,Cloudy,0.25
53,5,Verstappen (Red Bull),42.59902,212.73449,Cloudy,0.25
53,1,Norris (McLaren),41.87778,41.87778,Cloudy,0.25
53,2,Norris (McLaren),42.56114,84.43891,Cloudy,0.25
53,3,Norris (McLaren),42.80572,127.24464,Cloudy,0.25
53,4,Norris (McLaren),42.27303,169.51767,Cloudy,0.25
53,5,Norris (McLaren),43.1299,212.64757,Cloudy,0.25
53,1,Leclerc (Ferrari),43.12686,43.12686,Cloudy,0.25
53,2,Leclerc (Ferrari),40.65074,83.7776,Cloudy,0.25
53,3,Leclerc (Ferrari),41.41379,125.19139,Cloudy,0.25
53,4,Leclerc (Ferrari),41.89792,167.08931,Cloudy,0.25
53,5,Leclerc (Ferrari),41.83234,208.92165,Cloudy,0.25
54,1,Hamilton (Mercedes),43.85819,43.85819,Cloudy,0.25
54,2,Hamilton (Mercedes),42.98517,86.84336,Cloudy,0.25
54,3,Hamilton (Mercedes),42.41562,129.25898,Cloudy,0.25
54,4,Hamilton (Mercedes),42.42953,171.68851,Cloudy,0.25
54,5,Hamilton (Mercedes),43.00399,214.69249,Cloudy,0.25
54,1,Verstappen (Red Bull),42.39636,42.39636,Cloudy,0.25
54,2,Verstappen (Red Bull),42.66545,85.06181,Cloudy,0.25
54,3,Verstappen (Red Bull),43.25276,128.31458,Cloudy,0.25
54,4,Verstappen (Red Bull),41.54752,169.8621,Cloudy,0.25
54,5,Verstappen (Red Bull),43.38068,213.24278,Cloudy,0.25
54,1,Norris (McLaren),43.11637,43.11637,Cloudy,0.25
54,2,Norris (McLaren),42.61214,85.72851,Cloudy,0.25
54,3,Norris (McLaren),42.27675,128.00526,Cloudy,0.25
54,4,Norris (McLaren),42.86097,170.86623,Cloudy,0.25
54,5,Norris (McLaren),42.65095,213.51717,Cloudy,0.25
54,1,Leclerc (Ferrari),42.50705,42.50705,Cloudy,0.25
54,2,Leclerc (Ferrari),40.57964,83.08669,Cloudy,0.25
54,3,Leclerc (Ferrari),42.71276,125.79945,Cloudy,0.25
54,4,Leclerc (Ferrari),42.70105,168.5005,Cloudy,0.25
54,5,Leclerc (Ferrari),41.17482,209.67531,Cloudy,0.25
55,1,Hamilton (Mercedes),43.33868,43.33868,Cloudy,0.25
55,2,Hamilton (Mercedes),42.299,85.63767,Cloudy,0.25
55,3,Hamilton (Mercedes),42.3354,127.97307,Cloudy,0.25
55,4,Hamilton (Mercedes),43.1817,171.15477,Cloudy,0.25
55,5,Hamilton (Mercedes),42.63423,213.789,Cloudy,0.25
55,1,Verstappen (Red Bull),42.45618,42.45618,Cloudy,0.25
55,2,Verstappen (Red Bull),42.86008,85.31626,Cloudy,0.25
55,3,Verstappen (Red Bull),42.78348,128.09973,Cloudy,0.25
55,4,Verstappen (Red Bull),42.25613,170.35586,Cloudy,0.25
55,5,Verstappen (Red Bull),42.39863,212.75449,Cloudy,0.25
55,1,Norris (McLaren),43.08134,43.08134,Cloudy,0.25
55,2,Norris (McLaren),42.11167,85.19301,Cloudy,0.25
55,3,Norris (McLaren),42.16459,127.3576,Cloudy,0.25
55,4,Norris (McLaren),42.82621,170.18382,Cloudy,0.25
55,5,Norris (McLaren),43.98413,214.16795,Cloudy,0.25
55,1,Leclerc (Ferrari),42.81648,42.81648,Cloudy,0.25
55,2,Leclerc (Ferrari),41.6626,84.47907,Cloudy,0.25
55,3,Leclerc (Ferrari),42.05892,126.53799,Cloudy,0.25
55,4,Leclerc (Ferrari),42.93836,169.47635,Cloudy,0.25
55,5,Leclerc (Ferrari),42.47402,211.95037,Cloudy,0.25
56,1,Hamilton (Mercedes),42.25271,42.25271,Cloudy,0.25
56,2,Hamilton (Mercedes),43.15528,85.40799,Cloudy,0.25
56,3,Hamilton (Mercedes),42.06912,127.47711,Cloudy,0.25
56,4,Hamilton (Mercedes),42.20585,169.68296,Cloudy,0.25
56,5,Hamilton (Mercedes),42.89488,212.57784,Cloudy,0.25
56,1,Verstappen (Red Bull),42.91429,42.91429,Cloudy,0.25
56,2,Verstappen (Red Bull),43.36589,86.28017,Cloudy,0.25
56,3,Verstappen (Red Bull),42.69116,128.97133,Cloudy,0.25
56,4,Verstappen (Red Bull),41.5098,170.48113,Cloudy,0.25
56,5,Verstappen (Red Bull),42.74473,213.22586,Cloudy,0.25
56,1,Norris (McLaren),43.82383,43.82383,Cloudy,0.25
56,2,Norris (McLaren),43.03091,86.85474,Cloudy,0.25
56,3,Norris (McLaren),42.62571,129.48045,Cloudy,0.25
56,4,Norris (McLaren),44.26326,173.74371,Cloudy,0.25
56,5,Norris (McLaren),42.97577,216.71948,Cloudy,0.25
56,1,Leclerc (Ferrari),43.77626,43.77626,Cloudy,0.25
56,2,Leclerc (Ferrari),42.54918,86.32545,Cloudy,0.25
56,3,Leclerc (Ferrari),43.60469,129.93014,Cloudy,0.25
56,4,Leclerc (Ferrari),41.76865,171.69879,Cloudy,0.25
56,5,Leclerc (Ferrari),41.62391,213.3227,Cloudy,0.25
57,1,Hamilton (Mercedes),43.63765,43.63765,Cloudy,0.25
57,2,Hamilton (Mercedes),42.95096,86.5886,Cloudy,0.25
57,3,Hamilton (Mercedes),43.28959,129.8782,Cloudy,0.25
57,4,Hamilton (Mercedes),43.38179,173.25999,Cloudy,0.25
57,5,Hamilton (Mercedes),43.33798,216.59797,Cloudy,0.25
57,1,Verstappen (Red Bull),43.08751,43.08751,Cloudy,0.25
57,2,Verstappen (Red Bull),43.28444,86.37195,Cloudy,0.25
57,3,Verstappen (Red Bull),42.15201,128.52397,Cloudy,0.25
57,4,Verstappen (Red Bull),42.6592,171.18316,Cloudy,0.25
57,5,Verstappen (Red Bull),42.23181,213.41498,Cloudy,0.25
57,1,Norris (McLaren),44.63288,44.63288,Cloudy,0.25
57,2,Norris (McLaren),41.48465,86.11753,Cloudy,0.25
57,3,Norris (McLaren),43.57109,129.68862,Cloudy,0.25
57,4,Norris (McLaren),42.14179,171.83042,Cloudy,0.25
57,5,Norris (McLaren),43.47913,215.30955,Cloudy,0.25
57,1,Leclerc (Ferrari),41.3391,41.3391,Cloudy,0.25
57,2,Leclerc (Ferrari),43.00069,84.3398,Cloudy,0.25
57,3,Leclerc (Ferrari),42.33208,126.67187,Cloudy,0.25
57,4,Leclerc (Ferrari),42.51579,169.18766,Cloudy,0.25
57,5,Leclerc (Ferrari),43.66039,212.84805,Cloudy,0.25
58,1,Hamilton (Mercedes),42.6723,42.6723,Cloudy,0.25
58,2,Hamilton (Mercedes),43.27506,85.94737,Cloudy,0.25
58,3,Hamilton (Mercedes),43.34298,129.29035,Cloudy,0.25
58,4,Hamilton (Mercedes),43.25456,172.5449,Cloudy,0.25
58,5,Hamilton (Mercedes),43.59813,216.14303,Cloudy,0.25
58,1,Verstappen (Red Bull),41.9633,41.9633,Cloudy,0.25
58,2,Verstappen (Red Bull),41.68798,83.65128,Cloudy,0.25
58,3,Verstappen (Red Bull),42.42683,126.07811,Cloudy,0.25
58,4,Verstappen (Red Bull),41.59194,167.67004,Cloudy,0.25
58,5,Verstappen (Red Bull),42.20311,209.87315,Cloudy,0.25
58,1,Norris (McLaren),43.30097,43.30097,Cloudy,0.25
58,2,Norris (McLaren),42.17215,85.47312,Cloudy,0.25
58,3,Norris (McLaren),43.23556,128.70868,Cloudy,0.25
58,4,Norris (McLaren),42.58654,171.29522,Cloudy,0.25
58,5,Norris (McLaren),43.99443,215.28966,Cloudy,0.25
58,1,Leclerc (Ferrari),42.60215,42.60215,Cloudy,0.25
58,2,Leclerc (Ferrari),41.98558,84.58773,Cloudy,0.25
58,3,Leclerc (Ferrari),42.90569,127.49342,Cloudy,0.25
58,4,Leclerc (Ferrari),42.90204,170.39546,Cloudy,0.25
58,5,Leclerc (Ferrari),42.60614,213.0016,Cloudy,0.25
59,1,Hamilton (Mercedes),43.12276,43.12276,Cloudy,0.25
59,2,Hamilton (Mercedes),43.03409,86.15685,Cloudy,0.25
59,3,Hamilton (Mercedes),42.39269,128.54953,Cloudy,0.25
59,4,Hamilton (Mercedes),43.40931,171.95884,Cloudy,0.25
59,5,Hamilton (Mercedes),42.89296,214.8518,Cloudy,0.25
59,1,Verstappen (Red Bull),43.05271,43.05271,Cloudy,0.25
59,2,Verstappen (Red Bull),42.52614,85.57885,Cloudy,0.25
59,3,Verstappen (Red Bull),42.91557,128.49442,Cloudy,0.25
59,4,Verstappen (Red Bull),42.56241,171.05683,Cloudy,0.25
59,5,Verstappen (Red Bull),43.0319,214.08873,Cloudy,0.25
59,1,Norris (McLaren),42.18293,42.18293,Cloudy,0.25
59,2,Norris (McLaren),42.67916,84.8621,Cloudy,0.25
59,3,Norris (McLaren),43.24115,128.10325,Cloudy,0.25
59,4,Norris (McLaren),42.05899,170.16224,Cloudy,0.25
59,5,Norris (McLaren),42.35589,212.51813,Cloudy,0.25
59,1,Leclerc (Ferrari),41.54398,41.54398,Cloudy,0.25
59,2,Leclerc (Ferrari),42.85925,84.40323,Cloudy,0.25
59,3,Leclerc (Ferrari),41.45454,125.85777,Cloudy,0.25
59,4,Leclerc (Ferrari),41.55234,167.41011,Cloudy,0.25
59,5,Leclerc (Ferrari),42.35563,209.76574,Cloudy,0.25
60,1,Hamilton (Mercedes),43.25104,43.25104,Cloudy,0.25
60,2,Hamilton (Mercedes),42.45361,85.70466,Cloudy,0.25
60,3,Hamilton (Mercedes),42.71196,128.41662,Cloudy,0.25
60,4,Hamilton (Mercedes),42.65049,171.06711,Cloudy,0.25
60,5,Hamilton (Mercedes),42.79152,213.85863,Cloudy,0.25
60,1,Verstappen (Red Bull),42.31874,42.31874,Cloudy,0.25
60,2,Verstappen (Red Bull),43.30923,85.62798,Cloudy,0.25
60,3,Verstappen (Red Bull),42.24259,127.87057,Cloudy,0.25
60,4,Verstappen (Red Bull),41.86711,169.73768,Cloudy,0.25
60,5,Verstappen (Red Bull),41.80208,211.53976,Cloudy,0.25
60,1,Norris (McLaren),42.22543,42.22543,Cloudy,0.25
60,2,Norris (McLaren),43.3038,85.52923,Cloudy,0.25
60,3,Norris (McLaren),42.41059,127.93981,Cloudy,0.25
60,4,Norris (McLaren),43.78275,171.72256,Cloudy,0.25
60,5,Norris (McLaren),43.74882,215.47138,Cloudy,0.25
60,1,Leclerc (Ferrari),40.75588,40.75588,Cloudy,0.25
60,2,Leclerc (Ferrari),42.03161,82.78749,Cloudy,0.25
60,3,Leclerc (Ferrari),41.6757,124.46319,Cloudy,0.25
60,4,Leclerc (Ferrari),42.67262,167.13581,Cloudy,0.25
60,5,Leclerc (Ferrari),42.90061,210.03642,Cloudy,0.25
61,1,Hamilton (Mercedes),42.28471,42.28471,Cloudy,0.25
61,2,Hamilton (Mercedes),42.11198,84.39669,Cloudy,0.25
61,3,Hamilton (Mercedes),42.45632,126.85302,Cloudy,0.25
61,4,Hamilton (Mercedes),42.35586,169.20887,Cloudy,0.25
61,5,Hamilton (Mercedes),43.7146,212.92347,Cloudy,0.25
61,1,Verstappen (Red Bull),40.90995,40.90995,Cloudy,0.25
61,2,Verstappen (Red Bull),42.75651,83.66646,Cloudy,0.25
61,3,Verstappen (Red Bull),43.83167,127.49813,Cloudy,0.25
61,4,Verstappen (Red Bull),42.11287,169.611,Cloudy,0.25
61,5,Verstappen (Red Bull),42.70447,212.31547,Cloudy,0.25
61,1,Norris (McLaren),42.19454,42.19454,Cloudy,0.25
61,2,Norris (McLaren),42.67649,84.87103,Cloudy,0.25
61,3,Norris (McLaren),42.00073,126.87176,Cloudy,0.25
61,4,Norris (McLaren),43.01959,169.89135,Cloudy,0.25
61,5,Norris (McLaren),42.882,212.77335,Cloudy,0.25
61,1,Leclerc (Ferrari),41.93486,41.93486,Cloudy,0.25
61,2,Leclerc (Ferrari),43.84856,85.78342,Cloudy,0.25
61,3,Leclerc (Ferrari),42.90072,128.68414,Cloudy,0.25
61,4,Leclerc (Ferrari),42.2868,170.97094,Cloudy,0.25
61,5,Leclerc (Ferrari),41.44843,212.41937,Cloudy,0.25
62,1,Hamilton (Mercedes),43.18134,43.18134,Cloudy,0.25
62,2,Hamilton (Mercedes),42.97913,86.16048,Cloudy,0.25
62,3,Hamilton (Mercedes),42.65874,128.81921,Cloudy,0.25
62,4,Hamilton (Mercedes),42.40515,171.22436,Cloudy,0.25
62,5,Hamilton (Mercedes),42.43113,213.65549,Cloudy,0.25
62,1,Verstappen (Red Bull),43.65067,43.65067,Cloudy,0.25
62,2,Verstappen (Red Bull),42.81124,86.46191,Cloudy,0.25
62,3,Verstappen (Red Bull),42.92061,129.38251,Cloudy,0.25
62,4,Verstappen (Red Bull),42.90425,172.28677,Cloudy,0.25
62,5,Verstappen (Red Bull),43.22296,215.50972,Cloudy,0.25
62,1,Norris (McLaren),43.69351,43.69351,Cloudy,0.25
62,2,Norris (McLaren),42.40658,86.10009,Cloudy,0.25
62,3,Norris (McLaren),42.08281,128.1829,Cloudy,0.25
62,4,Norris (McLaren),43.02041,171.2033,Cloudy,0.25
62,5,Norris (McLaren),42.42701,213.63031,Cloudy,0.25
62,1,Leclerc (Ferrari),42.57711,42.57711,Cloudy,0.25
62,2,Leclerc (Ferrari),42.50669,85.0838,Cloudy,0.25
62,3,Leclerc (Ferrari),41.0673,126.15109,Cloudy,0.25
62,4,Leclerc (Ferrari),42.43778,168.58888,Cloudy,0.25
62,5,Leclerc (Ferrari),41.2132,209.80208,Cloudy,0.25
63,1,Hamilton (Mercedes),43.40102,43.40102,Cloudy,0.25
63,2,Hamilton (Mercedes),42.85386,86.25489,Cloudy,0.25
63,3,Hamilton (Mercedes),42.57888,128.83376,Cloudy,0.25
63,4,Hamilton (Mercedes),43.13409,171.96785,Cloudy,0.25
63,5,Hamilton (Mercedes),43.3301,215.29796,Cloudy,0.25
63,1,Verstappen (Red Bull),42.66255,42.66255,Cloudy,0.25
63,2,Verstappen (Red Bull),42.6317,85.29425,Cloudy,0.25
63,3,Verstappen (Red Bull),42.28261,127.57686,Cloudy,0.25
63,4,Verstappen (Red Bull),41.79545,169.37231,Cloudy,0.25
63,5,Verstappen (Red Bull),43.11444,212.48675,Cloudy,0.25
63,1,Norris (McLaren),42.59036,42.59036,Cloudy,0.25
63,2,Norris (McLaren),41.68773,84.27808,Cloudy,0.25
63,3,Norris (McLaren),43.11517,127.39326,Cloudy,0.25
63,4,Norris (McLaren),42.92364,170.3169,Cloudy,0.25
63,5,Norris (McLaren),43.7566,214.0735,Cloudy,0.25
63,1,Leclerc (Ferrari),40.86033,40.86033,Cloudy,0.25
63,2,Leclerc (Ferrari),42.96286,83.82318,Cloudy,0.25
63,3,Leclerc (Ferrari),41.37312,125.19631,Cloudy,0.25
63,4,Leclerc (Ferrari),42.69308,167.88939,Cloudy,0.25
63,5,Leclerc (Ferrari),42.93724,210.82663,Cloudy,0.25
64,1,Hamilton (Mercedes),42.50722,42.50722,Cloudy,0.25
64,2,Hamilton (Mercedes),42.76044,85.26766,Cloudy,0.25
64,3,Hamilton (Mercedes),42.64861,127.91628,Cloudy,0.25
64,4,Hamilton (Mercedes),43.07557,170.99185,Cloudy,0.25
64,5,Hamilton (Mercedes),42.33422,213.32607,Cloudy,0.25
64,1,Verstappen (Red Bull),43.33141,43.33141,Cloudy,0.25
64,2,Verstappen (Red Bull),44.1292,87.4606,Cloudy,0.25
64,3,Verstappen (Red Bull),41.97114,129.43175,Cloudy,0.25
64,4,Verstappen (Red Bull),42.03532,171.46707,Cloudy,0.25
64,5,Verstappen (Red Bull),43.09596,214.56303,Cloudy,0.25
64,1,Norris (McLaren),43.65459,43.65459,Cloudy,0.25
64,2,Norris (McLaren),43.72832,87.38291,Cloudy,0.25
64,3,Norris (McLaren),42.91122,130.29413,Cloudy,0.25
64,4,Norris (McLaren),43.04778,173.34191,Cloudy,0.25
64,5,Norris (McLaren),42.49135,215.83326,Cloudy,0.25
64,1,Leclerc (Ferrari),41.95507,41.95507,Cloudy,0.25
64,2,Leclerc (Ferrari),42.53649,84.49156,Cloudy,0.25
64,3,Leclerc (Ferrari),42.10068,126.59224,Cloudy,0.25
64,4,Leclerc (Ferrari),42.14027,168.73251,Cloudy,0.25
64,5,Leclerc (Ferrari),43.10502,211.83753,Cloudy,0.25
65,1,Hamilton (Mercedes),42.47753,42.47753,Cloudy,0.25
65,2,Hamilton (Mercedes),43.86279,86.34032,Cloudy,0.25
65,3,Hamilton (Mercedes),42.72864,129.06896,Cloudy,0.25
65,4,Hamilton (Mercedes),42.68261,171.75157,Cloudy,0.25
65,5,Hamilton (Mercedes),42.58901,214.34059,Cloudy,0.25
65,1,Verstappen (Red Bull),42.30738,42.30738,Cloudy,0.25
65,2,Verstappen (Red Bull),42.37947,84.68685,Cloudy,0.25
65,3,Verstappen (Red Bull),43.23596,127.92281,Cloudy,0.25
65,4,Verstappen (Red Bull),42.39164,170.31445,Cloudy,0.25
65,5,Verstappen (Red Bull),42.79043,213.10488,Cloudy,0.25
65,1,Norris (McLaren),43.01,43.01,Cloudy,0.25
65,2,Norris (McLaren),43.58958,86.59958,Cloudy,0.25
65,3,Norris (McLaren),43.07357,129.67315,Cloudy,0.25
65,4,Norris (McLaren),44.20267,173.87582,Cloudy,0.25
65,5,Norris (McLaren),42.75331,216.62913,Cloudy,0.25
65,1,Leclerc (Ferrari),41.35318,41.35318,Cloudy,0.25
65,2,Leclerc (Ferrari),42.06768,83.42085,Cloudy,0.25
65,3,Leclerc (Ferrari),41.65687,125.07772,Cloudy,0.25
65,4,Leclerc (Ferrari),42.295,167.37272,Cloudy,0.25
65,5,Leclerc (Ferrari),41.99954,209.37226,Cloudy,0.25
66,1,Hamilton (Mercedes),43.75597,43.75597,Cloudy,0.25
66,2,Hamilton (Mercedes),42.27668,86.03265,Cloudy,0.25
66,3,Hamilton (Mercedes),41.12264,127.15528,Cloudy,0.25
66,4,Hamilton (Mercedes),42.48831,169.64359,Cloudy,0.25
66,5,Hamilton (Mercedes),42.96964,212.61323,Cloudy,0.25
66,1,Verstappen (Red Bull),42.8275,42.8275,Cloudy,0.25
66,2,Verstappen (Red Bull),41.23958,84.06707,Cloudy,0.25
66,3,Verstappen (Red Bull),42.19842,126.2655,Cloudy,0.25
66,4,Verstappen (Red Bull),43.05768,169.32317,Cloudy,0.25
66,5,Verstappen (Red Bull),41.1964,210.51958,Cloudy,0.25
66,1,Norris (McLaren),42.93291,42.93291,Cloudy,0.25
66,2,Norris (McLaren),42.58269,85.5156,Cloudy,0.25
66,3,Norris (McLaren),43.97128,129.48688,Cloudy,0.25
66,4,Norris (McLaren),43.47683,172.96371,Cloudy,0.25
66,5,Norris (McLaren),43.42912,216.39283,Cloudy,0.25
66,1,Leclerc (Ferrari),42.47185,42.47185,Cloudy,0.25
66,2,Leclerc (Ferrari),42.31073,84.78257,Cloudy,0.25
66,3,Leclerc (Ferrari),42.211,126.99357,Cloudy,0.25
66,4,Leclerc (Ferrari),41.51919,168.51276,Cloudy,0.25
66,5,Leclerc (Ferrari),41.88821,210.40097,Cloudy,0.25
67,1,Hamilton (Mercedes),43.14872,43.14872,Cloudy,0.25
67,2,Hamilton (Mercedes),42.20913,85.35784,Cloudy,0.25
67,3,Hamilton (Mercedes),43.01979,128.37763,Cloudy,0.25
67,4,Hamilton (Mercedes),43.51155,171.88918,Cloudy,0.25
67,5,Hamilton (Mercedes),43.1437,215.03288,Cloudy,0.25
67,1,Verstappen (Red Bull),41.77634,41.77634,Cloudy,0.25
67,2,Verstappen (Red Bull),42.60383,84.38017,Cloudy,0.25
67,3,Verstappen (Red Bull),42.50443,126.8846,Cloudy,0.25
67,4,Verstappen (Red Bull),42.52522,169.40982,Cloudy,0.25
67,5,Verstappen (Red Bull),43.68633,213.09615,Cloudy,0.25
67,1,Norris (McLaren),43.44477,43.44477,Cloudy,0.25
67,2,Norris (McLaren),41.58974,85.03451,Cloudy,0.25
67,3,Norris (McLaren),44.57189,129.6064,Cloudy,0.25
67,4,Norris (McLaren),43.09071,172.69711,Cloudy,0.25
67,5,Norris (McLaren),43.25289,215.95,Cloudy,0.25
67,1,Leclerc (Ferrari),42.80393,42.80393,Cloudy,0.25
67,2,Leclerc (Ferrari),42.33567,85.1396,Cloudy,0.25
67,3,Leclerc (Ferrari),41.88301,127.02261,Cloudy,0.25
67,4,Leclerc (Ferrari),42.69131,169.71392,Cloudy,0.25
67,5,Leclerc (Ferrari),42.49492,212.20884,Cloudy,0.25
68,1,Hamilton (Mercedes),43.04287,43.04287,Cloudy,0.25
68,2,Hamilton (Mercedes),43.42588,86.46875,Cloudy,0.25
68,3,Hamilton (Mercedes),43.61432,130.08308,Cloudy,0.25
68,4,Hamilton (Mercedes),42.48032,172.56339,Cloudy,0.25
68,5,Hamilton (Mercedes),43.06214,215.62553,Cloudy,0.25
68,1,Verstappen (Red Bull),42.58069,42.58069,Cloudy,0.25
68,2,Verstappen (Red Bull),42.41347,84.99416,Cloudy,0.25
68,3,Verstappen (Red Bull),42.93605,127.93021,Cloudy,0.25
68,4,Verstappen (Red Bull),42.65392,170.58414,Cloudy,0.25
68,5,Verstappen (Red Bull),43.13609,213.72023,Cloudy,0.25
68,1,Norris (McLaren),43.06052,43.06052,Cloudy,0.25
68,2,Norris (McLaren),41.7067,84.76721,Cloudy,0.25
68,3,Norris (McLaren),44.36345,129.13067,Cloudy,0.25
68,4,Norris (McLaren),43.38928,172.51995,Cloudy,0.25
68,5,Norris (McLaren),43.14878,215.66872,Cloudy,0.25
68,1,Leclerc (Ferrari),41.76042,41.76042,Cloudy,0.25
68,2,Leclerc (Ferrari),42.07118,83.8316,Cloudy,0.25
68,3,Leclerc (Ferrari),40.64517,124.47678,Cloudy,0.25
68,4,Leclerc (Ferrari),42.29997,166.77675,Cloudy,0.25
68,5,Leclerc (Ferrari),42.7452,209.52194,Cloudy,0.25
69,1,Hamilton (Mercedes),43.6078,43.6078,Cloudy,0.25
69,2,Hamilton (Mercedes),43.3401,86.9479,Cloudy,0.25
69,3,Hamilton (Mercedes),43.05155,129.99944,Cloudy,0.25
69,4,Hamilton (Mercedes),41.8906,171.89005,Cloudy,0.25
69,5,Hamilton (Mercedes),42.35155,214.2416,Cloudy,0.25
69,1,Verstappen (Red Bull),41.26572,41.26572,Cloudy,0.25
69,2,Verstappen (Red Bull),42.38477,83.6505,Cloudy,0.25
69,3,Verstappen (Red Bull),43.36239,127.01289,Cloudy,0.25
69,4,Verstappen (Red Bull),42.76333,169.77622,Cloudy,0.25
69,5,Verstappen (Red Bull),42.62704,212.40326,Cloudy,0.25
69,1,Norris (McLaren),43.657,43.657,Cloudy,0.25
69,2,Norris (McLaren),43.13828,86.79528,Cloudy,0.25
69,3,Norris (McLaren),42.24682,129.0421,Cloudy,0.25
69,4,Norris (McLaren),43.15416,172.19626,Cloudy,0.25
69,5,Norris (McLaren),43.32019,215.51645,Cloudy,0.25
69,1,Leclerc (Ferrari),41.93459,41.93459,Cloudy,0.25
69,2,Leclerc (Ferrari),41.5972,83.53179,Cloudy,0.25
69,3,Leclerc (Ferrari),41.55584,125.08762,Cloudy,0.25
69,4,Leclerc (Ferrari),43.1572,168.24482,Cloudy,0.25
69,5,Leclerc (Ferrari),41.77429,210.01911,Cloudy,0.25
70,1,Hamilton (Mercedes),44.06442,44.06442,Cloudy,0.25
70,2,Hamilton (Mercedes),42.3261,86.39052,Cloudy,0.25
70,3,Hamilton (Mercedes),43.01804,129.40856,Cloudy,0.25
70,4,Hamilton (Mercedes),42.38371,171.79227,Cloudy,0.25
70,5,Hamilton (Mercedes),43.94745,215.73972,Cloudy,0.25
70,1,Verstappen (Red Bull),42.27074,42.27074,Cloudy,0.25
70,2,Verstappen (Red Bull),42.49211,84.76285,Cloudy,0.25
70,3,Verstappen (Red Bull),42.3685,127.13135,Cloudy,0.25
70,4,Verstappen (Red Bull),42.3608,169.49215,Cloudy,0.25
70,5,Verstappen (Red Bull),43.24051,212.73266,Cloudy,0.25
70,1,Norris (McLaren),41.49921,41.49921,Cloudy,0.25
70,2,Norris (McLaren),42.88815,84.38736,Cloudy,0.25
70,3,Norris (McLaren),42.84882,127.23619,Cloudy,0.25
70,4,Norris (McLaren),42.48255,169.71873,Cloudy,0.25
70,5,Norris (McLaren),42.21136,211.9301,Cloudy,0.25
70,1,Leclerc (Ferrari),42.40433,42.40433,Cloudy,0.25
70,2,Leclerc (Ferrari),42.98661,85.39094,Cloudy,0.25
70,3,Leclerc (Ferrari),41.82443,127.21536,Cloudy,0.25
70,4,Leclerc (Ferrari),41.01632,168.23169,Cloudy,0.25
70,5,Leclerc (Ferrari),41.33131,209.563,Cloudy,0.25
71,1,Hamilton (Mercedes),42.58439,42.58439,Cloudy,0.25
71,2,Hamilton (Mercedes),43.05926,85.64365,Cloudy,0.25
71,3,Hamilton (Mercedes),43.0365,128.68015,Cloudy,0.25
71,4,Hamilton (Mercedes),41.41376,170.09391,Cloudy,0.25
71,5,Hamilton (Mercedes),43.46461,213.55853,Cloudy,0.25
71,1,Verstappen (Red Bull),42.91464,42.91464,Cloudy,0.25
71,2,Verstappen (Red Bull),42.60686,85.5215,Cloudy,0.25
71,3,Verstappen (Red Bull),41.73731,127.25881,Cloudy,0.25
71,4,Verstappen (Red Bull),41.65861,168.91742,Cloudy,0.25
71,5,Verstappen (Red Bull),42.44458,211.362,Cloudy,0.25
71,1,Norris (McLaren),44.04112,44.04112,Cloudy,0.25
71,2,Norris (McLaren),42.55905,86.60017,Cloudy,0.25
71,3,Norris (McLaren),44.3232,130.92337,Cloudy,0.25
71,4,Norris (McLaren),42.14371,173.06707,Cloudy,0.25
71,5,Norris (McLaren),44.00865,217.07573,Cloudy,0.25
71,1,Leclerc (Ferrari),42.91245,42.91245,Cloudy,0.25
71,2,Leclerc (Ferrari),43.43305,86.3455,Cloudy,0.25
71,3,Leclerc (Ferrari),42.25745,128.60295,Cloudy,0.25
71,4,Leclerc (Ferrari),42.36796,170.97091,Cloudy,0.25
71,5,Leclerc (Ferrari),42.695,213.66591,Cloudy,0.25
72,1,Hamilton (Mercedes),42.32922,42.32922,Cloudy,0.25
72,2,Hamilton (Mercedes),42.39116,84.72037,Cloudy,0.25
72,3,Hamilton (Mercedes),42.27616,126.99654,Cloudy,0.25
72,4,Hamilton (Mercedes),42.50013,169.49667,Cloudy,0.25
72,5,Hamilton (Mercedes),43.4544,212.95107,Cloudy,0.25
72,1,Verstappen (Red Bull),43.2555,43.2555,Cloudy,0.25
72,2,Verstappen (Red Bull),41.63236,84.88786,Cloudy,0.25
72,3,Verstappen (Red Bull),42.27738,127.16524,Cloudy,0.25
72,4,Verstappen (Red Bull),42.26026,169.4255,Cloudy,0.25
72,5,Verstappen (Red Bull),42.6752,212.1007,Cloudy,0.25
72,1,Norris (McLaren),41.80454,41.80454,Cloudy,0.25
72,2,Norris (McLaren),43.19943,85.00397,Cloudy,0.25
72,3,Norris (McLaren),43.53761,128.54158,Cloudy,0.25
72,4,Norris (McLaren),43.16529,171.70688,Cloudy,0.25
72,5,Norris (McLaren),41.56568,213.27255,Cloudy,0.25
72,1,Leclerc (Ferrari),43.04655,43.04655,Cloudy,0.25
72,2,Leclerc (Ferrari),43.09707,86.14362,Cloudy,0.25
72,3,Leclerc (Ferrari),43.27662,129.42023,Cloudy,0.25
72,4,Leclerc (Ferrari),41.6175,171.03773,Cloudy,0.25
72,5,Leclerc (Ferrari),42.03037,213.0681,Cloudy,0.25
73,1,Hamilton (Mercedes),43.33382,43.33382,Cloudy,0.25
73,2,Hamilton (Mercedes),42.47077,85.80459,Cloudy,0.25
73,3,Hamilton (Mercedes),42.92002,128.72461,Cloudy,0.25
73,4,Hamilton (Mercedes),42.89023,171.61483,Cloudy,0.25
73,5,Hamilton (Mercedes),42.81937,214.4342,Cloudy,0.25
73,1,Verstappen (Red Bull),41.35183,41.35183,Cloudy,0.25
73,2,Verstappen (Red Bull),42.60689,83.95872,Cloudy,0.25
73,3,Verstappen (Red Bull),43.22213,127.18085,Cloudy,0.25
73,4,Verstappen (Red Bull),43.1574,170.33824,Cloudy,0.25
73,5,Verstappen (Red Bull),42.88418,213.22242,Cloudy,0.25
73,1,Norris (McLaren),42.53538,42.53538,Cloudy,0.25
73,2,Norris (McLaren),43.30561,85.84099,Cloudy,0.25
73,3,Norris (McLaren),43.38184,129.22283,Cloudy,0.25
73,4,Norris (McLaren),42.63572,171.85855,Cloudy,0.25
73,5,Norris (McLaren),43.41789,215.27644,Cloudy,0.25
73,1,Leclerc (Ferrari),42.6772,42.6772,Cloudy,0.25
73,2,Leclerc (Ferrari),42.02074,84.69794,Cloudy,0.25
73,3,Leclerc (Ferrari),42.35456,127.0525,Cloudy,0.25
73,4,Leclerc (Ferrari),41.90116,168.95366,Cloudy,0.25
73,5,Leclerc (Ferrari),42.6216,211.57526,Cloudy,0.25
74,1,Hamilton (Mercedes),42.85599,42.85599,Cloudy,0.25
74,2,Hamilton (Mercedes),42.11565,84.97164,Cloudy,0.25
74,3,Hamilton (Mercedes),42.45689,127.42852,Cloudy,0.25
74,4,Hamilton (Mercedes),43.05197,170.48049,Cloudy,0.25
74,5,Hamilton (Mercedes),41.99146,212.47195,Cloudy,0.25
74,1,Verstappen (Red Bull),42.72649,42.72649,Cloudy,0.25
74,2,Verstappen (Red Bull),44.26092,86.9874,Cloudy,0.25
74,3,Verstappen (Red Bull),42.05532,129.04273,Cloudy,0.25
74,4,Verstappen (Red Bull),42.02683,171.06956,Cloudy,0.25
74,5,Verstappen (Red Bull),42.03316,213.10272,Cloudy,0.25
74,1,Norris (McLaren),42.75621,42.75621,Cloudy,0.25
74,2,Norris (McLaren),42.99544,85.75166,Cloudy,0.25
74,3,Norris (McLaren),42.92237,128.67403,Cloudy,0.25
74,4,Norris (McLaren),42.88837,171.5624,Cloudy,0.25
74,5,Norris (McLaren),43.25238,214.81478,Cloudy,0.25
74,1,Leclerc (Ferrari),42.0418,42.0418,Cloudy,0.25
74,2,Leclerc (Ferrari),41.27184,83.31364,Cloudy,0.25
74,3,Leclerc (Ferrari),42.44599,125.75963,Cloudy,0.25
74,4,Leclerc (Ferrari),43.10031,168.85994,Cloudy,0.25
74,5,Leclerc (Ferrari),42.71772,211.57767,Cloudy,0.25
75,1,Hamilton (Mercedes),43.19893,43.19893,Cloudy,0.25
75,2,Hamilton (Mercedes),44.12732,87.32625,Cloudy,0.25
75,3,Hamilton (Mercedes),43.24841,130.57466,Cloudy,0.25
75,4,Hamilton (Mercedes),42.48439,173.05905,Cloudy,0.25
75,5,Hamilton (Mercedes),41.52083,214.57988,Cloudy,0.25
75,1,Verstappen (Red Bull),41.93234,41.93234,Cloudy,0.25
75,2,Verstappen (Red Bull),42.64382,84.57616,Cloudy,0.25
75,3,Verstappen (Red Bull),42.7422,127.31836,Cloudy,0.25
75,4,Verstappen (Red Bull),42.95523,170.27359,Cloudy,0.25
75,5,Verstappen (Red Bull),42.26053,212.53412,Cloudy,0.25
75,1,Norris (McLaren),42.86578,42.86578,Cloudy,0.25
75,2,Norris (McLaren),41.32695,84.19273,Cloudy,0.25
75,3,Norris (McLaren),41.84046,126.03319,Cloudy,0.25
75,4,Norris (McLaren),43.00726,169.04045,Cloudy,0.25
75,5,Norris (McLaren),43.30359,212.34404,Cloudy,0.25
75,1,Leclerc (Ferrari),42.23029,42.23029,Cloudy,0.25
75,2,Leclerc (Ferrari),43.16661,85.3969,Cloudy,0.25
75,3,Leclerc (Ferrari),42.76941,128.16631,Cloudy,0.25
75,4,Leclerc (Ferrari),42.80926,170.97557,Cloudy,0.25
75,5,Leclerc (Ferrari),42.63803,213.6136,Cloudy,0.25
76,1,Hamilton (Mercedes),43.64102,43.64102,Cloudy,0.25
76,2,Hamilton (Mercedes),42.72055,86.36158,Cloudy,0.25
76,3,Hamilton (Mercedes),43.33176,129.69334,Cloudy,0.25
76,4,Hamilton (Mercedes),42.93395,172.62729,Cloudy,0.25
76,5,Hamilton (Mercedes),42.79224,215.41953,Cloudy,0.25
76,1,Verstappen (Red Bull),42.02338,42.02338,Cloudy,0.25
76,2,Verstappen (Red Bull),41.5291,83.55248,Cloudy,0.25
76,3,Verstappen (Red Bull),42.53605,126.08853,Cloudy,0.25
76,4,Verstappen (Red Bull),41.58978,167.67831,Cloudy,0.25
76,5,Verstappen (Red Bull),42.11027,209.78858,Cloudy,0.25
76,1,Norris (McLaren),41.84416,41.84416,Cloudy,0.25
76,2,Norris (McLaren),42.23389,84.07806,Cloudy,0.25
76,3,Norris (McLaren),42.7346,126.81265,Cloudy,0.25
76,4,Norris (McLaren),43.91471,170.72736,Cloudy,0.25
76,5,Norris (McLaren),42.24465,212.97201,Cloudy,0.25
76,1,Leclerc (Ferrari),41.87216,41.87216,Cloudy,0.25
76,2,Leclerc (Ferrari),42.29906,84.17122,Cloudy,0.25
76,3,Leclerc (Ferrari),41.55743,125.72864,Cloudy,0.25
76,4,Leclerc (Ferrari),40.98585,166.7145,Cloudy,0.25
76,5,Leclerc (Ferrari),42.3141,209.0286,Cloudy,0.25
77,1,Hamilton (Mercedes),43.27657,43.27657,Cloudy,0.25
77,2,Hamilton (Mercedes),42.0788,85.35537,Cloudy,0.25
77,3,Hamilton (Mercedes),42.60005,127.95542,Cloudy,0.25
77,4,Hamilton (Mercedes),42.77117,170.72659,Cloudy,0.25
77,5,Hamilton (Mercedes),43.20403,213.93062,Cloudy,0.25
77,1,Verstappen (Red Bull),42.85877,42.85877,Cloudy,0.25
77,2,Verstappen (Red Bull),41.46729,84.32607,Cloudy,0.25
77,3,Verstappen (Red Bull),42.11912,126.44519,Cloudy,0.25
77,4,Verstappen (Red Bull),41.30618,167.75137,Cloudy,0.25
77,5,Verstappen (Red Bull),41.87979,209.63116,Cloudy,0.25
77,1,Norris (McLaren),44.44296,44.44296,Cloudy,0.25
77,2,Norris (McLaren),43.25878,87.70174,Cloudy,0.25
77,3,Norris (McLaren),43.77202,131.47377,Cloudy,0.25
77,4,Norris (McLaren),41.93086,173.40463,Cloudy,0.25
77,5,Norris (McLaren),43.91067,217.3153,Cloudy,0.25
77,1,Leclerc (Ferrari),42.29061,42.29061,Cloudy,0.25
77,2,Leclerc (Ferrari),41.16802,83.45863,Cloudy,0.25
77,3,Leclerc (Ferrari),42.34592,125.80455,Cloudy,0.25
77,4,Leclerc (Ferrari),41.97248,167.77703,Cloudy,0.25
77,5,Leclerc (Ferrari),42.54781,210.32483,Cloudy,0.25
78,1,Hamilton (Mercedes),43.52966,43.52966,Cloudy,0.25
78,2,Hamilton (Mercedes),43.06642,86.59608,Cloudy,0.25
78,3,Hamilton (Mercedes),42.78157,129.37764,Cloudy,0.25
78,4,Hamilton (Mercedes),42.34834,171.72599,Cloudy,0.25
78,5,Hamilton (Mercedes),42.57646,214.30244,Cloudy,0.25
78,1,Verstappen (Red Bull),43.6131,43.6131,Cloudy,0.25
78,2,Verstappen (Red Bull),43.00871,86.62181,Cloudy,0.25
78,3,Verstappen (Red Bull),43.11136,129.73317,Cloudy,0.25
78,4,Verstappen (Red Bull),43.1676,172.90076,Cloudy,0.25
78,5,Verstappen (Red Bull),41.97724,214.878,Cloudy,0.25
78,1,Norris (McLaren),42.30136,42.30136,Cloudy,0.25
78,2,Norris (McLaren),44.71761,87.01897,Cloudy,0.25
78,3,Norris (McLaren),43.1566,130.17556,Cloudy,0.25
78,4,Norris (McLaren),42.05508,172.23064,Cloudy,0.25
78,5,Norris (McLaren),43.07098,215.30162,Cloudy,0.25
78,1,Leclerc (Ferrari),41.29079,41.29079,Cloudy,0.25
78,2,Leclerc (Ferrari),42.91094,84.20173,Cloudy,0.25
78,3,Leclerc (Ferrari),42.37302,126.57475,Cloudy,0.25
78,4,Leclerc (Ferrari),41.80442,168.37917,Cloudy,0.25
78,5,Leclerc (Ferrari),42.43914,210.81831,Cloudy,0.25
79,1,Hamilton (Mercedes),43.26063,43.26063,Cloudy,0.25
79,2,Hamilton (Mercedes),43.33414,86.59477,Cloudy,0.25
79,3,Hamilton (Mercedes),42.56368,129.15845,Cloudy,0.25
79,4,Hamilton (Mercedes),42.91696,172.07541,Cloudy,0.25
79,5,Hamilton (Mercedes),42.87031,214.94573,Cloudy,0.25
79,1,Verstappen (Red Bull),42.6478,42.6478,Cloudy,0.25
79,2,Verstappen (Red Bull),42.54902,85.19683,Cloudy,0.25
79,3,Verstappen (Red Bull),41.38554,126.58237,Cloudy,0.25
79,4,Verstappen (Red Bull),42.39404,168.9764,Cloudy,0.25
79,5,Verstappen (Red Bull),41.94278,210.91919,Cloudy,0.25
79,1,Norris (McLaren),44.4026,44.4026,Cloudy,0.25
79,2,Norris (McLaren),44.48286,88.88546,Cloudy,0.25
79,3,Norris (McLaren),43.3025,132.18796,Cloudy,0.25
79,4,Norris (McLaren),42.20619,174.39415,Cloudy,0.25
79,5,Norris (McLaren),43.13184,217.52598,Cloudy,0.25
79,1,Leclerc (Ferrari),41.5396,41.5396,Cloudy,0.25
79,2,Leclerc (Ferrari),41.80322,83.34283,Cloudy,0.25
79,3,Leclerc (Ferrari),42.65208,125.99491,Cloudy,0.25
79,4,Leclerc (Ferrari),42.13103,168.12594,Cloudy,0.25
79,5,Leclerc (Ferrari),43.02161,211.14755,Cloudy,0.25
80,1,Hamilton (Mercedes),43.09613,43.09613,Cloudy,0.25
80,2,Hamilton (Mercedes),43.19681,86.29294,Cloudy,0.25
80,3,Hamilton (Mercedes),42.99137,129.28431,Cloudy,0.25
80,4,Hamilton (Mercedes),43.02369,172.30799,Cloudy,0.25
80,5,Hamilton (Mercedes),42.66643,214.97442,Cloudy,0.25
80,1,Verstappen (Red Bull),42.15804,42.15804,Cloudy,0.25
80,2,Verstappen (Red Bull),42.692,84.85005,Cloudy,0.25
80,3,Verstappen (Red Bull),42.52598,127.37602,Cloudy,0.25
80,4,Verstappen (Red Bull),42.5582,169.93422,Cloudy,0.25
80,5,Verstappen (Red Bull),43.36189,213.29611,Cloudy,0.25
80,1,Norris (McLaren),43.0704,43.0704,Cloudy,0.25
80,2,Norris (McLaren),43.8022,86.8726,Cloudy,0.25
80,3,Norris (McLaren),42.38289,129.25549,Cloudy,0.25
80,4,Norris (McLaren),43.43535,172.69085,Cloudy,0.25
80,5,Norris (McLaren),43.2593,215.95014,Cloudy,0.25
80,1,Leclerc (Ferrari),42.01641,42.01641,Cloudy,0.25
80,2,Leclerc (Ferrari),42.08079,84.0972,Cloudy,0.25
80,3,Leclerc (Ferrari),43.08634,127.18354,Cloudy,0.25
80,4,Leclerc (Ferrari),42.9646,170.14813,Cloudy,0.25
80,5,Leclerc (Ferrari),41.9242,212.07234,Cloudy,0.25
81,1,Hamilton (Mercedes),43.00124,43.00124,Cloudy,0.25
81,2,Hamilton (Mercedes),43.73231,86.73355,Cloudy,0.25
81,3,Hamilton (Mercedes),42.93752,129.67107,Cloudy,0.25
81,4,Hamilton (Mercedes),42.63692,172.30799,Cloudy,0.25
81,5,Hamilton (Mercedes),42.77474,215.08272,Cloudy,0.25
81,1,Verstappen (Red Bull),41.90913,41.90913,Cloudy,0.25
81,2,Verstappen (Red Bull),42.94453,84.85366,Cloudy,0.25
81,3,Verstappen (Red Bull),42.61967,127.47333,Cloudy,0.25
81,4,Verstappen (Red Bull),43.33214,170.80547,Cloudy,0.25
81,5,Verstappen (Red Bull),41.86346,212.66893,Cloudy,0.25
81,1,Norris (McLaren),43.56761,43.56761,Cloudy,0.25
81,2,Norris (McLaren),43.67472,87.24233,Cloudy,0.25
81,3,Norris (McLaren),43.03365,130.27598,Cloudy,0.25
81,4,Norris (McLaren),42.14292,172.4189,Cloudy,0.25
81,5,Norris (McLaren),42.44086,214.85976,Cloudy,0.25
81,1,Leclerc (Ferrari),42.81743,42.81743,Cloudy,0.25
81,2,Leclerc (Ferrari),43.2521,86.06953,Cloudy,0.25
81,3,Leclerc (Ferrari),42.44918,128.51871,Cloudy,0.25
81,4,Leclerc (Ferrari),41.70658,170.22529,Cloudy,0.25
81,5,Leclerc (Ferrari),43.39643,213.62172,Cloudy,0.25
82,1,Hamilton (Mercedes),42.20084,42.20084,Cloudy,0.25
82,2,Hamilton (Mercedes),43.43859,85.63943,Cloudy,0.25
82,3,Hamilton (Mercedes),42.78391,128.42335,Cloudy,0.25
82,4,Hamilton (Mercedes),42.69713,171.12048,Cloudy,0.25
82,5,Hamilton (Mercedes),42.94782,214.0683,Cloudy,0.25
82,1,Verstappen (Red Bull),42.17084,42.17084,Cloudy,0.25
82,2,Verstappen (Red Bull),43.32514,85.49599,Cloudy,0.25
82,3,Verstappen (Red Bull),42.6053,128.10129,Cloudy,0.25
82,4,Verstappen (Red Bull),41.73672,169.83801,Cloudy,0.25
82,5,Verstappen (Red Bull),44.30008,214.13809,Cloudy,0.25
82,1,Norris (McLaren),43.43921,43.43921,Cloudy,0.25
82,2,Norris (McLaren),42.96608,86.40528,Cloudy,0.25
82,3,Norris (McLaren),43.46776,129.87304,Cloudy,0.25
82,4,Norris (McLaren),43.70786,173.58091,Cloudy,0.25
82,5,Norris (McLaren),41.24925,214.83015,Cloudy,0.25
82,1,Leclerc (Ferrari),41.16483,41.16483,Cloudy,0.25
82,2,Leclerc (Ferrari),42.39346,83.55829,Cloudy,0.25
82,3,Leclerc (Ferrari),42.19484,125.75313,Cloudy,0.25
82,4,Leclerc (Ferrari),43.13986,168.89298,Cloudy,0.25
82,5,Leclerc (Ferrari),41.48411,210.37709,Cloudy,0.25
83,1,Hamilton (Mercedes),43.30251,43.30251,Cloudy,0.25
83,2,Hamilton (Mercedes),42.55211,85.85462,Cloudy,0.25
83,3,Hamilton (Mercedes),42.87044,128.72506,Cloudy,0.25
83,4,Hamilton (Mercedes),42.56782,171.29288,Cloudy,0.25
83,5,Hamilton (Mercedes),42.5191,213.81198,Cloudy,0.25
83,1,Verstappen (Red Bull),42.50836,42.50836,Cloudy,0.25
83,2,Verstappen (Red Bull),44.41853,86.9269,Cloudy,0.25
83,3,Verstappen (Red Bull),42.25967,129.18656,Cloudy,0.25
83,4,Verstappen (Red Bull),42.14325,171.32981,Cloudy,0.25
83,5,Verstappen (Red Bull),43.46744,214.79726,Cloudy,0.25
83,1,Norris (McLaren),43.21095,43.21095,Cloudy,0.25
83,2,Norris (McLaren),42.90234,86.11329,Cloudy,0.25
83,3,Norris (McLaren),43.00363,129.11692,Cloudy,0.25
83,4,Norris (McLaren),43.24786,172.36478,Cloudy,0.25
83,5,Norris (McLaren),42.36052,214.7253,Cloudy,0.25
83,1,Leclerc (Ferrari),42.39928,42.39928,Cloudy,0.25
83,2,Leclerc (Ferrari),43.3288,85.72808,Cloudy,0.25
83,3,Leclerc (Ferrari),42.23234,127.96042,Cloudy,0.25
83,4,Leclerc (Ferrari),41.45808,169.4185,Cloudy,0.25
83,5,Leclerc (Ferrari),42.95693,212.37543,Cloudy,0.25
84,1,Hamilton (Mercedes),43.49069,43.49069,Cloudy,0.25
84,2,Hamilton (Mercedes),43.45747,86.94816,Cloudy,0.25
84,3,Hamilton (Mercedes),43.91993,130.86809,Cloudy,0.25
84,4,Hamilton (Mercedes),43.24922,174.11731,Cloudy,0.25
84,5,Hamilton (Mercedes),43.17273,217.29004,Cloudy,0.25
84,1,Verstappen (Red Bull),43.5579,43.5579,Cloudy,0.25
84,2,Verstappen (Red Bull),42.75074,86.30864,Cloudy,0.25
84,3,Verstappen (Red Bull),41.56117,127.86981,Cloudy,0.25
84,4,Verstappen (Red Bull),42.73212,170.60193,Cloudy,0.25
84,5,Verstappen (Red Bull),42.91589,213.51782,Cloudy,0.25
84,1,Norris (McLaren),43.05202,43.05202,Cloudy,0.25
84,2,Norris (McLaren),42.44586,85.49788,Cloudy,0.25
84,3,Norris (McLaren),42.4368,127.93468,Cloudy,0.25
84,4,Norris (McLaren),42.94607,170.88075,Cloudy,0.25
84,5,Norris (McLaren),42.92941,213.81016,Cloudy,0.25
84,1,Leclerc (Ferrari),41.80979,41.80979,Cloudy,0.25
84,2,Leclerc (Ferrari),42.27823,84.08802,Cloudy,0.25
84,3,Leclerc (Ferrari),42.30934,126.39737,Cloudy,0.25
84,4,Leclerc (Ferrari),43.33772,169.73508,Cloudy,0.25
84,5,Leclerc (Ferrari),43.58154,213.31663,Cloudy,0.25
85,1,Hamilton (Mercedes),42.84266,42.84266,Cloudy,0.25
85,2,Hamilton (Mercedes),43.35026,86.19291,Cloudy,0.25
85,3,Hamilton (Mercedes),42.90241,129.09532,Cloudy,0.25
85,4,Hamilton (Mercedes),43.09577,172.19109,Cloudy,0.25
85,5,Hamilton (Mercedes),41.79754,213.98863,Cloudy,0.25
85,1,Verstappen (Red Bull),42.79541,42.79541,Cloudy,0.25
85,2,Verstappen (Red Bull),42.37728,85.17269,Cloudy,0.25
85,3,Verstappen (Red Bull),43.39142,128.56411,Cloudy,0.25
85,4,Verstappen (Red Bull),43.45203,172.01614,Cloudy,0.25
85,5,Verstappen (Red Bull),43.57121,215.58735,Cloudy,0.25
85,1,Norris (McLaren),42.48193,42.48193,Cloudy,0.25
85,2,Norris (McLaren),43.0302,85.51213,Cloudy,0.25
85,3,Norris (McLaren),41.24824,126.76037,Cloudy,0.25
85,4,Norris (McLaren),42.87676,169.63713,Cloudy,0.25
85,5,Norris (McLaren),43.15102,212.78815,Cloudy,0.25
85,1,Leclerc (Ferrari),41.87871,41.87871,Cloudy,0.25
85,2,Leclerc (Ferrari),41.0629,82.9416,Cloudy,0.25
85,3,Leclerc (Ferrari),41.80288,124.74449,Cloudy,0.25
85,4,Leclerc (Ferrari),42.51071,167.25519,Cloudy,0.25
85,5,Leclerc (Ferrari),42.38343,209.63862,Cloudy,0.25
86,1,Hamilton (Mercedes),42.84951,42.84951,Cloudy,0.25
86,2,Hamilton (Mercedes),43.00476,85.85427,Cloudy,0.25
86,3,Hamilton (Mercedes),42.27927,128.13354,Cloudy,0.25
86,4,Hamilton (Mercedes),43.10682,171.24036,Cloudy,0.25
86,5,Hamilton (Mercedes),42.48206,213.72242,Cloudy,0.25
86,1,Verstappen (Red Bull),42.33618,42.33618,Cloudy,0.25
86,2,Verstappen (Red Bull),43.16995,85.50613,Cloudy,0.25
86,3,Verstappen (Red Bull),43.8403,129.34643,Cloudy,0.25
86,4,Verstappen (Red Bull),42.95567,172.3021,Cloudy,0.25
86,5,Verstappen (Red Bull),42.18877,214.49087,Cloudy,0.25
86,1,Norris (McLaren),43.11006,43.11006,Cloudy,0.25
86,2,Norris (McLaren),43.51413,86.62419,Cloudy,0.25
86,3,Norris (McLaren),42.69808,129.32227,Cloudy,0.25
86,4,Norris (McLaren),42.18044,171.50271,Cloudy,0.25
86,5,Norris (McLaren),43.34796,214.85067,Cloudy,0.25
86,1,Leclerc (Ferrari),42.2876,42.2876,Cloudy,0.25
86,2,Leclerc (Ferrari),42.4794,84.767,Cloudy,0.25
86,3,Leclerc (Ferrari),41.0342,125.80121,Cloudy,0.25
86,4,Leclerc (Ferrari),42.73369,168.5349,Cloudy,0.25
86,5,Leclerc (Ferrari),42.08988,210.62478,Cloudy,0.25
87,1,Hamilton (Mercedes),43.32251,43.32251,Cloudy,0.25
87,2,Hamilton (Mercedes),43.15893,86.48144,Cloudy,0.25
87,3,Hamilton (Mercedes),42.58849,129.06993,Cloudy,0.25
87,4,Hamilton (Mercedes),42.55093,171.62086,Cloudy,0.25
87,5,Hamilton (Mercedes),43.26153,214.88239,Cloudy,0.25
87,1,Verstappen (Red Bull),41.42687,41.42687,Cloudy,0.25
87,2,Verstappen (Red Bull),42.44627,83.87314,Cloudy,0.25
87,3,Verstappen (Red Bull),42.46138,126.33452,Cloudy,0.25
87,4,Verstappen (Red Bull),42.6724,169.00692,Cloudy,0.25
87,5,Verstappen (Red Bull),42.72551,211.73243,Cloudy,0.25
87,1,Norris (McLaren),43.03923,43.03923,Cloudy,0.25
87,2,Norris (McLaren),42.78152,85.82075,Cloudy,0.25
87,3,Norris (McLaren),42.63426,128.45502,Cloudy,0.25
87,4,Norris (McLaren),42.97127,171.42628,Cloudy,0.25
87,5,Norris (McLaren),43.54998,214.97627,Cloudy,0.25
87,1,Leclerc (Ferrari),41.68457,41.68457,Cloudy,0.25
87,2,Leclerc (Ferrari),41.52284,83.20741,Cloudy,0.25
87,3,Leclerc (Ferrari),43.01969,126.2271,Cloudy,0.25
87,4,Leclerc (Ferrari),42.16465,168.39175,Cloudy,0.25
87,5,Leclerc (Ferrari),43.03418,211.42593,Cloudy,0.25
88,1,Hamilton (Mercedes),42.58276,42.58276,Cloudy,0.25
88,2,Hamilton (Mercedes),42.18604,84.7688,Cloudy,0.25
88,3,Hamilton (Mercedes),43.95609,128.72489,Cloudy,0.25
88,4,Hamilton (Mercedes),42.7367,171.46159,Cloudy,0.25
88,5,Hamilton (Mercedes),43.51297,214.97456,Cloudy,0.25
88,1,Verstappen (Red Bull),41.80513,41.80513,Cloudy,0.25
88,2,Verstappen (Red Bull),42.73087,84.53599,Cloudy,0.25
88,3,Verstappen (Red Bull),42.5621,127.09809,Cloudy,0.25
88,4,Verstappen (Red Bull),42.84274,169.94083,Cloudy,0.25
88,5,Verstappen (Red Bull),43.90491,213.84574,Cloudy,0.25
88,1,Norris (McLaren),42.60509,42.60509,Cloudy,0.25
88,2,Norris (McLaren),42.14798,84.75308,Cloudy,0.25
88,3,Norris (McLaren),42.78713,127.54021,Cloudy,0.25
88,4,Norris (McLaren),43.29713,170.83735,Cloudy,0.25
88,5,Norris (McLaren),42.88948,213.72683,Cloudy,0.25
88,1,Leclerc (Ferrari),43.59439,43.59439,Cloudy,0.25
88,2,Leclerc (Ferrari),41.85534,85.44973,Cloudy,0.25
88,3,Leclerc (Ferrari),42.21229,127.66201,Cloudy,0.25
88,4,Leclerc (Ferrari),42.60475,170.26676,Cloudy,0.25
88,5,Leclerc (Ferrari),41.52421,211.79097,Cloudy,0.25
89,1,Hamilton (Mercedes),43.41441,43.41441,Cloudy,0.25
89,2,Hamilton (Mercedes),42.56112,85.97554,Cloudy,0.25
89,3,Hamilton (Mercedes),41.65803,127.63357,Cloudy,0.25
89,4,Hamilton (Mercedes),42.98064,170.61421,Cloudy,0.25
89,5,Hamilton (Mercedes),42.80437,213.41858,Cloudy,0.25
89,1,Verstappen (Red Bull),42.54622,42.54622,Cloudy,0.25
89,2,Verstappen (Red Bull),42.79261,85.33883,Cloudy,0.25
89,3,Verstappen (Red Bull),42.65428,127.99311,Cloudy,0.25
89,4,Verstappen (Red Bull),43.00383,170.99694,Cloudy,0.25
89,5,Verstappen (Red Bull),42.31444,213.31138,Cloudy,0.25
89,1,Norris (McLaren),41.94326,41.94326,Cloudy,0.25
89,2,Norris (McLaren),42.12041,84.06367,Cloudy,0.25
89,3,Norris (McLaren),41.9436,126.00727,Cloudy,0.25
89,4,Norris (McLaren),42.06812,168.07539,Cloudy,0.25
89,5,Norris (McLaren),42.93215,211.00754,Cloudy,0.25
89,1,Leclerc (Ferrari),42.33982,42.33982,Cloudy,0.25
89,2,Leclerc (Ferrari),42.14411,84.48392,Cloudy,0.25
89,3,Leclerc (Ferrari),42.47487,126.95879,Cloudy,0.25
89,4,Leclerc (Ferrari),42.25869,169.21748,Cloudy,0.25
89,5,Leclerc (Ferrari),43.36762,212.58509,Cloudy,0.25
90,1,Hamilton (Mercedes),42.26755,42.26755,Cloudy,0.25
90,2,Hamilton (Mercedes),43.5337,85.80125,Cloudy,0.25
90,3,Hamilton (Mercedes),43.13961,128.94086,Cloudy,0.25
90,4,Hamilton (Mercedes),43.12279,172.06365,Cloudy,0.25
90,5,Hamilton (Mercedes),43.32983,215.39348,Cloudy,0.25
90,1,Verstappen (Red Bull),42.32318,42.32318,Cloudy,0.25
90,2,Verstappen (Red Bull),42.77302,85.09621,Cloudy,0.25
90,3,Verstappen (Red Bull),42.41374,127.50994,Cloudy,0.25
90,4,Verstappen (Red Bull),42.3101,169.82004,Cloudy,0.25
90,5,Verstappen (Red Bull),40.90966,210.72969,Cloudy,0.25
90,1,Norris (McLaren),43.29179,43.29179,Cloudy,0.25
90,2,Norris (McLaren),42.5774,85.86918,Cloudy,0.25
90,3,Norris (McLaren),42.81277,128.68195,Cloudy,0.25
90,4,Norris (McLaren),44.01509,172.69705,Cloudy,0.25
90,5,Norris (McLaren),43.43236,216.1294,Cloudy,0.25
90,1,Leclerc (Ferrari),42.534,42.534,Cloudy,0.25
90,2,Leclerc (Ferrari),42.53441,85.06841,Cloudy,0.25
90,3,Leclerc (Ferrari),42.44058,127.50899,Cloudy,0.25
90,4,Leclerc (Ferrari),42.28403,169.79302,Cloudy,0.25
90,5,Leclerc (Ferrari),42.85325,212.64627,Cloudy,0.25
91,1,Hamilton (Mercedes),43.95398,43.95398,Cloudy,0.25
91,2,Hamilton (Mercedes),42.76198,86.71596,Cloudy,0.25
91,3,Hamilton (Mercedes),42.68894,129.40489,Cloudy,0.25
91,4,Hamilton (Mercedes),42.86098,172.26587,Cloudy,0.25
91,5,Hamilton (Mercedes),43.32563,215.5915,Cloudy,0.25
91,1,Verstappen (Red Bull),42.17066,42.17066,Cloudy,0.25
91,2,Verstappen (Red Bull),42.57827,84.74893,Cloudy,0.25
91,3,Verstappen (Red Bull),41.98672,126.73565,Cloudy,0.25
91,4,Verstappen (Red Bull),43.10878,169.84443,Cloudy,0.25
91,5,Verstappen (Red Bull),42.47438,212.31882,Cloudy,0.25
91,1,Norris (McLaren),43.26512,43.26512,Cloudy,0.25
91,2,Norris (McLaren),44.38431,87.64943,Cloudy,0.25
91,3,Norris (McLaren),42.98917,130.6386,Cloudy,0.25
91,4,Norris (McLaren),42.43586,173.07446,Cloudy,0.25
91,5,Norris (McLaren),42.7088,215.78326,Cloudy,0.25
91,1,Leclerc (Ferrari),42.84481,42.84481,Cloudy,0.25
91,2,Leclerc (Ferrari),42.1203,84.96512,Cloudy,0.25
91,3,Leclerc (Ferrari),43.70574,128.67086,Cloudy,0.25
91,4,Leclerc (Ferrari),42.07734,170.7482,Cloudy,0.25
91,5,Leclerc (Ferrari),43.17031,213.91851,Cloudy,0.25
92,1,Hamilton (Mercedes),42.71606,42.71606,Cloudy,0.25
92,2,Hamilton (Mercedes),43.34254,86.0586,Cloudy,0.25
92,3,Hamilton (Mercedes),43.6962,129.7548,Cloudy,0.25
92,4,Hamilton (Mercedes),42.9329,172.6877,Cloudy,0.25
92,5,Hamilton (Mercedes),42.61345,215.30115,Cloudy,0.25
92,1,Verstappen (Red Bull),40.68989,40.68989,Cloudy,0.25
92,2,Verstappen (Red Bull),42.18347,82.87335,Cloudy,0.25
92,3,Verstappen (Red Bull),43.04884,125.92219,Cloudy,0.25
92,4,Verstappen (Red Bull),42.87234,168.79453,Cloudy,0.25
92,5,Verstappen (Red Bull),42.81069,211.60522,Cloudy,0.25
92,1,Norris (McLaren),42.52742,42.52742,Cloudy,0.25
92,2,Norris (McLaren),43.96625,86.49367,Cloudy,0.25
92,3,Norris (McLaren),43.23275,129.72642,Cloudy,0.25
92,4,Norris (McLaren),42.64627,172.37269,Cloudy,0.25
92,5,Norris (McLaren),43.54844,215.92112,Cloudy,0.25
92,1,Leclerc (Ferrari),41.92334,41.92334,Cloudy,0.25
92,2,Leclerc (Ferrari),42.11682,84.04015,Cloudy,0.25
92,3,Leclerc (Ferrari),42.3789,126.41905,Cloudy,0.25
92,4,Leclerc (Ferrari),42.05061,168.46966,Cloudy,0.25
92,5,Leclerc (Ferrari),41.25725,209.72691,Cloudy,0.25
93,1,Hamilton (Mercedes),42.44826,42.44826,Cloudy,0.25
93,2,Hamilton (Mercedes),42.03,84.47826,Cloudy,0.25
93,3,Hamilton (Mercedes),42.96658,127.44484,Cloudy,0.25
93,4,Hamilton (Mercedes),42.27565,169.7205,Cloudy,0.25
93,5,Hamilton (Mercedes),43.14544,212.86594,Cloudy,0.25
93,1,Verstappen (Red Bull),43.30367,43.30367,Cloudy,0.25
93,2,Verstappen (Red Bull),42.70753,86.01119,Cloudy,0.25
93,3,Verstappen (Red Bull),41.57816,127.58935,Cloudy,0.25
93,4,Verstappen (Red Bull),42.66499,170.25434,Cloudy,0.25
93,5,Verstappen (Red Bull),42.67518,212.92952,Cloudy,0.25
93,1,Norris (McLaren),43.78487,43.78487,Cloudy,0.25
93,2,Norris (McLaren),42.48149,86.26636,Cloudy,0.25
93,3,Norris (McLaren),42.81228,129.07864,Cloudy,0.25
93,4,Norris (McLaren),43.05658,172.13522,Cloudy,0.25
93,5,Norris (McLaren),43.06617,215.20139,Cloudy,0.25
93,1,Leclerc (Ferrari),42.00589,42.00589,Cloudy,0.25
93,2,Leclerc (Ferrari),43.11542,85.12131,Cloudy,0.25
93,3,Leclerc (Ferrari),41.75415,126.87546,Cloudy,0.25
93,4,Leclerc (Ferrari),42.6353,169.51076,Cloudy,0.25
93,5,Leclerc (Ferrari),42.59161,212.10238,Cloudy,0.25
94,1,Hamilton (Mercedes),43.38256,43.38256,Cloudy,0.25
94,2,Hamilton (Mercedes),42.61385,85.99641,Cloudy,0.25
94,3,Hamilton (Mercedes),42.41281,128.40922,Cloudy,0.25
94,4,Hamilton (Mercedes),43.5804,171.98962,Cloudy,0.25
94,5,Hamilton (Mercedes),43.94945,215.93908,Cloudy,0.25
94,1,Verstappen (Red Bull),42.27442,42.27442,Cloudy,0.25
94,2,Verstappen (Red Bull),41.94424,84.21866,Cloudy,0.25
94,3,Verstappen (Red Bull),42.46944,126.6881,Cloudy,0.25
94,4,Verstappen (Red Bull),42.32553,169.01363,Cloudy,0.25
94,5,Verstappen (Red Bull),42.14591,211.15954,Cloudy,0.25
94,1,Norris (McLaren),43.40114,43.40114,Cloudy,0.25
94,2,Norris (McLaren),42.79555,86.19669,Cloudy,0.25
94,3,Norris (McLaren),43.05806,129.25475,Cloudy,0.25
94,4,Norris (McLaren),43.6674,172.92215,Cloudy,0.25
94,5,Norris (McLaren),42.55248,215.47464,Cloudy,0.25
94,1,Leclerc (Ferrari),42.20701,42.20701,Cloudy,0.25
94,2,Leclerc (Ferrari),42.37524,84.58225,Cloudy,0.25
94,3,Leclerc (Ferrari),42.65305,127.2353,Cloudy,0.25
94,4,Leclerc (Ferrari),42.7876,170.0229,Cloudy,0.25
94,5,Leclerc (Ferrari),42.64794,212.67084,Cloudy,0.25
95,1,Hamilton (Mercedes),43.30266,43.30266,Cloudy,0.25
95,2,Hamilton (Mercedes),43.41785,86.72051,Cloudy,0.25
95,3,Hamilton (Mercedes),43.57961,130.30012,Cloudy,0.25
95,4,Hamilton (Mercedes),42.47565,172.77577,Cloudy,0.25
95,5,Hamilton (Mercedes),42.64199,215.41776,Cloudy,0.25
95,1,Verstappen (Red Bull),42.66869,42.66869,Cloudy,0.25
95,2,Verstappen (Red Bull),42.56556,85.23425,Cloudy,0.25
95,3,Verstappen (Red Bull),42.95881,128.19306,Cloudy,0.25
95,4,Verstappen (Red Bull),42.3206,170.51366,Cloudy,0.25
95,5,Verstappen (Red Bull),42.64296,213.15662,Cloudy,0.25
95,1,Norris (McLaren),41.34425,41.34425,Cloudy,0.25
95,2,Norris (McLaren),42.29623,83.64048,Cloudy,0.25
95,3,Norris (McLaren),42.71415,126.35463,Cloudy,0.25
95,4,Norris (McLaren),43.04997,169.4046,Cloudy,0.25
95,5,Norris (McLaren),44.77735,214.18195,Cloudy,0.25
95,1,Leclerc (Ferrari),41.69704,41.69704,Cloudy,0.25
95,2,Leclerc (Ferrari),42.0226,83.71964,Cloudy,0.25
95,3,Leclerc (Ferrari),41.37151,125.09115,Cloudy,0.25
95,4,Leclerc (Ferrari),42.61391,167.70507,Cloudy,0.25
95,5,Leclerc (Ferrari),42.79787,210.50293,Cloudy,0.25
96,1,Hamilton (Mercedes),41.9836,41.9836,Cloudy,0.25
96,2,Hamilton (Mercedes),42.55781,84.54141,Cloudy,0.25
96,3,Hamilton (Mercedes),43.48991,128.03132,Cloudy,0.25
96,4,Hamilton (Mercedes),42.5802,170.61152,Cloudy,0.25
96,5,Hamilton (Mercedes),43.36313,213.97465,Cloudy,0.25
96,1,Verstappen (Red Bull),42.45459,42.45459,Cloudy,0.25
96,2,Verstappen (Red Bull),43.24523,85.69981,Cloudy,0.25
96,3,Verstappen (Red Bull),42.97744,128.67725,Cloudy,0.25
96,4,Verstappen (Red Bull),43.55372,172.23097,Cloudy,0.25
96,5,Verstappen (Red Bull),42.97188,215.20285,Cloudy,0.25
96,1,Norris (McLaren),42.13828,42.13828,Cloudy,0.25
96,2,Norris (McLaren),42.64824,84.78652,Cloudy,0.25
96,3,Norris (McLaren),42.73518,127.5217,Cloudy,0.25
96,4,Norris (McLaren),42.6851,170.2068,Cloudy,0.25
96,5,Norris (McLaren),41.46696,211.67376,Cloudy,0.25
96,1,Leclerc (Ferrari),42.59204,42.59204,Cloudy,0.25
96,2,Leclerc (Ferrari),42.71967,85.3117,Cloudy,0.25
96,3,Leclerc (Ferrari),42.87426,128.18596,Cloudy,0.25
96,4,Leclerc (Ferrari),42.24902,170.43498,Cloudy,0.25
96,5,Leclerc (Ferrari),41.83996,212.27494,Cloudy,0.25
97,1,Hamilton (Mercedes),43.17474,43.17474,Cloudy,0.25
97,2,Hamilton (Mercedes),43.04433,86.21907,Cloudy,0.25
97,3,Hamilton (Mercedes),42.82511,129.04418,Cloudy,0.25
97,4,Hamilton (Mercedes),43.53467,172.57885,Cloudy,0.25
97,5,Hamilton (Mercedes),43.35284,215.93168,Cloudy,0.25
97,1,Verstappen (Red Bull),42.24504,42.24504,Cloudy,0.25
97,2,Verstappen (Red Bull),41.53998,83.78502,Cloudy,0.25
97,3,Verstappen (Red Bull),42.36102,126.14604,Cloudy,0.25
97,4,Verstappen (Red Bull),42.36309,168.50912,Cloudy,0.25
97,5,Verstappen (Red Bull),42.38399,210.89311,Cloudy,0.25
97,1,Norris (McLaren),43.89295,43.89295,Cloudy,0.25
97,2,Norris (McLaren),42.5416,86.43455,Cloudy,0.25
97,3,Norris (McLaren),42.80507,129.23962,Cloudy,0.25
97,4,Norris (McLaren),43.60384,172.84345,Cloudy,0.25
97,5,Norris (McLaren),41.90131,214.74477,Cloudy,0.25
97,1,Leclerc (Ferrari),42.43312,42.43312,Cloudy,0.25
97,2,Leclerc (Ferrari),41.99261,84.42573,Cloudy,0.25
97,3,Leclerc (Ferrari),43.92169,128.34742,Cloudy,0.25
97,4,Leclerc (Ferrari),42.11704,170.46446,Cloudy,0.25
97,5,Leclerc (Ferrari),42.36208,212.82654,Cloudy,0.25
98,1,Hamilton (Mercedes),43.10736,43.10736,Cloudy,0.25
98,2,Hamilton (Mercedes),43.36939,86.47674,Cloudy,0.25
98,3,Hamilton (Mercedes),43.17096,129.6477,Cloudy,0.25
98,4,Hamilton (Mercedes),42.37875,172.02645,Cloudy,0.25
98,5,Hamilton (Mercedes),43.44823,215.47468,Cloudy,0.25
98,1,Verstappen (Red Bull),43.2302,43.2302,Cloudy,0.25
98,2,Verstappen (Red Bull),43.15819,86.38839,Cloudy,0.25
98,3,Verstappen (Red Bull),42.00124,128.38963,Cloudy,0.25
98,4,Verstappen (Red Bull),43.00962,171.39925,Cloudy,0.25
98,5,Verstappen (Red Bull),43.20544,214.60469,Cloudy,0.25
98,1,Norris (McLaren),42.56231,42.56231,Cloudy,0.25
98,2,Norris (McLaren),43.10655,85.66885,Cloudy,0.25
98,3,Norris (McLaren),42.98328,128.65214,Cloudy,0.25
98,4,Norris (McLaren),41.64818,170.30032,Cloudy,0.25
98,5,Norris (McLaren),42.03505,212.33537,Cloudy,0.25
98,1,Leclerc (Ferrari),43.33949,43.33949,Cloudy,0.25
98,2,Leclerc (Ferrari),43.47386,86.81334,Cloudy,0.25
98,3,Leclerc (Ferrari),41.88039,128.69373,Cloudy,0.25
98,4,Leclerc (Ferrari),41.5562,170.24993,Cloudy,0.25
98,5,Leclerc (Ferrari),42.46763,212.71757,Cloudy,0.25
99,1,Hamilton (Mercedes),42.92678,42.92678,Cloudy,0.25
99,2,Hamilton (Mercedes),42.00115,84.92793,Cloudy,0.25
99,3,Hamilton (Mercedes),42.89119,127.81912,Cloudy,0.25
99,4,Hamilton (Mercedes),43.61026,171.42938,Cloudy,0.25
99,5,Hamilton (Mercedes),43.19055,214.61993,Cloudy,0.25
99,1,Verstappen (Red Bull),42.60718,42.60718,Cloudy,0.25
99,2,Verstappen (Red Bull),42.35682,84.964,Cloudy,0.25
99,3,Verstappen (Red Bull),41.78026,126.74427,Cloudy,0.25
99,4,Verstappen (Red Bull),42.44021,169.18448,Cloudy,0.25
99,5,Verstappen (Red Bull),43.57539,212.75986,Cloudy,0.25
99,1,Norris (McLaren),43.78594,43.78594,Cloudy,0.25
99,2,Norris (McLaren),43.14848,86.93443,Cloudy,0.25
99,3,Norris (McLaren),41.5896,128.52403,Cloudy,0.25
99,4,Norris (McLaren),42.74674,171.27076,Cloudy,0.25
99,5,Norris (McLaren),43.89748,215.16825,Cloudy,0.25
99,1,Leclerc (Ferrari),43.1107,43.1107,Cloudy,0.25
99,2,Leclerc (Ferrari),41.86495,84.97565,Cloudy,0.25
99,3,Leclerc (Ferrari),42.88091,127.85655,Cloudy,0.25
99,4,Leclerc (Ferrari),42.35343,170.20998,Cloudy,0.25
99,5,Leclerc (Ferrari),42.55105,212.76103,Cloudy,0.25
100,1,Hamilton (Mercedes),42.61698,42.61698,Cloudy,0.25
100,2,Hamilton (Mercedes),43.06581,85.68279,Cloudy,0.25
100,3,Hamilton (Mercedes),42.60678,128.28957,Cloudy,0.25
100,4,Hamilton (Mercedes),43.04333,171.3329,Cloudy,0.25
100,5,Hamilton (Mercedes),43.38085,214.71375,Cloudy,0.25
100,1,Verstappen (Red Bull),42.77629,42.77629,Cloudy,0.25
100,2,Verstappen (Red Bull),42.08483,84.86112,Cloudy,0.25
100,3,Verstappen (Red Bull),42.76696,127.62808,Cloudy,0.25
100,4,Verstappen (Red Bull),43.09855,170.72663,Cloudy,0.25
100,5,Verstappen (Red Bull),43.10076,213.82739,Cloudy,0.25
100,1,Norris (McLaren),43.49249,43.49249,Cloudy,0.25
100,2,Norris (McLaren),41.81488,85.30737,Cloudy,0.25
100,3,Norris (McLaren),42.50542,127.81279,Cloudy,0.25
100,4,Norris (McLaren),43.06267,170.87546,Cloudy,0.25
100,5,Norris (McLaren),43.29252,214.16799,Cloudy,0.25
100,1,Leclerc (Ferrari),42.52058,42.52058,Cloudy,0.25
100,2,Leclerc (Ferrari),41.74682,84.2674,Cloudy,0.25
100,3,Leclerc (Ferrari),42.32415,126.59154,Cloudy,0.25
100,4,Leclerc (Ferrari),42.04522,168.63676,Cloudy,0.25
100,5,Leclerc (Ferrari),43.94335,212.58011,Cloudy,0.25
101,1,Hamilton (Mercedes),43.30284,43.30284,Cloudy,0.25
101,2,Hamilton (Mercedes),43.47491,86.77775,Cloudy,0.25
101,3,Hamilton (Mercedes),43.72027,130.49802,Cloudy,0.25
101,4,Hamilton (Mercedes),43.09727,173.59529,Cloudy,0.25
101,5,Hamilton (Mercedes),42.19456,215.78985,Cloudy,0.25
101,1,Verstappen (Red Bull),42.24657,42.24657,Cloudy,0.25
101,2,Verstappen (Red Bull),42.86857,85.11515,Cloudy,0.25
101,3,Verstappen (Red Bull),42.79167,127.90681,Cloudy,0.25
101,4,Verstappen (Red Bull),43.13764,171.04446,Cloudy,0.25
101,5,Verstappen (Red Bull),43.91507,214.95953,Cloudy,0.25
101,1,Norris (McLaren),42.92476,42.92476,Cloudy,0.25
101,2,Norris (McLaren),42.6508,85.57556,Cloudy,0.25
101,3,Norris (McLaren),41.85061,127.42617,Cloudy,0.25
101,4,Norris (McLaren),42.07354,169.49971,Cloudy,0.25
101,5,Norris (McLaren),42.80192,212.30164,Cloudy,0.25
101,1,Leclerc (Ferrari),41.9263,41.9263,Cloudy,0.25
101,2,Leclerc (Ferrari),42.9135,84.8398,Cloudy,0.25
101,3,Leclerc (Ferrari),41.40046,126.24026,Cloudy,0.25
101,4,Leclerc (Ferrari),42.3335,168.57376,Cloudy,0.25
101,5,Leclerc (Ferrari),41.80573,210.3795,Cloudy,0.25
102,1,Hamilton (Mercedes),42.27189,42.27189,Cloudy,0.25
102,2,Hamilton (Mercedes),42.68299,84.95488,Cloudy,0.25
102,3,Hamilton (Mercedes),42.65861,127.61349,Cloudy,0.25
102,4,Hamilton (Mercedes),42.0455,169.65899,Cloudy,0.25
102,5,Hamilton (Mercedes),42.29104,211.95004,Cloudy,0.25
102,1,Verstappen (Red Bull),42.49419,42.49419,Cloudy,0.25
102,2,Verstappen (Red Bull),43.29134,85.78553,Cloudy,0.25
102,3,Verstappen (Red Bull),42.35792,128.14345,Cloudy,0.25
102,4,Verstappen (Red Bull),42.59752,170.74097,Cloudy,0.25
102,5,Verstappen (Red Bull),42.60626,213.34724,Cloudy,0.25
102,1,Norris (McLaren),42.42423,42.42423,Cloudy,0.25
102,2,Norris (McLaren),43.09543,85.51966,Cloudy,0.25
102,3,Norris (McLaren),42.59401,128.11367,Cloudy,0.25
102,4,Norris (McLaren),41.66309,169.77676,Cloudy,0.25
102,5,Norris (McLaren),42.90303,212.67978,Cloudy,0.25
102,1,Leclerc (Ferrari),42.23192,42.23192,Cloudy,0.25
102,2,Leclerc (Ferrari),41.89878,84.13069,Cloudy,0.25
102,3,Leclerc (Ferrari),42.59188,126.72257,Cloudy,0.25
102,4,Leclerc (Ferrari),41.74958,168.47216,Cloudy,0.25
102,5,Leclerc (Ferrari),41.52791,210.00006,Cloudy,0.25
103,1,Hamilton (Mercedes),43.29684,43.29684,Cloudy,0.25
103,2,Hamilton (Mercedes),41.78786,85.0847,Cloudy,0.25
103,3,Hamilton (Mercedes),42.27722,127.36192,Cloudy,0.25
103,4,Hamilton (Mercedes),41.98102,169.34294,Cloudy,0.25
103,5,Hamilton (Mercedes),43.71974,213.06269,Cloudy,0.25
103,1,Verstappen (Red Bull),42.84869,42.84869,Cloudy,0.25
103,2,Verstappen (Red Bull),43.15703,86.00571,Cloudy,0.25
103,3,Verstappen (Red Bull),42.63001,128.63572,Cloudy,0.25
103,4,Verstappen (Red Bull),42.44215,171.07787,Cloudy,0.25
103,5,Verstappen (Red Bull),42.79374,213.87161,Cloudy,0.25
103,1,Norris (McLaren),44.59548,44.59548,Cloudy,0.25
103,2,Norris (McLaren),42.68663,87.28211,Cloudy,0.25
103,3,Norris (McLaren),42.76271,130.04482,Cloudy,0.25
103,4,Norris (McLaren),43.16839,173.2132,Cloudy,0.25
103,5,Norris (McLaren),43.8203,217.0335,Cloudy,0.25
103,1,Leclerc (Ferrari),41.01581,41.01581,Cloudy,0.25
103,2,Leclerc (Ferrari),41.43963,82.45544,Cloudy,0.25
103,3,Leclerc (Ferrari),42.87253,125.32797,Cloudy,0.25
103,4,Leclerc (Ferrari),42.7873,168.11527,Cloudy,0.25
103,5,Leclerc (Ferrari),42.20265,210.31792,Cloudy,0.25
104,1,Hamilton (Mercedes),42.64204,42.64204,Cloudy,0.25
104,2,Hamilton (Mercedes),43.3414,85.98344,Cloudy,0.25
104,3,Hamilton (Mercedes),43.13098,129.11441,Cloudy,0.25
104,4,Hamilton (Mercedes),43.43398,172.54839,Cloudy,0.25
104,5,Hamilton (Mercedes),43.08807,215.63647,Cloudy,0.25
104,1,Verstappen (Red Bull),41.11109,41.11109,Cloudy,0.25
104,2,Verstappen (Red Bull),43.03809,84.14918,Cloudy,0.25
104,3,Verstappen (Red Bull),43.04653,127.19571,Cloudy,0.25
104,4,Verstappen (Red Bull),42.18256,169.37827,Cloudy,0.25
104,5,Verstappen (Red Bull),43.42526,212.80353,Cloudy,0.25
104,1,Norris (McLaren),42.8048,42.8048,Cloudy,0.25
104,2,Norris (McLaren),41.72766,84.53245,Cloudy,0.25
104,3,Norris (McLaren),43.41137,127.94382,Cloudy,0.25
104,4,Norris (McLaren),42.89656,170.84038,Cloudy,0.25
104,5,Norris (McLaren),43.3042,214.14458,Cloudy,0.25
104,1,Leclerc (Ferrari),43.01732,43.01732,Cloudy,0.25
104,2,Leclerc (Ferrari),41.8001,84.81742,Cloudy,0.25
104,3,Leclerc (Ferrari),42.72852,127.54594,Cloudy,0.25
104,4,Leclerc (Ferrari),42.5367,170.08264,Cloudy,0.25
104,5,Leclerc (Ferrari),43.20556,213.2882,Cloudy,0.25
105,1,Hamilton (Mercedes),41.53824,41.53824,Cloudy,0.25
105,2,Hamilton (Mercedes),43.29174,84.82997,Cloudy,0.25
105,3,Hamilton (Mercedes),42.53507,127.36505,Cloudy,0.25
105,4,Hamilton (Mercedes),42.29322,169.65826,Cloudy,0.25
105,5,Hamilton (Mercedes),42.38415,212.04242,Cloudy,0.25
105,1,Verstappen (Red Bull),42.84732,42.84732,Cloudy,0.25
105,2,Verstappen (Red Bull),42.20774,85.05505,Cloudy,0.25
105,3,Verstappen (Red Bull),41.94961,127.00467,Cloudy,0.25
105,4,Verstappen (Red Bull),43.19247,170.19714,Cloudy,0.25
105,5,Verstappen (Red Bull),42.33537,212.53251,Cloudy,0.25
105,1,Norris (McLaren),42.99479,42.99479,Cloudy,0.25
105,2,Norris (McLaren),43.83673,86.83152,Cloudy,0.25
105,3,Norris (McLaren),43.98184,130.81336,Cloudy,0.25
105,4,Norris (McLaren),41.57032,172.38368,Cloudy,0.25
105,5,Norris (McLaren),43.97878,216.36247,Cloudy,0.25
105,1,Leclerc (Ferrari),42.71085,42.71085,Cloudy,0.25
105,2,Leclerc (Ferrari),43.59123,86.30208,Cloudy,0.25
105,3,Leclerc (Ferrari),42.37093,128.67301,Cloudy,0.25
105,4,Leclerc (Ferrari),42.15031,170.82332,Cloudy,0.25
105,5,Leclerc (Ferrari),41.73096,212.55428,Cloudy,0.25
106,1,Hamilton (Mercedes),42.82243,42.82243,Cloudy,0.25
106,2,Hamilton (Mercedes),43.05127,85.87369,Cloudy,0.25
106,3,Hamilton (Mercedes),43.1992,129.07289,Cloudy,0.25
106,4,Hamilton (Mercedes),43.94606,173.01895,Cloudy,0.25
106,5,Hamilton (Mercedes),43.48854,216.50749,Cloudy,0.25
106,1,Verstappen (Red Bull),42.5065,42.5065,Cloudy,0.25
106,2,Verstappen (Red Bull),42.26775,84.77425,Cloudy,0.25
106,3,Verstappen (Red Bull),43.04643,127.82068,Cloudy,0.25
106,4,Verstappen (Red Bull),42.90485,170.72553,Cloudy,0.25
106,5,Verstappen (Red Bull),43.45742,214.18295,Cloudy,0.25
106,1,Norris (McLaren),42.37427,42.37427,Cloudy,0.25
106,2,Norris (McLaren),43.00693,85.3812,Cloudy,0.25
106,3,Norris (McLaren),43.16978,128.55098,Cloudy,0.25
106,4,Norris (McLaren),43.06775,171.61872,Cloudy,0.25
106,5,Norris (McLaren),43.42412,215.04285,Cloudy,0.25
106,1,Leclerc (Ferrari),43.75214,43.75214,Cloudy,0.25
106,2,Leclerc (Ferrari),42.25558,86.00772,Cloudy,0.25
106,3,Leclerc (Ferrari),41.63528,127.643,Cloudy,0.25
106,4,Leclerc (Ferrari),42.56881,170.21181,Cloudy,0.25
106,5,Leclerc (Ferrari),42.24615,212.45796,Cloudy,0.25
107,1,Hamilton (Mercedes),43.46363,43.46363,Cloudy,0.25
107,2,Hamilton (Mercedes),42.81583,86.27946,Cloudy,0.25
107,3,Hamilton (Mercedes),41.98689,128.26635,Cloudy,0.25
107,4,Hamilton (Mercedes),43.52683,171.79318,Cloudy,0.25
107,5,Hamilton (Mercedes),42.5829,214.37608,Cloudy,0.25
107,1,Verstappen (Red Bull),43.05238,43.05238,Cloudy,0.25
107,2,Verstappen (Red Bull),42.71152,85.7639,Cloudy,0.25
107,3,Verstappen (Red Bull),43.39495,129.15885,Cloudy,0.25
107,4,Verstappen (Red Bull),41.96481,171.12366,Cloudy,0.25
107,5,Verstappen (Red Bull),42.2864,213.41006,Cloudy,0.25
107,1,Norris (McLaren),43.34781,43.34781,Cloudy,0.25
107,2,Norris (McLaren),42.58227,85.93009,Cloudy,0.25
107,3,Norris (McLaren),43.11257,129.04265,Cloudy,0.25
107,4,Norris (McLaren),41.95911,171.00176,Cloudy,0.25
107,5,Norris (McLaren),42.20508,213.20684,Cloudy,0.25
107,1,Leclerc (Ferrari),41.73707,41.73707,Cloudy,0.25
107,2,Leclerc (Ferrari),42.27894,84.01601,Cloudy,0.25
107,3,Leclerc (Ferrari),42.32204,126.33805,Cloudy,0.25
107,4,Leclerc (Ferrari),42.27187,168.60992,Cloudy,0.25
107,5,Leclerc (Ferrari),43.03313,211.64305,Cloudy,0.25
108,1,Hamilton (Mercedes),42.73768,42.73768,Cloudy,0.25
108,2,Hamilton (Mercedes),43.43539,86.17307,Cloudy,0.25
108,3,Hamilton (Mercedes),43.60147,129.77454,Cloudy,0.25
108,4,Hamilton (Mercedes),42.76349,172.53803,Cloudy,0.25
108,5,Hamilton (Mercedes),42.62641,215.16444,Cloudy,0.25
108,1,Verstappen (Red Bull),43.32217,43.32217,Cloudy,0.25
108,2,Verstappen (Red Bull),43.40212,86.72429,Cloudy,0.25
108,3,Verstappen (Red Bull),41.63308,128.35737,Cloudy,0.25
108,4,Verstappen (Red Bull),42.42573,170.7831,Cloudy,0.25
108,5,Verstappen (Red Bull),43.2998,214.0829,Cloudy,0.25
108,1,Norris (McLaren),44.27935,44.27935,Cloudy,0.25
108,2,Norris (McLaren),42.95147,87.23082,Cloudy,0.25
108,3,Norris (McLaren),42.72614,129.95696,Cloudy,0.25
108,4,Norris (McLaren),43.6345,173.59146,Cloudy,0.25
108,5,Norris (McLaren),42.91455,216.50601,Cloudy,0.25
108,1,Leclerc (Ferrari),42.44287,42.44287,Cloudy,0.25
108,2,Leclerc (Ferrari),42.35638,84.79926,Cloudy,0.25
108,3,Leclerc (Ferrari),42.19865,126.99791,Cloudy,0.25
108,4,Leclerc (Ferrari),41.4404,168.43831,Cloudy,0.25
108,5,Leclerc (Ferrari),42.05387,210.49218,Cloudy,0.25
109,1,Hamilton (Mercedes),42.57479,42.57479,Cloudy,0.25
109,2,Hamilton (Mercedes),43.19126,85.76605,Cloudy,0.25
109,3,Hamilton (Mercedes),43.25603,129.02209,Cloudy,0.25
109,4,Hamilton (Mercedes),42.89819,171.92028,Cloudy,0.25
109,5,Hamilton (Mercedes),44.05106,215.97134,Cloudy,0.25
109,1,Verstappen (Red Bull),42.81886,42.81886,Cloudy,0.25
109,2,Verstappen (Red Bull),43.62139,86.44025,Cloudy,0.25
109,3,Verstappen (Red Bull),42.67077,129.11102,Cloudy,0.25
109,4,Verstappen (Red Bull),41.2362,170.34722,Cloudy,0.25
109,5,Verstappen (Red Bull),42.16042,212.50764,Cloudy,0.25
109,1,Norris (McLaren),43.40053,43.40053,Cloudy,0.25
109,2,Norris (McLaren),42.85838,86.2589,Cloudy,0.25
109,3,Norris (McLaren),43.72893,129.98784,Cloudy,0.25
109,4,Norris (McLaren),42.09751,172.08535,Cloudy,0.25
109,5,Norris (McLaren),42.63924,214.72459,Cloudy,0.25
109,1,Leclerc (Ferrari),42.3803,42.3803,Cloudy,0.25
109,2,Leclerc (Ferrari),43.28508,85.66538,Cloudy,0.25
109,3,Leclerc (Ferrari),42.25132,127.9167,Cloudy,0.25
109,4,Leclerc (Ferrari),43.12563,171.04233,Cloudy,0.25
109,5,Leclerc (Ferrari),42.41783,213.46017,Cloudy,0.25
110,1,Hamilton (Mercedes),43.08833,43.08833,Cloudy,0.25
110,2,Hamilton (Mercedes),43.2015,86.28983,Cloudy,0.25
110,3,Hamilton (Mercedes),43.06164,129.35147,Cloudy,0.25
110,4,Hamilton (Mercedes),42.34515,171.69661,Cloudy,0.25
110,5,Hamilton (Mercedes),42.88625,214.58286,Cloudy,0.25
110,1,Verstappen (Red Bull),41.50886,41.50886,Cloudy,0.25
110,2,Verstappen (Red Bull),41.48993,82.9988,Cloudy,0.25
110,3,Verstappen (Red Bull),42.43648,125.43528,Cloudy,0.25
110,4,Verstappen (Red Bull),42.69892,168.13419,Cloudy,0.25
110,5,Verstappen (Red Bull),43.1628,211.29699,Cloudy,0.25
110,1,Norris (McLaren),42.88972,42.88972,Cloudy,0.25
110,2,Norris (McLaren),43.05326,85.94297,Cloudy,0.25
110,3,Norris (McLaren),43.16285,129.10582,Cloudy,0.25
110,4,Norris (McLaren),43.54148,172.6473,Cloudy,0.25
110,5,Norris (McLaren),42.74608,215.39338,Cloudy,0.25
110,1,Leclerc (Ferrari),41.72575,41.72575,Cloudy,0.25
110,2,Leclerc (Ferrari),41.6153,83.34105,Cloudy,0.25
110,3,Leclerc (Ferrari),43.5357,126.87675,Cloudy,0.25
110,4,Leclerc (Ferrari),43.25922,170.13596,Cloudy,0.25
110,5,Leclerc (Ferrari),42.83917,212.97513,Cloudy,0.25
111,1,Hamilton (Mercedes),44.26414,44.26414,Cloudy,0.25
111,2,Hamilton (Mercedes),43.40683,87.67097,Cloudy,0.25
111,3,Hamilton (Mercedes),42.72671,130.39769,Cloudy,0.25
111,4,Hamilton (Mercedes),42.98013,173.37781,Cloudy,0.25
111,5,Hamilton (Mercedes),42.89113,216.26894,Cloudy,0.25
111,1,Verstappen (Red Bull),42.58544,42.58544,Cloudy,0.25
111,2,Verstappen (Red Bull),42.47374,85.05917,Cloudy,0.25
111,3,Verstappen (Red Bull),42.86453,127.9237,Cloudy,0.25
111,4,Verstappen (Red Bull),43.18713,171.11083,Cloudy,0.25
111,5,Verstappen (Red Bull),41.9217,213.03253,Cloudy,0.25
111,1,Norris (McLaren),42.8251,42.8251,Cloudy,0.25
111,2,Norris (McLaren),43.45764,86.28273,Cloudy,0.25
111,3,Norris (McLaren),42.0533,128.33604,Cloudy,0.25
111,4,Norris (McLaren),41.96648,170.30252,Cloudy,0.25
111,5,Norris (McLaren),42.32648,212.62899,Cloudy,0.25
111,1,Leclerc (Ferrari),41.32719,41.32719,Cloudy,0.25
111,2,Leclerc (Ferrari),42.72681,84.05401,Cloudy,0.25
111,3,Leclerc (Ferrari),42.87515,126.92915,Cloudy,0.25
111,4,Leclerc (Ferrari),42.36582,169.29497,Cloudy,0.25
111,5,Leclerc (Ferrari),42.07917,211.37415,Cloudy,0.25
112,1,Hamilton (Mercedes),42.98048,42.98048,Cloudy,0.25
112,2,Hamilton (Mercedes),43.97516,86.95564,Cloudy,0.25
112,3,Hamilton (Mercedes),43.09423,130.04987,Cloudy,0.25
112,4,Hamilton (Mercedes),43.33457,173.38444,Cloudy,0.25
112,5,Hamilton (Mercedes),43.13324,216.51768,Cloudy,0.25
112,1,Verstappen (Red Bull),43.30305,43.30305,Cloudy,0.25
112,2,Verstappen (Red Bull),42.08173,85.38478,Cloudy,0.25
112,3,Verstappen (Red Bull),41.78727,127.17205,Cloudy,0.25
112,4,Verstappen (Red Bull),41.85871,169.03076,Cloudy,0.25
112,5,Verstappen (Red Bull),42.32755,211.35831,Cloudy,0.25
112,1,Norris (McLaren),42.54077,42.54077,Cloudy,0.25
112,2,Norris (McLaren),41.79347,84.33423,Cloudy,0.25
112,3,Norris (McLaren),41.38977,125.72401,Cloudy,0.25
112,4,Norris (McLaren),42.75406,168.47807,Cloudy,0.25
112,5,Norris (McLaren),43.81152,212.28959,Cloudy,0.25
112,1,Leclerc (Ferrari),41.97612,41.97612,Cloudy,0.25
112,2,Leclerc (Ferrari),41.74017,83.7163,Cloudy,0.25
112,3,Leclerc (Ferrari),42.25156,125.96786,Cloudy,0.25
112,4,Leclerc (Ferrari),42.29522,168.26307,Cloudy,0.25
112,5,Leclerc (Ferrari),42.23547,210.49854,Cloudy,0.25
113,1,Hamilton (Mercedes),43.21102,43.21102,Cloudy,0.25
113,2,Hamilton (Mercedes),42.87173,86.08275,Cloudy,0.25
113,3,Hamilton (Mercedes),42.87232,128.95507,Cloudy,0.25
113,4,Hamilton (Mercedes),42.93354,171.88862,Cloudy,0.25
113,5,Hamilton (Mercedes),42.46109,214.34971,Cloudy,0.25
113,1,Verstappen (Red Bull),42.62174,42.62174,Cloudy,0.25
113,2,Verstappen (Red Bull),43.18634,85.80808,Cloudy,0.25
113,3,Verstappen (Red Bull),43.03789,128.84597,Cloudy,0.25
113,4,Verstappen (Red Bull),42.56649,171.41245,Cloudy,0.25
113,5,Verstappen (Red Bull),42.43513,213.84758,Cloudy,0.25
113,1,Norris (McLaren),43.00263,43.00263,Cloudy,0.25
113,2,Norris (McLaren),43.55755,86.56018,Cloudy,0.25
113,3,Norris (McLaren),43.5695,130.12967,Cloudy,0.25
113,4,Norris (McLaren),44.12736,174.25703,Cloudy,0.25
113,5,Norris (McLaren),42.17365,216.43068,Cloudy,0.25
113,1,Leclerc (Ferrari),42.00016,42.00016,Cloudy,0.25
113,2,Leclerc (Ferrari),42.46435,84.46451,Cloudy,0.25
113,3,Leclerc (Ferrari),41.75996,126.22447,Cloudy,0.25
113,4,Leclerc (Ferrari),42.26887,168.49334,Cloudy,0.25
113,5,Leclerc (Ferrari),41.72729,210.22063,Cloudy,0.25
114,1,Hamilton (Mercedes),42.54682,42.54682,Cloudy,0.25
114,2,Hamilton (Mercedes),43.30345,85.85028,Cloudy,0.25
114,3,Hamilton (Mercedes),42.52519,128.37546,Cloudy,0.25
114,4,Hamilton (Mercedes),42.80882,171.18428,Cloudy,0.25
114,5,Hamilton (Mercedes),42.90464,214.08893,Cloudy,0.25
114,1,Verstappen (Red Bull),42.58438,42.58438,Cloudy,0.25
114,2,Verstappen (Red Bull),41.88681,84.47119,Cloudy,0.25
114,3,Verstappen (Red Bull),42.02904,126.50023,Cloudy,0.25
114,4,Verstappen (Red Bull),42.44586,168.94609,Cloudy,0.25
114,5,Verstappen (Red Bull),41.97938,210.92547,Cloudy,0.25
114,1,Norris (McLaren),43.31291,43.31291,Cloudy,0.25
114,2,Norris (McLaren),43.90295,87.21586,Cloudy,0.25
114,3,Norris (McLaren),43.03154,130.2474,Cloudy,0.25
114,4,Norris (McLaren),43.4388,173.68619,Cloudy,0.25
114,5,Norris (McLaren),43.14838,216.83457,Cloudy,0.25
114,1,Leclerc (Ferrari),42.93042,42.93042,Cloudy,0.25
114,2,Leclerc (Ferrari),41.4829,84.41332,Cloudy,0.25
114,3,Leclerc (Ferrari),42.69291,127.10623,Cloudy,0.25
114,4,Leclerc (Ferrari),41.23006,168.33629,Cloudy,0.25
114,5,Leclerc (Ferrari),42.93537,211.27166,Cloudy,0.25
115,1,Hamilton (Mercedes),43.96027,43.96027,Cloudy,0.25
115,2,Hamilton (Mercedes),42.82047,86.78075,Cloudy,0.25
115,3,Hamilton (Mercedes),42.32941,129.11016,Cloudy,0.25
115,4,Hamilton (Mercedes),43.16789,172.27804,Cloudy,0.25
115,5,Hamilton (Mercedes),42.23238,214.51042,Cloudy,0.25
115,1,Verstappen (Red Bull),43.28058,43.28058,Cloudy,0.25
115,2,Verstappen (Red Bull),42.19212,85.4727,Cloudy,0.25
115,3,Verstappen (Red Bull),42.40838,127.88109,Cloudy,0.25
115,4,Verstappen (Red Bull),43.77114,171.65223,Cloudy,0.25
115,5,Verstappen (Red Bull),42.79349,214.44572,Cloudy,0.25
115,1,Norris (McLaren),42.61057,42.61057,Cloudy,0.25
115,2,Norris (McLaren),42.37486,84.98542,Cloudy,0.25
115,3,Norris (McLaren),41.93561,126.92104,Cloudy,0.25
115,4,Norris (McLaren),42.77158,169.69262,Cloudy,0.25
115,5,Norris (McLaren),43.57129,213.26391,Cloudy,0.25
115,1,Leclerc (Ferrari),42.5091,42.5091,Cloudy,0.25
115,2,Leclerc (Ferrari),41.62977,84.13887,Cloudy,0.25
115,3,Leclerc (Ferrari),43.68552,127.82439,Cloudy,0.25
115,4,Leclerc (Ferrari),43.54837,171.37276,Cloudy,0.25
115,5,Leclerc (Ferrari),43.08719,214.45995,Cloudy,0.25
116,1,Hamilton (Mercedes),43.34643,43.34643,Cloudy,0.25
116,2,Hamilton (Mercedes),42.63245,85.97888,Cloudy,0.25
116,3,Hamilton (Mercedes),43.12623,129.10511,Cloudy,0.25
116,4,Hamilton (Mercedes),42.25394,171.35905,Cloudy,0.25
116,5,Hamilton (Mercedes),43.08956,214.44861,Cloudy,0.25
116,1,Verstappen (Red Bull),44.06446,44.06446,Cloudy,0.25
116,2,Verstappen (Red Bull),41.95775,86.02221,Cloudy,0.25
116,3,Verstappen (Red Bull),42.77002,128.79223,Cloudy,0.25
116,4,Verstappen (Red Bull),42.21236,171.00459,Cloudy,0.25
116,5,Verstappen (Red Bull),42.73037,213.73496,Cloudy,0.25
116,1,Norris (McLaren),43.96315,43.96315,Cloudy,0.25
116,2,Norris (McLaren),43.72096,87.68411,Cloudy,0.25
116,3,Norris (McLaren),42.09585,129.77996,Cloudy,0.25
116,4,Norris (McLaren),42.90595,172.68591,Cloudy,0.25
116,5,Norris (McLaren),41.58648,214.27239,Cloudy,0.25
116,1,Leclerc (Ferrari),41.35067,41.35067,Cloudy,0.25
116,2,Leclerc (Ferrari),42.87262,84.2233,Cloudy,0.25
116,3,Leclerc (Ferrari),41.79426,126.01756,Cloudy,0.25
116,4,Leclerc (Ferrari),43.01208,169.02964,Cloudy,0.25
116,5,Leclerc (Ferrari),42.10838,211.13802,Cloudy,0.25
117,1,Hamilton (Mercedes),43.64475,43.64475,Cloudy,0.25
117,2,Hamilton (Mercedes),43.05909,86.70384,Cloudy,0.25
117,3,Hamilton (Mercedes),42.89541,129.59925,Cloudy,0.25
117,4,Hamilton (Mercedes),42.77451,172.37377,Cloudy,0.25
117,5,Hamilton (Mercedes),43.46626,215.84003,Cloudy,0.25
117,1,Verstappen (Red Bull),42.41318,42.41318,Cloudy,0.25
117,2,Verstappen (Red Bull),41.81608,84.22926,Cloudy,0.25
117,3,Verstappen (Red Bull),42.3664,126.59566,Cloudy,0.25
117,4,Verstappen (Red Bull),42.99975,169.59541,Cloudy,0.25
117,5,Verstappen (Red Bull),41.89709,211.4925,Cloudy,0.25
117,1,Norris (McLaren),43.22707,43.22707,Cloudy,0.25
117,2,Norris (McLaren),43.6012,86.82827,Cloudy,0.25
117,3,Norris (McLaren),44.38117,131.20944,Cloudy,0.25
117,4,Norris (McLaren),42.89849,174.10793,Cloudy,0.25
117,5,Norris (McLaren),44.40157,218.5095,Cloudy,0.25
117,1,Leclerc (Ferrari),41.93687,41.93687,Cloudy,0.25
117,2,Leclerc (Ferrari),41.88013,83.817,Cloudy,0.25
117,3,Leclerc (Ferrari),42.66132,126.47832,Cloudy,0.25
117,4,Leclerc (Ferrari),42.98086,169.45918,Cloudy,0.25
117,5,Leclerc (Ferrari),42.12225,211.58143,Cloudy,0.25
118,1,Hamilton (Mercedes),42.80139,42.80139,Cloudy,0.25
118,2,Hamilton (Mercedes),43.17617,85.97756,Cloudy,0.25
118,3,Hamilton (Mercedes),43.03078,129.00833,Cloudy,0.25
118,4,Hamilton (Mercedes),43.91759,172.92593,Cloudy,0.25
118,5,Hamilton (Mercedes),42.47473,215.40066,Cloudy,0.25
118,1,Verstappen (Red Bull),42.88077,42.88077,Cloudy,0.25
118,2,Verstappen (Red Bull),42.23742,85.11819,Cloudy,0.25
118,3,Verstappen (Red Bull),42.50649,127.62468,Cloudy,0.25
118,4,Verstappen (Red Bull),43.09899,170.72367,Cloudy,0.25
118,5,Verstappen (Red Bull),42.24728,212.97095,Cloudy,0.25
118,1,Norris (McLaren),42.62138,42.62138,Cloudy,0.25
118,2,Norris (McLaren),43.02985,85.65123,Cloudy,0.25
118,3,Norris (McLaren),43.53072,129.18194,Cloudy,0.25
118,4,Norris (McLaren),42.6756,171.85754,Cloudy,0.25
118,5,Norris (McLaren),43.09011,214.94766,Cloudy,0.25
118,1,Leclerc (Ferrari),42.01562,42.01562,Cloudy,0.25
118,2,Leclerc (Ferrari),41.97605,83.99167,Cloudy,0.25
118,3,Leclerc (Ferrari),42.4621,126.45377,Cloudy,0.25
118,4,Leclerc (Ferrari),42.59126,169.04503,Cloudy,0.25
118,5,Leclerc (Ferrari),42.09805,211.14308,Cloudy,0.25
119,1,Hamilton (Mercedes),43.0266,43.0266,Cloudy,0.25
119,2,Hamilton (Mercedes),43.09044,86.11703,Cloudy,0.25
119,3,Hamilton (Mercedes),42.12691,128.24394,Cloudy,0.25
119,4,Hamilton (Mercedes),43.24168,171.48562,Cloudy,0.25
119,5,Hamilton (Mercedes),43.14509,214.63072,Cloudy,0.25
119,1,Verstappen (Red Bull),41.95692,41.95692,Cloudy,0.25
119,2,Verstappen (Red Bull),42.85863,84.81555,Cloudy,0.25
119,3,Verstappen (Red Bull),42.03883,126.85438,Cloudy,0.25
119,4,Verstappen (Red Bull),42.77741,169.63179,Cloudy,0.25
119,5,Verstappen (Red Bull),41.94717,211.57895,Cloudy,0.25
119,1,Norris (McLaren),43.05824,43.05824,Cloudy,0.25
119,2,Norris (McLaren),41.86388,84.92212,Cloudy,0.25
119,3,Norris (McLaren),43.09238,128.0145,Cloudy,0.25
119,4,Norris (McLaren),43.19468,171.20918,Cloudy,0.25
119,5,Norris (McLaren),43.14992,214.3591,Cloudy,0.25
119,1,Leclerc (Ferrari),41.15467,41.15467,Cloudy,0.25
119,2,Leclerc (Ferrari),42.53119,83.68586,Cloudy,0.25
119,3,Leclerc (Ferrari),42.11877,125.80463,Cloudy,0.25
119,4,Leclerc (Ferrari),41.94603,167.75066,Cloudy,0.25
119,5,Leclerc (Ferrari),41.67634,209.427,Cloudy,0.25
120,1,Hamilton (Mercedes),42.82023,42.82023,Cloudy,0.25
120,2,Hamilton (Mercedes),42.89061,85.71084,Cloudy,0.25
120,3,Hamilton (Mercedes),43.0121,128.72294,Cloudy,0.25
120,4,Hamilton (Mercedes),42.66805,171.39099,Cloudy,0.25
120,5,Hamilton (Mercedes),43.34899,214.73997,Cloudy,0.25
120,1,Verstappen (Red Bull),42.98239,42.98239,Cloudy,0.25
120,2,Verstappen (Red Bull),43.16405,86.14644,Cloudy,0.25
120,3,Verstappen (Red Bull),41.80384,127.95028,Cloudy,0.25
120,4,Verstappen (Red Bull),43.12089,171.07117,Cloudy,0.25
120,5,Verstappen (Red Bull),42.66009,213.73125,Cloudy,0.25
120,1,Norris (McLaren),43.4092,43.4092,Cloudy,0.25
120,2,Norris (McLaren),42.6475,86.0567,Cloudy,0.25
120,3,Norris (McLaren),42.62719,128.68389,Cloudy,0.25
120,4,Norris (McLaren),42.78161,171.46551,Cloudy,0.25
120,5,Norris (McLaren),42.54782,214.01333,Cloudy,0.25
120,1,Leclerc (Ferrari),41.65134,41.65134,Cloudy,0.25
120,2,Leclerc (Ferrari),43.0688,84.72014,Cloudy,0.25
120,3,Leclerc (Ferrari),41.84011,126.56026,Cloudy,0.25
120,4,Leclerc (Ferrari),43.13036,169.69062,Cloudy,0.25
120,5,Leclerc (Ferrari),41.2754,210.96602,Cloudy,0.25
121,1,Hamilton (Mercedes),42.96754,42.96754,Cloudy,0.25
121,2,Hamilton (Mercedes),42.91963,85.88717,Cloudy,0.25
121,3,Hamilton (Mercedes),42.819,128.70616,Cloudy,0.25
121,4,Hamilton (Mercedes),43.4152,172.12136,Cloudy,0.25
121,5,Hamilton (Mercedes),43.23101,215.35237,Cloudy,0.25
121,1,Verstappen (Red Bull),41.84765,41.84765,Cloudy,0.25
121,2,Verstappen (Red Bull),40.97249,82.82014,Cloudy,0.25
121,3,Verstappen (Red Bull),42.61837,125.43851,Cloudy,0.25
121,4,Verstappen (Red Bull),42.63334,168.07186,Cloudy,0.25
121,5,Verstappen (Red Bull),42.93161,211.00346,Cloudy,0.25
121,1,Norris (McLaren),43.34823,43.34823,Cloudy,0.25
121,2,Norris (McLaren),42.01489,85.36312,Cloudy,0.25
121,3,Norris (McLaren),42.48143,127.84456,Cloudy,0.25
121,4,Norris (McLaren),43.90948,171.75403,Cloudy,0.25
121,5,Norris (McLaren),43.49058,215.24462,Cloudy,0.25
121,1,Leclerc (Ferrari),42.89489,42.89489,Cloudy,0.25
121,2,Leclerc (Ferrari),42.88708,85.78197,Cloudy,0.25
121,3,Leclerc (Ferrari),42.69208,128.47405,Cloudy,0.25
121,4,Leclerc (Ferrari),42.64591,171.11996,Cloudy,0.25
121,5,Leclerc (Ferrari),42.9966,214.11656,Cloudy,0.25
122,1,Hamilton (Mercedes),42.90274,42.90274,Cloudy,0.25
122,2,Hamilton (Mercedes),42.38827,85.291,Cloudy,0.25
122,3,Hamilton (Mercedes),42.25448,127.54548,Cloudy,0.25
122,4,Hamilton (Mercedes),42.90947,170.45495,Cloudy,0.25
122,5,Hamilton (Mercedes),42.23175,212.6867,Cloudy,0.25
122,1,Verstappen (Red Bull),43.49118,43.49118,Cloudy,0.25
122,2,Verstappen (Red Bull),42.19279,85.68397,Cloudy,0.25
122,3,Verstappen (Red Bull),42.5736,128.25757,Cloudy,0.25
122,4,Verstappen (Red Bull),42.43486,170.69243,Cloudy,0.25
122,5,Verstappen (Red Bull),42.62725,213.31968,Cloudy,0.25
122,1,Norris (McLaren),42.67549,42.67549,Cloudy,0.25
122,2,Norris (McLaren),42.66876,85.34425,Cloudy,0.25
122,3,Norris (McLaren),43.35502,128.69926,Cloudy,0.25
122,4,Norris (McLaren),44.34791,173.04718,Cloudy,0.25
122,5,Norris (McLaren),44.16409,217.21126,Cloudy,0.25
122,1,Leclerc (Ferrari),43.01889,43.01889,Cloudy,0.25
122,2,Leclerc (Ferrari),43.27524,86.29412,Cloudy,0.25
122,3,Leclerc (Ferrari),43.16973,129.46385,Cloudy,0.25
122,4,Leclerc (Ferrari),41.55263,171.01648,Cloudy,0.25
122,5,Leclerc (Ferrari),42.29828,213.31476,Cloudy,0.25
123,1,Hamilton (Mercedes),42.46465,42.46465,Cloudy,0.25
123,2,Hamilton (Mercedes),43.03094,85.4956,Cloudy,0.25
123,3,Hamilton (Mercedes),42.78253,128.27813,Cloudy,0.25
123,4,Hamilton (Mercedes),42.98525,171.26338,Cloudy,0.25
123,5,Hamilton (Mercedes),43.5634,214.82678,Cloudy,0.25
123,1,Verstappen (Red Bull),42.76251,42.76251,Cloudy,0.25
123,2,Verstappen (Red Bull),42.46729,85.2298,Cloudy,0.25
123,3,Verstappen (Red Bull),42.57024,127.80004,Cloudy,0.25
123,4,Verstappen (Red Bull),42.72227,170.52231,Cloudy,0.25
123,5,Verstappen (Red Bull),42.5601,213.08241,Cloudy,0.25
123,1,Norris (McLaren),43.62541,43.62541,Cloudy,0.25
123,2,Norris (McLaren),43.14595,86.77135,Cloudy,0.25
123,3,Norris (McLaren),42.20862,128.97997,Cloudy,0.25
123,4,Norris (McLaren),42.74411,171.72408,Cloudy,0.25
123,5,Norris (McLaren),42.76226,214.48634,Cloudy,0.25
123,1,Leclerc (Ferrari),41.51637,41.51637,Cloudy,0.25
123,2,Leclerc (Ferrari),42.29804,83.81441,Cloudy,0.25
123,3,Leclerc (Ferrari),43.28902,127.10344,Cloudy,0.25
123,4,Leclerc (Ferrari),42.4897,169.59314,Cloudy,0.25
123,5,Leclerc (Ferrari),43.19219,212.78533,Cloudy,0.25
124,1,Hamilton (Mercedes),43.18126,43.18126,Cloudy,0.25
124,2,Hamilton (Mercedes),43.37928,86.56054,Cloudy,0.25
124,3,Hamilton (Mercedes),42.5822,129.14274,Cloudy,0.25
124,4,Hamilton (Mercedes),42.58845,171.73119,Cloudy,0.25
124,5,Hamilton (Mercedes),42.90403,214.63522,Cloudy,0.25
124,1,Verstappen (Red Bull),42.43293,42.43293,Cloudy,0.25
124,2,Verstappen (Red Bull),42.17573,84.60866,Cloudy,0.25
124,3,Verstappen (Red Bull),41.80878,126.41744,Cloudy,0.25
124,4,Verstappen (Red Bull),41.88168,168.29913,Cloudy,0.25
124,5,Verstappen (Red Bull),42.41336,210.71249,Cloudy,0.25
124,1,Norris (McLaren),43.93857,43.93857,Cloudy,0.25
124,2,Norris (McLaren),43.12532,87.06389,Cloudy,0.25
124,3,Norris (McLaren),44.25784,131.32173,Cloudy,0.25
124,4,Norris (McLaren),43.62216,174.94389,Cloudy,0.25
124,5,Norris (McLaren),42.57566,217.51955,Cloudy,0.25
124,1,Leclerc (Ferrari),42.59926,42.59926,Cloudy,0.25
124,2,Leclerc (Ferrari),42.18497,84.78423,Cloudy,0.25
124,3,Leclerc (Ferrari),42.28629,127.07053,Cloudy,0.25
124,4,Leclerc (Ferrari),42.68209,169.75262,Cloudy,0.25
124,5,Leclerc (Ferrari),42.47289,212.22551,Cloudy,0.25
125,1,Hamilton (Mercedes),42.62196,42.62196,Cloudy,0.25
125,2,Hamilton (Mercedes),42.86159,85.48356,Cloudy,0.25
125,3,Hamilton (Mercedes),42.96552,128.44908,Cloudy,0.25
125,4,Hamilton (Mercedes),43.13648,171.58556,Cloudy,0.25
125,5,Hamilton (Mercedes),42.5341,214.11966,Cloudy,0.25
125,1,Verstappen (Red Bull),41.68654,41.68654,Cloudy,0.25
125,2,Verstappen (Red Bull),41.97887,83.66542,Cloudy,0.25
125,3,Verstappen (Red Bull),41.73416,125.39958,Cloudy,0.25
125,4,Verstappen (Red Bull),42.77716,168.17674,Cloudy,0.25
125,5,Verstappen (Red Bull),42.51919,210.69593,Cloudy,0.25
125,1,Norris (McLaren),41.60102,41.60102,Cloudy,0.25
125,2,Norris (McLaren),42.97544,84.57646,Cloudy,0.25
125,3,Norris (McLaren),42.5696,127.14606,Cloudy,0.25
125,4,Norris (McLaren),43.57818,170.72424,Cloudy,0.25
125,5,Norris (McLaren),43.19982,213.92405,Cloudy,0.25
125,1,Leclerc (Ferrari),42.0094,42.0094,Cloudy,0.25
125,2,Leclerc (Ferrari),41.24333,83.25273,Cloudy,0.25
125,3,Leclerc (Ferrari),41.38582,124.63855,Cloudy,0.25
125,4,Leclerc (Ferrari),42.80128,167.43982,Cloudy,0.25
125,5,Leclerc (Ferrari),42.62402,210.06384,Cloudy,0.25
126,1,Hamilton (Mercedes),42.64838,42.64838,Cloudy,0.25
126,2,Hamilton (Mercedes),42.69611,85.3445,Cloudy,0.25
126,3,Hamilton (Mercedes),42.8737,128.2182,Cloudy,0.25
126,4,Hamilton (Mercedes),41.8167,170.0349,Cloudy,0.25
126,5,Hamilton (Mercedes),42.46632,212.50123,Cloudy,0.25
126,1,Verstappen (Red Bull),42.67511,42.67511,Cloudy,0.25
126,2,Verstappen (Red Bull),42.9272,85.60232,Cloudy,0.25
126,3,Verstappen (Red Bull),42.13236,127.73468,Cloudy,0.25
126,4,Verstappen (Red Bull),42.38413,170.11881,Cloudy,0.25
126,5,Verstappen (Red Bull),42.67722,212.79602,Cloudy,0.25
126,1,Norris (McLaren),43.33167,43.33167,Cloudy,0.25
126,2,Norris (McLaren),42.99104,86.32271,Cloudy,0.25
126,3,Norris (McLaren),43.40343,129.72614,Cloudy,0.25
126,4,Norris (McLaren),43.26846,172.9946,Cloudy,0.25
126,5,Norris (McLaren),42.75805,215.75265,Cloudy,0.25
126,1,Leclerc (Ferrari),41.39885,41.39885,Cloudy,0.25
126,2,Leclerc (Ferrari),43.00685,84.4057,Cloudy,0.25
126,3,Leclerc (Ferrari),43.11055,127.51626,Cloudy,0.25
126,4,Leclerc (Ferrari),42.84785,170.36411,Cloudy,0.25
126,5,Leclerc (Ferrari),42.27606,212.64017,Cloudy,0.25
127,1,Hamilton (Mercedes),43.35639,43.35639,Cloudy,0.25
127,2,Hamilton (Mercedes),42.71408,86.07047,Cloudy,0.25
127,3,Hamilton (Mercedes),42.44128,128.51175,Cloudy,0.25
127,4,Hamilton (Mercedes),43.43416,171.94591,Cloudy,0.25
127,5,Hamilton (Mercedes),42.61043,214.55634,Cloudy,0.25
127,1,Verstappen (Red Bull),41.86768,41.86768,Cloudy,0.25
127,2,Verstappen (Red Bull),42.62525,84.49293,Cloudy,0.25
127,3,Verstappen (Red Bull),41.68531,126.17824,Cloudy,0.25
127,4,Verstappen (Red Bull),41.52767,167.70591,Cloudy,0.25
127,5,Verstappen (Red Bull),42.80312,210.50903,Cloudy,0.25
127,1,Norris (McLaren),43.18631,43.18631,Cloudy,0.25
127,2,Norris (McLaren),43.87674,87.06305,Cloudy,0.25
127,3,Norris (McLaren),43.29108,130.35413,Cloudy,0.25
127,4,Norris (McLaren),42.22978,172.58391,Cloudy,0.25
127,5,Norris (McLaren),43.58506,216.16896,Cloudy,0.25
127,1,Leclerc (Ferrari),42.55114,42.55114,Cloudy,0.25
127,2,Leclerc (Ferrari),42.38144,84.93258,Cloudy,0.25
127,3,Leclerc (Ferrari),42.78979,127.72237,Cloudy,0.25
127,4,Leclerc (Ferrari),42.82874,170.55111,Cloudy,0.25
127,5,Leclerc (Ferrari),43.16586,213.71697,Cloudy,0.25
128,1,Hamilton (Mercedes),42.63468,42.63468,Cloudy,0.25
128,2,Hamilton (Mercedes),43.01443,85.64911,Cloudy,0.25
128,3,Hamilton (Mercedes),42.30842,127.95753,Cloudy,0.25
128,4,Hamilton (Mercedes),42.18016,170.13769,Cloudy,0.25
128,5,Hamilton (Mercedes),44.01254,214.15023,Cloudy,0.25
128,1,Verstappen (Red Bull),42.73118,42.73118,Cloudy,0.25
128,2,Verstappen (Red Bull),42.54052,85.2717,Cloudy,0.25
128,3,Verstappen (Red Bull),42.48926,127.76095,Cloudy,0.25
128,4,Verstappen (Red Bull),41.99545,169.75641,Cloudy,0.25
128,5,Verstappen (Red Bull),42.47029,212.22669,Cloudy,0.25
128,1,Norris (McLaren),42.4561,42.4561,Cloudy,0.25
128,2,Norris (McLaren),42.81668,85.27278,Cloudy,0.25
128,3,Norris (McLaren),42.75317,128.02595,Cloudy,0.25
128,4,Norris (McLaren),42.233,170.25896,Cloudy,0.25
128,5,Norris (McLaren),41.22011,211.47906,Cloudy,0.25
128,1,Leclerc (Ferrari),43.45107,43.45107,Cloudy,0.25
128,2,Leclerc (Ferrari),41.11279,84.56386,Cloudy,0.25
128,3,Leclerc (Ferrari),43.30421,127.86807,Cloudy,0.25
128,4,Leclerc (Ferrari),43.27226,171.14033,Cloudy,0.25
128,5,Leclerc (Ferrari),41.74743,212.88776,Cloudy,0.25
129,1,Hamilton (Mercedes),43.51163,43.51163,Cloudy,0.25
129,2,Hamilton (Mercedes),43.52413,87.03576,Cloudy,0.25
129,3,Hamilton (Mercedes),42.09242,129.12818,Cloudy,0.25
129,4,Hamilton (Mercedes),43.34893,172.47711,Cloudy,0.25
129,5,Hamilton (Mercedes),42.56191,215.03902,Cloudy,0.25
129,1,Verstappen (Red Bull),41.92166,41.92166,Cloudy,0.25
129,2,Verstappen (Red Bull),42.53967,84.46133,Cloudy,0.25
129,3,Verstappen (Red Bull),43.10435,127.56568,Cloudy,0.25
129,4,Verstappen (Red Bull),42.46734,170.03302,Cloudy,0.25
129,5,Verstappen (Red Bull),42.3632,212.39622,Cloudy,0.25
129,1,Norris (McLaren),43.36454,43.36454,Cloudy,0.25
129,2,Norris (McLaren),42.44963,85.81417,Cloudy,0.25
129,3,Norris (McLaren),42.00335,127.81752,Cloudy,0.25
129,4,Norris (McLaren),42.76705,170.58457,Cloudy,0.25
129,5,Norris (McLaren),43.44345,214.02802,Cloudy,0.25
129,1,Leclerc (Ferrari),43.1335,43.1335,Cloudy,0.25
129,2,Leclerc (Ferrari),43.11448,86.24799,Cloudy,0.25
129,3,Leclerc (Ferrari),42.28763,128.53562,Cloudy,0.25
129,4,Leclerc (Ferrari),41.38496,169.92057,Cloudy,0.25
129,5,Leclerc (Ferrari),42.70776,212.62833,Cloudy,0.25
130,1,Hamilton (Mercedes),43.43457,43.43457,Cloudy,0.25
130,2,Hamilton (Mercedes),42.71841,86.15298,Cloudy,0.25
130,3,Hamilton (Mercedes),43.79713,129.95011,Cloudy,0.25
130,4,Hamilton (Mercedes),42.49295,172.44305,Cloudy,0.25
130,5,Hamilton (Mercedes),42.95177,215.39482,Cloudy,0.25
130,1,Verstappen (Red Bull),41.54712,41.54712,Cloudy,0.25
130,2,Verstappen (Red Bull),42.19969,83.74681,Cloudy,0.25
130,3,Verstappen (Red Bull),42.51857,126.26537,Cloudy,0.25
130,4,Verstappen (Red Bull),42.66666,168.93203,Cloudy,0.25
130,5,Verstappen (Red Bull),43.18998,212.12201,Cloudy,0.25
130,1,Norris (McLaren),43.64024,43.64024,Cloudy,0.25
130,2,Norris (McLaren),43.24279,86.88303,Cloudy,0.25
130,3,Norris (McLaren),42.82845,129.71148,Cloudy,0.25
130,4,Norris (McLaren),43.79343,173.50491,Cloudy,0.25
130,5,Norris (McLaren),42.73781,216.24273,Cloudy,0.25
130,1,Leclerc (Ferrari),42.53395,42.53395,Cloudy,0.25
130,2,Leclerc (Ferrari),42.32758,84.86153,Cloudy,0.25
130,3,Leclerc (Ferrari),41.99475,126.85628,Cloudy,0.25
130,4,Leclerc (Ferrari),42.286,169.14228,Cloudy,0.25
130,5,Leclerc (Ferrari),42.72159,211.86387,Cloudy,0.25
131,1,Hamilton (Mercedes),43.10839,43.10839,Cloudy,0.25
131,2,Hamilton (Mercedes),43.15508,86.26346,Cloudy,0.25
131,3,Hamilton (Mercedes),44.41477,130.67823,Cloudy,0.25
131,4,Hamilton (Mercedes),42.77511,173.45334,Cloudy,0.25
131,5,Hamilton (Mercedes),43.18151,216.63485,Cloudy,0.25
131,1,Verstappen (Red Bull),42.32958,42.32958,Cloudy,0.25
131,2,Verstappen (Red Bull),41.8656,84.19518,Cloudy,0.25
131,3,Verstappen (Red Bull),43.39829,127.59347,Cloudy,0.25
131,4,Verstappen (Red Bull),42.42749,170.02095,Cloudy,0.25
131,5,Verstappen (Red Bull),42.01251,212.03346,Cloudy,0.25
131,1,Norris (McLaren),43.06951,43.06951,Cloudy,0.25
131,2,Norris (McLaren),42.31324,85.38275,Cloudy,0.25
131,3,Norris (McLaren),42.48647,127.86922,Cloudy,0.25
131,4,Norris (McLaren),43.62142,171.49064,Cloudy,0.25
131,5,Norris (McLaren),43.62235,215.11299,Cloudy,0.25
131,1,Leclerc (Ferrari),42.1364,42.1364,Cloudy,0.25
131,2,Leclerc (Ferrari),41.64829,83.78468,Cloudy,0.25
131,3,Leclerc (Ferrari),41.03457,124.81926,Cloudy,0.25
131,4,Leclerc (Ferrari),42.13034,166.9496,Cloudy,0.25
131,5,Leclerc (Ferrari),41.71924,208.66884,Cloudy,0.25
132,1,Hamilton (Mercedes),42.8511,42.8511,Cloudy,0.25
132,2,Hamilton (Mercedes),42.52923,85.38033,Cloudy,0.25
132,3,Hamilton (Mercedes),42.77441,128.15474,Cloudy,0.25
132,4,Hamilton (Mercedes),43.10724,171.26198,Cloudy,0.25
132,5,Hamilton (Mercedes),43.03558,214.29756,Cloudy,0.25
132,1,Verstappen (Red Bull),43.20618,43.20618,Cloudy,0.25
132,2,Verstappen (Red Bull),43.12355,86.32974,Cloudy,0.25
132,3,Verstappen (Red Bull),41.76223,128.09196,Cloudy,0.25
132,4,Verstappen (Red Bull),42.93191,171.02388,Cloudy,0.25
132,5,Verstappen (Red Bull),42.05528,213.07915,Cloudy,0.25
132,1,Norris (McLaren),43.47211,43.47211,Cloudy,0.25
132,2,Norris (McLaren),43.61805,87.09016,Cloudy,0.25
132,3,Norris (McLaren),43.06482,130.15498,Cloudy,0.25
132,4,Norris (McLaren),42.77143,172.9264,Cloudy,0.25
132,5,Norris (McLaren),43.53498,216.46138,Cloudy,0.25
132,1,Leclerc (Ferrari),42.72809,42.72809,Cloudy,0.25
132,2,Leclerc (Ferrari),42.51507,85.24316,Cloudy,0.25
132,3,Leclerc (Ferrari),42.49555,127.73872,Cloudy,0.25
132,4,Leclerc (Ferrari),44.18515,171.92387,Cloudy,0.25
132,5,Leclerc (Ferrari),41.98316,213.90702,Cloudy,0.25
133,1,Hamilton (Mercedes),42.31288,42.31288,Cloudy,0.25
133,2,Hamilton (Mercedes),42.86309,85.17598,Cloudy,0.25
133,3,Hamilton (Mercedes),41.91017,127.08615,Cloudy,0.25
133,4,Hamilton (Mercedes),42.94337,170.02952,Cloudy,0.25
133,5,Hamilton (Mercedes),43.10389,213.13341,Cloudy,0.25
133,1,Verstappen (Red Bull),42.33676,42.33676,Cloudy,0.25
133,2,Verstappen (Red Bull),42.50395,84.84071,Cloudy,0.25
133,3,Verstappen (Red Bull),41.93877,126.77947,Cloudy,0.25
133,4,Verstappen (Red Bull),43.24324,170.02272,Cloudy,0.25
133,5,Verstappen (Red Bull),42.28734,212.31006,Cloudy,0.25
133,1,Norris (McLaren),43.29211,43.29211,Cloudy,0.25
133,2,Norris (McLaren),42.69225,85.98436,Cloudy,0.25
133,3,Norris (McLaren),43.16651,129.15087,Cloudy,0.25
133,4,Norris (McLaren),43.60928,172.76016,Cloudy,0.25
133,5,Norris (McLaren),42.07117,214.83133,Cloudy,0.25
133,1,Leclerc (Ferrari),41.63212,41.63212,Cloudy,0.25
133,2,Leclerc (Ferrari),42.3733,84.00542,Cloudy,0.25
133,3,Leclerc (Ferrari),42.70855,126.71397,Cloudy,0.25
133,4,Leclerc (Ferrari),41.29473,168.0087,Cloudy,0.25
133,5,Leclerc (Ferrari),42.67527,210.68397,Cloudy,0.25
134,1,Hamilton (Mercedes),42.08474,42.08474,Cloudy,0.25
134,2,Hamilton (Mercedes),43.25465,85.33939,Cloudy,0.25
134,3,Hamilton (Mercedes),42.63985,127.97924,Cloudy,0.25
134,4,Hamilton (Mercedes),42.86991,170.84915,Cloudy,0.25
134,5,Hamilton (Mercedes),42.95172,213.80087,Cloudy,0.25
134,1,Verstappen (Red Bull),42.65853,42.65853,Cloudy,0.25
134,2,Verstappen (Red Bull),42.58211,85.24063,Cloudy,0.25
134,3,Verstappen (Red Bull),42.5096,127.75023,Cloudy,0.25
134,4,Verstappen (Red Bull),42.37556,170.1258,Cloudy,0.25
134,5,Verstappen (Red Bull),42.10468,212.23047,Cloudy,0.25
134,1,Norris (McLaren),43.19449,43.19449,Cloudy,0.25
134,2,Norris (McLaren),41.6036,84.79808,Cloudy,0.25
134,3,Norris (McLaren),44.23289,129.03097,Cloudy,0.25
134,4,Norris (McLaren),43.43241,172.46338,Cloudy,0.25
134,5,Norris (McLaren),43.38934,215.85271,Cloudy,0.25
134,1,Leclerc (Ferrari),42.61248,42.61248,Cloudy,0.25
134,2,Leclerc (Ferrari),42.71109,85.32358,Cloudy,0.25
134,3,Leclerc (Ferrari),42.88346,128.20703,Cloudy,0.25
134,4,Leclerc (Ferrari),42.38374,170.59077,Cloudy,0.25
134,5,Leclerc (Ferrari),41.48636,212.07713,Cloudy,0.25
135,1,Hamilton (Mercedes),43.23618,43.23618,Cloudy,0.25
135,2,Hamilton (Mercedes),42.88284,86.11901,Cloudy,0.25
135,3,Hamilton (Mercedes),42.30391,128.42293,Cloudy,0.25
135,4,Hamilton (Mercedes),42.38784,170.81076,Cloudy,0.25
135,5,Hamilton (Mercedes),42.39969,213.21046,Cloudy,0.25
135,1,Verstappen (Red Bull),42.26928,42.26928,Cloudy,0.25
135,2,Verstappen (Red Bull),43.59858,85.86786,Cloudy,0.25
135,3,Verstappen (Red Bull),41.78243,127.65029,Cloudy,0.25
135,4,Verstappen (Red Bull),43.08823,170.73852,Cloudy,0.25
135,5,Verstappen (Red Bull),42.57247,213.31098,Cloudy,0.25
135,1,Norris (McLaren),43.11322,43.11322,Cloudy,0.25
135,2,Norris (McLaren),42.58388,85.69709,Cloudy,0.25
135,3,Norris (McLaren),43.22016,128.91726,Cloudy,0.25
135,4,Norris (McLaren),43.53515,172.45241,Cloudy,0.25
135,5,Norris (McLaren),41.62344,214.07585,Cloudy,0.25
135,1,Leclerc (Ferrari),42.58778,42.58778,Cloudy,0.25
135,2,Leclerc (Ferrari),42.64785,85.23563,Cloudy,0.25
135,3,Leclerc (Ferrari),42.38585,127.62149,Cloudy,0.25
135,4,Leclerc (Ferrari),41.99602,169.61751,Cloudy,0.25
135,5,Leclerc (Ferrari),43.34446,212.96196,Cloudy,0.25
136,1,Hamilton (Mercedes),42.64006,42.64006,Cloudy,0.25
136,2,Hamilton (Mercedes),42.65789,85.29794,Cloudy,0.25
136,3,Hamilton (Mercedes),42.31552,127.61346,Cloudy,0.25
136,4,Hamilton (Mercedes),43.61109,171.22456,Cloudy,0.25
136,5,Hamilton (Mercedes),42.90105,214.1256,Cloudy,0.25
136,1,Verstappen (Red Bull),41.91416,41.91416,Cloudy,0.25
136,2,Verstappen (Red Bull),42.70877,84.62293,Cloudy,0.25
136,3,Verstappen (Red Bull),42.33667,126.9596,Cloudy,0.25
136,4,Verstappen (Red Bull),42.36581,169.32542,Cloudy,0.25
136,5,Verstappen (Red Bull),42.70192,212.02733,Cloudy,0.25
136,1,Norris (McLaren),43.74771,43.74771,Cloudy,0.25
136,2,Norris (McLaren),42.091,85.83871,Cloudy,0.25
136,3,Norris (McLaren),44.02845,129.86715,Cloudy,0.25
136,4,Norris (McLaren),43.38802,173.25517,Cloudy,0.25
136,5,Norris (McLaren),42.52042,215.77559,Cloudy,0.25
136,1,Leclerc (Ferrari),42.5124,42.5124,Cloudy,0.25
136,2,Leclerc (Ferrari),43.00065,85.51306,Cloudy,0.25
136,3,Leclerc (Ferrari),41.66388,127.17694,Cloudy,0.25
136,4,Leclerc (Ferrari),42.71198,169.88892,Cloudy,0.25
136,5,Leclerc (Ferrari),42.48347,212.37239,Cloudy,0.25
137,1,Hamilton (Mercedes),42.11724,42.11724,Cloudy,0.25
137,2,Hamilton (Mercedes),41.93191,84.04915,Cloudy,0.25
137,3,Hamilton (Mercedes),42.80548,126.85463,Cloudy,0.25
137,4,Hamilton (Mercedes),42.90159,169.75622,Cloudy,0.25
137,5,Hamilton (Mercedes),43.22706,212.98328,Cloudy,0.25
137,1,Verstappen (Red Bull),43.20236,43.20236,Cloudy,0.25
137,2,Verstappen (Red Bull),42.80013,86.00249,Cloudy,0.25
137,3,Verstappen (Red Bull),44.11978,130.12227,Cloudy,0.25
137,4,Verstappen (Red Bull),43.28585,173.40813,Cloudy,0.25
137,5,Verstappen (Red Bull),41.54463,214.95276,Cloudy,0.25
137,1,Norris (McLaren),42.914,42.914,Cloudy,0.25
137,2,Norris (McLaren),43.57991,86.49391,Cloudy,0.25
137,3,Norris (McLaren),42.99776,129.49167,Cloudy,0.25
137,4,Norris (McLaren),42.26989,171.76156,Cloudy,0.25
137,5,Norris (McLaren),43.90081,215.66237,Cloudy,0.25
137,1,Leclerc (Ferrari),42.84688,42.84688,Cloudy,0.25
137,2,Leclerc (Ferrari),43.66867,86.51555,Cloudy,0.25
137,3,Leclerc (Ferrari),42.76333,129.27888,Cloudy,0.25
137,4,Leclerc (Ferrari),41.29005,170.56894,Cloudy,0.25
137,5,Leclerc (Ferrari),41.4542,212.02314,Cloudy,0.25
138,1,Hamilton (Mercedes),43.31141,43.31141,Cloudy,0.25
138,2,Hamilton (Mercedes),42.75473,86.06614,Cloudy,0.25
138,3,Hamilton (Mercedes),42.78353,128.84967,Cloudy,0.25
138,4,Hamilton (Mercedes),43.01991,171.86958,Cloudy,0.25
138,5,Hamilton (Mercedes),42.6653,214.53488,Cloudy,0.25
138,1,Verstappen (Red Bull),42.37429,42.37429,Cloudy,0.25
138,2,Verstappen (Red Bull),42.26743,84.64172,Cloudy,0.25
138,3,Verstappen (Red Bull),42.3521,126.99382,Cloudy,0.25
138,4,Verstappen (Red Bull),43.24544,170.23926,Cloudy,0.25
138,5,Verstappen (Red Bull),42.68642,212.92568,Cloudy,0.25
138,1,Norris (McLaren),42.42708,42.42708,Cloudy,0.25
138,2,Norris (McLaren),43.08106,85.50814,Cloudy,0.25
138,3,Norris (McLaren),42.45561,127.96375,Cloudy,0.25
138,4,Norris (McLaren),43.47861,171.44236,Cloudy,0.25
138,5,Norris (McLaren),42.84833,214.29069,Cloudy,0.25
138,1,Leclerc (Ferrari),42.09344,42.09344,Cloudy,0.25
138,2,Leclerc (Ferrari),41.49797,83.59141,Cloudy,0.25
138,3,Leclerc (Ferrari),43.7438,127.33521,Cloudy,0.25
138,4,Leclerc (Ferrari),43.15621,170.49142,Cloudy,0.25
138,5,Leclerc (Ferrari),41.72658,212.218,Cloudy,0.25
139,1,Hamilton (Mercedes),42.39824,42.39824,Cloudy,0.25
139,2,Hamilton (Mercedes),42.52737,84.9256,Cloudy,0.25
139,3,Hamilton (Mercedes),43.75445,128.68005,Cloudy,0.25
139,4,Hamilton (Mercedes),42.42983,171.10988,Cloudy,0.25
139,5,Hamilton (Mercedes),43.43189,214.54177,Cloudy,0.25
139,1,Verstappen (Red Bull),40.84143,40.84143,Cloudy,0.25
139,2,Verstappen (Red Bull),42.01288,82.8543,Cloudy,0.25
139,3,Verstappen (Red Bull),41.98587,124.84017,Cloudy,0.25
139,4,Verstappen (Red Bull),42.51763,167.3578,Cloudy,0.25
139,5,Verstappen (Red Bull),43.53893,210.89674,Cloudy,0.25
139,1,Norris (McLaren),43.02781,43.02781,Cloudy,0.25
139,2,Norris (McLaren),42.51928,85.54709,Cloudy,0.25
139,3,Norris (McLaren),42.15422,127.70132,Cloudy,0.25
139,4,Norris (McLaren),43.07787,170.77918,Cloudy,0.25
139,5,Norris (McLaren),42.67078,213.44997,Cloudy,0.25
139,1,Leclerc (Ferrari),42.72514,42.72514,Cloudy,0.25
139,2,Leclerc (Ferrari),42.74136,85.4665,Cloudy,0.25
139,3,Leclerc (Ferrari),42.2463,127.7128,Cloudy,0.25
139,4,Leclerc (Ferrari),41.9952,169.70799,Cloudy,0.25
139,5,Leclerc (Ferrari),42.43279,212.14078,Cloudy,0.25
140,1,Hamilton (Mercedes),42.76951,42.76951,Cloudy,0.25
140,2,Hamilton (Mercedes),42.39296,85.16247,Cloudy,0.25
140,3,Hamilton (Mercedes),43.07235,128.23482,Cloudy,0.25
140,4,Hamilton (Mercedes),42.64498,170.87981,Cloudy,0.25
140,5,Hamilton (Mercedes),42.41135,213.29116,Cloudy,0.25
140,1,Verstappen (Red Bull),41.44194,41.44194,Cloudy,0.25
140,2,Verstappen (Red Bull),41.51417,82.95612,Cloudy,0.25
140,3,Verstappen (Red Bull),41.61165,124.56776,Cloudy,0.25
140,4,Verstappen (Red Bull),42.21179,166.77955,Cloudy,0.25
140,5,Verstappen (Red Bull),40.98328,207.76283,Cloudy,0.25
140,1,Norris (McLaren),44.37916,44.37916,Cloudy,0.25
140,2,Norris (McLaren),41.82899,86.20815,Cloudy,0.25
140,3,Norris (McLaren),43.24841,129.45656,Cloudy,0.25
140,4,Norris (McLaren),42.70104,172.1576,Cloudy,0.25
140,5,Norris (McLaren),42.64151,214.7991,Cloudy,0.25
140,1,Leclerc (Ferrari),42.44884,42.44884,Cloudy,0.25
140,2,Leclerc (Ferrari),42.59128,85.04012,Cloudy,0.25
140,3,Leclerc (Ferrari),41.63917,126.67928,Cloudy,0.25
140,4,Leclerc (Ferrari),42.33891,169.0182,Cloudy,0.25
140,5,Leclerc (Ferrari),42.24354,211.26173,Cloudy,0.25
141,1,Hamilton (Mercedes),42.41981,42.41981,Cloudy,0.25
141,2,Hamilton (Mercedes),42.60238,85.02218,Cloudy,0.25
141,3,Hamilton (Mercedes),42.90973,127.93192,Cloudy,0.25
141,4,Hamilton (Mercedes),42.81779,170.74971,Cloudy,0.25
141,5,Hamilton (Mercedes),41.99038,212.74009,Cloudy,0.25
141,1,Verstappen (Red Bull),42.02679,42.02679,Cloudy,0.25
141,2,Verstappen (Red Bull),42.6029,84.62969,Cloudy,0.25
141,3,Verstappen (Red Bull),42.02612,126.65581,Cloudy,0.25
141,4,Verstappen (Red Bull),42.28367,168.93947,Cloudy,0.25
141,5,Verstappen (Red Bull),42.57965,211.51912,Cloudy,0.25
141,1,Norris (McLaren),43.08439,43.08439,Cloudy,0.25
141,2,Norris (McLaren),43.0058,86.09019,Cloudy,0.25
141,3,Norris (McLaren),42.91881,129.00899,Cloudy,0.25
141,4,Norris (McLaren),42.45814,171.46713,Cloudy,0.25
141,5,Norris (McLaren),43.11201,214.57914,Cloudy,0.25
141,1,Leclerc (Ferrari),42.40549,42.40549,Cloudy,0.25
141,2,Leclerc (Ferrari),41.94284,84.34833,Cloudy,0.25
141,3,Leclerc (Ferrari),42.17522,126.52356,Cloudy,0.25
141,4,Leclerc (Ferrari),42.14868,168.67223,Cloudy,0.25
141,5,Leclerc (Ferrari),41.29633,209.96856,Cloudy,0.25
142,1,Hamilton (Mercedes),43.29545,43.29545,Cloudy,0.25
142,2,Hamilton (Mercedes),43.19766,86.49311,Cloudy,0.25
142,3,Hamilton (Mercedes),43.00917,129.50228,Cloudy,0.25
142,4,Hamilton (Mercedes),42.67124,172.17352,Cloudy,0.25
142,5,Hamilton (Mercedes),43.11094,215.28446,Cloudy,0.25
142,1,Verstappen (Red Bull),43.41467,43.41467,Cloudy,0.25
142,2,Verstappen (Red Bull),42.29388,85.70854,Cloudy,0.25
142,3,Verstappen (Red Bull),41.98475,127.69329,Cloudy,0.25
142,4,Verstappen (Red Bull),42.72715,170.42045,Cloudy,0.25
142,5,Verstappen (Red Bull),42.79182,213.21227,Cloudy,0.25
142,1,Norris (McLaren),42.67605,42.67605,Cloudy,0.25
142,2,Norris (McLaren),43.5177,86.19375,Cloudy,0.25
142,3,Norris (McLaren),42.91078,129.10453,Cloudy,0.25
142,4,Norris (McLaren),42.85467,171.9592,Cloudy,0.25
142,5,Norris (McLaren),43.07827,215.03747,Cloudy,0.25
142,1,Leclerc (Ferrari),43.17013,43.17013,Cloudy,0.25
142,2,Leclerc (Ferrari),41.28672,84.45685,Cloudy,0.25
142,3,Leclerc (Ferrari),42.19912,126.65597,Cloudy,0.25
142,4,Leclerc (Ferrari),41.61581,168.27178,Cloudy,0.25
142,5,Leclerc (Ferrari),42.13286,210.40464,Cloudy,0.25
143,1,Hamilton (Mercedes),43.16431,43.16431,Cloudy,0.25
143,2,Hamilton (Mercedes),43.58074,86.74505,Cloudy,0.25
143,3,Hamilton (Mercedes),43.00859,129.75364,Cloudy,0.25
143,4,Hamilton (Mercedes),42.61792,172.37156,Cloudy,0.25
143,5,Hamilton (Mercedes),44.87959,217.25115,Cloudy,0.25
143,1,Verstappen (Red Bull),42.58369,42.58369,Cloudy,0.25
143,2,Verstappen (Red Bull),42.23123,84.81492,Cloudy,0.25
143,3,Verstappen (Red Bull),42.18799,127.00291,Cloudy,0.25
143,4,Verstappen (Red Bull),42.97529,169.9782,Cloudy,0.25
143,5,Verstappen (Red Bull),42.72188,212.70008,Cloudy,0.25
143,1,Norris (McLaren),42.74524,42.74524,Cloudy,0.25
143,2,Norris (McLaren),43.17522,85.92045,Cloudy,0.25
143,3,Norris (McLaren),42.86865,128.7891,Cloudy,0.25
143,4,Norris (McLaren),41.6234,170.4125,Cloudy,0.25
143,5,Norris (McLaren),42.13052,212.54302,Cloudy,0.25
143,1,Leclerc (Ferrari),41.24641,41.24641,Cloudy,0.25
143,2,Leclerc (Ferrari),43.01828,84.26469,Cloudy,0.25
143,3,Leclerc (Ferrari),41.93813,126.20282,Cloudy,0.25
143,4,Leclerc (Ferrari),42.08563,168.28845,Cloudy,0.25
143,5,Leclerc (Ferrari),43.70216,211.99062,Cloudy,0.25
144,1,Hamilton (Mercedes),43.12175,43.12175,Cloudy,0.25
144,2,Hamilton (Mercedes),43.93603,87.05778,Cloudy,0.25
144,3,Hamilton (Mercedes),41.96937,129.02715,Cloudy,0.25
144,4,Hamilton (Mercedes),42.65094,171.67809,Cloudy,0.25
144,5,Hamilton (Mercedes),43.46418,215.14227,Cloudy,0.25
144,1,Verstappen (Red Bull),42.30431,42.30431,Cloudy,0.25
144,2,Verstappen (Red Bull),42.30448,84.60879,Cloudy,0.25
144,3,Verstappen (Red Bull),43.02306,127.63185,Cloudy,0.25
144,4,Verstappen (Red Bull),42.74118,170.37303,Cloudy,0.25
144,5,Verstappen (Red Bull),42.60954,212.98257,Cloudy,0.25
144,1,Norris (McLaren),42.45511,42.45511,Cloudy,0.25
144,2,Norris (McLaren),42.50996,84.96506,Cloudy,0.25
144,3,Norris (McLaren),43.2493,128.21436,Cloudy,0.25
144,4,Norris (McLaren),42.77894,170.9933,Cloudy,0.25
144,5,Norris (McLaren),42.1279,213.1212,Cloudy,0.25
144,1,Leclerc (Ferrari),42.11727,42.11727,Cloudy,0.25
144,2,Leclerc (Ferrari),41.82811,83.94538,Cloudy,0.25
144,3,Leclerc (Ferrari),41.29647,125.24185,Cloudy,0.25
144,4,Leclerc (Ferrari),43.36751,168.60935,Cloudy,0.25
144,5,Leclerc (Ferrari),41.70213,210.31148,Cloudy,0.25
145,1,Hamilton (Mercedes),44.30142,44.30142,Cloudy,0.25
145,2,Hamilton (Mercedes),43.33132,87.63275,Cloudy,0.25
145,3,Hamilton (Mercedes),43.60523,131.23798,Cloudy,0.25
145,4,Hamilton (Mercedes),42.90287,174.14085,Cloudy,0.25
145,5,Hamilton (Mercedes),42.27624,216.4171,Cloudy,0.25
145,1,Verstappen (Red Bull),43.05943,43.05943,Cloudy,0.25
145,2,Verstappen (Red Bull),42.59675,85.65618,Cloudy,0.25
145,3,Verstappen (Red Bull),42.56161,128.21779,Cloudy,0.25
145,4,Verstappen (Red Bull),42.81027,171.02806,Cloudy,0.25
145,5,Verstappen (Red Bull),43.01297,214.04103,Cloudy,0.25
145,1,Norris (McLaren),42.25643,42.25643,Cloudy,0.25
145,2,Norris (McLaren),42.27313,84.52956,Cloudy,0.25
145,3,Norris (McLaren),42.33884,126.86841,Cloudy,0.25
145,4,Norris (McLaren),42.87578,169.74418,Cloudy,0.25
145,5,Norris (McLaren),44.30298,214.04716,Cloudy,0.25
145,1,Leclerc (Ferrari),42.37547,42.37547,Cloudy,0.25
145,2,Leclerc (Ferrari),41.51839,83.89387,Cloudy,0.25
145,3,Leclerc (Ferrari),43.0746,126.96847,Cloudy,0.25
145,4,Leclerc (Ferrari),41.9132,168.88167,Cloudy,0.25
145,5,Leclerc (Ferrari),41.88971,210.77138,Cloudy,0.25
146,1,Hamilton (Mercedes),42.90716,42.90716,Cloudy,0.25
146,2,Hamilton (Mercedes),42.82897,85.73613,Cloudy,0.25
146,3,Hamilton (Mercedes),42.70584,128.44197,Cloudy,0.25
146,4,Hamilton (Mercedes),42.88108,171.32305,Cloudy,0.25
146,5,Hamilton (Mercedes),42.85758,214.18063,Cloudy,0.25
146,1,Verstappen (Red Bull),43.20602,43.20602,Cloudy,0.25
146,2,Verstappen (Red Bull),42.16537,85.37138,Cloudy,0.25
146,3,Verstappen (Red Bull),42.84255,128.21393,Cloudy,0.25
146,4,Verstappen (Red Bull),43.23829,171.45222,Cloudy,0.25
146,5,Verstappen (Red Bull),42.6695,214.12172,Cloudy,0.25
146,1,Norris (McLaren),42.41144,42.41144,Cloudy,0.25
146,2,Norris (McLaren),43.65355,86.06499,Cloudy,0.25
146,3,Norris (McLaren),42.42547,128.49046,Cloudy,0.25
146,4,Norris (McLaren),42.47632,170.96678,Cloudy,0.25
146,5,Norris (McLaren),42.48903,213.45581,Cloudy,0.25
146,1,Leclerc (Ferrari),43.21726,43.21726,Cloudy,0.25
146,2,Leclerc (Ferrari),42.35593,85.57319,Cloudy,0.25
146,3,Leclerc (Ferrari),42.88028,128.45346,Cloudy,0.25
146,4,Leclerc (Ferrari),42.4666,170.92006,Cloudy,0.25
146,5,Leclerc (Ferrari),41.96792,212.88798,Cloudy,0.25
147,1,Hamilton (Mercedes),42.97711,42.97711,Cloudy,0.25
147,2,Hamilton (Mercedes),43.23771,86.21481,Cloudy,0.25
147,3,Hamilton (Mercedes),43.23032,129.44514,Cloudy,0.25
147,4,Hamilton (Mercedes),43.76276,173.20789,Cloudy,0.25
147,5,Hamilton (Mercedes),43.57023,216.77812,Cloudy,0.25
147,1,Verstappen (Red Bull),42.54417,42.54417,Cloudy,0.25
147,2,Verstappen (Red Bull),41.9853,84.52947,Cloudy,0.25
147,3,Verstappen (Red Bull),42.63188,127.16134,Cloudy,0.25
147,4,Verstappen (Red Bull),41.59082,168.75216,Cloudy,0.25
147,5,Verstappen (Red Bull),42.07925,210.83141,Cloudy,0.25
147,1,Norris (McLaren),42.42618,42.42618,Cloudy,0.25
147,2,Norris (McLaren),42.45767,84.88385,Cloudy,0.25
147,3,Norris (McLaren),42.59527,127.47913,Cloudy,0.25
147,4,Norris (McLaren),41.97231,169.45144,Cloudy,0.25
147,5,Norris (McLaren),43.42405,212.87549,Cloudy,0.25
147,1,Leclerc (Ferrari),41.57448,41.57448,Cloudy,0.25
147,2,Leclerc (Ferrari),42.33864,83.91312,Cloudy,0.25
147,3,Leclerc (Ferrari),42.90294,126.81607,Cloudy,0.25
147,4,Leclerc (Ferrari),42.30324,169.11931,Cloudy,0.25
147,5,Leclerc (Ferrari),41.78832,210.90763,Cloudy,0.25
148,1,Hamilton (Mercedes),43.48283,43.48283,Cloudy,0.25
148,2,Hamilton (Mercedes),42.10497,85.5878,Cloudy,0.25
148,3,Hamilton (Mercedes),42.67136,128.25916,Cloudy,0.25
148,4,Hamilton (Mercedes),42.06829,170.32745,Cloudy,0.25
148,5,Hamilton (Mercedes),43.22517,213.55263,Cloudy,0.25
148,1,Verstappen (Red Bull),41.87705,41.87705,Cloudy,0.25
148,2,Verstappen (Red Bull),41.92841,83.80546,Cloudy,0.25
148,3,Verstappen (Red Bull),43.1629,126.96836,Cloudy,0.25
148,4,Verstappen (Red Bull),43.16525,170.13361,Cloudy,0.25
148,5,Verstappen (Red Bull),41.66483,211.79844,Cloudy,0.25
148,1,Norris (McLaren),43.02203,43.02203,Cloudy,0.25
148,2,Norris (McLaren),42.77112,85.79315,Cloudy,0.25
148,3,Norris (McLaren),42.43806,128.2312,Cloudy,0.25
148,4,Norris (McLaren),43.48866,171.71986,Cloudy,0.25
148,5,Norris (McLaren),41.94779,213.66765,Cloudy,0.25
148,1,Leclerc (Ferrari),41.29028,41.29028,Cloudy,0.25
148,2,Leclerc (Ferrari),42.43048,83.72076,Cloudy,0.25
148,3,Leclerc (Ferrari),42.61444,126.3352,Cloudy,0.25
148,4,Leclerc (Ferrari),43.48659,169.8218,Cloudy,0.25
148,5,Leclerc (Ferrari),42.77768,212.59947,Cloudy,0.25
149,1,Hamilton (Mercedes),42.15615,42.15615,Cloudy,0.25
149,2,Hamilton (Mercedes),43.21071,85.36685,Cloudy,0.25
149,3,Hamilton (Mercedes),41.83342,127.20027,Cloudy,0.25
149,4,Hamilton (Mercedes),42.9088,170.10907,Cloudy,0.25
149,5,Hamilton (Mercedes),42.88713,212.9962,Cloudy,0.25
149,1,Verstappen (Red Bull),42.30485,42.30485,Cloudy,0.25
149,2,Verstappen (Red Bull),42.15732,84.46217,Cloudy,0.25
149,3,Verstappen (Red Bull),43.06673,127.52889,Cloudy,0.25
149,4,Verstappen (Red Bull),42.32216,169.85106,Cloudy,0.25
149,5,Verstappen (Red Bull),42.302,212.15306,Cloudy,0.25
149,1,Norris (McLaren),41.76988,41.76988,Cloudy,0.25
149,2,Norris (McLaren),43.50722,85.2771,Cloudy,0.25
149,3,Norris (McLaren),42.76426,128.04136,Cloudy,0.25
149,4,Norris (McLaren),42.27162,170.31298,Cloudy,0.25
149,5,Norris (McLaren),41.81114,212.12412,Cloudy,0.25
149,1,Leclerc (Ferrari),42.74431,42.74431,Cloudy,0.25
149,2,Leclerc (Ferrari),42.48845,85.23277,Cloudy,0.25
149,3,Leclerc (Ferrari),42.65778,127.89054,Cloudy,0.25
149,4,Leclerc (Ferrari),41.97505,169.86559,Cloudy,0.25
149,5,Leclerc (Ferrari),42.30176,212.16735,Cloudy,0.25
150,1,Hamilton (Mercedes),43.83122,43.83122,Cloudy,0.25
150,2,Hamilton (Mercedes),43.48694,87.31817,Cloudy,0.25
150,3,Hamilton (Mercedes),41.97669,129.29485,Cloudy,0.25
150,4,Hamilton (Mercedes),42.86977,172.16463,Cloudy,0.25
150,5,Hamilton (Mercedes),43.54548,215.7101,Cloudy,0.25
150,1,Verstappen (Red Bull),42.50633,42.50633,Cloudy,0.25
150,2,Verstappen (Red Bull),42.56761,85.07393,Cloudy,0.25
150,3,Verstappen (Red Bull),42.85316,127.92709,Cloudy,0.25
150,4,Verstappen (Red Bull),41.95906,169.88615,Cloudy,0.25
150,5,Verstappen (Red Bull),43.70022,213.58637,Cloudy,0.25
150,1,Norris (McLaren),42.40251,42.40251,Cloudy,0.25
150,2,Norris (McLaren),41.9337,84.33621,Cloudy,0.25
150,3,Norris (McLaren),42.96394,127.30015,Cloudy,0.25
150,4,Norris (McLaren),41.95459,169.25473,Cloudy,0.25
150,5,Norris (McLaren),43.76996,213.02469,Cloudy,0.25
150,1,Leclerc (Ferrari),41.50654,41.50654,Cloudy,0.25
150,2,Leclerc (Ferrari),41.81835,83.32488,Cloudy,0.25
150,3,Leclerc (Ferrari),43.35532,126.6802,Cloudy,0.25
150,4,Leclerc (Ferrari),41.23092,167.91112,Cloudy,0.25
150,5,Leclerc (Ferrari),43.09737,211.00849,Cloudy,0.25
151,1,Hamilton (Mercedes),43.56343,43.56343,Cloudy,0.25
151,2,Hamilton (Mercedes),42.78117,86.3446,Cloudy,0.25
151,3,Hamilton (Mercedes),43.30716,129.65177,Cloudy,0.25
151,4,Hamilton (Mercedes),42.34504,171.99681,Cloudy,0.25
151,5,Hamilton (Mercedes),43.95657,215.95337,Cloudy,0.25
151,1,Verstappen (Red Bull),42.44237,42.44237,Cloudy,0.25
151,2,Verstappen (Red Bull),42.62599,85.06836,Cloudy,0.25
151,3,Verstappen (Red Bull),42.44009,127.50845,Cloudy,0.25
151,4,Verstappen (Red Bull),43.39434,170.90279,Cloudy,0.25
151,5,Verstappen (Red Bull),42.76702,213.66981,Cloudy,0.25
151,1,Norris (McLaren),42.69929,42.69929,Cloudy,0.25
151,2,Norris (McLaren),41.81457,84.51386,Cloudy,0.25
151,3,Norris (McLaren),42.59792,127.11178,Cloudy,0.25
151,4,Norris (McLaren),42.47525,169.58703,Cloudy,0.25
151,5,Norris (McLaren),43.36937,212.9564,Cloudy,0.25
151,1,Leclerc (Ferrari),41.77408,41.77408,Cloudy,0.25
151,2,Leclerc (Ferrari),42.4858,84.25987,Cloudy,0.25
151,3,Leclerc (Ferrari),41.897,126.15688,Cloudy,0.25
151,4,Leclerc (Ferrari),42.22104,168.37792,Cloudy,0.25
151,5,Leclerc (Ferrari),42.33755,210.71547,Cloudy,0.25
152,1,Hamilton (Mercedes),41.97361,41.97361,Cloudy,0.25
152,2,Hamilton (Mercedes),43.03775,85.01136,Cloudy,0.25
152,3,Hamilton (Mercedes),43.72143,128.73279,Cloudy,0.25
152,4,Hamilton (Mercedes),43.29943,172.03222,Cloudy,0.25
152,5,Hamilton (Mercedes),43.69339,215.72561,Cloudy,0.25
152,1,Verstappen (Red Bull),42.62356,42.62356,Cloudy,0.25
152,2,Verstappen (Red Bull),42.39921,85.02277,Cloudy,0.25
152,3,Verstappen (Red Bull),42.45803,127.4808,Cloudy,0.25
152,4,Verstappen (Red Bull),42.39526,169.87606,Cloudy,0.25
152,5,Verstappen (Red Bull),41.31403,211.19009,Cloudy,0.25
152,1,Norris (McLaren),43.21954,43.21954,Cloudy,0.25
152,2,Norris (McLaren),42.20493,85.42446,Cloudy,0.25
152,3,Norris (McLaren),41.94144,127.36591,Cloudy,0.25
152,4,Norris (McLaren),43.26086,170.62676,Cloudy,0.25
152,5,Norris (McLaren),43.76584,214.3926,Cloudy,0.25
152,1,Leclerc (Ferrari),42.2715,42.2715,Cloudy,0.25
152,2,Leclerc (Ferrari),41.3286,83.6001,Cloudy,0.25
152,3,Leclerc (Ferrari),43.13636,126.73647,Cloudy,0.25
152,4,Leclerc (Ferrari),41.6727,168.40916,Cloudy,0.25
152,5,Leclerc (Ferrari),41.76306,210.17222,Cloudy,0.25
153,1,Hamilton (Mercedes),42.69827,42.69827,Cloudy,0.25
153,2,Hamilton (Mercedes),42.62309,85.32136,Cloudy,0.25
153,3,Hamilton (Mercedes),43.60566,128.92701,Cloudy,0.25
153,4,Hamilton (Mercedes),42.88832,171.81534,Cloudy,0.25
153,5,Hamilton (Mercedes),42.90692,214.72226,Cloudy,0.25
153,1,Verstappen (Red Bull),42.38687,42.38687,Cloudy,0.25
153,2,Verstappen (Red Bull),42.94696,85.33383,Cloudy,0.25
153,3,Verstappen (Red Bull),42.63747,127.97131,Cloudy,0.25
153,4,Verstappen (Red Bull),42.21894,170.19025,Cloudy,0.25
153,5,Verstappen (Red Bull),42.09151,212.28176,Cloudy,0.25
153,1,Norris (McLaren),43.84409,43.84409,Cloudy,0.25
153,2,Norris (McLaren),42.33518,86.17926,Cloudy,0.25
153,3,Norris (McLaren),43.86575,130.04501,Cloudy,0.25
153,4,Norris (McLaren),43.73595,173.78096,Cloudy,0.25
153,5,Norris (McLaren),42.6693,216.45027,Cloudy,0.25
153,1,Leclerc (Ferrari),42.73236,42.73236,Cloudy,0.25
153,2,Leclerc (Ferrari),42.30394,85.0363,Cloudy,0.25
153,3,Leclerc (Ferrari),41.836,126.8723,Cloudy,0.25
153,4,Leclerc (Ferrari),40.52469,167.39699,Cloudy,0.25
153,5,Leclerc (Ferrari),42.37637,209.77336,Cloudy,0.25
154,1,Hamilton (Mercedes),42.96217,42.96217,Cloudy,0.25
154,2,Hamilton (Mercedes),42.95606,85.91824,Cloudy,0.25
154,3,Hamilton (Mercedes),43.26693,129.18517,Cloudy,0.25
154,4,Hamilton (Mercedes),43.82322,173.00839,Cloudy,0.25
154,5,Hamilton (Mercedes),42.89199,215.90038,Cloudy,0.25
154,1,Verstappen (Red Bull),42.57748,42.57748,Cloudy,0.25
154,2,Verstappen (Red Bull),43.20071,85.77819,Cloudy,0.25
154,3,Verstappen (Red Bull),44.05189,129.83008,Cloudy,0.25
154,4,Verstappen (Red Bull),42.12599,171.95607,Cloudy,0.25
154,5,Verstappen (Red Bull),43.21943,215.17551,Cloudy,0.25
154,1,Norris (McLaren),42.77786,42.77786,Cloudy,0.25
154,2,Norris (McLaren),43.33438,86.11223,Cloudy,0.25
154,3,Norris (McLaren),43.36704,129.47927,Cloudy,0.25
154,4,Norris (McLaren),42.78127,172.26054,Cloudy,0.25
154,5,Norris (McLaren),42.84938,215.10992,Cloudy,0.25
154,1,Leclerc (Ferrari),41.87628,41.87628,Cloudy,0.25
154,2,Leclerc (Ferrari),42.18332,84.0596,Cloudy,0.25
154,3,Leclerc (Ferrari),41.25933,125.31893,Cloudy,0.25
154,4,Leclerc (Ferrari),41.80634,167.12526,Cloudy,0.25
154,5,Leclerc (Ferrari),42.47259,209.59785,Cloudy,0.25
155,1,Hamilton (Mercedes),43.12777,43.12777,Cloudy,0.25
155,2,Hamilton (Mercedes),42.95063,86.0784,Cloudy,0.25
155,3,Hamilton (Mercedes),44.22581,130.30422,Cloudy,0.25
155,4,Hamilton (Mercedes),41.76492,172.06914,Cloudy,0.25
155,5,Hamilton (Mercedes),42.52329,214.59242,Cloudy,0.25
155,1,Verstappen (Red Bull),41.50575,41.50575,Cloudy,0.25
155,2,Verstappen (Red Bull),41.97179,83.47754,Cloudy,0.25
155,3,Verstappen (Red Bull),43.33684,126.81438,Cloudy,0.25
155,4,Verstappen (Red Bull),42.42475,169.23913,Cloudy,0.25
155,5,Verstappen (Red Bull),42.66757,211.9067,Cloudy,0.25
155,1,Norris (McLaren),43.10065,43.10065,Cloudy,0.25
155,2,Norris (McLaren),44.69494,87.79559,Cloudy,0.25
155,3,Norris (McLaren),42.62173,130.41731,Cloudy,0.25
155,4,Norris (McLaren),42.78254,173.19986,Cloudy,0.25
155,5,Norris (McLaren),43.7369,216.93675,Cloudy,0.25
155,1,Leclerc (Ferrari),42.64515,42.64515,Cloudy,0.25
155,2,Leclerc (Ferrari),42.17465,84.8198,Cloudy,0.25
155,3,Leclerc (Ferrari),42.45255,127.27234,Cloudy,0.25
155,4,Leclerc (Ferrari),43.10249,170.37483,Cloudy,0.25
155,5,Leclerc (Ferrari),42.63122,213.00606,Cloudy,0.25
156,1,Hamilton (Mercedes),42.44468,42.44468,Cloudy,0.25
156,2,Hamilton (Mercedes),42.72258,85.16725,Cloudy,0.25
156,3,Hamilton (Mercedes),43.36622,128.53348,Cloudy,0.25
156,4,Hamilton (Mercedes),41.8432,170.37668,Cloudy,0.25
156,5,Hamilton (Mercedes),43.36206,213.73874,Cloudy,0.25
156,1,Verstappen (Red Bull),42.50439,42.50439,Cloudy,0.25
156,2,Verstappen (Red Bull),42.79053,85.29493,Cloudy,0.25
156,3,Verstappen (Red Bull),42.9222,128.21713,Cloudy,0.25
156,4,Verstappen (Red Bull),43.19829,171.41542,Cloudy,0.25
156,5,Verstappen (Red Bull),42.97325,214.38868,Cloudy,0.25
156,1,Norris (McLaren),44.35112,44.35112,Cloudy,0.25
156,2,Norris (McLaren),42.89133,87.24244,Cloudy,0.25
156,3,Norris (McLaren),43.05049,130.29293,Cloudy,0.25
156,4,Norris (McLaren),43.12778,173.42071,Cloudy,0.25
156,5,Norris (McLaren),42.6456,216.06631,Cloudy,0.25
156,1,Leclerc (Ferrari),41.93647,41.93647,Cloudy,0.25
156,2,Leclerc (Ferrari),42.4407,84.37717,Cloudy,0.25
156,3,Leclerc (Ferrari),43.52152,127.89869,Cloudy,0.25
156,4,Leclerc (Ferrari),42.93371,170.83239,Cloudy,0.25
156,5,Leclerc (Ferrari),43.06683,213.89922,Cloudy,0.25
157,1,Hamilton (Mercedes),42.5917,42.5917,Cloudy,0.25
157,2,Hamilton (Mercedes),43.85915,86.45085,Cloudy,0.25
157,3,Hamilton (Mercedes),43.56695,130.0178,Cloudy,0.25
157,4,Hamilton (Mercedes),43.11003,173.12782,Cloudy,0.25
157,5,Hamilton (Mercedes),42.0257,215.15352,Cloudy,0.25
157,1,Verstappen (Red Bull),41.6812,41.6812,Cloudy,0.25
157,2,Verstappen (Red Bull),42.18275,83.86394,Cloudy,0.25
157,3,Verstappen (Red Bull),42.02402,125.88797,Cloudy,0.25
157,4,Verstappen (Red Bull),42.74906,168.63703,Cloudy,0.25
157,5,Verstappen (Red Bull),42.38808,211.0251,Cloudy,0.25
157,1,Norris (McLaren),43.66711,43.66711,Cloudy,0.25
157,2,Norris (McLaren),42.64923,86.31634,Cloudy,0.25
157,3,Norris (McLaren),42.67333,128.98968,Cloudy,0.25
157,4,Norris (McLaren),41.67868,170.66836,Cloudy,0.25
157,5,Norris (McLaren),43.9058,214.57416,Cloudy,0.25
157,1,Leclerc (Ferrari),42.75222,42.75222,Cloudy,0.25
157,2,Leclerc (Ferrari),42.1574,84.90962,Cloudy,0.25
157,3,Leclerc (Ferrari),42.35802,127.26764,Cloudy,0.25
157,4,Leclerc (Ferrari),42.21581,169.48345,Cloudy,0.25
157,5,Leclerc (Ferrari),41.23723,210.72068,Cloudy,0.25
158,1,Hamilton (Mercedes),42.6587,42.6587,Cloudy,0.25
158,2,Hamilton (Mercedes),42.82527,85.48398,Cloudy,0.25
158,3,Hamilton (Mercedes),42.76209,128.24607,Cloudy,0.25
158,4,Hamilton (Mercedes),43.38109,171.62716,Cloudy,0.25
158,5,Hamilton (Mercedes),42.58184,214.209,Cloudy,0.25
158,1,Verstappen (Red Bull),41.92693,41.92693,Cloudy,0.25
158,2,Verstappen (Red Bull),42.17582,84.10276,Cloudy,0.25
158,3,Verstappen (Red Bull),43.40109,127.50385,Cloudy,0.25
158,4,Verstappen (Red Bull),42.4104,169.91425,Cloudy,0.25
158,5,Verstappen (Red Bull),42.60974,212.52398,Cloudy,0.25
158,1,Norris (McLaren),41.96701,41.96701,Cloudy,0.25
158,2,Norris (McLaren),42.71932,84.68633,Cloudy,0.25
158,3,Norris (McLaren),42.03064,126.71697,Cloudy,0.25
158,4,Norris (McLaren),43.29065,170.00763,Cloudy,0.25
158,5,Norris (McLaren),42.13724,212.14487,Cloudy,0.25
158,1,Leclerc (Ferrari),42.90634,42.90634,Cloudy,0.25
158,2,Leclerc (Ferrari),42.4572,85.36354,Cloudy,0.25
158,3,Leclerc (Ferrari),41.52885,126.89238,Cloudy,0.25
158,4,Leclerc (Ferrari),41.19704,168.08942,Cloudy,0.25
158,5,Leclerc (Ferrari),41.84915,209.93858,Cloudy,0.25
159,1,Hamilton (Mercedes),42.08952,42.08952,Cloudy,0.25
159,2,Hamilton (Mercedes),42.41802,84.50754,Cloudy,0.25
159,3,Hamilton (Mercedes),42.4497,126.95723,Cloudy,0.25
159,4,Hamilton (Mercedes),43.4859,170.44313,Cloudy,0.25
159,5,Hamilton (Mercedes),42.68534,213.12847,Cloudy,0.25
159,1,Verstappen (Red Bull),41.8548,41.8548,Cloudy,0.25
159,2,Verstappen (Red Bull),42.56413,84.41893,Cloudy,0.25
159,3,Verstappen (Red Bull),42.98193,127.40086,Cloudy,0.25
159,4,Verstappen (Red Bull),42.79398,170.19484,Cloudy,0.25
159,5,Verstappen (Red Bull),41.43887,211.6337,Cloudy,0.25
159,1,Norris (McLaren),42.20932,42.20932,Cloudy,0.25
159,2,Norris (McLaren),43.39287,85.60219,Cloudy,0.25
159,3,Norris (McLaren),42.94327,128.54546,Cloudy,0.25
159,4,Norris (McLaren),41.96372,170.50918,Cloudy,0.25
159,5,Norris (McLaren),43.00913,213.51831,Cloudy,0.25
159,1,Leclerc (Ferrari),40.6878,40.6878,Cloudy,0.25
159,2,Leclerc (Ferrari),41.35949,82.04729,Cloudy,0.25
159,3,Leclerc (Ferrari),42.53362,124.58091,Cloudy,0.25
159,4,Leclerc (Ferrari),42.81329,167.3942,Cloudy,0.25
159,5,Leclerc (Ferrari),42.94755,210.34176,Cloudy,0.25
160,1,Hamilton (Mercedes),42.82524,42.82524,Cloudy,0.25
160,2,Hamilton (Mercedes),43.02425,85.84948,Cloudy,0.25
160,3,Hamilton (Mercedes),42.81216,128.66165,Cloudy,0.25
160,4,Hamilton (Mercedes),42.14286,170.8045,Cloudy,0.25
160,5,Hamilton (Mercedes),42.24086,213.04536,Cloudy,0.25
160,1,Verstappen (Red Bull),41.77732,41.77732,Cloudy,0.25
160,2,Verstappen (Red Bull),42.46693,84.24424,Cloudy,0.25
160,3,Verstappen (Red Bull),41.9266,126.17085,Cloudy,0.25
160,4,Verstappen (Red Bull),41.90765,168.07849,Cloudy,0.25
160,5,Verstappen (Red Bull),42.44978,210.52827,Cloudy,0.25
160,1,Norris (McLaren),43.71133,43.71133,Cloudy,0.25
160,2,Norris (McLaren),43.33616,87.04749,Cloudy,0.25
160,3,Norris (McLaren),43.49724,130.54473,Cloudy,0.25
160,4,Norris (McLaren),43.21966,173.76439,Cloudy,0.25
160,5,Norris (McLaren),42.92633,216.69072,Cloudy,0.25
160,1,Leclerc (Ferrari),41.92761,41.92761,Cloudy,0.25
160,2,Leclerc (Ferrari),42.68433,84.61194,Cloudy,0.25
160,3,Leclerc (Ferrari),42.57147,127.18341,Cloudy,0.25
160,4,Leclerc (Ferrari),41.95718,169.14059,Cloudy,0.25
160,5,Leclerc (Ferrari),42.78649,211.92707,Cloudy,0.25
161,1,Hamilton (Mercedes),42.71774,42.71774,Cloudy,0.25
161,2,Hamilton (Mercedes),42.06119,84.77893,Cloudy,0.25
161,3,Hamilton (Mercedes),42.39915,127.17808,Cloudy,0.25
161,4,Hamilton (Mercedes),42.59269,169.77077,Cloudy,0.25
161,5,Hamilton (Mercedes),43.16514,212.93591,Cloudy,0.25
161,1,Verstappen (Red Bull),43.12499,43.12499,Cloudy,0.25
161,2,Verstappen (Red Bull),42.65282,85.77781,Cloudy,0.25
161,3,Verstappen (Red Bull),42.92698,128.70479,Cloudy,0.25
161,4,Verstappen (Red Bull),42.36049,171.06528,Cloudy,0.25
161,5,Verstappen (Red Bull),42.47275,213.53804,Cloudy,0.25
161,1,Norris (McLaren),42.6741,42.6741,Cloudy,0.25
161,2,Norris (McLaren),41.95103,84.62512,Cloudy,0.25
161,3,Norris (McLaren),43.16258,127.7877,Cloudy,0.25
161,4,Norris (McLaren),42.36247,170.15017,Cloudy,0.25
161,5,Norris (McLaren),42.56944,212.71961,Cloudy,0.25
161,1,Leclerc (Ferrari),41.95879,41.95879,Cloudy,0.25
161,2,Leclerc (Ferrari),42.18834,84.14714,Cloudy,0.25
161,3,Leclerc (Ferrari),42.34105,126.48818,Cloudy,0.25
161,4,Leclerc (Ferrari),43.24187,169.73006,Cloudy,0.25
161,5,Leclerc (Ferrari),43.19345,212.92351,Cloudy,0.25
162,1,Hamilton (Mercedes),43.22999,43.22999,Cloudy,0.25
162,2,Hamilton (Mercedes),43.17719,86.40718,Cloudy,0.25
162,3,Hamilton (Mercedes),42.03823,128.44541,Cloudy,0.25
162,4,Hamilton (Mercedes),42.93871,171.38412,Cloudy,0.25
162,5,Hamilton (Mercedes),43.2176,214.60172,Cloudy,0.25
162,1,Verstappen (Red Bull),41.96557,41.96557,Cloudy,0.25
162,2,Verstappen (Red Bull),42.40623,84.3718,Cloudy,0.25
162,3,Verstappen (Red Bull),42.95303,127.32483,Cloudy,0.25
162,4,Verstappen (Red Bull),42.07387,169.3987,Cloudy,0.25
162,5,Verstappen (Red Bull),42.63112,212.02982,Cloudy,0.25
162,1,Norris (McLaren),43.54881,43.54881,Cloudy,0.25
162,2,Norris (McLaren),44.12083,87.66964,Cloudy,0.25
162,3,Norris (McLaren),42.77342,130.44306,Cloudy,0.25
162,4,Norris (McLaren),43.10352,173.54658,Cloudy,0.25
162,5,Norris (McLaren),43.26464,216.81122,Cloudy,0.25
162,1,Leclerc (Ferrari),42.53426,42.53426,Cloudy,0.25
162,2,Leclerc (Ferrari),41.34266,83.87692,Cloudy,0.25
162,3,Leclerc (Ferrari),42.57935,126.45627,Cloudy,0.25
162,4,Leclerc (Ferrari),41.50615,167.96241,Cloudy,0.25
162,5,Leclerc (Ferrari),42.84977,210.81218,Cloudy,0.25
163,1,Hamilton (Mercedes),42.75765,42.75765,Cloudy,0.25
163,2,Hamilton (Mercedes),43.82599,86.58364,Cloudy,0.25
163,3,Hamilton (Mercedes),42.56508,129.14872,Cloudy,0.25
163,4,Hamilton (Mercedes),42.32396,171.47267,Cloudy,0.25
163,5,Hamilton (Mercedes),42.77274,214.24542,Cloudy,0.25
163,1,Verstappen (Red Bull),42.43949,42.43949,Cloudy,0.25
163,2,Verstappen (Red Bull),42.05571,84.4952,Cloudy,0.25
163,3,Verstappen (Red Bull),42.57373,127.06893,Cloudy,0.25
163,4,Verstappen (Red Bull),42.68754,169.75647,Cloudy,0.25
163,5,Verstappen (Red Bull),43.41415,213.17062,Cloudy,0.25
163,1,Norris (McLaren),41.5881,41.5881,Cloudy,0.25
163,2,Norris (McLaren),42.21795,83.80605,Cloudy,0.25
163,3,Norris (McLaren),42.6005,126.40656,Cloudy,0.25
163,4,Norris (McLaren),43.72114,170.1277,Cloudy,0.25
163,5,Norris (McLaren),43.17123,213.29893,Cloudy,0.25
163,1,Leclerc (Ferrari),41.94677,41.94677,Cloudy,0.25
163,2,Leclerc (Ferrari),42.95081,84.89757,Cloudy,0.25
163,3,Leclerc (Ferrari),42.63349,127.53106,Cloudy,0.25
163,4,Leclerc (Ferrari),41.81954,169.3506,Cloudy,0.25
163,5,Leclerc (Ferrari),42.19667,211.54727,Cloudy,0.25
164,1,Hamilton (Mercedes),42.72959,42.72959,Cloudy,0.25
164,2,Hamilton (Mercedes),42.71079,85.44038,Cloudy,0.25
164,3,Hamilton (Mercedes),42.37306,127.81344,Cloudy,0.25
164,4,Hamilton (Mercedes),42.83998,170.65342,Cloudy,0.25
164,5,Hamilton (Mercedes),42.67407,213.32749,Cloudy,0.25
164,1,Verstappen (Red Bull),42.36319,42.36319,Cloudy,0.25
164,2,Verstappen (Red Bull),43.70224,86.06543,Cloudy,0.25
164,3,Verstappen (Red Bull),42.11031,128.17574,Cloudy,0.25
164,4,Verstappen (Red Bull),43.15189,171.32763,Cloudy,0.25
164,5,Verstappen (Red Bull),41.81617,213.1438,Cloudy,0.25
164,1,Norris (McLaren),43.84696,43.84696,Cloudy,0.25
164,2,Norris (McLaren),43.05386,86.90083,Cloudy,0.25
164,3,Norris (McLaren),43.27984,130.18067,Cloudy,0.25
164,4,Norris (McLaren),43.83596,174.01663,Cloudy,0.25
164,5,Norris (McLaren),42.66347,216.68009,Cloudy,0.25
164,1,Leclerc (Ferrari),43.4432,43.4432,Cloudy,0.25
164,2,Leclerc (Ferrari),42.34105,85.78426,Cloudy,0.25
164,3,Leclerc (Ferrari),42.56928,128.35354,Cloudy,0.25
164,4,Leclerc (Ferrari),41.90423,170.25777,Cloudy,0.25
164,5,Leclerc (Ferrari),42.52596,212.78373,Cloudy,0.25
165,1,Hamilton (Mercedes),42.47353,42.47353,Cloudy,0.25
165,2,Hamilton (Mercedes),43.3724,85.84593,Cloudy,0.25
165,3,Hamilton (Mercedes),43.24298,129.08891,Cloudy,0.25
165,4,Hamilton (Mercedes),43.02887,172.11778,Cloudy,0.25
165,5,Hamilton (Mercedes),41.98277,214.10056,Cloudy,0.25
165,1,Verstappen (Red Bull),42.20419,42.20419,Cloudy,0.25
165,2,Verstappen (Red Bull),43.109,85.31319,Cloudy,0.25
165,3,Verstappen (Red Bull),42.63973,127.95292,Cloudy,0.25
165,4,Verstappen (Red Bull),43.24639,171.19931,Cloudy,0.25
165,5,Verstappen (Red Bull),41.17343,212.37274,Cloudy,0.25
165,1,Norris (McLaren),42.99483,42.99483,Cloudy,0.25
165,2,Norris (McLaren),43.06099,86.05582,Cloudy,0.25
165,3,Norris (McLaren),42.72992,128.78575,Cloudy,0.25
165,4,Norris (McLaren),42.9032,171.68894,Cloudy,0.25
165,5,Norris (McLaren),43.50968,215.19862,Cloudy,0.25
165,1,Leclerc (Ferrari),43.39099,43.39099,Cloudy,0.25
165,2,Leclerc (Ferrari),42.85014,86.24114,Cloudy,0.25
165,3,Leclerc (Ferrari),41.28442,127.52555,Cloudy,0.25
165,4,Leclerc (Ferrari),43.01898,170.54454,Cloudy,0.25
165,5,Leclerc (Ferrari),42.1458,212.69034,Cloudy,0.25
166,1,Hamilton (Mercedes),43.3969,43.3969,Cloudy,0.25
166,2,Hamilton (Mercedes),42.43958,85.83648,Cloudy,0.25
166,3,Hamilton (Mercedes),43.47807,129.31455,Cloudy,0.25
166,4,Hamilton (Mercedes),42.95891,172.27345,Cloudy,0.25
166,5,Hamilton (Mercedes),43.50104,215.77449,Cloudy,0.25
166,1,Verstappen (Red Bull),41.99014,41.99014,Cloudy,0.25
166,2,Verstappen (Red Bull),41.7329,83.72304,Cloudy,0.25
166,3,Verstappen (Red Bull),42.74362,126.46666,Cloudy,0.25
166,4,Verstappen (Red Bull),43.15628,169.62294,Cloudy,0.25
166,5,Verstappen (Red Bull),42.71018,212.33312,Cloudy,0.25
166,1,Norris (McLaren),42.82744,42.82744,Cloudy,0.25
166,2,Norris (McLaren),42.81489,85.64233,Cloudy,0.25
166,3,Norris (McLaren),43.5649,129.20723,Cloudy,0.25
166,4,Norris (McLaren),43.27763,172.48486,Cloudy,0.25
166,5,Norris (McLaren),42.86872,215.35358,Cloudy,0.25
166,1,Leclerc (Ferrari),42.0096,42.0096,Cloudy,0.25
166,2,Leclerc (Ferrari),41.63036,83.63996,Cloudy,0.25
166,3,Leclerc (Ferrari),42.84463,126.48458,Cloudy,0.25
166,4,Leclerc (Ferrari),42.09589,168.58048,Cloudy,0.25
166,5,Leclerc (Ferrari),41.61624,210.19672,Cloudy,0.25
167,1,Hamilton (Mercedes),42.31119,42.31119,Cloudy,0.25
167,2,Hamilton (Mercedes),43.0427,85.35389,Cloudy,0.25
167,3,Hamilton (Mercedes),43.38481,128.7387,Cloudy,0.25
167,4,Hamilton (Mercedes),42.77051,171.50921,Cloudy,0.25
167,5,Hamilton (Mercedes),43.89545,215.40466,Cloudy,0.25
167,1,Verstappen (Red Bull),43.16398,43.16398,Cloudy,0.25
167,2,Verstappen (Red Bull),42.50599,85.66997,Cloudy,0.25
167,3,Verstappen (Red Bull),42.82889,128.49886,Cloudy,0.25
167,4,Verstappen (Red Bull),42.35852,170.85738,Cloudy,0.25
167,5,Verstappen (Red Bull),41.31105,212.16842,Cloudy,0.25
167,1,Norris (McLaren),43.49862,43.49862,Cloudy,0.25
167,2,Norris (McLaren),42.78533,86.28395,Cloudy,0.25
167,3,Norris (McLaren),42.84086,129.12481,Cloudy,0.25
167,4,Norris (McLaren),43.00842,172.13324,Cloudy,0.25
167,5,Norris (McLaren),42.80446,214.93769,Cloudy,0.25
167,1,Leclerc (Ferrari),42.01018,42.01018,Cloudy,0.25
167,2,Leclerc (Ferrari),41.72182,83.732,Cloudy,0.25
167,3,Leclerc (Ferrari),43.42414,127.15614,Cloudy,0.25
167,4,Leclerc (Ferrari),42.12714,169.28328,Cloudy,0.25
167,5,Leclerc (Ferrari),42.01067,211.29395,Cloudy,0.25
168,1,Hamilton (Mercedes),41.76261,41.76261,Cloudy,0.25
168,2,Hamilton (Mercedes),43.5228,85.28541,Cloudy,0.25
168,3,Hamilton (Mercedes),42.59587,127.88128,Cloudy,0.25
168,4,Hamilton (Mercedes),43.02347,170.90475,Cloudy,0.25
168,5,Hamilton (Mercedes),42.22452,213.12927,Cloudy,0.25
168,1,Verstappen (Red Bull),42.47772,42.47772,Cloudy,0.25
168,2,Verstappen (Red Bull),43.07426,85.55198,Cloudy,0.25
168,3,Verstappen (Red Bull),42.45797,128.00994,Cloudy,0.25
168,4,Verstappen (Red Bull),43.04525,171.05519,Cloudy,0.25
168,5,Verstappen (Red Bull),42.55026,213.60545,Cloudy,0.25
168,1,Norris (McLaren),44.03096,44.03096,Cloudy,0.25
168,2,Norris (McLaren),42.92616,86.95711,Cloudy,0.25
168,3,Norris (McLaren),42.74339,129.7005,Cloudy,0.25
168,4,Norris (McLaren),43.52814,173.22864,Cloudy,0.25
168,5,Norris (McLaren),43.31706,216.5457,Cloudy,0.25
168,1,Leclerc (Ferrari),42.81973,42.81973,Cloudy,0.25
168,2,Leclerc (Ferrari),42.39167,85.2114,Cloudy,0.25
168,3,Leclerc (Ferrari),42.96006,128.17146,Cloudy,0.25
168,4,Leclerc (Ferrari),41.64849,169.81994,Cloudy,0.25
168,5,Leclerc (Ferrari),42.13173,211.95168,Cloudy,0.25
169,1,Hamilton (Mercedes),42.7653,42.7653,Cloudy,0.25
169,2,Hamilton (Mercedes),43.42162,86.18692,Cloudy,0.25
169,3,Hamilton (Mercedes),42.59252,128.77944,Cloudy,0.25
169,4,Hamilton (Mercedes),43.43337,172.21281,Cloudy,0.25
169,5,Hamilton (Mercedes),43.28746,215.50027,Cloudy,0.25
169,1,Verstappen (Red Bull),42.66906,42.66906,Cloudy,0.25
169,2,Verstappen (Red Bull),42.57634,85.24541,Cloudy,0.25
169,3,Verstappen (Red Bull),42.76956,128.01497,Cloudy,0.25
169,4,Verstappen (Red Bull),42.54538,170.56035,Cloudy,0.25
169,5,Verstappen (Red Bull),42.30208,212.86243,Cloudy,0.25
169,1,Norris (McLaren),43.24085,43.24085,Cloudy,0.25
169,2,Norris (McLaren),43.83055,87.0714,Cloudy,0.25
169,3,Norris (McLaren),44.31062,131.38202,Cloudy,0.25
169,4,Norris (McLaren),42.53225,173.91427,Cloudy,0.25
169,5,Norris (McLaren),43.14639,217.06066,Cloudy,0.25
169,1,Leclerc (Ferrari),42.12308,42.12308,Cloudy,0.25
169,2,Leclerc (Ferrari),41.77756,83.90063,Cloudy,0.25
169,3,Leclerc (Ferrari),41.59144,125.49207,Cloudy,0.25
169,4,Leclerc (Ferrari),42.2138,167.70587,Cloudy,0.25
169,5,Leclerc (Ferrari),43.32203,211.0279,Cloudy,0.25
170,1,Hamilton (Mercedes),42.00698,42.00698,Cloudy,0.25
170,2,Hamilton (Mercedes),43.94351,85.95049,Cloudy,0.25
170,3,Hamilton (Mercedes),42.64303,128.59352,Cloudy,0.25
170,4,Hamilton (Mercedes),43.21164,171.80516,Cloudy,0.25
170,5,Hamilton (Mercedes),42.68853,214.49369,Cloudy,0.25
170,1,Verstappen (Red Bull),42.05834,42.05834,Cloudy,0.25
170,2,Verstappen (Red Bull),42.02305,84.08139,Cloudy,0.25
170,3,Verstappen (Red Bull),42.17685,126.25825,Cloudy,0.25
170,4,Verstappen (Red Bull),42.66147,168.91972,Cloudy,0.25
170,5,Verstappen (Red Bull),42.48878,211.40849,Cloudy,0.25
170,1,Norris (McLaren),43.73636,43.73636,Cloudy,0.25
170,2,Norris (McLaren),42.95344,86.68979,Cloudy,0.25
170,3,Norris (McLaren),43.2165,129.90629,Cloudy,0.25
170,4,Norris (McLaren),42.29885,172.20514,Cloudy,0.25
170,5,Norris (McLaren),42.50523,214.71037,Cloudy,0.25
170,1,Leclerc (Ferrari),42.17474,42.17474,Cloudy,0.25
170,2,Leclerc (Ferrari),43.04527,85.22001,Cloudy,0.25
170,3,Leclerc (Ferrari),41.86235,127.08236,Cloudy,0.25
170,4,Leclerc (Ferrari),42.05343,169.13579,Cloudy,0.25
170,5,Leclerc (Ferrari),41.83987,210.97566,Cloudy,0.25
171,1,Hamilton (Mercedes),42.85221,42.85221,Cloudy,0.25
171,2,Hamilton (Mercedes),43.4707,86.32291,Cloudy,0.25
171,3,Hamilton (Mercedes),43.82599,130.14889,Cloudy,0.25
171,4,Hamilton (Mercedes),42.99259,173.14149,Cloudy,0.25
171,5,Hamilton (Mercedes),43.25098,216.39247,Cloudy,0.25
171,1,Verstappen (Red Bull),42.46448,42.46448,Cloudy,0.25
171,2,Verstappen (Red Bull),43.30374,85.76822,Cloudy,0.25
171,3,Verstappen (Red Bull),43.01685,128.78507,Cloudy,0.25
171,4,Verstappen (Red Bull),43.28152,172.0666,Cloudy,0.25
171,5,Verstappen (Red Bull),41.80458,213.87117,Cloudy,0.25
171,1,Norris (McLaren),42.43598,42.43598,Cloudy,0.25
171,2,Norris (McLaren),41.6817,84.11768,Cloudy,0.25
171,3,Norris (McLaren),43.27223,127.38991,Cloudy,0.25
171,4,Norris (McLaren),42.92375,170.31366,Cloudy,0.25
171,5,Norris (McLaren),43.38636,213.70002,Cloudy,0.25
171,1,Leclerc (Ferrari),42.70577,42.70577,Cloudy,0.25
171,2,Leclerc (Ferrari),42.68917,85.39494,Cloudy,0.25
171,3,Leclerc (Ferrari),41.81099,127.20592,Cloudy,0.25
171,4,Leclerc (Ferrari),41.62329,168.82922,Cloudy,0.25
171,5,Leclerc (Ferrari),42.14656,210.97578,Cloudy,0.25
172,1,Hamilton (Mercedes),43.08786,43.08786,Cloudy,0.25
172,2,Hamilton (Mercedes),42.81872,85.90659,Cloudy,0.25
172,3,Hamilton (Mercedes),42.94844,128.85503,Cloudy,0.25
172,4,Hamilton (Mercedes),43.47638,172.33141,Cloudy,0.25
172,5,Hamilton (Mercedes),42.90781,215.23921,Cloudy,0.25
172,1,Verstappen (Red Bull),43.12582,43.12582,Cloudy,0.25
172,2,Verstappen (Red Bull),42.61285,85.73867,Cloudy,0.25
172,3,Verstappen (Red Bull),41.94469,127.68337,Cloudy,0.25
172,4,Verstappen (Red Bull),42.81474,170.49811,Cloudy,0.25
172,5,Verstappen (Red Bull),42.13565,212.63376,Cloudy,0.25
172,1,Norris (McLaren),43.02592,43.02592,Cloudy,0.25
172,2,Norris (McLaren),42.97013,85.99605,Cloudy,0.25
172,3,Norris (McLaren),43.06653,129.06258,Cloudy,0.25
172,4,Norris (McLaren),43.14822,172.2108,Cloudy,0.25
172,5,Norris (McLaren),43.22759,215.4384,Cloudy,0.25
172,1,Leclerc (Ferrari),42.33002,42.33002,Cloudy,0.25
172,2,Leclerc (Ferrari),41.41674,83.74676,Cloudy,0.25
172,3,Leclerc (Ferrari),42.49904,126.2458,Cloudy,0.25
172,4,Leclerc (Ferrari),43.79745,170.04324,Cloudy,0.25
172,5,Leclerc (Ferrari),41.4945,211.53774,Cloudy,0.25
173,1,Hamilton (Mercedes),42.74303,42.74303,Cloudy,0.25
173,2,Hamilton (Mercedes),42.59944,85.34248,Cloudy,0.25
173,3,Hamilton (Mercedes),43.31659,128.65907,Cloudy,0.25
173,4,Hamilton (Mercedes),41.90842,170.5675,Cloudy,0.25
173,5,Hamilton (Mercedes),41.87623,212.44372,Cloudy,0.25
173,1,Verstappen (Red Bull),42.57683,42.57683,Cloudy,0.25
173,2,Verstappen (Red Bull),42.29071,84.86755,Cloudy,0.25
173,3,Verstappen (Red Bull),41.89309,126.76064,Cloudy,0.25
173,4,Verstappen (Red Bull),42.61954,169.38018,Cloudy,0.25
173,5,Verstappen (Red Bull),42.24513,211.62531,Cloudy,0.25
173,1,Norris (McLaren),43.64492,43.64492,Cloudy,0.25
173,2,Norris (McLaren),43.30702,86.95194,Cloudy,0.25
173,3,Norris (McLaren),44.30137,131.2533,Cloudy,0.25
173,4,Norris (McLaren),43.76882,175.02212,Cloudy,0.25
173,5,Norris (McLaren),43.69447,218.71659,Cloudy,0.25
173,1,Leclerc (Ferrari),41.82753,41.82753,Cloudy,0.25
173,2,Leclerc (Ferrari),41.52545,83.35298,Cloudy,0.25
173,3,Leclerc (Ferrari),42.82301,126.17599,Cloudy,0.25
173,4,Leclerc (Ferrari),41.32678,167.50277,Cloudy,0.25
173,5,Leclerc (Ferrari),42.17714,209.67991,Cloudy,0.25
174,1,Hamilton (Mercedes),42.75275,42.75275,Cloudy,0.25
174,2,Hamilton (Mercedes),42.32627,85.07902,Cloudy,0.25
174,3,Hamilton (Mercedes),43.09155,128.17057,Cloudy,0.25
174,4,Hamilton (Mercedes),43.09699,171.26755,Cloudy,0.25
174,5,Hamilton (Mercedes),42.03938,213.30694,Cloudy,0.25
174,1,Verstappen (Red Bull),43.16397,43.16397,Cloudy,0.25
174,2,Verstappen (Red Bull),43.3003,86.46427,Cloudy,0.25
174,3,Verstappen (Red Bull),43.17136,129.63562,Cloudy,0.25
174,4,Verstappen (Red Bull),42.02232,171.65795,Cloudy,0.25
174,5,Verstappen (Red Bull),41.73097,213.38891,Cloudy,0.25
174,1,Norris (McLaren),42.85871,42.85871,Cloudy,0.25
174,2,Norris (McLaren),44.23579,87.0945,Cloudy,0.25
174,3,Norris (McLaren),42.50879,129.6033,Cloudy,0.25
174,4,Norris (McLaren),42.26772,171.87102,Cloudy,0.25
174,5,Norris (McLaren),42.39682,214.26785,Cloudy,0.25
174,1,Leclerc (Ferrari),41.70996,41.70996,Cloudy,0.25
174,2,Leclerc (Ferrari),42.72691,84.43687,Cloudy,0.25
174,3,Leclerc (Ferrari),42.4453,126.88217,Cloudy,0.25
174,4,Leclerc (Ferrari),41.82889,168.71106,Cloudy,0.25
174,5,Leclerc (Ferrari),42.7152,211.42626,Cloudy,0.25
175,1,Hamilton (Mercedes),41.84372,41.84372,Cloudy,0.25
175,2,Hamilton (Mercedes),42.91388,84.7576,Cloudy,0.25
175,3,Hamilton (Mercedes),43.59784,128.35545,Cloudy,0.25
175,4,Hamilton (Mercedes),42.48119,170.83664,Cloudy,0.25
175,5,Hamilton (Mercedes),42.44485,213.28149,Cloudy,0.25
175,1,Verstappen (Red Bull),42.56931,42.56931,Cloudy,0.25
175,2,Verstappen (Red Bull),42.47382,85.04313,Cloudy,0.25
175,3,Verstappen (Red Bull),41.11663,126.15977,Cloudy,0.25
175,4,Verstappen (Red Bull),42.57565,168.73542,Cloudy,0.25
175,5,Verstappen (Red Bull),42.235,210.97042,Cloudy,0.25
175,1,Norris (McLaren),42.6586,42.6586,Cloudy,0.25
175,2,Norris (McLaren),42.92764,85.58623,Cloudy,0.25
175,3,Norris (McLaren),43.63294,129.21917,Cloudy,0.25
175,4,Norris (McLaren),43.38188,172.60105,Cloudy,0.25
175,5,Norris (McLaren),43.75278,216.35383,Cloudy,0.25
175,1,Leclerc (Ferrari),42.43858,42.43858,Cloudy,0.25
175,2,Leclerc (Ferrari),41.4552,83.89378,Cloudy,0.25
175,3,Leclerc (Ferrari),41.144,125.03778,Cloudy,0.25
175,4,Leclerc (Ferrari),42.83633,167.87411,Cloudy,0.25
175,5,Leclerc (Ferrari),42.77015,210.64425,Cloudy,0.25
176,1,Hamilton (Mercedes),43.62136,43.62136,Cloudy,0.25
176,2,Hamilton (Mercedes),42.59686,86.21822,Cloudy,0.25
176,3,Hamilton (Mercedes),41.42949,127.64771,Cloudy,0.25
176,4,Hamilton (Mercedes),42.77082,170.41853,Cloudy,0.25
176,5,Hamilton (Mercedes),42.7584,213.17693,Cloudy,0.25
176,1,Verstappen (Red Bull),42.46623,42.46623,Cloudy,0.25
176,2,Verstappen (Red Bull),43.32171,85.78794,Cloudy,0.25
176,3,Verstappen (Red Bull),43.33548,129.12342,Cloudy,0.25
176,4,Verstappen (Red Bull),41.5068,170.63023,Cloudy,0.25
176,5,Verstappen (Red Bull),42.27181,212.90204,Cloudy,0.25
176,1,Norris (McLaren),43.10737,43.10737,Cloudy,0.25
176,2,Norris (McLaren),43.02835,86.13572,Cloudy,0.25
176,3,Norris (McLaren),44.15943,130.29516,Cloudy,0.25
176,4,Norris (McLaren),41.71307,172.00823,Cloudy,0.25
176,5,Norris (McLaren),42.83017,214.8384,Cloudy,0.25
176,1,Leclerc (Ferrari),42.01078,42.01078,Cloudy,0.25
176,2,Leclerc (Ferrari),42.66381,84.6746,Cloudy,0.25
176,3,Leclerc (Ferrari),43.02614,127.70073,Cloudy,0.25
176,4,Leclerc (Ferrari),42.32682,170.02755,Cloudy,0.25
176,5,Leclerc (Ferrari),42.54976,212.57731,Cloudy,0.25
177,1,Hamilton (Mercedes),43.09745,43.09745,Cloudy,0.25
177,2,Hamilton (Mercedes),43.58977,86.68722,Cloudy,0.25
177,3,Hamilton (Mercedes),42.95652,129.64373,Cloudy,0.25
177,4,Hamilton (Mercedes),42.80643,172.45017,Cloudy,0.25
177,5,Hamilton (Mercedes),41.79372,214.24388,Cloudy,0.25
177,1,Verstappen (Red Bull),43.5412,43.5412,Cloudy,0.25
177,2,Verstappen (Red Bull),42.43876,85.97995,Cloudy,0.25
177,3,Verstappen (Red Bull),43.13851,129.11846,Cloudy,0.25
177,4,Verstappen (Red Bull),42.50483,171.62329,Cloudy,0.25
177,5,Verstappen (Red Bull),41.97825,213.60154,Cloudy,0.25
177,1,Norris (McLaren),42.32128,42.32128,Cloudy,0.25
177,2,Norris (McLaren),42.50653,84.82781,Cloudy,0.25
177,3,Norris (McLaren),42.09203,126.91984,Cloudy,0.25
177,4,Norris (McLaren),41.99001,168.90985,Cloudy,0.25
177,5,Norris (McLaren),43.0985,212.00835,Cloudy,0.25
177,1,Leclerc (Ferrari),42.77877,42.77877,Cloudy,0.25
177,2,Leclerc (Ferrari),42.21995,84.99872,Cloudy,0.25
177,3,Leclerc (Ferrari),42.53904,127.53777,Cloudy,0.25
177,4,Leclerc (Ferrari),43.29096,170.82873,Cloudy,0.25
177,5,Leclerc (Ferrari),41.09772,211.92645,Cloudy,0.25
178,1,Hamilton (Mercedes),42.97147,42.97147,Cloudy,0.25
178,2,Hamilton (Mercedes),43.40838,86.37985,Cloudy,0.25
178,3,Hamilton (Mercedes),43.01122,129.39107,Cloudy,0.25
178,4,Hamilton (Mercedes),41.73429,171.12535,Cloudy,0.25
178,5,Hamilton (Mercedes),42.98009,214.10545,Cloudy,0.25
178,1,Verstappen (Red Bull),42.6721,42.6721,Cloudy,0.25
178,2,Verstappen (Red Bull),42.68818,85.36028,Cloudy,0.25
178,3,Verstappen (Red Bull),43.17806,128.53834,Cloudy,0.25
178,4,Verstappen (Red Bull),41.82218,170.36052,Cloudy,0.25
178,5,Verstappen (Red Bull),42.4101,212.77062,Cloudy,0.25
178,1,Norris (McLaren),42.95814,42.95814,Cloudy,0.25
178,2,Norris (McLaren),41.7352,84.69334,Cloudy,0.25
178,3,Norris (McLaren),43.29678,127.99012,Cloudy,0.25
178,4,Norris (McLaren),43.10034,171.09045,Cloudy,0.25
178,5,Norris (McLaren),42.71965,213.8101,Cloudy,0.25
178,1,Leclerc (Ferrari),42.08894,42.08894,Cloudy,0.25
178,2,Leclerc (Ferrari),41.98911,84.07805,Cloudy,0.25
178,3,Leclerc (Ferrari),42.11145,126.1895,Cloudy,0.25
178,4,Leclerc (Ferrari),42.44667,168.63617,Cloudy,0.25
178,5,Leclerc (Ferrari),41.55965,210.19582,Cloudy,0.25
179,1,Hamilton (Mercedes),42.57634,42.57634,Cloudy,0.25
179,2,Hamilton (Mercedes),42.61694,85.19327,Cloudy,0.25
179,3,Hamilton (Mercedes),42.85492,128.0482,Cloudy,0.25
179,4,Hamilton (Mercedes),43.15193,171.20013,Cloudy,0.25
179,5,Hamilton (Mercedes),42.92905,214.12917,Cloudy,0.25
179,1,Verstappen (Red Bull),42.56358,42.56358,Cloudy,0.25
179,2,Verstappen (Red Bull),41.75445,84.31803,Cloudy,0.25
179,3,Verstappen (Red Bull),43.27716,127.59519,Cloudy,0.25
179,4,Verstappen (Red Bull),42.89256,170.48775,Cloudy,0.25
179,5,Verstappen (Red Bull),41.47745,211.9652,Cloudy,0.25
179,1,Norris (McLaren),43.08187,43.08187,Cloudy,0.25
179,2,Norris (McLaren),43.27305,86.35493,Cloudy,0.25
179,3,Norris (McLaren),42.36107,128.71599,Cloudy,0.25
179,4,Norris (McLaren),42.37685,171.09284,Cloudy,0.25
179,5,Norris (McLaren),41.75068,212.84353,Cloudy,0.25
179,1,Leclerc (Ferrari),41.88307,41.88307,Cloudy,0.25
179,2,Leclerc (Ferrari),41.70699,83.59007,Cloudy,0.25
179,3,Leclerc (Ferrari),42.75953,126.3496,Cloudy,0.25
179,4,Leclerc (Ferrari),41.98402,168.33362,Cloudy,0.25
179,5,Leclerc (Ferrari),43.15658,211.4902,Cloudy,0.25
180,1,Hamilton (Mercedes),43.25645,43.25645,Cloudy,0.25
180,2,Hamilton (Mercedes),42.80288,86.05933,Cloudy,0.25
180,3,Hamilton (Mercedes),43.91956,129.97888,Cloudy,0.25
180,4,Hamilton (Mercedes),42.92979,172.90867,Cloudy,0.25
180,5,Hamilton (Mercedes),42.89311,215.80178,Cloudy,0.25
180,1,Verstappen (Red Bull),42.43658,42.43658,Cloudy,0.25
180,2,Verstappen (Red Bull),43.29228,85.72886,Cloudy,0.25
180,3,Verstappen (Red Bull),42.95119,128.68005,Cloudy,0.25
180,4,Verstappen (Red Bull),42.05246,170.73251,Cloudy,0.25
180,5,Verstappen (Red Bull),42.15825,212.89075,Cloudy,0.25
180,1,Norris (McLaren),42.89434,42.89434,Cloudy,0.25
180,2,Norris (McLaren),42.83217,85.72651,Cloudy,0.25
180,3,Norris (McLaren),42.01908,127.74559,Cloudy,0.25
180,4,Norris (McLaren),42.5522,170.29778,Cloudy,0.25
180,5,Norris (McLaren),42.66903,212.96681,Cloudy,0.25
180,1,Leclerc (Ferrari),42.92381,42.92381,Cloudy,0.25
180,2,Leclerc (Ferrari),43.11124,86.03504,Cloudy,0.25
180,3,Leclerc (Ferrari),42.15124,128.18629,Cloudy,0.25
180,4,Leclerc (Ferrari),42.10957,170.29586,Cloudy,0.25
180,5,Leclerc (Ferrari),42.65051,212.94636,Cloudy,0.25
181,1,Hamilton (Mercedes),44.26815,44.26815,Cloudy,0.25
181,2,Hamilton (Mercedes),42.90128,87.16943,Cloudy,0.25
181,3,Hamilton (Mercedes),42.64044,129.80987,Cloudy,0.25
181,4,Hamilton (Mercedes),41.94952,171.75939,Cloudy,0.25
181,5,Hamilton (Mercedes),42.93898,214.69838,Cloudy,0.25
181,1,Verstappen (Red Bull),42.49909,42.49909,Cloudy,0.25
181,2,Verstappen (Red Bull),42.38428,84.88336,Cloudy,0.25
181,3,Verstappen (Red Bull),42.44777,127.33113,Cloudy,0.25
181,4,Verstappen (Red Bull),43.18042,170.51155,Cloudy,0.25
181,5,Verstappen (Red Bull),41.95242,212.46397,Cloudy,0.25
181,1,Norris (McLaren),42.34315,42.34315,Cloudy,0.25
181,2,Norris (McLaren),42.05646,84.39962,Cloudy,0.25
181,3,Norris (McLaren),42.63532,127.03494,Cloudy,0.25
181,4,Norris (McLaren),41.90681,168.94175,Cloudy,0.25
181,5,Norris (McLaren),43.31106,212.25281,Cloudy,0.25
181,1,Leclerc (Ferrari),42.23775,42.23775,Cloudy,0.25
181,2,Leclerc (Ferrari),41.27237,83.51012,Cloudy,0.25
181,3,Leclerc (Ferrari),42.72507,126.23519,Cloudy,0.25
181,4,Leclerc (Ferrari),40.92898,167.16416,Cloudy,0.25
181,5,Leclerc (Ferrari),42.6268,209.79096,Cloudy,0.25
182,1,Hamilton (Mercedes),42.13135,42.13135,Cloudy,0.25
182,2,Hamilton (Mercedes),43.37753,85.50888,Cloudy,0.25
182,3,Hamilton (Mercedes),43.4912,129.00008,Cloudy,0.25
182,4,Hamilton (Mercedes),43.44055,172.44063,Cloudy,0.25
182,5,Hamilton (Mercedes),42.15963,214.60027,Cloudy,0.25
182,1,Verstappen (Red Bull),42.10546,42.10546,Cloudy,0.25
182,2,Verstappen (Red Bull),42.05498,84.16044,Cloudy,0.25
182,3,Verstappen (Red Bull),42.63269,126.79313,Cloudy,0.25
182,4,Verstappen (Red Bull),42.99994,169.79307,Cloudy,0.25
182,5,Verstappen (Red Bull),42.94425,212.73732,Cloudy,0.25
182,1,Norris (McLaren),41.34243,41.34243,Cloudy,0.25
182,2,Norris (McLaren),43.4372,84.77963,Cloudy,0.25
182,3,Norris (McLaren),42.66467,127.44431,Cloudy,0.25
182,4,Norris (McLaren),43.09155,170.53586,Cloudy,0.25
182,5,Norris (McLaren),42.78861,213.32447,Cloudy,0.25
182,1,Leclerc (Ferrari),42.10586,42.10586,Cloudy,0.25
182,2,Leclerc (Ferrari),42.31451,84.42036,Cloudy,0.25
182,3,Leclerc (Ferrari),43.54867,127.96904,Cloudy,0.25
182,4,Leclerc (Ferrari),41.54573,169.51477,Cloudy,0.25
182,5,Leclerc (Ferrari),42.33919,211.85396,Cloudy,0.25
183,1,Hamilton (Mercedes),43.44304,43.44304,Cloudy,0.25
183,2,Hamilton (Mercedes),42.92322,86.36626,Cloudy,0.25
183,3,Hamilton (Mercedes),42.18245,128.54871,Cloudy,0.25
183,4,Hamilton (Mercedes),44.06759,172.6163,Cloudy,0.25
183,5,Hamilton (Mercedes),43.00007,215.61637,Cloudy,0.25
183,1,Verstappen (Red Bull),42.59832,42.59832,Cloudy,0.25
183,2,Verstappen (Red Bull),42.3752,84.97352,Cloudy,0.25
183,3,Verstappen (Red Bull),41.54916,126.52269,Cloudy,0.25
183,4,Verstappen (Red Bull),42.10268,168.62537,Cloudy,0.25
183,5,Verstappen (Red Bull),42.71642,211.34179,Cloudy,0.25
183,1,Norris (McLaren),43.05579,43.05579,Cloudy,0.25
183,2,Norris (McLaren),42.63183,85.68762,Cloudy,0.25
183,3,Norris (McLaren),43.54069,129.22832,Cloudy,0.25
183,4,Norris (McLaren),42.75645,171.98477,Cloudy,0.25
183,5,Norris (McLaren),42.28736,214.27213,Cloudy,0.25
183,1,Leclerc (Ferrari),42.42733,42.42733,Cloudy,0.25
183,2,Leclerc (Ferrari),42.0451,84.47243,Cloudy,0.25
183,3,Leclerc (Ferrari),42.37014,126.84258,Cloudy,0.25
183,4,Leclerc (Ferrari),42.62419,169.46677,Cloudy,0.25
183,5,Leclerc (Ferrari),42.00139,211.46816,Cloudy,0.25
184,1,Hamilton (Mercedes),42.93733,42.93733,Cloudy,0.25
184,2,Hamilton (Mercedes),43.75718,86.69451,Cloudy,0.25
184,3,Hamilton (Mercedes),42.3681,129.06261,Cloudy,0.25
184,4,Hamilton (Mercedes),42.65027,171.71287,Cloudy,0.25
184,5,Hamilton (Mercedes),43.61033,215.32321,Cloudy,0.25
184,1,Verstappen (Red Bull),42.04053,42.04053,Cloudy,0.25
184,2,Verstappen (Red Bull),42.93662,84.97715,Cloudy,0.25
184,3,Verstappen (Red Bull),41.85654,126.83368,Cloudy,0.25
184,4,Verstappen (Red Bull),42.63544,169.46912,Cloudy,0.25
184,5,Verstappen (Red Bull),43.288,212.75712,Cloudy,0.25
184,1,Norris (McLaren),42.83591,42.83591,Cloudy,0.25
184,2,Norris (McLaren),43.88156,86.71747,Cloudy,0.25
184,3,Norris (McLaren),42.26564,128.98311,Cloudy,0.25
184,4,Norris (McLaren),43.0009,171.98401,Cloudy,0.25
184,5,Norris (McLaren),42.12308,214.10708,Cloudy,0.25
184,1,Leclerc (Ferrari),41.47432,41.47432,Cloudy,0.25
184,2,Leclerc (Ferrari),42.32215,83.79648,Cloudy,0.25
184,3,Leclerc (Ferrari),41.87507,125.67154,Cloudy,0.25
184,4,Leclerc (Ferrari),41.95822,167.62976,Cloudy,0.25
184,5,Leclerc (Ferrari),42.05775,209.68751,Cloudy,0.25
185,1,Hamilton (Mercedes),43.14436,43.14436,Cloudy,0.25
185,2,Hamilton (Mercedes),43.11516,86.25952,Cloudy,0.25
185,3,Hamilton (Mercedes),43.20889,129.46841,Cloudy,0.25
185,4,Hamilton (Mercedes),42.26681,171.73522,Cloudy,0.25
185,5,Hamilton (Mercedes),42.23236,213.96757,Cloudy,0.25
185,1,Verstappen (Red Bull),42.16659,42.16659,Cloudy,0.25
185,2,Verstappen (Red Bull),42.1878,84.35439,Cloudy,0.25
185,3,Verstappen (Red Bull),43.42229,127.77668,Cloudy,0.25
185,4,Verstappen (Red Bull),42.43584,170.21252,Cloudy,0.25
185,5,Verstappen (Red Bull),42.98041,213.19293,Cloudy,0.25
185,1,Norris (McLaren),42.88036,42.88036,Cloudy,0.25
185,2,Norris (McLaren),43.553,86.43336,Cloudy,0.25
185,3,Norris (McLaren),42.74614,129.1795,Cloudy,0.25
185,4,Norris (McLaren),43.82741,173.00691,Cloudy,0.25
185,5,Norris (McLaren),42.3235,215.33041,Cloudy,0.25
185,1,Leclerc (Ferrari),42.14123,42.14123,Cloudy,0.25
185,2,Leclerc (Ferrari),41.94537,84.08661,Cloudy,0.25
185,3,Leclerc (Ferrari),41.3377,125.4243,Cloudy,0.25
185,4,Leclerc (Ferrari),43.38506,168.80936,Cloudy,0.25
185,5,Leclerc (Ferrari),41.52134,210.3307,Cloudy,0.25
186,1,Hamilton (Mercedes),42.86946,42.86946,Cloudy,0.25
186,2,Hamilton (Mercedes),42.13154,85.001,Cloudy,0.25
186,3,Hamilton (Mercedes),43.00538,128.00638,Cloudy,0.25
186,4,Hamilton (Mercedes),43.22454,171.23091,Cloudy,0.25
186,5,Hamilton (Mercedes),43.17053,214.40145,Cloudy,0.25
186,1,Verstappen (Red Bull),41.84138,41.84138,Cloudy,0.25
186,2,Verstappen (Red Bull),43.90536,85.74673,Cloudy,0.25
186,3,Verstappen (Red Bull),43.42779,129.17452,Cloudy,0.25
186,4,Verstappen (Red Bull),42.13869,171.31321,Cloudy,0.25
186,5,Verstappen (Red Bull),42.53548,213.84869,Cloudy,0.25
186,1,Norris (McLaren),42.76568,42.76568,Cloudy,0.25
186,2,Norris (McLaren),43.06415,85.82983,Cloudy,0.25
186,3,Norris (McLaren),42.12482,127.95465,Cloudy,0.25
186,4,Norris (McLaren),43.35886,171.31351,Cloudy,0.25
186,5,Norris (McLaren),42.67288,213.98639,Cloudy,0.25
186,1,Leclerc (Ferrari),42.82406,42.82406,Cloudy,0.25
186,2,Leclerc (Ferrari),42.48195,85.30601,Cloudy,0.25
186,3,Leclerc (Ferrari),42.43626,127.74227,Cloudy,0.25
186,4,Leclerc (Ferrari),43.45225,171.19452,Cloudy,0.25
186,5,Leclerc (Ferrari),43.12085,214.31537,Cloudy,0.25
187,1,Hamilton (Mercedes),42.32031,42.32031,Cloudy,0.25
187,2,Hamilton (Mercedes),41.8365,84.15681,Cloudy,0.25
187,3,Hamilton (Mercedes),42.29504,126.45185,Cloudy,0.25
187,4,Hamilton (Mercedes),43.1957,169.64755,Cloudy,0.25
187,5,Hamilton (Mercedes),42.67955,212.3271,Cloudy,0.25
187,1,Verstappen (Red Bull),42.65458,42.65458,Cloudy,0.25
187,2,Verstappen (Red Bull),42.55401,85.20858,Cloudy,0.25
187,3,Verstappen (Red Bull),41.46213,126.67072,Cloudy,0.25
187,4,Verstappen (Red Bull),42.63147,169.30218,Cloudy,0.25
187,5,Verstappen (Red Bull),43.44287,212.74505,Cloudy,0.25
187,1,Norris (McLaren),43.81328,43.81328,Cloudy,0.25
187,2,Norris (McLaren),42.84007,86.65335,Cloudy,0.25
187,3,Norris (McLaren),43.60032,130.25367,Cloudy,0.25
187,4,Norris (McLaren),42.29266,172.54633,Cloudy,0.25
187,5,Norris (McLaren),42.07721,214.62354,Cloudy,0.25
187,1,Leclerc (Ferrari),42.81947,42.81947,Cloudy,0.25
187,2,Leclerc (Ferrari),41.73812,84.5576,Cloudy,0.25
187,3,Leclerc (Ferrari),41.68728,126.24487,Cloudy,0.25
187,4,Leclerc (Ferrari),41.96572,168.21059,Cloudy,0.25
187,5,Leclerc (Ferrari),42.38143,210.59202,Cloudy,0.25
188,1,Hamilton (Mercedes),43.31684,43.31684,Cloudy,0.25
188,2,Hamilton (Mercedes),42.34966,85.6665,Cloudy,0.25
188,3,Hamilton (Mercedes),43.09336,128.75986,Cloudy,0.25
188,4,Hamilton (Mercedes),42.67364,171.43351,Cloudy,0.25
188,5,Hamilton (Mercedes),42.40246,213.83596,Cloudy,0.25
188,1,Verstappen (Red Bull),42.94389,42.94389,Cloudy,0.25
188,2,Verstappen (Red Bull),41.47872,84.42261,Cloudy,0.25
188,3,Verstappen (Red Bull),42.33286,126.75548,Cloudy,0.25
188,4,Verstappen (Red Bull),42.40653,169.162,Cloudy,0.25
188,5,Verstappen (Red Bull),42.76246,211.92446,Cloudy,0.25
188,1,Norris (McLaren),41.68671,41.68671,Cloudy,0.25
188,2,Norris (McLaren),42.50123,84.18794,Cloudy,0.25
188,3,Norris (McLaren),43.26763,127.45557,Cloudy,0.25
188,4,Norris (McLaren),42.9653,170.42088,Cloudy,0.25
188,5,Norris (McLaren),43.03468,213.45555,Cloudy,0.25
188,1,Leclerc (Ferrari),41.51462,41.51462,Cloudy,0.25
188,2,Leclerc (Ferrari),41.56103,83.07566,Cloudy,0.25
188,3,Leclerc (Ferrari),42.59424,125.66989,Cloudy,0.25
188,4,Leclerc (Ferrari),41.93842,167.60831,Cloudy,0.25
188,5,Leclerc (Ferrari),41.8382,209.44651,Cloudy,0.25
189,1,Hamilton (Mercedes),42.46568,42.46568,Cloudy,0.25
189,2,Hamilton (Mercedes),43.68318,86.14885,Cloudy,0.25
189,3,Hamilton (Mercedes),42.15561,128.30446,Cloudy,0.25
189,4,Hamilton (Mercedes),43.30534,171.6098,Cloudy,0.25
189,5,Hamilton (Mercedes),43.4463,215.0561,Cloudy,0.25
189,1,Verstappen (Red Bull),41.86619,41.86619,Cloudy,0.25
189,2,Verstappen (Red Bull),42.87369,84.73988,Cloudy,0.25
189,3,Verstappen (Red Bull),42.93522,127.6751,Cloudy,0.25
189,4,Verstappen (Red Bull),42.17803,169.85313,Cloudy,0.25
189,5,Verstappen (Red Bull),43.45166,213.30479,Cloudy,0.25
189,1,Norris (McLaren),42.51093,42.51093,Cloudy,0.25
189,2,Norris (McLaren),43.55673,86.06766,Cloudy,0.25
189,3,Norris (McLaren),41.80948,127.87714,Cloudy,0.25
189,4,Norris (McLaren),42.18582,170.06297,Cloudy,0.25
189,5,Norris (McLaren),41.43247,211.49543,Cloudy,0.25
189,1,Leclerc (Ferrari),43.17307,43.17307,Cloudy,0.25
189,2,Leclerc (Ferrari),42.15238,85.32545,Cloudy,0.25
189,3,Leclerc (Ferrari),41.10852,126.43397,Cloudy,0.25
189,4,Leclerc (Ferrari),42.11333,168.54731,Cloudy,0.25
189,5,Leclerc (Ferrari),41.94403,210.49133,Cloudy,0.25
190,1,Hamilton (Mercedes),42.62807,42.62807,Cloudy,0.25
190,2,Hamilton (Mercedes),42.63599,85.26406,Cloudy,0.25
190,3,Hamilton (Mercedes),42.78748,128.05155,Cloudy,0.25
190,4,Hamilton (Mercedes),43.36893,171.42048,Cloudy,0.25
190,5,Hamilton (Mercedes),43.38686,214.80734,Cloudy,0.25
190,1,Verstappen (Red Bull),41.64124,41.64124,Cloudy,0.25
190,2,Verstappen (Red Bull),42.1408,83.78204,Cloudy,0.25
190,3,Verstappen (Red Bull),42.37351,126.15555,Cloudy,0.25
190,4,Verstappen (Red Bull),42.94377,169.09932,Cloudy,0.25
190,5,Verstappen (Red Bull),43.72666,212.82598,Cloudy,0.25
190,1,Norris (McLaren),42.65924,42.65924,Cloudy,0.25
190,2,Norris (McLaren),41.79308,84.45232,Cloudy,0.25
190,3,Norris (McLaren),42.84731,127.29963,Cloudy,0.25
190,4,Norris (McLaren),43.20168,170.50131,Cloudy,0.25
190,5,Norris (McLaren),42.5476,213.04891,Cloudy,0.25
190,1,Leclerc (Ferrari),42.45891,42.45891,Cloudy,0.25
190,2,Leclerc (Ferrari),42.15588,84.61479,Cloudy,0.25
190,3,Leclerc (Ferrari),42.29371,126.9085,Cloudy,0.25
190,4,Leclerc (Ferrari),41.94324,168.85174,Cloudy,0.25
190,5,Leclerc (Ferrari),42.15218,211.00392,Cloudy,0.25
191,1,Hamilton (Mercedes),42.41699,42.41699,Cloudy,0.25
191,2,Hamilton (Mercedes),42.66307,85.08005,Cloudy,0.25
191,3,Hamilton (Mercedes),42.82241,127.90247,Cloudy,0.25
191,4,Hamilton (Mercedes),42.88488,170.78734,Cloudy,0.25
191,5,Hamilton (Mercedes),43.21443,214.00177,Cloudy,0.25
191,1,Verstappen (Red Bull),43.15978,43.15978,Cloudy,0.25
191,2,Verstappen (Red Bull),42.09682,85.25661,Cloudy,0.25
191,3,Verstappen (Red Bull),41.84189,127.0985,Cloudy,0.25
191,4,Verstappen (Red Bull),42.09082,169.18932,Cloudy,0.25
191,5,Verstappen (Red Bull),41.92381,211.11313,Cloudy,0.25
191,1,Norris (McLaren),42.66711,42.66711,Cloudy,0.25
191,2,Norris (McLaren),42.66583,85.33294,Cloudy,0.25
191,3,Norris (McLaren),43.89081,129.22375,Cloudy,0.25
191,4,Norris (McLaren),42.73001,171.95375,Cloudy,0.25
191,5,Norris (McLaren),43.59239,215.54614,Cloudy,0.25
191,1,Leclerc (Ferrari),43.53018,43.53018,Cloudy,0.25
191,2,Leclerc (Ferrari),42.17227,85.70245,Cloudy,0.25
191,3,Leclerc (Ferrari),43.23177,128.93422,Cloudy,0.25
191,4,Leclerc (Ferrari),40.72848,169.6627,Cloudy,0.25
191,5,Leclerc (Ferrari),42.83368,212.49638,Cloudy,0.25
192,1,Hamilton (Mercedes),43.5329,43.5329,Cloudy,0.25
192,2,Hamilton (Mercedes),43.13441,86.66731,Cloudy,0.25
192,3,Hamilton (Mercedes),42.91764,129.58495,Cloudy,0.25
192,4,Hamilton (Mercedes),42.97477,172.55972,Cloudy,0.25
192,5,Hamilton (Mercedes),43.16326,215.72298,Cloudy,0.25
192,1,Verstappen (Red Bull),43.01026,43.01026,Cloudy,0.25
192,2,Verstappen (Red Bull),42.69468,85.70494,Cloudy,0.25
192,3,Verstappen (Red Bull),42.34388,128.04882,Cloudy,0.25
192,4,Verstappen (Red Bull),42.49503,170.54385,Cloudy,0.25
192,5,Verstappen (Red Bull),42.84243,213.38628,Cloudy,0.25
192,1,Norris (McLaren),43.02909,43.02909,Cloudy,0.25
192,2,Norris (McLaren),43.31116,86.34025,Cloudy,0.25
192,3,Norris (McLaren),43.92449,130.26475,Cloudy,0.25
192,4,Norris (McLaren),42.92146,173.18621,Cloudy,0.25
192,5,Norris (McLaren),42.41849,215.6047,Cloudy,0.25
192,1,Leclerc (Ferrari),42.02279,42.02279,Cloudy,0.25
192,2,Leclerc (Ferrari),42.455,84.47778,Cloudy,0.25
192,3,Leclerc (Ferrari),42.33182,126.8096,Cloudy,0.25
192,4,Leclerc (Ferrari),42.23067,169.04028,Cloudy,0.25
192,5,Leclerc (Ferrari),42.51227,211.55255,Cloudy,0.25
193,1,Hamilton (Mercedes),43.55978,43.55978,Cloudy,0.25
193,2,Hamilton (Mercedes),43.6894,87.24918,Cloudy,0.25
193,3,Hamilton (Mercedes),42.68531,129.93449,Cloudy,0.25
193,4,Hamilton (Mercedes),42.80084,172.73534,Cloudy,0.25
193,5,Hamilton (Mercedes),43.12079,215.85613,Cloudy,0.25
193,1,Verstappen (Red Bull),42.47193,42.47193,Cloudy,0.25
193,2,Verstappen (Red Bull),42.20567,84.6776,Cloudy,0.25
193,3,Verstappen (Red Bull),42.31637,126.99396,Cloudy,0.25
193,4,Verstappen (Red Bull),42.10569,169.09966,Cloudy,0.25
193,5,Verstappen (Red Bull),43.17383,212.27348,Cloudy,0.25
193,1,Norris (McLaren),43.56294,43.56294,Cloudy,0.25
193,2,Norris (McLaren),42.84625,86.4092,Cloudy,0.25
193,3,Norris (McLaren),43.51725,129.92645,Cloudy,0.25
193,4,Norris (McLaren),43.78325,173.70969,Cloudy,0.25
193,5,Norris (McLaren),41.39751,215.1072,Cloudy,0.25
193,1,Leclerc (Ferrari),42.1509,42.1509,Cloudy,0.25
193,2,Leclerc (Ferrari),42.2495,84.4004,Cloudy,0.25
193,3,Leclerc (Ferrari),42.56408,126.96448,Cloudy,0.25
193,4,Leclerc (Ferrari),42.96,169.92448,Cloudy,0.25
193,5,Leclerc (Ferrari),42.16284,212.08732,Cloudy,0.25
194,1,Hamilton (Mercedes),42.91521,42.91521,Cloudy,0.25
194,2,Hamilton (Mercedes),43.68798,86.60319,Cloudy,0.25
194,3,Hamilton (Mercedes),42.50059,129.10378,Cloudy,0.25
194,4,Hamilton (Mercedes),42.67247,171.77624,Cloudy,0.25
194,5,Hamilton (Mercedes),42.44375,214.21999,Cloudy,0.25
194,1,Verstappen (Red Bull),43.26604,43.26604,Cloudy,0.25
194,2,Verstappen (Red Bull),43.33488,86.60092,Cloudy,0.25
194,3,Verstappen (Red Bull),42.05045,128.65137,Cloudy,0.25
194,4,Verstappen (Red Bull),42.73623,171.3876,Cloudy,0.25
194,5,Verstappen (Red Bull),42.28724,213.67484,Cloudy,0.25
194,1,Norris (McLaren),43.0504,43.0504,Cloudy,0.25
194,2,Norris (McLaren),43.55414,86.60454,Cloudy,0.25
194,3,Norris (McLaren),42.74599,129.35053,Cloudy,0.25
194,4,Norris (McLaren),42.16638,171.51692,Cloudy,0.25
194,5,Norris (McLaren),41.96053,213.47745,Cloudy,0.25
194,1,Leclerc (Ferrari),41.88163,41.88163,Cloudy,0.25
194,2,Leclerc (Ferrari),41.91226,83.79389,Cloudy,0.25
194,3,Leclerc (Ferrari),43.06119,126.85508,Cloudy,0.25
194,4,Leclerc (Ferrari),42.5983,169.45338,Cloudy,0.25
194,5,Leclerc (Ferrari),42.58142,212.0348,Cloudy,0.25
195,1,Hamilton (Mercedes),42.87698,42.87698,Cloudy,0.25
195,2,Hamilton (Mercedes),42.57149,85.44848,Cloudy,0.25
195,3,Hamilton (Mercedes),42.30057,127.74905,Cloudy,0.25
195,4,Hamilton (Mercedes),43.22354,170.97259,Cloudy,0.25
195,5,Hamilton (Mercedes),42.90481,213.8774,Cloudy,0.25
195,1,Verstappen (Red Bull),42.0617,42.0617,Cloudy,0.25
195,2,Verstappen (Red Bull),42.37203,84.43374,Cloudy,0.25
195,3,Verstappen (Red Bull),42.12837,126.56211,Cloudy,0.25
195,4,Verstappen (Red Bull),42.37033,168.93245,Cloudy,0.25
195,5,Verstappen (Red Bull),42.27193,211.20437,Cloudy,0.25
195,1,Norris (McLaren),41.74623,41.74623,Cloudy,0.25
195,2,Norris (McLaren),42.60895,84.35518,Cloudy,0.25
195,3,Norris (McLaren),42.30601,126.66119,Cloudy,0.25
195,4,Norris (McLaren),43.26739,169.92858,Cloudy,0.25
195,5,Norris (McLaren),43.94467,213.87325,Cloudy,0.25
195,1,Leclerc (Ferrari),42.60537,42.60537,Cloudy,0.25
195,2,Leclerc (Ferrari),42.57128,85.17665,Cloudy,0.25
195,3,Leclerc (Ferrari),42.21989,127.39654,Cloudy,0.25
195,4,Leclerc (Ferrari),41.89249,169.28903,Cloudy,0.25
195,5,Leclerc (Ferrari),42.35807,211.6471,Cloudy,0.25
196,1,Hamilton (Mercedes),42.94381,42.94381,Cloudy,0.25
196,2,Hamilton (Mercedes),42.90817,85.85198,Cloudy,0.25
196,3,Hamilton (Mercedes),42.90211,128.75409,Cloudy,0.25
196,4,Hamilton (Mercedes),43.53591,172.29,Cloudy,0.25
196,5,Hamilton (Mercedes),42.55544,214.84545,Cloudy,0.25
196,1,Verstappen (Red Bull),43.18506,43.18506,Cloudy,0.25
196,2,Verstappen (Red Bull),43.00643,86.19149,Cloudy,0.25
196,3,Verstappen (Red Bull),42.84275,129.03425,Cloudy,0.25
196,4,Verstappen (Red Bull),42.65493,171.68917,Cloudy,0.25
196,5,Verstappen (Red Bull),42.1155,213.80468,Cloudy,0.25
196,1,Norris (McLaren),43.13236,43.13236,Cloudy,0.25
196,2,Norris (McLaren),42.75841,85.89076,Cloudy,0.25
196,3,Norris (McLaren),43.26381,129.15458,Cloudy,0.25
196,4,Norris (McLaren),42.69387,171.84845,Cloudy,0.25
196,5,Norris (McLaren),43.60435,215.4528,Cloudy,0.25
196,1,Leclerc (Ferrari),42.46024,42.46024,Cloudy,0.25
196,2,Leclerc (Ferrari),42.55168,85.01192,Cloudy,0.25
196,3,Leclerc (Ferrari),42.33006,127.34198,Cloudy,0.25
196,4,Leclerc (Ferrari),41.89562,169.2376,Cloudy,0.25
196,5,Leclerc (Ferrari),41.80046,211.03806,Cloudy,0.25
197,1,Hamilton (Mercedes),43.00301,43.00301,Cloudy,0.25
197,2,Hamilton (Mercedes),42.79622,85.79923,Cloudy,0.25
197,3,Hamilton (Mercedes),42.7909,128.59013,Cloudy,0.25
197,4,Hamilton (Mercedes),42.41002,171.00015,Cloudy,0.25
197,5,Hamilton (Mercedes),42.11451,213.11466,Cloudy,0.25
197,1,Verstappen (Red Bull),42.37413,42.37413,Cloudy,0.25
197,2,Verstappen (Red Bull),41.97989,84.35403,Cloudy,0.25
197,3,Verstappen (Red Bull),42.59519,126.94921,Cloudy,0.25
197,4,Verstappen (Red Bull),42.55865,169.50786,Cloudy,0.25
197,5,Verstappen (Red Bull),42.74545,212.25332,Cloudy,0.25
197,1,Norris (McLaren),42.59669,42.59669,Cloudy,0.25
197,2,Norris (McLaren),43.38859,85.98527,Cloudy,0.25
197,3,Norris (McLaren),43.49336,129.47864,Cloudy,0.25
197,4,Norris (McLaren),41.76817,171.2468,Cloudy,0.25
197,5,Norris (McLaren),42.66948,213.91628,Cloudy,0.25
197,1,Leclerc (Ferrari),42.01879,42.01879,Cloudy,0.25
197,2,Leclerc (Ferrari),42.43179,84.45058,Cloudy,0.25
197,3,Leclerc (Ferrari),42.08797,126.53855,Cloudy,0.25
197,4,Leclerc (Ferrari),42.73545,169.274,Cloudy,0.25
197,5,Leclerc (Ferrari),42.67723,211.95123,Cloudy,0.25
198,1,Hamilton (Mercedes),43.79092,43.79092,Cloudy,0.25
198,2,Hamilton (Mercedes),43.65452,87.44544,Cloudy,0.25
198,3,Hamilton (Mercedes),43.72244,131.16788,Cloudy,0.25
198,4,Hamilton (Mercedes),43.62217,174.79005,Cloudy,0.25
198,5,Hamilton (Mercedes),41.95617,216.74622,Cloudy,0.25
198,1,Verstappen (Red Bull),42.68646,42.68646,Cloudy,0.25
198,2,Verstappen (Red Bull),42.89412,85.58058,Cloudy,0.25
198,3,Verstappen (Red Bull),42.63094,128.21152,Cloudy,0.25
198,4,Verstappen (Red Bull),41.73697,169.94849,Cloudy,0.25
198,5,Verstappen (Red Bull),42.38355,212.33204,Cloudy,0.25
198,1,Norris (McLaren),42.80294,42.80294,Cloudy,0.25
198,2,Norris (McLaren),42.60027,85.40322,Cloudy,0.25
198,3,Norris (McLaren),41.79236,127.19558,Cloudy,0.25
198,4,Norris (McLaren),43.00352,170.19909,Cloudy,0.25
198,5,Norris (McLaren),42.96082,213.15991,Cloudy,0.25
198,1,Leclerc (Ferrari),41.78041,41.78041,Cloudy,0.25
198,2,Leclerc (Ferrari),41.57511,83.35552,Cloudy,0.25
198,3,Leclerc (Ferrari),43.11916,126.47468,Cloudy,0.25
198,4,Leclerc (Ferrari),44.02255,170.49723,Cloudy,0.25
198,5,Leclerc (Ferrari),42.44274,212.93997,Cloudy,0.25
199,1,Hamilton (Mercedes),43.16858,43.16858,Cloudy,0.25
199,2,Hamilton (Mercedes),42.55477,85.72335,Cloudy,0.25
199,3,Hamilton (Mercedes),43.65418,129.37753,Cloudy,0.25
199,4,Hamilton (Mercedes),42.80107,172.1786,Cloudy,0.25
199,5,Hamilton (Mercedes),43.81588,215.99449,Cloudy,0.25
199,1,Verstappen (Red Bull),42.31197,42.31197,Cloudy,0.25
199,2,Verstappen (Red Bull),42.52928,84.84125,Cloudy,0.25
199,3,Verstappen (Red Bull),43.05492,127.89617,Cloudy,0.25
199,4,Verstappen (Red Bull),41.90198,169.79815,Cloudy,0.25
199,5,Verstappen (Red Bull),41.31431,211.11247,Cloudy,0.25
199,1,Norris (McLaren),43.22697,43.22697,Cloudy,0.25
199,2,Norris (McLaren),44.31091,87.53788,Cloudy,0.25
199,3,Norris (McLaren),43.87951,131.41739,Cloudy,0.25
199,4,Norris (McLaren),42.71877,174.13616,Cloudy,0.25
199,5,Norris (McLaren),42.12682,216.26299,Cloudy,0.25
199,1,Leclerc (Ferrari),42.46473,42.46473,Cloudy,0.25
199,2,Leclerc (Ferrari),42.41789,84.88261,Cloudy,0.25
199,3,Leclerc (Ferrari),43.25283,128.13544,Cloudy,0.25
199,4,Leclerc (Ferrari),42.04453,170.17997,Cloudy,0.25
199,5,Leclerc (Ferrari),41.79776,211.97773,Cloudy,0.25
200,1,Hamilton (Mercedes),42.69101,42.69101,Cloudy,0.25
200,2,Hamilton (Mercedes),42.46766,85.15867,Cloudy,0.25
200,3,Hamilton (Mercedes),42.17756,127.33622,Cloudy,0.25
200,4,Hamilton (Mercedes),42.62898,169.9652,Cloudy,0.25
200,5,Hamilton (Mercedes),42.80202,212.76722,Cloudy,0.25
200,1,Verstappen (Red Bull),43.36819,43.36819,Cloudy,0.25
200,2,Verstappen (Red Bull),42.45114,85.81933,Cloudy,0.25
200,3,Verstappen (Red Bull),42.10341,127.92274,Cloudy,0.25
200,4,Verstappen (Red Bull),41.55705,169.47979,Cloudy,0.25
200,5,Verstappen (Red Bull),42.40593,211.88571,Cloudy,0.25
200,1,Norris (McLaren),43.09546,43.09546,Cloudy,0.25
200,2,Norris (McLaren),42.7087,85.80416,Cloudy,0.25
200,3,Norris (McLaren),41.42804,127.23221,Cloudy,0.25
200,4,Norris (McLaren),43.36727,170.59947,Cloudy,0.25
200,5,Norris (McLaren),44.74956,215.34903,Cloudy,0.25
200,1,Leclerc (Ferrari),41.97911,41.97911,Cloudy,0.25
200,2,Leclerc (Ferrari),42.48749,84.46659,Cloudy,0.25
200,3,Leclerc (Ferrari),41.45834,125.92494,Cloudy,0.25
200,4,Leclerc (Ferrari),41.39774,167.32267,Cloudy,0.25
200,5,Leclerc (Ferrari),42.24655,209.56923,Cloudy,0.25
201,1,Hamilton (Mercedes),42.96072,42.96072,Cloudy,0.25
201,2,Hamilton (Mercedes),43.45151,86.41223,Cloudy,0.25
201,3,Hamilton (Mercedes),43.02066,129.43289,Cloudy,0.25
201,4,Hamilton (Mercedes),42.52967,171.96256,Cloudy,0.25
201,5,Hamilton (Mercedes),43.63399,215.59656,Cloudy,0.25
201,1,Verstappen (Red Bull),42.181,42.181,Cloudy,0.25
201,2,Verstappen (Red Bull),42.02864,84.20964,Cloudy,0.25
201,3,Verstappen (Red Bull),43.15304,127.36268,Cloudy,0.25
201,4,Verstappen (Red Bull),42.63551,169.99818,Cloudy,0.25
201,5,Verstappen (Red Bull),43.19838,213.19656,Cloudy,0.25
201,1,Norris (McLaren),43.77594,43.77594,Cloudy,0.25
201,2,Norris (McLaren),42.63213,86.40807,Cloudy,0.25
201,3,Norris (McLaren),42.59951,129.00758,Cloudy,0.25
201,4,Norris (McLaren),42.67608,171.68365,Cloudy,0.25
201,5,Norris (McLaren),43.47681,215.16046,Cloudy,0.25
201,1,Leclerc (Ferrari),41.62462,41.62462,Cloudy,0.25
201,2,Leclerc (Ferrari),43.15679,84.78141,Cloudy,0.25
201,3,Leclerc (Ferrari),42.21124,126.99265,Cloudy,0.25
201,4,Leclerc (Ferrari),42.41904,169.41169,Cloudy,0.25
201,5,Leclerc (Ferrari),42.69516,212.10685,Cloudy,0.25
202,1,Hamilton (Mercedes),41.93712,41.93712,Cloudy,0.25
202,2,Hamilton (Mercedes),42.26158,84.1987,Cloudy,0.25
202,3,Hamilton (Mercedes),43.08999,127.28868,Cloudy,0.25
202,4,Hamilton (Mercedes),42.92003,170.20871,Cloudy,0.25
202,5,Hamilton (Mercedes),42.01884,212.22755,Cloudy,0.25
202,1,Verstappen (Red Bull),42.02336,42.02336,Cloudy,0.25
202,2,Verstappen (Red Bull),42.16107,84.18443,Cloudy,0.25
202,3,Verstappen (Red Bull),41.9717,126.15613,Cloudy,0.25
202,4,Verstappen (Red Bull),42.33319,168.48932,Cloudy,0.25
202,5,Verstappen (Red Bull),42.01309,210.50241,Cloudy,0.25
202,1,Norris (McLaren),43.21428,43.21428,Cloudy,0.25
202,2,Norris (McLaren),42.73909,85.95337,Cloudy,0.25
202,3,Norris (McLaren),42.54866,128.50203,Cloudy,0.25
202,4,Norris (McLaren),41.07174,169.57376,Cloudy,0.25
202,5,Norris (McLaren),44.43611,214.00987,Cloudy,0.25
202,1,Leclerc (Ferrari),41.64198,41.64198,Cloudy,0.25
202,2,Leclerc (Ferrari),41.89855,83.54053,Cloudy,0.25
202,3,Leclerc (Ferrari),42.78541,126.32594,Cloudy,0.25
202,4,Leclerc (Ferrari),42.94623,169.27217,Cloudy,0.25
202,5,Leclerc (Ferrari),42.69554,211.96771,Cloudy,0.25
203,1,Hamilton (Mercedes),43.70805,43.70805,Cloudy,0.25
203,2,Hamilton (Mercedes),43.14499,86.85304,Cloudy,0.25
203,3,Hamilton (Mercedes),43.08321,129.93624,Cloudy,0.25
203,4,Hamilton (Mercedes),43.40476,173.341,Cloudy,0.25
203,5,Hamilton (Mercedes),43.48048,216.82148,Cloudy,0.25
203,1,Verstappen (Red Bull),42.41151,42.41151,Cloudy,0.25
203,2,Verstappen (Red Bull),41.3552,83.76671,Cloudy,0.25
203,3,Verstappen (Red Bull),42.7877,126.55441,Cloudy,0.25
203,4,Verstappen (Red Bull),43.21159,169.76601,Cloudy,0.25
203,5,Verstappen (Red Bull),42.44106,212.20707,Cloudy,0.25
203,1,Norris (McLaren),42.95433,42.95433,Cloudy,0.25
203,2,Norris (McLaren),42.73181,85.68614,Cloudy,0.25
203,3,Norris (McLaren),42.26791,127.95405,Cloudy,0.25
203,4,Norris (McLaren),42.63724,170.5913,Cloudy,0.25
203,5,Norris (McLaren),42.6584,213.24969,Cloudy,0.25
203,1,Leclerc (Ferrari),42.30384,42.30384,Cloudy,0.25
203,2,Leclerc (Ferrari),42.88049,85.18433,Cloudy,0.25
203,3,Leclerc (Ferrari),41.48147,126.6658,Cloudy,0.25
203,4,Leclerc (Ferrari),42.30737,168.97318,Cloudy,0.25
203,5,Leclerc (Ferrari),43.07558,212.04876,Cloudy,0.25
204,1,Hamilton (Mercedes),42.78801,42.78801,Cloudy,0.25
204,2,Hamilton (Mercedes),42.6009,85.38891,Cloudy,0.25
204,3,Hamilton (Mercedes),43.08182,128.47073,Cloudy,0.25
204,4,Hamilton (Mercedes),42.51306,170.98379,Cloudy,0.25
204,5,Hamilton (Mercedes),42.87857,213.86236,Cloudy,0.25
204,1,Verstappen (Red Bull),42.39814,42.39814,Cloudy,0.25
204,2,Verstappen (Red Bull),42.63749,85.03563,Cloudy,0.25
204,3,Verstappen (Red Bull),42.1969,127.23253,Cloudy,0.25
204,4,Verstappen (Red Bull),43.31958,170.55211,Cloudy,0.25
204,5,Verstappen (Red Bull),43.23992,213.79203,Cloudy,0.25
204,1,Norris (McLaren),43.43946,43.43946,Cloudy,0.25
204,2,Norris (McLaren),42.86954,86.30899,Cloudy,0.25
204,3,Norris (McLaren),42.04552,128.35452,Cloudy,0.25
204,4,Norris (McLaren),41.75106,170.10558,Cloudy,0.25
204,5,Norris (McLaren),43.64086,213.74644,Cloudy,0.25
204,1,Leclerc (Ferrari),41.50116,41.50116,Cloudy,0.25
204,2,Leclerc (Ferrari),42.47592,83.97708,Cloudy,0.25
204,3,Leclerc (Ferrari),43.71382,127.6909,Cloudy,0.25
204,4,Leclerc (Ferrari),42.15171,169.84261,Cloudy,0.25
204,5,Leclerc (Ferrari),42.51656,212.35916,Cloudy,0.25
205,1,Hamilton (Mercedes),42.88615,42.88615,Cloudy,0.25
205,2,Hamilton (Mercedes),43.08279,85.96894,Cloudy,0.25
205,3,Hamilton (Mercedes),43.03236,129.00129,Cloudy,0.25
205,4,Hamilton (Mercedes),43.17037,172.17166,Cloudy,0.25
205,5,Hamilton (Mercedes),42.76671,214.93837,Cloudy,0.25
205,1,Verstappen (Red Bull),42.16444,42.16444,Cloudy,0.25
205,2,Verstappen (Red Bull),42.41362,84.57805,Cloudy,0.25
205,3,Verstappen (Red Bull),42.35251,126.93057,Cloudy,0.25
205,4,Verstappen (Red Bull),42.58503,169.5156,Cloudy,0.25
205,5,Verstappen (Red Bull),42.42686,211.94246,Cloudy,0.25
205,1,Norris (McLaren),42.2095,42.2095,Cloudy,0.25
205,2,Norris (McLaren),42.98376,85.19326,Cloudy,0.25
205,3,Norris (McLaren),43.20563,128.39889,Cloudy,0.25
205,4,Norris (McLaren),43.05439,171.45328,Cloudy,0.25
205,5,Norris (McLaren),42.66736,214.12064,Cloudy,0.25
205,1,Leclerc (Ferrari),43.00866,43.00866,Cloudy,0.25
205,2,Leclerc (Ferrari),42.45713,85.46579,Cloudy,0.25
205,3,Leclerc (Ferrari),42.14041,127.6062,Cloudy,0.25
205,4,Leclerc (Ferrari),41.65172,169.25792,Cloudy,0.25
205,5,Leclerc (Ferrari),43.00359,212.26151,Cloudy,0.25
206,1,Hamilton (Mercedes),43.17785,43.17785,Cloudy,0.25
206,2,Hamilton (Mercedes),43.36841,86.54627,Cloudy,0.25
206,3,Hamilton (Mercedes),43.05264,129.5989,Cloudy,0.25
206,4,Hamilton (Mercedes),42.55931,172.15821,Cloudy,0.25
206,5,Hamilton (Mercedes),42.51191,214.67012,Cloudy,0.25
206,1,Verstappen (Red Bull),44.29885,44.29885,Cloudy,0.25
206,2,Verstappen (Red Bull),41.78145,86.0803,Cloudy,0.25
206,3,Verstappen (Red Bull),43.05003,129.13033,Cloudy,0.25
206,4,Verstappen (Red Bull),43.24346,172.37378,Cloudy,0.25
206,5,Verstappen (Red Bull),42.45227,214.82605,Cloudy,0.25
206,1,Norris (McLaren),43.70878,43.70878,Cloudy,0.25
206,2,Norris (McLaren),42.26152,85.9703,Cloudy,0.25
206,3,Norris (McLaren),42.30371,128.27401,Cloudy,0.25
206,4,Norris (McLaren),43.42093,171.69494,Cloudy,0.25
206,5,Norris (McLaren),43.96293,215.65787,Cloudy,0.25
206,1,Leclerc (Ferrari),41.11732,41.11732,Cloudy,0.25
206,2,Leclerc (Ferrari),42.75193,83.86925,Cloudy,0.25
206,3,Leclerc (Ferrari),42.10501,125.97426,Cloudy,0.25
206,4,Leclerc (Ferrari),42.28565,168.25991,Cloudy,0.25
206,5,Leclerc (Ferrari),41.86531,210.12522,Cloudy,0.25
207,1,Hamilton (Mercedes),42.76385,42.76385,Cloudy,0.25
207,2,Hamilton (Mercedes),42.26339,85.02724,Cloudy,0.25
207,3,Hamilton (Mercedes),41.93217,126.95941,Cloudy,0.25
207,4,Hamilton (Mercedes),42.45043,169.40984,Cloudy,0.25
207,5,Hamilton (Mercedes),42.05932,211.46916,Cloudy,0.25
207,1,Verstappen (Red Bull),42.57634,42.57634,Cloudy,0.25
207,2,Verstappen (Red Bull),41.87025,84.44659,Cloudy,0.25
207,3,Verstappen (Red Bull),42.7776,127.22419,Cloudy,0.25
207,4,Verstappen (Red Bull),41.97571,169.1999,Cloudy,0.25
207,5,Verstappen (Red Bull),42.43443,211.63434,Cloudy,0.25
207,1,Norris (McLaren),43.3577,43.3577,Cloudy,0.25
207,2,Norris (McLaren),43.58203,86.93973,Cloudy,0.25
207,3,Norris (McLaren),43.05569,129.99541,Cloudy,0.25
207,4,Norris (McLaren),42.93033,172.92575,Cloudy,0.25
207,5,Norris (McLaren),44.21846,217.14421,Cloudy,0.25
207,1,Leclerc (Ferrari),42.48185,42.48185,Cloudy,0.25
207,2,Leclerc (Ferrari),41.71079,84.19264,Cloudy,0.25
207,3,Leclerc (Ferrari),42.61966,126.81229,Cloudy,0.25
207,4,Leclerc (Ferrari),42.77192,169.58421,Cloudy,0.25
207,5,Leclerc (Ferrari),42.09092,211.67513,Cloudy,0.25
208,1,Hamilton (Mercedes),42.49365,42.49365,Cloudy,0.25
208,2,Hamilton (Mercedes),43.31511,85.80876,Cloudy,0.25
208,3,Hamilton (Mercedes),42.76917,128.57793,Cloudy,0.25
208,4,Hamilton (Mercedes),42.27035,170.84828,Cloudy,0.25
208,5,Hamilton (Mercedes),42.61515,213.46344,Cloudy,0.25
208,1,Verstappen (Red Bull),43.1371,43.1371,Cloudy,0.25
208,2,Verstappen (Red Bull),42.15496,85.29207,Cloudy,0.25
208,3,Verstappen (Red Bull),42.3012,127.59327,Cloudy,0.25
208,4,Verstappen (Red Bull),43.19702,170.79029,Cloudy,0.25
208,5,Verstappen (Red Bull),41.4679,212.25819,Cloudy,0.25
208,1,Norris (McLaren),42.24168,42.24168,Cloudy,0.25
208,2,Norris (McLaren),41.66547,83.90715,Cloudy,0.25
208,3,Norris (McLaren),42.31437,126.22153,Cloudy,0.25
208,4,Norris (McLaren),41.94619,168.16772,Cloudy,0.25
208,5,Norris (McLaren),43.91522,212.08294,Cloudy,0.25
208,1,Leclerc (Ferrari),41.56879,41.56879,Cloudy,0.25
208,2,Leclerc (Ferrari),41.96501,83.53381,Cloudy,0.25
208,3,Leclerc (Ferrari),43.00887,126.54267,Cloudy,0.25
208,4,Leclerc (Ferrari),42.63231,169.17499,Cloudy,0.25
208,5,Leclerc (Ferrari),42.84234,212.01733,Cloudy,0.25
209,1,Hamilton (Mercedes),43.19423,43.19423,Cloudy,0.25
209,2,Hamilton (Mercedes),42.1902,85.38443,Cloudy,0.25
209,3,Hamilton (Mercedes),42.53589,127.92032,Cloudy,0.25
209,4,Hamilton (Mercedes),43.26857,171.18889,Cloudy,0.25
209,5,Hamilton (Mercedes),42.61838,213.80727,Cloudy,0.25
209,1,Verstappen (Red Bull),41.10745,41.10745,Cloudy,0.25
209,2,Verstappen (Red Bull),42.52182,83.62928,Cloudy,0.25
209,3,Verstappen (Red Bull),42.52967,126.15894,Cloudy,0.25
209,4,Verstappen (Red Bull),42.4201,168.57904,Cloudy,0.25
209,5,Verstappen (Red Bull),42.89002,211.46907,Cloudy,0.25
209,1,Norris (McLaren),42.63077,42.63077,Cloudy,0.25
209,2,Norris (McLaren),42.83504,85.46581,Cloudy,0.25
209,3,Norris (McLaren),41.47422,126.94003,Cloudy,0.25
209,4,Norris (McLaren),43.0018,169.94183,Cloudy,0.25
209,5,Norris (McLaren),41.79342,211.73525,Cloudy,0.25
209,1,Leclerc (Ferrari),42.4946,42.4946,Cloudy,0.25
209,2,Leclerc (Ferrari),41.81825,84.31286,Cloudy,0.25
209,3,Leclerc (Ferrari),42.88127,127.19412,Cloudy,0.25
209,4,Leclerc (Ferrari),41.58599,168.78011,Cloudy,0.25
209,5,Leclerc (Ferrari),42.91706,211.69717,Cloudy,0.25
210,1,Hamilton (Mercedes),43.02009,43.02009,Cloudy,0.25
210,2,Hamilton (Mercedes),42.76334,85.78343,Cloudy,0.25
210,3,Hamilton (Mercedes),43.07145,128.85488,Cloudy,0.25
210,4,Hamilton (Mercedes),43.98071,172.83559,Cloudy,0.25
210,5,Hamilton (Mercedes),42.40323,215.23882,Cloudy,0.25
210,1,Verstappen (Red Bull),42.63239,42.63239,Cloudy,0.25
210,2,Verstappen (Red Bull),42.48875,85.12114,Cloudy,0.25
210,3,Verstappen (Red Bull),42.33782,127.45897,Cloudy,0.25
210,4,Verstappen (Red Bull),42.64585,170.10481,Cloudy,0.25
210,5,Verstappen (Red Bull),42.80474,212.90956,Cloudy,0.25
210,1,Norris (McLaren),43.08381,43.08381,Cloudy,0.25
210,2,Norris (McLaren),42.24246,85.32628,Cloudy,0.25
210,3,Norris (McLaren),42.53979,127.86607,Cloudy,0.25
210,4,Norris (McLaren),42.33597,170.20204,Cloudy,0.25
210,5,Norris (McLaren),42.82706,213.0291,Cloudy,0.25
210,1,Leclerc (Ferrari),42.61191,42.61191,Cloudy,0.25
210,2,Leclerc (Ferrari),41.88338,84.49529,Cloudy,0.25
210,3,Leclerc (Ferrari),41.49458,125.98987,Cloudy,0.25
210,4,Leclerc (Ferrari),42.8279,168.81776,Cloudy,0.25
210,5,Leclerc (Ferrari),41.78567,210.60343,Cloudy,0.25
211,1,Hamilton (Mercedes),43.36247,43.36247,Cloudy,0.25
211,2,Hamilton (Mercedes),43.38784,86.75031,Cloudy,0.25
211,3,Hamilton (Mercedes),42.82949,129.5798,Cloudy,0.25
211,4,Hamilton (Mercedes),43.02768,172.60748,Cloudy,0.25
211,5,Hamilton (Mercedes),41.35607,213.96356,Cloudy,0.25
211,1,Verstappen (Red Bull),42.33491,42.33491,Cloudy,0.25
211,2,Verstappen (Red Bull),42.69254,85.02745,Cloudy,0.25
211,3,Verstappen (Red Bull),42.08664,127.11409,Cloudy,0.25
211,4,Verstappen (Red Bull),42.50483,169.61893,Cloudy,0.25
211,5,Verstappen (Red Bull),43.47576,213.09469,Cloudy,0.25
211,1,Norris (McLaren),41.96403,41.96403,Cloudy,0.25
211,2,Norris (McLaren),42.05872,84.02275,Cloudy,0.25
211,3,Norris (McLaren),43.30526,127.32801,Cloudy,0.25
211,4,Norris (McLaren),43.99962,171.32763,Cloudy,0.25
211,5,Norris (McLaren),42.69838,214.02601,Cloudy,0.25
211,1,Leclerc (Ferrari),41.72982,41.72982,Cloudy,0.25
211,2,Leclerc (Ferrari),42.62634,84.35616,Cloudy,0.25
211,3,Leclerc (Ferrari),42.57654,126.9327,Cloudy,0.25
211,4,Leclerc (Ferrari),42.74036,169.67305,Cloudy,0.25
211,5,Leclerc (Ferrari),41.88038,211.55344,Cloudy,0.25
212,1,Hamilton (Mercedes),42.20368,42.20368,Cloudy,0.25
212,2,Hamilton (Mercedes),43.01007,85.21376,Cloudy,0.25
212,3,Hamilton (Mercedes),43.84146,129.05522,Cloudy,0.25
212,4,Hamilton (Mercedes),42.67506,171.73027,Cloudy,0.25
212,5,Hamilton (Mercedes),41.92962,213.65989,Cloudy,0.25
212,1,Verstappen (Red Bull),43.13662,43.13662,Cloudy,0.25
212,2,Verstappen (Red Bull),42.4407,85.57732,Cloudy,0.25
212,3,Verstappen (Red Bull),42.03071,127.60803,Cloudy,0.25
212,4,Verstappen (Red Bull),42.52716,170.13519,Cloudy,0.25
212,5,Verstappen (Red Bull),42.01401,212.1492,Cloudy,0.25
212,1,Norris (McLaren),44.10824,44.10824,Cloudy,0.25
212,2,Norris (McLaren),43.28401,87.39225,Cloudy,0.25
212,3,Norris (McLaren),42.3707,129.76295,Cloudy,0.25
212,4,Norris (McLaren),42.20999,171.97294,Cloudy,0.25
212,5,Norris (McLaren),43.16919,215.14212,Cloudy,0.25
212,1,Leclerc (Ferrari),42.08151,42.08151,Cloudy,0.25
212,2,Leclerc (Ferrari),41.87966,83.96116,Cloudy,0.25
212,3,Leclerc (Ferrari),42.18193,126.14309,Cloudy,0.25
212,4,Leclerc (Ferrari),41.76138,167.90447,Cloudy,0.25
212,5,Leclerc (Ferrari),41.46692,209.37139,Cloudy,0.25
213,1,Hamilton (Mercedes),43.40388,43.40388,Cloudy,0.25
213,2,Hamilton (Mercedes),42.78512,86.189,Cloudy,0.25
213,3,Hamilton (Mercedes),42.76216,128.95116,Cloudy,0.25
213,4,Hamilton (Mercedes),43.41578,172.36694,Cloudy,0.25
213,5,Hamilton (Mercedes),42.46431,214.83125,Cloudy,0.25
213,1,Verstappen (Red Bull),42.46259,42.46259,Cloudy,0.25
213,2,Verstappen (Red Bull),42.80718,85.26977,Cloudy,0.25
213,3,Verstappen (Red Bull),41.87209,127.14185,Cloudy,0.25
213,4,Verstappen (Red Bull),42.99195,170.1338,Cloudy,0.25
213,5,Verstappen (Red Bull),42.17197,212.30577,Cloudy,0.25
213,1,Norris (McLaren),42.98843,42.98843,Cloudy,0.25
213,2,Norris (McLaren),44.26252,87.25095,Cloudy,0.25
213,3,Norris (McLaren),41.96596,129.21691,Cloudy,0.25
213,4,Norris (McLaren),43.49145,172.70836,Cloudy,0.25
213,5,Norris (McLaren),42.18159,214.88995,Cloudy,0.25
213,1,Leclerc (Ferrari),41.47245,41.47245,Cloudy,0.25
213,2,Leclerc (Ferrari),42.46738,83.93983,Cloudy,0.25
213,3,Leclerc (Ferrari),41.83444,125.77427,Cloudy,0.25
213,4,Leclerc (Ferrari),41.31561,167.08988,Cloudy,0.25
213,5,Leclerc (Ferrari),41.59398,208.68386,Cloudy,0.25
214,1,Hamilton (Mercedes),42.69147,42.69147,Cloudy,0.25
214,2,Hamilton (Mercedes),42.47242,85.1639,Cloudy,0.25
214,3,Hamilton (Mercedes),43.78546,128.94936,Cloudy,0.25
214,4,Hamilton (Mercedes),42.29323,171.24259,Cloudy,0.25
214,5,Hamilton (Mercedes),42.08563,213.32822,Cloudy,0.25
214,1,Verstappen (Red Bull),41.35243,41.35243,Cloudy,0.25
214,2,Verstappen (Red Bull),43.63523,84.98766,Cloudy,0.25
214,3,Verstappen (Red Bull),41.94852,126.93618,Cloudy,0.25
214,4,Verstappen (Red Bull),41.33686,168.27304,Cloudy,0.25
214,5,Verstappen (Red Bull),42.88894,211.16198,Cloudy,0.25
214,1,Norris (McLaren),43.1501,43.1501,Cloudy,0.25
214,2,Norris (McLaren),43.22127,86.37138,Cloudy,0.25
214,3,Norris (McLaren),43.0876,129.45898,Cloudy,0.25
214,4,Norris (McLaren),43.76029,173.21926,Cloudy,0.25
214,5,Norris (McLaren),42.10247,215.32173,Cloudy,0.25
214,1,Leclerc (Ferrari),42.19994,42.19994,Cloudy,0.25
214,2,Leclerc (Ferrari),41.56176,83.76169,Cloudy,0.25
214,3,Leclerc (Ferrari),41.74264,125.50433,Cloudy,0.25
214,4,Leclerc (Ferrari),41.72344,167.22777,Cloudy,0.25
214,5,Leclerc (Ferrari),42.73724,209.96501,Cloudy,0.25
215,1,Hamilton (Mercedes),42.75281,42.75281,Cloudy,0.25
215,2,Hamilton (Mercedes),43.62775,86.38055,Cloudy,0.25
215,3,Hamilton (Mercedes),43.57798,129.95853,Cloudy,0.25
215,4,Hamilton (Mercedes),42.19373,172.15226,Cloudy,0.25
215,5,Hamilton (Mercedes),42.41699,214.56925,Cloudy,0.25
215,1,Verstappen (Red Bull),42.50379,42.50379,Cloudy,0.25
215,2,Verstappen (Red Bull),42.33049,84.83428,Cloudy,0.25
215,3,Verstappen (Red Bull),42.39858,127.23287,Cloudy,0.25
215,4,Verstappen (Red Bull),42.98202,170.21488,Cloudy,0.25
215,5,Verstappen (Red Bull),42.21007,212.42496,Cloudy,0.25
215,1,Norris (McLaren),42.84386,42.84386,Cloudy,0.25
215,2,Norris (McLaren),43.15296,85.99681,Cloudy,0.25
215,3,Norris (McLaren),43.51333,129.51015,Cloudy,0.25
215,4,Norris (McLaren),42.879,172.38915,Cloudy,0.25
215,5,Norris (McLaren),42.6169,215.00604,Cloudy,0.25
215,1,Leclerc (Ferrari),42.4902,42.4902,Cloudy,0.25
215,2,Leclerc (Ferrari),42.25594,84.74614,Cloudy,0.25
215,3,Leclerc (Ferrari),42.62141,127.36755,Cloudy,0.25
215,4,Leclerc (Ferrari),42.3187,169.68624,Cloudy,0.25
215,5,Leclerc (Ferrari),42.82336,212.5096,Cloudy,0.25
216,1,Hamilton (Mercedes),43.0167,43.0167,Cloudy,0.25
216,2,Hamilton (Mercedes),42.49752,85.51423,Cloudy,0.25
216,3,Hamilton (Mercedes),42.05035,127.56458,Cloudy,0.25
216,4,Hamilton (Mercedes),42.4003,169.96489,Cloudy,0.25
216,5,Hamilton (Mercedes),44.16102,214.12591,Cloudy,0.25
216,1,Verstappen (Red Bull),42.90601,42.90601,Cloudy,0.25
216,2,Verstappen (Red Bull),42.85022,85.75623,Cloudy,0.25
216,3,Verstappen (Red Bull),42.74292,128.49915,Cloudy,0.25
216,4,Verstappen (Red Bull),42.78021,171.27935,Cloudy,0.25
216,5,Verstappen (Red Bull),42.34563,213.62498,Cloudy,0.25
216,1,Norris (McLaren),42.42347,42.42347,Cloudy,0.25
216,2,Norris (McLaren),44.07464,86.49812,Cloudy,0.25
216,3,Norris (McLaren),43.89093,130.38905,Cloudy,0.25
216,4,Norris (McLaren),42.64498,173.03403,Cloudy,0.25
216,5,Norris (McLaren),43.01409,216.04812,Cloudy,0.25
216,1,Leclerc (Ferrari),41.66802,41.66802,Cloudy,0.25
216,2,Leclerc (Ferrari),42.84625,84.51427,Cloudy,0.25
216,3,Leclerc (Ferrari),41.62796,126.14224,Cloudy,0.25
216,4,Leclerc (Ferrari),42.90165,169.04388,Cloudy,0.25
216,5,Leclerc (Ferrari),41.48494,210.52883,Cloudy,0.25
217,1,Hamilton (Mercedes),43.44021,43.44021,Cloudy,0.25
217,2,Hamilton (Mercedes),43.00909,86.44931,Cloudy,0.25
217,3,Hamilton (Mercedes),42.17935,128.62866,Cloudy,0.25
217,4,Hamilton (Mercedes),43.26102,171.88968,Cloudy,0.25
217,5,Hamilton (Mercedes),42.4907,214.38038,Cloudy,0.25
217,1,Verstappen (Red Bull),41.68,41.68,Cloudy,0.25
217,2,Verstappen (Red Bull),41.70057,83.38057,Cloudy,0.25
217,3,Verstappen (Red Bull),42.41206,125.79263,Cloudy,0.25
217,4,Verstappen (Red Bull),42.87055,168.66317,Cloudy,0.25
217,5,Verstappen (Red Bull),42.70307,211.36624,Cloudy,0.25
217,1,Norris (McLaren),41.32703,41.32703,Cloudy,0.25
217,2,Norris (McLaren),42.52919,83.85622,Cloudy,0.25
217,3,Norris (McLaren),43.29656,127.15277,Cloudy,0.25
217,4,Norris (McLaren),43.08487,170.23764,Cloudy,0.25
217,5,Norris (McLaren),42.96605,213.20369,Cloudy,0.25
217,1,Leclerc (Ferrari),42.82968,42.82968,Cloudy,0.25
217,2,Leclerc (Ferrari),42.16233,84.99201,Cloudy,0.25
217,3,Leclerc (Ferrari),43.59884,128.59085,Cloudy,0.25
217,4,Leclerc (Ferrari),42.27159,170.86244,Cloudy,0.25
217,5,Leclerc (Ferrari),41.59402,212.45646,Cloudy,0.25
218,1,Hamilton (Mercedes),41.83093,41.83093,Cloudy,0.25
218,2,Hamilton (Mercedes),42.33598,84.16691,Cloudy,0.25
218,3,Hamilton (Mercedes),42.70049,126.8674,Cloudy,0.25
218,4,Hamilton (Mercedes),43.47175,170.33915,Cloudy,0.25
218,5,Hamilton (Mercedes),43.27331,213.61246,Cloudy,0.25
218,1,Verstappen (Red Bull),41.73958,41.73958,Cloudy,0.25
218,2,Verstappen (Red Bull),42.70125,84.44083,Cloudy,0.25
218,3,Verstappen (Red Bull),42.15046,126.59129,Cloudy,0.25
218,4,Verstappen (Red Bull),41.65748,168.24878,Cloudy,0.25
218,5,Verstappen (Red Bull),42.19846,210.44724,Cloudy,0.25
218,1,Norris (McLaren),42.66933,42.66933,Cloudy,0.25
218,2,Norris (McLaren),44.04298,86.71231,Cloudy,0.25
218,3,Norris (McLaren),42.67646,129.38877,Cloudy,0.25
218,4,Norris (McLaren),42.50958,171.89835,Cloudy,0.25
218,5,Norris (McLaren),41.98022,213.87857,Cloudy,0.25
218,1,Leclerc (Ferrari),41.69659,41.69659,Cloudy,0.25
218,2,Leclerc (Ferrari),42.10908,83.80567,Cloudy,0.25
218,3,Leclerc (Ferrari),41.39227,125.19793,Cloudy,0.25
218,4,Leclerc (Ferrari),41.75569,166.95362,Cloudy,0.25
218,5,Leclerc (Ferrari),41.76873,208.72235,Cloudy,0.25
219,1,Hamilton (Mercedes),42.19691,42.19691,Cloudy,0.25
219,2,Hamilton (Mercedes),43.29242,85.48933,Cloudy,0.25
219,3,Hamilton (Mercedes),42.81596,128.3053,Cloudy,0.25
219,4,Hamilton (Mercedes),43.10023,171.40552,Cloudy,0.25
219,5,Hamilton (Mercedes),43.6065,215.01202,Cloudy,0.25
219,1,Verstappen (Red Bull),42.15265,42.15265,Cloudy,0.25
219,2,Verstappen (Red Bull),43.4004,85.55305,Cloudy,0.25
219,3,Verstappen (Red Bull),43.13706,128.69011,Cloudy,0.25
219,4,Verstappen (Red Bull),43.36256,172.05267,Cloudy,0.25
219,5,Verstappen (Red Bull),41.86559,213.91826,Cloudy,0.25
219,1,Norris (McLaren),43.13694,43.13694,Cloudy,0.25
219,2,Norris (McLaren),42.11062,85.24756,Cloudy,0.25
219,3,Norris (McLaren),42.4374,127.68495,Cloudy,0.25
219,4,Norris (McLaren),41.52661,169.21156,Cloudy,0.25
219,5,Norris (McLaren),43.10418,212.31574,Cloudy,0.25
219,1,Leclerc (Ferrari),42.29713,42.29713,Cloudy,0.25
219,2,Leclerc (Ferrari),41.78861,84.08574,Cloudy,0.25
219,3,Leclerc (Ferrari),42.18793,126.27367,Cloudy,0.25
219,4,Leclerc (Ferrari),43.25737,169.53104,Cloudy,0.25
219,5,Leclerc (Ferrari),43.16966,212.7007,Cloudy,0.25
220,1,Hamilton (Mercedes),42.68648,42.68648,Cloudy,0.25
220,2,Hamilton (Mercedes),41.98588,84.67236,Cloudy,0.25
220,3,Hamilton (Mercedes),42.2627,126.93506,Cloudy,0.25
220,4,Hamilton (Mercedes),43.47986,170.41492,Cloudy,0.25
220,5,Hamilton (Mercedes),43.6621,214.07703,Cloudy,0.25
220,1,Verstappen (Red Bull),42.2962,42.2962,Cloudy,0.25
220,2,Verstappen (Red Bull),42.54134,84.83754,Cloudy,0.25
220,3,Verstappen (Red Bull),42.45658,127.29411,Cloudy,0.25
220,4,Verstappen (Red Bull),42.60797,169.90208,Cloudy,0.25
220,5,Verstappen (Red Bull),42.08559,211.98768,Cloudy,0.25
220,1,Norris (McLaren),42.67396,42.67396,Cloudy,0.25
220,2,Norris (McLaren),42.40189,85.07585,Cloudy,0.25
220,3,Norris (McLaren),43.00997,128.08581,Cloudy,0.25
220,4,Norris (McLaren),42.29414,170.37995,Cloudy,0.25
220,5,Norris (McLaren),43.72555,214.10549,Cloudy,0.25
220,1,Leclerc (Ferrari),42.98843,42.98843,Cloudy,0.25
220,2,Leclerc (Ferrari),42.73846,85.72689,Cloudy,0.25
220,3,Leclerc (Ferrari),42.61074,128.33764,Cloudy,0.25
220,4,Leclerc (Ferrari),42.70948,171.04712,Cloudy,0.25
220,5,Leclerc (Ferrari),41.90002,212.94714,Cloudy,0.25
221,1,Hamilton (Mercedes),42.51006,42.51006,Cloudy,0.25
221,2,Hamilton (Mercedes),43.33808,85.84813,Cloudy,0.25
221,3,Hamilton (Mercedes),43.66271,129.51084,Cloudy,0.25
221,4,Hamilton (Mercedes),42.92853,172.43937,Cloudy,0.25
221,5,Hamilton (Mercedes),43.41226,215.85162,Cloudy,0.25
221,1,Verstappen (Red Bull),43.2325,43.2325,Cloudy,0.25
221,2,Verstappen (Red Bull),42.83283,86.06533,Cloudy,0.25
221,3,Verstappen (Red Bull),42.26464,128.32996,Cloudy,0.25
221,4,Verstappen (Red Bull),42.65005,170.98001,Cloudy,0.25
221,5,Verstappen (Red Bull),42.44171,213.42173,Cloudy,0.25
221,1,Norris (McLaren),43.47244,43.47244,Cloudy,0.25
221,2,Norris (McLaren),43.19298,86.66542,Cloudy,0.25
221,3,Norris (McLaren),42.31242,128.97784,Cloudy,0.25
221,4,Norris (McLaren),42.1006,171.07844,Cloudy,0.25
221,5,Norris (McLaren),42.24932,213.32776,Cloudy,0.25
221,1,Leclerc (Ferrari),42.27782,42.27782,Cloudy,0.25
221,2,Leclerc (Ferrari),42.4617,84.73953,Cloudy,0.25
221,3,Leclerc (Ferrari),42.46942,127.20895,Cloudy,0.25
221,4,Leclerc (Ferrari),43.26481,170.47376,Cloudy,0.25
221,5,Leclerc (Ferrari),42.21302,212.68678,Cloudy,0.25
222,1,Hamilton (Mercedes),43.78351,43.78351,Cloudy,0.25
222,2,Hamilton (Mercedes),42.52861,86.31212,Cloudy,0.25
222,3,Hamilton (Mercedes),43.39808,129.7102,Cloudy,0.25
222,4,Hamilton (Mercedes),42.38448,172.09468,Cloudy,0.25
222,5,Hamilton (Mercedes),43.50986,215.60455,Cloudy,0.25
222,1,Verstappen (Red Bull),43.27095,43.27095,Cloudy,0.25
222,2,Verstappen (Red Bull),42.49328,85.76422,Cloudy,0.25
222,3,Verstappen (Red Bull),42.15475,127.91897,Cloudy,0.25
222,4,Verstappen (Red Bull),42.56152,170.4805,Cloudy,0.25
222,5,Verstappen (Red Bull),42.08896,212.56946,Cloudy,0.25
222,1,Norris (McLaren),42.82287,42.82287,Cloudy,0.25
222,2,Norris (McLaren),43.52492,86.34779,Cloudy,0.25
222,3,Norris (McLaren),42.59534,128.94313,Cloudy,0.25
222,4,Norris (McLaren),43.23949,172.18262,Cloudy,0.25
222,5,Norris (McLaren),41.82564,214.00827,Cloudy,0.25
222,1,Leclerc (Ferrari),41.73848,41.73848,Cloudy,0.25
222,2,Leclerc (Ferrari),42.54937,84.28785,Cloudy,0.25
222,3,Leclerc (Ferrari),42.6189,126.90675,Cloudy,0.25
222,4,Leclerc (Ferrari),42.52743,169.43418,Cloudy,0.25
222,5,Leclerc (Ferrari),43.16435,212.59853,Cloudy,0.25
223,1,Hamilton (Mercedes),42.36455,42.36455,Cloudy,0.25
223,2,Hamilton (Mercedes),43.80117,86.16572,Cloudy,0.25
223,3,Hamilton (Mercedes),42.64398,128.8097,Cloudy,0.25
223,4,Hamilton (Mercedes),42.69738,171.50708,Cloudy,0.25
223,5,Hamilton (Mercedes),42.57648,214.08357,Cloudy,0.25
223,1,Verstappen (Red Bull),42.51735,42.51735,Cloudy,0.25
223,2,Verstappen (Red Bull),42.95186,85.46922,Cloudy,0.25
223,3,Verstappen (Red Bull),42.25832,127.72753,Cloudy,0.25
223,4,Verstappen (Red Bull),41.6436,169.37113,Cloudy,0.25
223,5,Verstappen (Red Bull),41.92566,211.29679,Cloudy,0.25
223,1,Norris (McLaren),42.51421,42.51421,Cloudy,0.25
223,2,Norris (McLaren),43.08588,85.60009,Cloudy,0.25
223,3,Norris (McLaren),43.91859,129.51868,Cloudy,0.25
223,4,Norris (McLaren),43.14965,172.66832,Cloudy,0.25
223,5,Norris (McLaren),42.87625,215.54457,Cloudy,0.25
223,1,Leclerc (Ferrari),42.42551,42.42551,Cloudy,0.25
223,2,Leclerc (Ferrari),43.65552,86.08103,Cloudy,0.25
223,3,Leclerc (Ferrari),42.83913,128.92016,Cloudy,0.25
223,4,Leclerc (Ferrari),41.72337,170.64353,Cloudy,0.25
223,5,Leclerc (Ferrari),42.07128,212.71481,Cloudy,0.25
224,1,Hamilton (Mercedes),43.18091,43.18091,Cloudy,0.25
224,2,Hamilton (Mercedes),42.64268,85.82359,Cloudy,0.25
224,3,Hamilton (Mercedes),42.81021,128.6338,Cloudy,0.25
224,4,Hamilton (Mercedes),42.74302,171.37682,Cloudy,0.25
224,5,Hamilton (Mercedes),43.48068,214.85749,Cloudy,0.25
224,1,Verstappen (Red Bull),42.92998,42.92998,Cloudy,0.25
224,2,Verstappen (Red Bull),42.25536,85.18534,Cloudy,0.25
224,3,Verstappen (Red Bull),41.8514,127.03674,Cloudy,0.25
224,4,Verstappen (Red Bull),42.41199,169.44873,Cloudy,0.25
224,5,Verstappen (Red Bull),42.48109,211.92982,Cloudy,0.25
224,1,Norris (McLaren),42.47538,42.47538,Cloudy,0.25
224,2,Norris (McLaren),42.76549,85.24088,Cloudy,0.25
224,3,Norris (McLaren),42.75082,127.9917,Cloudy,0.25
224,4,Norris (McLaren),43.57067,171.56237,Cloudy,0.25
224,5,Norris (McLaren),42.67838,214.24075,Cloudy,0.25
224,1,Leclerc (Ferrari),42.33801,42.33801,Cloudy,0.25
224,2,Leclerc (Ferrari),42.24854,84.58654,Cloudy,0.25
224,3,Leclerc (Ferrari),43.06712,127.65366,Cloudy,0.25
224,4,Leclerc (Ferrari),41.70219,169.35585,Cloudy,0.25
224,5,Leclerc (Ferrari),44.38625,213.7421,Cloudy,0.25
225,1,Hamilton (Mercedes),43.42005,43.42005,Cloudy,0.25
225,2,Hamilton (Mercedes),43.02775,86.4478,Cloudy,0.25
225,3,Hamilton (Mercedes),42.94421,129.39201,Cloudy,0.25
225,4,Hamilton (Mercedes),42.98477,172.37678,Cloudy,0.25
225,5,Hamilton (Mercedes),42.37711,214.75388,Cloudy,0.25
225,1,Verstappen (Red Bull),42.32627,42.32627,Cloudy,0.25
225,2,Verstappen (Red Bull),42.57256,84.89883,Cloudy,0.25
225,3,Verstappen (Red Bull),42.00331,126.90213,Cloudy,0.25
225,4,Verstappen (Red Bull),42.71941,169.62154,Cloudy,0.25
225,5,Verstappen (Red Bull),42.32369,211.94523,Cloudy,0.25
225,1,Norris (McLaren),43.26504,43.26504,Cloudy,0.25
225,2,Norris (McLaren),42.62813,85.89317,Cloudy,0.25
225,3,Norris (McLaren),42.37041,128.26357,Cloudy,0.25
225,4,Norris (McLaren),42.84421,171.10778,Cloudy,0.25
225,5,Norris (McLaren),43.2658,214.37358,Cloudy,0.25
225,1,Leclerc (Ferrari),41.65036,41.65036,Cloudy,0.25
225,2,Leclerc (Ferrari),42.39046,84.04082,Cloudy,0.25
225,3,Leclerc (Ferrari),41.87919,125.92,Cloudy,0.25
225,4,Leclerc (Ferrari),41.25345,167.17346,Cloudy,0.25
225,5,Leclerc (Ferrari),42.91316,210.08662,Cloudy,0.25
226,1,Hamilton (Mercedes),42.7868,42.7868,Cloudy,0.25
226,2,Hamilton (Mercedes),43.31233,86.09913,Cloudy,0.25
226,3,Hamilton (Mercedes),43.29142,129.39055,Cloudy,0.25
226,4,Hamilton (Mercedes),43.09201,172.48256,Cloudy,0.25
226,5,Hamilton (Mercedes),43.46061,215.94317,Cloudy,0.25
226,1,Verstappen (Red Bull),42.9414,42.9414,Cloudy,0.25
226,2,Verstappen (Red Bull),42.28248,85.22388,Cloudy,0.25
226,3,Verstappen (Red Bull),42.64359,127.86747,Cloudy,0.25
226,4,Verstappen (Red Bull),43.21539,171.08286,Cloudy,0.25
226,5,Verstappen (Red Bull),42.24483,213.32769,Cloudy,0.25
226,1,Norris (McLaren),42.88951,42.88951,Cloudy,0.25
226,2,Norris (McLaren),42.6538,85.54331,Cloudy,0.25
226,3,Norris (McLaren),42.44042,127.98373,Cloudy,0.25
226,4,Norris (McLaren),42.00124,169.98497,Cloudy,0.25
226,5,Norris (McLaren),42.02861,212.01359,Cloudy,0.25
226,1,Leclerc (Ferrari),43.11276,43.11276,Cloudy,0.25
226,2,Leclerc (Ferrari),42.67218,85.78495,Cloudy,0.25
226,3,Leclerc (Ferrari),43.38121,129.16616,Cloudy,0.25
226,4,Leclerc (Ferrari),41.62184,170.788,Cloudy,0.25
226,5,Leclerc (Ferrari),41.65473,212.44273,Cloudy,0.25
227,1,Hamilton (Mercedes),42.56123,42.56123,Cloudy,0.25
227,2,Hamilton (Mercedes),43.06122,85.62244,Cloudy,0.25
227,3,Hamilton (Mercedes),42.59086,128.2133,Cloudy,0.25
227,4,Hamilton (Mercedes),43.04166,171.25496,Cloudy,0.25
227,5,Hamilton (Mercedes),42.15987,213.41482,Cloudy,0.25
227,1,Verstappen (Red Bull),43.82266,43.82266,Cloudy,0.25
227,2,Verstappen (Red Bull),42.27949,86.10214,Cloudy,0.25
227,3,Verstappen (Red Bull),43.28455,129.3867,Cloudy,0.25
227,4,Verstappen (Red Bull),42.2601,171.6468,Cloudy,0.25
227,5,Verstappen (Red Bull),42.40001,214.04681,Cloudy,0.25
227,1,Norris (McLaren),42.48515,42.48515,Cloudy,0.25
227,2,Norris (McLaren),43.63034,86.11549,Cloudy,0.25
227,3,Norris (McLaren),42.72422,128.83971,Cloudy,0.25
227,4,Norris (McLaren),42.23305,171.07276,Cloudy,0.25
227,5,Norris (McLaren),42.62012,213.69288,Cloudy,0.25
227,1,Leclerc (Ferrari),42.38989,42.38989,Cloudy,0.25
227,2,Leclerc (Ferrari),42.02367,84.41356,Cloudy,0.25
227,3,Leclerc (Ferrari),43.32051,127.73408,Cloudy,0.25
227,4,Leclerc (Ferrari),42.18331,169.91739,Cloudy,0.25
227,5,Leclerc (Ferrari),42.04869,211.96607,Cloudy,0.25
228,1,Hamilton (Mercedes),42.82291,42.82291,Cloudy,0.25
228,2,Hamilton (Mercedes),42.79571,85.61862,Cloudy,0.25
228,3,Hamilton (Mercedes),41.97162,127.59024,Cloudy,0.25
228,4,Hamilton (Mercedes),43.0074,170.59764,Cloudy,0.25
228,5,Hamilton (Mercedes),43.30073,213.89836,Cloudy,0.25
228,1,Verstappen (Red Bull),41.17611,41.17611,Cloudy,0.25
228,2,Verstappen (Red Bull),42.1903,83.3664,Cloudy,0.25
228,3,Verstappen (Red Bull),43.43624,126.80264,Cloudy,0.25
228,4,Verstappen (Red Bull),40.93279,167.73543,Cloudy,0.25
228,5,Verstappen (Red Bull),41.83753,209.57296,Cloudy,0.25
228,1,Norris (McLaren),42.99004,42.99004,Cloudy,0.25
228,2,Norris (McLaren),42.26681,85.25686,Cloudy,0.25
228,3,Norris (McLaren),42.54072,127.79758,Cloudy,0.25
228,4,Norris (McLaren),43.69051,171.48808,Cloudy,0.25
228,5,Norris (McLaren),42.64391,214.13199,Cloudy,0.25
228,1,Leclerc (Ferrari),42.88195,42.88195,Cloudy,0.25
228,2,Leclerc (Ferrari),40.96981,83.85175,Cloudy,0.25
228,3,Leclerc (Ferrari),41.55867,125.41042,Cloudy,0.25
228,4,Leclerc (Ferrari),42.83158,168.242,Cloudy,0.25
228,5,Leclerc (Ferrari),41.7012,209.9432,Cloudy,0.25
229,1,Hamilton (Mercedes),43.51417,43.51417,Cloudy,0.25
229,2,Hamilton (Mercedes),44.12757,87.64173,Cloudy,0.25
229,3,Hamilton (Mercedes),43.79936,131.44109,Cloudy,0.25
229,4,Hamilton (Mercedes),42.68102,174.12211,Cloudy,0.25
229,5,Hamilton (Mercedes),41.68225,215.80436,Cloudy,0.25
229,1,Verstappen (Red Bull),42.37911,42.37911,Cloudy,0.25
229,2,Verstappen (Red Bull),42.43598,84.81509,Cloudy,0.25
229,3,Verstappen (Red Bull),41.70931,126.5244,Cloudy,0.25
229,4,Verstappen (Red Bull),42.19828,168.72269,Cloudy,0.25
229,5,Verstappen (Red Bull),43.38559,212.10828,Cloudy,0.25
229,1,Norris (McLaren),42.25181,42.25181,Cloudy,0.25
229,2,Norris (McLaren),43.16211,85.41391,Cloudy,0.25
229,3,Norris (McLaren),43.40564,128.81956,Cloudy,0.25
229,4,Norris (McLaren),42.33842,171.15797,Cloudy,0.25
229,5,Norris (McLaren),43.37925,214.53723,Cloudy,0.25
229,1,Leclerc (Ferrari),42.70425,42.70425,Cloudy,0.25
229,2,Leclerc (Ferrari),41.81991,84.52416,Cloudy,0.25
229,3,Leclerc (Ferrari),42.48979,127.01395,Cloudy,0.25
229,4,Leclerc (Ferrari),43.18077,170.19473,Cloudy,0.25
229,5,Leclerc (Ferrari),42.45881,212.65354,Cloudy,0.25
230,1,Hamilton (Mercedes),42.18825,42.18825,Cloudy,0.25
230,2,Hamilton (Mercedes),42.83653,85.02478,Cloudy,0.25
230,3,Hamilton (Mercedes),43.61817,128.64294,Cloudy,0.25
230,4,Hamilton (Mercedes),42.72478,171.36772,Cloudy,0.25
230,5,Hamilton (Mercedes),42.67248,214.0402,Cloudy,0.25
230,1,Verstappen (Red Bull),41.61718,41.61718,Cloudy,0.25
230,2,Verstappen (Red Bull),42.5633,84.18048,Cloudy,0.25
230,3,Verstappen (Red Bull),41.18242,125.3629,Cloudy,0.25
230,4,Verstappen (Red Bull),41.94044,167.30334,Cloudy,0.25
230,5,Verstappen (Red Bull),43.61442,210.91777,Cloudy,0.25
230,1,Norris (McLaren),43.61133,43.61133,Cloudy,0.25
230,2,Norris (McLaren),42.48502,86.09635,Cloudy,0.25
230,3,Norris (McLaren),43.00295,129.0993,Cloudy,0.25
230,4,Norris (McLaren),42.93218,172.03148,Cloudy,0.25
230,5,Norris (McLaren),43.8284,215.85988,Cloudy,0.25
230,1,Leclerc (Ferrari),41.61454,41.61454,Cloudy,0.25
230,2,Leclerc (Ferrari),41.78634,83.40088,Cloudy,0.25
230,3,Leclerc (Ferrari),42.32952,125.7304,Cloudy,0.25
230,4,Leclerc (Ferrari),42.00132,167.73171,Cloudy,0.25
230,5,Leclerc (Ferrari),41.65854,209.39025,Cloudy,0.25
231,1,Hamilton (Mercedes),43.7378,43.7378,Cloudy,0.25
231,2,Hamilton (Mercedes),42.68675,86.42455,Cloudy,0.25
231,3,Hamilton (Mercedes),42.84374,129.26829,Cloudy,0.25
231,4,Hamilton (Mercedes),43.35025,172.61855,Cloudy,0.25
231,5,Hamilton (Mercedes),42.89665,215.5152,Cloudy,0.25
231,1,Verstappen (Red Bull),42.21707,42.21707,Cloudy,0.25
231,2,Verstappen (Red Bull),42.18382,84.40089,Cloudy,0.25
231,3,Verstappen (Red Bull),42.70897,127.10986,Cloudy,0.25
231,4,Verstappen (Red Bull),43.82856,170.93843,Cloudy,0.25
231,5,Verstappen (Red Bull),42.63376,213.57218,Cloudy,0.25
231,1,Norris (McLaren),42.96756,42.96756,Cloudy,0.25
231,2,Norris (McLaren),42.96418,85.93174,Cloudy,0.25
231,3,Norris (McLaren),42.34086,128.2726,Cloudy,0.25
231,4,Norris (McLaren),42.77563,171.04823,Cloudy,0.25
231,5,Norris (McLaren),42.29892,213.34715,Cloudy,0.25
231,1,Leclerc (Ferrari),40.68329,40.68329,Cloudy,0.25
231,2,Leclerc (Ferrari),42.28743,82.97072,Cloudy,0.25
231,3,Leclerc (Ferrari),42.54426,125.51498,Cloudy,0.25
231,4,Leclerc (Ferrari),42.33691,167.85189,Cloudy,0.25
231,5,Leclerc (Ferrari),42.42915,210.28105,Cloudy,0.25
232,1,Hamilton (Mercedes),43.64092,43.64092,Cloudy,0.25
232,2,Hamilton (Mercedes),43.20732,86.84824,Cloudy,0.25
232,3,Hamilton (Mercedes),42.42541,129.27365,Cloudy,0.25
232,4,Hamilton (Mercedes),41.64939,170.92305,Cloudy,0.25
232,5,Hamilton (Mercedes),43.18077,214.10382,Cloudy,0.25
232,1,Verstappen (Red Bull),42.14258,42.14258,Cloudy,0.25
232,2,Verstappen (Red Bull),42.83985,84.98244,Cloudy,0.25
232,3,Verstappen (Red Bull),42.00621,126.98865,Cloudy,0.25
232,4,Verstappen (Red Bull),42.62871,169.61736,Cloudy,0.25
232,5,Verstappen (Red Bull),41.76475,211.38211,Cloudy,0.25
232,1,Norris (McLaren),41.6775,41.6775,Cloudy,0.25
232,2,Norris (McLaren),42.75494,84.43244,Cloudy,0.25
232,3,Norris (McLaren),42.58738,127.01982,Cloudy,0.25
232,4,Norris (McLaren),43.31085,170.33067,Cloudy,0.25
232,5,Norris (McLaren),43.35069,213.68136,Cloudy,0.25
232,1,Leclerc (Ferrari),42.48957,42.48957,Cloudy,0.25
232,2,Leclerc (Ferrari),41.98994,84.4795,Cloudy,0.25
232,3,Leclerc (Ferrari),41.70734,126.18684,Cloudy,0.25
232,4,Leclerc (Ferrari),42.44308,168.62992,Cloudy,0.25
232,5,Leclerc (Ferrari),42.19746,210.82738,Cloudy,0.25
233,1,Hamilton (Mercedes),43.25709,43.25709,Cloudy,0.25
233,2,Hamilton (Mercedes),43.72004,86.97712,Cloudy,0.25
233,3,Hamilton (Mercedes),42.55139,129.52851,Cloudy,0.25
233,4,Hamilton (Mercedes),43.52766,173.05617,Cloudy,0.25
233,5,Hamilton (Mercedes),43.63115,216.68732,Cloudy,0.25
233,1,Verstappen (Red Bull),42.81084,42.81084,Cloudy,0.25
233,2,Verstappen (Red Bull),41.70112,84.51196,Cloudy,0.25
233,3,Verstappen (Red Bull),42.18716,126.69912,Cloudy,0.25
233,4,Verstappen (Red Bull),42.94075,169.63987,Cloudy,0.25
233,5,Verstappen (Red Bull),42.40682,212.04669,Cloudy,0.25
233,1,Norris (McLaren),42.70748,42.70748,Cloudy,0.25
233,2,Norris (McLaren),42.84092,85.5484,Cloudy,0.25
233,3,Norris (McLaren),43.25916,128.80756,Cloudy,0.25
233,4,Norris (McLaren),42.70589,171.51346,Cloudy,0.25
233,5,Norris (McLaren),42.14811,213.66157,Cloudy,0.25
233,1,Leclerc (Ferrari),42.16674,42.16674,Cloudy,0.25
233,2,Leclerc (Ferrari),43.16581,85.33255,Cloudy,0.25
233,3,Leclerc (Ferrari),42.44451,127.77706,Cloudy,0.25
233,4,Leclerc (Ferrari),42.8906,170.66766,Cloudy,0.25
233,5,Leclerc (Ferrari),42.55467,213.22233,Cloudy,0.25
234,1,Hamilton (Mercedes),42.53457,42.53457,Cloudy,0.25
234,2,Hamilton (Mercedes),42.1583,84.69286,Cloudy,0.25
234,3,Hamilton (Mercedes),43.23207,127.92494,Cloudy,0.25
234,4,Hamilton (Mercedes),43.31203,171.23697,Cloudy,0.25
234,5,Hamilton (Mercedes),41.60722,212.84419,Cloudy,0.25
234,1,Verstappen (Red Bull),43.30689,43.30689,Cloudy,0.25
234,2,Verstappen (Red Bull),41.58811,84.895,Cloudy,0.25
234,3,Verstappen (Red Bull),42.2864,127.1814,Cloudy,0.25
234,4,Verstappen (Red Bull),42.34479,169.52619,Cloudy,0.25
234,5,Verstappen (Red Bull),42.48702,212.01322,Cloudy,0.25
234,1,Norris (McLaren),43.42227,43.42227,Cloudy,0.25
234,2,Norris (McLaren),42.6405,86.06278,Cloudy,0.25
234,3,Norris (McLaren),44.57806,130.64084,Cloudy,0.25
234,4,Norris (McLaren),42.70288,173.34372,Cloudy,0.25
234,5,Norris (McLaren),42.46405,215.80777,Cloudy,0.25
234,1,Leclerc (Ferrari),42.58605,42.58605,Cloudy,0.25
234,2,Leclerc (Ferrari),41.39028,83.97633,Cloudy,0.25
234,3,Leclerc (Ferrari),42.12881,126.10514,Cloudy,0.25
234,4,Leclerc (Ferrari),42.88409,168.98923,Cloudy,0.25
234,5,Leclerc (Ferrari),42.55313,211.54236,Cloudy,0.25
235,1,Hamilton (Mercedes),43.39511,43.39511,Cloudy,0.25
235,2,Hamilton (Mercedes),43.14108,86.53619,Cloudy,0.25
235,3,Hamilton (Mercedes),43.24133,129.77752,Cloudy,0.25
235,4,Hamilton (Mercedes),42.27378,172.0513,Cloudy,0.25
235,5,Hamilton (Mercedes),42.30947,214.36077,Cloudy,0.25
235,1,Verstappen (Red Bull),41.72718,41.72718,Cloudy,0.25
235,2,Verstappen (Red Bull),42.80333,84.53051,Cloudy,0.25
235,3,Verstappen (Red Bull),42.1882,126.71871,Cloudy,0.25
235,4,Verstappen (Red Bull),44.00246,170.72117,Cloudy,0.25
235,5,Verstappen (Red Bull),44.253,214.97417,Cloudy,0.25
235,1,Norris (McLaren),42.40081,42.40081,Cloudy,0.25
235,2,Norris (McLaren),43.83646,86.23727,Cloudy,0.25
235,3,Norris (McLaren),42.35675,128.59402,Cloudy,0.25
235,4,Norris (McLaren),43.30646,171.90048,Cloudy,0.25
235,5,Norris (McLaren),43.95611,215.85659,Cloudy,0.25
235,1,Leclerc (Ferrari),43.05426,43.05426,Cloudy,0.25
235,2,Leclerc (Ferrari),41.75046,84.80472,Cloudy,0.25
235,3,Leclerc (Ferrari),42.08383,126.88855,Cloudy,0.25
235,4,Leclerc (Ferrari),41.37409,168.26264,Cloudy,0.25
235,5,Leclerc (Ferrari),42.19135,210.45399,Cloudy,0.25
236,1,Hamilton (Mercedes),43.53542,43.53542,Cloudy,0.25
236,2,Hamilton (Mercedes),42.46841,86.00384,Cloudy,0.25
236,3,Hamilton (Mercedes),43.34085,129.34469,Cloudy,0.25
236,4,Hamilton (Mercedes),42.3566,171.70129,Cloudy,0.25
236,5,Hamilton (Mercedes),43.54815,215.24944,Cloudy,0.25
236,1,Verstappen (Red Bull),42.85811,42.85811,Cloudy,0.25
236,2,Verstappen (Red Bull),42.79866,85.65678,Cloudy,0.25
236,3,Verstappen (Red Bull),41.84816,127.50494,Cloudy,0.25
236,4,Verstappen (Red Bull),41.93155,169.43649,Cloudy,0.25
236,5,Verstappen (Red Bull),41.82024,211.25673,Cloudy,0.25
236,1,Norris (McLaren),42.12075,42.12075,Cloudy,0.25
236,2,Norris (McLaren),42.82823,84.94897,Cloudy,0.25
236,3,Norris (McLaren),42.94931,127.89829,Cloudy,0.25
236,4,Norris (McLaren),42.30748,170.20577,Cloudy,0.25
236,5,Norris (McLaren),42.10056,212.30632,Cloudy,0.25
236,1,Leclerc (Ferrari),41.46861,41.46861,Cloudy,0.25
236,2,Leclerc (Ferrari),42.6837,84.1523,Cloudy,0.25
236,3,Leclerc (Ferrari),42.33341,126.48571,Cloudy,0.25
236,4,Leclerc (Ferrari),42.01142,168.49713,Cloudy,0.25
236,5,Leclerc (Ferrari),42.72266,211.21979,Cloudy,0.25
237,1,Hamilton (Mercedes),42.20285,42.20285,Cloudy,0.25
237,2,Hamilton (Mercedes),43.58637,85.78922,Cloudy,0.25
237,3,Hamilton (Mercedes),42.59357,128.3828,Cloudy,0.25
237,4,Hamilton (Mercedes),42.81521,171.198,Cloudy,0.25
237,5,Hamilton (Mercedes),42.48836,213.68637,Cloudy,0.25
237,1,Verstappen (Red Bull),42.80236,42.80236,Cloudy,0.25
237,2,Verstappen (Red Bull),42.98965,85.79201,Cloudy,0.25
237,3,Verstappen (Red Bull),42.18115,127.97316,Cloudy,0.25
237,4,Verstappen (Red Bull),43.26926,171.24242,Cloudy,0.25
237,5,Verstappen (Red Bull),42.02807,213.27049,Cloudy,0.25
237,1,Norris (McLaren),41.72909,41.72909,Cloudy,0.25
237,2,Norris (McLaren),43.24303,84.97212,Cloudy,0.25
237,3,Norris (McLaren),43.07512,128.04725,Cloudy,0.25
237,4,Norris (McLaren),43.13128,171.17852,Cloudy,0.25
237,5,Norris (McLaren),42.28529,213.46381,Cloudy,0.25
237,1,Leclerc (Ferrari),42.97452,42.97452,Cloudy,0.25
237,2,Leclerc (Ferrari),42.57405,85.54857,Cloudy,0.25
237,3,Leclerc (Ferrari),41.77725,127.32582,Cloudy,0.25
237,4,Leclerc (Ferrari),42.81879,170.14461,Cloudy,0.25
237,5,Leclerc (Ferrari),42.15113,212.29574,Cloudy,0.25
238,1,Hamilton (Mercedes),42.61881,42.61881,Cloudy,0.25
238,2,Hamilton (Mercedes),42.30787,84.92668,Cloudy,0.25
238,3,Hamilton (Mercedes),42.70728,127.63396,Cloudy,0.25
238,4,Hamilton (Mercedes),43.4916,171.12556,Cloudy,0.25
238,5,Hamilton (Mercedes),42.25851,213.38406,Cloudy,0.25
238,1,Verstappen (Red Bull),43.03335,43.03335,Cloudy,0.25
238,2,Verstappen (Red Bull),42.98876,86.02211,Cloudy,0.25
238,3,Verstappen (Red Bull),42.69861,128.72071,Cloudy,0.25
238,4,Verstappen (Red Bull),42.41987,171.14058,Cloudy,0.25
238,5,Verstappen (Red Bull),42.56286,213.70344,Cloudy,0.25
238,1,Norris (McLaren),42.66779,42.66779,Cloudy,0.25
238,2,Norris (McLaren),42.97787,85.64567,Cloudy,0.25
238,3,Norris (McLaren),42.42915,128.07482,Cloudy,0.25
238,4,Norris (McLaren),42.68728,170.7621,Cloudy,0.25
238,5,Norris (McLaren),41.47742,212.23952,Cloudy,0.25
238,1,Leclerc (Ferrari),42.92772,42.92772,Cloudy,0.25
238,2,Leclerc (Ferrari),41.60869,84.53641,Cloudy,0.25
238,3,Leclerc (Ferrari),42.52592,127.06233,Cloudy,0.25
238,4,Leclerc (Ferrari),43.90137,170.96369,Cloudy,0.25
238,5,Leclerc (Ferrari),42.78505,213.74874,Cloudy,0.25
239,1,Hamilton (Mercedes),43.02602,43.02602,Cloudy,0.25
239,2,Hamilton (Mercedes),42.84894,85.87496,Cloudy,0.25
239,3,Hamilton (Mercedes),42.45933,128.33429,Cloudy,0.25
239,4,Hamilton (Mercedes),43.94183,172.27612,Cloudy,0.25
239,5,Hamilton (Mercedes),43.70302,215.97914,Cloudy,0.25
239,1,Verstappen (Red Bull),42.00196,42.00196,Cloudy,0.25
239,2,Verstappen (Red Bull),43.81874,85.8207,Cloudy,0.25
239,3,Verstappen (Red Bull),42.81106,128.63176,Cloudy,0.25
239,4,Verstappen (Red Bull),42.78754,171.41931,Cloudy,0.25
239,5,Verstappen (Red Bull),42.22877,213.64807,Cloudy,0.25
239,1,Norris (McLaren),42.37635,42.37635,Cloudy,0.25
239,2,Norris (McLaren),43.23688,85.61323,Cloudy,0.25
239,3,Norris (McLaren),43.08512,128.69835,Cloudy,0.25
239,4,Norris (McLaren),41.51724,170.21559,Cloudy,0.25
239,5,Norris (McLaren),43.21377,213.42936,Cloudy,0.25
239,1,Leclerc (Ferrari),42.30076,42.30076,Cloudy,0.25
239,2,Leclerc (Ferrari),42.69667,84.99744,Cloudy,0.25
239,3,Leclerc (Ferrari),41.75357,126.75101,Cloudy,0.25
239,4,Leclerc (Ferrari),41.99741,168.74841,Cloudy,0.25
239,5,Leclerc (Ferrari),42.10043,210.84885,Cloudy,0.25
240,1,Hamilton (Mercedes),42.55805,42.55805,Cloudy,0.25
240,2,Hamilton (Mercedes),43.34811,85.90616,Cloudy,0.25
240,3,Hamilton (Mercedes),43.42096,129.32712,Cloudy,0.25
240,4,Hamilton (Mercedes),42.59948,171.9266,Cloudy,0.25
240,5,Hamilton (Mercedes),42.69024,214.61684,Cloudy,0.25
240,1,Verstappen (Red Bull),42.60542,42.60542,Cloudy,0.25
240,2,Verstappen (Red Bull),41.9291,84.53452,Cloudy,0.25
240,3,Verstappen (Red Bull),41.51814,126.05267,Cloudy,0.25
240,4,Verstappen (Red Bull),42.6213,168.67397,Cloudy,0.25
240,5,Verstappen (Red Bull),42.33786,211.01183,Cloudy,0.25
240,1,Norris (McLaren),42.28044,42.28044,Cloudy,0.25
240,2,Norris (McLaren),43.55759,85.83803,Cloudy,0.25
240,3,Norris (McLaren),43.07665,128.91468,Cloudy,0.25
240,4,Norris (McLaren),43.04039,171.95507,Cloudy,0.25
240,5,Norris (McLaren),44.46816,216.42323,Cloudy,0.25
240,1,Leclerc (Ferrari),42.52085,42.52085,Cloudy,0.25
240,2,Leclerc (Ferrari),42.60944,85.1303,Cloudy,0.25
240,3,Leclerc (Ferrari),41.90721,127.0375,Cloudy,0.25
240,4,Leclerc (Ferrari),41.96704,169.00454,Cloudy,0.25
240,5,Leclerc (Ferrari),41.44588,210.45042,Cloudy,0.25
241,1,Hamilton (Mercedes),42.74942,42.74942,Cloudy,0.25
241,2,Hamilton (Mercedes),43.12987,85.87929,Cloudy,0.25
241,3,Hamilton (Mercedes),42.80459,128.68388,Cloudy,0.25
241,4,Hamilton (Mercedes),42.10538,170.78926,Cloudy,0.25
241,5,Hamilton (Mercedes),42.37404,213.1633,Cloudy,0.25
241,1,Verstappen (Red Bull),41.72072,41.72072,Cloudy,0.25
241,2,Verstappen (Red Bull),41.7993,83.52002,Cloudy,0.25
241,3,Verstappen (Red Bull),43.1688,126.68882,Cloudy,0.25
241,4,Verstappen (Red Bull),41.21006,167.89888,Cloudy,0.25
241,5,Verstappen (Red Bull),41.81672,209.7156,Cloudy,0.25
241,1,Norris (McLaren),42.89854,42.89854,Cloudy,0.25
241,2,Norris (McLaren),42.06863,84.96717,Cloudy,0.25
241,3,Norris (McLaren),43.09931,128.06648,Cloudy,0.25
241,4,Norris (McLaren),43.51731,171.5838,Cloudy,0.25
241,5,Norris (McLaren),41.75417,213.33797,Cloudy,0.25
241,1,Leclerc (Ferrari),43.31311,43.31311,Cloudy,0.25
241,2,Leclerc (Ferrari),42.16548,85.47859,Cloudy,0.25
241,3,Leclerc (Ferrari),41.5438,127.02239,Cloudy,0.25
241,4,Leclerc (Ferrari),42.10983,169.13222,Cloudy,0.25
241,5,Leclerc (Ferrari),43.2482,212.38042,Cloudy,0.25
242,1,Hamilton (Mercedes),43.28873,43.28873,Cloudy,0.25
242,2,Hamilton (Mercedes),42.86377,86.15249,Cloudy,0.25
242,3,Hamilton (Mercedes),42.5916,128.7441,Cloudy,0.25
242,4,Hamilton (Mercedes),42.26687,171.01097,Cloudy,0.25
242,5,Hamilton (Mercedes),43.35723,214.3682,Cloudy,0.25
242,1,Verstappen (Red Bull),41.30112,41.30112,Cloudy,0.25
242,2,Verstappen (Red Bull),42.51789,83.81901,Cloudy,0.25
242,3,Verstappen (Red Bull),42.22019,126.0392,Cloudy,0.25
242,4,Verstappen (Red Bull),42.31576,168.35496,Cloudy,0.25
242,5,Verstappen (Red Bull),42.12879,210.48375,Cloudy,0.25
242,1,Norris (McLaren),41.63745,41.63745,Cloudy,0.25
242,2,Norris (McLaren),43.4456,85.08305,Cloudy,0.25
242,3,Norris (McLaren),44.13378,129.21683,Cloudy,0.25
242,4,Norris (McLaren),43.16371,172.38053,Cloudy,0.25
242,5,Norris (McLaren),41.35604,213.73657,Cloudy,0.25
242,1,Leclerc (Ferrari),42.0592,42.0592,Cloudy,0.25
242,2,Leclerc (Ferrari),42.45223,84.51143,Cloudy,0.25
242,3,Leclerc (Ferrari),41.84842,126.35985,Cloudy,0.25
242,4,Leclerc (Ferrari),42.53284,168.89269,Cloudy,0.25
242,5,Leclerc (Ferrari),42.41833,211.31102,Cloudy,0.25
243,1,Hamilton (Mercedes),42.67615,42.67615,Cloudy,0.25
243,2,Hamilton (Mercedes),41.99209,84.66824,Cloudy,0.25
243,3,Hamilton (Mercedes),43.31422,127.98247,Cloudy,0.25
243,4,Hamilton (Mercedes),42.16841,170.15088,Cloudy,0.25
243,5,Hamilton (Mercedes),42.05729,212.20816,Cloudy,0.25
243,1,Verstappen (Red Bull),41.17003,41.17003,Cloudy,0.25
243,2,Verstappen (Red Bull),42.04626,83.21629,Cloudy,0.25
243,3,Verstappen (Red Bull),43.10886,126.32515,Cloudy,0.25
243,4,Verstappen (Red Bull),41.92313,168.24828,Cloudy,0.25
243,5,Verstappen (Red Bull),41.55603,209.80431,Cloudy,0.25
243,1,Norris (McLaren),42.67574,42.67574,Cloudy,0.25
243,2,Norris (McLaren),42.72132,85.39707,Cloudy,0.25
243,3,Norris (McLaren),43.41949,128.81655,Cloudy,0.25
243,4,Norris (McLaren),43.04678,171.86334,Cloudy,0.25
243,5,Norris (McLaren),41.84561,213.70894,Cloudy,0.25
243,1,Leclerc (Ferrari),42.39001,42.39001,Cloudy,0.25
243,2,Leclerc (Ferrari),41.20165,83.59165,Cloudy,0.25
243,3,Leclerc (Ferrari),42.38856,125.98022,Cloudy,0.25
243,4,Leclerc (Ferrari),41.40029,167.38051,Cloudy,0.25
243,5,Leclerc (Ferrari),43.41844,210.79895,Cloudy,0.25
244,1,Hamilton (Mercedes),42.954,42.954,Cloudy,0.25
244,2,Hamilton (Mercedes),43.29099,86.24499,Cloudy,0.25
244,3,Hamilton (Mercedes),43.13244,129.37744,Cloudy,0.25
244,4,Hamilton (Mercedes),43.70932,173.08676,Cloudy,0.25
244,5,Hamilton (Mercedes),42.96191,216.04868,Cloudy,0.25
244,1,Verstappen (Red Bull),42.82649,42.82649,Cloudy,0.25
244,2,Verstappen (Red Bull),42.23844,85.06494,Cloudy,0.25
244,3,Verstappen (Red Bull),41.5697,126.63463,Cloudy,0.25
244,4,Verstappen (Red Bull),42.20537,168.84,Cloudy,0.25
244,5,Verstappen (Red Bull),41.9551,210.79511,Cloudy,0.25
244,1,Norris (McLaren),43.65242,43.65242,Cloudy,0.25
244,2,Norris (McLaren),42.29511,85.94753,Cloudy,0.25
244,3,Norris (McLaren),43.26755,129.21508,Cloudy,0.25
244,4,Norris (McLaren),42.67829,171.89337,Cloudy,0.25
244,5,Norris (McLaren),43.04637,214.93974,Cloudy,0.25
244,1,Leclerc (Ferrari),41.7381,41.7381,Cloudy,0.25
244,2,Leclerc (Ferrari),42.27067,84.00877,Cloudy,0.25
244,3,Leclerc (Ferrari),42.5677,126.57647,Cloudy,0.25
244,4,Leclerc (Ferrari),40.7878,167.36427,Cloudy,0.25
244,5,Leclerc (Ferrari),42.21714,209.58141,Cloudy,0.25
245,1,Hamilton (Mercedes),43.37578,43.37578,Cloudy,0.25
245,2,Hamilton (Mercedes),43.33863,86.71441,Cloudy,0.25
245,3,Hamilton (Mercedes),42.80525,129.51966,Cloudy,0.25
245,4,Hamilton (Mercedes),42.99471,172.51437,Cloudy,0.25
245,5,Hamilton (Mercedes),42.6173,215.13167,Cloudy,0.25
245,1,Verstappen (Red Bull),42.81883,42.81883,Cloudy,0.25
245,2,Verstappen (Red Bull),42.65103,85.46986,Cloudy,0.25
245,3,Verstappen (Red Bull),43.22435,128.69422,Cloudy,0.25
245,4,Verstappen (Red Bull),42.79048,171.4847,Cloudy,0.25
245,5,Verstappen (Red Bull),42.54656,214.03126,Cloudy,0.25
245,1,Norris (McLaren),41.79213,41.79213,Cloudy,0.25
245,2,Norris (McLaren),43.04752,84.83965,Cloudy,0.25
245,3,Norris (McLaren),43.45499,128.29465,Cloudy,0.25
245,4,Norris (McLaren),43.59738,171.89203,Cloudy,0.25
245,5,Norris (McLaren),41.78317,213.6752,Cloudy,0.25
245,1,Leclerc (Ferrari),42.54087,42.54087,Cloudy,0.25
245,2,Leclerc (Ferrari),42.24098,84.78186,Cloudy,0.25
245,3,Leclerc (Ferrari),42.33474,127.1166,Cloudy,0.25
245,4,Leclerc (Ferrari),41.94798,169.06457,Cloudy,0.25
245,5,Leclerc (Ferrari),42.45629,211.52086,Cloudy,0.25
246,1,Hamilton (Mercedes),42.41166,42.41166,Cloudy,0.25
246,2,Hamilton (Mercedes),43.29254,85.7042,Cloudy,0.25
246,3,Hamilton (Mercedes),42.94143,128.64563,Cloudy,0.25
246,4,Hamilton (Mercedes),42.07687,170.7225,Cloudy,0.25
246,5,Hamilton (Mercedes),42.78682,213.50932,Cloudy,0.25
246,1,Verstappen (Red Bull),42.9509,42.9509,Cloudy,0.25
246,2,Verstappen (Red Bull),42.31116,85.26205,Cloudy,0.25
246,3,Verstappen (Red Bull),41.56062,126.82267,Cloudy,0.25
246,4,Verstappen (Red Bull),42.02072,168.84339,Cloudy,0.25
246,5,Verstappen (Red Bull),41.90539,210.74878,Cloudy,0.25
246,1,Norris (McLaren),43.65097,43.65097,Cloudy,0.25
246,2,Norris (McLaren),42.92712,86.57809,Cloudy,0.25
246,3,Norris (McLaren),42.1898,128.76789,Cloudy,0.25
246,4,Norris (McLaren),43.58095,172.34885,Cloudy,0.25
246,5,Norris (McLaren),43.18833,215.53717,Cloudy,0.25
246,1,Leclerc (Ferrari),41.38241,41.38241,Cloudy,0.25
246,2,Leclerc (Ferrari),42.56067,83.94308,Cloudy,0.25
246,3,Leclerc (Ferrari),41.60872,125.5518,Cloudy,0.25
246,4,Leclerc (Ferrari),43.23729,168.7891,Cloudy,0.25
246,5,Leclerc (Ferrari),42.83014,211.61924,Cloudy,0.25
247,1,Hamilton (Mercedes),42.65676,42.65676,Cloudy,0.25
247,2,Hamilton (Mercedes),42.84913,85.50588,Cloudy,0.25
247,3,Hamilton (Mercedes),42.93639,128.44228,Cloudy,0.25
247,4,Hamilton (Mercedes),43.45591,171.89819,Cloudy,0.25
247,5,Hamilton (Mercedes),42.71283,214.61101,Cloudy,0.25
247,1,Verstappen (Red Bull),42.83437,42.83437,Cloudy,0.25
247,2,Verstappen (Red Bull),42.65371,85.48808,Cloudy,0.25
247,3,Verstappen (Red Bull),43.2202,128.70827,Cloudy,0.25
247,4,Verstappen (Red Bull),41.59371,170.30198,Cloudy,0.25
247,5,Verstappen (Red Bull),41.95649,212.25847,Cloudy,0.25
247,1,Norris (McLaren),41.63649,41.63649,Cloudy,0.25
247,2,Norris (McLaren),41.69372,83.33021,Cloudy,0.25
247,3,Norris (McLaren),43.11262,126.44283,Cloudy,0.25
247,4,Norris (McLaren),42.8594,169.30223,Cloudy,0.25
247,5,Norris (McLaren),42.6334,211.93563,Cloudy,0.25
247,1,Leclerc (Ferrari),42.2339,42.2339,Cloudy,0.25
247,2,Leclerc (Ferrari),41.46682,83.70072,Cloudy,0.25
247,3,Leclerc (Ferrari),42.39239,126.09311,Cloudy,0.25
247,4,Leclerc (Ferrari),42.20987,168.30298,Cloudy,0.25
247,5,Leclerc (Ferrari),42.6201,210.92308,Cloudy,0.25
248,1,Hamilton (Mercedes),43.59284,43.59284,Cloudy,0.25
248,2,Hamilton (Mercedes),41.92744,85.52028,Cloudy,0.25
248,3,Hamilton (Mercedes),42.30967,127.82996,Cloudy,0.25
248,4,Hamilton (Mercedes),42.54111,170.37106,Cloudy,0.25
248,5,Hamilton (Mercedes),42.84648,213.21754,Cloudy,0.25
248,1,Verstappen (Red Bull),42.47694,42.47694,Cloudy,0.25
248,2,Verstappen (Red Bull),43.14402,85.62097,Cloudy,0.25
248,3,Verstappen (Red Bull),42.91081,128.53178,Cloudy,0.25
248,4,Verstappen (Red Bull),42.66894,171.20072,Cloudy,0.25
248,5,Verstappen (Red Bull),43.31411,214.51483,Cloudy,0.25
248,1,Norris (McLaren),42.70594,42.70594,Cloudy,0.25
248,2,Norris (McLaren),41.98838,84.69432,Cloudy,0.25
248,3,Norris (McLaren),42.9474,127.64172,Cloudy,0.25
248,4,Norris (McLaren),42.72298,170.3647,Cloudy,0.25
248,5,Norris (McLaren),42.15328,212.51798,Cloudy,0.25
248,1,Leclerc (Ferrari),42.17614,42.17614,Cloudy,0.25
248,2,Leclerc (Ferrari),41.9204,84.09654,Cloudy,0.25
248,3,Leclerc (Ferrari),42.50588,126.60242,Cloudy,0.25
248,4,Leclerc (Ferrari),42.30298,168.9054,Cloudy,0.25
248,5,Leclerc (Ferrari),41.98836,210.89376,Cloudy,0.25
249,1,Hamilton (Mercedes),42.80983,42.80983,Cloudy,0.25
249,2,Hamilton (Mercedes),43.96057,86.7704,Cloudy,0.25
249,3,Hamilton (Mercedes),42.39423,129.16464,Cloudy,0.25
249,4,Hamilton (Mercedes),43.08864,172.25328,Cloudy,0.25
249,5,Hamilton (Mercedes),42.62951,214.88279,Cloudy,0.25
249,1,Verstappen (Red Bull),42.47196,42.47196,Cloudy,0.25
249,2,Verstappen (Red Bull),43.5614,86.03336,Cloudy,0.25
249,3,Verstappen (Red Bull),41.57141,127.60477,Cloudy,0.25
249,4,Verstappen (Red Bull),42.96522,170.56998,Cloudy,0.25
249,5,Verstappen (Red Bull),42.66942,213.23941,Cloudy,0.25
249,1,Norris (McLaren),43.16863,43.16863,Cloudy,0.25
249,2,Norris (McLaren),43.59502,86.76365,Cloudy,0.25
249,3,Norris (McLaren),42.2155,128.97915,Cloudy,0.25
249,4,Norris (McLaren),43.2908,172.26995,Cloudy,0.25
249,5,Norris (McLaren),42.25714,214.5271,Cloudy,0.25
249,1,Leclerc (Ferrari),41.82337,41.82337,Cloudy,0.25
249,2,Leclerc (Ferrari),42.16218,83.98555,Cloudy,0.25
249,3,Leclerc (Ferrari),41.2555,125.24105,Cloudy,0.25
249,4,Leclerc (Ferrari),42.56564,167.80669,Cloudy,0.25
249,5,Leclerc (Ferrari),43.43992,211.24661,Cloudy,0.25
250,1,Hamilton (Mercedes),42.73329,42.73329,Cloudy,0.25
250,2,Hamilton (Mercedes),42.08447,84.81776,Cloudy,0.25
250,3,Hamilton (Mercedes),42.94983,127.76759,Cloudy,0.25
250,4,Hamilton (Mercedes),42.29484,170.06243,Cloudy,0.25
250,5,Hamilton (Mercedes),42.87242,212.93485,Cloudy,0.25
250,1,Verstappen (Red Bull),42.52889,42.52889,Cloudy,0.25
250,2,Verstappen (Red Bull),41.17575,83.70465,Cloudy,0.25
250,3,Verstappen (Red Bull),42.79478,126.49943,Cloudy,0.25
250,4,Verstappen (Red Bull),41.96771,168.46715,Cloudy,0.25
250,5,Verstappen (Red Bull),42.73758,211.20473,Cloudy,0.25
250,1,Norris (McLaren),43.11295,43.11295,Cloudy,0.25
250,2,Norris (McLaren),42.21498,85.32793,Cloudy,0.25
250,3,Norris (McLaren),42.61903,127.94696,Cloudy,0.25
250,4,Norris (McLaren),43.02276,170.96972,Cloudy,0.25
250,5,Norris (McLaren),43.99872,214.96844,Cloudy,0.25
250,1,Leclerc (Ferrari),41.97275,41.97275,Cloudy,0.25
250,2,Leclerc (Ferrari),41.91093,83.88368,Cloudy,0.25
250,3,Leclerc (Ferrari),42.02212,125.90579,Cloudy,0.25
250,4,Leclerc (Ferrari),43.39315,169.29895,Cloudy,0.25
250,5,Leclerc (Ferrari),41.55619,210.85514,Cloudy,0.25
251,1,Hamilton (Mercedes),43.14662,43.14662,Cloudy,0.25
251,2,Hamilton (Mercedes),41.39587,84.54248,Cloudy,0.25
251,3,Hamilton (Mercedes),41.89267,126.43515,Cloudy,0.25
251,4,Hamilton (Mercedes),42.79537,169.23053,Cloudy,0.25
251,5,Hamilton (Mercedes),42.83455,212.06507,Cloudy,0.25
251,1,Verstappen (Red Bull),42.62994,42.62994,Cloudy,0.25
251,2,Verstappen (Red Bull),42.99445,85.6244,Cloudy,0.25
251,3,Verstappen (Red Bull),42.97323,128.59763,Cloudy,0.25
251,4,Verstappen (Red Bull),42.78309,171.38072,Cloudy,0.25
251,5,Verstappen (Red Bull),42.36387,213.74459,Cloudy,0.25
251,1,Norris (McLaren),42.42647,42.42647,Cloudy,0.25
251,2,Norris (McLaren),41.92106,84.34753,Cloudy,0.25
251,3,Norris (McLaren),42.11174,126.45927,Cloudy,0.25
251,4,Norris (McLaren),41.62818,168.08744,Cloudy,0.25
251,5,Norris (McLaren),42.09595,210.18339,Cloudy,0.25
251,1,Leclerc (Ferrari),42.19522,42.19522,Cloudy,0.25
251,2,Leclerc (Ferrari),41.84909,84.0443,Cloudy,0.25
251,3,Leclerc (Ferrari),41.51926,125.56356,Cloudy,0.25
251,4,Leclerc (Ferrari),41.26443,166.82799,Cloudy,0.25
251,5,Leclerc (Ferrari),42.26052,209.08851,Cloudy,0.25
252,1,Hamilton (Mercedes),43.83479,43.83479,Cloudy,0.25
252,2,Hamilton (Mercedes),42.59784,86.43263,Cloudy,0.25
252,3,Hamilton (Mercedes),42.91146,129.34409,Cloudy,0.25
252,4,Hamilton (Mercedes),42.65306,171.99716,Cloudy,0.25
252,5,Hamilton (Mercedes),42.75802,214.75518,Cloudy,0.25
252,1,Verstappen (Red Bull),43.30116,43.30116,Cloudy,0.25
252,2,Verstappen (Red Bull),42.15909,85.46025,Cloudy,0.25
252,3,Verstappen (Red Bull),42.38738,127.84763,Cloudy,0.25
252,4,Verstappen (Red Bull),43.99135,171.83898,Cloudy,0.25
252,5,Verstappen (Red Bull),42.77871,214.61769,Cloudy,0.25
252,1,Norris (McLaren),42.41734,42.41734,Cloudy,0.25
252,2,Norris (McLaren),42.19108,84.60842,Cloudy,0.25
252,3,Norris (McLaren),42.74434,127.35276,Cloudy,0.25
252,4,Norris (McLaren),42.05006,169.40283,Cloudy,0.25
252,5,Norris (McLaren),42.37422,211.77704,Cloudy,0.25
252,1,Leclerc (Ferrari),42.63667,42.63667,Cloudy,0.25
252,2,Leclerc (Ferrari),42.69541,85.33208,Cloudy,0.25
252,3,Leclerc (Ferrari),42.72208,128.05416,Cloudy,0.25
252,4,Leclerc (Ferrari),42.04116,170.09532,Cloudy,0.25
252,5,Leclerc (Ferrari),42.23329,212.32862,Cloudy,0.25
253,1,Hamilton (Mercedes),42.64039,42.64039,Cloudy,0.25
253,2,Hamilton (Mercedes),42.19007,84.83045,Cloudy,0.25
253,3,Hamilton (Mercedes),43.02936,127.85981,Cloudy,0.25
253,4,Hamilton (Mercedes),42.39103,170.25084,Cloudy,0.25
253,5,Hamilton (Mercedes),43.18214,213.43298,Cloudy,0.25
253,1,Verstappen (Red Bull),41.96558,41.96558,Cloudy,0.25
253,2,Verstappen (Red Bull),42.46975,84.43533,Cloudy,0.25
253,3,Verstappen (Red Bull),43.06185,127.49718,Cloudy,0.25
253,4,Verstappen (Red Bull),42.47614,169.97332,Cloudy,0.25
253,5,Verstappen (Red Bull),42.15108,212.12439,Cloudy,0.25
253,1,Norris (McLaren),42.8335,42.8335,Cloudy,0.25
253,2,Norris (McLaren),42.46895,85.30245,Cloudy,0.25
253,3,Norris (McLaren),42.08605,127.3885,Cloudy,0.25
253,4,Norris (McLaren),42.86333,170.25183,Cloudy,0.25
253,5,Norris (McLaren),43.10252,213.35435,Cloudy,0.25
253,1,Leclerc (Ferrari),41.75686,41.75686,Cloudy,0.25
253,2,Leclerc (Ferrari),42.90091,84.65777,Cloudy,0.25
253,3,Leclerc (Ferrari),42.58553,127.2433,Cloudy,0.25
253,4,Leclerc (Ferrari),41.67734,168.92064,Cloudy,0.25
253,5,Leclerc (Ferrari),41.9444,210.86504,Cloudy,0.25
254,1,Hamilton (Mercedes),43.36601,43.36601,Cloudy,0.25
254,2,Hamilton (Mercedes),42.5147,85.88071,Cloudy,0.25
254,3,Hamilton (Mercedes),41.94297,127.82367,Cloudy,0.25
254,4,Hamilton (Mercedes),42.68802,170.5117,Cloudy,0.25
254,5,Hamilton (Mercedes),43.44322,213.95492,Cloudy,0.25
254,1,Verstappen (Red Bull),42.75167,42.75167,Cloudy,0.25
254,2,Verstappen (Red Bull),42.41479,85.16646,Cloudy,0.25
254,3,Verstappen (Red Bull),42.80376,127.97022,Cloudy,0.25
254,4,Verstappen (Red Bull),42.53377,170.50398,Cloudy,0.25
254,5,Verstappen (Red Bull),41.60563,212.10961,Cloudy,0.25
254,1,Norris (McLaren),42.78382,42.78382,Cloudy,0.25
254,2,Norris (McLaren),41.46907,84.2529,Cloudy,0.25
254,3,Norris (McLaren),42.15675,126.40965,Cloudy,0.25
254,4,Norris (McLaren),43.33733,169.74698,Cloudy,0.25
254,5,Norris (McLaren),44.1344,213.88137,Cloudy,0.25
254,1,Leclerc (Ferrari),42.85878,42.85878,Cloudy,0.25
254,2,Leclerc (Ferrari),42.58491,85.44369,Cloudy,0.25
254,3,Leclerc (Ferrari),42.72495,128.16864,Cloudy,0.25
254,4,Leclerc (Ferrari),43.14139,171.31003,Cloudy,0.25
254,5,Leclerc (Ferrari),42.19087,213.50091,Cloudy,0.25
255,1,Hamilton (Mercedes),42.42101,42.42101,Cloudy,0.25
255,2,Hamilton (Mercedes),42.80587,85.22688,Cloudy,0.25
255,3,Hamilton (Mercedes),41.96425,127.19112,Cloudy,0.25
255,4,Hamilton (Mercedes),42.13697,169.32809,Cloudy,0.25
255,5,Hamilton (Mercedes),42.55632,211.88441,Cloudy,0.25
255,1,Verstappen (Red Bull),42.97069,42.97069,Cloudy,0.25
255,2,Verstappen (Red Bull),43.20375,86.17444,Cloudy,0.25
255,3,Verstappen (Red Bull),43.13404,129.30848,Cloudy,0.25
255,4,Verstappen (Red Bull),41.94594,171.25442,Cloudy,0.25
255,5,Verstappen (Red Bull),43.00442,214.25884,Cloudy,0.25
255,1,Norris (McLaren),43.51795,43.51795,Cloudy,0.25
255,2,Norris (McLaren),42.80758,86.32553,Cloudy,0.25
255,3,Norris (McLaren),43.09363,129.41916,Cloudy,0.25
255,4,Norris (McLaren),42.23311,171.65227,Cloudy,0.25
255,5,Norris (McLaren),43.64838,215.30065,Cloudy,0.25
255,1,Leclerc (Ferrari),42.41418,42.41418,Cloudy,0.25
255,2,Leclerc (Ferrari),42.32744,84.74161,Cloudy,0.25
255,3,Leclerc (Ferrari),41.4435,126.18511,Cloudy,0.25
255,4,Leclerc (Ferrari),43.76819,169.9533,Cloudy,0.25
255,5,Leclerc (Ferrari),42.15187,212.10517,Cloudy,0.25
256,1,Hamilton (Mercedes),42.60149,42.60149,Cloudy,0.25
256,2,Hamilton (Mercedes),43.38715,85.98865,Cloudy,0.25
256,3,Hamilton (Mercedes),42.65677,128.64542,Cloudy,0.25
256,4,Hamilton (Mercedes),42.26187,170.90729,Cloudy,0.25
256,5,Hamilton (Mercedes),42.65563,213.56291,Cloudy,0.25
256,1,Verstappen (Red Bull),41.73945,41.73945,Cloudy,0.25
256,2,Verstappen (Red Bull),43.0859,84.82535,Cloudy,0.25
256,3,Verstappen (Red Bull),42.57403,127.39939,Cloudy,0.25
256,4,Verstappen (Red Bull),42.19942,169.59881,Cloudy,0.25
256,5,Verstappen (Red Bull),43.3718,212.9706,Cloudy,0.25
256,1,Norris (McLaren),42.22807,42.22807,Cloudy,0.25
256,2,Norris (McLaren),43.05307,85.28114,Cloudy,0.25
256,3,Norris (McLaren),43.31151,128.59265,Cloudy,0.25
256,4,Norris (McLaren),43.06006,171.65271,Cloudy,0.25
256,5,Norris (McLaren),43.09573,214.74844,Cloudy,0.25
256,1,Leclerc (Ferrari),42.665,42.665,Cloudy,0.25
256,2,Leclerc (Ferrari),41.9744,84.6394,Cloudy,0.25
256,3,Leclerc (Ferrari),42.99482,127.63422,Cloudy,0.25
256,4,Leclerc (Ferrari),42.3494,169.98362,Cloudy,0.25
256,5,Leclerc (Ferrari),41.52494,211.50856,Cloudy,0.25
257,1,Hamilton (Mercedes),42.96216,42.96216,Cloudy,0.25
257,2,Hamilton (Mercedes),43.47859,86.44075,Cloudy,0.25
257,3,Hamilton (Mercedes),43.21542,129.65617,Cloudy,0.25
257,4,Hamilton (Mercedes),42.81897,172.47513,Cloudy,0.25
257,5,Hamilton (Mercedes),43.33123,215.80636,Cloudy,0.25
257,1,Verstappen (Red Bull),42.01143,42.01143,Cloudy,0.25
257,2,Verstappen (Red Bull),42.57816,84.58959,Cloudy,0.25
257,3,Verstappen (Red Bull),42.25988,126.84947,Cloudy,0.25
257,4,Verstappen (Red Bull),43.42111,170.27059,Cloudy,0.25
257,5,Verstappen (Red Bull),43.28318,213.55377,Cloudy,0.25
257,1,Norris (McLaren),43.07547,43.07547,Cloudy,0.25
257,2,Norris (McLaren),42.06856,85.14402,Cloudy,0.25
257,3,Norris (McLaren),42.49578,127.6398,Cloudy,0.25
257,4,Norris (McLaren),43.08796,170.72777,Cloudy,0.25
257,5,Norris (McLaren),42.31659,213.04436,Cloudy,0.25
257,1,Leclerc (Ferrari),42.98125,42.98125,Cloudy,0.25
257,2,Leclerc (Ferrari),41.97369,84.95494,Cloudy,0.25
257,3,Leclerc (Ferrari),42.07559,127.03053,Cloudy,0.25
257,4,Leclerc (Ferrari),41.4891,168.51963,Cloudy,0.25
257,5,Leclerc (Ferrari),41.81179,210.33142,Cloudy,0.25
258,1,Hamilton (Mercedes),43.4135,43.4135,Cloudy,0.25
258,2,Hamilton (Mercedes),42.08462,85.49812,Cloudy,0.25
258,3,Hamilton (Mercedes),43.89545,129.39356,Cloudy,0.25
258,4,Hamilton (Mercedes),42.84071,172.23427,Cloudy,0.25
258,5,Hamilton (Mercedes),43.65255,215.88683,Cloudy,0.25
258,1,Verstappen (Red Bull),41.67761,41.67761,Cloudy,0.25
258,2,Verstappen (Red Bull),43.20089,84.8785,Cloudy,0.25
258,3,Verstappen (Red Bull),42.66243,127.54093,Cloudy,0.25
258,4,Verstappen (Red Bull),42.70383,170.24476,Cloudy,0.25
258,5,Verstappen (Red Bull),42.42495,212.66971,Cloudy,0.25
258,1,Norris (McLaren),42.94075,42.94075,Cloudy,0.25
258,2,Norris (McLaren),42.59851,85.53927,Cloudy,0.25
258,3,Norris (McLaren),41.72423,127.26349,Cloudy,0.25
258,4,Norris (McLaren),42.68617,169.94966,Cloudy,0.25
258,5,Norris (McLaren),42.92669,212.87635,Cloudy,0.25
258,1,Leclerc (Ferrari),42.43339,42.43339,Cloudy,0.25
258,2,Leclerc (Ferrari),42.94507,85.37846,Cloudy,0.25
258,3,Leclerc (Ferrari),42.82636,128.20482,Cloudy,0.25
258,4,Leclerc (Ferrari),42.94036,171.14518,Cloudy,0.25
258,5,Leclerc (Ferrari),42.41991,213.56509,Cloudy,0.25
259,1,Hamilton (Mercedes),43.18458,43.18458,Cloudy,0.25
259,2,Hamilton (Mercedes),43.58573,86.77031,Cloudy,0.25
259,3,Hamilton (Mercedes),44.52348,131.29379,Cloudy,0.25
259,4,Hamilton (Mercedes),42.18929,173.48308,Cloudy,0.25
259,5,Hamilton (Mercedes),42.57894,216.06202,Cloudy,0.25
259,1,Verstappen (Red Bull),43.37122,43.37122,Cloudy,0.25
259,2,Verstappen (Red Bull),42.46821,85.83943,Cloudy,0.25
259,3,Verstappen (Red Bull),43.45483,129.29426,Cloudy,0.25
259,4,Verstappen (Red Bull),41.95669,171.25095,Cloudy,0.25
259,5,Verstappen (Red Bull),42.80206,214.05301,Cloudy,0.25
259,1,Norris (McLaren),43.19563,43.19563,Cloudy,0.25
259,2,Norris (McLaren),43.88451,87.08014,Cloudy,0.25
259,3,Norris (McLaren),42.3052,129.38533,Cloudy,0.25
259,4,Norris (McLaren),42.74337,172.1287,Cloudy,0.25
259,5,Norris (McLaren),43.42656,215.55525,Cloudy,0.25
259,1,Leclerc (Ferrari),42.46995,42.46995,Cloudy,0.25
259,2,Leclerc (Ferrari),41.92932,84.39927,Cloudy,0.25
259,3,Leclerc (Ferrari),42.2815,126.68077,Cloudy,0.25
259,4,Leclerc (Ferrari),43.33158,170.01235,Cloudy,0.25
259,5,Leclerc (Ferrari),41.61751,211.62986,Cloudy,0.25
260,1,Hamilton (Mercedes),42.85311,42.85311,Cloudy,0.25
260,2,Hamilton (Mercedes),43.0337,85.88681,Cloudy,0.25
260,3,Hamilton (Mercedes),43.09622,128.98303,Cloudy,0.25
260,4,Hamilton (Mercedes),42.92787,171.91091,Cloudy,0.25
260,5,Hamilton (Mercedes),43.00029,214.9112,Cloudy,0.25
260,1,Verstappen (Red Bull),41.62363,41.62363,Cloudy,0.25
260,2,Verstappen (Red Bull),42.86606,84.48969,Cloudy,0.25
260,3,Verstappen (Red Bull),41.35615,125.84584,Cloudy,0.25
260,4,Verstappen (Red Bull),41.96325,167.80909,Cloudy,0.25
260,5,Verstappen (Red Bull),42.56855,210.37764,Cloudy,0.25
260,1,Norris (McLaren),43.75899,43.75899,Cloudy,0.25
260,2,Norris (McLaren),43.08645,86.84544,Cloudy,0.25
260,3,Norris (McLaren),42.57191,129.41735,Cloudy,0.25
260,4,Norris (McLaren),42.96316,172.38051,Cloudy,0.25
260,5,Norris (McLaren),42.93326,215.31377,Cloudy,0.25
260,1,Leclerc (Ferrari),42.85282,42.85282,Cloudy,0.25
260,2,Leclerc (Ferrari),42.2887,85.14152,Cloudy,0.25
260,3,Leclerc (Ferrari),42.77047,127.91198,Cloudy,0.25
260,4,Leclerc (Ferrari),42.04626,169.95824,Cloudy,0.25
260,5,Leclerc (Ferrari),43.06441,213.02265,Cloudy,0.25
261,1,Hamilton (Mercedes),42.75393,42.75393,Cloudy,0.25
261,2,Hamilton (Mercedes),43.10725,85.86119,Cloudy,0.25
261,3,Hamilton (Mercedes),42.40599,128.26718,Cloudy,0.25
261,4,Hamilton (Mercedes),42.84918,171.11636,Cloudy,0.25
261,5,Hamilton (Mercedes),41.93581,213.05217,Cloudy,0.25
261,1,Verstappen (Red Bull),42.70887,42.70887,Cloudy,0.25
261,2,Verstappen (Red Bull),42.80878,85.51765,Cloudy,0.25
261,3,Verstappen (Red Bull),42.85868,128.37633,Cloudy,0.25
261,4,Verstappen (Red Bull),43.33373,171.71006,Cloudy,0.25
261,5,Verstappen (Red Bull),41.26088,212.97095,Cloudy,0.25
261,1,Norris (McLaren),43.82436,43.82436,Cloudy,0.25
261,2,Norris (McLaren),43.24944,87.0738,Cloudy,0.25
261,3,Norris (McLaren),42.74569,129.81949,Cloudy,0.25
261,4,Norris (McLaren),42.08895,171.90844,Cloudy,0.25
261,5,Norris (McLaren),43.75624,215.66468,Cloudy,0.25
261,1,Leclerc (Ferrari),42.17262,42.17262,Cloudy,0.25
261,2,Leclerc (Ferrari),41.62843,83.80104,Cloudy,0.25
261,3,Leclerc (Ferrari),42.193,125.99405,Cloudy,0.25
261,4,Leclerc (Ferrari),41.89488,167.88892,Cloudy,0.25
261,5,Leclerc (Ferrari),41.9934,209.88232,Cloudy,0.25
262,1,Hamilton (Mercedes),43.31028,43.31028,Cloudy,0.25
262,2,Hamilton (Mercedes),43.13347,86.44375,Cloudy,0.25
262,3,Hamilton (Mercedes),41.77932,128.22307,Cloudy,0.25
262,4,Hamilton (Mercedes),43.06857,171.29164,Cloudy,0.25
262,5,Hamilton (Mercedes),42.91312,214.20476,Cloudy,0.25
262,1,Verstappen (Red Bull),42.8727,42.8727,Cloudy,0.25
262,2,Verstappen (Red Bull),42.68083,85.55353,Cloudy,0.25
262,3,Verstappen (Red Bull),42.49093,128.04446,Cloudy,0.25
262,4,Verstappen (Red Bull),42.54765,170.59211,Cloudy,0.25
262,5,Verstappen (Red Bull),41.83116,212.42327,Cloudy,0.25
262,1,Norris (McLaren),42.31513,42.31513,Cloudy,0.25
262,2,Norris (McLaren),42.67273,84.98786,Cloudy,0.25
262,3,Norris (McLaren),42.95704,127.9449,Cloudy,0.25
262,4,Norris (McLaren),43.17956,171.12446,Cloudy,0.25
262,5,Norris (McLaren),42.90722,214.03168,Cloudy,0.25
262,1,Leclerc (Ferrari),42.81547,42.81547,Cloudy,0.25
262,2,Leclerc (Ferrari),42.45543,85.2709,Cloudy,0.25
262,3,Leclerc (Ferrari),42.36937,127.64027,Cloudy,0.25
262,4,Leclerc (Ferrari),41.71433,169.3546,Cloudy,0.25
262,5,Leclerc (Ferrari),42.25471,211.60931,Cloudy,0.25
263,1,Hamilton (Mercedes),43.12152,43.12152,Cloudy,0.25
263,2,Hamilton (Mercedes),43.78221,86.90373,Cloudy,0.25
263,3,Hamilton (Mercedes),43.72481,130.62854,Cloudy,0.25
263,4,Hamilton (Mercedes),42.58635,173.21489,Cloudy,0.25
263,5,Hamilton (Mercedes),43.7387,216.95359,Cloudy,0.25
263,1,Verstappen (Red Bull),43.21333,43.21333,Cloudy,0.25
263,2,Verstappen (Red Bull),42.70809,85.92142,Cloudy,0.25
263,3,Verstappen (Red Bull),43.50911,129.43053,Cloudy,0.25
263,4,Verstappen (Red Bull),42.1519,171.58243,Cloudy,0.25
263,5,Verstappen (Red Bull),41.98716,213.56958,Cloudy,0.25
263,1,Norris (McLaren),42.57917,42.57917,Cloudy,0.25
263,2,Norris (McLaren),42.93242,85.5116,Cloudy,0.25
263,3,Norris (McLaren),42.81841,128.33001,Cloudy,0.25
263,4,Norris (McLaren),43.71298,172.04299,Cloudy,0.25
263,5,Norris (McLaren),43.86471,215.9077,Cloudy,0.25
263,1,Leclerc (Ferrari),43.0451,43.0451,Cloudy,0.25
263,2,Leclerc (Ferrari),42.22421,85.26931,Cloudy,0.25
263,3,Leclerc (Ferrari),40.27671,125.54601,Cloudy,0.25
263,4,Leclerc (Ferrari),41.99496,167.54097,Cloudy,0.25
263,5,Leclerc (Ferrari),42.87197,210.41294,Cloudy,0.25
264,1,Hamilton (Mercedes),42.94617,42.94617,Cloudy,0.25
264,2,Hamilton (Mercedes),43.37332,86.31949,Cloudy,0.25
264,3,Hamilton (Mercedes),43.9134,130.23289,Cloudy,0.25
264,4,Hamilton (Mercedes),43.03651,173.2694,Cloudy,0.25
264,5,Hamilton (Mercedes),42.49777,215.76717,Cloudy,0.25
264,1,Verstappen (Red Bull),42.1955,42.1955,Cloudy,0.25
264,2,Verstappen (Red Bull),42.5849,84.7804,Cloudy,0.25
264,3,Verstappen (Red Bull),41.63416,126.41456,Cloudy,0.25
264,4,Verstappen (Red Bull),42.03031,168.44487,Cloudy,0.25
264,5,Verstappen (Red Bull),42.83102,211.27589,Cloudy,0.25
264,1,Norris (McLaren),43.59372,43.59372,Cloudy,0.25
264,2,Norris (McLaren),42.57104,86.16476,Cloudy,0.25
264,3,Norris (McLaren),43.7777,129.94246,Cloudy,0.25
264,4,Norris (McLaren),42.58055,172.52301,Cloudy,0.25
264,5,Norris (McLaren),42.76496,215.28797,Cloudy,0.25
264,1,Leclerc (Ferrari),42.48691,42.48691,Cloudy,0.25
264,2,Leclerc (Ferrari),42.57973,85.06664,Cloudy,0.25
264,3,Leclerc (Ferrari),42.52465,127.59129,Cloudy,0.25
264,4,Leclerc (Ferrari),41.15485,168.74614,Cloudy,0.25
264,5,Leclerc (Ferrari),43.17544,211.92157,Cloudy,0.25
265,1,Hamilton (Mercedes),42.4113,42.4113,Cloudy,0.25
265,2,Hamilton (Mercedes),42.55819,84.96949,Cloudy,0.25
265,3,Hamilton (Mercedes),42.10141,127.0709,Cloudy,0.25
265,4,Hamilton (Mercedes),43.43376,170.50466,Cloudy,0.25
265,5,Hamilton (Mercedes),43.95683,214.46149,Cloudy,0.25
265,1,Verstappen (Red Bull),42.40397,42.40397,Cloudy,0.25
265,2,Verstappen (Red Bull),43.12947,85.53344,Cloudy,0.25
265,3,Verstappen (Red Bull),42.98349,128.51693,Cloudy,0.25
265,4,Verstappen (Red Bull),42.03317,170.55011,Cloudy,0.25
265,5,Verstappen (Red Bull),41.61956,212.16966,Cloudy,0.25
265,1,Norris (McLaren),44.4244,44.4244,Cloudy,0.25
265,2,Norris (McLaren),43.74979,88.17419,Cloudy,0.25
265,3,Norris (McLaren),42.43005,130.60424,Cloudy,0.25
265,4,Norris (McLaren),43.21702,173.82126,Cloudy,0.25
265,5,Norris (McLaren),43.74322,217.56449,Cloudy,0.25
265,1,Leclerc (Ferrari),42.68743,42.68743,Cloudy,0.25
265,2,Leclerc (Ferrari),42.23971,84.92713,Cloudy,0.25
265,3,Leclerc (Ferrari),43.20551,128.13264,Cloudy,0.25
265,4,Leclerc (Ferrari),42.73555,170.86819,Cloudy,0.25
265,5,Leclerc (Ferrari),42.82324,213.69143,Cloudy,0.25
266,1,Hamilton (Mercedes),42.73256,42.73256,Cloudy,0.25
266,2,Hamilton (Mercedes),43.13623,85.8688,Cloudy,0.25
266,3,Hamilton (Mercedes),42.6496,128.5184,Cloudy,0.25
266,4,Hamilton (Mercedes),42.24785,170.76625,Cloudy,0.25
266,5,Hamilton (Mercedes),42.60474,213.37099,Cloudy,0.25
266,1,Verstappen (Red Bull),43.07898,43.07898,Cloudy,0.25
266,2,Verstappen (Red Bull),42.68832,85.7673,Cloudy,0.25
266,3,Verstappen (Red Bull),41.81172,127.57902,Cloudy,0.25
266,4,Verstappen (Red Bull),41.8657,169.44472,Cloudy,0.25
266,5,Verstappen (Red Bull),41.16459,210.60931,Cloudy,0.25
266,1,Norris (McLaren),41.53798,41.53798,Cloudy,0.25
266,2,Norris (McLaren),43.08512,84.6231,Cloudy,0.25
266,3,Norris (McLaren),42.4688,127.0919,Cloudy,0.25
266,4,Norris (McLaren),42.1213,169.2132,Cloudy,0.25
266,5,Norris (McLaren),41.89358,211.10678,Cloudy,0.25
266,1,Leclerc (Ferrari),41.82379,41.82379,Cloudy,0.25
266,2,Leclerc (Ferrari),42.4785,84.30228,Cloudy,0.25
266,3,Leclerc (Ferrari),42.92024,127.22252,Cloudy,0.25
266,4,Leclerc (Ferrari),42.25811,169.48063,Cloudy,0.25
266,5,Leclerc (Ferrari),42.4003,211.88093,Cloudy,0.25
267,1,Hamilton (Mercedes),42.37413,42.37413,Cloudy,0.25
267,2,Hamilton (Mercedes),42.51223,84.88636,Cloudy,0.25
267,3,Hamilton (Mercedes),43.70744,128.5938,Cloudy,0.25
267,4,Hamilton (Mercedes),42.71776,171.31156,Cloudy,0.25
267,5,Hamilton (Mercedes),42.51027,213.82183,Cloudy,0.25
267,1,Verstappen (Red Bull),43.30392,43.30392,Cloudy,0.25
267,2,Verstappen (Red Bull),42.17393,85.47785,Cloudy,0.25
267,3,Verstappen (Red Bull),42.9243,128.40214,Cloudy,0.25
267,4,Verstappen (Red Bull),41.87293,170.27507,Cloudy,0.25
267,5,Verstappen (Red Bull),42.87102,213.14609,Cloudy,0.25
267,1,Norris (McLaren),43.36634,43.36634,Cloudy,0.25
267,2,Norris (McLaren),42.63958,86.00592,Cloudy,0.25
267,3,Norris (McLaren),42.4802,128.48612,Cloudy,0.25
267,4,Norris (McLaren),43.91,172.39612,Cloudy,0.25
267,5,Norris (McLaren),43.24327,215.63939,Cloudy,0.25
267,1,Leclerc (Ferrari),42.44684,42.44684,Cloudy,0.25
267,2,Leclerc (Ferrari),42.72452,85.17137,Cloudy,0.25
267,3,Leclerc (Ferrari),43.20945,128.38082,Cloudy,0.25
267,4,Leclerc (Ferrari),42.40311,170.78393,Cloudy,0.25
267,5,Leclerc (Ferrari),42.77973,213.56366,Cloudy,0.25
268,1,Hamilton (Mercedes),43.72713,43.72713,Cloudy,0.25
268,2,Hamilton (Mercedes),42.49788,86.22501,Cloudy,0.25
268,3,Hamilton (Mercedes),43.04732,129.27233,Cloudy,0.25
268,4,Hamilton (Mercedes),43.07232,172.34465,Cloudy,0.25
268,5,Hamilton (Mercedes),43.408,215.75265,Cloudy,0.25
268,1,Verstappen (Red Bull),42.25691,42.25691,Cloudy,0.25
268,2,Verstappen (Red Bull),42.69203,84.94893,Cloudy,0.25
268,3,Verstappen (Red Bull),43.0076,127.95653,Cloudy,0.25
268,4,Verstappen (Red Bull),42.43804,170.39457,Cloudy,0.25
268,5,Verstappen (Red Bull),42.07816,212.47272,Cloudy,0.25
268,1,Norris (McLaren),43.28382,43.28382,Cloudy,0.25
268,2,Norris (McLaren),43.47458,86.75839,Cloudy,0.25
268,3,Norris (McLaren),42.48561,129.244,Cloudy,0.25
268,4,Norris (McLaren),42.2331,171.4771,Cloudy,0.25
268,5,Norris (McLaren),42.09202,213.56911,Cloudy,0.25
268,1,Leclerc (Ferrari),41.54809,41.54809,Cloudy,0.25
268,2,Leclerc (Ferrari),42.35368,83.90178,Cloudy,0.25
268,3,Leclerc (Ferrari),41.74234,125.64412,Cloudy,0.25
268,4,Leclerc (Ferrari),41.72062,167.36474,Cloudy,0.25
268,5,Leclerc (Ferrari),41.03926,208.404,Cloudy,0.25
269,1,Hamilton (Mercedes),43.34492,43.34492,Cloudy,0.25
269,2,Hamilton (Mercedes),43.62077,86.96569,Cloudy,0.25
269,3,Hamilton (Mercedes),43.5846,130.55029,Cloudy,0.25
269,4,Hamilton (Mercedes),42.93229,173.48258,Cloudy,0.25
269,5,Hamilton (Mercedes),43.20149,216.68407,Cloudy,0.25
269,1,Verstappen (Red Bull),43.69228,43.69228,Cloudy,0.25
269,2,Verstappen (Red Bull),42.55081,86.24309,Cloudy,0.25
269,3,Verstappen (Red Bull),43.36485,129.60794,Cloudy,0.25
269,4,Verstappen (Red Bull),41.7095,171.31744,Cloudy,0.25
269,5,Verstappen (Red Bull),43.09488,214.41232,Cloudy,0.25
269,1,Norris (McLaren),42.58984,42.58984,Cloudy,0.25
269,2,Norris (McLaren),42.03776,84.62759,Cloudy,0.25
269,3,Norris (McLaren),42.96191,127.58951,Cloudy,0.25
269,4,Norris (McLaren),42.18632,169.77583,Cloudy,0.25
269,5,Norris (McLaren),44.19939,213.97521,Cloudy,0.25
269,1,Leclerc (Ferrari),42.03011,42.03011,Cloudy,0.25
269,2,Leclerc (Ferrari),42.03448,84.06458,Cloudy,0.25
269,3,Leclerc (Ferrari),41.47889,125.54348,Cloudy,0.25
269,4,Leclerc (Ferrari),42.51656,168.06003,Cloudy,0.25
269,5,Leclerc (Ferrari),42.65246,210.7125,Cloudy,0.25
270,1,Hamilton (Mercedes),42.69959,42.69959,Cloudy,0.25
270,2,Hamilton (Mercedes),43.0902,85.78979,Cloudy,0.25
270,3,Hamilton (Mercedes),42.98969,128.77948,Cloudy,0.25
270,4,Hamilton (Mercedes),42.8363,171.61578,Cloudy,0.25
270,5,Hamilton (Mercedes),43.91397,215.52975,Cloudy,0.25
270,1,Verstappen (Red Bull),44.04499,44.04499,Cloudy,0.25
270,2,Verstappen (Red Bull),42.64728,86.69227,Cloudy,0.25
270,3,Verstappen (Red Bull),42.60084,129.29312,Cloudy,0.25
270,4,Verstappen (Red Bull),42.17319,171.4663,Cloudy,0.25
270,5,Verstappen (Red Bull),42.44964,213.91594,Cloudy,0.25
270,1,Norris (McLaren),41.84396,41.84396,Cloudy,0.25
270,2,Norris (McLaren),43.41188,85.25584,Cloudy,0.25
270,3,Norris (McLaren),43.50662,128.76246,Cloudy,0.25
270,4,Norris (McLaren),41.79469,170.55715,Cloudy,0.25
270,5,Norris (McLaren),42.57226,213.1294,Cloudy,0.25
270,1,Leclerc (Ferrari),43.27422,43.27422,Cloudy,0.25
270,2,Leclerc (Ferrari),43.19326,86.46748,Cloudy,0.25
270,3,Leclerc (Ferrari),41.38718,127.85467,Cloudy,0.25
270,4,Leclerc (Ferrari),41.43901,169.29368,Cloudy,0.25
270,5,Leclerc (Ferrari),42.11653,211.41021,Cloudy,0.25
271,1,Hamilton (Mercedes),43.31194,43.31194,Cloudy,0.25
271,2,Hamilton (Mercedes),42.2132,85.52514,Cloudy,0.25
271,3,Hamilton (Mercedes),43.23154,128.75668,Cloudy,0.25
271,4,Hamilton (Mercedes),43.31575,172.07243,Cloudy,0.25
271,5,Hamilton (Mercedes),42.80957,214.88201,Cloudy,0.25
271,1,Verstappen (Red Bull),43.47302,43.47302,Cloudy,0.25
271,2,Verstappen (Red Bull),43.03571,86.50873,Cloudy,0.25
271,3,Verstappen (Red Bull),42.6514,129.16013,Cloudy,0.25
271,4,Verstappen (Red Bull),42.42121,171.58134,Cloudy,0.25
271,5,Verstappen (Red Bull),41.99071,213.57205,Cloudy,0.25
271,1,Norris (McLaren),42.08588,42.08588,Cloudy,0.25
271,2,Norris (McLaren),42.32085,84.40673,Cloudy,0.25
271,3,Norris (McLaren),42.77642,127.18316,Cloudy,0.25
271,4,Norris (McLaren),42.66024,169.8434,Cloudy,0.25
271,5,Norris (McLaren),43.7351,213.57849,Cloudy,0.25
271,1,Leclerc (Ferrari),41.76158,41.76158,Cloudy,0.25
271,2,Leclerc (Ferrari),41.60082,83.3624,Cloudy,0.25
271,3,Leclerc (Ferrari),41.91808,125.28048,Cloudy,0.25
271,4,Leclerc (Ferrari),42.01763,167.29811,Cloudy,0.25
271,5,Leclerc (Ferrari),41.52269,208.8208,Cloudy,0.25
272,1,Hamilton (Mercedes),42.80085,42.80085,Cloudy,0.25
272,2,Hamilton (Mercedes),42.94283,85.74367,Cloudy,0.25
272,3,Hamilton (Mercedes),42.55084,128.29451,Cloudy,0.25
272,4,Hamilton (Mercedes),41.52274,169.81725,Cloudy,0.25
272,5,Hamilton (Mercedes),43.1533,212.97055,Cloudy,0.25
272,1,Verstappen (Red Bull),42.8481,42.8481,Cloudy,0.25
272,2,Verstappen (Red Bull),42.56578,85.41388,Cloudy,0.25
272,3,Verstappen (Red Bull),42.75464,128.16852,Cloudy,0.25
272,4,Verstappen (Red Bull),42.24686,170.41539,Cloudy,0.25
272,5,Verstappen (Red Bull),42.65098,213.06637,Cloudy,0.25
272,1,Norris (McLaren),42.65738,42.65738,Cloudy,0.25
272,2,Norris (McLaren),43.9159,86.57328,Cloudy,0.25
272,3,Norris (McLaren),42.06968,128.64296,Cloudy,0.25
272,4,Norris (McLaren),42.88149,171.52445,Cloudy,0.25
272,5,Norris (McLaren),42.61335,214.1378,Cloudy,0.25
272,1,Leclerc (Ferrari),42.52146,42.52146,Cloudy,0.25
272,2,Leclerc (Ferrari),42.36165,84.88311,Cloudy,0.25
272,3,Leclerc (Ferrari),41.78738,126.67049,Cloudy,0.25
272,4,Leclerc (Ferrari),41.68336,168.35385,Cloudy,0.25
272,5,Leclerc (Ferrari),41.76046,210.11431,Cloudy,0.25
273,1,Hamilton (Mercedes),43.47566,43.47566,Cloudy,0.25
273,2,Hamilton (Mercedes),42.50541,85.98107,Cloudy,0.25
273,3,Hamilton (Mercedes),43.1398,129.12086,Cloudy,0.25
273,4,Hamilton (Mercedes),43.49627,172.61714,Cloudy,0.25
273,5,Hamilton (Mercedes),43.44193,216.05907,Cloudy,0.25
273,1,Verstappen (Red Bull),42.83923,42.83923,Cloudy,0.25
273,2,Verstappen (Red Bull),41.75373,84.59296,Cloudy,0.25
273,3,Verstappen (Red Bull),42.8982,127.49116,Cloudy,0.25
273,4,Verstappen (Red Bull),42.44338,169.93453,Cloudy,0.25
273,5,Verstappen (Red Bull),40.7555,210.69004,Cloudy,0.25
273,1,Norris (McLaren),44.2731,44.2731,Cloudy,0.25
273,2,Norris (McLaren),43.98393,88.25703,Cloudy,0.25
273,3,Norris (McLaren),42.00059,130.25763,Cloudy,0.25
273,4,Norris (McLaren),42.61038,172.868,Cloudy,0.25
273,5,Norris (McLaren),42.55673,215.42473,Cloudy,0.25
273,1,Leclerc (Ferrari),42.40974,42.40974,Cloudy,0.25
273,2,Leclerc (Ferrari),42.09143,84.50117,Cloudy,0.25
273,3,Leclerc (Ferrari),42.65401,127.15518,Cloudy,0.25
273,4,Leclerc (Ferrari),42.75737,169.91254,Cloudy,0.25
273,5,Leclerc (Ferrari),43.17696,213.08951,Cloudy,0.25
274,1,Hamilton (Mercedes),43.38583,43.38583,Cloudy,0.25
274,2,Hamilton (Mercedes),42.95674,86.34257,Cloudy,0.25
274,3,Hamilton (Mercedes),43.41232,129.75489,Cloudy,0.25
274,4,Hamilton (Mercedes),43.68099,173.43588,Cloudy,0.25
274,5,Hamilton (Mercedes),42.73922,216.1751,Cloudy,0.25
274,1,Verstappen (Red Bull),42.21006,42.21006,Cloudy,0.25
274,2,Verstappen (Red Bull),42.57855,84.78861,Cloudy,0.25
274,3,Verstappen (Red Bull),42.55416,127.34277,Cloudy,0.25
274,4,Verstappen (Red Bull),43.12227,170.46504,Cloudy,0.25
274,5,Verstappen (Red Bull),43.21516,213.6802,Cloudy,0.25
274,1,Norris (McLaren),43.24719,43.24719,Cloudy,0.25
274,2,Norris (McLaren),43.52682,86.774,Cloudy,0.25
274,3,Norris (McLaren),43.07512,129.84912,Cloudy,0.25
274,4,Norris (McLaren),42.16182,172.01094,Cloudy,0.25
274,5,Norris (McLaren),43.34116,215.35211,Cloudy,0.25
274,1,Leclerc (Ferrari),42.83025,42.83025,Cloudy,0.25
274,2,Leclerc (Ferrari),42.39838,85.22863,Cloudy,0.25
274,3,Leclerc (Ferrari),42.22859,127.45722,Cloudy,0.25
274,4,Leclerc (Ferrari),40.98176,168.43898,Cloudy,0.25
274,5,Leclerc (Ferrari),42.12816,210.56713,Cloudy,0.25
275,1,Hamilton (Mercedes),43.82429,43.82429,Cloudy,0.25
275,2,Hamilton (Mercedes),42.78356,86.60785,Cloudy,0.25
275,3,Hamilton (Mercedes),43.11157,129.71942,Cloudy,0.25
275,4,Hamilton (Mercedes),42.94212,172.66154,Cloudy,0.25
275,5,Hamilton (Mercedes),42.57413,215.23566,Cloudy,0.25
275,1,Verstappen (Red Bull),42.79051,42.79051,Cloudy,0.25
275,2,Verstappen (Red Bull),41.97482,84.76533,Cloudy,0.25
275,3,Verstappen (Red Bull),42.02745,126.79278,Cloudy,0.25
275,4,Verstappen (Red Bull),42.30788,169.10065,Cloudy,0.25
275,5,Verstappen (Red Bull),41.41732,210.51797,Cloudy,0.25
275,1,Norris (McLaren),42.39859,42.39859,Cloudy,0.25
275,2,Norris (McLaren),44.02781,86.4264,Cloudy,0.25
275,3,Norris (McLaren),42.91706,129.34346,Cloudy,0.25
275,4,Norris (McLaren),42.13821,171.48167,Cloudy,0.25
275,5,Norris (McLaren),42.9412,214.42287,Cloudy,0.25
275,1,Leclerc (Ferrari),41.53112,41.53112,Cloudy,0.25
275,2,Leclerc (Ferrari),41.79046,83.32158,Cloudy,0.25
275,3,Leclerc (Ferrari),41.83825,125.15983,Cloudy,0.25
275,4,Leclerc (Ferrari),43.81975,168.97957,Cloudy,0.25
275,5,Leclerc (Ferrari),42.64993,211.6295,Cloudy,0.25
276,1,Hamilton (Mercedes),42.38681,42.38681,Cloudy,0.25
276,2,Hamilton (Mercedes),42.36382,84.75062,Cloudy,0.25
276,3,Hamilton (Mercedes),42.90979,127.66041,Cloudy,0.25
276,4,Hamilton (Mercedes),42.18434,169.84475,Cloudy,0.25
276,5,Hamilton (Mercedes),43.8037,213.64846,Cloudy,0.25
276,1,Verstappen (Red Bull),42.26587,42.26587,Cloudy,0.25
276,2,Verstappen (Red Bull),42.94211,85.20798,Cloudy,0.25
276,3,Verstappen (Red Bull),41.72615,126.93413,Cloudy,0.25
276,4,Verstappen (Red Bull),41.09232,168.02645,Cloudy,0.25
276,5,Verstappen (Red Bull),42.28387,210.31032,Cloudy,0.25
276,1,Norris (McLaren),42.26152,42.26152,Cloudy,0.25
276,2,Norris (McLaren),42.32388,84.5854,Cloudy,0.25
276,3,Norris (McLaren),42.98598,127.57138,Cloudy,0.25
276,4,Norris (McLaren),42.91605,170.48743,Cloudy,0.25
276,5,Norris (McLaren),42.69752,213.18495,Cloudy,0.25
276,1,Leclerc (Ferrari),41.80788,41.80788,Cloudy,0.25
276,2,Leclerc (Ferrari),42.72387,84.53175,Cloudy,0.25
276,3,Leclerc (Ferrari),40.90286,125.43461,Cloudy,0.25
276,4,Leclerc (Ferrari),42.29968,167.73429,Cloudy,0.25
276,5,Leclerc (Ferrari),41.37599,209.11028,Cloudy,0.25
277,1,Hamilton (Mercedes),42.8829,42.8829,Cloudy,0.25
277,2,Hamilton (Mercedes),43.1759,86.05881,Cloudy,0.25
277,3,Hamilton (Mercedes),43.20815,129.26696,Cloudy,0.25
277,4,Hamilton (Mercedes),42.36792,171.63488,Cloudy,0.25
277,5,Hamilton (Mercedes),42.56218,214.19706,Cloudy,0.25
277,1,Verstappen (Red Bull),43.05128,43.05128,Cloudy,0.25
277,2,Verstappen (Red Bull),42.25489,85.30617,Cloudy,0.25
277,3,Verstappen (Red Bull),42.7952,128.10137,Cloudy,0.25
277,4,Verstappen (Red Bull),42.57268,170.67406,Cloudy,0.25
277,5,Verstappen (Red Bull),41.71575,212.38981,Cloudy,0.25
277,1,Norris (McLaren),43.67953,43.67953,Cloudy,0.25
277,2,Norris (McLaren),42.00979,85.68932,Cloudy,0.25
277,3,Norris (McLaren),44.2564,129.94572,Cloudy,0.25
277,4,Norris (McLaren),42.98843,172.93415,Cloudy,0.25
277,5,Norris (McLaren),42.81844,215.75259,Cloudy,0.25
277,1,Leclerc (Ferrari),42.88824,42.88824,Cloudy,0.25
277,2,Leclerc (Ferrari),42.20429,85.09253,Cloudy,0.25
277,3,Leclerc (Ferrari),43.074,128.16652,Cloudy,0.25
277,4,Leclerc (Ferrari),41.98336,170.14989,Cloudy,0.25
277,5,Leclerc (Ferrari),41.79036,211.94024,Cloudy,0.25
278,1,Hamilton (Mercedes),43.17345,43.17345,Cloudy,0.25
278,2,Hamilton (Mercedes),42.6917,85.86515,Cloudy,0.25
278,3,Hamilton (Mercedes),43.06966,128.93481,Cloudy,0.25
278,4,Hamilton (Mercedes),43.5588,172.49361,Cloudy,0.25
278,5,Hamilton (Mercedes),43.08316,215.57677,Cloudy,0.25
278,1,Verstappen (Red Bull),43.84298,43.84298,Cloudy,0.25
278,2,Verstappen (Red Bull),43.15972,87.0027,Cloudy,0.25
278,3,Verstappen (Red Bull),42.74301,129.74571,Cloudy,0.25
278,4,Verstappen (Red Bull),42.01976,171.76547,Cloudy,0.25
278,5,Verstappen (Red Bull),42.9783,214.74377,Cloudy,0.25
278,1,Norris (McLaren),42.24486,42.24486,Cloudy,0.25
278,2,Norris (McLaren),45.0178,87.26267,Cloudy,0.25
278,3,Norris (McLaren),42.28964,129.5523,Cloudy,0.25
278,4,Norris (McLaren),43.22867,172.78098,Cloudy,0.25
278,5,Norris (McLaren),42.8597,215.64068,Cloudy,0.25
278,1,Leclerc (Ferrari),42.63855,42.63855,Cloudy,0.25
278,2,Leclerc (Ferrari),42.26129,84.89984,Cloudy,0.25
278,3,Leclerc (Ferrari),42.00373,126.90358,Cloudy,0.25
278,4,Leclerc (Ferrari),42.27282,169.17639,Cloudy,0.25
278,5,Leclerc (Ferrari),41.92827,211.10467,Cloudy,0.25
279,1,Hamilton (Mercedes),43.67594,43.67594,Cloudy,0.25
279,2,Hamilton (Mercedes),42.62739,86.30333,Cloudy,0.25
279,3,Hamilton (Mercedes),44.12223,130.42557,Cloudy,0.25
279,4,Hamilton (Mercedes),43.24887,173.67444,Cloudy,0.25
279,5,Hamilton (Mercedes),42.50031,216.17475,Cloudy,0.25
279,1,Verstappen (Red Bull),42.84451,42.84451,Cloudy,0.25
279,2,Verstappen (Red Bull),42.61048,85.455,Cloudy,0.25
279,3,Verstappen (Red Bull),42.28542,127.74042,Cloudy,0.25
279,4,Verstappen (Red Bull),43.02958,170.76999,Cloudy,0.25
279,5,Verstappen (Red Bull),44.10736,214.87735,Cloudy,0.25
279,1,Norris (McLaren),43.95512,43.95512,Cloudy,0.25
279,2,Norris (McLaren),42.39489,86.35001,Cloudy,0.25
279,3,Norris (McLaren),43.4499,129.79991,Cloudy,0.25
279,4,Norris (McLaren),43.14329,172.9432,Cloudy,0.25
279,5,Norris (McLaren),42.54281,215.48602,Cloudy,0.25
279,1,Leclerc (Ferrari),43.13148,43.13148,Cloudy,0.25
279,2,Leclerc (Ferrari),42.6072,85.73868,Cloudy,0.25
279,3,Leclerc (Ferrari),42.73198,128.47066,Cloudy,0.25
279,4,Leclerc (Ferrari),42.46556,170.93622,Cloudy,0.25
279,5,Leclerc (Ferrari),42.68346,213.61968,Cloudy,0.25
280,1,Hamilton (Mercedes),42.58847,42.58847,Cloudy,0.25
280,2,Hamilton (Mercedes),42.84204,85.43051,Cloudy,0.25
280,3,Hamilton (Mercedes),41.86037,127.29088,Cloudy,0.25
280,4,Hamilton (Mercedes),43.34534,170.63622,Cloudy,0.25
280,5,Hamilton (Mercedes),42.68068,213.3169,Cloudy,0.25
280,1,Verstappen (Red Bull),42.96373,42.96373,Cloudy,0.25
280,2,Verstappen (Red Bull),42.1977,85.16142,Cloudy,0.25
280,3,Verstappen (Red Bull),42.68588,127.8473,Cloudy,0.25
280,4,Verstappen (Red Bull),42.51607,170.36337,Cloudy,0.25
280,5,Verstappen (Red Bull),40.92502,211.28839,Cloudy,0.25
280,1,Norris (McLaren),42.24415,42.24415,Cloudy,0.25
280,2,Norris (McLaren),43.5026,85.74675,Cloudy,0.25
280,3,Norris (McLaren),43.79706,129.54381,Cloudy,0.25
280,4,Norris (McLaren),44.07186,173.61567,Cloudy,0.25
280,5,Norris (McLaren),43.34611,216.96178,Cloudy,0.25
280,1,Leclerc (Ferrari),42.79435,42.79435,Cloudy,0.25
280,2,Leclerc (Ferrari),42.0052,84.79954,Cloudy,0.25
280,3,Leclerc (Ferrari),42.18169,126.98124,Cloudy,0.25
280,4,Leclerc (Ferrari),40.52553,167.50676,Cloudy,0.25
280,5,Leclerc (Ferrari),42.42086,209.92763,Cloudy,0.25
281,1,Hamilton (Mercedes),43.34022,43.34022,Cloudy,0.25
281,2,Hamilton (Mercedes),42.53936,85.87957,Cloudy,0.25
281,3,Hamilton (Mercedes),42.80015,128.67972,Cloudy,0.25
281,4,Hamilton (Mercedes),42.99223,171.67196,Cloudy,0.25
281,5,Hamilton (Mercedes),43.44029,215.11224,Cloudy,0.25
281,1,Verstappen (Red Bull),42.07395,42.07395,Cloudy,0.25
281,2,Verstappen (Red Bull),42.19699,84.27094,Cloudy,0.25
281,3,Verstappen (Red Bull),42.62553,126.89647,Cloudy,0.25
281,4,Verstappen (Red Bull),42.32952,169.22599,Cloudy,0.25
281,5,Verstappen (Red Bull),42.81255,212.03854,Cloudy,0.25
281,1,Norris (McLaren),42.22415,42.22415,Cloudy,0.25
281,2,Norris (McLaren),44.43092,86.65508,Cloudy,0.25
281,3,Norris (McLaren),42.79232,129.44739,Cloudy,0.25
281,4,Norris (McLaren),42.07079,171.51818,Cloudy,0.25
281,5,Norris (McLaren),43.3213,214.83949,Cloudy,0.25
281,1,Leclerc (Ferrari),41.71423,41.71423,Cloudy,0.25
281,2,Leclerc (Ferrari),42.81835,84.53258,Cloudy,0.25
281,3,Leclerc (Ferrari),42.10373,126.63631,Cloudy,0.25
281,4,Leclerc (Ferrari),42.24231,168.87862,Cloudy,0.25
281,5,Leclerc (Ferrari),42.58797,211.46659,Cloudy,0.25
282,1,Hamilton (Mercedes),42.25377,42.25377,Cloudy,0.25
282,2,Hamilton (Mercedes),41.59657,83.85034,Cloudy,0.25
282,3,Hamilton (Mercedes),42.65694,126.50728,Cloudy,0.25
282,4,Hamilton (Mercedes),43.13699,169.64427,Cloudy,0.25
282,5,Hamilton (Mercedes),43.28398,212.92825,Cloudy,0.25
282,1,Verstappen (Red Bull),41.40363,41.40363,Cloudy,0.25
282,2,Verstappen (Red Bull),42.81149,84.21512,Cloudy,0.25
282,3,Verstappen (Red Bull),42.38921,126.60433,Cloudy,0.25
282,4,Verstappen (Red Bull),41.81545,168.41977,Cloudy,0.25
282,5,Verstappen (Red Bull),43.2148,211.63457,Cloudy,0.25
282,1,Norris (McLaren),43.82321,43.82321,Cloudy,0.25
282,2,Norris (McLaren),43.26283,87.08604,Cloudy,0.25
282,3,Norris (McLaren),42.70766,129.79369,Cloudy,0.25
282,4,Norris (McLaren),42.86391,172.65761,Cloudy,0.25
282,5,Norris (McLaren),43.83762,216.49522,Cloudy,0.25
282,1,Leclerc (Ferrari),41.99358,41.99358,Cloudy,0.25
282,2,Leclerc (Ferrari),43.10652,85.1001,Cloudy,0.25
282,3,Leclerc (Ferrari),43.20549,128.30559,Cloudy,0.25
282,4,Leclerc (Ferrari),42.08078,170.38637,Cloudy,0.25
282,5,Leclerc (Ferrari),42.30251,212.68888,Cloudy,0.25
283,1,Hamilton (Mercedes),41.3245,41.3245,Cloudy,0.25
283,2,Hamilton (Mercedes),43.32021,84.64471,Cloudy,0.25
283,3,Hamilton (Mercedes),42.84456,127.48927,Cloudy,0.25
283,4,Hamilton (Mercedes),43.64199,171.13126,Cloudy,0.25
283,5,Hamilton (Mercedes),42.57399,213.70525,Cloudy,0.25
283,1,Verstappen (Red Bull),42.00891,42.00891,Cloudy,0.25
283,2,Verstappen (Red Bull),42.25736,84.26627,Cloudy,0.25
283,3,Verstappen (Red Bull),43.12227,127.38854,Cloudy,0.25
283,4,Verstappen (Red Bull),42.11994,169.50848,Cloudy,0.25
283,5,Verstappen (Red Bull),42.35886,211.86734,Cloudy,0.25
283,1,Norris (McLaren),43.88912,43.88912,Cloudy,0.25
283,2,Norris (McLaren),43.54014,87.42927,Cloudy,0.25
283,3,Norris (McLaren),42.24129,129.67056,Cloudy,0.25
283,4,Norris (McLaren),43.28578,172.95634,Cloudy,0.25
283,5,Norris (McLaren),43.13948,216.09581,Cloudy,0.25
283,1,Leclerc (Ferrari),42.5415,42.5415,Cloudy,0.25
283,2,Leclerc (Ferrari),42.72802,85.26952,Cloudy,0.25
283,3,Leclerc (Ferrari),43.39267,128.66219,Cloudy,0.25
283,4,Leclerc (Ferrari),42.00497,170.66717,Cloudy,0.25
283,5,Leclerc (Ferrari),42.14783,212.815,Cloudy,0.25
284,1,Hamilton (Mercedes),42.82024,42.82024,Cloudy,0.25
284,2,Hamilton (Mercedes),42.39848,85.21871,Cloudy,0.25
284,3,Hamilton (Mercedes),42.48874,127.70745,Cloudy,0.25
284,4,Hamilton (Mercedes),42.39126,170.09872,Cloudy,0.25
284,5,Hamilton (Mercedes),42.84686,212.94558,Cloudy,0.25
284,1,Verstappen (Red Bull),42.14294,42.14294,Cloudy,0.25
284,2,Verstappen (Red Bull),43.3023,85.44524,Cloudy,0.25
284,3,Verstappen (Red Bull),42.21545,127.6607,Cloudy,0.25
284,4,Verstappen (Red Bull),42.60278,170.26348,Cloudy,0.25
284,5,Verstappen (Red Bull),42.08313,212.34661,Cloudy,0.25
284,1,Norris (McLaren),42.72434,42.72434,Cloudy,0.25
284,2,Norris (McLaren),43.56336,86.2877,Cloudy,0.25
284,3,Norris (McLaren),42.24057,128.52827,Cloudy,0.25
284,4,Norris (McLaren),43.07813,171.60641,Cloudy,0.25
284,5,Norris (McLaren),42.63142,214.23783,Cloudy,0.25
284,1,Leclerc (Ferrari),42.8099,42.8099,Cloudy,0.25
284,2,Leclerc (Ferrari),42.23612,85.04602,Cloudy,0.25
284,3,Leclerc (Ferrari),42.41803,127.46406,Cloudy,0.25
284,4,Leclerc (Ferrari),41.98914,169.45319,Cloudy,0.25
284,5,Leclerc (Ferrari),42.09938,211.55257,Cloudy,0.25
285,1,Hamilton (Mercedes),42.42833,42.42833,Cloudy,0.25
285,2,Hamilton (Mercedes),42.77819,85.20652,Cloudy,0.25
285,3,Hamilton (Mercedes),42.73564,127.94217,Cloudy,0.25
285,4,Hamilton (Mercedes),42.71837,170.66054,Cloudy,0.25
285,5,Hamilton (Mercedes),43.44857,214.10912,Cloudy,0.25
285,1,Verstappen (Red Bull),42.40844,42.40844,Cloudy,0.25
285,2,Verstappen (Red Bull),42.60701,85.01545,Cloudy,0.25
285,3,Verstappen (Red Bull),42.95009,127.96554,Cloudy,0.25
285,4,Verstappen (Red Bull),42.47244,170.43797,Cloudy,0.25
285,5,Verstappen (Red Bull),42.26887,212.70684,Cloudy,0.25
285,1,Norris (McLaren),42.27678,42.27678,Cloudy,0.25
285,2,Norris (McLaren),43.35194,85.62873,Cloudy,0.25
285,3,Norris (McLaren),43.63668,129.2654,Cloudy,0.25
285,4,Norris (McLaren),43.91312,173.17852,Cloudy,0.25
285,5,Norris (McLaren),43.01798,216.1965,Cloudy,0.25
285,1,Leclerc (Ferrari),40.86907,40.86907,Cloudy,0.25
285,2,Leclerc (Ferrari),42.00439,82.87346,Cloudy,0.25
285,3,Leclerc (Ferrari),42.37274,125.24619,Cloudy,0.25
285,4,Leclerc (Ferrari),41.84906,167.09525,Cloudy,0.25
285,5,Leclerc (Ferrari),42.63597,209.73122,Cloudy,0.25
286,1,Hamilton (Mercedes),43.32725,43.32725,Cloudy,0.25
286,2,Hamilton (Mercedes),42.78064,86.1079,Cloudy,0.25
286,3,Hamilton (Mercedes),42.19537,128.30326,Cloudy,0.25
286,4,Hamilton (Mercedes),42.69437,170.99764,Cloudy,0.25
286,5,Hamilton (Mercedes),43.63384,214.63148,Cloudy,0.25
286,1,Verstappen (Red Bull),42.15234,42.15234,Cloudy,0.25
286,2,Verstappen (Red Bull),42.02281,84.17515,Cloudy,0.25
286,3,Verstappen (Red Bull),43.1195,127.29465,Cloudy,0.25
286,4,Verstappen (Red Bull),41.56216,168.85681,Cloudy,0.25
286,5,Verstappen (Red Bull),42.30946,211.16627,Cloudy,0.25
286,1,Norris (McLaren),42.56186,42.56186,Cloudy,0.25
286,2,Norris (McLaren),42.21775,84.77962,Cloudy,0.25
286,3,Norris (McLaren),43.12229,127.90191,Cloudy,0.25
286,4,Norris (McLaren),42.90695,170.80886,Cloudy,0.25
286,5,Norris (McLaren),42.48202,213.29089,Cloudy,0.25
286,1,Leclerc (Ferrari),42.32822,42.32822,Cloudy,0.25
286,2,Leclerc (Ferrari),44.3767,86.70492,Cloudy,0.25
286,3,Leclerc (Ferrari),41.83262,128.53753,Cloudy,0.25
286,4,Leclerc (Ferrari),43.49054,172.02807,Cloudy,0.25
286,5,Leclerc (Ferrari),42.79765,214.82572,Cloudy,0.25
287,1,Hamilton (Mercedes),42.57261,42.57261,Cloudy,0.25
287,2,Hamilton (Mercedes),42.54446,85.11706,Cloudy,0.25
287,3,Hamilton (Mercedes),42.61762,127.73468,Cloudy,0.25
287,4,Hamilton (Mercedes),42.5319,170.26659,Cloudy,0.25
287,5,Hamilton (Mercedes),43.08554,213.35213,Cloudy,0.25
287,1,Verstappen (Red Bull),43.27899,43.27899,Cloudy,0.25
287,2,Verstappen (Red Bull),42.61755,85.89654,Cloudy,0.25
287,3,Verstappen (Red Bull),41.45448,127.35101,Cloudy,0.25
287,4,Verstappen (Red Bull),41.92299,169.27401,Cloudy,0.25
287,5,Verstappen (Red Bull),42.04673,211.32074,Cloudy,0.25
287,1,Norris (McLaren),42.21533,42.21533,Cloudy,0.25
287,2,Norris (McLaren),42.97295,85.18828,Cloudy,0.25
287,3,Norris (McLaren),41.92696,127.11523,Cloudy,0.25
287,4,Norris (McLaren),43.42913,170.54436,Cloudy,0.25
287,5,Norris (McLaren),41.97271,212.51707,Cloudy,0.25
287,1,Leclerc (Ferrari),42.40295,42.40295,Cloudy,0.25
287,2,Leclerc (Ferrari),42.48615,84.8891,Cloudy,0.25
287,3,Leclerc (Ferrari),42.73097,127.62008,Cloudy,0.25
287,4,Leclerc (Ferrari),42.35135,169.97143,Cloudy,0.25
287,5,Leclerc (Ferrari),42.99323,212.96466,Cloudy,0.25
288,1,Hamilton (Mercedes),42.55072,42.55072,Cloudy,0.25
288,2,Hamilton (Mercedes),42.87977,85.43049,Cloudy,0.25
288,3,Hamilton (Mercedes),42.70539,128.13589,Cloudy,0.25
288,4,Hamilton (Mercedes),42.22544,170.36133,Cloudy,0.25
288,5,Hamilton (Mercedes),41.93147,212.2928,Cloudy,0.25
288,1,Verstappen (Red Bull),41.82008,41.82008,Cloudy,0.25
288,2,Verstappen (Red Bull),42.02297,83.84304,Cloudy,0.25
288,3,Verstappen (Red Bull),43.12365,126.96669,Cloudy,0.25
288,4,Verstappen (Red Bull),42.40469,169.37139,Cloudy,0.25
288,5,Verstappen (Red Bull),41.91779,211.28918,Cloudy,0.25
288,1,Norris (McLaren),41.81157,41.81157,Cloudy,0.25
288,2,Norris (McLaren),42.15229,83.96386,Cloudy,0.25
288,3,Norris (McLaren),43.22765,127.19152,Cloudy,0.25
288,4,Norris (McLaren),44.10623,171.29775,Cloudy,0.25
288,5,Norris (McLaren),42.7589,214.05665,Cloudy,0.25
288,1,Leclerc (Ferrari),41.8721,41.8721,Cloudy,0.25
288,2,Leclerc (Ferrari),42.68007,84.55217,Cloudy,0.25
288,3,Leclerc (Ferrari),43.21343,127.7656,Cloudy,0.25
288,4,Leclerc (Ferrari),41.91731,169.68291,Cloudy,0.25
288,5,Leclerc (Ferrari),42.83928,212.52219,Cloudy,0.25
289,1,Hamilton (Mercedes),42.27349,42.27349,Cloudy,0.25
289,2,Hamilton (Mercedes),43.34571,85.6192,Cloudy,0.25
289,3,Hamilton (Mercedes),43.07653,128.69573,Cloudy,0.25
289,4,Hamilton (Mercedes),43.31095,172.00668,Cloudy,0.25
289,5,Hamilton (Mercedes),43.25913,215.26581,Cloudy,0.25
289,1,Verstappen (Red Bull),43.26053,43.26053,Cloudy,0.25
289,2,Verstappen (Red Bull),42.20755,85.46809,Cloudy,0.25
289,3,Verstappen (Red Bull),42.33331,127.8014,Cloudy,0.25
289,4,Verstappen (Red Bull),43.18124,170.98263,Cloudy,0.25
289,5,Verstappen (Red Bull),43.12167,214.1043,Cloudy,0.25
289,1,Norris (McLaren),42.7902,42.7902,Cloudy,0.25
289,2,Norris (McLaren),42.96213,85.75233,Cloudy,0.25
289,3,Norris (McLaren),43.69732,129.44965,Cloudy,0.25
289,4,Norris (McLaren),43.40963,172.85928,Cloudy,0.25
289,5,Norris (McLaren),42.2386,215.09788,Cloudy,0.25
289,1,Leclerc (Ferrari),41.98816,41.98816,Cloudy,0.25
289,2,Leclerc (Ferrari),43.85255,85.84071,Cloudy,0.25
289,3,Leclerc (Ferrari),42.09358,127.93429,Cloudy,0.25
289,4,Leclerc (Ferrari),41.67056,169.60484,Cloudy,0.25
289,5,Leclerc (Ferrari),42.07038,211.67523,Cloudy,0.25
290,1,Hamilton (Mercedes),42.67144,42.67144,Cloudy,0.25
290,2,Hamilton (Mercedes),43.23635,85.90779,Cloudy,0.25
290,3,Hamilton (Mercedes),43.94563,129.85343,Cloudy,0.25
290,4,Hamilton (Mercedes),42.92269,172.77611,Cloudy,0.25
290,5,Hamilton (Mercedes),42.55854,215.33465,Cloudy,0.25
290,1,Verstappen (Red Bull),42.0734,42.0734,Cloudy,0.25
290,2,Verstappen (Red Bull),42.0309,84.1043,Cloudy,0.25
290,3,Verstappen (Red Bull),42.78326,126.88756,Cloudy,0.25
290,4,Verstappen (Red Bull),42.41961,169.30717,Cloudy,0.25
290,5,Verstappen (Red Bull),43.41824,212.72541,Cloudy,0.25
290,1,Norris (McLaren),43.90959,43.90959,Cloudy,0.25
290,2,Norris (McLaren),43.00307,86.91266,Cloudy,0.25
290,3,Norris (McLaren),43.48445,130.3971,Cloudy,0.25
290,4,Norris (McLaren),43.48236,173.87946,Cloudy,0.25
290,5,Norris (McLaren),43.59954,217.47901,Cloudy,0.25
290,1,Leclerc (Ferrari),41.7311,41.7311,Cloudy,0.25
290,2,Leclerc (Ferrari),41.42686,83.15796,Cloudy,0.25
290,3,Leclerc (Ferrari),41.42963,124.58759,Cloudy,0.25
290,4,Leclerc (Ferrari),41.80237,166.38996,Cloudy,0.25
290,5,Leclerc (Ferrari),41.36108,207.75105,Cloudy,0.25
291,1,Hamilton (Mercedes),42.3348,42.3348,Cloudy,0.25
291,2,Hamilton (Mercedes),43.85769,86.19248,Cloudy,0.25
291,3,Hamilton (Mercedes),42.65835,128.85084,Cloudy,0.25
291,4,Hamilton (Mercedes),42.86891,171.71975,Cloudy,0.25
291,5,Hamilton (Mercedes),41.86273,213.58248,Cloudy,0.25
291,1,Verstappen (Red Bull),42.11148,42.11148,Cloudy,0.25
291,2,Verstappen (Red Bull),42.90483,85.01631,Cloudy,0.25
291,3,Verstappen (Red Bull),42.08718,127.10349,Cloudy,0.25
291,4,Verstappen (Red Bull),44.07455,171.17804,Cloudy,0.25
291,5,Verstappen (Red Bull),42.51323,213.69127,Cloudy,0.25
291,1,Norris (McLaren),42.34616,42.34616,Cloudy,0.25
291,2,Norris (McLaren),42.81867,85.16483,Cloudy,0.25
291,3,Norris (McLaren),41.60743,126.77226,Cloudy,0.25
291,4,Norris (McLaren),42.68612,169.45838,Cloudy,0.25
291,5,Norris (McLaren),43.17042,212.6288,Cloudy,0.25
291,1,Leclerc (Ferrari),41.74893,41.74893,Cloudy,0.25
291,2,Leclerc (Ferrari),42.47755,84.22648,Cloudy,0.25
291,3,Leclerc (Ferrari),42.46445,126.69094,Cloudy,0.25
291,4,Leclerc (Ferrari),42.64539,169.33633,Cloudy,0.25
291,5,Leclerc (Ferrari),41.96951,211.30583,Cloudy,0.25
292,1,Hamilton (Mercedes),42.83918,42.83918,Cloudy,0.25
292,2,Hamilton (Mercedes),42.31715,85.15633,Cloudy,0.25
292,3,Hamilton (Mercedes),42.98518,128.1415,Cloudy,0.25
292,4,Hamilton (Mercedes),42.74766,170.88916,Cloudy,0.25
292,5,Hamilton (Mercedes),42.882,213.77117,Cloudy,0.25
292,1,Verstappen (Red Bull),42.05736,42.05736,Cloudy,0.25
292,2,Verstappen (Red Bull),43.1855,85.24286,Cloudy,0.25
292,3,Verstappen (Red Bull),42.67464,127.91749,Cloudy,0.25
292,4,Verstappen (Red Bull),41.55102,169.46852,Cloudy,0.25
292,5,Verstappen (Red Bull),42.36395,211.83247,Cloudy,0.25
292,1,Norris (McLaren),42.24985,42.24985,Cloudy,0.25
292,2,Norris (McLaren),41.87356,84.12341,Cloudy,0.25
292,3,Norris (McLaren),42.63461,126.75801,Cloudy,0.25
292,4,Norris (McLaren),42.48914,169.24715,Cloudy,0.25
292,5,Norris (McLaren),42.70941,211.95656,Cloudy,0.25
292,1,Leclerc (Ferrari),42.79397,42.79397,Cloudy,0.25
292,2,Leclerc (Ferrari),41.93147,84.72544,Cloudy,0.25
292,3,Leclerc (Ferrari),41.40928,126.13471,Cloudy,0.25
292,4,Leclerc (Ferrari),42.52858,168.6633,Cloudy,0.25
292,5,Leclerc (Ferrari),42.20706,210.87036,Cloudy,0.25
293,1,Hamilton (Mercedes),42.84906,42.84906,Cloudy,0.25
293,2,Hamilton (Mercedes),42.18485,85.03392,Cloudy,0.25
293,3,Hamilton (Mercedes),42.6852,127.71912,Cloudy,0.25
293,4,Hamilton (Mercedes),42.72115,170.44028,Cloudy,0.25
293,5,Hamilton (Mercedes),42.53726,212.97754,Cloudy,0.25
293,1,Verstappen (Red Bull),43.01957,43.01957,Cloudy,0.25
293,2,Verstappen (Red Bull),42.51667,85.53624,Cloudy,0.25
293,3,Verstappen (Red Bull),42.18089,127.71714,Cloudy,0.25
293,4,Verstappen (Red Bull),42.70849,170.42563,Cloudy,0.25
293,5,Verstappen (Red Bull),43.17635,213.60198,Cloudy,0.25
293,1,Norris (McLaren),42.89282,42.89282,Cloudy,0.25
293,2,Norris (McLaren),43.57396,86.46679,Cloudy,0.25
293,3,Norris (McLaren),42.21385,128.68064,Cloudy,0.25
293,4,Norris (McLaren),42.30939,170.99002,Cloudy,0.25
293,5,Norris (McLaren),42.16363,213.15366,Cloudy,0.25
293,1,Leclerc (Ferrari),43.0802,43.0802,Cloudy,0.25
293,2,Leclerc (Ferrari),42.13239,85.2126,Cloudy,0.25
293,3,Leclerc (Ferrari),41.34083,126.55343,Cloudy,0.25
293,4,Leclerc (Ferrari),43.17063,169.72406,Cloudy,0.25
293,5,Leclerc (Ferrari),41.98607,211.71013,Cloudy,0.25
294,1,Hamilton (Mercedes),42.41997,42.41997,Cloudy,0.25
294,2,Hamilton (Mercedes),42.41904,84.83901,Cloudy,0.25
294,3,Hamilton (Mercedes),42.88766,127.72668,Cloudy,0.25
294,4,Hamilton (Mercedes),43.02728,170.75396,Cloudy,0.25
294,5,Hamilton (Mercedes),43.05422,213.80818,Cloudy,0.25
294,1,Verstappen (Red Bull),42.28529,42.28529,Cloudy,0.25
294,2,Verstappen (Red Bull),42.31892,84.60421,Cloudy,0.25
294,3,Verstappen (Red Bull),42.46429,127.06849,Cloudy,0.25
294,4,Verstappen (Red Bull),42.51951,169.588,Cloudy,0.25
294,5,Verstappen (Red Bull),41.98267,211.57068,Cloudy,0.25
294,1,Norris (McLaren),42.30798,42.30798,Cloudy,0.25
294,2,Norris (McLaren),43.20067,85.50866,Cloudy,0.25
294,3,Norris (McLaren),41.45811,126.96676,Cloudy,0.25
294,4,Norris (McLaren),42.51411,169.48087,Cloudy,0.25
294,5,Norris (McLaren),41.49784,210.97871,Cloudy,0.25
294,1,Leclerc (Ferrari),41.92539,41.92539,Cloudy,0.25
294,2,Leclerc (Ferrari),41.5255,83.45089,Cloudy,0.25
294,3,Leclerc (Ferrari),42.57531,126.0262,Cloudy,0.25
294,4,Leclerc (Ferrari),41.91477,167.94097,Cloudy,0.25
294,5,Leclerc (Ferrari),42.6235,210.56447,Cloudy,0.25
295,1,Hamilton (Mercedes),42.4615,42.4615,Cloudy,0.25
295,2,Hamilton (Mercedes),42.154,84.61551,Cloudy,0.25
295,3,Hamilton (Mercedes),42.78636,127.40186,Cloudy,0.25
295,4,Hamilton (Mercedes),43.5936,170.99546,Cloudy,0.25
295,5,Hamilton (Mercedes),42.59734,213.5928,Cloudy,0.25
295,1,Verstappen (Red Bull),42.54497,42.54497,Cloudy,0.25
295,2,Verstappen (Red Bull),41.99261,84.53758,Cloudy,0.25
295,3,Verstappen (Red Bull),41.83806,126.37563,Cloudy,0.25
295,4,Verstappen (Red Bull),42.93231,169.30794,Cloudy,0.25
295,5,Verstappen (Red Bull),42.32591,211.63385,Cloudy,0.25
295,1,Norris (McLaren),43.94443,43.94443,Cloudy,0.25
295,2,Norris (McLaren),43.53347,87.4779,Cloudy,0.25
295,3,Norris (McLaren),42.72407,130.20197,Cloudy,0.25
295,4,Norris (McLaren),41.02496,171.22693,Cloudy,0.25
295,5,Norris (McLaren),43.04408,214.27101,Cloudy,0.25
295,1,Leclerc (Ferrari),42.91232,42.91232,Cloudy,0.25
295,2,Leclerc (Ferrari),42.81187,85.72419,Cloudy,0.25
295,3,Leclerc (Ferrari),43.17778,128.90197,Cloudy,0.25
295,4,Leclerc (Ferrari),42.84277,171.74473,Cloudy,0.25
295,5,Leclerc (Ferrari),42.72976,214.47449,Cloudy,0.25
296,1,Hamilton (Mercedes),43.48841,43.48841,Cloudy,0.25
296,2,Hamilton (Mercedes),42.54214,86.03056,Cloudy,0.25
296,3,Hamilton (Mercedes),42.91317,128.94373,Cloudy,0.25
296,4,Hamilton (Mercedes),43.69671,172.64044,Cloudy,0.25
296,5,Hamilton (Mercedes),43.30418,215.94461,Cloudy,0.25
296,1,Verstappen (Red Bull),42.95021,42.95021,Cloudy,0.25
296,2,Verstappen (Red Bull),42.50091,85.45112,Cloudy,0.25
296,3,Verstappen (Red Bull),42.575,128.02611,Cloudy,0.25
296,4,Verstappen (Red Bull),42.17808,170.20419,Cloudy,0.25
296,5,Verstappen (Red Bull),42.22448,212.42867,Cloudy,0.25
296,1,Norris (McLaren),43.86834,43.86834,Cloudy,0.25
296,2,Norris (McLaren),43.3067,87.17504,Cloudy,0.25
296,3,Norris (McLaren),43.37267,130.54771,Cloudy,0.25
296,4,Norris (McLaren),41.5797,172.12741,Cloudy,0.25
296,5,Norris (McLaren),42.96209,215.0895,Cloudy,0.25
296,1,Leclerc (Ferrari),43.07089,43.07089,Cloudy,0.25
296,2,Leclerc (Ferrari),41.63969,84.71057,Cloudy,0.25
296,3,Leclerc (Ferrari),41.86726,126.57784,Cloudy,0.25
296,4,Leclerc (Ferrari),42.14468,168.72251,Cloudy,0.25
296,5,Leclerc (Ferrari),42.45586,211.17838,Cloudy,0.25
297,1,Hamilton (Mercedes),43.57472,43.57472,Cloudy,0.25
297,2,Hamilton (Mercedes),41.84793,85.42265,Cloudy,0.25
297,3,Hamilton (Mercedes),42.57293,127.99558,Cloudy,0.25
297,4,Hamilton (Mercedes),42.8384,170.83398,Cloudy,0.25
297,5,Hamilton (Mercedes),42.70566,213.53964,Cloudy,0.25
297,1,Verstappen (Red Bull),42.39044,42.39044,Cloudy,0.25
297,2,Verstappen (Red Bull),42.31699,84.70743,Cloudy,0.25
297,3,Verstappen (Red Bull),41.69329,126.40072,Cloudy,0.25
297,4,Verstappen (Red Bull),42.41031,168.81103,Cloudy,0.25
297,5,Verstappen (Red Bull),42.77146,211.5825,Cloudy,0.25
297,1,Norris (McLaren),42.75004,42.75004,Cloudy,0.25
297,2,Norris (McLaren),43.00852,85.75855,Cloudy,0.25
297,3,Norris (McLaren),42.6537,128.41225,Cloudy,0.25
297,4,Norris (McLaren),42.51368,170.92593,Cloudy,0.25
297,5,Norris (McLaren),43.12726,214.05319,Cloudy,0.25
297,1,Leclerc (Ferrari),41.94559,41.94559,Cloudy,0.25
297,2,Leclerc (Ferrari),42.40768,84.35327,Cloudy,0.25
297,3,Leclerc (Ferrari),41.67288,126.02615,Cloudy,0.25
297,4,Leclerc (Ferrari),43.77447,169.80062,Cloudy,0.25
297,5,Leclerc (Ferrari),42.26186,212.06247,Cloudy,0.25
298,1,Hamilton (Mercedes),42.28044,42.28044,Cloudy,0.25
298,2,Hamilton (Mercedes),42.18743,84.46787,Cloudy,0.25
298,3,Hamilton (Mercedes),42.35589,126.82375,Cloudy,0.25
298,4,Hamilton (Mercedes),43.21115,170.0349,Cloudy,0.25
298,5,Hamilton (Mercedes),43.35311,213.38801,Cloudy,0.25
298,1,Verstappen (Red Bull),41.40889,41.40889,Cloudy,0.25
298,2,Verstappen (Red Bull),42.28493,83.69382,Cloudy,0.25
298,3,Verstappen (Red Bull),42.06706,125.76088,Cloudy,0.25
298,4,Verstappen (Red Bull),42.51397,168.27485,Cloudy,0.25
298,5,Verstappen (Red Bull),42.81984,211.09469,Cloudy,0.25
298,1,Norris (McLaren),42.64578,42.64578,Cloudy,0.25
298,2,Norris (McLaren),43.04016,85.68593,Cloudy,0.25
298,3,Norris (McLaren),41.538,127.22393,Cloudy,0.25
298,4,Norris (McLaren),42.69844,169.92237,Cloudy,0.25
298,5,Norris (McLaren),44.16208,214.08445,Cloudy,0.25
298,1,Leclerc (Ferrari),43.03489,43.03489,Cloudy,0.25
298,2,Leclerc (Ferrari),42.46921,85.5041,Cloudy,0.25
298,3,Leclerc (Ferrari),41.29639,126.80049,Cloudy,0.25
298,4,Leclerc (Ferrari),42.13915,168.93964,Cloudy,0.25
298,5,Leclerc (Ferrari),42.35881,211.29845,Cloudy,0.25
299,1,Hamilton (Mercedes),43.09731,43.09731,Cloudy,0.25
299,2,Hamilton (Mercedes),43.10259,86.1999,Cloudy,0.25
299,3,Hamilton (Mercedes),42.71389,128.91379,Cloudy,0.25
299,4,Hamilton (Mercedes),42.3599,171.2737,Cloudy,0.25
299,5,Hamilton (Mercedes),42.91768,214.19137,Cloudy,0.25
299,1,Verstappen (Red Bull),42.83389,42.83389,Cloudy,0.25
299,2,Verstappen (Red Bull),42.89022,85.72411,Cloudy,0.25
299,3,Verstappen (Red Bull),41.90131,127.62543,Cloudy,0.25
299,4,Verstappen (Red Bull),42.40044,170.02587,Cloudy,0.25
299,5,Verstappen (Red Bull),42.53401,212.55988,Cloudy,0.25
299,1,Norris (McLaren),43.06166,43.06166,Cloudy,0.25
299,2,Norris (McLaren),42.76941,85.83107,Cloudy,0.25
299,3,Norris (McLaren),44.10035,129.93142,Cloudy,0.25
299,4,Norris (McLaren),42.01094,171.94236,Cloudy,0.25
299,5,Norris (McLaren),42.39915,214.34151,Cloudy,0.25
299,1,Leclerc (Ferrari),42.57505,42.57505,Cloudy,0.25
299,2,Leclerc (Ferrari),42.11248,84.68754,Cloudy,0.25
299,3,Leclerc (Ferrari),42.52066,127.2082,Cloudy,0.25
299,4,Leclerc (Ferrari),42.19114,169.39933,Cloudy,0.25
299,5,Leclerc (Ferrari),41.85525,211.25458,Cloudy,0.25
300,1,Hamilton (Mercedes),43.04462,43.04462,Cloudy,0.25
300,2,Hamilton (Mercedes),42.98647,86.0311,Cloudy,0.25
300,3,Hamilton (Mercedes),41.8526,127.8837,Cloudy,0.25
300,4,Hamilton (Mercedes),43.24986,171.13356,Cloudy,0.25
300,5,Hamilton (Mercedes),43.33632,214.46988,Cloudy,0.25
300,1,Verstappen (Red Bull),41.78807,41.78807,Cloudy,0.25
300,2,Verstappen (Red Bull),43.42293,85.211,Cloudy,0.25
300,3,Verstappen (Red Bull),41.2968,126.5078,Cloudy,0.25
300,4,Verstappen (Red Bull),41.96695,168.47475,Cloudy,0.25
300,5,Verstappen (Red Bull),42.05685,210.5316,Cloudy,0.25
300,1,Norris (McLaren),41.5499,41.5499,Cloudy,0.25
300,2,Norris (McLaren),43.21286,84.76276,Cloudy,0.25
300,3,Norris (McLaren),43.52192,128.28468,Cloudy,0.25
300,4,Norris (McLaren),43.44565,171.73033,Cloudy,0.25
300,5,Norris (McLaren),43.82692,215.55724,Cloudy,0.25
300,1,Leclerc (Ferrari),41.84624,41.84624,Cloudy,0.25
300,2,Leclerc (Ferrari),41.67377,83.52001,Cloudy,0.25
300,3,Leclerc (Ferrari),42.24652,125.76653,Cloudy,0.25
300,4,Leclerc (Ferrari),41.46725,167.23378,Cloudy,0.25
300,5,Leclerc (Ferrari),41.73162,208.9654,Cloudy,0.25
301,1,Hamilton (Mercedes),43.86666,43.86666,Cloudy,0.25
301,2,Hamilton (Mercedes),43.87177,87.73842,Cloudy,0.25
301,3,Hamilton (Mercedes),43.53124,131.26967,Cloudy,0.25
301,4,Hamilton (Mercedes),44.01342,175.28309,Cloudy,0.25
301,5,Hamilton (Mercedes),43.69467,218.97776,Cloudy,0.25
301,1,Verstappen (Red Bull),42.40592,42.40592,Cloudy,0.25
301,2,Verstappen (Red Bull),42.74653,85.15246,Cloudy,0.25
301,3,Verstappen (Red Bull),42.27275,127.42521,Cloudy,0.25
301,4,Verstappen (Red Bull),43.33547,170.76068,Cloudy,0.25
301,5,Verstappen (Red Bull),42.96953,213.73021,Cloudy,0.25
301,1,Norris (McLaren),43.76632,43.76632,Cloudy,0.25
301,2,Norris (McLaren),42.90507,86.67139,Cloudy,0.25
301,3,Norris (McLaren),42.76616,129.43755,Cloudy,0.25
301,4,Norris (McLaren),42.45458,171.89213,Cloudy,0.25
301,5,Norris (McLaren),43.00741,214.89954,Cloudy,0.25
301,1,Leclerc (Ferrari),42.09688,42.09688,Cloudy,0.25
301,2,Leclerc (Ferrari),41.45666,83.55354,Cloudy,0.25
301,3,Leclerc (Ferrari),42.70762,126.26116,Cloudy,0.25
301,4,Leclerc (Ferrari),43.01477,169.27594,Cloudy,0.25
301,5,Leclerc (Ferrari),42.65018,211.92612,Cloudy,0.25
302,1,Hamilton (Mercedes),42.7564,42.7564,Cloudy,0.25
302,2,Hamilton (Mercedes),43.41087,86.16728,Cloudy,0.25
302,3,Hamilton (Mercedes),43.31971,129.48698,Cloudy,0.25
302,4,Hamilton (Mercedes),42.72246,172.20944,Cloudy,0.25
302,5,Hamilton (Mercedes),43.59188,215.80132,Cloudy,0.25
302,1,Verstappen (Red Bull),42.4286,42.4286,Cloudy,0.25
302,2,Verstappen (Red Bull),42.53587,84.96447,Cloudy,0.25
302,3,Verstappen (Red Bull),42.18516,127.14963,Cloudy,0.25
302,4,Verstappen (Red Bull),42.78355,169.93318,Cloudy,0.25
302,5,Verstappen (Red Bull),42.83136,212.76454,Cloudy,0.25
302,1,Norris (McLaren),42.77303,42.77303,Cloudy,0.25
302,2,Norris (McLaren),43.28006,86.05309,Cloudy,0.25
302,3,Norris (McLaren),41.74602,127.79911,Cloudy,0.25
302,4,Norris (McLaren),42.19977,169.99888,Cloudy,0.25
302,5,Norris (McLaren),41.4876,211.48648,Cloudy,0.25
302,1,Leclerc (Ferrari),42.58283,42.58283,Cloudy,0.25
302,2,Leclerc (Ferrari),41.6574,84.24023,Cloudy,0.25
302,3,Leclerc (Ferrari),42.09695,126.33718,Cloudy,0.25
302,4,Leclerc (Ferrari),41.76788,168.10507,Cloudy,0.25
302,5,Leclerc (Ferrari),41.73485,209.83992,Cloudy,0.25
303,1,Hamilton (Mercedes),43.41923,43.41923,Cloudy,0.25
303,2,Hamilton (Mercedes),43.52806,86.94729,Cloudy,0.25
303,3,Hamilton (Mercedes),43.75804,130.70533,Cloudy,0.25
303,4,Hamilton (Mercedes),42.26221,172.96754,Cloudy,0.25
303,5,Hamilton (Mercedes),43.28831,216.25585,Cloudy,0.25
303,1,Verstappen (Red Bull),42.49389,42.49389,Cloudy,0.25
303,2,Verstappen (Red Bull),42.37812,84.87201,Cloudy,0.25
303,3,Verstappen (Red Bull),42.94578,127.81778,Cloudy,0.25
303,4,Verstappen (Red Bull),43.08242,170.9002,Cloudy,0.25
303,5,Verstappen (Red Bull),42.32396,213.22416,Cloudy,0.25
303,1,Norris (McLaren),43.45523,43.45523,Cloudy,0.25
303,2,Norris (McLaren),43.09615,86.55138,Cloudy,0.25
303,3,Norris (McLaren),42.53144,129.08282,Cloudy,0.25
303,4,Norris (McLaren),43.17449,172.25731,Cloudy,0.25
303,5,Norris (McLaren),43.53862,215.79593,Cloudy,0.25
303,1,Leclerc (Ferrari),42.48233,42.48233,Cloudy,0.25
303,2,Leclerc (Ferrari),42.06765,84.54998,Cloudy,0.25
303,3,Leclerc (Ferrari),41.95234,126.50232,Cloudy,0.25
303,4,Leclerc (Ferrari),41.3661,167.86841,Cloudy,0.25
303,5,Leclerc (Ferrari),42.96565,210.83406,Cloudy,0.25
304,1,Hamilton (Mercedes),44.11989,44.11989,Cloudy,0.25
304,2,Hamilton (Mercedes),42.29521,86.4151,Cloudy,0.25
304,3,Hamilton (Mercedes),42.8581,129.2732,Cloudy,0.25
304,4,Hamilton (Mercedes),43.36662,172.63982,Cloudy,0.25
304,5,Hamilton (Mercedes),43.59736,216.23718,Cloudy,0.25
304,1,Verstappen (Red Bull),43.33554,43.33554,Cloudy,0.25
304,2,Verstappen (Red Bull),42.89178,86.22732,Cloudy,0.25
304,3,Verstappen (Red Bull),43.39208,129.6194,Cloudy,0.25
304,4,Verstappen (Red Bull),42.39953,172.01892,Cloudy,0.25
304,5,Verstappen (Red Bull),42.60913,214.62805,Cloudy,0.25
304,1,Norris (McLaren),44.16774,44.16774,Cloudy,0.25
304,2,Norris (McLaren),43.35104,87.51877,Cloudy,0.25
304,3,Norris (McLaren),42.57246,130.09123,Cloudy,0.25
304,4,Norris (McLaren),43.20066,173.29189,Cloudy,0.25
304,5,Norris (McLaren),42.95017,216.24206,Cloudy,0.25
304,1,Leclerc (Ferrari),41.97499,41.97499,Cloudy,0.25
304,2,Leclerc (Ferrari),42.10192,84.07691,Cloudy,0.25
304,3,Leclerc (Ferrari),42.88501,126.96192,Cloudy,0.25
304,4,Leclerc (Ferrari),42.82025,169.78217,Cloudy,0.25
304,5,Leclerc (Ferrari),42.22867,212.01084,Cloudy,0.25
305,1,Hamilton (Mercedes),42.59781,42.59781,Cloudy,0.25
305,2,Hamilton (Mercedes),42.8788,85.47661,Cloudy,0.25
305,3,Hamilton (Mercedes),42.8207,128.29731,Cloudy,0.25
305,4,Hamilton (Mercedes),41.95313,170.25045,Cloudy,0.25
305,5,Hamilton (Mercedes),42.83197,213.08241,Cloudy,0.25
305,1,Verstappen (Red Bull),42.17803,42.17803,Cloudy,0.25
305,2,Verstappen (Red Bull),42.10847,84.28649,Cloudy,0.25
305,3,Verstappen (Red Bull),41.86819,126.15468,Cloudy,0.25
305,4,Verstappen (Red Bull),41.15662,167.3113,Cloudy,0.25
305,5,Verstappen (Red Bull),43.4683,210.7796,Cloudy,0.25
305,1,Norris (McLaren),43.04814,43.04814,Cloudy,0.25
305,2,Norris (McLaren),42.83939,85.88753,Cloudy,0.25
305,3,Norris (McLaren),41.85896,127.74649,Cloudy,0.25
305,4,Norris (McLaren),41.51428,169.26076,Cloudy,0.25
305,5,Norris (McLaren),42.40286,211.66362,Cloudy,0.25
305,1,Leclerc (Ferrari),43.63665,43.63665,Cloudy,0.25
305,2,Leclerc (Ferrari),42.36008,85.99672,Cloudy,0.25
305,3,Leclerc (Ferrari),43.34421,129.34094,Cloudy,0.25
305,4,Leclerc (Ferrari),41.64704,170.98797,Cloudy,0.25
305,5,Leclerc (Ferrari),42.08538,213.07335,Cloudy,0.25
306,1,Hamilton (Mercedes),41.96845,41.96845,Cloudy,0.25
306,2,Hamilton (Mercedes),43.07529,85.04374,Cloudy,0.25
306,3,Hamilton (Mercedes),42.90314,127.94688,Cloudy,0.25
306,4,Hamilton (Mercedes),44.21881,172.16569,Cloudy,0.25
306,5,Hamilton (Mercedes),42.595,214.76069,Cloudy,0.25
306,1,Verstappen (Red Bull),42.1664,42.1664,Cloudy,0.25
306,2,Verstappen (Red Bull),43.00701,85.1734,Cloudy,0.25
306,3,Verstappen (Red Bull),42.55525,127.72866,Cloudy,0.25
306,4,Verstappen (Red Bull),42.10171,169.83036,Cloudy,0.25
306,5,Verstappen (Red Bull),42.41442,212.24478,Cloudy,0.25
306,1,Norris (McLaren),43.407,43.407,Cloudy,0.25
306,2,Norris (McLaren),42.87578,86.28278,Cloudy,0.25
306,3,Norris (McLaren),43.4272,129.70998,Cloudy,0.25
306,4,Norris (McLaren),42.26709,171.97707,Cloudy,0.25
306,5,Norris (McLaren),42.52926,214.50633,Cloudy,0.25
306,1,Leclerc (Ferrari),42.53966,42.53966,Cloudy,0.25
306,2,Leclerc (Ferrari),42.32507,84.86473,Cloudy,0.25
306,3,Leclerc (Ferrari),42.12442,126.98915,Cloudy,0.25
306,4,Leclerc (Ferrari),41.76628,168.75543,Cloudy,0.25
306,5,Leclerc (Ferrari),41.88468,210.64011,Cloudy,0.25
307,1,Hamilton (Mercedes),43.348,43.348,Cloudy,0.25
307,2,Hamilton (Mercedes),42.7617,86.1097,Cloudy,0.25
307,3,Hamilton (Mercedes),43.19941,129.3091,Cloudy,0.25
307,4,Hamilton (Mercedes),42.62393,171.93304,Cloudy,0.25
307,5,Hamilton (Mercedes),41.15039,213.08343,Cloudy,0.25
307,1,Verstappen (Red Bull),42.62617,42.62617,Cloudy,0.25
307,2,Verstappen (Red Bull),42.82685,85.45303,Cloudy,0.25
307,3,Verstappen (Red Bull),42.84787,128.3009,Cloudy,0.25
307,4,Verstappen (Red Bull),42.51066,170.81156,Cloudy,0.25
307,5,Verstappen (Red Bull),41.76803,212.57958,Cloudy,0.25
307,1,Norris (McLaren),42.40627,42.40627,Cloudy,0.25
307,2,Norris (McLaren),42.86892,85.27519,Cloudy,0.25
307,3,Norris (McLaren),43.64892,128.92411,Cloudy,0.25
307,4,Norris (McLaren),42.40596,171.33006,Cloudy,0.25
307,5,Norris (McLaren),44.92245,216.25251,Cloudy,0.25
307,1,Leclerc (Ferrari),40.48564,40.48564,Cloudy,0.25
307,2,Leclerc (Ferrari),42.21723,82.70287,Cloudy,0.25
307,3,Leclerc (Ferrari),42.12764,124.83051,Cloudy,0.25
307,4,Leclerc (Ferrari),42.09027,166.92078,Cloudy,0.25
307,5,Leclerc (Ferrari),41.95313,208.87392,Cloudy,0.25
308,1,Hamilton (Mercedes),42.67946,42.67946,Cloudy,0.25
308,2,Hamilton (Mercedes),42.26875,84.94821,Cloudy,0.25
308,3,Hamilton (Mercedes),43.78609,128.73431,Cloudy,0.25
308,4,Hamilton (Mercedes),42.8424,171.57671,Cloudy,0.25
308,5,Hamilton (Mercedes),41.50118,213.07789,Cloudy,0.25
308,1,Verstappen (Red Bull),41.53707,41.53707,Cloudy,0.25
308,2,Verstappen (Red Bull),42.27018,83.80724,Cloudy,0.25
308,3,Verstappen (Red Bull),41.56071,125.36795,Cloudy,0.25
308,4,Verstappen (Red Bull),43.03155,168.3995,Cloudy,0.25
308,5,Verstappen (Red Bull),42.83897,211.23846,Cloudy,0.25
308,1,Norris (McLaren),41.83248,41.83248,Cloudy,0.25
308,2,Norris (McLaren),42.8371,84.66959,Cloudy,0.25
308,3,Norris (McLaren),42.50715,127.17674,Cloudy,0.25
308,4,Norris (McLaren),42.65016,169.8269,Cloudy,0.25
308,5,Norris (McLaren),43.35674,213.18365,Cloudy,0.25
308,1,Leclerc (Ferrari),42.76578,42.76578,Cloudy,0.25
308,2,Leclerc (Ferrari),42.12573,84.89152,Cloudy,0.25
308,3,Leclerc (Ferrari),43.26185,128.15337,Cloudy,0.25
308,4,Leclerc (Ferrari),42.61215,170.76552,Cloudy,0.25
308,5,Leclerc (Ferrari),42.26533,213.03085,Cloudy,0.25
309,1,Hamilton (Mercedes),42.95111,42.95111,Cloudy,0.25
309,2,Hamilton (Mercedes),42.7225,85.67361,Cloudy,0.25
309,3,Hamilton (Mercedes),43.38585,129.05946,Cloudy,0.25
309,4,Hamilton (Mercedes),43.04241,172.10187,Cloudy,0.25
309,5,Hamilton (Mercedes),42.9878,215.08968,Cloudy,0.25
309,1,Verstappen (Red Bull),42.68938,42.68938,Cloudy,0.25
309,2,Verstappen (Red Bull),42.85294,85.54232,Cloudy,0.25
309,3,Verstappen (Red Bull),42.3959,127.93823,Cloudy,0.25
309,4,Verstappen (Red Bull),42.11613,170.05436,Cloudy,0.25
309,5,Verstappen (Red Bull),43.14503,213.19939,Cloudy,0.25
309,1,Norris (McLaren),42.15271,42.15271,Cloudy,0.25
309,2,Norris (McLaren),42.97285,85.12556,Cloudy,0.25
309,3,Norris (McLaren),42.33003,127.45559,Cloudy,0.25
309,4,Norris (McLaren),43.63759,171.09318,Cloudy,0.25
309,5,Norris (McLaren),42.59189,213.68507,Cloudy,0.25
309,1,Leclerc (Ferrari),41.96193,41.96193,Cloudy,0.25
309,2,Leclerc (Ferrari),42.95203,84.91396,Cloudy,0.25
309,3,Leclerc (Ferrari),43.07337,127.98733,Cloudy,0.25
309,4,Leclerc (Ferrari),42.73722,170.72455,Cloudy,0.25
309,5,Leclerc (Ferrari),42.72548,213.45003,Cloudy,0.25
310,1,Hamilton (Mercedes),43.00979,43.00979,Cloudy,0.25
310,2,Hamilton (Mercedes),42.64141,85.6512,Cloudy,0.25
310,3,Hamilton (Mercedes),43.24437,128.89557,Cloudy,0.25
310,4,Hamilton (Mercedes),44.15332,173.04889,Cloudy,0.25
310,5,Hamilton (Mercedes),42.93409,215.98297,Cloudy,0.25
310,1,Verstappen (Red Bull),42.3131,42.3131,Cloudy,0.25
310,2,Verstappen (Red Bull),42.87636,85.18946,Cloudy,0.25
310,3,Verstappen (Red Bull),42.16471,127.35417,Cloudy,0.25
310,4,Verstappen (Red Bull),43.10711,170.46127,Cloudy,0.25
310,5,Verstappen (Red Bull),42.36929,212.83056,Cloudy,0.25
310,1,Norris (McLaren),42.84446,42.84446,Cloudy,0.25
310,2,Norris (McLaren),43.54906,86.39352,Cloudy,0.25
310,3,Norris (McLaren),42.69457,129.0881,Cloudy,0.25
310,4,Norris (McLaren),43.08195,172.17005,Cloudy,0.25
310,5,Norris (McLaren),42.77329,214.94334,Cloudy,0.25
310,1,Leclerc (Ferrari),41.93522,41.93522,Cloudy,0.25
310,2,Leclerc (Ferrari),41.42381,83.35903,Cloudy,0.25
310,3,Leclerc (Ferrari),42.79408,126.15311,Cloudy,0.25
310,4,Leclerc (Ferrari),42.02857,168.18168,Cloudy,0.25
310,5,Leclerc (Ferrari),42.7309,210.91258,Cloudy,0.25
311,1,Hamilton (Mercedes),43.23086,43.23086,Cloudy,0.25
311,2,Hamilton (Mercedes),42.74029,85.97115,Cloudy,0.25
311,3,Hamilton (Mercedes),43.01235,128.9835,Cloudy,0.25
311,4,Hamilton (Mercedes),42.91747,171.90097,Cloudy,0.25
311,5,Hamilton (Mercedes),43.9547,215.85567,Cloudy,0.25
311,1,Verstappen (Red Bull),42.74666,42.74666,Cloudy,0.25
311,2,Verstappen (Red Bull),42.04967,84.79633,Cloudy,0.25
311,3,Verstappen (Red Bull),43.0073,127.80363,Cloudy,0.25
311,4,Verstappen (Red Bull),41.2584,169.06203,Cloudy,0.25
311,5,Verstappen (Red Bull),42.11482,211.17685,Cloudy,0.25
311,1,Norris (McLaren),41.60233,41.60233,Cloudy,0.25
311,2,Norris (McLaren),43.36223,84.96457,Cloudy,0.25
311,3,Norris (McLaren),42.51889,127.48345,Cloudy,0.25
311,4,Norris (McLaren),43.74236,171.22582,Cloudy,0.25
311,5,Norris (McLaren),42.98348,214.2093,Cloudy,0.25
311,1,Leclerc (Ferrari),41.84835,41.84835,Cloudy,0.25
311,2,Leclerc (Ferrari),42.83518,84.68353,Cloudy,0.25
311,3,Leclerc (Ferrari),42.83342,127.51695,Cloudy,0.25
311,4,Leclerc (Ferrari),42.35881,169.87576,Cloudy,0.25
311,5,Leclerc (Ferrari),42.55976,212.43552,Cloudy,0.25
312,1,Hamilton (Mercedes),43.15382,43.15382,Cloudy,0.25
312,2,Hamilton (Mercedes),44.09976,87.25359,Cloudy,0.25
312,3,Hamilton (Mercedes),41.99567,129.24925,Cloudy,0.25
312,4,Hamilton (Mercedes),42.9752,172.22445,Cloudy,0.25
312,5,Hamilton (Mercedes),42.52111,214.74557,Cloudy,0.25
312,1,Verstappen (Red Bull),41.9637,41.9637,Cloudy,0.25
312,2,Verstappen (Red Bull),43.12248,85.08617,Cloudy,0.25
312,3,Verstappen (Red Bull),42.06338,127.14955,Cloudy,0.25
312,4,Verstappen (Red Bull),42.11834,169.26789,Cloudy,0.25
312,5,Verstappen (Red Bull),43.22142,212.48931,Cloudy,0.25
312,1,Norris (McLaren),43.16877,43.16877,Cloudy,0.25
312,2,Norris (McLaren),42.93722,86.10599,Cloudy,0.25
312,3,Norris (McLaren),42.27354,128.37954,Cloudy,0.25
312,4,Norris (McLaren),42.88813,171.26766,Cloudy,0.25
312,5,Norris (McLaren),43.14959,214.41725,Cloudy,0.25
312,1,Leclerc (Ferrari),43.00111,43.00111,Cloudy,0.25
312,2,Leclerc (Ferrari),41.91387,84.91497,Cloudy,0.25
312,3,Leclerc (Ferrari),42.76561,127.68058,Cloudy,0.25
312,4,Leclerc (Ferrari),43.26861,170.94919,Cloudy,0.25
312,5,Leclerc (Ferrari),42.28595,213.23514,Cloudy,0.25
313,1,Hamilton (Mercedes),42.69009,42.69009,Cloudy,0.25
313,2,Hamilton (Mercedes),43.55665,86.24673,Cloudy,0.25
313,3,Hamilton (Mercedes),42.47377,128.7205,Cloudy,0.25
313,4,Hamilton (Mercedes),43.47339,172.19389,Cloudy,0.25
313,5,Hamilton (Mercedes),42.58336,214.77725,Cloudy,0.25
313,1,Verstappen (Red Bull),43.39412,43.39412,Cloudy,0.25
313,2,Verstappen (Red Bull),42.9323,86.32642,Cloudy,0.25
313,3,Verstappen (Red Bull),41.36029,127.68671,Cloudy,0.25
313,4,Verstappen (Red Bull),41.71982,169.40654,Cloudy,0.25
313,5,Verstappen (Red Bull),42.63096,212.0375,Cloudy,0.25
313,1,Norris (McLaren),42.39905,42.39905,Cloudy,0.25
313,2,Norris (McLaren),42.94604,85.34509,Cloudy,0.25
313,3,Norris (McLaren),42.74233,128.08742,Cloudy,0.25
313,4,Norris (McLaren),42.77796,170.86538,Cloudy,0.25
313,5,Norris (McLaren),42.24638,213.11176,Cloudy,0.25
313,1,Leclerc (Ferrari),42.43078,42.43078,Cloudy,0.25
313,2,Leclerc (Ferrari),42.32747,84.75825,Cloudy,0.25
313,3,Leclerc (Ferrari),41.76466,126.52291,Cloudy,0.25
313,4,Leclerc (Ferrari),42.95636,169.47927,Cloudy,0.25
313,5,Leclerc (Ferrari),42.33838,211.81766,Cloudy,0.25
314,1,Hamilton (Mercedes),41.99649,41.99649,Cloudy,0.25
314,2,Hamilton (Mercedes),42.66377,84.66027,Cloudy,0.25
314,3,Hamilton (Mercedes),42.17448,126.83475,Cloudy,0.25
314,4,Hamilton (Mercedes),42.38757,169.22232,Cloudy,0.25
314,5,Hamilton (Mercedes),43.65174,212.87405,Cloudy,0.25
314,1,Verstappen (Red Bull),42.4406,42.4406,Cloudy,0.25
314,2,Verstappen (Red Bull),42.50783,84.94843,Cloudy,0.25
314,3,Verstappen (Red Bull),43.23495,128.18338,Cloudy,0.25
314,4,Verstappen (Red Bull),42.31526,170.49864,Cloudy,0.25
314,5,Verstappen (Red Bull),41.6102,212.10883,Cloudy,0.25
314,1,Norris (McLaren),42.82536,42.82536,Cloudy,0.25
314,2,Norris (McLaren),42.56324,85.3886,Cloudy,0.25
314,3,Norris (McLaren),43.43259,128.82119,Cloudy,0.25
314,4,Norris (McLaren),42.8555,171.67669,Cloudy,0.25
314,5,Norris (McLaren),43.35749,215.03418,Cloudy,0.25
314,1,Leclerc (Ferrari),42.34715,42.34715,Cloudy,0.25
314,2,Leclerc (Ferrari),42.61178,84.95893,Cloudy,0.25
314,3,Leclerc (Ferrari),41.10122,126.06015,Cloudy,0.25
314,4,Leclerc (Ferrari),42.1246,168.18475,Cloudy,0.25
314,5,Leclerc (Ferrari),42.467,210.65176,Cloudy,0.25
315,1,Hamilton (Mercedes),43.78921,43.78921,Cloudy,0.25
315,2,Hamilton (Mercedes),42.66827,86.45748,Cloudy,0.25
315,3,Hamilton (Mercedes),42.93709,129.39456,Cloudy,0.25
315,4,Hamilton (Mercedes),42.8892,172.28377,Cloudy,0.25
315,5,Hamilton (Mercedes),42.96935,215.25312,Cloudy,0.25
315,1,Verstappen (Red Bull),41.54823,41.54823,Cloudy,0.25
315,2,Verstappen (Red Bull),43.51437,85.0626,Cloudy,0.25
315,3,Verstappen (Red Bull),43.83195,128.89455,Cloudy,0.25
315,4,Verstappen (Red Bull),42.4315,171.32604,Cloudy,0.25
315,5,Verstappen (Red Bull),41.513,212.83904,Cloudy,0.25
315,1,Norris (McLaren),43.47312,43.47312,Cloudy,0.25
315,2,Norris (McLaren),42.45018,85.92329,Cloudy,0.25
315,3,Norris (McLaren),42.77712,128.70041,Cloudy,0.25
315,4,Norris (McLaren),43.51338,172.2138,Cloudy,0.25
315,5,Norris (McLaren),43.51923,215.73302,Cloudy,0.25
315,1,Leclerc (Ferrari),41.75524,41.75524,Cloudy,0.25
315,2,Leclerc (Ferrari),42.44773,84.20297,Cloudy,0.25
315,3,Leclerc (Ferrari),42.96432,127.16729,Cloudy,0.25
315,4,Leclerc (Ferrari),41.62977,168.79706,Cloudy,0.25
315,5,Leclerc (Ferrari),43.05097,211.84803,Cloudy,0.25
316,1,Hamilton (Mercedes),42.92833,42.92833,Cloudy,0.25
316,2,Hamilton (Mercedes),43.47027,86.39859,Cloudy,0.25
316,3,Hamilton (Mercedes),42.64573,129.04433,Cloudy,0.25
316,4,Hamilton (Mercedes),42.92251,171.96684,Cloudy,0.25
316,5,Hamilton (Mercedes),44.09006,216.0569,Cloudy,0.25
316,1,Verstappen (Red Bull),41.68325,41.68325,Cloudy,0.25
316,2,Verstappen (Red Bull),43.4492,85.13245,Cloudy,0.25
316,3,Verstappen (Red Bull),42.06264,127.19508,Cloudy,0.25
316,4,Verstappen (Red Bull),42.98533,170.18041,Cloudy,0.25
316,5,Verstappen (Red Bull),42.17504,212.35545,Cloudy,0.25
316,1,Norris (McLaren),44.30452,44.30452,Cloudy,0.25
316,2,Norris (McLaren),42.40857,86.71309,Cloudy,0.25
316,3,Norris (McLaren),43.10415,129.81724,Cloudy,0.25
316,4,Norris (McLaren),43.72111,173.53835,Cloudy,0.25
316,5,Norris (McLaren),43.36839,216.90674,Cloudy,0.25
316,1,Leclerc (Ferrari),43.10019,43.10019,Cloudy,0.25
316,2,Leclerc (Ferrari),42.13465,85.23484,Cloudy,0.25
316,3,Leclerc (Ferrari),43.003,128.23784,Cloudy,0.25
316,4,Leclerc (Ferrari),41.91719,170.15503,Cloudy,0.25
316,5,Leclerc (Ferrari),42.20172,212.35676,Cloudy,0.25
317,1,Hamilton (Mercedes),43.33405,43.33405,Cloudy,0.25
317,2,Hamilton (Mercedes),43.0469,86.38094,Cloudy,0.25
317,3,Hamilton (Mercedes),43.77518,130.15612,Cloudy,0.25
317,4,Hamilton (Mercedes),43.3468,173.50292,Cloudy,0.25
317,5,Hamilton (Mercedes),43.44868,216.9516,Cloudy,0.25
317,1,Verstappen (Red Bull),43.70671,43.70671,Cloudy,0.25
317,2,Verstappen (Red Bull),41.65299,85.3597,Cloudy,0.25
317,3,Verstappen (Red Bull),42.39741,127.75711,Cloudy,0.25
317,4,Verstappen (Red Bull),42.99283,170.74993,Cloudy,0.25
317,5,Verstappen (Red Bull),42.29192,213.04185,Cloudy,0.25
317,1,Norris (McLaren),43.68331,43.68331,Cloudy,0.25
317,2,Norris (McLaren),42.40301,86.08632,Cloudy,0.25
317,3,Norris (McLaren),42.49469,128.58101,Cloudy,0.25
317,4,Norris (McLaren),42.66796,171.24897,Cloudy,0.25
317,5,Norris (McLaren),43.39802,214.64699,Cloudy,0.25
317,1,Leclerc (Ferrari),42.74574,42.74574,Cloudy,0.25
317,2,Leclerc (Ferrari),42.19193,84.93767,Cloudy,0.25
317,3,Leclerc (Ferrari),43.35946,128.29712,Cloudy,0.25
317,4,Leclerc (Ferrari),42.26374,170.56087,Cloudy,0.25
317,5,Leclerc (Ferrari),42.49324,213.05411,Cloudy,0.25
318,1,Hamilton (Mercedes),42.05269,42.05269,Cloudy,0.25
318,2,Hamilton (Mercedes),42.80106,84.85375,Cloudy,0.25
318,3,Hamilton (Mercedes),42.87508,127.72883,Cloudy,0.25
318,4,Hamilton (Mercedes),43.68933,171.41816,Cloudy,0.25
318,5,Hamilton (Mercedes),43.07588,214.49404,Cloudy,0.25
318,1,Verstappen (Red Bull),42.14911,42.14911,Cloudy,0.25
318,2,Verstappen (Red Bull),42.58221,84.73132,Cloudy,0.25
318,3,Verstappen (Red Bull),41.33253,126.06385,Cloudy,0.25
318,4,Verstappen (Red Bull),41.40599,167.46984,Cloudy,0.25
318,5,Verstappen (Red Bull),42.61684,210.08668,Cloudy,0.25
318,1,Norris (McLaren),42.83794,42.83794,Cloudy,0.25
318,2,Norris (McLaren),42.98116,85.81911,Cloudy,0.25
318,3,Norris (McLaren),42.79638,128.61549,Cloudy,0.25
318,4,Norris (McLaren),43.80026,172.41575,Cloudy,0.25
318,5,Norris (McLaren),43.06347,215.47922,Cloudy,0.25
318,1,Leclerc (Ferrari),42.47033,42.47033,Cloudy,0.25
318,2,Leclerc (Ferrari),42.31042,84.78075,Cloudy,0.25
318,3,Leclerc (Ferrari),41.97665,126.7574,Cloudy,0.25
318,4,Leclerc (Ferrari),42.78483,169.54223,Cloudy,0.25
318,5,Leclerc (Ferrari),42.81862,212.36085,Cloudy,0.25
319,1,Hamilton (Mercedes),42.77716,42.77716,Cloudy,0.25
319,2,Hamilton (Mercedes),42.66732,85.44447,Cloudy,0.25
319,3,Hamilton (Mercedes),43.76887,129.21335,Cloudy,0.25
319,4,Hamilton (Mercedes),42.127,171.34035,Cloudy,0.25
319,5,Hamilton (Mercedes),43.59251,214.93286,Cloudy,0.25
319,1,Verstappen (Red Bull),41.83133,41.83133,Cloudy,0.25
319,2,Verstappen (Red Bull),42.42401,84.25534,Cloudy,0.25
319,3,Verstappen (Red Bull),41.86427,126.11961,Cloudy,0.25
319,4,Verstappen (Red Bull),42.53435,168.65396,Cloudy,0.25
319,5,Verstappen (Red Bull),42.04867,210.70263,Cloudy,0.25
319,1,Norris (McLaren),42.89578,42.89578,Cloudy,0.25
319,2,Norris (McLaren),44.02833,86.9241,Cloudy,0.25
319,3,Norris (McLaren),42.33584,129.25994,Cloudy,0.25
319,4,Norris (McLaren),43.53556,172.7955,Cloudy,0.25
319,5,Norris (McLaren),42.06032,214.85582,Cloudy,0.25
319,1,Leclerc (Ferrari),41.44864,41.44864,Cloudy,0.25
319,2,Leclerc (Ferrari),43.12258,84.57122,Cloudy,0.25
319,3,Leclerc (Ferrari),42.6358,127.20702,Cloudy,0.25
319,4,Leclerc (Ferrari),42.98295,170.18997,Cloudy,0.25
319,5,Leclerc (Ferrari),42.08579,212.27576,Cloudy,0.25
320,1,Hamilton (Mercedes),43.55389,43.55389,Cloudy,0.25
320,2,Hamilton (Mercedes),43.56228,87.11616,Cloudy,0.25
320,3,Hamilton (Mercedes),43.43588,130.55205,Cloudy,0.25
320,4,Hamilton (Mercedes),43.11539,173.66744,Cloudy,0.25
320,5,Hamilton (Mercedes),43.33067,216.9981,Cloudy,0.25
320,1,Verstappen (Red Bull),41.25127,41.25127,Cloudy,0.25
320,2,Verstappen (Red Bull),42.40826,83.65953,Cloudy,0.25
320,3,Verstappen (Red Bull),43.60677,127.26631,Cloudy,0.25
320,4,Verstappen (Red Bull),42.66632,169.93262,Cloudy,0.25
320,5,Verstappen (Red Bull),41.91823,211.85086,Cloudy,0.25
320,1,Norris (McLaren),42.99362,42.99362,Cloudy,0.25
320,2,Norris (McLaren),41.99873,84.99235,Cloudy,0.25
320,3,Norris (McLaren),43.57009,128.56244,Cloudy,0.25
320,4,Norris (McLaren),41.67845,170.24089,Cloudy,0.25
320,5,Norris (McLaren),42.54509,212.78598,Cloudy,0.25
320,1,Leclerc (Ferrari),42.93524,42.93524,Cloudy,0.25
320,2,Leclerc (Ferrari),43.10362,86.03887,Cloudy,0.25
320,3,Leclerc (Ferrari),42.3574,128.39626,Cloudy,0.25
320,4,Leclerc (Ferrari),41.76797,170.16423,Cloudy,0.25
320,5,Leclerc (Ferrari),42.26321,212.42744,Cloudy,0.25
321,1,Hamilton (Mercedes),43.55669,43.55669,Cloudy,0.25
321,2,Hamilton (Mercedes),42.32714,85.88383,Cloudy,0.25
321,3,Hamilton (Mercedes),42.42649,128.31032,Cloudy,0.25
321,4,Hamilton (Mercedes),42.94311,171.25342,Cloudy,0.25
321,5,Hamilton (Mercedes),42.87042,214.12384,Cloudy,0.25
321,1,Verstappen (Red Bull),43.10483,43.10483,Cloudy,0.25
321,2,Verstappen (Red Bull),42.48856,85.5934,Cloudy,0.25
321,3,Verstappen (Red Bull),42.74298,128.33638,Cloudy,0.25
321,4,Verstappen (Red Bull),43.9041,172.24048,Cloudy,0.25
321,5,Verstappen (Red Bull),42.64258,214.88306,Cloudy,0.25
321,1,Norris (McLaren),43.05559,43.05559,Cloudy,0.25
321,2,Norris (McLaren),42.0093,85.06489,Cloudy,0.25
321,3,Norris (McLaren),41.99491,127.05979,Cloudy,0.25
321,4,Norris (McLaren),43.28187,170.34167,Cloudy,0.25
321,5,Norris (McLaren),42.29759,212.63926,Cloudy,0.25
321,1,Leclerc (Ferrari),41.93756,41.93756,Cloudy,0.25
321,2,Leclerc (Ferrari),42.75345,84.69101,Cloudy,0.25
321,3,Leclerc (Ferrari),43.95513,128.64614,Cloudy,0.25
321,4,Leclerc (Ferrari),43.19317,171.83931,Cloudy,0.25
321,5,Leclerc (Ferrari),42.05728,213.89659,Cloudy,0.25
322,1,Hamilton (Mercedes),42.68155,42.68155,Cloudy,0.25
322,2,Hamilton (Mercedes),42.3426,85.02415,Cloudy,0.25
322,3,Hamilton (Mercedes),41.51498,126.53913,Cloudy,0.25
322,4,Hamilton (Mercedes),42.94534,169.48446,Cloudy,0.25
322,5,Hamilton (Mercedes),43.11716,212.60163,Cloudy,0.25
322,1,Verstappen (Red Bull),42.79911,42.79911,Cloudy,0.25
322,2,Verstappen (Red Bull),42.45767,85.25678,Cloudy,0.25
322,3,Verstappen (Red Bull),42.36013,127.61692,Cloudy,0.25
322,4,Verstappen (Red Bull),42.2079,169.82482,Cloudy,0.25
322,5,Verstappen (Red Bull),43.23596,213.06078,Cloudy,0.25
322,1,Norris (McLaren),43.0586,43.0586,Cloudy,0.25
322,2,Norris (McLaren),43.87985,86.93845,Cloudy,0.25
322,3,Norris (McLaren),43.6521,130.59055,Cloudy,0.25
322,4,Norris (McLaren),43.02296,173.61352,Cloudy,0.25
322,5,Norris (McLaren),43.2053,216.81882,Cloudy,0.25
322,1,Leclerc (Ferrari),43.42322,43.42322,Cloudy,0.25
322,2,Leclerc (Ferrari),41.51649,84.93971,Cloudy,0.25
322,3,Leclerc (Ferrari),42.55861,127.49832,Cloudy,0.25
322,4,Leclerc (Ferrari),41.81853,169.31685,Cloudy,0.25
322,5,Leclerc (Ferrari),42.85017,212.16702,Cloudy,0.25
323,1,Hamilton (Mercedes),42.45279,42.45279,Cloudy,0.25
323,2,Hamilton (Mercedes),42.82242,85.27521,Cloudy,0.25
323,3,Hamilton (Mercedes),43.0593,128.3345,Cloudy,0.25
323,4,Hamilton (Mercedes),41.73922,170.07373,Cloudy,0.25
323,5,Hamilton (Mercedes),43.43485,213.50857,Cloudy,0.25
323,1,Verstappen (Red Bull),42.23757,42.23757,Cloudy,0.25
323,2,Verstappen (Red Bull),43.04281,85.28038,Cloudy,0.25
323,3,Verstappen (Red Bull),43.70644,128.98682,Cloudy,0.25
323,4,Verstappen (Red Bull),41.66703,170.65385,Cloudy,0.25
323,5,Verstappen (Red Bull),41.64004,212.29389,Cloudy,0.25
323,1,Norris (McLaren),42.44524,42.44524,Cloudy,0.25
323,2,Norris (McLaren),43.13851,85.58375,Cloudy,0.25
323,3,Norris (McLaren),43.2021,128.78585,Cloudy,0.25
323,4,Norris (McLaren),42.23532,171.02117,Cloudy,0.25
323,5,Norris (McLaren),42.69814,213.71931,Cloudy,0.25
323,1,Leclerc (Ferrari),42.88,42.88,Cloudy,0.25
323,2,Leclerc (Ferrari),42.30479,85.18479,Cloudy,0.25
323,3,Leclerc (Ferrari),42.23372,127.41852,Cloudy,0.25
323,4,Leclerc (Ferrari),41.90177,169.32028,Cloudy,0.25
323,5,Leclerc (Ferrari),43.6693,212.98958,Cloudy,0.25
324,1,Hamilton (Mercedes),41.71943,41.71943,Cloudy,0.25
324,2,Hamilton (Mercedes),43.09403,84.81346,Cloudy,0.25
324,3,Hamilton (Mercedes),42.92436,127.73782,Cloudy,0.25
324,4,Hamilton (Mercedes),42.42975,170.16757,Cloudy,0.25
324,5,Hamilton (Mercedes),43.25198,213.41955,Cloudy,0.25
324,1,Verstappen (Red Bull),42.5241,42.5241,Cloudy,0.25
324,2,Verstappen (Red Bull),42.87306,85.39716,Cloudy,0.25
324,3,Verstappen (Red Bull),41.83154,127.2287,Cloudy,0.25
324,4,Verstappen (Red Bull),43.11951,170.34821,Cloudy,0.25
324,5,Verstappen (Red Bull),43.23183,213.58004,Cloudy,0.25
324,1,Norris (McLaren),43.07048,43.07048,Cloudy,0.25
324,2,Norris (McLaren),41.62652,84.697,Cloudy,0.25
324,3,Norris (McLaren),43.61769,128.31468,Cloudy,0.25
324,4,Norris (McLaren),41.98909,170.30377,Cloudy,0.25
324,5,Norris (McLaren),42.55023,212.85401,Cloudy,0.25
324,1,Leclerc (Ferrari),41.60695,41.60695,Cloudy,0.25
324,2,Leclerc (Ferrari),42.37431,83.98126,Cloudy,0.25
324,3,Leclerc (Ferrari),42.79257,126.77383,Cloudy,0.25
324,4,Leclerc (Ferrari),42.4304,169.20423,Cloudy,0.25
324,5,Leclerc (Ferrari),42.30569,211.50992,Cloudy,0.25
325,1,Hamilton (Mercedes),43.20716,43.20716,Cloudy,0.25
325,2,Hamilton (Mercedes),42.56128,85.76844,Cloudy,0.25
325,3,Hamilton (Mercedes),43.5097,129.27814,Cloudy,0.25
325,4,Hamilton (Mercedes),43.7355,173.01364,Cloudy,0.25
325,5,Hamilton (Mercedes),43.72964,216.74328,Cloudy,0.25
325,1,Verstappen (Red Bull),42.72381,42.72381,Cloudy,0.25
325,2,Verstappen (Red Bull),42.96624,85.69004,Cloudy,0.25
325,3,Verstappen (Red Bull),42.87729,128.56733,Cloudy,0.25
325,4,Verstappen (Red Bull),43.44825,172.01558,Cloudy,0.25
325,5,Verstappen (Red Bull),42.12807,214.14366,Cloudy,0.25
325,1,Norris (McLaren),43.15694,43.15694,Cloudy,0.25
325,2,Norris (McLaren),42.86284,86.01977,Cloudy,0.25
325,3,Norris (McLaren),42.61341,128.63318,Cloudy,0.25
325,4,Norris (McLaren),42.33942,170.9726,Cloudy,0.25
325,5,Norris (McLaren),43.88799,214.86059,Cloudy,0.25
325,1,Leclerc (Ferrari),41.68275,41.68275,Cloudy,0.25
325,2,Leclerc (Ferrari),41.53709,83.21984,Cloudy,0.25
325,3,Leclerc (Ferrari),42.55567,125.77551,Cloudy,0.25
325,4,Leclerc (Ferrari),41.63343,167.40894,Cloudy,0.25
325,5,Leclerc (Ferrari),42.80957,210.21852,Cloudy,0.25
326,1,Hamilton (Mercedes),42.50904,42.50904,Cloudy,0.25
326,2,Hamilton (Mercedes),42.8846,85.39364,Cloudy,0.25
326,3,Hamilton (Mercedes),43.44447,128.83811,Cloudy,0.25
326,4,Hamilton (Mercedes),42.00107,170.83918,Cloudy,0.25
326,5,Hamilton (Mercedes),43.99806,214.83724,Cloudy,0.25
326,1,Verstappen (Red Bull),42.26692,42.26692,Cloudy,0.25
326,2,Verstappen (Red Bull),41.75269,84.01961,Cloudy,0.25
326,3,Verstappen (Red Bull),43.1583,127.17791,Cloudy,0.25
326,4,Verstappen (Red Bull),42.36942,169.54733,Cloudy,0.25
326,5,Verstappen (Red Bull),42.03042,211.57775,Cloudy,0.25
326,1,Norris (McLaren),43.25017,43.25017,Cloudy,0.25
326,2,Norris (McLaren),41.74181,84.99198,Cloudy,0.25
326,3,Norris (McLaren),43.79026,128.78224,Cloudy,0.25
326,4,Norris (McLaren),42.46735,171.24959,Cloudy,0.25
326,5,Norris (McLaren),42.44532,213.69491,Cloudy,0.25
326,1,Leclerc (Ferrari),42.44021,42.44021,Cloudy,0.25
326,2,Leclerc (Ferrari),42.27026,84.71047,Cloudy,0.25
326,3,Leclerc (Ferrari),42.8611,127.57157,Cloudy,0.25
326,4,Leclerc (Ferrari),41.63485,169.20642,Cloudy,0.25
326,5,Leclerc (Ferrari),43.31043,212.51685,Cloudy,0.25
327,1,Hamilton (Mercedes),42.4879,42.4879,Cloudy,0.25
327,2,Hamilton (Mercedes),43.33121,85.81911,Cloudy,0.25
327,3,Hamilton (Mercedes),43.07197,128.89108,Cloudy,0.25
327,4,Hamilton (Mercedes),42.89065,171.78173,Cloudy,0.25
327,5,Hamilton (Mercedes),42.45713,214.23885,Cloudy,0.25
327,1,Verstappen (Red Bull),41.84089,41.84089,Cloudy,0.25
327,2,Verstappen (Red Bull),42.3015,84.1424,Cloudy,0.25
327,3,Verstappen (Red Bull),42.35519,126.49758,Cloudy,0.25
327,4,Verstappen (Red Bull),42.14721,168.64479,Cloudy,0.25
327,5,Verstappen (Red Bull),42.35402,210.99881,Cloudy,0.25
327,1,Norris (McLaren),42.85094,42.85094,Cloudy,0.25
327,2,Norris (McLaren),42.48908,85.34002,Cloudy,0.25
327,3,Norris (McLaren),41.86136,127.20138,Cloudy,0.25
327,4,Norris (McLaren),43.6439,170.84528,Cloudy,0.25
327,5,Norris (McLaren),43.54724,214.39252,Cloudy,0.25
327,1,Leclerc (Ferrari),42.38156,42.38156,Cloudy,0.25
327,2,Leclerc (Ferrari),42.0732,84.45477,Cloudy,0.25
327,3,Leclerc (Ferrari),41.37166,125.82643,Cloudy,0.25
327,4,Leclerc (Ferrari),42.80612,168.63256,Cloudy,0.25
327,5,Leclerc (Ferrari),42.78985,211.42241,Cloudy,0.25
328,1,Hamilton (Mercedes),41.96635,41.96635,Cloudy,0.25
328,2,Hamilton (Mercedes),43.23465,85.201,Cloudy,0.25
328,3,Hamilton (Mercedes),42.90296,128.10396,Cloudy,0.25
328,4,Hamilton (Mercedes),42.25222,170.35618,Cloudy,0.25
328,5,Hamilton (Mercedes),42.66403,213.02022,Cloudy,0.25
328,1,Verstappen (Red Bull),43.26277,43.26277,Cloudy,0.25
328,2,Verstappen (Red Bull),42.44718,85.70994,Cloudy,0.25
328,3,Verstappen (Red Bull),42.16992,127.87986,Cloudy,0.25
328,4,Verstappen (Red Bull),42.29497,170.17483,Cloudy,0.25
328,5,Verstappen (Red Bull),42.16185,212.33668,Cloudy,0.25
328,1,Norris (McLaren),42.38745,42.38745,Cloudy,0.25
328,2,Norris (McLaren),42.924,85.31145,Cloudy,0.25
328,3,Norris (McLaren),41.39704,126.70849,Cloudy,0.25
328,4,Norris (McLaren),42.08428,168.79277,Cloudy,0.25
328,5,Norris (McLaren),42.64869,211.44146,Cloudy,0.25
328,1,Leclerc (Ferrari),42.75207,42.75207,Cloudy,0.25
328,2,Leclerc (Ferrari),43.10964,85.86171,Cloudy,0.25
328,3,Leclerc (Ferrari),43.19016,129.05188,Cloudy,0.25
328,4,Leclerc (Ferrari),41.64688,170.69876,Cloudy,0.25
328,5,Leclerc (Ferrari),41.77201,212.47077,Cloudy,0.25
329,1,Hamilton (Mercedes),41.66029,41.66029,Cloudy,0.25
329,2,Hamilton (Mercedes),43.22826,84.88855,Cloudy,0.25
329,3,Hamilton (Mercedes),43.61919,128.50774,Cloudy,0.25
329,4,Hamilton (Mercedes),42.60997,171.11771,Cloudy,0.25
329,5,Hamilton (Mercedes),43.84535,214.96306,Cloudy,0.25
329,1,Verstappen (Red Bull),42.62471,42.62471,Cloudy,0.25
329,2,Verstappen (Red Bull),42.78938,85.41409,Cloudy,0.25
329,3,Verstappen (Red Bull),43.08576,128.49985,Cloudy,0.25
329,4,Verstappen (Red Bull),42.48417,170.98402,Cloudy,0.25
329,5,Verstappen (Red Bull),41.25542,212.23944,Cloudy,0.25
329,1,Norris (McLaren),43.0373,43.0373,Cloudy,0.25
329,2,Norris (McLaren),43.59405,86.63134,Cloudy,0.25
329,3,Norris (McLaren),42.46912,129.10046,Cloudy,0.25
329,4,Norris (McLaren),43.30419,172.40465,Cloudy,0.25
329,5,Norris (McLaren),42.86033,215.26499,Cloudy,0.25
329,1,Leclerc (Ferrari),42.03765,42.03765,Cloudy,0.25
329,2,Leclerc (Ferrari),42.01234,84.04999,Cloudy,0.25
329,3,Leclerc (Ferrari),42.96786,127.01785,Cloudy,0.25
329,4,Leclerc (Ferrari),41.86915,168.88701,Cloudy,0.25
329,5,Leclerc (Ferrari),42.68439,211.57139,Cloudy,0.25
330,1,Hamilton (Mercedes),42.52928,42.52928,Cloudy,0.25
330,2,Hamilton (Mercedes),42.3749,84.90418,Cloudy,0.25
330,3,Hamilton (Mercedes),42.50123,127.40541,Cloudy,0.25
330,4,Hamilton (Mercedes),43.16565,170.57106,Cloudy,0.25
330,5,Hamilton (Mercedes),43.66805,214.23911,Cloudy,0.25
330,1,Verstappen (Red Bull),43.73315,43.73315,Cloudy,0.25
330,2,Verstappen (Red Bull),42.48709,86.22024,Cloudy,0.25
330,3,Verstappen (Red Bull),42.09388,128.31412,Cloudy,0.25
330,4,Verstappen (Red Bull),42.33846,170.65258,Cloudy,0.25
330,5,Verstappen (Red Bull),42.73276,213.38534,Cloudy,0.25
330,1,Norris (McLaren),41.37418,41.37418,Cloudy,0.25
330,2,Norris (McLaren),42.87031,84.24449,Cloudy,0.25
330,3,Norris (McLaren),42.36035,126.60484,Cloudy,0.25
330,4,Norris (McLaren),43.20101,169.80585,Cloudy,0.25
330,5,Norris (McLaren),41.78759,211.59344,Cloudy,0.25
330,1,Leclerc (Ferrari),42.57982,42.57982,Cloudy,0.25
330,2,Leclerc (Ferrari),41.96008,84.5399,Cloudy,0.25
330,3,Leclerc (Ferrari),42.77474,127.31464,Cloudy,0.25
330,4,Leclerc (Ferrari),42.50026,169.8149,Cloudy,0.25
330,5,Leclerc (Ferrari),41.89946,211.71436,Cloudy,0.25
331,1,Hamilton (Mercedes),42.3619,42.3619,Cloudy,0.25
331,2,Hamilton (Mercedes),43.83129,86.1932,Cloudy,0.25
331,3,Hamilton (Mercedes),43.46279,129.65598,Cloudy,0.25
331,4,Hamilton (Mercedes),42.62041,172.27639,Cloudy,0.25
331,5,Hamilton (Mercedes),43.20191,215.4783,Cloudy,0.25
331,1,Verstappen (Red Bull),41.26892,41.26892,Cloudy,0.25
331,2,Verstappen (Red Bull),42.44739,83.71631,Cloudy,0.25
331,3,Verstappen (Red Bull),43.13578,126.85209,Cloudy,0.25
331,4,Verstappen (Red Bull),42.01775,168.86984,Cloudy,0.25
331,5,Verstappen (Red Bull),42.51906,211.38891,Cloudy,0.25
331,1,Norris (McLaren),43.17008,43.17008,Cloudy,0.25
331,2,Norris (McLaren),43.0941,86.26418,Cloudy,0.25
331,3,Norris (McLaren),42.92291,129.18709,Cloudy,0.25
331,4,Norris (McLaren),42.81705,172.00414,Cloudy,0.25
331,5,Norris (McLaren),42.24417,214.24831,Cloudy,0.25
331,1,Leclerc (Ferrari),42.371,42.371,Cloudy,0.25
331,2,Leclerc (Ferrari),41.53191,83.90291,Cloudy,0.25
331,3,Leclerc (Ferrari),42.06409,125.967,Cloudy,0.25
331,4,Leclerc (Ferrari),42.16314,168.13014,Cloudy,0.25
331,5,Leclerc (Ferrari),42.28888,210.41902,Cloudy,0.25
332,1,Hamilton (Mercedes),42.96098,42.96098,Cloudy,0.25
332,2,Hamilton (Mercedes),43.55679,86.51777,Cloudy,0.25
332,3,Hamilton (Mercedes),43.14956,129.66733,Cloudy,0.25
332,4,Hamilton (Mercedes),43.41877,173.0861,Cloudy,0.25
332,5,Hamilton (Mercedes),44.02861,217.11471,Cloudy,0.25
332,1,Verstappen (Red Bull),43.10294,43.10294,Cloudy,0.25
332,2,Verstappen (Red Bull),42.28723,85.39017,Cloudy,0.25
332,3,Verstappen (Red Bull),42.2068,127.59697,Cloudy,0.25
332,4,Verstappen (Red Bull),42.81001,170.40698,Cloudy,0.25
332,5,Verstappen (Red Bull),42.62154,213.02851,Cloudy,0.25
332,1,Norris (McLaren),41.97588,41.97588,Cloudy,0.25
332,2,Norris (McLaren),42.77242,84.7483,Cloudy,0.25
332,3,Norris (McLaren),42.16791,126.91621,Cloudy,0.25
332,4,Norris (McLaren),43.25293,170.16914,Cloudy,0.25
332,5,Norris (McLaren),42.79616,212.9653,Cloudy,0.25
332,1,Leclerc (Ferrari),42.3187,42.3187,Cloudy,0.25
332,2,Leclerc (Ferrari),42.71744,85.03614,Cloudy,0.25
332,3,Leclerc (Ferrari),41.9281,126.96424,Cloudy,0.25
332,4,Leclerc (Ferrari),42.43836,169.4026,Cloudy,0.25
332,5,Leclerc (Ferrari),42.35043,211.75303,Cloudy,0.25
333,1,Hamilton (Mercedes),42.65965,42.65965,Cloudy,0.25
333,2,Hamilton (Mercedes),42.3836,85.04326,Cloudy,0.25
333,3,Hamilton (Mercedes),42.2066,127.24985,Cloudy,0.25
333,4,Hamilton (Mercedes),42.83784,170.08769,Cloudy,0.25
333,5,Hamilton (Mercedes),43.10426,213.19194,Cloudy,0.25
333,1,Verstappen (Red Bull),43.14421,43.14421,Cloudy,0.25
333,2,Verstappen (Red Bull),42.30566,85.44987,Cloudy,0.25
333,3,Verstappen (Red Bull),42.87156,128.32144,Cloudy,0.25
333,4,Verstappen (Red Bull),42.10154,170.42298,Cloudy,0.25
333,5,Verstappen (Red Bull),42.5241,212.94708,Cloudy,0.25
333,1,Norris (McLaren),42.72559,42.72559,Cloudy,0.25
333,2,Norris (McLaren),43.1318,85.85739,Cloudy,0.25
333,3,Norris (McLaren),41.69057,127.54797,Cloudy,0.25
333,4,Norris (McLaren),41.6057,169.15367,Cloudy,0.25
333,5,Norris (McLaren),43.83192,212.98558,Cloudy,0.25
333,1,Leclerc (Ferrari),41.4446,41.4446,Cloudy,0.25
333,2,Leclerc (Ferrari),41.77426,83.21886,Cloudy,0.25
333,3,Leclerc (Ferrari),41.54476,124.76362,Cloudy,0.25
333,4,Leclerc (Ferrari),42.14645,166.91007,Cloudy,0.25
333,5,Leclerc (Ferrari),42.11636,209.02643,Cloudy,0.25
334,1,Hamilton (Mercedes),42.8369,42.8369,Cloudy,0.25
334,2,Hamilton (Mercedes),43.29258,86.12948,Cloudy,0.25
334,3,Hamilton (Mercedes),43.99144,130.12092,Cloudy,0.25
334,4,Hamilton (Mercedes),42.71152,172.83244,Cloudy,0.25
334,5,Hamilton (Mercedes),40.94868,213.78112,Cloudy,0.25
334,1,Verstappen (Red Bull),43.16768,43.16768,Cloudy,0.25
334,2,Verstappen (Red Bull),41.7418,84.90947,Cloudy,0.25
334,3,Verstappen (Red Bull),43.35033,128.2598,Cloudy,0.25
334,4,Verstappen (Red Bull),42.47369,170.73349,Cloudy,0.25
334,5,Verstappen (Red Bull),42.7795,213.51299,Cloudy,0.25
334,1,Norris (McLaren),43.71253,43.71253,Cloudy,0.25
334,2,Norris (McLaren),43.08801,86.80055,Cloudy,0.25
334,3,Norris (McLaren),41.55054,128.35108,Cloudy,0.25
334,4,Norris (McLaren),43.04946,171.40054,Cloudy,0.25
334,5,Norris (McLaren),42.15509,213.55563,Cloudy,0.25
334,1,Leclerc (Ferrari),42.7248,42.7248,Cloudy,0.25
334,2,Leclerc (Ferrari),41.18072,83.90552,Cloudy,0.25
334,3,Leclerc (Ferrari),42.04373,125.94925,Cloudy,0.25
334,4,Leclerc (Ferrari),42.72942,168.67867,Cloudy,0.25
334,5,Leclerc (Ferrari),41.34621,210.02488,Cloudy,0.25
335,1,Hamilton (Mercedes),42.82706,42.82706,Cloudy,0.25
335,2,Hamilton (Mercedes),43.62374,86.45081,Cloudy,0.25
335,3,Hamilton (Mercedes),42.75441,129.20521,Cloudy,0.25
335,4,Hamilton (Mercedes),43.39506,172.60027,Cloudy,0.25
335,5,Hamilton (Mercedes),42.9618,215.56207,Cloudy,0.25
335,1,Verstappen (Red Bull),43.6952,43.6952,Cloudy,0.25
335,2,Verstappen (Red Bull),42.30194,85.99715,Cloudy,0.25
335,3,Verstappen (Red Bull),42.42112,128.41826,Cloudy,0.25
335,4,Verstappen (Red Bull),42.466,170.88426,Cloudy,0.25
335,5,Verstappen (Red Bull),42.67438,213.55864,Cloudy,0.25
335,1,Norris (McLaren),44.0271,44.0271,Cloudy,0.25
335,2,Norris (McLaren),44.05148,88.07858,Cloudy,0.25
335,3,Norris (McLaren),43.25912,131.3377,Cloudy,0.25
335,4,Norris (McLaren),42.47911,173.81681,Cloudy,0.25
335,5,Norris (McLaren),41.37989,215.19671,Cloudy,0.25
335,1,Leclerc (Ferrari),42.13832,42.13832,Cloudy,0.25
335,2,Leclerc (Ferrari),42.35576,84.49408,Cloudy,0.25
335,3,Leclerc (Ferrari),41.65817,126.15225,Cloudy,0.25
335,4,Leclerc (Ferrari),41.79987,167.95213,Cloudy,0.25
335,5,Leclerc (Ferrari),42.91718,210.86931,Cloudy,0.25
336,1,Hamilton (Mercedes),42.34658,42.34658,Cloudy,0.25
336,2,Hamilton (Mercedes),42.78037,85.12695,Cloudy,0.25
336,3,Hamilton (Mercedes),43.39225,128.5192,Cloudy,0.25
336,4,Hamilton (Mercedes),42.98186,171.50106,Cloudy,0.25
336,5,Hamilton (Mercedes),42.79939,214.30045,Cloudy,0.25
336,1,Verstappen (Red Bull),42.28827,42.28827,Cloudy,0.25
336,2,Verstappen (Red Bull),42.51182,84.80008,Cloudy,0.25
336,3,Verstappen (Red Bull),41.16154,125.96162,Cloudy,0.25
336,4,Verstappen (Red Bull),43.30043,169.26205,Cloudy,0.25
336,5,Verstappen (Red Bull),41.85882,211.12087,Cloudy,0.25
336,1,Norris (McLaren),42.22237,42.22237,Cloudy,0.25
336,2,Norris (McLaren),43.78826,86.01062,Cloudy,0.25
336,3,Norris (McLaren),43.97783,129.98845,Cloudy,0.25
336,4,Norris (McLaren),43.16802,173.15647,Cloudy,0.25
336,5,Norris (McLaren),43.11558,216.27205,Cloudy,0.25
336,1,Leclerc (Ferrari),42.9053,42.9053,Cloudy,0.25
336,2,Leclerc (Ferrari),42.52331,85.42861,Cloudy,0.25
336,3,Leclerc (Ferrari),42.24253,127.67114,Cloudy,0.25
336,4,Leclerc (Ferrari),41.4684,169.13955,Cloudy,0.25
336,5,Leclerc (Ferrari),41.87045,211.01,Cloudy,0.25
337,1,Hamilton (Mercedes),42.48236,42.48236,Cloudy,0.25
337,2,Hamilton (Mercedes),43.01082,85.49318,Cloudy,0.25
337,3,Hamilton (Mercedes),42.99175,128.48493,Cloudy,0.25
337,4,Hamilton (Mercedes),43.28598,171.77091,Cloudy,0.25
337,5,Hamilton (Mercedes),42.53016,214.30107,Cloudy,0.25
337,1,Verstappen (Red Bull),42.67503,42.67503,Cloudy,0.25
337,2,Verstappen (Red Bull),42.87313,85.54816,Cloudy,0.25
337,3,Verstappen (Red Bull),42.69256,128.24072,Cloudy,0.25
337,4,Verstappen (Red Bull),42.47411,170.71483,Cloudy,0.25
337,5,Verstappen (Red Bull),42.94204,213.65687,Cloudy,0.25
337,1,Norris (McLaren),41.9987,41.9987,Cloudy,0.25
337,2,Norris (McLaren),41.76433,83.76304,Cloudy,0.25
337,3,Norris (McLaren),42.54008,126.30312,Cloudy,0.25
337,4,Norris (McLaren),42.37454,168.67766,Cloudy,0.25
337,5,Norris (McLaren),42.28885,210.9665,Cloudy,0.25
337,1,Leclerc (Ferrari),42.37612,42.37612,Cloudy,0.25
337,2,Leclerc (Ferrari),42.43002,84.80614,Cloudy,0.25
337,3,Leclerc (Ferrari),41.98899,126.79513,Cloudy,0.25
337,4,Leclerc (Ferrari),43.12679,169.92191,Cloudy,0.25
337,5,Leclerc (Ferrari),42.15578,212.07769,Cloudy,0.25
338,1,Hamilton (Mercedes),43.10911,43.10911,Cloudy,0.25
338,2,Hamilton (Mercedes),42.64546,85.75456,Cloudy,0.25
338,3,Hamilton (Mercedes),42.88047,128.63503,Cloudy,0.25
338,4,Hamilton (Mercedes),42.79574,171.43077,Cloudy,0.25
338,5,Hamilton (Mercedes),42.93404,214.36481,Cloudy,0.25
338,1,Verstappen (Red Bull),42.12608,42.12608,Cloudy,0.25
338,2,Verstappen (Red Bull),41.93797,84.06405,Cloudy,0.25
338,3,Verstappen (Red Bull),42.14164,126.20569,Cloudy,0.25
338,4,Verstappen (Red Bull),42.26419,168.46989,Cloudy,0.25
338,5,Verstappen (Red Bull),41.94359,210.41348,Cloudy,0.25
338,1,Norris (McLaren),42.93995,42.93995,Cloudy,0.25
338,2,Norris (McLaren),43.21732,86.15726,Cloudy,0.25
338,3,Norris (McLaren),44.11858,130.27585,Cloudy,0.25
338,4,Norris (McLaren),42.13,172.40585,Cloudy,0.25
338,5,Norris (McLaren),43.54575,215.95159,Cloudy,0.25
338,1,Leclerc (Ferrari),42.3872,42.3872,Cloudy,0.25
338,2,Leclerc (Ferrari),42.27769,84.66489,Cloudy,0.25
338,3,Leclerc (Ferrari),42.91146,127.57635,Cloudy,0.25
338,4,Leclerc (Ferrari),41.56531,169.14166,Cloudy,0.25
338,5,Leclerc (Ferrari),42.42675,211.56841,Cloudy,0.25
339,1,Hamilton (Mercedes),43.86093,43.86093,Cloudy,0.25
339,2,Hamilton (Mercedes),42.69091,86.55184,Cloudy,0.25
339,3,Hamilton (Mercedes),43.49851,130.05035,Cloudy,0.25
339,4,Hamilton (Mercedes),43.09814,173.14849,Cloudy,0.25
339,5,Hamilton (Mercedes),42.06732,215.21581,Cloudy,0.25
339,1,Verstappen (Red Bull),42.58592,42.58592,Cloudy,0.25
339,2,Verstappen (Red Bull),43.06344,85.64936,Cloudy,0.25
339,3,Verstappen (Red Bull),41.36329,127.01266,Cloudy,0.25
339,4,Verstappen (Red Bull),42.27815,169.29081,Cloudy,0.25
339,5,Verstappen (Red Bull),42.68552,211.97632,Cloudy,0.25
339,1,Norris (McLaren),42.75687,42.75687,Cloudy,0.25
339,2,Norris (McLaren),42.64396,85.40084,Cloudy,0.25
339,3,Norris (McLaren),43.56098,128.96182,Cloudy,0.25
339,4,Norris (McLaren),42.91305,171.87487,Cloudy,0.25
339,5,Norris (McLaren),43.79337,215.66824,Cloudy,0.25
339,1,Leclerc (Ferrari),43.23141,43.23141,Cloudy,0.25
339,2,Leclerc (Ferrari),41.11411,84.34551,Cloudy,0.25
339,3,Leclerc (Ferrari),42.33253,126.67804,Cloudy,0.25
339,4,Leclerc (Ferrari),42.64282,169.32086,Cloudy,0.25
339,5,Leclerc (Ferrari),41.8197,211.14056,Cloudy,0.25
340,1,Hamilton (Mercedes),43.49425,43.49425,Cloudy,0.25
340,2,Hamilton (Mercedes),43.22372,86.71797,Cloudy,0.25
340,3,Hamilton (Mercedes),42.83273,129.5507,Cloudy,0.25
340,4,Hamilton (Mercedes),43.78168,173.33238,Cloudy,0.25
340,5,Hamilton (Mercedes),42.87496,216.20734,Cloudy,0.25
340,1,Verstappen (Red Bull),42.91179,42.91179,Cloudy,0.25
340,2,Verstappen (Red Bull),41.65356,84.56535,Cloudy,0.25
340,3,Verstappen (Red Bull),41.70353,126.26888,Cloudy,0.25
340,4,Verstappen (Red Bull),42.23069,168.49957,Cloudy,0.25
340,5,Verstappen (Red Bull),42.61629,211.11586,Cloudy,0.25
340,1,Norris (McLaren),42.60916,42.60916,Cloudy,0.25
340,2,Norris (McLaren),41.94729,84.55645,Cloudy,0.25
340,3,Norris (McLaren),43.97478,128.53123,Cloudy,0.25
340,4,Norris (McLaren),43.84654,172.37777,Cloudy,0.25
340,5,Norris (McLaren),43.20142,215.57919,Cloudy,0.25
340,1,Leclerc (Ferrari),41.71762,41.71762,Cloudy,0.25
340,2,Leclerc (Ferrari),43.52221,85.23983,Cloudy,0.25
340,3,Leclerc (Ferrari),41.3307,126.57053,Cloudy,0.25
340,4,Leclerc (Ferrari),42.6882,169.25873,Cloudy,0.25
340,5,Leclerc (Ferrari),40.90647,210.16521,Cloudy,0.25
341,1,Hamilton (Mercedes),42.36159,42.36159,Cloudy,0.25
341,2,Hamilton (Mercedes),42.22389,84.58548,Cloudy,0.25
341,3,Hamilton (Mercedes),43.31297,127.89845,Cloudy,0.25
341,4,Hamilton (Mercedes),43.16587,171.06433,Cloudy,0.25
341,5,Hamilton (Mercedes),42.98767,214.05199,Cloudy,0.25
341,1,Verstappen (Red Bull),43.13252,43.13252,Cloudy,0.25
341,2,Verstappen (Red Bull),41.64609,84.77861,Cloudy,0.25
341,3,Verstappen (Red Bull),42.5733,127.35191,Cloudy,0.25
341,4,Verstappen (Red Bull),41.74907,169.10098,Cloudy,0.25
341,5,Verstappen (Red Bull),42.13245,211.23344,Cloudy,0.25
341,1,Norris (McLaren),42.6826,42.6826,Cloudy,0.25
341,2,Norris (McLaren),42.82934,85.51194,Cloudy,0.25
341,3,Norris (McLaren),42.69081,128.20275,Cloudy,0.25
341,4,Norris (McLaren),42.96934,171.17209,Cloudy,0.25
341,5,Norris (McLaren),42.3267,213.49878,Cloudy,0.25
341,1,Leclerc (Ferrari),41.89726,41.89726,Cloudy,0.25
341,2,Leclerc (Ferrari),42.20267,84.09993,Cloudy,0.25
341,3,Leclerc (Ferrari),41.72568,125.82561,Cloudy,0.25
341,4,Leclerc (Ferrari),41.77848,167.60409,Cloudy,0.25
341,5,Leclerc (Ferrari),41.45413,209.05822,Cloudy,0.25
342,1,Hamilton (Mercedes),43.00661,43.00661,Cloudy,0.25
342,2,Hamilton (Mercedes),42.14197,85.14858,Cloudy,0.25
342,3,Hamilton (Mercedes),43.87932,129.02791,Cloudy,0.25
342,4,Hamilton (Mercedes),42.98801,172.01592,Cloudy,0.25
342,5,Hamilton (Mercedes),43.40082,215.41674,Cloudy,0.25
342,1,Verstappen (Red Bull),41.39523,41.39523,Cloudy,0.25
342,2,Verstappen (Red Bull),42.14884,83.54407,Cloudy,0.25
342,3,Verstappen (Red Bull),42.96374,126.50781,Cloudy,0.25
342,4,Verstappen (Red Bull),42.58577,169.09358,Cloudy,0.25
342,5,Verstappen (Red Bull),42.14575,211.23933,Cloudy,0.25
342,1,Norris (McLaren),43.57909,43.57909,Cloudy,0.25
342,2,Norris (McLaren),42.73167,86.31076,Cloudy,0.25
342,3,Norris (McLaren),41.47379,127.78456,Cloudy,0.25
342,4,Norris (McLaren),43.25356,171.03811,Cloudy,0.25
342,5,Norris (McLaren),42.76702,213.80513,Cloudy,0.25
342,1,Leclerc (Ferrari),43.02532,43.02532,Cloudy,0.25
342,2,Leclerc (Ferrari),42.92859,85.95391,Cloudy,0.25
342,3,Leclerc (Ferrari),41.83853,127.79244,Cloudy,0.25
342,4,Leclerc (Ferrari),41.19944,168.99188,Cloudy,0.25
342,5,Leclerc (Ferrari),43.49366,212.48554,Cloudy,0.25
343,1,Hamilton (Mercedes),43.41969,43.41969,Cloudy,0.25
343,2,Hamilton (Mercedes),43.25591,86.6756,Cloudy,0.25
343,3,Hamilton (Mercedes),41.9499,128.6255,Cloudy,0.25
343,4,Hamilton (Mercedes),43.44233,172.06782,Cloudy,0.25
343,5,Hamilton (Mercedes),42.48724,214.55506,Cloudy,0.25
343,1,Verstappen (Red Bull),42.46515,42.46515,Cloudy,0.25
343,2,Verstappen (Red Bull),42.42122,84.88637,Cloudy,0.25
343,3,Verstappen (Red Bull),41.99045,126.87681,Cloudy,0.25
343,4,Verstappen (Red Bull),42.79056,169.66738,Cloudy,0.25
343,5,Verstappen (Red Bull),41.6879,211.35528,Cloudy,0.25
343,1,Norris (McLaren),42.60189,42.60189,Cloudy,0.25
343,2,Norris (McLaren),42.21657,84.81846,Cloudy,0.25
343,3,Norris (McLaren),44.25024,129.0687,Cloudy,0.25
343,4,Norris (McLaren),42.77567,171.84437,Cloudy,0.25
343,5,Norris (McLaren),44.82848,216.67285,Cloudy,0.25
343,1,Leclerc (Ferrari),41.62943,41.62943,Cloudy,0.25
343,2,Leclerc (Ferrari),42.11344,83.74287,Cloudy,0.25
343,3,Leclerc (Ferrari),41.25662,124.99949,Cloudy,0.25
343,4,Leclerc (Ferrari),42.39652,167.39602,Cloudy,0.25
343,5,Leclerc (Ferrari),41.79025,209.18627,Cloudy,0.25
344,1,Hamilton (Mercedes),43.07367,43.07367,Cloudy,0.25
344,2,Hamilton (Mercedes),41.72294,84.7966,Cloudy,0.25
344,3,Hamilton (Mercedes),42.96836,127.76496,Cloudy,0.25
344,4,Hamilton (Mercedes),42.91248,170.67744,Cloudy,0.25
344,5,Hamilton (Mercedes),42.59181,213.26925,Cloudy,0.25
344,1,Verstappen (Red Bull),41.7274,41.7274,Cloudy,0.25
344,2,Verstappen (Red Bull),42.69608,84.42349,Cloudy,0.25
344,3,Verstappen (Red Bull),42.65676,127.08024,Cloudy,0.25
344,4,Verstappen (Red Bull),42.59134,169.67158,Cloudy,0.25
344,5,Verstappen (Red Bull),42.61001,212.28159,Cloudy,0.25
344,1,Norris (McLaren),43.10148,43.10148,Cloudy,0.25
344,2,Norris (McLaren),42.57918,85.68066,Cloudy,0.25
344,3,Norris (McLaren),41.39002,127.07069,Cloudy,0.25
344,4,Norris (McLaren),43.03333,170.10401,Cloudy,0.25
344,5,Norris (McLaren),42.71632,212.82034,Cloudy,0.25
344,1,Leclerc (Ferrari),41.93885,41.93885,Cloudy,0.25
344,2,Leclerc (Ferrari),41.80321,83.74206,Cloudy,0.25
344,3,Leclerc (Ferrari),43.14922,126.89128,Cloudy,0.25
344,4,Leclerc (Ferrari),41.445,168.33628,Cloudy,0.25
344,5,Leclerc (Ferrari),42.7507,211.08697,Cloudy,0.25
345,1,Hamilton (Mercedes),43.43107,43.43107,Cloudy,0.25
345,2,Hamilton (Mercedes),41.98431,85.41537,Cloudy,0.25
345,3,Hamilton (Mercedes),42.6333,128.04867,Cloudy,0.25
345,4,Hamilton (Mercedes),42.94618,170.99485,Cloudy,0.25
345,5,Hamilton (Mercedes),43.34041,214.33526,Cloudy,0.25
345,1,Verstappen (Red Bull),41.94455,41.94455,Cloudy,0.25
345,2,Verstappen (Red Bull),43.13754,85.08209,Cloudy,0.25
345,3,Verstappen (Red Bull),42.25335,127.33544,Cloudy,0.25
345,4,Verstappen (Red Bull),43.66861,171.00405,Cloudy,0.25
345,5,Verstappen (Red Bull),42.5079,213.51196,Cloudy,0.25
345,1,Norris (McLaren),42.56153,42.56153,Cloudy,0.25
345,2,Norris (McLaren),44.02291,86.58444,Cloudy,0.25
345,3,Norris (McLaren),43.27818,129.86262,Cloudy,0.25
345,4,Norris (McLaren),43.1065,172.96912,Cloudy,0.25
345,5,Norris (McLaren),41.51935,214.48847,Cloudy,0.25
345,1,Leclerc (Ferrari),41.73066,41.73066,Cloudy,0.25
345,2,Leclerc (Ferrari),41.64432,83.37498,Cloudy,0.25
345,3,Leclerc (Ferrari),41.96332,125.3383,Cloudy,0.25
345,4,Leclerc (Ferrari),43.67529,169.01359,Cloudy,0.25
345,5,Leclerc (Ferrari),42.25617,211.26976,Cloudy,0.25
346,1,Hamilton (Mercedes),42.07764,42.07764,Cloudy,0.25
346,2,Hamilton (Mercedes),43.39136,85.469,Cloudy,0.25
346,3,Hamilton (Mercedes),43.32026,128.78927,Cloudy,0.25
346,4,Hamilton (Mercedes),42.90593,171.69519,Cloudy,0.25
346,5,Hamilton (Mercedes),43.16855,214.86375,Cloudy,0.25
346,1,Verstappen (Red Bull),42.30382,42.30382,Cloudy,0.25
346,2,Verstappen (Red Bull),42.28325,84.58707,Cloudy,0.25
346,3,Verstappen (Red Bull),42.51125,127.09832,Cloudy,0.25
346,4,Verstappen (Red Bull),42.78247,169.88079,Cloudy,0.25
346,5,Verstappen (Red Bull),42.35,212.23079,Cloudy,0.25
346,1,Norris (McLaren),43.44749,43.44749,Cloudy,0.25
346,2,Norris (McLaren),43.66233,87.10982,Cloudy,0.25
346,3,Norris (McLaren),42.45265,129.56247,Cloudy,0.25
346,4,Norris (McLaren),43.58261,173.14508,Cloudy,0.25
346,5,Norris (McLaren),43.82458,216.96965,Cloudy,0.25
346,1,Leclerc (Ferrari),41.8357,41.8357,Cloudy,0.25
346,2,Leclerc (Ferrari),42.64621,84.48191,Cloudy,0.25
346,3,Leclerc (Ferrari),42.10553,126.58744,Cloudy,0.25
346,4,Leclerc (Ferrari),42.23556,168.82301,Cloudy,0.25
346,5,Leclerc (Ferrari),42.74863,211.57163,Cloudy,0.25
347,1,Hamilton (Mercedes),43.34145,43.34145,Cloudy,0.25
347,2,Hamilton (Mercedes),42.64712,85.98856,Cloudy,0.25
347,3,Hamilton (Mercedes),43.32054,129.3091,Cloudy,0.25
347,4,Hamilton (Mercedes),42.66953,171.97863,Cloudy,0.25
347,5,Hamilton (Mercedes),42.60334,214.58198,Cloudy,0.25
347,1,Verstappen (Red Bull),43.04425,43.04425,Cloudy,0.25
347,2,Verstappen (Red Bull),42.45466,85.49891,Cloudy,0.25
347,3,Verstappen (Red Bull),42.62565,128.12455,Cloudy,0.25
347,4,Verstappen (Red Bull),42.45512,170.57967,Cloudy,0.25
347,5,Verstappen (Red Bull),42.16188,212.74155,Cloudy,0.25
347,1,Norris (McLaren),43.46643,43.46643,Cloudy,0.25
347,2,Norris (McLaren),42.78979,86.25622,Cloudy,0.25
347,3,Norris (McLaren),42.01184,128.26806,Cloudy,0.25
347,4,Norris (McLaren),42.90334,171.1714,Cloudy,0.25
347,5,Norris (McLaren),43.32851,214.49991,Cloudy,0.25
347,1,Leclerc (Ferrari),41.85402,41.85402,Cloudy,0.25
347,2,Leclerc (Ferrari),41.85485,83.70887,Cloudy,0.25
347,3,Leclerc (Ferrari),41.58416,125.29304,Cloudy,0.25
347,4,Leclerc (Ferrari),41.50339,166.79642,Cloudy,0.25
347,5,Leclerc (Ferrari),43.2954,210.09182,Cloudy,0.25
348,1,Hamilton (Mercedes),42.98645,42.98645,Cloudy,0.25
348,2,Hamilton (Mercedes),43.02086,86.00732,Cloudy,0.25
348,3,Hamilton (Mercedes),42.97672,128.98404,Cloudy,0.25
348,4,Hamilton (Mercedes),43.51207,172.4961,Cloudy,0.25
348,5,Hamilton (Mercedes),43.1349,215.63101,Cloudy,0.25
348,1,Verstappen (Red Bull),42.62971,42.62971,Cloudy,0.25
348,2,Verstappen (Red Bull),42.24173,84.87144,Cloudy,0.25
348,3,Verstappen (Red Bull),42.85343,127.72487,Cloudy,0.25
348,4,Verstappen (Red Bull),43.00253,170.72739,Cloudy,0.25
348,5,Verstappen (Red Bull),41.93381,212.6612,Cloudy,0.25
348,1,Norris (McLaren),42.4807,42.4807,Cloudy,0.25
348,2,Norris (McLaren),42.47953,84.96023,Cloudy,0.25
348,3,Norris (McLaren),42.03996,127.00019,Cloudy,0.25
348,4,Norris (McLaren),43.08318,170.08337,Cloudy,0.25
348,5,Norris (McLaren),42.82063,212.90399,Cloudy,0.25
348,1,Leclerc (Ferrari),42.65118,42.65118,Cloudy,0.25
348,2,Leclerc (Ferrari),43.20787,85.85905,Cloudy,0.25
348,3,Leclerc (Ferrari),42.13654,127.99559,Cloudy,0.25
348,4,Leclerc (Ferrari),42.19775,170.19335,Cloudy,0.25
348,5,Leclerc (Ferrari),42.46082,212.65417,Cloudy,0.25
349,1,Hamilton (Mercedes),42.89409,42.89409,Cloudy,0.25
349,2,Hamilton (Mercedes),43.75889,86.65298,Cloudy,0.25
349,3,Hamilton (Mercedes),43.92017,130.57315,Cloudy,0.25
349,4,Hamilton (Mercedes),42.12754,172.70069,Cloudy,0.25
349,5,Hamilton (Mercedes),42.87415,215.57483,Cloudy,0.25
349,1,Verstappen (Red Bull),41.95181,41.95181,Cloudy,0.25
349,2,Verstappen (Red Bull),42.25672,84.20854,Cloudy,0.25
349,3,Verstappen (Red Bull),42.8427,127.05123,Cloudy,0.25
349,4,Verstappen (Red Bull),42.66149,169.71272,Cloudy,0.25
349,5,Verstappen (Red Bull),42.5912,212.30392,Cloudy,0.25
349,1,Norris (McLaren),43.27701,43.27701,Cloudy,0.25
349,2,Norris (McLaren),42.79573,86.07274,Cloudy,0.25
349,3,Norris (McLaren),43.03206,129.1048,Cloudy,0.25
349,4,Norris (McLaren),41.63661,170.74141,Cloudy,0.25
349,5,Norris (McLaren),43.52491,214.26632,Cloudy,0.25
349,1,Leclerc (Ferrari),43.09428,43.09428,Cloudy,0.25
349,2,Leclerc (Ferrari),42.73094,85.82522,Cloudy,0.25
349,3,Leclerc (Ferrari),42.20728,128.03251,Cloudy,0.25
349,4,Leclerc (Ferrari),41.78824,169.82074,Cloudy,0.25
349,5,Leclerc (Ferrari),42.15317,211.97391,Cloudy,0.25
350,1,Hamilton (Mercedes),42.40729,42.40729,Cloudy,0.25
350,2,Hamilton (Mercedes),43.46968,85.87697,Cloudy,0.25
350,3,Hamilton (Mercedes),43.05021,128.92718,Cloudy,0.25
350,4,Hamilton (Mercedes),42.67297,171.60015,Cloudy,0.25
350,5,Hamilton (Mercedes),43.65659,215.25674,Cloudy,0.25
350,1,Verstappen (Red Bull),41.67768,41.67768,Cloudy,0.25
350,2,Verstappen (Red Bull),43.09921,84.7769,Cloudy,0.25
350,3,Verstappen (Red Bull),43.04234,127.81924,Cloudy,0.25
350,4,Verstappen (Red Bull),43.18589,171.00513,Cloudy,0.25
350,5,Verstappen (Red Bull),42.17197,213.1771,Cloudy,0.25
350,1,Norris (McLaren),43.86153,43.86153,Cloudy,0.25
350,2,Norris (McLaren),43.05416,86.9157,Cloudy,0.25
350,3,Norris (McLaren),42.86029,129.77599,Cloudy,0.25
350,4,Norris (McLaren),42.57336,172.34935,Cloudy,0.25
350,5,Norris (McLaren),44.02115,216.3705,Cloudy,0.25
350,1,Leclerc (Ferrari),41.26111,41.26111,Cloudy,0.25
350,2,Leclerc (Ferrari),41.43178,82.69289,Cloudy,0.25
350,3,Leclerc (Ferrari),42.32728,125.02017,Cloudy,0.25
350,4,Leclerc (Ferrari),41.75041,166.77059,Cloudy,0.25
350,5,Leclerc (Ferrari),41.81376,208.58435,Cloudy,0.25
351,1,Hamilton (Mercedes),43.77602,43.77602,Cloudy,0.25
351,2,Hamilton (Mercedes),43.30967,87.08569,Cloudy,0.25
351,3,Hamilton (Mercedes),42.951,130.03669,Cloudy,0.25
351,4,Hamilton (Mercedes),42.68669,172.72339,Cloudy,0.25
351,5,Hamilton (Mercedes),43.15066,215.87405,Cloudy,0.25
351,1,Verstappen (Red Bull),42.74,42.74,Cloudy,0.25
351,2,Verstappen (Red Bull),42.59774,85.33774,Cloudy,0.25
351,3,Verstappen (Red Bull),42.37365,127.71139,Cloudy,0.25
351,4,Verstappen (Red Bull),42.723,170.43439,Cloudy,0.25
351,5,Verstappen (Red Bull),42.52971,212.9641,Cloudy,0.25
351,1,Norris (McLaren),43.4595,43.4595,Cloudy,0.25
351,2,Norris (McLaren),43.52929,86.98879,Cloudy,0.25
351,3,Norris (McLaren),43.51087,130.49967,Cloudy,0.25
351,4,Norris (McLaren),42.27746,172.77712,Cloudy,0.25
351,5,Norris (McLaren),43.04112,215.81824,Cloudy,0.25
351,1,Leclerc (Ferrari),41.80115,41.80115,Cloudy,0.25
351,2,Leclerc (Ferrari),42.83751,84.63866,Cloudy,0.25
351,3,Leclerc (Ferrari),43.28233,127.92099,Cloudy,0.25
351,4,Leclerc (Ferrari),40.9636,168.88459,Cloudy,0.25
351,5,Leclerc (Ferrari),42.02011,210.9047,Cloudy,0.25
352,1,Hamilton (Mercedes),43.31562,43.31562,Cloudy,0.25
352,2,Hamilton (Mercedes),42.5039,85.81952,Cloudy,0.25
352,3,Hamilton (Mercedes),42.65371,128.47324,Cloudy,0.25
352,4,Hamilton (Mercedes),43.60032,172.07355,Cloudy,0.25
352,5,Hamilton (Mercedes),43.60656,215.68012,Cloudy,0.25
352,1,Verstappen (Red Bull),42.67576,42.67576,Cloudy,0.25
352,2,Verstappen (Red Bull),42.56513,85.24088,Cloudy,0.25
352,3,Verstappen (Red Bull),41.4201,126.66098,Cloudy,0.25
352,4,Verstappen (Red Bull),42.31009,168.97107,Cloudy,0.25
352,5,Verstappen (Red Bull),42.50206,211.47313,Cloudy,0.25
352,1,Norris (McLaren),42.49394,42.49394,Cloudy,0.25
352,2,Norris (McLaren),42.60772,85.10166,Cloudy,0.25
352,3,Norris (McLaren),41.93102,127.03268,Cloudy,0.25
352,4,Norris (McLaren),42.70272,169.7354,Cloudy,0.25
352,5,Norris (McLaren),42.60341,212.33881,Cloudy,0.25
352,1,Leclerc (Ferrari),42.69562,42.69562,Cloudy,0.25
352,2,Leclerc (Ferrari),41.76627,84.46189,Cloudy,0.25
352,3,Leclerc (Ferrari),42.49987,126.96176,Cloudy,0.25
352,4,Leclerc (Ferrari),41.60548,168.56723,Cloudy,0.25
352,5,Leclerc (Ferrari),41.6788,210.24603,Cloudy,0.25
353,1,Hamilton (Mercedes),43.28255,43.28255,Cloudy,0.25
353,2,Hamilton (Mercedes),43.07441,86.35696,Cloudy,0.25
353,3,Hamilton (Mercedes),43.21284,129.5698,Cloudy,0.25
353,4,Hamilton (Mercedes),42.90718,172.47697,Cloudy,0.25
353,5,Hamilton (Mercedes),42.57651,215.05348,Cloudy,0.25
353,1,Verstappen (Red Bull),41.9104,41.9104,Cloudy,0.25
353,2,Verstappen (Red Bull),43.20607,85.11647,Cloudy,0.25
353,3,Verstappen (Red Bull),41.23802,126.35449,Cloudy,0.25
353,4,Verstappen (Red Bull),41.80048,168.15497,Cloudy,0.25
353,5,Verstappen (Red Bull),42.21032,210.36529,Cloudy,0.25
353,1,Norris (McLaren),42.53195,42.53195,Cloudy,0.25
353,2,Norris (McLaren),42.91782,85.44977,Cloudy,0.25
353,3,Norris (McLaren),42.27835,127.72812,Cloudy,0.25
353,4,Norris (McLaren),43.04421,170.77232,Cloudy,0.25
353,5,Norris (McLaren),43.99958,214.7719,Cloudy,0.25
353,1,Leclerc (Ferrari),41.87239,41.87239,Cloudy,0.25
353,2,Leclerc (Ferrari),42.04306,83.91545,Cloudy,0.25
353,3,Leclerc (Ferrari),42.32068,126.23613,Cloudy,0.25
353,4,Leclerc (Ferrari),41.39833,167.63446,Cloudy,0.25
353,5,Leclerc (Ferrari),42.38095,210.01541,Cloudy,0.25
354,1,Hamilton (Mercedes),43.85158,43.85158,Cloudy,0.25
354,2,Hamilton (Mercedes),42.84374,86.69533,Cloudy,0.25
354,3,Hamilton (Mercedes),42.41596,129.11129,Cloudy,0.25
354,4,Hamilton (Mercedes),43.03344,172.14472,Cloudy,0.25
354,5,Hamilton (Mercedes),43.09761,215.24233,Cloudy,0.25
354,1,Verstappen (Red Bull),42.28988,42.28988,Cloudy,0.25
354,2,Verstappen (Red Bull),42.9869,85.27678,Cloudy,0.25
354,3,Verstappen (Red Bull),41.7041,126.98087,Cloudy,0.25
354,4,Verstappen (Red Bull),41.8935,168.87438,Cloudy,0.25
354,5,Verstappen (Red Bull),41.33937,210.21374,Cloudy,0.25
354,1,Norris (McLaren),42.79803,42.79803,Cloudy,0.25
354,2,Norris (McLaren),42.29409,85.09212,Cloudy,0.25
354,3,Norris (McLaren),43.50156,128.59367,Cloudy,0.25
354,4,Norris (McLaren),42.43853,171.03221,Cloudy,0.25
354,5,Norris (McLaren),43.45755,214.48976,Cloudy,0.25
354,1,Leclerc (Ferrari),43.03129,43.03129,Cloudy,0.25
354,2,Leclerc (Ferrari),42.51646,85.54775,Cloudy,0.25
354,3,Leclerc (Ferrari),43.21631,128.76406,Cloudy,0.25
354,4,Leclerc (Ferrari),42.32726,171.09133,Cloudy,0.25
354,5,Leclerc (Ferrari),42.52241,213.61374,Cloudy,0.25
355,1,Hamilton (Mercedes),43.37655,43.37655,Cloudy,0.25
355,2,Hamilton (Mercedes),41.89955,85.2761,Cloudy,0.25
355,3,Hamilton (Mercedes),42.99222,128.26832,Cloudy,0.25
355,4,Hamilton (Mercedes),42.76951,171.03784,Cloudy,0.25
355,5,Hamilton (Mercedes),43.26896,214.3068,Cloudy,0.25
355,1,Verstappen (Red Bull),42.67162,42.67162,Cloudy,0.25
355,2,Verstappen (Red Bull),43.15437,85.82599,Cloudy,0.25
355,3,Verstappen (Red Bull),42.44827,128.27426,Cloudy,0.25
355,4,Verstappen (Red Bull),43.55918,171.83344,Cloudy,0.25
355,5,Verstappen (Red Bull),42.209,214.04243,Cloudy,0.25
355,1,Norris (McLaren),42.64934,42.64934,Cloudy,0.25
355,2,Norris (McLaren),44.25,86.89934,Cloudy,0.25
355,3,Norris (McLaren),43.44087,130.34021,Cloudy,0.25
355,4,Norris (McLaren),43.88719,174.22741,Cloudy,0.25
355,5,Norris (McLaren),41.97236,216.19977,Cloudy,0.25
355,1,Leclerc (Ferrari),42.70925,42.70925,Cloudy,0.25
355,2,Leclerc (Ferrari),42.99616,85.70541,Cloudy,0.25
355,3,Leclerc (Ferrari),42.12469,127.8301,Cloudy,0.25
355,4,Leclerc (Ferrari),43.04838,170.87848,Cloudy,0.25
355,5,Leclerc (Ferrari),42.31425,213.19273,Cloudy,0.25
356,1,Hamilton (Mercedes),43.64095,43.64095,Cloudy,0.25
356,2,Hamilton (Mercedes),42.80975,86.4507,Cloudy,0.25
356,3,Hamilton (Mercedes),42.92427,129.37497,Cloudy,0.25
356,4,Hamilton (Mercedes),42.72351,172.09847,Cloudy,0.25
356,5,Hamilton (Mercedes),42.70044,214.79891,Cloudy,0.25
356,1,Verstappen (Red Bull),42.39308,42.39308,Cloudy,0.25
356,2,Verstappen (Red Bull),43.14639,85.53947,Cloudy,0.25
356,3,Verstappen (Red Bull),41.56597,127.10544,Cloudy,0.25
356,4,Verstappen (Red Bull),42.53167,169.63711,Cloudy,0.25
356,5,Verstappen (Red Bull),43.01786,212.65496,Cloudy,0.25
356,1,Norris (McLaren),42.16353,42.16353,Cloudy,0.25
356,2,Norris (McLaren),43.74272,85.90625,Cloudy,0.25
356,3,Norris (McLaren),44.20239,130.10865,Cloudy,0.25
356,4,Norris (McLaren),43.23181,173.34046,Cloudy,0.25
356,5,Norris (McLaren),42.96698,216.30744,Cloudy,0.25
356,1,Leclerc (Ferrari),42.27546,42.27546,Cloudy,0.25
356,2,Leclerc (Ferrari),42.28684,84.5623,Cloudy,0.25
356,3,Leclerc (Ferrari),42.60096,127.16326,Cloudy,0.25
356,4,Leclerc (Ferrari),43.17225,170.33551,Cloudy,0.25
356,5,Leclerc (Ferrari),42.90191,213.23742,Cloudy,0.25
357,1,Hamilton (Mercedes),43.29971,43.29971,Cloudy,0.25
357,2,Hamilton (Mercedes),42.82413,86.12383,Cloudy,0.25
357,3,Hamilton (Mercedes),43.33088,129.45471,Cloudy,0.25
357,4,Hamilton (Mercedes),43.17964,172.63435,Cloudy,0.25
357,5,Hamilton (Mercedes),43.62597,216.26032,Cloudy,0.25
357,1,Verstappen (Red Bull),42.58096,42.58096,Cloudy,0.25
357,2,Verstappen (Red Bull),42.51967,85.10063,Cloudy,0.25
357,3,Verstappen (Red Bull),42.31927,127.4199,Cloudy,0.25
357,4,Verstappen (Red Bull),42.10899,169.52888,Cloudy,0.25
357,5,Verstappen (Red Bull),42.83703,212.36592,Cloudy,0.25
357,1,Norris (McLaren),42.80702,42.80702,Cloudy,0.25
357,2,Norris (McLaren),42.73955,85.54657,Cloudy,0.25
357,3,Norris (McLaren),44.04985,129.59642,Cloudy,0.25
357,4,Norris (McLaren),42.74984,172.34626,Cloudy,0.25
357,5,Norris (McLaren),42.40572,214.75198,Cloudy,0.25
357,1,Leclerc (Ferrari),42.05592,42.05592,Cloudy,0.25
357,2,Leclerc (Ferrari),42.28792,84.34384,Cloudy,0.25
357,3,Leclerc (Ferrari),43.22741,127.57125,Cloudy,0.25
357,4,Leclerc (Ferrari),44.26165,171.8329,Cloudy,0.25
357,5,Leclerc (Ferrari),40.86073,212.69363,Cloudy,0.25
358,1,Hamilton (Mercedes),41.76213,41.76213,Cloudy,0.25
358,2,Hamilton (Mercedes),42.91896,84.68109,Cloudy,0.25
358,3,Hamilton (Mercedes),42.88022,127.56131,Cloudy,0.25
358,4,Hamilton (Mercedes),43.80501,171.36632,Cloudy,0.25
358,5,Hamilton (Mercedes),42.81433,214.18065,Cloudy,0.25
358,1,Verstappen (Red Bull),42.51133,42.51133,Cloudy,0.25
358,2,Verstappen (Red Bull),42.23743,84.74876,Cloudy,0.25
358,3,Verstappen (Red Bull),41.4716,126.22036,Cloudy,0.25
358,4,Verstappen (Red Bull),42.83851,169.05887,Cloudy,0.25
358,5,Verstappen (Red Bull),42.35327,211.41215,Cloudy,0.25
358,1,Norris (McLaren),43.3159,43.3159,Cloudy,0.25
358,2,Norris (McLaren),42.87901,86.1949,Cloudy,0.25
358,3,Norris (McLaren),43.9694,130.1643,Cloudy,0.25
358,4,Norris (McLaren),42.79125,172.95555,Cloudy,0.25
358,5,Norris (McLaren),42.5082,215.46375,Cloudy,0.25
358,1,Leclerc (Ferrari),42.8264,42.8264,Cloudy,0.25
358,2,Leclerc (Ferrari),42.73395,85.56035,Cloudy,0.25
358,3,Leclerc (Ferrari),41.39898,126.95933,Cloudy,0.25
358,4,Leclerc (Ferrari),42.40752,169.36684,Cloudy,0.25
358,5,Leclerc (Ferrari),41.44833,210.81517,Cloudy,0.25
359,1,Hamilton (Mercedes),42.85108,42.85108,Cloudy,0.25
359,2,Hamilton (Mercedes),44.68523,87.53631,Cloudy,0.25
359,3,Hamilton (Mercedes),43.60749,131.1438,Cloudy,0.25
359,4,Hamilton (Mercedes),43.95861,175.10241,Cloudy,0.25
359,5,Hamilton (Mercedes),42.84975,217.95216,Cloudy,0.25
359,1,Verstappen (Red Bull),42.02375,42.02375,Cloudy,0.25
359,2,Verstappen (Red Bull),42.94787,84.97161,Cloudy,0.25
359,3,Verstappen (Red Bull),41.75161,126.72322,Cloudy,0.25
359,4,Verstappen (Red Bull),42.00319,168.72642,Cloudy,0.25
359,5,Verstappen (Red Bull),43.4201,212.14652,Cloudy,0.25
359,1,Norris (McLaren),42.06258,42.06258,Cloudy,0.25
359,2,Norris (McLaren),41.35194,83.41452,Cloudy,0.25
359,3,Norris (McLaren),43.50559,126.9201,Cloudy,0.25
359,4,Norris (McLaren),42.77293,169.69303,Cloudy,0.25
359,5,Norris (McLaren),42.64578,212.33881,Cloudy,0.25
359,1,Leclerc (Ferrari),41.43489,41.43489,Cloudy,0.25
359,2,Leclerc (Ferrari),42.6578,84.09269,Cloudy,0.25
359,3,Leclerc (Ferrari),42.04557,126.13826,Cloudy,0.25
359,4,Leclerc (Ferrari),43.71582,169.85408,Cloudy,0.25
359,5,Leclerc (Ferrari),42.18781,212.04189,Cloudy,0.25
360,1,Hamilton (Mercedes),43.09342,43.09342,Cloudy,0.25
360,2,Hamilton (Mercedes),43.52853,86.62194,Cloudy,0.25
360,3,Hamilton (Mercedes),43.95429,130.57623,Cloudy,0.25
360,4,Hamilton (Mercedes),42.6824,173.25863,Cloudy,0.25
360,5,Hamilton (Mercedes),42.19682,215.45545,Cloudy,0.25
360,1,Verstappen (Red Bull),41.65107,41.65107,Cloudy,0.25
360,2,Verstappen (Red Bull),42.46526,84.11633,Cloudy,0.25
360,3,Verstappen (Red Bull),42.52182,126.63815,Cloudy,0.25
360,4,Verstappen (Red Bull),42.75978,169.39794,Cloudy,0.25
360,5,Verstappen (Red Bull),42.69298,212.09092,Cloudy,0.25
360,1,Norris (McLaren),41.75237,41.75237,Cloudy,0.25
360,2,Norris (McLaren),42.17699,83.92936,Cloudy,0.25
360,3,Norris (McLaren),41.74337,125.67273,Cloudy,0.25
360,4,Norris (McLaren),43.01412,168.68685,Cloudy,0.25
360,5,Norris (McLaren),42.00481,210.69166,Cloudy,0.25
360,1,Leclerc (Ferrari),41.66613,41.66613,Cloudy,0.25
360,2,Leclerc (Ferrari),42.04093,83.70706,Cloudy,0.25
360,3,Leclerc (Ferrari),42.70388,126.41095,Cloudy,0.25
360,4,Leclerc (Ferrari),43.11968,169.53062,Cloudy,0.25
360,5,Leclerc (Ferrari),42.35156,211.88218,Cloudy,0.25
361,1,Hamilton (Mercedes),42.52301,42.52301,Cloudy,0.25
361,2,Hamilton (Mercedes),43.09638,85.61939,Cloudy,0.25
361,3,Hamilton (Mercedes),41.84703,127.46642,Cloudy,0.25
361,4,Hamilton (Mercedes),43.08255,170.54897,Cloudy,0.25
361,5,Hamilton (Mercedes),43.369,213.91798,Cloudy,0.25
361,1,Verstappen (Red Bull),42.70108,42.70108,Cloudy,0.25
361,2,Verstappen (Red Bull),42.69519,85.39627,Cloudy,0.25
361,3,Verstappen (Red Bull),42.77538,128.17164,Cloudy,0.25
361,4,Verstappen (Red Bull),43.57756,171.74921,Cloudy,0.25
361,5,Verstappen (Red Bull),42.0231,213.77231,Cloudy,0.25
361,1,Norris (McLaren),42.46985,42.46985,Cloudy,0.25
361,2,Norris (McLaren),42.8948,85.36465,Cloudy,0.25
361,3,Norris (McLaren),44.25794,129.62258,Cloudy,0.25
361,4,Norris (McLaren),42.6908,172.31338,Cloudy,0.25
361,5,Norris (McLaren),43.27686,215.59024,Cloudy,0.25
361,1,Leclerc (Ferrari),42.9069,42.9069,Cloudy,0.25
361,2,Leclerc (Ferrari),42.74518,85.65208,Cloudy,0.25
361,3,Leclerc (Ferrari),43.58037,129.23245,Cloudy,0.25
361,4,Leclerc (Ferrari),41.96247,171.19492,Cloudy,0.25
361,5,Leclerc (Ferrari),44.62027,215.81519,Cloudy,0.25
362,1,Hamilton (Mercedes),41.8649,41.8649,Cloudy,0.25
362,2,Hamilton (Mercedes),42.84913,84.71403,Cloudy,0.25
362,3,Hamilton (Mercedes),43.0927,127.80673,Cloudy,0.25
362,4,Hamilton (Mercedes),43.50577,171.3125,Cloudy,0.25
362,5,Hamilton (Mercedes),43.27084,214.58334,Cloudy,0.25
362,1,Verstappen (Red Bull),43.0776,43.0776,Cloudy,0.25
362,2,Verstappen (Red Bull),43.47112,86.54871,Cloudy,0.25
362,3,Verstappen (Red Bull),42.4176,128.96632,Cloudy,0.25
362,4,Verstappen (Red Bull),43.38042,172.34673,Cloudy,0.25
362,5,Verstappen (Red Bull),42.74002,215.08676,Cloudy,0.25
362,1,Norris (McLaren),43.04838,43.04838,Cloudy,0.25
362,2,Norris (McLaren),41.08807,84.13644,Cloudy,0.25
362,3,Norris (McLaren),42.73964,126.87608,Cloudy,0.25
362,4,Norris (McLaren),42.76877,169.64485,Cloudy,0.25
362,5,Norris (McLaren),42.98823,212.63308,Cloudy,0.25
362,1,Leclerc (Ferrari),42.54116,42.54116,Cloudy,0.25
362,2,Leclerc (Ferrari),43.28487,85.82603,Cloudy,0.25
362,3,Leclerc (Ferrari),42.56104,128.38706,Cloudy,0.25
362,4,Leclerc (Ferrari),42.23649,170.62355,Cloudy,0.25
362,5,Leclerc (Ferrari),40.97156,211.59511,Cloudy,0.25
363,1,Hamilton (Mercedes),42.1344,42.1344,Cloudy,0.25
363,2,Hamilton (Mercedes),42.6261,84.7605,Cloudy,0.25
363,3,Hamilton (Mercedes),42.01979,126.78029,Cloudy,0.25
363,4,Hamilton (Mercedes),43.11315,169.89344,Cloudy,0.25
363,5,Hamilton (Mercedes),43.06451,212.95796,Cloudy,0.25
363,1,Verstappen (Red Bull),41.93184,41.93184,Cloudy,0.25
363,2,Verstappen (Red Bull),42.0908,84.02264,Cloudy,0.25
363,3,Verstappen (Red Bull),42.38623,126.40887,Cloudy,0.25
363,4,Verstappen (Red Bull),42.93572,169.34459,Cloudy,0.25
363,5,Verstappen (Red Bull),41.95273,211.29732,Cloudy,0.25
363,1,Norris (McLaren),41.68305,41.68305,Cloudy,0.25
363,2,Norris (McLaren),44.10178,85.78484,Cloudy,0.25
363,3,Norris (McLaren),43.69174,129.47658,Cloudy,0.25
363,4,Norris (McLaren),44.24579,173.72236,Cloudy,0.25
363,5,Norris (McLaren),42.41343,216.13579,Cloudy,0.25
363,1,Leclerc (Ferrari),42.84359,42.84359,Cloudy,0.25
363,2,Leclerc (Ferrari),42.32053,85.16412,Cloudy,0.25
363,3,Leclerc (Ferrari),42.16111,127.32523,Cloudy,0.25
363,4,Leclerc (Ferrari),42.27778,169.60302,Cloudy,0.25
363,5,Leclerc (Ferrari),42.89335,212.49637,Cloudy,0.25
364,1,Hamilton (Mercedes),42.99685,42.99685,Cloudy,0.25
364,2,Hamilton (Mercedes),41.95061,84.94746,Cloudy,0.25
364,3,Hamilton (Mercedes),43.08165,128.02911,Cloudy,0.25
364,4,Hamilton (Mercedes),43.36086,171.38998,Cloudy,0.25
364,5,Hamilton (Mercedes),42.47637,213.86635,Cloudy,0.25
364,1,Verstappen (Red Bull),42.11553,42.11553,Cloudy,0.25
364,2,Verstappen (Red Bull),42.70077,84.81629,Cloudy,0.25
364,3,Verstappen (Red Bull),42.39532,127.21161,Cloudy,0.25
364,4,Verstappen (Red Bull),41.75819,168.96979,Cloudy,0.25
364,5,Verstappen (Red Bull),42.04822,211.01802,Cloudy,0.25
364,1,Norris (McLaren),43.55256,43.55256,Cloudy,0.25
364,2,Norris (McLaren),42.93095,86.48351,Cloudy,0.25
364,3,Norris (McLaren),43.84809,130.3316,Cloudy,0.25
364,4,Norris (McLaren),42.73825,173.06985,Cloudy,0.25
364,5,Norris (McLaren),40.98218,214.05202,Cloudy,0.25
364,1,Leclerc (Ferrari),42.64606,42.64606,Cloudy,0.25
364,2,Leclerc (Ferrari),42.57272,85.21878,Cloudy,0.25
364,3,Leclerc (Ferrari),42.5958,127.81458,Cloudy,0.25
364,4,Leclerc (Ferrari),41.85632,169.67089,Cloudy,0.25
364,5,Leclerc (Ferrari),42.62778,212.29867,Cloudy,0.25
365,1,Hamilton (Mercedes),43.54097,43.54097,Cloudy,0.25
365,2,Hamilton (Mercedes),41.8848,85.42577,Cloudy,0.25
365,3,Hamilton (Mercedes),42.58618,128.01195,Cloudy,0.25
365,4,Hamilton (Mercedes),42.66258,170.67454,Cloudy,0.25
365,5,Hamilton (Mercedes),43.12222,213.79675,Cloudy,0.25
365,1,Verstappen (Red Bull),42.35403,42.35403,Cloudy,0.25
365,2,Verstappen (Red Bull),42.45392,84.80794,Cloudy,0.25
365,3,Verstappen (Red Bull),42.05995,126.8679,Cloudy,0.25
365,4,Verstappen (Red Bull),42.6668,169.5347,Cloudy,0.25
365,5,Verstappen (Red Bull),42.53265,212.06735,Cloudy,0.25
365,1,Norris (McLaren),43.53664,43.53664,Cloudy,0.25
365,2,Norris (McLaren),42.76121,86.29785,Cloudy,0.25
365,3,Norris (McLaren),42.44356,128.74141,Cloudy,0.25
365,4,Norris (McLaren),42.96597,171.70738,Cloudy,0.25
365,5,Norris (McLaren),42.93056,214.63794,Cloudy,0.25
365,1,Leclerc (Ferrari),42.22775,42.22775,Cloudy,0.25
365,2,Leclerc (Ferrari),42.6906,84.91835,Cloudy,0.25
365,3,Leclerc (Ferrari),42.20062,127.11896,Cloudy,0.25
365,4,Leclerc (Ferrari),42.0024,169.12136,Cloudy,0.25
365,5,Leclerc (Ferrari),42.34381,211.46517,Cloudy,0.25
366,1,Hamilton (Mercedes),43.65402,43.65402,Cloudy,0.25
366,2,Hamilton (Mercedes),43.17372,86.82774,Cloudy,0.25
366,3,Hamilton (Mercedes),43.0658,129.89354,Cloudy,0.25
366,4,Hamilton (Mercedes),42.36953,172.26307,Cloudy,0.25
366,5,Hamilton (Mercedes),42.167,214.43008,Cloudy,0.25
366,1,Verstappen (Red Bull),42.00907,42.00907,Cloudy,0.25
366,2,Verstappen (Red Bull),42.21948,84.22855,Cloudy,0.25
366,3,Verstappen (Red Bull),42.49708,126.72563,Cloudy,0.25
366,4,Verstappen (Red Bull),42.63397,169.3596,Cloudy,0.25
366,5,Verstappen (Red Bull),43.00616,212.36576,Cloudy,0.25
366,1,Norris (McLaren),43.75773,43.75773,Cloudy,0.25
366,2,Norris (McLaren),41.1569,84.91463,Cloudy,0.25
366,3,Norris (McLaren),42.59707,127.5117,Cloudy,0.25
366,4,Norris (McLaren),42.24259,169.75429,Cloudy,0.25
366,5,Norris (McLaren),43.90731,213.66161,Cloudy,0.25
366,1,Leclerc (Ferrari),41.76823,41.76823,Cloudy,0.25
366,2,Leclerc (Ferrari),42.13378,83.902,Cloudy,0.25
366,3,Leclerc (Ferrari),41.48189,125.3839,Cloudy,0.25
366,4,Leclerc (Ferrari),43.36935,168.75325,Cloudy,0.25
366,5,Leclerc (Ferrari),42.09242,210.84566,Cloudy,0.25
367,1,Hamilton (Mercedes),42.32915,42.32915,Cloudy,0.25
367,2,Hamilton (Mercedes),43.29632,85.62547,Cloudy,0.25
367,3,Hamilton (Mercedes),42.73171,128.35718,Cloudy,0.25
367,4,Hamilton (Mercedes),42.31243,170.6696,Cloudy,0.25
367,5,Hamilton (Mercedes),42.92031,213.58991,Cloudy,0.25
367,1,Verstappen (Red Bull),41.81747,41.81747,Cloudy,0.25
367,2,Verstappen (Red Bull),43.43496,85.25244,Cloudy,0.25
367,3,Verstappen (Red Bull),42.6987,127.95113,Cloudy,0.25
367,4,Verstappen (Red Bull),42.3915,170.34263,Cloudy,0.25
367,5,Verstappen (Red Bull),42.64075,212.98338,Cloudy,0.25
367,1,Norris (McLaren),44.08855,44.08855,Cloudy,0.25
367,2,Norris (McLaren),43.2571,87.34565,Cloudy,0.25
367,3,Norris (McLaren),43.6388,130.98445,Cloudy,0.25
367,4,Norris (McLaren),43.68305,174.66749,Cloudy,0.25
367,5,Norris (McLaren),42.91381,217.5813,Cloudy,0.25
367,1,Leclerc (Ferrari),41.79134,41.79134,Cloudy,0.25
367,2,Leclerc (Ferrari),41.02509,82.81643,Cloudy,0.25
367,3,Leclerc (Ferrari),43.3292,126.14563,Cloudy,0.25
367,4,Leclerc (Ferrari),42.40299,168.54862,Cloudy,0.25
367,5,Leclerc (Ferrari),43.18669,211.73531,Cloudy,0.25
368,1,Hamilton (Mercedes),42.58013,42.58013,Cloudy,0.25
368,2,Hamilton (Mercedes),42.014,84.59413,Cloudy,0.25
368,3,Hamilton (Mercedes),43.28155,127.87568,Cloudy,0.25
368,4,Hamilton (Mercedes),42.84144,170.71712,Cloudy,0.25
368,5,Hamilton (Mercedes),41.68777,212.4049,Cloudy,0.25
368,1,Verstappen (Red Bull),41.68276,41.68276,Cloudy,0.25
368,2,Verstappen (Red Bull),42.6271,84.30986,Cloudy,0.25
368,3,Verstappen (Red Bull),42.74971,127.05958,Cloudy,0.25
368,4,Verstappen (Red Bull),43.09872,170.1583,Cloudy,0.25
368,5,Verstappen (Red Bull),42.61108,212.76938,Cloudy,0.25
368,1,Norris (McLaren),43.8939,43.8939,Cloudy,0.25
368,2,Norris (McLaren),43.31467,87.20857,Cloudy,0.25
368,3,Norris (McLaren),42.93879,130.14736,Cloudy,0.25
368,4,Norris (McLaren),43.05478,173.20214,Cloudy,0.25
368,5,Norris (McLaren),43.09546,216.2976,Cloudy,0.25
368,1,Leclerc (Ferrari),42.24816,42.24816,Cloudy,0.25
368,2,Leclerc (Ferrari),42.67976,84.92792,Cloudy,0.25
368,3,Leclerc (Ferrari),41.77457,126.70249,Cloudy,0.25
368,4,Leclerc (Ferrari),42.39619,169.09868,Cloudy,0.25
368,5,Leclerc (Ferrari),42.47234,211.57102,Cloudy,0.25
369,1,Hamilton (Mercedes),42.47242,42.47242,Cloudy,0.25
369,2,Hamilton (Mercedes),42.88465,85.35707,Cloudy,0.25
369,3,Hamilton (Mercedes),42.60852,127.96559,Cloudy,0.25
369,4,Hamilton (Mercedes),43.05131,171.0169,Cloudy,0.25
369,5,Hamilton (Mercedes),43.09718,214.11408,Cloudy,0.25
369,1,Verstappen (Red Bull),42.09147,42.09147,Cloudy,0.25
369,2,Verstappen (Red Bull),42.84873,84.9402,Cloudy,0.25
369,3,Verstappen (Red Bull),41.50805,126.44826,Cloudy,0.25
369,4,Verstappen (Red Bull),42.85087,169.29912,Cloudy,0.25
369,5,Verstappen (Red Bull),41.70479,211.00391,Cloudy,0.25
369,1,Norris (McLaren),42.61827,42.61827,Cloudy,0.25
369,2,Norris (McLaren),41.3026,83.92086,Cloudy,0.25
369,3,Norris (McLaren),44.75363,128.6745,Cloudy,0.25
369,4,Norris (McLaren),44.00252,172.67702,Cloudy,0.25
369,5,Norris (McLaren),42.73633,215.41335,Cloudy,0.25
369,1,Leclerc (Ferrari),41.50196,41.50196,Cloudy,0.25
369,2,Leclerc (Ferrari),42.45016,83.95212,Cloudy,0.25
369,3,Leclerc (Ferrari),42.24997,126.20209,Cloudy,0.25
369,4,Leclerc (Ferrari),42.15943,168.36152,Cloudy,0.25
369,5,Leclerc (Ferrari),42.58676,210.94828,Cloudy,0.25
370,1,Hamilton (Mercedes),43.7826,43.7826,Cloudy,0.25
370,2,Hamilton (Mercedes),43.33843,87.12103,Cloudy,0.25
370,3,Hamilton (Mercedes),42.53076,129.65179,Cloudy,0.25
370,4,Hamilton (Mercedes),43.42788,173.07967,Cloudy,0.25
370,5,Hamilton (Mercedes),41.75863,214.8383,Cloudy,0.25
370,1,Verstappen (Red Bull),43.52972,43.52972,Cloudy,0.25
370,2,Verstappen (Red Bull),41.67878,85.20851,Cloudy,0.25
370,3,Verstappen (Red Bull),42.45969,127.6682,Cloudy,0.25
370,4,Verstappen (Red Bull),43.44462,171.11282,Cloudy,0.25
370,5,Verstappen (Red Bull),41.76204,212.87486,Cloudy,0.25
370,1,Norris (McLaren),43.63908,43.63908,Cloudy,0.25
370,2,Norris (McLaren),42.43215,86.07123,Cloudy,0.25
370,3,Norris (McLaren),42.13279,128.20402,Cloudy,0.25
370,4,Norris (McLaren),41.93956,170.14358,Cloudy,0.25
370,5,Norris (McLaren),43.19926,213.34284,Cloudy,0.25
370,1,Leclerc (Ferrari),43.08147,43.08147,Cloudy,0.25
370,2,Leclerc (Ferrari),42.36942,85.4509,Cloudy,0.25
370,3,Leclerc (Ferrari),43.09327,128.54417,Cloudy,0.25
370,4,Leclerc (Ferrari),42.12288,170.66704,Cloudy,0.25
370,5,Leclerc (Ferrari),42.77512,213.44216,Cloudy,0.25
371,1,Hamilton (Mercedes),42.90724,42.90724,Cloudy,0.25
371,2,Hamilton (Mercedes),43.19193,86.09917,Cloudy,0.25
371,3,Hamilton (Mercedes),41.70347,127.80264,Cloudy,0.25
371,4,Hamilton (Mercedes),42.8662,170.66884,Cloudy,0.25
371,5,Hamilton (Mercedes),42.57125,213.24009,Cloudy,0.25
371,1,Verstappen (Red Bull),43.05547,43.05547,Cloudy,0.25
371,2,Verstappen (Red Bull),42.66425,85.71972,Cloudy,0.25
371,3,Verstappen (Red Bull),43.02966,128.74937,Cloudy,0.25
371,4,Verstappen (Red Bull),43.34248,172.09185,Cloudy,0.25
371,5,Verstappen (Red Bull),42.73562,214.82747,Cloudy,0.25
371,1,Norris (McLaren),42.97946,42.97946,Cloudy,0.25
371,2,Norris (McLaren),43.18736,86.16681,Cloudy,0.25
371,3,Norris (McLaren),43.27778,129.44459,Cloudy,0.25
371,4,Norris (McLaren),42.91465,172.35924,Cloudy,0.25
371,5,Norris (McLaren),43.1593,215.51854,Cloudy,0.25
371,1,Leclerc (Ferrari),41.55226,41.55226,Cloudy,0.25
371,2,Leclerc (Ferrari),42.88935,84.44162,Cloudy,0.25
371,3,Leclerc (Ferrari),43.03251,127.47413,Cloudy,0.25
371,4,Leclerc (Ferrari),41.92425,169.39837,Cloudy,0.25
371,5,Leclerc (Ferrari),42.55334,211.95171,Cloudy,0.25
372,1,Hamilton (Mercedes),41.69503,41.69503,Cloudy,0.25
372,2,Hamilton (Mercedes),42.26692,83.96195,Cloudy,0.25
372,3,Hamilton (Mercedes),43.19282,127.15478,Cloudy,0.25
372,4,Hamilton (Mercedes),42.39862,169.5534,Cloudy,0.25
372,5,Hamilton (Mercedes),42.5155,212.06889,Cloudy,0.25
372,1,Verstappen (Red Bull),43.38523,43.38523,Cloudy,0.25
372,2,Verstappen (Red Bull),41.35958,84.74481,Cloudy,0.25
372,3,Verstappen (Red Bull),41.34427,126.08908,Cloudy,0.25
372,4,Verstappen (Red Bull),43.0466,169.13568,Cloudy,0.25
372,5,Verstappen (Red Bull),42.57914,211.71483,Cloudy,0.25
372,1,Norris (McLaren),42.42949,42.42949,Cloudy,0.25
372,2,Norris (McLaren),43.00402,85.43351,Cloudy,0.25
372,3,Norris (McLaren),42.03671,127.47022,Cloudy,0.25
372,4,Norris (McLaren),43.29523,170.76544,Cloudy,0.25
372,5,Norris (McLaren),43.91268,214.67812,Cloudy,0.25
372,1,Leclerc (Ferrari),41.51533,41.51533,Cloudy,0.25
372,2,Leclerc (Ferrari),42.26802,83.78336,Cloudy,0.25
372,3,Leclerc (Ferrari),42.69977,126.48313,Cloudy,0.25
372,4,Leclerc (Ferrari),42.83337,169.3165,Cloudy,0.25
372,5,Leclerc (Ferrari),41.46755,210.78405,Cloudy,0.25
373,1,Hamilton (Mercedes),43.06912,43.06912,Cloudy,0.25
373,2,Hamilton (Mercedes),42.61959,85.6887,Cloudy,0.25
373,3,Hamilton (Mercedes),42.16526,127.85397,Cloudy,0.25
373,4,Hamilton (Mercedes),43.36041,171.21438,Cloudy,0.25
373,5,Hamilton (Mercedes),42.70745,213.92183,Cloudy,0.25
373,1,Verstappen (Red Bull),41.85727,41.85727,Cloudy,0.25
373,2,Verstappen (Red Bull),41.99641,83.85369,Cloudy,0.25
373,3,Verstappen (Red Bull),41.94842,125.80211,Cloudy,0.25
373,4,Verstappen (Red Bull),42.03421,167.83631,Cloudy,0.25
373,5,Verstappen (Red Bull),44.25612,212.09243,Cloudy,0.25
373,1,Norris (McLaren),43.68497,43.68497,Cloudy,0.25
373,2,Norris (McLaren),42.56277,86.24774,Cloudy,0.25
373,3,Norris (McLaren),43.904,130.15174,Cloudy,0.25
373,4,Norris (McLaren),42.8631,173.01484,Cloudy,0.25
373,5,Norris (McLaren),43.12195,216.1368,Cloudy,0.25
373,1,Leclerc (Ferrari),42.15467,42.15467,Cloudy,0.25
373,2,Leclerc (Ferrari),42.69011,84.84478,Cloudy,0.25
373,3,Leclerc (Ferrari),41.84012,126.6849,Cloudy,0.25
373,4,Leclerc (Ferrari),41.46826,168.15316,Cloudy,0.25
373,5,Leclerc (Ferrari),41.38996,209.54312,Cloudy,0.25
374,1,Hamilton (Mercedes),42.70471,42.70471,Cloudy,0.25
374,2,Hamilton (Mercedes),43.44254,86.14726,Cloudy,0.25
374,3,Hamilton (Mercedes),43.64314,129.7904,Cloudy,0.25
374,4,Hamilton (Mercedes),42.78776,172.57815,Cloudy,0.25
374,5,Hamilton (Mercedes),42.21007,214.78822,Cloudy,0.25
374,1,Verstappen (Red Bull),43.25314,43.25314,Cloudy,0.25
374,2,Verstappen (Red Bull),43.57168,86.82482,Cloudy,0.25
374,3,Verstappen (Red Bull),41.26144,128.08626,Cloudy,0.25
374,4,Verstappen (Red Bull),43.10252,171.18878,Cloudy,0.25
374,5,Verstappen (Red Bull),42.38204,213.57082,Cloudy,0.25
374,1,Norris (McLaren),41.11236,41.11236,Cloudy,0.25
374,2,Norris (McLaren),42.83133,83.94369,Cloudy,0.25
374,3,Norris (McLaren),44.28397,128.22766,Cloudy,0.25
374,4,Norris (McLaren),42.71989,170.94755,Cloudy,0.25
374,5,Norris (McLaren),42.68685,213.6344,Cloudy,0.25
374,1,Leclerc (Ferrari),41.62244,41.62244,Cloudy,0.25
374,2,Leclerc (Ferrari),43.05844,84.68088,Cloudy,0.25
374,3,Leclerc (Ferrari),42.891,127.57188,Cloudy,0.25
374,4,Leclerc (Ferrari),43.09559,170.66746,Cloudy,0.25
374,5,Leclerc (Ferrari),41.92508,212.59254,Cloudy,0.25
375,1,Hamilton (Mercedes),41.96441,41.96441,Cloudy,0.25
375,2,Hamilton (Mercedes),43.48428,85.44869,Cloudy,0.25
375,3,Hamilton (Mercedes),42.6986,128.14729,Cloudy,0.25
375,4,Hamilton (Mercedes),43.39744,171.54473,Cloudy,0.25
375,5,Hamilton (Mercedes),42.4381,213.98283,Cloudy,0.25
375,1,Verstappen (Red Bull),42.32995,42.32995,Cloudy,0.25
375,2,Verstappen (Red Bull),42.39265,84.72259,Cloudy,0.25
375,3,Verstappen (Red Bull),43.304,128.02659,Cloudy,0.25
375,4,Verstappen (Red Bull),41.42578,169.45237,Cloudy,0.25
375,5,Verstappen (Red Bull),42.40664,211.85901,Cloudy,0.25
375,1,Norris (McLaren),42.0147,42.0147,Cloudy,0.25
375,2,Norris (McLaren),41.05275,83.06745,Cloudy,0.25
375,3,Norris (McLaren),42.6413,125.70875,Cloudy,0.25
375,4,Norris (McLaren),43.40758,169.11633,Cloudy,0.25
375,5,Norris (McLaren),42.88668,212.00301,Cloudy,0.25
375,1,Leclerc (Ferrari),42.67171,42.67171,Cloudy,0.25
375,2,Leclerc (Ferrari),42.84272,85.51442,Cloudy,0.25
375,3,Leclerc (Ferrari),42.21633,127.73075,Cloudy,0.25
375,4,Leclerc (Ferrari),43.12875,170.85951,Cloudy,0.25
375,5,Leclerc (Ferrari),41.69414,212.55365,Cloudy,0.25
376,1,Hamilton (Mercedes),42.42289,42.42289,Cloudy,0.25
376,2,Hamilton (Mercedes),43.07586,85.49875,Cloudy,0.25
376,3,Hamilton (Mercedes),41.37314,126.8719,Cloudy,0.25
376,4,Hamilton (Mercedes),42.46664,169.33854,Cloudy,0.25
376,5,Hamilton (Mercedes),41.96347,211.30201,Cloudy,0.25
376,1,Verstappen (Red Bull),42.94942,42.94942,Cloudy,0.25
376,2,Verstappen (Red Bull),42.73661,85.68603,Cloudy,0.25
376,3,Verstappen (Red Bull),42.47392,128.15994,Cloudy,0.25
376,4,Verstappen (Red Bull),42.89941,171.05936,Cloudy,0.25
376,5,Verstappen (Red Bull),42.23785,213.29721,Cloudy,0.25
376,1,Norris (McLaren),43.40962,43.40962,Cloudy,0.25
376,2,Norris (McLaren),42.95338,86.363,Cloudy,0.25
376,3,Norris (McLaren),42.97825,129.34125,Cloudy,0.25
376,4,Norris (McLaren),43.35586,172.69711,Cloudy,0.25
376,5,Norris (McLaren),42.97444,215.67155,Cloudy,0.25
376,1,Leclerc (Ferrari),43.72773,43.72773,Cloudy,0.25
376,2,Leclerc (Ferrari),42.72691,86.45464,Cloudy,0.25
376,3,Leclerc (Ferrari),43.08481,129.53945,Cloudy,0.25
376,4,Leclerc (Ferrari),42.73187,172.27132,Cloudy,0.25
376,5,Leclerc (Ferrari),42.5902,214.86152,Cloudy,0.25
377,1,Hamilton (Mercedes),42.52856,42.52856,Cloudy,0.25
377,2,Hamilton (Mercedes),43.09066,85.61923,Cloudy,0.25
377,3,Hamilton (Mercedes),43.02675,128.64598,Cloudy,0.25
377,4,Hamilton (Mercedes),43.10591,171.75189,Cloudy,0.25
377,5,Hamilton (Mercedes),43.02527,214.77716,Cloudy,0.25
377,1,Verstappen (Red Bull),41.51393,41.51393,Cloudy,0.25
377,2,Verstappen (Red Bull),43.3396,84.85353,Cloudy,0.25
377,3,Verstappen (Red Bull),42.62455,127.47809,Cloudy,0.25
377,4,Verstappen (Red Bull),42.36509,169.84318,Cloudy,0.25
377,5,Verstappen (Red Bull),42.63684,212.48002,Cloudy,0.25
377,1,Norris (McLaren),43.28825,43.28825,Cloudy,0.25
377,2,Norris (McLaren),42.9073,86.19556,Cloudy,0.25
377,3,Norris (McLaren),43.75152,129.94707,Cloudy,0.25
377,4,Norris (McLaren),43.16299,173.11007,Cloudy,0.25
377,5,Norris (McLaren),43.22776,216.33783,Cloudy,0.25
377,1,Leclerc (Ferrari),42.15068,42.15068,Cloudy,0.25
377,2,Leclerc (Ferrari),42.22513,84.37581,Cloudy,0.25
377,3,Leclerc (Ferrari),42.4906,126.86641,Cloudy,0.25
377,4,Leclerc (Ferrari),41.94001,168.80642,Cloudy,0.25
377,5,Leclerc (Ferrari),41.87691,210.68333,Cloudy,0.25
378,1,Hamilton (Mercedes),42.86827,42.86827,Cloudy,0.25
378,2,Hamilton (Mercedes),42.06392,84.93219,Cloudy,0.25
378,3,Hamilton (Mercedes),42.28901,127.2212,Cloudy,0.25
378,4,Hamilton (Mercedes),42.44077,169.66196,Cloudy,0.25
378,5,Hamilton (Mercedes),43.43707,213.09904,Cloudy,0.25
378,1,Verstappen (Red Bull),43.01733,43.01733,Cloudy,0.25
378,2,Verstappen (Red Bull),42.39662,85.41395,Cloudy,0.25
378,3,Verstappen (Red Bull),42.34867,127.76262,Cloudy,0.25
378,4,Verstappen (Red Bull),42.1888,169.95142,Cloudy,0.25
378,5,Verstappen (Red Bull),42.80548,212.75691,Cloudy,0.25
378,1,Norris (McLaren),42.6342,42.6342,Cloudy,0.25
378,2,Norris (McLaren),42.70995,85.34415,Cloudy,0.25
378,3,Norris (McLaren),42.77026,128.11441,Cloudy,0.25
378,4,Norris (McLaren),42.16342,170.27783,Cloudy,0.25
378,5,Norris (McLaren),42.80825,213.08608,Cloudy,0.25
378,1,Leclerc (Ferrari),42.68615,42.68615,Cloudy,0.25
378,2,Leclerc (Ferrari),42.43318,85.11933,Cloudy,0.25
378,3,Leclerc (Ferrari),42.88477,128.0041,Cloudy,0.25
378,4,Leclerc (Ferrari),42.07082,170.07492,Cloudy,0.25
378,5,Leclerc (Ferrari),42.79443,212.86935,Cloudy,0.25
379,1,Hamilton (Mercedes),42.11643,42.11643,Cloudy,0.25
379,2,Hamilton (Mercedes),43.1995,85.31593,Cloudy,0.25
379,3,Hamilton (Mercedes),43.94117,129.25711,Cloudy,0.25
379,4,Hamilton (Mercedes),43.08865,172.34576,Cloudy,0.25
379,5,Hamilton (Mercedes),43.68022,216.02598,Cloudy,0.25
379,1,Verstappen (Red Bull),42.98403,42.98403,Cloudy,0.25
379,2,Verstappen (Red Bull),42.14829,85.13232,Cloudy,0.25
379,3,Verstappen (Red Bull),43.15435,128.28667,Cloudy,0.25
379,4,Verstappen (Red Bull),42.71886,171.00552,Cloudy,0.25
379,5,Verstappen (Red Bull),42.63953,213.64505,Cloudy,0.25
379,1,Norris (McLaren),42.76801,42.76801,Cloudy,0.25
379,2,Norris (McLaren),41.75017,84.51817,Cloudy,0.25
379,3,Norris (McLaren),42.61192,127.13009,Cloudy,0.25
379,4,Norris (McLaren),42.42616,169.55626,Cloudy,0.25
379,5,Norris (McLaren),42.63057,212.18683,Cloudy,0.25
379,1,Leclerc (Ferrari),42.25999,42.25999,Cloudy,0.25
379,2,Leclerc (Ferrari),43.01996,85.27995,Cloudy,0.25
379,3,Leclerc (Ferrari),42.07636,127.35631,Cloudy,0.25
379,4,Leclerc (Ferrari),43.32844,170.68475,Cloudy,0.25
379,5,Leclerc (Ferrari),42.94424,213.62898,Cloudy,0.25
380,1,Hamilton (Mercedes),42.23147,42.23147,Cloudy,0.25
380,2,Hamilton (Mercedes),42.90556,85.13703,Cloudy,0.25
380,3,Hamilton (Mercedes),43.03537,128.17239,Cloudy,0.25
380,4,Hamilton (Mercedes),42.98423,171.15663,Cloudy,0.25
380,5,Hamilton (Mercedes),43.68176,214.83839,Cloudy,0.25
380,1,Verstappen (Red Bull),42.62038,42.62038,Cloudy,0.25
380,2,Verstappen (Red Bull),42.00029,84.62067,Cloudy,0.25
380,3,Verstappen (Red Bull),42.70294,127.32361,Cloudy,0.25
380,4,Verstappen (Red Bull),42.77432,170.09792,Cloudy,0.25
380,5,Verstappen (Red Bull),41.30554,211.40346,Cloudy,0.25
380,1,Norris (McLaren),42.6843,42.6843,Cloudy,0.25
380,2,Norris (McLaren),42.69848,85.38278,Cloudy,0.25
380,3,Norris (McLaren),43.13905,128.52184,Cloudy,0.25
380,4,Norris (McLaren),41.82418,170.34602,Cloudy,0.25
380,5,Norris (McLaren),43.20724,213.55326,Cloudy,0.25
380,1,Leclerc (Ferrari),42.3168,42.3168,Cloudy,0.25
380,2,Leclerc (Ferrari),41.58116,83.89795,Cloudy,0.25
380,3,Leclerc (Ferrari),42.31906,126.21701,Cloudy,0.25
380,4,Leclerc (Ferrari),42.35231,168.56932,Cloudy,0.25
380,5,Leclerc (Ferrari),40.89922,209.46855,Cloudy,0.25
381,1,Hamilton (Mercedes),43.07012,43.07012,Cloudy,0.25
381,2,Hamilton (Mercedes),42.87896,85.94908,Cloudy,0.25
381,3,Hamilton (Mercedes),42.17974,128.12883,Cloudy,0.25
381,4,Hamilton (Mercedes),42.71692,170.84575,Cloudy,0.25
381,5,Hamilton (Mercedes),41.50848,212.35423,Cloudy,0.25
381,1,Verstappen (Red Bull),43.46566,43.46566,Cloudy,0.25
381,2,Verstappen (Red Bull),42.45552,85.92118,Cloudy,0.25
381,3,Verstappen (Red Bull),41.72049,127.64166,Cloudy,0.25
381,4,Verstappen (Red Bull),42.10533,169.74699,Cloudy,0.25
381,5,Verstappen (Red Bull),41.64523,211.39222,Cloudy,0.25
381,1,Norris (McLaren),42.28176,42.28176,Cloudy,0.25
381,2,Norris (McLaren),42.56079,84.84255,Cloudy,0.25
381,3,Norris (McLaren),43.29273,128.13528,Cloudy,0.25
381,4,Norris (McLaren),43.55175,171.68702,Cloudy,0.25
381,5,Norris (McLaren),42.61811,214.30513,Cloudy,0.25
381,1,Leclerc (Ferrari),42.16327,42.16327,Cloudy,0.25
381,2,Leclerc (Ferrari),42.32213,84.4854,Cloudy,0.25
381,3,Leclerc (Ferrari),41.62196,126.10736,Cloudy,0.25
381,4,Leclerc (Ferrari),42.60014,168.7075,Cloudy,0.25
381,5,Leclerc (Ferrari),42.72927,211.43677,Cloudy,0.25
382,1,Hamilton (Mercedes),43.38954,43.38954,Cloudy,0.25
382,2,Hamilton (Mercedes),42.75941,86.14894,Cloudy,0.25
382,3,Hamilton (Mercedes),43.60565,129.7546,Cloudy,0.25
382,4,Hamilton (Mercedes),43.38343,173.13803,Cloudy,0.25
382,5,Hamilton (Mercedes),42.75433,215.89236,Cloudy,0.25
382,1,Verstappen (Red Bull),42.10031,42.10031,Cloudy,0.25
382,2,Verstappen (Red Bull),41.93422,84.03453,Cloudy,0.25
382,3,Verstappen (Red Bull),42.07879,126.11332,Cloudy,0.25
382,4,Verstappen (Red Bull),42.40196,168.51528,Cloudy,0.25
382,5,Verstappen (Red Bull),42.52216,211.03745,Cloudy,0.25
382,1,Norris (McLaren),42.42101,42.42101,Cloudy,0.25
382,2,Norris (McLaren),43.48421,85.90522,Cloudy,0.25
382,3,Norris (McLaren),42.90369,128.80891,Cloudy,0.25
382,4,Norris (McLaren),42.44406,171.25297,Cloudy,0.25
382,5,Norris (McLaren),42.8562,214.10917,Cloudy,0.25
382,1,Leclerc (Ferrari),42.38792,42.38792,Cloudy,0.25
382,2,Leclerc (Ferrari),43.18087,85.56879,Cloudy,0.25
382,3,Leclerc (Ferrari),42.43806,128.00685,Cloudy,0.25
382,4,Leclerc (Ferrari),42.06007,170.06692,Cloudy,0.25
382,5,Leclerc (Ferrari),42.0954,212.16232,Cloudy,0.25
383,1,Hamilton (Mercedes),42.82706,42.82706,Cloudy,0.25
383,2,Hamilton (Mercedes),42.96691,85.79397,Cloudy,0.25
383,3,Hamilton (Mercedes),43.28311,129.07708,Cloudy,0.25
383,4,Hamilton (Mercedes),42.52557,171.60265,Cloudy,0.25
383,5,Hamilton (Mercedes),43.02859,214.63124,Cloudy,0.25
383,1,Verstappen (Red Bull),41.7267,41.7267,Cloudy,0.25
383,2,Verstappen (Red Bull),42.71762,84.44432,Cloudy,0.25
383,3,Verstappen (Red Bull),41.87479,126.31911,Cloudy,0.25
383,4,Verstappen (Red Bull),42.26651,168.58563,Cloudy,0.25
383,5,Verstappen (Red Bull),42.49309,211.07872,Cloudy,0.25
383,1,Norris (McLaren),42.60621,42.60621,Cloudy,0.25
383,2,Norris (McLaren),41.5966,84.20281,Cloudy,0.25
383,3,Norris (McLaren),42.10028,126.30309,Cloudy,0.25
383,4,Norris (McLaren),43.39617,169.69926,Cloudy,0.25
383,5,Norris (McLaren),43.07218,212.77145,Cloudy,0.25
383,1,Leclerc (Ferrari),41.75073,41.75073,Cloudy,0.25
383,2,Leclerc (Ferrari),41.98025,83.73099,Cloudy,0.25
383,3,Leclerc (Ferrari),42.96474,126.69572,Cloudy,0.25
383,4,Leclerc (Ferrari),42.32251,169.01823,Cloudy,0.25
383,5,Leclerc (Ferrari),42.81385,211.83208,Cloudy,0.25
384,1,Hamilton (Mercedes),42.24597,42.24597,Cloudy,0.25
384,2,Hamilton (Mercedes),43.438,85.68397,Cloudy,0.25
384,3,Hamilton (Mercedes),43.14747,128.83145,Cloudy,0.25
384,4,Hamilton (Mercedes),43.27542,172.10687,Cloudy,0.25
384,5,Hamilton (Mercedes),43.51916,215.62603,Cloudy,0.25
384,1,Verstappen (Red Bull),42.99984,42.99984,Cloudy,0.25
384,2,Verstappen (Red Bull),42.14168,85.14152,Cloudy,0.25
384,3,Verstappen (Red Bull),42.0051,127.14662,Cloudy,0.25
384,4,Verstappen (Red Bull),43.29965,170.44627,Cloudy,0.25
384,5,Verstappen (Red Bull),43.04251,213.48877,Cloudy,0.25
384,1,Norris (McLaren),42.37936,42.37936,Cloudy,0.25
384,2,Norris (McLaren),41.79288,84.17224,Cloudy,0.25
384,3,Norris (McLaren),42.74619,126.91843,Cloudy,0.25
384,4,Norris (McLaren),43.19898,170.11741,Cloudy,0.25
384,5,Norris (McLaren),42.19146,212.30887,Cloudy,0.25
384,1,Leclerc (Ferrari),41.81674,41.81674,Cloudy,0.25
384,2,Leclerc (Ferrari),42.24798,84.06472,Cloudy,0.25
384,3,Leclerc (Ferrari),42.84704,126.91175,Cloudy,0.25
384,4,Leclerc (Ferrari),41.83364,168.7454,Cloudy,0.25
384,5,Leclerc (Ferrari),42.68229,211.42769,Cloudy,0.25
385,1,Hamilton (Mercedes),43.5031,43.5031,Cloudy,0.25
385,2,Hamilton (Mercedes),42.54241,86.04551,Cloudy,0.25
385,3,Hamilton (Mercedes),43.28224,129.32775,Cloudy,0.25
385,4,Hamilton (Mercedes),43.04968,172.37742,Cloudy,0.25
385,5,Hamilton (Mercedes),43.09245,215.46987,Cloudy,0.25
385,1,Verstappen (Red Bull),43.5784,43.5784,Cloudy,0.25
385,2,Verstappen (Red Bull),42.38899,85.96739,Cloudy,0.25
385,3,Verstappen (Red Bull),41.58287,127.55026,Cloudy,0.25
385,4,Verstappen (Red Bull),42.51867,170.06893,Cloudy,0.25
385,5,Verstappen (Red Bull),41.95706,212.02598,Cloudy,0.25
385,1,Norris (McLaren),43.41658,43.41658,Cloudy,0.25
385,2,Norris (McLaren),43.86421,87.28079,Cloudy,0.25
385,3,Norris (McLaren),44.07613,131.35693,Cloudy,0.25
385,4,Norris (McLaren),43.73792,175.09485,Cloudy,0.25
385,5,Norris (McLaren),42.56721,217.66205,Cloudy,0.25
385,1,Leclerc (Ferrari),42.88089,42.88089,Cloudy,0.25
385,2,Leclerc (Ferrari),41.90528,84.78617,Cloudy,0.25
385,3,Leclerc (Ferrari),41.7715,126.55766,Cloudy,0.25
385,4,Leclerc (Ferrari),42.38599,168.94365,Cloudy,0.25
385,5,Leclerc (Ferrari),42.7993,211.74295,Cloudy,0.25
386,1,Hamilton (Mercedes),42.71271,42.71271,Cloudy,0.25
386,2,Hamilton (Mercedes),42.59714,85.30985,Cloudy,0.25
386,3,Hamilton (Mercedes),42.08459,127.39445,Cloudy,0.25
386,4,Hamilton (Mercedes),42.62938,170.02383,Cloudy,0.25
386,5,Hamilton (Mercedes),43.34154,213.36536,Cloudy,0.25
386,1,Verstappen (Red Bull),41.59012,41.59012,Cloudy,0.25
386,2,Verstappen (Red Bull),42.32417,83.91429,Cloudy,0.25
386,3,Verstappen (Red Bull),42.70719,126.62149,Cloudy,0.25
386,4,Verstappen (Red Bull),43.18895,169.81043,Cloudy,0.25
386,5,Verstappen (Red Bull),41.40102,211.21145,Cloudy,0.25
386,1,Norris (McLaren),43.3032,43.3032,Cloudy,0.25
386,2,Norris (McLaren),42.50935,85.81255,Cloudy,0.25
386,3,Norris (McLaren),42.78988,128.60243,Cloudy,0.25
386,4,Norris (McLaren),43.04635,171.64878,Cloudy,0.25
386,5,Norris (McLaren),42.8602,214.50898,Cloudy,0.25
386,1,Leclerc (Ferrari),42.21635,42.21635,Cloudy,0.25
386,2,Leclerc (Ferrari),41.13899,83.35535,Cloudy,0.25
386,3,Leclerc (Ferrari),42.8368,126.19215,Cloudy,0.25
386,4,Leclerc (Ferrari),42.10265,168.2948,Cloudy,0.25
386,5,Leclerc (Ferrari),41.6763,209.9711,Cloudy,0.25
387,1,Hamilton (Mercedes),42.05514,42.05514,Cloudy,0.25
387,2,Hamilton (Mercedes),42.41916,84.47431,Cloudy,0.25
387,3,Hamilton (Mercedes),43.21036,127.68467,Cloudy,0.25
387,4,Hamilton (Mercedes),42.21083,169.8955,Cloudy,0.25
387,5,Hamilton (Mercedes),43.28388,213.17938,Cloudy,0.25
387,1,Verstappen (Red Bull),42.9067,42.9067,Cloudy,0.25
387,2,Verstappen (Red Bull),41.73399,84.64069,Cloudy,0.25
387,3,Verstappen (Red Bull),42.28722,126.92791,Cloudy,0.25
387,4,Verstappen (Red Bull),42.75328,169.68119,Cloudy,0.25
387,5,Verstappen (Red Bull),42.68115,212.36234,Cloudy,0.25
387,1,Norris (McLaren),42.42163,42.42163,Cloudy,0.25
387,2,Norris (McLaren),42.91185,85.33348,Cloudy,0.25
387,3,Norris (McLaren),44.22616,129.55964,Cloudy,0.25
387,4,Norris (McLaren),43.39522,172.95486,Cloudy,0.25
387,5,Norris (McLaren),44.67738,217.63224,Cloudy,0.25
387,1,Leclerc (Ferrari),41.65511,41.65511,Cloudy,0.25
387,2,Leclerc (Ferrari),42.8589,84.51401,Cloudy,0.25
387,3,Leclerc (Ferrari),41.96129,126.4753,Cloudy,0.25
387,4,Leclerc (Ferrari),42.09331,168.56861,Cloudy,0.25
387,5,Leclerc (Ferrari),43.07356,211.64218,Cloudy,0.25
388,1,Hamilton (Mercedes),43.34326,43.34326,Cloudy,0.25
388,2,Hamilton (Mercedes),42.67563,86.01889,Cloudy,0.25
388,3,Hamilton (Mercedes),41.84988,127.86878,Cloudy,0.25
388,4,Hamilton (Mercedes),42.67065,170.53942,Cloudy,0.25
388,5,Hamilton (Mercedes),43.46419,214.00361,Cloudy,0.25
388,1,Verstappen (Red Bull),42.70819,42.70819,Cloudy,0.25
388,2,Verstappen (Red Bull),42.60862,85.31681,Cloudy,0.25
388,3,Verstappen (Red Bull),43.62692,128.94374,Cloudy,0.25
388,4,Verstappen (Red Bull),42.50949,171.45323,Cloudy,0.25
388,5,Verstappen (Red Bull),41.7363,213.18953,Cloudy,0.25
388,1,Norris (McLaren),42.70189,42.70189,Cloudy,0.25
388,2,Norris (McLaren),41.94131,84.6432,Cloudy,0.25
388,3,Norris (McLaren),44.32955,128.97276,Cloudy,0.25
388,4,Norris (McLaren),43.54945,172.52221,Cloudy,0.25
388,5,Norris (McLaren),42.06422,214.58643,Cloudy,0.25
388,1,Leclerc (Ferrari),42.90243,42.90243,Cloudy,0.25
388,2,Leclerc (Ferrari),42.30445,85.20688,Cloudy,0.25
388,3,Leclerc (Ferrari),42.20335,127.41023,Cloudy,0.25
388,4,Leclerc (Ferrari),41.77684,169.18707,Cloudy,0.25
388,5,Leclerc (Ferrari),42.35457,211.54164,Cloudy,0.25
389,1,Hamilton (Mercedes),43.07421,43.07421,Cloudy,0.25
389,2,Hamilton (Mercedes),43.57607,86.65028,Cloudy,0.25
389,3,Hamilton (Mercedes),43.84263,130.49291,Cloudy,0.25
389,4,Hamilton (Mercedes),43.23063,173.72355,Cloudy,0.25
389,5,Hamilton (Mercedes),43.10181,216.82536,Cloudy,0.25
389,1,Verstappen (Red Bull),43.30665,43.30665,Cloudy,0.25
389,2,Verstappen (Red Bull),42.59052,85.89717,Cloudy,0.25
389,3,Verstappen (Red Bull),42.98135,128.87852,Cloudy,0.25
389,4,Verstappen (Red Bull),41.80885,170.68737,Cloudy,0.25
389,5,Verstappen (Red Bull),42.73818,213.42556,Cloudy,0.25
389,1,Norris (McLaren),41.81021,41.81021,Cloudy,0.25
389,2,Norris (McLaren),43.64108,85.45128,Cloudy,0.25
389,3,Norris (McLaren),42.47388,127.92517,Cloudy,0.25
389,4,Norris (McLaren),41.94985,169.87501,Cloudy,0.25
389,5,Norris (McLaren),41.49692,211.37193,Cloudy,0.25
389,1,Leclerc (Ferrari),43.33367,43.33367,Cloudy,0.25
389,2,Leclerc (Ferrari),42.17502,85.50869,Cloudy,0.25
389,3,Leclerc (Ferrari),43.98009,129.48878,Cloudy,0.25
389,4,Leclerc (Ferrari),40.957,170.44579,Cloudy,0.25
389,5,Leclerc (Ferrari),41.30322,211.74901,Cloudy,0.25
390,1,Hamilton (Mercedes),43.14938,43.14938,Cloudy,0.25
390,2,Hamilton (Mercedes),42.81509,85.96447,Cloudy,0.25
390,3,Hamilton (Mercedes),42.35354,128.318,Cloudy,0.25
390,4,Hamilton (Mercedes),42.3732,170.6912,Cloudy,0.25
390,5,Hamilton (Mercedes),42.64684,213.33805,Cloudy,0.25
390,1,Verstappen (Red Bull),42.10239,42.10239,Cloudy,0.25
390,2,Verstappen (Red Bull),42.22463,84.32702,Cloudy,0.25
390,3,Verstappen (Red Bull),41.4611,125.78812,Cloudy,0.25
390,4,Verstappen (Red Bull),43.18008,168.96821,Cloudy,0.25
390,5,Verstappen (Red Bull),42.63565,211.60385,Cloudy,0.25
390,1,Norris (McLaren),42.04636,42.04636,Cloudy,0.25
390,2,Norris (McLaren),43.74501,85.79136,Cloudy,0.25
390,3,Norris (McLaren),41.5271,127.31846,Cloudy,0.25
390,4,Norris (McLaren),42.70463,170.02309,Cloudy,0.25
390,5,Norris (McLaren),42.69948,212.72257,Cloudy,0.25
390,1,Leclerc (Ferrari),41.89696,41.89696,Cloudy,0.25
390,2,Leclerc (Ferrari),41.57876,83.47571,Cloudy,0.25
390,3,Leclerc (Ferrari),42.32252,125.79823,Cloudy,0.25
390,4,Leclerc (Ferrari),43.26223,169.06046,Cloudy,0.25
390,5,Leclerc (Ferrari),41.71088,210.77134,Cloudy,0.25
391,1,Hamilton (Mercedes),42.51913,42.51913,Cloudy,0.25
391,2,Hamilton (Mercedes),42.67402,85.19316,Cloudy,0.25
391,3,Hamilton (Mercedes),42.09959,127.29275,Cloudy,0.25
391,4,Hamilton (Mercedes),42.90277,170.19552,Cloudy,0.25
391,5,Hamilton (Mercedes),43.4574,213.65292,Cloudy,0.25
391,1,Verstappen (Red Bull),42.28908,42.28908,Cloudy,0.25
391,2,Verstappen (Red Bull),41.58706,83.87614,Cloudy,0.25
391,3,Verstappen (Red Bull),43.26636,127.1425,Cloudy,0.25
391,4,Verstappen (Red Bull),42.56568,169.70819,Cloudy,0.25
391,5,Verstappen (Red Bull),42.51266,212.22084,Cloudy,0.25
391,1,Norris (McLaren),43.17869,43.17869,Cloudy,0.25
391,2,Norris (McLaren),43.45145,86.63013,Cloudy,0.25
391,3,Norris (McLaren),43.28012,129.91026,Cloudy,0.25
391,4,Norris (McLaren),42.32384,172.2341,Cloudy,0.25
391,5,Norris (McLaren),42.13734,214.37144,Cloudy,0.25
391,1,Leclerc (Ferrari),43.74925,43.74925,Cloudy,0.25
391,2,Leclerc (Ferrari),42.54507,86.29432,Cloudy,0.25
391,3,Leclerc (Ferrari),42.61783,128.91215,Cloudy,0.25
391,4,Leclerc (Ferrari),42.95206,171.86421,Cloudy,0.25
391,5,Leclerc (Ferrari),42.9441,214.8083,Cloudy,0.25
392,1,Hamilton (Mercedes),42.95406,42.95406,Cloudy,0.25
392,2,Hamilton (Mercedes),43.66402,86.61808,Cloudy,0.25
392,3,Hamilton (Mercedes),42.89967,129.51775,Cloudy,0.25
392,4,Hamilton (Mercedes),43.08686,172.60461,Cloudy,0.25
392,5,Hamilton (Mercedes),41.82084,214.42545,Cloudy,0.25
392,1,Verstappen (Red Bull),41.87206,41.87206,Cloudy,0.25
392,2,Verstappen (Red Bull),42.54653,84.41859,Cloudy,0.25
392,3,Verstappen (Red Bull),42.1115,126.53009,Cloudy,0.25
392,4,Verstappen (Red Bull),41.83184,168.36193,Cloudy,0.25
392,5,Verstappen (Red Bull),42.02242,210.38436,Cloudy,0.25
392,1,Norris (McLaren),42.60448,42.60448,Cloudy,0.25
392,2,Norris (McLaren),43.05053,85.65501,Cloudy,0.25
392,3,Norris (McLaren),43.3471,129.00211,Cloudy,0.25
392,4,Norris (McLaren),43.71129,172.7134,Cloudy,0.25
392,5,Norris (McLaren),42.56373,215.27713,Cloudy,0.25
392,1,Leclerc (Ferrari),42.59791,42.59791,Cloudy,0.25
392,2,Leclerc (Ferrari),41.21903,83.81694,Cloudy,0.25
392,3,Leclerc (Ferrari),41.54692,125.36386,Cloudy,0.25
392,4,Leclerc (Ferrari),43.32499,168.68885,Cloudy,0.25
392,5,Leclerc (Ferrari),42.15205,210.8409,Cloudy,0.25
393,1,Hamilton (Mercedes),42.73226,42.73226,Cloudy,0.25
393,2,Hamilton (Mercedes),43.13992,85.87218,Cloudy,0.25
393,3,Hamilton (Mercedes),42.99209,128.86426,Cloudy,0.25
393,4,Hamilton (Mercedes),42.68331,171.54757,Cloudy,0.25
393,5,Hamilton (Mercedes),42.78044,214.32801,Cloudy,0.25
393,1,Verstappen (Red Bull),42.75541,42.75541,Cloudy,0.25
393,2,Verstappen (Red Bull),42.05557,84.81098,Cloudy,0.25
393,3,Verstappen (Red Bull),43.05824,127.86921,Cloudy,0.25
393,4,Verstappen (Red Bull),42.44918,170.31839,Cloudy,0.25
393,5,Verstappen (Red Bull),42.20239,212.52078,Cloudy,0.25
393,1,Norris (McLaren),43.50172,43.50172,Cloudy,0.25
393,2,Norris (McLaren),42.59481,86.09653,Cloudy,0.25
393,3,Norris (McLaren),44.15334,130.24987,Cloudy,0.25
393,4,Norris (McLaren),43.62834,173.87821,Cloudy,0.25
393,5,Norris (McLaren),43.21125,217.08946,Cloudy,0.25
393,1,Leclerc (Ferrari),41.88242,41.88242,Cloudy,0.25
393,2,Leclerc (Ferrari),41.52424,83.40666,Cloudy,0.25
393,3,Leclerc (Ferrari),41.78193,125.18859,Cloudy,0.25
393,4,Leclerc (Ferrari),41.83882,167.0274,Cloudy,0.25
393,5,Leclerc (Ferrari),42.87045,209.89786,Cloudy,0.25
394,1,Hamilton (Mercedes),41.59738,41.59738,Cloudy,0.25
394,2,Hamilton (Mercedes),43.1976,84.79498,Cloudy,0.25
394,3,Hamilton (Mercedes),42.95085,127.74583,Cloudy,0.25
394,4,Hamilton (Mercedes),42.9151,170.66093,Cloudy,0.25
394,5,Hamilton (Mercedes),43.23093,213.89186,Cloudy,0.25
394,1,Verstappen (Red Bull),41.78459,41.78459,Cloudy,0.25
394,2,Verstappen (Red Bull),42.32845,84.11305,Cloudy,0.25
394,3,Verstappen (Red Bull),43.35895,127.47199,Cloudy,0.25
394,4,Verstappen (Red Bull),43.15513,170.62712,Cloudy,0.25
394,5,Verstappen (Red Bull),41.91389,212.54101,Cloudy,0.25
394,1,Norris (McLaren),42.94423,42.94423,Cloudy,0.25
394,2,Norris (McLaren),42.95178,85.89601,Cloudy,0.25
394,3,Norris (McLaren),43.2824,129.17842,Cloudy,0.25
394,4,Norris (McLaren),43.71252,172.89093,Cloudy,0.25
394,5,Norris (McLaren),42.26951,215.16044,Cloudy,0.25
394,1,Leclerc (Ferrari),41.8816,41.8816,Cloudy,0.25
394,2,Leclerc (Ferrari),42.77449,84.65609,Cloudy,0.25
394,3,Leclerc (Ferrari),42.41849,127.07458,Cloudy,0.25
394,4,Leclerc (Ferrari),41.74831,168.82289,Cloudy,0.25
394,5,Leclerc (Ferrari),41.79582,210.61871,Cloudy,0.25
395,1,Hamilton (Mercedes),42.74254,42.74254,Cloudy,0.25
395,2,Hamilton (Mercedes),43.13006,85.8726,Cloudy,0.25
395,3,Hamilton (Mercedes),42.75233,128.62492,Cloudy,0.25
395,4,Hamilton (Mercedes),43.51699,172.14191,Cloudy,0.25
395,5,Hamilton (Mercedes),43.16218,215.30409,Cloudy,0.25
395,1,Verstappen (Red Bull),42.50062,42.50062,Cloudy,0.25
395,2,Verstappen (Red Bull),41.75934,84.25996,Cloudy,0.25
395,3,Verstappen (Red Bull),42.07109,126.33105,Cloudy,0.25
395,4,Verstappen (Red Bull),42.00998,168.34103,Cloudy,0.25
395,5,Verstappen (Red Bull),42.49455,210.83558,Cloudy,0.25
395,1,Norris (McLaren),43.64991,43.64991,Cloudy,0.25
395,2,Norris (McLaren),42.77264,86.42255,Cloudy,0.25
395,3,Norris (McLaren),42.55263,128.97518,Cloudy,0.25
395,4,Norris (McLaren),42.38905,171.36423,Cloudy,0.25
395,5,Norris (McLaren),44.09469,215.45892,Cloudy,0.25
395,1,Leclerc (Ferrari),43.14326,43.14326,Cloudy,0.25
395,2,Leclerc (Ferrari),42.23258,85.37584,Cloudy,0.25
395,3,Leclerc (Ferrari),42.00499,127.38083,Cloudy,0.25
395,4,Leclerc (Ferrari),42.92942,170.31025,Cloudy,0.25
395,5,Leclerc (Ferrari),41.7032,212.01345,Cloudy,0.25
396,1,Hamilton (Mercedes),43.46259,43.46259,Cloudy,0.25
396,2,Hamilton (Mercedes),42.97532,86.4379,Cloudy,0.25
396,3,Hamilton (Mercedes),43.28923,129.72714,Cloudy,0.25
396,4,Hamilton (Mercedes),43.51478,173.24192,Cloudy,0.25
396,5,Hamilton (Mercedes),42.58341,215.82533,Cloudy,0.25
396,1,Verstappen (Red Bull),42.12057,42.12057,Cloudy,0.25
396,2,Verstappen (Red Bull),42.88983,85.0104,Cloudy,0.25
396,3,Verstappen (Red Bull),43.44524,128.45564,Cloudy,0.25
396,4,Verstappen (Red Bull),40.93987,169.3955,Cloudy,0.25
396,5,Verstappen (Red Bull),42.89954,212.29505,Cloudy,0.25
396,1,Norris (McLaren),43.52325,43.52325,Cloudy,0.25
396,2,Norris (McLaren),43.91313,87.43638,Cloudy,0.25
396,3,Norris (McLaren),42.46549,129.90187,Cloudy,0.25
396,4,Norris (McLaren),42.98367,172.88554,Cloudy,0.25
396,5,Norris (McLaren),41.7448,214.63034,Cloudy,0.25
396,1,Leclerc (Ferrari),43.26059,43.26059,Cloudy,0.25
396,2,Leclerc (Ferrari),41.72911,84.9897,Cloudy,0.25
396,3,Leclerc (Ferrari),42.27329,127.26299,Cloudy,0.25
396,4,Leclerc (Ferrari),41.1282,168.39119,Cloudy,0.25
396,5,Leclerc (Ferrari),42.53268,210.92387,Cloudy,0.25
397,1,Hamilton (Mercedes),43.505,43.505,Cloudy,0.25
397,2,Hamilton (Mercedes),42.98773,86.49273,Cloudy,0.25
397,3,Hamilton (Mercedes),42.39514,128.88787,Cloudy,0.25
397,4,Hamilton (Mercedes),42.78446,171.67233,Cloudy,0.25
397,5,Hamilton (Mercedes),42.41233,214.08466,Cloudy,0.25
397,1,Verstappen (Red Bull),42.95199,42.95199,Cloudy,0.25
397,2,Verstappen (Red Bull),42.32353,85.27551,Cloudy,0.25
397,3,Verstappen (Red Bull),42.53001,127.80552,Cloudy,0.25
397,4,Verstappen (Red Bull),41.78583,169.59135,Cloudy,0.25
397,5,Verstappen (Red Bull),41.54605,211.13741,Cloudy,0.25
397,1,Norris (McLaren),42.87931,42.87931,Cloudy,0.25
397,2,Norris (McLaren),43.30511,86.18442,Cloudy,0.25
397,3,Norris (McLaren),42.48043,128.66486,Cloudy,0.25
397,4,Norris (McLaren),43.56077,172.22563,Cloudy,0.25
397,5,Norris (McLaren),43.04226,215.26789,Cloudy,0.25
397,1,Leclerc (Ferrari),42.72517,42.72517,Cloudy,0.25
397,2,Leclerc (Ferrari),42.53851,85.26367,Cloudy,0.25
397,3,Leclerc (Ferrari),42.40702,127.67069,Cloudy,0.25
397,4,Leclerc (Ferrari),43.22938,170.90007,Cloudy,0.25
397,5,Leclerc (Ferrari),41.88614,212.7862,Cloudy,0.25
398,1,Hamilton (Mercedes),43.03167,43.03167,Cloudy,0.25
398,2,Hamilton (Mercedes),41.8619,84.89358,Cloudy,0.25
398,3,Hamilton (Mercedes),42.46741,127.36098,Cloudy,0.25
398,4,Hamilton (Mercedes),43.26481,170.62579,Cloudy,0.25
398,5,Hamilton (Mercedes),42.22724,212.85303,Cloudy,0.25
398,1,Verstappen (Red Bull),43.04083,43.04083,Cloudy,0.25
398,2,Verstappen (Red Bull),43.13058,86.17141,Cloudy,0.25
398,3,Verstappen (Red Bull),41.79756,127.96897,Cloudy,0.25
398,4,Verstappen (Red Bull),43.21712,171.18609,Cloudy,0.25
398,5,Verstappen (Red Bull),42.51233,213.69842,Cloudy,0.25
398,1,Norris (McLaren),42.73327,42.73327,Cloudy,0.25
398,2,Norris (McLaren),42.13064,84.86391,Cloudy,0.25
398,3,Norris (McLaren),42.21438,127.07829,Cloudy,0.25
398,4,Norris (McLaren),42.9835,170.0618,Cloudy,0.25
398,5,Norris (McLaren),43.31488,213.37667,Cloudy,0.25
398,1,Leclerc (Ferrari),42.49829,42.49829,Cloudy,0.25
398,2,Leclerc (Ferrari),41.83483,84.33312,Cloudy,0.25
398,3,Leclerc (Ferrari),42.27816,126.61127,Cloudy,0.25
398,4,Leclerc (Ferrari),42.50496,169.11624,Cloudy,0.25
398,5,Leclerc (Ferrari),42.36513,211.48136,Cloudy,0.25
399,1,Hamilton (Mercedes),42.31675,42.31675,Cloudy,0.25
399,2,Hamilton (Mercedes),42.64942,84.96616,Cloudy,0.25
399,3,Hamilton (Mercedes),42.78838,127.75454,Cloudy,0.25
399,4,Hamilton (Mercedes),41.77832,169.53287,Cloudy,0.25
399,5,Hamilton (Mercedes),42.49703,212.0299,Cloudy,0.25
399,1,Verstappen (Red Bull),42.67471,42.67471,Cloudy,0.25
399,2,Verstappen (Red Bull),42.16744,84.84215,Cloudy,0.25
399,3,Verstappen (Red Bull),42.52122,127.36337,Cloudy,0.25
399,4,Verstappen (Red Bull),42.55136,169.91473,Cloudy,0.25
399,5,Verstappen (Red Bull),42.50877,212.4235,Cloudy,0.25
399,1,Norris (McLaren),42.73736,42.73736,Cloudy,0.25
399,2,Norris (McLaren),42.54779,85.28515,Cloudy,0.25
399,3,Norris (McLaren),43.70487,128.99003,Cloudy,0.25
399,4,Norris (McLaren),42.74039,171.73042,Cloudy,0.25
399,5,Norris (McLaren),43.2206,214.95102,Cloudy,0.25
399,1,Leclerc (Ferrari),41.52217,41.52217,Cloudy,0.25
399,2,Leclerc (Ferrari),42.31127,83.83345,Cloudy,0.25
399,3,Leclerc (Ferrari),42.62343,126.45687,Cloudy,0.25
399,4,Leclerc (Ferrari),42.88953,169.34641,Cloudy,0.25
399,5,Leclerc (Ferrari),42.23131,211.57771,Cloudy,0.25
400,1,Hamilton (Mercedes),43.69625,43.69625,Cloudy,0.25
400,2,Hamilton (Mercedes),43.03475,86.73101,Cloudy,0.25
400,3,Hamilton (Mercedes),43.1836,129.9146,Cloudy,0.25
400,4,Hamilton (Mercedes),42.68121,172.59582,Cloudy,0.25
400,5,Hamilton (Mercedes),42.81195,215.40777,Cloudy,0.25
400,1,Verstappen (Red Bull),42.66675,42.66675,Cloudy,0.25
400,2,Verstappen (Red Bull),41.83387,84.50062,Cloudy,0.25
400,3,Verstappen (Red Bull),42.91895,127.41958,Cloudy,0.25
400,4,Verstappen (Red Bull),43.15876,170.57833,Cloudy,0.25
400,5,Verstappen (Red Bull),42.77769,213.35603,Cloudy,0.25
400,1,Norris (McLaren),42.72631,42.72631,Cloudy,0.25
400,2,Norris (McLaren),42.89974,85.62604,Cloudy,0.25
400,3,Norris (McLaren),42.65165,128.27769,Cloudy,0.25
400,4,Norris (McLaren),42.7679,171.04559,Cloudy,0.25
400,5,Norris (McLaren),42.01959,213.06519,Cloudy,0.25
400,1,Leclerc (Ferrari),41.33438,41.33438,Cloudy,0.25
400,2,Leclerc (Ferrari),42.71768,84.05207,Cloudy,0.25
400,3,Leclerc (Ferrari),41.98336,126.03542,Cloudy,0.25
400,4,Leclerc (Ferrari),42.40278,168.4382,Cloudy,0.25
400,5,Leclerc (Ferrari),41.88391,210.32211,Cloudy,0.25
401,1,Hamilton (Mercedes),43.0883,43.0883,Cloudy,0.25
401,2,Hamilton (Mercedes),42.46898,85.55728,Cloudy,0.25
401,3,Hamilton (Mercedes),43.22064,128.77791,Cloudy,0.25
401,4,Hamilton (Mercedes),42.82468,171.6026,Cloudy,0.25
401,5,Hamilton (Mercedes),42.3064,213.90899,Cloudy,0.25
401,1,Verstappen (Red Bull),40.93695,40.93695,Cloudy,0.25
401,2,Verstappen (Red Bull),42.7671,83.70404,Cloudy,0.25
401,3,Verstappen (Red Bull),42.38417,126.08822,Cloudy,0.25
401,4,Verstappen (Red Bull),42.91934,169.00756,Cloudy,0.25
401,5,Verstappen (Red Bull),43.16802,212.17558,Cloudy,0.25
401,1,Norris (McLaren),42.25573,42.25573,Cloudy,0.25
401,2,Norris (McLaren),42.12921,84.38494,Cloudy,0.25
401,3,Norris (McLaren),42.50994,126.89488,Cloudy,0.25
401,4,Norris (McLaren),42.66845,169.56332,Cloudy,0.25
401,5,Norris (McLaren),43.06222,212.62555,Cloudy,0.25
401,1,Leclerc (Ferrari),42.59167,42.59167,Cloudy,0.25
401,2,Leclerc (Ferrari),42.78204,85.37372,Cloudy,0.25
401,3,Leclerc (Ferrari),43.7873,129.16102,Cloudy,0.25
401,4,Leclerc (Ferrari),42.98925,172.15027,Cloudy,0.25
401,5,Leclerc (Ferrari),43.05561,215.20588,Cloudy,0.25
402,1,Hamilton (Mercedes),42.49245,42.49245,Cloudy,0.25
402,2,Hamilton (Mercedes),42.94766,85.44011,Cloudy,0.25
402,3,Hamilton (Mercedes),43.56085,129.00096,Cloudy,0.25
402,4,Hamilton (Mercedes),43.19731,172.19827,Cloudy,0.25
402,5,Hamilton (Mercedes),42.26306,214.46133,Cloudy,0.25
402,1,Verstappen (Red Bull),42.78162,42.78162,Cloudy,0.25
402,2,Verstappen (Red Bull),41.9139,84.69552,Cloudy,0.25
402,3,Verstappen (Red Bull),42.8209,127.51641,Cloudy,0.25
402,4,Verstappen (Red Bull),42.6074,170.12382,Cloudy,0.25
402,5,Verstappen (Red Bull),42.49717,212.62098,Cloudy,0.25
402,1,Norris (McLaren),43.18663,43.18663,Cloudy,0.25
402,2,Norris (McLaren),43.01962,86.20625,Cloudy,0.25
402,3,Norris (McLaren),42.36237,128.56862,Cloudy,0.25
402,4,Norris (McLaren),42.67735,171.24597,Cloudy,0.25
402,5,Norris (McLaren),44.06647,215.31244,Cloudy,0.25
402,1,Leclerc (Ferrari),42.35745,42.35745,Cloudy,0.25
402,2,Leclerc (Ferrari),42.95174,85.30919,Cloudy,0.25
402,3,Leclerc (Ferrari),42.14862,127.45781,Cloudy,0.25
402,4,Leclerc (Ferrari),43.41625,170.87406,Cloudy,0.25
402,5,Leclerc (Ferrari),42.36057,213.23463,Cloudy,0.25
403,1,Hamilton (Mercedes),42.49921,42.49921,Cloudy,0.25
403,2,Hamilton (Mercedes),43.62186,86.12106,Cloudy,0.25
403,3,Hamilton (Mercedes),41.9941,128.11516,Cloudy,0.25
403,4,Hamilton (Mercedes),42.50505,170.62021,Cloudy,0.25
403,5,Hamilton (Mercedes),42.8487,213.4689,Cloudy,0.25
403,1,Verstappen (Red Bull),42.4197,42.4197,Cloudy,0.25
403,2,Verstappen (Red Bull),42.57979,84.99949,Cloudy,0.25
403,3,Verstappen (Red Bull),41.55013,126.54962,Cloudy,0.25
403,4,Verstappen (Red Bull),42.01364,168.56326,Cloudy,0.25
403,5,Verstappen (Red Bull),42.02907,210.59234,Cloudy,0.25
403,1,Norris (McLaren),43.59732,43.59732,Cloudy,0.25
403,2,Norris (McLaren),42.79574,86.39306,Cloudy,0.25
403,3,Norris (McLaren),42.33914,128.7322,Cloudy,0.25
403,4,Norris (McLaren),44.07707,172.80926,Cloudy,0.25
403,5,Norris (McLaren),42.27791,215.08718,Cloudy,0.25
403,1,Leclerc (Ferrari),41.54775,41.54775,Cloudy,0.25
403,2,Leclerc (Ferrari),42.09473,83.64248,Cloudy,0.25
403,3,Leclerc (Ferrari),41.65319,125.29566,Cloudy,0.25
403,4,Leclerc (Ferrari),41.99198,167.28764,Cloudy,0.25
403,5,Leclerc (Ferrari),41.94837,209.23601,Cloudy,0.25
404,1,Hamilton (Mercedes),42.98688,42.98688,Cloudy,0.25
404,2,Hamilton (Mercedes),42.86204,85.84892,Cloudy,0.25
404,3,Hamilton (Mercedes),43.31095,129.15987,Cloudy,0.25
404,4,Hamilton (Mercedes),43.43475,172.59462,Cloudy,0.25
404,5,Hamilton (Mercedes),42.86381,215.45843,Cloudy,0.25
404,1,Verstappen (Red Bull),42.67504,42.67504,Cloudy,0.25
404,2,Verstappen (Red Bull),42.85235,85.52739,Cloudy,0.25
404,3,Verstappen (Red Bull),43.7019,129.22929,Cloudy,0.25
404,4,Verstappen (Red Bull),42.45141,171.6807,Cloudy,0.25
404,5,Verstappen (Red Bull),41.96621,213.64691,Cloudy,0.25
404,1,Norris (McLaren),43.13656,43.13656,Cloudy,0.25
404,2,Norris (McLaren),43.9131,87.04967,Cloudy,0.25
404,3,Norris (McLaren),43.01872,130.06839,Cloudy,0.25
404,4,Norris (McLaren),44.01341,174.0818,Cloudy,0.25
404,5,Norris (McLaren),42.27317,216.35498,Cloudy,0.25
404,1,Leclerc (Ferrari),42.79527,42.79527,Cloudy,0.25
404,2,Leclerc (Ferrari),41.34139,84.13667,Cloudy,0.25
404,3,Leclerc (Ferrari),43.48495,127.62162,Cloudy,0.25
404,4,Leclerc (Ferrari),41.91191,169.53354,Cloudy,0.25
404,5,Leclerc (Ferrari),40.99675,210.53028,Cloudy,0.25
405,1,Hamilton (Mercedes),41.78727,41.78727,Cloudy,0.25
405,2,Hamilton (Mercedes),42.93867,84.72594,Cloudy,0.25
405,3,Hamilton (Mercedes),43.22824,127.95417,Cloudy,0.25
405,4,Hamilton (Mercedes),42.61892,170.57309,Cloudy,0.25
405,5,Hamilton (Mercedes),42.95246,213.52556,Cloudy,0.25
405,1,Verstappen (Red Bull),43.56536,43.56536,Cloudy,0.25
405,2,Verstappen (Red Bull),43.18055,86.7459,Cloudy,0.25
405,3,Verstappen (Red Bull),42.9864,129.7323,Cloudy,0.25
405,4,Verstappen (Red Bull),43.00437,172.73667,Cloudy,0.25
405,5,Verstappen (Red Bull),42.82748,215.56415,Cloudy,0.25
405,1,Norris (McLaren),43.79142,43.79142,Cloudy,0.25
405,2,Norris (McLaren),43.48154,87.27296,Cloudy,0.25
405,3,Norris (McLaren),43.50531,130.77828,Cloudy,0.25
405,4,Norris (McLaren),44.22775,175.00602,Cloudy,0.25
405,5,Norris (McLaren),41.64949,216.65552,Cloudy,0.25
405,1,Leclerc (Ferrari),41.96163,41.96163,Cloudy,0.25
405,2,Leclerc (Ferrari),42.38353,84.34516,Cloudy,0.25
405,3,Leclerc (Ferrari),42.45233,126.79749,Cloudy,0.25
405,4,Leclerc (Ferrari),42.63634,169.43383,Cloudy,0.25
405,5,Leclerc (Ferrari),43.31826,212.75209,Cloudy,0.25
406,1,Hamilton (Mercedes),42.72283,42.72283,Cloudy,0.25
406,2,Hamilton (Mercedes),42.49069,85.21352,Cloudy,0.25
406,3,Hamilton (Mercedes),43.60492,128.81845,Cloudy,0.25
406,4,Hamilton (Mercedes),42.6251,171.44355,Cloudy,0.25
406,5,Hamilton (Mercedes),42.47731,213.92085,Cloudy,0.25
406,1,Verstappen (Red Bull),43.54233,43.54233,Cloudy,0.25
406,2,Verstappen (Red Bull),42.45562,85.99795,Cloudy,0.25
406,3,Verstappen (Red Bull),41.86764,127.86559,Cloudy,0.25
406,4,Verstappen (Red Bull),42.10146,169.96705,Cloudy,0.25
406,5,Verstappen (Red Bull),42.54859,212.51565,Cloudy,0.25
406,1,Norris (McLaren),42.71011,42.71011,Cloudy,0.25
406,2,Norris (McLaren),42.09654,84.80665,Cloudy,0.25
406,3,Norris (McLaren),42.97264,127.77929,Cloudy,0.25
406,4,Norris (McLaren),43.45286,171.23215,Cloudy,0.25
406,5,Norris (McLaren),42.68899,213.92114,Cloudy,0.25
406,1,Leclerc (Ferrari),43.24698,43.24698,Cloudy,0.25
406,2,Leclerc (Ferrari),43.50047,86.74745,Cloudy,0.25
406,3,Leclerc (Ferrari),41.4664,128.21385,Cloudy,0.25
406,4,Leclerc (Ferrari),41.49281,169.70666,Cloudy,0.25
406,5,Leclerc (Ferrari),42.90173,212.60839,Cloudy,0.25
407,1,Hamilton (Mercedes),42.85455,42.85455,Cloudy,0.25
407,2,Hamilton (Mercedes),42.20741,85.06196,Cloudy,0.25
407,3,Hamilton (Mercedes),43.05588,128.11784,Cloudy,0.25
407,4,Hamilton (Mercedes),43.25629,171.37413,Cloudy,0.25
407,5,Hamilton (Mercedes),43.01114,214.38527,Cloudy,0.25
407,1,Verstappen (Red Bull),42.48044,42.48044,Cloudy,0.25
407,2,Verstappen (Red Bull),42.6027,85.08314,Cloudy,0.25
407,3,Verstappen (Red Bull),43.235,128.31814,Cloudy,0.25
407,4,Verstappen (Red Bull),42.80956,171.1277,Cloudy,0.25
407,5,Verstappen (Red Bull),42.13148,213.25917,Cloudy,0.25
407,1,Norris (McLaren),42.59695,42.59695,Cloudy,0.25
407,2,Norris (McLaren),41.94949,84.54643,Cloudy,0.25
407,3,Norris (McLaren),43.06205,127.60848,Cloudy,0.25
407,4,Norris (McLaren),43.26167,170.87016,Cloudy,0.25
407,5,Norris (McLaren),41.78391,212.65407,Cloudy,0.25
407,1,Leclerc (Ferrari),43.29352,43.29352,Cloudy,0.25
407,2,Leclerc (Ferrari),42.70675,86.00027,Cloudy,0.25
407,3,Leclerc (Ferrari),42.81031,128.81058,Cloudy,0.25
407,4,Leclerc (Ferrari),43.47364,172.28422,Cloudy,0.25
407,5,Leclerc (Ferrari),42.10376,214.38798,Cloudy,0.25
408,1,Hamilton (Mercedes),43.95569,43.95569,Cloudy,0.25
408,2,Hamilton (Mercedes),43.74963,87.70533,Cloudy,0.25
408,3,Hamilton (Mercedes),44.02422,131.72955,Cloudy,0.25
408,4,Hamilton (Mercedes),43.01248,174.74203,Cloudy,0.25
408,5,Hamilton (Mercedes),43.07923,217.82126,Cloudy,0.25
408,1,Verstappen (Red Bull),42.18506,42.18506,Cloudy,0.25
408,2,Verstappen (Red Bull),42.6113,84.79636,Cloudy,0.25
408,3,Verstappen (Red Bull),41.43272,126.22908,Cloudy,0.25
408,4,Verstappen (Red Bull),42.487,168.71608,Cloudy,0.25
408,5,Verstappen (Red Bull),41.59986,210.31594,Cloudy,0.25
408,1,Norris (McLaren),43.1254,43.1254,Cloudy,0.25
408,2,Norris (McLaren),42.69926,85.82466,Cloudy,0.25
408,3,Norris (McLaren),43.24712,129.07179,Cloudy,0.25
408,4,Norris (McLaren),42.79938,171.87117,Cloudy,0.25
408,5,Norris (McLaren),42.66709,214.53826,Cloudy,0.25
408,1,Leclerc (Ferrari),43.15422,43.15422,Cloudy,0.25
408,2,Leclerc (Ferrari),43.30372,86.45794,Cloudy,0.25
408,3,Leclerc (Ferrari),42.66619,129.12413,Cloudy,0.25
408,4,Leclerc (Ferrari),41.47841,170.60254,Cloudy,0.25
408,5,Leclerc (Ferrari),41.98348,212.58601,Cloudy,0.25
409,1,Hamilton (Mercedes),42.27964,42.27964,Cloudy,0.25
409,2,Hamilton (Mercedes),42.36124,84.64088,Cloudy,0.25
409,3,Hamilton (Mercedes),42.98773,127.62861,Cloudy,0.25
409,4,Hamilton (Mercedes),43.15752,170.78613,Cloudy,0.25
409,5,Hamilton (Mercedes),42.9203,213.70643,Cloudy,0.25
409,1,Verstappen (Red Bull),42.39922,42.39922,Cloudy,0.25
409,2,Verstappen (Red Bull),43.03603,85.43525,Cloudy,0.25
409,3,Verstappen (Red Bull),42.71318,128.14843,Cloudy,0.25
409,4,Verstappen (Red Bull),43.27879,171.42722,Cloudy,0.25
409,5,Verstappen (Red Bull),42.1972,213.62442,Cloudy,0.25
409,1,Norris (McLaren),42.75373,42.75373,Cloudy,0.25
409,2,Norris (McLaren),41.98271,84.73644,Cloudy,0.25
409,3,Norris (McLaren),42.29555,127.03199,Cloudy,0.25
409,4,Norris (McLaren),43.12128,170.15326,Cloudy,0.25
409,5,Norris (McLaren),43.51544,213.6687,Cloudy,0.25
409,1,Leclerc (Ferrari),42.5027,42.5027,Cloudy,0.25
409,2,Leclerc (Ferrari),43.1627,85.6654,Cloudy,0.25
409,3,Leclerc (Ferrari),41.21792,126.88332,Cloudy,0.25
409,4,Leclerc (Ferrari),42.07474,168.95806,Cloudy,0.25
409,5,Leclerc (Ferrari),41.37986,210.33792,Cloudy,0.25
410,1,Hamilton (Mercedes),42.78322,42.78322,Cloudy,0.25
410,2,Hamilton (Mercedes),42.52933,85.31254,Cloudy,0.25
410,3,Hamilton (Mercedes),43.57171,128.88425,Cloudy,0.25
410,4,Hamilton (Mercedes),42.40681,171.29106,Cloudy,0.25
410,5,Hamilton (Mercedes),44.0252,215.31626,Cloudy,0.25
410,1,Verstappen (Red Bull),42.63116,42.63116,Cloudy,0.25
410,2,Verstappen (Red Bull),43.16608,85.79723,Cloudy,0.25
410,3,Verstappen (Red Bull),42.76257,128.5598,Cloudy,0.25
410,4,Verstappen (Red Bull),42.75062,171.31042,Cloudy,0.25
410,5,Verstappen (Red Bull),42.7152,214.02562,Cloudy,0.25
410,1,Norris (McLaren),42.85827,42.85827,Cloudy,0.25
410,2,Norris (McLaren),42.64999,85.50826,Cloudy,0.25
410,3,Norris (McLaren),42.97607,128.48433,Cloudy,0.25
410,4,Norris (McLaren),42.90708,171.3914,Cloudy,0.25
410,5,Norris (McLaren),41.71125,213.10265,Cloudy,0.25
410,1,Leclerc (Ferrari),41.94631,41.94631,Cloudy,0.25
410,2,Leclerc (Ferrari),42.91938,84.86569,Cloudy,0.25
410,3,Leclerc (Ferrari),42.4628,127.32849,Cloudy,0.25
410,4,Leclerc (Ferrari),42.57766,169.90616,Cloudy,0.25
410,5,Leclerc (Ferrari),42.61309,212.51925,Cloudy,0.25
411,1,Hamilton (Mercedes),42.31586,42.31586,Cloudy,0.25
411,2,Hamilton (Mercedes),43.48547,85.80133,Cloudy,0.25
411,3,Hamilton (Mercedes),43.51579,129.31712,Cloudy,0.25
411,4,Hamilton (Mercedes),43.85505,173.17217,Cloudy,0.25
411,5,Hamilton (Mercedes),42.40385,215.57601,Cloudy,0.25
411,1,Verstappen (Red Bull),42.16373,42.16373,Cloudy,0.25
411,2,Verstappen (Red Bull),43.32746,85.49118,Cloudy,0.25
411,3,Verstappen (Red Bull),42.56497,128.05616,Cloudy,0.25
411,4,Verstappen (Red Bull),42.21135,170.26751,Cloudy,0.25
411,5,Verstappen (Red Bull),43.0916,213.35911,Cloudy,0.25
411,1,Norris (McLaren),42.29905,42.29905,Cloudy,0.25
411,2,Norris (McLaren),42.04168,84.34073,Cloudy,0.25
411,3,Norris (McLaren),41.98873,126.32946,Cloudy,0.25
411,4,Norris (McLaren),43.05469,169.38416,Cloudy,0.25
411,5,Norris (McLaren),42.807,212.19115,Cloudy,0.25
411,1,Leclerc (Ferrari),42.88717,42.88717,Cloudy,0.25
411,2,Leclerc (Ferrari),42.34838,85.23555,Cloudy,0.25
411,3,Leclerc (Ferrari),42.66575,127.9013,Cloudy,0.25
411,4,Leclerc (Ferrari),41.73137,169.63268,Cloudy,0.25
411,5,Leclerc (Ferrari),42.70671,212.33939,Cloudy,0.25
412,1,Hamilton (Mercedes),42.7666,42.7666,Cloudy,0.25
412,2,Hamilton (Mercedes),42.89524,85.66184,Cloudy,0.25
412,3,Hamilton (Mercedes),43.01397,128.67581,Cloudy,0.25
412,4,Hamilton (Mercedes),42.74928,171.42508,Cloudy,0.25
412,5,Hamilton (Mercedes),43.9964,215.42148,Cloudy,0.25
412,1,Verstappen (Red Bull),42.38473,42.38473,Cloudy,0.25
412,2,Verstappen (Red Bull),42.81169,85.19643,Cloudy,0.25
412,3,Verstappen (Red Bull),43.11175,128.30818,Cloudy,0.25
412,4,Verstappen (Red Bull),42.7067,171.01487,Cloudy,0.25
412,5,Verstappen (Red Bull),42.93762,213.9525,Cloudy,0.25
412,1,Norris (McLaren),42.77326,42.77326,Cloudy,0.25
412,2,Norris (McLaren),43.35169,86.12495,Cloudy,0.25
412,3,Norris (McLaren),42.12751,128.25246,Cloudy,0.25
412,4,Norris (McLaren),42.29628,170.54874,Cloudy,0.25
412,5,Norris (McLaren),43.32351,213.87225,Cloudy,0.25
412,1,Leclerc (Ferrari),42.28878,42.28878,Cloudy,0.25
412,2,Leclerc (Ferrari),42.63599,84.92477,Cloudy,0.25
412,3,Leclerc (Ferrari),43.55963,128.48441,Cloudy,0.25
412,4,Leclerc (Ferrari),42.94923,171.43364,Cloudy,0.25
412,5,Leclerc (Ferrari),41.8489,213.28254,Cloudy,0.25
413,1,Hamilton (Mercedes),43.19632,43.19632,Cloudy,0.25
413,2,Hamilton (Mercedes),42.87093,86.06725,Cloudy,0.25
413,3,Hamilton (Mercedes),42.24411,128.31136,Cloudy,0.25
413,4,Hamilton (Mercedes),42.82656,171.13792,Cloudy,0.25
413,5,Hamilton (Mercedes),42.94942,214.08734,Cloudy,0.25
413,1,Verstappen (Red Bull),42.26872,42.26872,Cloudy,0.25
413,2,Verstappen (Red Bull),42.53969,84.80841,Cloudy,0.25
413,3,Verstappen (Red Bull),42.41545,127.22386,Cloudy,0.25
413,4,Verstappen (Red Bull),43.00445,170.22832,Cloudy,0.25
413,5,Verstappen (Red Bull),42.66685,212.89517,Cloudy,0.25
413,1,Norris (McLaren),42.65963,42.65963,Cloudy,0.25
413,2,Norris (McLaren),42.90869,85.56832,Cloudy,0.25
413,3,Norris (McLaren),42.34398,127.91229,Cloudy,0.25
413,4,Norris (McLaren),42.42366,170.33596,Cloudy,0.25
413,5,Norris (McLaren),42.98393,213.31989,Cloudy,0.25
413,1,Leclerc (Ferrari),41.43677,41.43677,Cloudy,0.25
413,2,Leclerc (Ferrari),42.70686,84.14363,Cloudy,0.25
413,3,Leclerc (Ferrari),42.91354,127.05717,Cloudy,0.25
413,4,Leclerc (Ferrari),43.23382,170.29099,Cloudy,0.25
413,5,Leclerc (Ferrari),42.31775,212.60873,Cloudy,0.25
414,1,Hamilton (Mercedes),43.1966,43.1966,Cloudy,0.25
414,2,Hamilton (Mercedes),43.07048,86.26709,Cloudy,0.25
414,3,Hamilton (Mercedes),43.42637,129.69345,Cloudy,0.25
414,4,Hamilton (Mercedes),41.98653,171.67998,Cloudy,0.25
414,5,Hamilton (Mercedes),42.78785,214.46783,Cloudy,0.25
414,1,Verstappen (Red Bull),42.31079,42.31079,Cloudy,0.25
414,2,Verstappen (Red Bull),42.44228,84.75307,Cloudy,0.25
414,3,Verstappen (Red Bull),43.35431,128.10739,Cloudy,0.25
414,4,Verstappen (Red Bull),41.91443,170.02182,Cloudy,0.25
414,5,Verstappen (Red Bull),42.38598,212.4078,Cloudy,0.25
414,1,Norris (McLaren),43.38433,43.38433,Cloudy,0.25
414,2,Norris (McLaren),42.74981,86.13414,Cloudy,0.25
414,3,Norris (McLaren),42.38516,128.51931,Cloudy,0.25
414,4,Norris (McLaren),43.68099,172.2003,Cloudy,0.25
414,5,Norris (McLaren),42.14707,214.34738,Cloudy,0.25
414,1,Leclerc (Ferrari),43.12977,43.12977,Cloudy,0.25
414,2,Leclerc (Ferrari),41.82399,84.95376,Cloudy,0.25
414,3,Leclerc (Ferrari),41.5761,126.52986,Cloudy,0.25
414,4,Leclerc (Ferrari),42.41836,168.94821,Cloudy,0.25
414,5,Leclerc (Ferrari),41.7676,210.71581,Cloudy,0.25
415,1,Hamilton (Mercedes),42.96804,42.96804,Cloudy,0.25
415,2,Hamilton (Mercedes),42.70109,85.66913,Cloudy,0.25
415,3,Hamilton (Mercedes),44.35196,130.02109,Cloudy,0.25
415,4,Hamilton (Mercedes),43.94549,173.96657,Cloudy,0.25
415,5,Hamilton (Mercedes),42.94547,216.91205,Cloudy,0.25
415,1,Verstappen (Red Bull),42.10859,42.10859,Cloudy,0.25
415,2,Verstappen (Red Bull),42.38767,84.49626,Cloudy,0.25
415,3,Verstappen (Red Bull),43.08497,127.58123,Cloudy,0.25
415,4,Verstappen (Red Bull),42.78882,170.37005,Cloudy,0.25
415,5,Verstappen (Red Bull),42.75335,213.12339,Cloudy,0.25
415,1,Norris (McLaren),42.78999,42.78999,Cloudy,0.25
415,2,Norris (McLaren),42.62273,85.41272,Cloudy,0.25
415,3,Norris (McLaren),42.39432,127.80704,Cloudy,0.25
415,4,Norris (McLaren),43.16258,170.96963,Cloudy,0.25
415,5,Norris (McLaren),41.59282,212.56245,Cloudy,0.25
415,1,Leclerc (Ferrari),41.15435,41.15435,Cloudy,0.25
415,2,Leclerc (Ferrari),43.33335,84.4877,Cloudy,0.25
415,3,Leclerc (Ferrari),41.83855,126.32626,Cloudy,0.25
415,4,Leclerc (Ferrari),42.81596,169.14221,Cloudy,0.25
415,5,Leclerc (Ferrari),41.78335,210.92557,Cloudy,0.25
416,1,Hamilton (Mercedes),43.63118,43.63118,Cloudy,0.25
416,2,Hamilton (Mercedes),43.25997,86.89115,Cloudy,0.25
416,3,Hamilton (Mercedes),42.55185,129.443,Cloudy,0.25
416,4,Hamilton (Mercedes),42.0251,171.4681,Cloudy,0.25
416,5,Hamilton (Mercedes),42.63958,214.10767,Cloudy,0.25
416,1,Verstappen (Red Bull),42.14664,42.14664,Cloudy,0.25
416,2,Verstappen (Red Bull),42.93385,85.08049,Cloudy,0.25
416,3,Verstappen (Red Bull),42.7554,127.83589,Cloudy,0.25
416,4,Verstappen (Red Bull),42.65013,170.48602,Cloudy,0.25
416,5,Verstappen (Red Bull),43.70451,214.19053,Cloudy,0.25
416,1,Norris (McLaren),41.75362,41.75362,Cloudy,0.25
416,2,Norris (McLaren),41.79638,83.55,Cloudy,0.25
416,3,Norris (McLaren),41.37403,124.92402,Cloudy,0.25
416,4,Norris (McLaren),43.1927,168.11672,Cloudy,0.25
416,5,Norris (McLaren),42.89838,211.0151,Cloudy,0.25
416,1,Leclerc (Ferrari),42.20323,42.20323,Cloudy,0.25
416,2,Leclerc (Ferrari),42.21291,84.41613,Cloudy,0.25
416,3,Leclerc (Ferrari),43.02747,127.44361,Cloudy,0.25
416,4,Leclerc (Ferrari),43.22447,170.66807,Cloudy,0.25
416,5,Leclerc (Ferrari),42.7794,213.44747,Cloudy,0.25
417,1,Hamilton (Mercedes),41.997,41.997,Cloudy,0.25
417,2,Hamilton (Mercedes),42.14289,84.13988,Cloudy,0.25
417,3,Hamilton (Mercedes),43.27123,127.41112,Cloudy,0.25
417,4,Hamilton (Mercedes),43.39145,170.80256,Cloudy,0.25
417,5,Hamilton (Mercedes),43.09559,213.89815,Cloudy,0.25
417,1,Verstappen (Red Bull),42.46549,42.46549,Cloudy,0.25
417,2,Verstappen (Red Bull),43.07015,85.53564,Cloudy,0.25
417,3,Verstappen (Red Bull),41.50074,127.03638,Cloudy,0.25
417,4,Verstappen (Red Bull),42.97087,170.00725,Cloudy,0.25
417,5,Verstappen (Red Bull),41.95216,211.95941,Cloudy,0.25
417,1,Norris (McLaren),41.88245,41.88245,Cloudy,0.25
417,2,Norris (McLaren),44.01432,85.89677,Cloudy,0.25
417,3,Norris (McLaren),42.03661,127.93338,Cloudy,0.25
417,4,Norris (McLaren),42.57639,170.50978,Cloudy,0.25
417,5,Norris (McLaren),42.57621,213.08599,Cloudy,0.25
417,1,Leclerc (Ferrari),41.41237,41.41237,Cloudy,0.25
417,2,Leclerc (Ferrari),43.20051,84.61288,Cloudy,0.25
417,3,Leclerc (Ferrari),43.38963,128.00252,Cloudy,0.25
417,4,Leclerc (Ferrari),42.61989,170.6224,Cloudy,0.25
417,5,Leclerc (Ferrari),43.28564,213.90804,Cloudy,0.25
418,1,Hamilton (Mercedes),42.69792,42.69792,Cloudy,0.25
418,2,Hamilton (Mercedes),42.9205,85.61842,Cloudy,0.25
418,3,Hamilton (Mercedes),43.09132,128.70974,Cloudy,0.25
418,4,Hamilton (Mercedes),43.14518,171.85491,Cloudy,0.25
418,5,Hamilton (Mercedes),43.16465,215.01956,Cloudy,0.25
418,1,Verstappen (Red Bull),42.92026,42.92026,Cloudy,0.25
418,2,Verstappen (Red Bull),41.86534,84.7856,Cloudy,0.25
418,3,Verstappen (Red Bull),41.87641,126.66201,Cloudy,0.25
418,4,Verstappen (Red Bull),41.6207,168.28271,Cloudy,0.25
418,5,Verstappen (Red Bull),41.90814,210.19085,Cloudy,0.25
418,1,Norris (McLaren),43.56691,43.56691,Cloudy,0.25
418,2,Norris (McLaren),43.55317,87.12008,Cloudy,0.25
418,3,Norris (McLaren),42.31577,129.43586,Cloudy,0.25
418,4,Norris (McLaren),42.00843,171.44429,Cloudy,0.25
418,5,Norris (McLaren),41.2882,212.73249,Cloudy,0.25
418,1,Leclerc (Ferrari),42.13859,42.13859,Cloudy,0.25
418,2,Leclerc (Ferrari),41.32232,83.46091,Cloudy,0.25
418,3,Leclerc (Ferrari),42.27015,125.73105,Cloudy,0.25
418,4,Leclerc (Ferrari),41.98582,167.71687,Cloudy,0.25
418,5,Leclerc (Ferrari),42.92028,210.63715,Cloudy,0.25
419,1,Hamilton (Mercedes),43.30779,43.30779,Cloudy,0.25
419,2,Hamilton (Mercedes),43.78516,87.09295,Cloudy,0.25
419,3,Hamilton (Mercedes),43.44844,130.54139,Cloudy,0.25
419,4,Hamilton (Mercedes),43.44675,173.98814,Cloudy,0.25
419,5,Hamilton (Mercedes),42.12395,216.11209,Cloudy,0.25
419,1,Verstappen (Red Bull),42.96396,42.96396,Cloudy,0.25
419,2,Verstappen (Red Bull),41.38185,84.34581,Cloudy,0.25
419,3,Verstappen (Red Bull),42.93879,127.2846,Cloudy,0.25
419,4,Verstappen (Red Bull),42.71489,169.99948,Cloudy,0.25
419,5,Verstappen (Red Bull),42.84085,212.84033,Cloudy,0.25
419,1,Norris (McLaren),41.60881,41.60881,Cloudy,0.25
419,2,Norris (McLaren),42.93352,84.54233,Cloudy,0.25
419,3,Norris (McLaren),42.64336,127.18569,Cloudy,0.25
419,4,Norris (McLaren),43.63467,170.82037,Cloudy,0.25
419,5,Norris (McLaren),41.91488,212.73525,Cloudy,0.25
419,1,Leclerc (Ferrari),41.82278,41.82278,Cloudy,0.25
419,2,Leclerc (Ferrari),41.14316,82.96595,Cloudy,0.25
419,3,Leclerc (Ferrari),42.67551,125.64146,Cloudy,0.25
419,4,Leclerc (Ferrari),41.98323,167.62468,Cloudy,0.25
419,5,Leclerc (Ferrari),42.50373,210.12842,Cloudy,0.25
420,1,Hamilton (Mercedes),42.99204,42.99204,Cloudy,0.25
420,2,Hamilton (Mercedes),43.78009,86.77212,Cloudy,0.25
420,3,Hamilton (Mercedes),42.55122,129.32334,Cloudy,0.25
420,4,Hamilton (Mercedes),43.32113,172.64447,Cloudy,0.25
420,5,Hamilton (Mercedes),42.04113,214.6856,Cloudy,0.25
420,1,Verstappen (Red Bull),42.82544,42.82544,Cloudy,0.25
420,2,Verstappen (Red Bull),42.78036,85.6058,Cloudy,0.25
420,3,Verstappen (Red Bull),43.17289,128.77869,Cloudy,0.25
420,4,Verstappen (Red Bull),42.23099,171.00968,Cloudy,0.25
420,5,Verstappen (Red Bull),42.5321,213.54177,Cloudy,0.25
420,1,Norris (McLaren),43.63741,43.63741,Cloudy,0.25
420,2,Norris (McLaren),43.25257,86.88998,Cloudy,0.25
420,3,Norris (McLaren),42.56982,129.4598,Cloudy,0.25
420,4,Norris (McLaren),43.64195,173.10175,Cloudy,0.25
420,5,Norris (McLaren),42.71868,215.82043,Cloudy,0.25
420,1,Leclerc (Ferrari),41.11543,41.11543,Cloudy,0.25
420,2,Leclerc (Ferrari),42.28531,83.40074,Cloudy,0.25
420,3,Leclerc (Ferrari),42.0058,125.40654,Cloudy,0.25
420,4,Leclerc (Ferrari),41.22032,166.62686,Cloudy,0.25
420,5,Leclerc (Ferrari),40.57915,207.20601,Cloudy,0.25
421,1,Hamilton (Mercedes),43.23051,43.23051,Cloudy,0.25
421,2,Hamilton (Mercedes),43.77277,87.00327,Cloudy,0.25
421,3,Hamilton (Mercedes),42.74635,129.74962,Cloudy,0.25
421,4,Hamilton (Mercedes),43.71379,173.46341,Cloudy,0.25
421,5,Hamilton (Mercedes),43.7034,217.16681,Cloudy,0.25
421,1,Verstappen (Red Bull),43.03409,43.03409,Cloudy,0.25
421,2,Verstappen (Red Bull),41.90609,84.94018,Cloudy,0.25
421,3,Verstappen (Red Bull),42.07082,127.011,Cloudy,0.25
421,4,Verstappen (Red Bull),41.34638,168.35737,Cloudy,0.25
421,5,Verstappen (Red Bull),42.7578,211.11517,Cloudy,0.25
421,1,Norris (McLaren),43.82377,43.82377,Cloudy,0.25
421,2,Norris (McLaren),42.95285,86.77661,Cloudy,0.25
421,3,Norris (McLaren),42.77573,129.55234,Cloudy,0.25
421,4,Norris (McLaren),43.96321,173.51555,Cloudy,0.25
421,5,Norris (McLaren),42.98938,216.50493,Cloudy,0.25
421,1,Leclerc (Ferrari),41.42683,41.42683,Cloudy,0.25
421,2,Leclerc (Ferrari),41.24042,82.66725,Cloudy,0.25
421,3,Leclerc (Ferrari),42.50125,125.16849,Cloudy,0.25
421,4,Leclerc (Ferrari),42.65956,167.82805,Cloudy,0.25
421,5,Leclerc (Ferrari),42.28707,210.11513,Cloudy,0.25
422,1,Hamilton (Mercedes),43.53163,43.53163,Cloudy,0.25
422,2,Hamilton (Mercedes),42.95654,86.48818,Cloudy,0.25
422,3,Hamilton (Mercedes),42.86755,129.35573,Cloudy,0.25
422,4,Hamilton (Mercedes),42.47382,171.82955,Cloudy,0.25
422,5,Hamilton (Mercedes),42.7845,214.61404,Cloudy,0.25
422,1,Verstappen (Red Bull),42.93033,42.93033,Cloudy,0.25
422,2,Verstappen (Red Bull),42.60366,85.53399,Cloudy,0.25
422,3,Verstappen (Red Bull),43.04171,128.57571,Cloudy,0.25
422,4,Verstappen (Red Bull),41.81201,170.38772,Cloudy,0.25
422,5,Verstappen (Red Bull),42.44858,212.8363,Cloudy,0.25
422,1,Norris (McLaren),44.09583,44.09583,Cloudy,0.25
422,2,Norris (McLaren),42.5558,86.65164,Cloudy,0.25
422,3,Norris (McLaren),42.35548,129.00712,Cloudy,0.25
422,4,Norris (McLaren),42.20727,171.21438,Cloudy,0.25
422,5,Norris (McLaren),43.03757,214.25196,Cloudy,0.25
422,1,Leclerc (Ferrari),42.9174,42.9174,Cloudy,0.25
422,2,Leclerc (Ferrari),42.00115,84.91855,Cloudy,0.25
422,3,Leclerc (Ferrari),41.63795,126.5565,Cloudy,0.25
422,4,Leclerc (Ferrari),41.16703,167.72353,Cloudy,0.25
422,5,Leclerc (Ferrari),42.52851,210.25204,Cloudy,0.25
423,1,Hamilton (Mercedes),42.1662,42.1662,Cloudy,0.25
423,2,Hamilton (Mercedes),43.52542,85.69161,Cloudy,0.25
423,3,Hamilton (Mercedes),42.74282,128.43444,Cloudy,0.25
423,4,Hamilton (Mercedes),42.81662,171.25106,Cloudy,0.25
423,5,Hamilton (Mercedes),43.67326,214.92432,Cloudy,0.25
423,1,Verstappen (Red Bull),41.58687,41.58687,Cloudy,0.25
423,2,Verstappen (Red Bull),42.59087,84.17775,Cloudy,0.25
423,3,Verstappen (Red Bull),42.03416,126.2119,Cloudy,0.25
423,4,Verstappen (Red Bull),41.86694,168.07885,Cloudy,0.25
423,5,Verstappen (Red Bull),41.93983,210.01868,Cloudy,0.25
423,1,Norris (McLaren),43.50298,43.50298,Cloudy,0.25
423,2,Norris (McLaren),43.59976,87.10274,Cloudy,0.25
423,3,Norris (McLaren),42.90128,130.00402,Cloudy,0.25
423,4,Norris (McLaren),42.23972,172.24374,Cloudy,0.25
423,5,Norris (McLaren),42.31967,214.56341,Cloudy,0.25
423,1,Leclerc (Ferrari),42.70253,42.70253,Cloudy,0.25
423,2,Leclerc (Ferrari),42.41813,85.12066,Cloudy,0.25
423,3,Leclerc (Ferrari),41.57183,126.6925,Cloudy,0.25
423,4,Leclerc (Ferrari),42.62656,169.31906,Cloudy,0.25
423,5,Leclerc (Ferrari),42.01359,211.33265,Cloudy,0.25
424,1,Hamilton (Mercedes),42.20178,42.20178,Cloudy,0.25
424,2,Hamilton (Mercedes),42.95091,85.15269,Cloudy,0.25
424,3,Hamilton (Mercedes),42.94131,128.094,Cloudy,0.25
424,4,Hamilton (Mercedes),42.76702,170.86102,Cloudy,0.25
424,5,Hamilton (Mercedes),42.9313,213.79232,Cloudy,0.25
424,1,Verstappen (Red Bull),43.21049,43.21049,Cloudy,0.25
424,2,Verstappen (Red Bull),42.44405,85.65454,Cloudy,0.25
424,3,Verstappen (Red Bull),43.20135,128.85588,Cloudy,0.25
424,4,Verstappen (Red Bull),42.73813,171.59401,Cloudy,0.25
424,5,Verstappen (Red Bull),43.44765,215.04166,Cloudy,0.25
424,1,Norris (McLaren),43.06172,43.06172,Cloudy,0.25
424,2,Norris (McLaren),43.33066,86.39238,Cloudy,0.25
424,3,Norris (McLaren),42.27076,128.66314,Cloudy,0.25
424,4,Norris (McLaren),43.32853,171.99167,Cloudy,0.25
424,5,Norris (McLaren),42.7325,214.72416,Cloudy,0.25
424,1,Leclerc (Ferrari),41.3699,41.3699,Cloudy,0.25
424,2,Leclerc (Ferrari),42.50166,83.87156,Cloudy,0.25
424,3,Leclerc (Ferrari),42.69819,126.56975,Cloudy,0.25
424,4,Leclerc (Ferrari),42.46597,169.03572,Cloudy,0.25
424,5,Leclerc (Ferrari),42.47067,211.50639,Cloudy,0.25
425,1,Hamilton (Mercedes),42.73854,42.73854,Cloudy,0.25
425,2,Hamilton (Mercedes),43.51704,86.25558,Cloudy,0.25
425,3,Hamilton (Mercedes),43.72411,129.97969,Cloudy,0.25
425,4,Hamilton (Mercedes),43.37976,173.35945,Cloudy,0.25
425,5,Hamilton (Mercedes),43.71396,217.07341,Cloudy,0.25
425,1,Verstappen (Red Bull),42.47039,42.47039,Cloudy,0.25
425,2,Verstappen (Red Bull),43.41014,85.88053,Cloudy,0.25
425,3,Verstappen (Red Bull),42.03675,127.91728,Cloudy,0.25
425,4,Verstappen (Red Bull),42.10495,170.02223,Cloudy,0.25
425,5,Verstappen (Red Bull),42.34385,212.36608,Cloudy,0.25
425,1,Norris (McLaren),41.74432,41.74432,Cloudy,0.25
425,2,Norris (McLaren),42.80697,84.5513,Cloudy,0.25
425,3,Norris (McLaren),42.62916,127.18045,Cloudy,0.25
425,4,Norris (McLaren),42.83454,170.015,Cloudy,0.25
425,5,Norris (McLaren),42.83607,212.85107,Cloudy,0.25
425,1,Leclerc (Ferrari),42.00193,42.00193,Cloudy,0.25
425,2,Leclerc (Ferrari),41.88763,83.88955,Cloudy,0.25
425,3,Leclerc (Ferrari),41.8034,125.69295,Cloudy,0.25
425,4,Leclerc (Ferrari),42.53423,168.22718,Cloudy,0.25
425,5,Leclerc (Ferrari),42.71561,210.94279,Cloudy,0.25
426,1,Hamilton (Mercedes),43.70096,43.70096,Cloudy,0.25
426,2,Hamilton (Mercedes),43.5223,87.22326,Cloudy,0.25
426,3,Hamilton (Mercedes),43.3239,130.54716,Cloudy,0.25
426,4,Hamilton (Mercedes),43.27256,173.81972,Cloudy,0.25
426,5,Hamilton (Mercedes),41.59574,215.41546,Cloudy,0.25
426,1,Verstappen (Red Bull),42.22244,42.22244,Cloudy,0.25
426,2,Verstappen (Red Bull),43.48567,85.70811,Cloudy,0.25
426,3,Verstappen (Red Bull),42.86594,128.57405,Cloudy,0.25
426,4,Verstappen (Red Bull),42.65543,171.22948,Cloudy,0.25
426,5,Verstappen (Red Bull),41.96211,213.19159,Cloudy,0.25
426,1,Norris (McLaren),43.35012,43.35012,Cloudy,0.25
426,2,Norris (McLaren),42.61422,85.96434,Cloudy,0.25
426,3,Norris (McLaren),42.72617,128.69051,Cloudy,0.25
426,4,Norris (McLaren),42.75613,171.44664,Cloudy,0.25
426,5,Norris (McLaren),42.08676,213.5334,Cloudy,0.25
426,1,Leclerc (Ferrari),43.17616,43.17616,Cloudy,0.25
426,2,Leclerc (Ferrari),42.46021,85.63636,Cloudy,0.25
426,3,Leclerc (Ferrari),42.44809,128.08446,Cloudy,0.25
426,4,Leclerc (Ferrari),42.12741,170.21187,Cloudy,0.25
426,5,Leclerc (Ferrari),41.57316,211.78503,Cloudy,0.25
427,1,Hamilton (Mercedes),41.74941,41.74941,Cloudy,0.25
427,2,Hamilton (Mercedes),43.13744,84.88685,Cloudy,0.25
427,3,Hamilton (Mercedes),42.14129,127.02814,Cloudy,0.25
427,4,Hamilton (Mercedes),43.13019,170.15833,Cloudy,0.25
427,5,Hamilton (Mercedes),43.46798,213.62631,Cloudy,0.25
427,1,Verstappen (Red Bull),42.86256,42.86256,Cloudy,0.25
427,2,Verstappen (Red Bull),41.60716,84.46972,Cloudy,0.25
427,3,Verstappen (Red Bull),41.52863,125.99836,Cloudy,0.25
427,4,Verstappen (Red Bull),41.82171,167.82006,Cloudy,0.25
427,5,Verstappen (Red Bull),42.6008,210.42087,Cloudy,0.25
427,1,Norris (McLaren),44.12587,44.12587,Cloudy,0.25
427,2,Norris (McLaren),42.90204,87.02792,Cloudy,0.25
427,3,Norris (McLaren),42.76946,129.79737,Cloudy,0.25
427,4,Norris (McLaren),42.51363,172.311,Cloudy,0.25
427,5,Norris (McLaren),42.32041,214.6314,Cloudy,0.25
427,1,Leclerc (Ferrari),42.56615,42.56615,Cloudy,0.25
427,2,Leclerc (Ferrari),41.86442,84.43057,Cloudy,0.25
427,3,Leclerc (Ferrari),43.10113,127.5317,Cloudy,0.25
427,4,Leclerc (Ferrari),42.33375,169.86545,Cloudy,0.25
427,5,Leclerc (Ferrari),42.89334,212.7588,Cloudy,0.25
428,1,Hamilton (Mercedes),42.90848,42.90848,Cloudy,0.25
428,2,Hamilton (Mercedes),43.14459,86.05307,Cloudy,0.25
428,3,Hamilton (Mercedes),43.15344,129.20651,Cloudy,0.25
428,4,Hamilton (Mercedes),42.39813,171.60464,Cloudy,0.25
428,5,Hamilton (Mercedes),43.27512,214.87976,Cloudy,0.25
428,1,Verstappen (Red Bull),42.17516,42.17516,Cloudy,0.25
428,2,Verstappen (Red Bull),43.77438,85.94954,Cloudy,0.25
428,3,Verstappen (Red Bull),42.19327,128.14281,Cloudy,0.25
428,4,Verstappen (Red Bull),42.93868,171.08149,Cloudy,0.25
428,5,Verstappen (Red Bull),42.55621,213.63771,Cloudy,0.25
428,1,Norris (McLaren),42.78191,42.78191,Cloudy,0.25
428,2,Norris (McLaren),42.90679,85.6887,Cloudy,0.25
428,3,Norris (McLaren),41.81497,127.50367,Cloudy,0.25
428,4,Norris (McLaren),42.40325,169.90692,Cloudy,0.25
428,5,Norris (McLaren),43.27085,213.17776,Cloudy,0.25
428,1,Leclerc (Ferrari),42.08495,42.08495,Cloudy,0.25
428,2,Leclerc (Ferrari),42.35185,84.43681,Cloudy,0.25
428,3,Leclerc (Ferrari),42.41245,126.84925,Cloudy,0.25
428,4,Leclerc (Ferrari),41.42954,168.27879,Cloudy,0.25
428,5,Leclerc (Ferrari),43.03795,211.31674,Cloudy,0.25
429,1,Hamilton (Mercedes),43.13098,43.13098,Cloudy,0.25
429,2,Hamilton (Mercedes),42.8957,86.02669,Cloudy,0.25
429,3,Hamilton (Mercedes),43.02254,129.04922,Cloudy,0.25
429,4,Hamilton (Mercedes),42.8801,171.92933,Cloudy,0.25
429,5,Hamilton (Mercedes),43.19955,215.12888,Cloudy,0.25
429,1,Verstappen (Red Bull),42.23794,42.23794,Cloudy,0.25
429,2,Verstappen (Red Bull),43.01237,85.25031,Cloudy,0.25
429,3,Verstappen (Red Bull),42.74548,127.99579,Cloudy,0.25
429,4,Verstappen (Red Bull),41.97398,169.96977,Cloudy,0.25
429,5,Verstappen (Red Bull),43.01672,212.98649,Cloudy,0.25
429,1,Norris (McLaren),43.61439,43.61439,Cloudy,0.25
429,2,Norris (McLaren),43.11164,86.72602,Cloudy,0.25
429,3,Norris (McLaren),42.96288,129.6889,Cloudy,0.25
429,4,Norris (McLaren),42.52954,172.21844,Cloudy,0.25
429,5,Norris (McLaren),43.51459,215.73304,Cloudy,0.25
429,1,Leclerc (Ferrari),41.33383,41.33383,Cloudy,0.25
429,2,Leclerc (Ferrari),42.27627,83.6101,Cloudy,0.25
429,3,Leclerc (Ferrari),41.72256,125.33267,Cloudy,0.25
429,4,Leclerc (Ferrari),42.66451,167.99718,Cloudy,0.25
429,5,Leclerc (Ferrari),42.00184,209.99902,Cloudy,0.25
430,1,Hamilton (Mercedes),42.81285,42.81285,Cloudy,0.25
430,2,Hamilton (Mercedes),42.66333,85.47618,Cloudy,0.25
430,3,Hamilton (Mercedes),43.89559,129.37178,Cloudy,0.25
430,4,Hamilton (Mercedes),42.43578,171.80755,Cloudy,0.25
430,5,Hamilton (Mercedes),42.64727,214.45482,Cloudy,0.25
430,1,Verstappen (Red Bull),42.78182,42.78182,Cloudy,0.25
430,2,Verstappen (Red Bull),41.89356,84.67538,Cloudy,0.25
430,3,Verstappen (Red Bull),44.12646,128.80184,Cloudy,0.25
430,4,Verstappen (Red Bull),42.4149,171.21675,Cloudy,0.25
430,5,Verstappen (Red Bull),42.14309,213.35983,Cloudy,0.25
430,1,Norris (McLaren),42.2826,42.2826,Cloudy,0.25
430,2,Norris (McLaren),44.16533,86.44793,Cloudy,0.25
430,3,Norris (McLaren),44.29732,130.74525,Cloudy,0.25
430,4,Norris (McLaren),42.2445,172.98975,Cloudy,0.25
430,5,Norris (McLaren),42.6608,215.65055,Cloudy,0.25
430,1,Leclerc (Ferrari),42.04659,42.04659,Cloudy,0.25
430,2,Leclerc (Ferrari),42.37589,84.42247,Cloudy,0.25
430,3,Leclerc (Ferrari),41.98714,126.40962,Cloudy,0.25
430,4,Leclerc (Ferrari),41.54109,167.95071,Cloudy,0.25
430,5,Leclerc (Ferrari),42.44157,210.39229,Cloudy,0.25
431,1,Hamilton (Mercedes),43.63171,43.63171,Cloudy,0.25
431,2,Hamilton (Mercedes),42.9114,86.54311,Cloudy,0.25
431,3,Hamilton (Mercedes),43.08887,129.63198,Cloudy,0.25
431,4,Hamilton (Mercedes),42.83983,172.47181,Cloudy,0.25
431,5,Hamilton (Mercedes),42.80608,215.27788,Cloudy,0.25
431,1,Verstappen (Red Bull),42.23761,42.23761,Cloudy,0.25
431,2,Verstappen (Red Bull),42.00055,84.23816,Cloudy,0.25
431,3,Verstappen (Red Bull),42.8612,127.09937,Cloudy,0.25
431,4,Verstappen (Red Bull),42.1069,169.20627,Cloudy,0.25
431,5,Verstappen (Red Bull),42.86972,212.07599,Cloudy,0.25
431,1,Norris (McLaren),42.57474,42.57474,Cloudy,0.25
431,2,Norris (McLaren),43.4065,85.98124,Cloudy,0.25
431,3,Norris (McLaren),43.74896,129.7302,Cloudy,0.25
431,4,Norris (McLaren),42.82877,172.55896,Cloudy,0.25
431,5,Norris (McLaren),43.59648,216.15545,Cloudy,0.25
431,1,Leclerc (Ferrari),41.58576,41.58576,Cloudy,0.25
431,2,Leclerc (Ferrari),42.12068,83.70644,Cloudy,0.25
431,3,Leclerc (Ferrari),42.90764,126.61408,Cloudy,0.25
431,4,Leclerc (Ferrari),43.07318,169.68726,Cloudy,0.25
431,5,Leclerc (Ferrari),41.6573,211.34456,Cloudy,0.25
432,1,Hamilton (Mercedes),42.59004,42.59004,Cloudy,0.25
432,2,Hamilton (Mercedes),43.38859,85.97863,Cloudy,0.25
432,3,Hamilton (Mercedes),42.50552,128.48415,Cloudy,0.25
432,4,Hamilton (Mercedes),42.54325,171.0274,Cloudy,0.25
432,5,Hamilton (Mercedes),43.33575,214.36315,Cloudy,0.25
432,1,Verstappen (Red Bull),42.60472,42.60472,Cloudy,0.25
432,2,Verstappen (Red Bull),42.09184,84.69656,Cloudy,0.25
432,3,Verstappen (Red Bull),42.74623,127.44279,Cloudy,0.25
432,4,Verstappen (Red Bull),41.91211,169.3549,Cloudy,0.25
432,5,Verstappen (Red Bull),42.95161,212.30652,Cloudy,0.25
432,1,Norris (McLaren),42.48996,42.48996,Cloudy,0.25
432,2,Norris (McLaren),44.37652,86.86649,Cloudy,0.25
432,3,Norris (McLaren),43.6533,130.51978,Cloudy,0.25
432,4,Norris (McLaren),41.19786,171.71764,Cloudy,0.25
432,5,Norris (McLaren),42.94687,214.66451,Cloudy,0.25
432,1,Leclerc (Ferrari),41.43024,41.43024,Cloudy,0.25
432,2,Leclerc (Ferrari),42.35468,83.78492,Cloudy,0.25
432,3,Leclerc (Ferrari),42.39766,126.18257,Cloudy,0.25
432,4,Leclerc (Ferrari),42.48255,168.66512,Cloudy,0.25
432,5,Leclerc (Ferrari),41.53901,210.20414,Cloudy,0.25
433,1,Hamilton (Mercedes),42.09166,42.09166,Cloudy,0.25
433,2,Hamilton (Mercedes),42.59601,84.68767,Cloudy,0.25
433,3,Hamilton (Mercedes),43.01219,127.69986,Cloudy,0.25
433,4,Hamilton (Mercedes),42.68109,170.38095,Cloudy,0.25
433,5,Hamilton (Mercedes),43.74159,214.12255,Cloudy,0.25
433,1,Verstappen (Red Bull),42.42088,42.42088,Cloudy,0.25
433,2,Verstappen (Red Bull),42.86155,85.28243,Cloudy,0.25
433,3,Verstappen (Red Bull),41.91756,127.19999,Cloudy,0.25
433,4,Verstappen (Red Bull),41.58627,168.78625,Cloudy,0.25
433,5,Verstappen (Red Bull),43.91141,212.69766,Cloudy,0.25
433,1,Norris (McLaren),43.25813,43.25813,Cloudy,0.25
433,2,Norris (McLaren),42.24146,85.49959,Cloudy,0.25
433,3,Norris (McLaren),42.33263,127.83221,Cloudy,0.25
433,4,Norris (McLaren),43.0933,170.92551,Cloudy,0.25
433,5,Norris (McLaren),42.59751,213.52303,Cloudy,0.25
433,1,Leclerc (Ferrari),42.15375,42.15375,Cloudy,0.25
433,2,Leclerc (Ferrari),41.94415,84.0979,Cloudy,0.25
433,3,Leclerc (Ferrari),42.9494,127.0473,Cloudy,0.25
433,4,Leclerc (Ferrari),41.75338,168.80068,Cloudy,0.25
433,5,Leclerc (Ferrari),43.59739,212.39807,Cloudy,0.25
434,1,Hamilton (Mercedes),42.10477,42.10477,Cloudy,0.25
434,2,Hamilton (Mercedes),42.99139,85.09616,Cloudy,0.25
434,3,Hamilton (Mercedes),42.86446,127.96062,Cloudy,0.25
434,4,Hamilton (Mercedes),42.39116,170.35178,Cloudy,0.25
434,5,Hamilton (Mercedes),42.01567,212.36745,Cloudy,0.25
434,1,Verstappen (Red Bull),43.37328,43.37328,Cloudy,0.25
434,2,Verstappen (Red Bull),43.08848,86.46175,Cloudy,0.25
434,3,Verstappen (Red Bull),42.28298,128.74474,Cloudy,0.25
434,4,Verstappen (Red Bull),42.3427,171.08743,Cloudy,0.25
434,5,Verstappen (Red Bull),43.54898,214.63641,Cloudy,0.25
434,1,Norris (McLaren),43.17157,43.17157,Cloudy,0.25
434,2,Norris (McLaren),42.83926,86.01083,Cloudy,0.25
434,3,Norris (McLaren),41.70879,127.71961,Cloudy,0.25
434,4,Norris (McLaren),43.14517,170.86479,Cloudy,0.25
434,5,Norris (McLaren),43.35623,214.22101,Cloudy,0.25
434,1,Leclerc (Ferrari),42.65251,42.65251,Cloudy,0.25
434,2,Leclerc (Ferrari),41.82172,84.47423,Cloudy,0.25
434,3,Leclerc (Ferrari),43.92625,128.40048,Cloudy,0.25
434,4,Leclerc (Ferrari),42.28913,170.68961,Cloudy,0.25
434,5,Leclerc (Ferrari),42.39406,213.08368,Cloudy,0.25
435,1,Hamilton (Mercedes),42.78181,42.78181,Cloudy,0.25
435,2,Hamilton (Mercedes),41.82184,84.60365,Cloudy,0.25
435,3,Hamilton (Mercedes),42.65337,127.25703,Cloudy,0.25
435,4,Hamilton (Mercedes),42.60546,169.86248,Cloudy,0.25
435,5,Hamilton (Mercedes),42.1652,212.02769,Cloudy,0.25
435,1,Verstappen (Red Bull),42.52175,42.52175,Cloudy,0.25
435,2,Verstappen (Red Bull),42.19139,84.71314,Cloudy,0.25
435,3,Verstappen (Red Bull),42.65481,127.36796,Cloudy,0.25
435,4,Verstappen (Red Bull),42.34293,169.71089,Cloudy,0.25
435,5,Verstappen (Red Bull),42.25139,211.96228,Cloudy,0.25
435,1,Norris (McLaren),42.89532,42.89532,Cloudy,0.25
435,2,Norris (McLaren),42.62333,85.51866,Cloudy,0.25
435,3,Norris (McLaren),41.8652,127.38385,Cloudy,0.25
435,4,Norris (McLaren),42.41074,169.7946,Cloudy,0.25
435,5,Norris (McLaren),43.96491,213.75951,Cloudy,0.25
435,1,Leclerc (Ferrari),42.49476,42.49476,Cloudy,0.25
435,2,Leclerc (Ferrari),41.61404,84.10881,Cloudy,0.25
435,3,Leclerc (Ferrari),42.82336,126.93217,Cloudy,0.25
435,4,Leclerc (Ferrari),41.44075,168.37292,Cloudy,0.25
435,5,Leclerc (Ferrari),42.31104,210.68396,Cloudy,0.25
436,1,Hamilton (Mercedes),42.24195,42.24195,Cloudy,0.25
436,2,Hamilton (Mercedes),42.64673,84.88869,Cloudy,0.25
436,3,Hamilton (Mercedes),43.73461,128.6233,Cloudy,0.25
436,4,Hamilton (Mercedes),41.58017,170.20347,Cloudy,0.25
436,5,Hamilton (Mercedes),42.21552,212.41899,Cloudy,0.25
436,1,Verstappen (Red Bull),43.04935,43.04935,Cloudy,0.25
436,2,Verstappen (Red Bull),42.58345,85.6328,Cloudy,0.25
436,3,Verstappen (Red Bull),42.72525,128.35805,Cloudy,0.25
436,4,Verstappen (Red Bull),42.43027,170.78833,Cloudy,0.25
436,5,Verstappen (Red Bull),42.09031,212.87863,Cloudy,0.25
436,1,Norris (McLaren),42.34862,42.34862,Cloudy,0.25
436,2,Norris (McLaren),42.68292,85.03153,Cloudy,0.25
436,3,Norris (McLaren),42.86691,127.89844,Cloudy,0.25
436,4,Norris (McLaren),41.9351,169.83355,Cloudy,0.25
436,5,Norris (McLaren),43.91836,213.7519,Cloudy,0.25
436,1,Leclerc (Ferrari),41.47223,41.47223,Cloudy,0.25
436,2,Leclerc (Ferrari),41.96026,83.43249,Cloudy,0.25
436,3,Leclerc (Ferrari),41.70081,125.1333,Cloudy,0.25
436,4,Leclerc (Ferrari),41.73474,166.86804,Cloudy,0.25
436,5,Leclerc (Ferrari),41.58022,208.44826,Cloudy,0.25
437,1,Hamilton (Mercedes),42.24994,42.24994,Cloudy,0.25
437,2,Hamilton (Mercedes),42.81796,85.0679,Cloudy,0.25
437,3,Hamilton (Mercedes),43.69701,128.76491,Cloudy,0.25
437,4,Hamilton (Mercedes),42.40064,171.16554,Cloudy,0.25
437,5,Hamilton (Mercedes),42.92842,214.09397,Cloudy,0.25
437,1,Verstappen (Red Bull),41.90819,41.90819,Cloudy,0.25
437,2,Verstappen (Red Bull),43.88955,85.79775,Cloudy,0.25
437,3,Verstappen (Red Bull),42.8181,128.61585,Cloudy,0.25
437,4,Verstappen (Red Bull),42.62474,171.24059,Cloudy,0.25
437,5,Verstappen (Red Bull),42.48618,213.72677,Cloudy,0.25
437,1,Norris (McLaren),42.84421,42.84421,Cloudy,0.25
437,2,Norris (McLaren),43.28252,86.12674,Cloudy,0.25
437,3,Norris (McLaren),42.73332,128.86005,Cloudy,0.25
437,4,Norris (McLaren),44.23683,173.09689,Cloudy,0.25
437,5,Norris (McLaren),43.90649,217.00338,Cloudy,0.25
437,1,Leclerc (Ferrari),42.04516,42.04516,Cloudy,0.25
437,2,Leclerc (Ferrari),41.81123,83.8564,Cloudy,0.25
437,3,Leclerc (Ferrari),42.67434,126.53073,Cloudy,0.25
437,4,Leclerc (Ferrari),43.04923,169.57996,Cloudy,0.25
437,5,Leclerc (Ferrari),42.01426,211.59422,Cloudy,0.25
438,1,Hamilton (Mercedes),42.8413,42.8413,Cloudy,0.25
438,2,Hamilton (Mercedes),42.16423,85.00553,Cloudy,0.25
438,3,Hamilton (Mercedes),43.27101,128.27655,Cloudy,0.25
438,4,Hamilton (Mercedes),43.58162,171.85817,Cloudy,0.25
438,5,Hamilton (Mercedes),42.88841,214.74658,Cloudy,0.25
438,1,Verstappen (Red Bull),42.50192,42.50192,Cloudy,0.25
438,2,Verstappen (Red Bull),43.62697,86.12888,Cloudy,0.25
438,3,Verstappen (Red Bull),42.67226,128.80114,Cloudy,0.25
438,4,Verstappen (Red Bull),42.27325,171.07439,Cloudy,0.25
438,5,Verstappen (Red Bull),41.17527,212.24966,Cloudy,0.25
438,1,Norris (McLaren),42.67124,42.67124,Cloudy,0.25
438,2,Norris (McLaren),44.35406,87.0253,Cloudy,0.25
438,3,Norris (McLaren),43.34371,130.36901,Cloudy,0.25
438,4,Norris (McLaren),44.02733,174.39634,Cloudy,0.25
438,5,Norris (McLaren),43.56594,217.96228,Cloudy,0.25
438,1,Leclerc (Ferrari),42.09892,42.09892,Cloudy,0.25
438,2,Leclerc (Ferrari),42.00621,84.10513,Cloudy,0.25
438,3,Leclerc (Ferrari),41.58701,125.69214,Cloudy,0.25
438,4,Leclerc (Ferrari),42.06686,167.759,Cloudy,0.25
438,5,Leclerc (Ferrari),41.57738,209.33638,Cloudy,0.25
439,1,Hamilton (Mercedes),42.85573,42.85573,Cloudy,0.25
439,2,Hamilton (Mercedes),42.872,85.72774,Cloudy,0.25
439,3,Hamilton (Mercedes),42.27929,128.00703,Cloudy,0.25
439,4,Hamilton (Mercedes),42.82259,170.82962,Cloudy,0.25
439,5,Hamilton (Mercedes),43.42342,214.25303,Cloudy,0.25
439,1,Verstappen (Red Bull),41.67021,41.67021,Cloudy,0.25
439,2,Verstappen (Red Bull),43.12785,84.79806,Cloudy,0.25
439,3,Verstappen (Red Bull),42.12143,126.91949,Cloudy,0.25
439,4,Verstappen (Red Bull),41.40032,168.3198,Cloudy,0.25
439,5,Verstappen (Red Bull),42.54829,210.86809,Cloudy,0.25
439,1,Norris (McLaren),42.37122,42.37122,Cloudy,0.25
439,2,Norris (McLaren),42.26551,84.63673,Cloudy,0.25
439,3,Norris (McLaren),43.30295,127.93969,Cloudy,0.25
439,4,Norris (McLaren),42.97138,170.91106,Cloudy,0.25
439,5,Norris (McLaren),43.12733,214.03839,Cloudy,0.25
439,1,Leclerc (Ferrari),42.00377,42.00377,Cloudy,0.25
439,2,Leclerc (Ferrari),43.04216,85.04593,Cloudy,0.25
439,3,Leclerc (Ferrari),43.09511,128.14104,Cloudy,0.25
439,4,Leclerc (Ferrari),41.75427,169.8953,Cloudy,0.25
439,5,Leclerc (Ferrari),42.63616,212.53146,Cloudy,0.25
440,1,Hamilton (Mercedes),43.00094,43.00094,Cloudy,0.25
440,2,Hamilton (Mercedes),42.5049,85.50584,Cloudy,0.25
440,3,Hamilton (Mercedes),43.01731,128.52315,Cloudy,0.25
440,4,Hamilton (Mercedes),42.49956,171.02271,Cloudy,0.25
440,5,Hamilton (Mercedes),42.11291,213.13562,Cloudy,0.25
440,1,Verstappen (Red Bull),42.40561,42.40561,Cloudy,0.25
440,2,Verstappen (Red Bull),41.41573,83.82133,Cloudy,0.25
440,3,Verstappen (Red Bull),42.02139,125.84272,Cloudy,0.25
440,4,Verstappen (Red Bull),42.64372,168.48644,Cloudy,0.25
440,5,Verstappen (Red Bull),43.01919,211.50563,Cloudy,0.25
440,1,Norris (McLaren),42.54451,42.54451,Cloudy,0.25
440,2,Norris (McLaren),43.95481,86.49932,Cloudy,0.25
440,3,Norris (McLaren),41.81883,128.31815,Cloudy,0.25
440,4,Norris (McLaren),42.9587,171.27685,Cloudy,0.25
440,5,Norris (McLaren),43.4173,214.69415,Cloudy,0.25
440,1,Leclerc (Ferrari),42.42489,42.42489,Cloudy,0.25
440,2,Leclerc (Ferrari),42.14864,84.57353,Cloudy,0.25
440,3,Leclerc (Ferrari),42.56101,127.13454,Cloudy,0.25
440,4,Leclerc (Ferrari),41.89803,169.03257,Cloudy,0.25
440,5,Leclerc (Ferrari),40.8674,209.89997,Cloudy,0.25
441,1,Hamilton (Mercedes),43.9012,43.9012,Cloudy,0.25
441,2,Hamilton (Mercedes),43.37856,87.27976,Cloudy,0.25
441,3,Hamilton (Mercedes),43.99251,131.27227,Cloudy,0.25
441,4,Hamilton (Mercedes),44.24296,175.51522,Cloudy,0.25
441,5,Hamilton (Mercedes),43.14536,218.66059,Cloudy,0.25
441,1,Verstappen (Red Bull),42.26759,42.26759,Cloudy,0.25
441,2,Verstappen (Red Bull),42.67194,84.93953,Cloudy,0.25
441,3,Verstappen (Red Bull),42.88897,127.8285,Cloudy,0.25
441,4,Verstappen (Red Bull),42.02265,169.85115,Cloudy,0.25
441,5,Verstappen (Red Bull),42.74143,212.59259,Cloudy,0.25
441,1,Norris (McLaren),42.41469,42.41469,Cloudy,0.25
441,2,Norris (McLaren),42.80254,85.21723,Cloudy,0.25
441,3,Norris (McLaren),43.99329,129.21052,Cloudy,0.25
441,4,Norris (McLaren),43.37968,172.5902,Cloudy,0.25
441,5,Norris (McLaren),43.01848,215.60868,Cloudy,0.25
441,1,Leclerc (Ferrari),42.83725,42.83725,Cloudy,0.25
441,2,Leclerc (Ferrari),42.05564,84.89288,Cloudy,0.25
441,3,Leclerc (Ferrari),41.20643,126.09931,Cloudy,0.25
441,4,Leclerc (Ferrari),41.96935,168.06866,Cloudy,0.25
441,5,Leclerc (Ferrari),42.15431,210.22297,Cloudy,0.25
442,1,Hamilton (Mercedes),42.79394,42.79394,Cloudy,0.25
442,2,Hamilton (Mercedes),42.61563,85.40957,Cloudy,0.25
442,3,Hamilton (Mercedes),42.68452,128.09409,Cloudy,0.25
442,4,Hamilton (Mercedes),42.29537,170.38946,Cloudy,0.25
442,5,Hamilton (Mercedes),41.79324,212.1827,Cloudy,0.25
442,1,Verstappen (Red Bull),41.70477,41.70477,Cloudy,0.25
442,2,Verstappen (Red Bull),42.64332,84.34808,Cloudy,0.25
442,3,Verstappen (Red Bull),42.39392,126.742,Cloudy,0.25
442,4,Verstappen (Red Bull),42.33412,169.07611,Cloudy,0.25
442,5,Verstappen (Red Bull),42.24255,211.31867,Cloudy,0.25
442,1,Norris (McLaren),42.47914,42.47914,Cloudy,0.25
442,2,Norris (McLaren),43.63135,86.11048,Cloudy,0.25
442,3,Norris (McLaren),43.37294,129.48343,Cloudy,0.25
442,4,Norris (McLaren),42.54145,172.02487,Cloudy,0.25
442,5,Norris (McLaren),42.86513,214.89001,Cloudy,0.25
442,1,Leclerc (Ferrari),41.99604,41.99604,Cloudy,0.25
442,2,Leclerc (Ferrari),42.08334,84.07937,Cloudy,0.25
442,3,Leclerc (Ferrari),42.27084,126.35021,Cloudy,0.25
442,4,Leclerc (Ferrari),41.71064,168.06086,Cloudy,0.25
442,5,Leclerc (Ferrari),42.06811,210.12897,Cloudy,0.25
443,1,Hamilton (Mercedes),43.25858,43.25858,Cloudy,0.25
443,2,Hamilton (Mercedes),42.89269,86.15127,Cloudy,0.25
443,3,Hamilton (Mercedes),42.21657,128.36784,Cloudy,0.25
443,4,Hamilton (Mercedes),42.37893,170.74677,Cloudy,0.25
443,5,Hamilton (Mercedes),42.64747,213.39425,Cloudy,0.25
443,1,Verstappen (Red Bull),42.71244,42.71244,Cloudy,0.25
443,2,Verstappen (Red Bull),42.54003,85.25247,Cloudy,0.25
443,3,Verstappen (Red Bull),42.24939,127.50186,Cloudy,0.25
443,4,Verstappen (Red Bull),42.80397,170.30583,Cloudy,0.25
443,5,Verstappen (Red Bull),42.06985,212.37568,Cloudy,0.25
443,1,Norris (McLaren),43.21623,43.21623,Cloudy,0.25
443,2,Norris (McLaren),42.26846,85.4847,Cloudy,0.25
443,3,Norris (McLaren),43.69655,129.18125,Cloudy,0.25
443,4,Norris (McLaren),43.67477,172.85601,Cloudy,0.25
443,5,Norris (McLaren),43.25666,216.11267,Cloudy,0.25
443,1,Leclerc (Ferrari),43.01649,43.01649,Cloudy,0.25
443,2,Leclerc (Ferrari),42.55522,85.57171,Cloudy,0.25
443,3,Leclerc (Ferrari),42.67999,128.2517,Cloudy,0.25
443,4,Leclerc (Ferrari),41.80588,170.05758,Cloudy,0.25
443,5,Leclerc (Ferrari),42.84311,212.90069,Cloudy,0.25
444,1,Hamilton (Mercedes),43.04363,43.04363,Cloudy,0.25
444,2,Hamilton (Mercedes),43.12653,86.17016,Cloudy,0.25
444,3,Hamilton (Mercedes),42.77065,128.94081,Cloudy,0.25
444,4,Hamilton (Mercedes),43.2496,172.19041,Cloudy,0.25
444,5,Hamilton (Mercedes),43.25896,215.44938,Cloudy,0.25
444,1,Verstappen (Red Bull),43.34545,43.34545,Cloudy,0.25
444,2,Verstappen (Red Bull),42.13519,85.48063,Cloudy,0.25
444,3,Verstappen (Red Bull),42.57501,128.05565,Cloudy,0.25
444,4,Verstappen (Red Bull),43.46631,171.52196,Cloudy,0.25
444,5,Verstappen (Red Bull),42.21348,213.73543,Cloudy,0.25
444,1,Norris (McLaren),41.62366,41.62366,Cloudy,0.25
444,2,Norris (McLaren),44.24118,85.86484,Cloudy,0.25
444,3,Norris (McLaren),43.07832,128.94317,Cloudy,0.25
444,4,Norris (McLaren),42.71038,171.65354,Cloudy,0.25
444,5,Norris (McLaren),43.06584,214.71938,Cloudy,0.25
444,1,Leclerc (Ferrari),42.32852,42.32852,Cloudy,0.25
444,2,Leclerc (Ferrari),43.63976,85.96828,Cloudy,0.25
444,3,Leclerc (Ferrari),43.22055,129.18883,Cloudy,0.25
444,4,Leclerc (Ferrari),43.16786,172.3567,Cloudy,0.25
444,5,Leclerc (Ferrari),41.78983,214.14653,Cloudy,0.25
445,1,Hamilton (Mercedes),43.21296,43.21296,Cloudy,0.25
445,2,Hamilton (Mercedes),42.61604,85.829,Cloudy,0.25
445,3,Hamilton (Mercedes),42.90842,128.73742,Cloudy,0.25
445,4,Hamilton (Mercedes),43.33534,172.07276,Cloudy,0.25
445,5,Hamilton (Mercedes),43.15817,215.23093,Cloudy,0.25
445,1,Verstappen (Red Bull),42.78143,42.78143,Cloudy,0.25
445,2,Verstappen (Red Bull),43.25282,86.03425,Cloudy,0.25
445,3,Verstappen (Red Bull),42.29131,128.32556,Cloudy,0.25
445,4,Verstappen (Red Bull),42.33964,170.6652,Cloudy,0.25
445,5,Verstappen (Red Bull),42.6159,213.28109,Cloudy,0.25
445,1,Norris (McLaren),42.2508,42.2508,Cloudy,0.25
445,2,Norris (McLaren),43.48823,85.73903,Cloudy,0.25
445,3,Norris (McLaren),42.45877,128.19781,Cloudy,0.25
445,4,Norris (McLaren),43.05957,171.25737,Cloudy,0.25
445,5,Norris (McLaren),43.16398,214.42135,Cloudy,0.25
445,1,Leclerc (Ferrari),42.05913,42.05913,Cloudy,0.25
445,2,Leclerc (Ferrari),42.25541,84.31455,Cloudy,0.25
445,3,Leclerc (Ferrari),41.14701,125.46156,Cloudy,0.25
445,4,Leclerc (Ferrari),42.62518,168.08674,Cloudy,0.25
445,5,Leclerc (Ferrari),42.10024,210.18698,Cloudy,0.25
446,1,Hamilton (Mercedes),42.89903,42.89903,Cloudy,0.25
446,2,Hamilton (Mercedes),43.80657,86.7056,Cloudy,0.25
446,3,Hamilton (Mercedes),43.24025,129.94585,Cloudy,0.25
446,4,Hamilton (Mercedes),43.7144,173.66025,Cloudy,0.25
446,5,Hamilton (Mercedes),42.14348,215.80373,Cloudy,0.25
446,1,Verstappen (Red Bull),42.9975,42.9975,Cloudy,0.25
446,2,Verstappen (Red Bull),43.3076,86.3051,Cloudy,0.25
446,3,Verstappen (Red Bull),43.1795,129.4846,Cloudy,0.25
446,4,Verstappen (Red Bull),42.40087,171.88547,Cloudy,0.25
446,5,Verstappen (Red Bull),42.67412,214.5596,Cloudy,0.25
446,1,Norris (McLaren),43.64448,43.64448,Cloudy,0.25
446,2,Norris (McLaren),43.90231,87.54679,Cloudy,0.25
446,3,Norris (McLaren),43.40591,130.9527,Cloudy,0.25
446,4,Norris (McLaren),43.21391,174.16661,Cloudy,0.25
446,5,Norris (McLaren),42.78822,216.95483,Cloudy,0.25
446,1,Leclerc (Ferrari),41.92739,41.92739,Cloudy,0.25
446,2,Leclerc (Ferrari),42.27676,84.20415,Cloudy,0.25
446,3,Leclerc (Ferrari),41.7839,125.98805,Cloudy,0.25
446,4,Leclerc (Ferrari),41.65478,167.64283,Cloudy,0.25
446,5,Leclerc (Ferrari),42.24524,209.88807,Cloudy,0.25
447,1,Hamilton (Mercedes),42.61077,42.61077,Cloudy,0.25
447,2,Hamilton (Mercedes),42.43479,85.04556,Cloudy,0.25
447,3,Hamilton (Mercedes),43.79991,128.84547,Cloudy,0.25
447,4,Hamilton (Mercedes),42.31976,171.16523,Cloudy,0.25
447,5,Hamilton (Mercedes),42.41833,213.58356,Cloudy,0.25
447,1,Verstappen (Red Bull),42.42829,42.42829,Cloudy,0.25
447,2,Verstappen (Red Bull),42.86902,85.29731,Cloudy,0.25
447,3,Verstappen (Red Bull),42.63818,127.93549,Cloudy,0.25
447,4,Verstappen (Red Bull),41.86633,169.80181,Cloudy,0.25
447,5,Verstappen (Red Bull),42.7565,212.55831,Cloudy,0.25
447,1,Norris (McLaren),42.18688,42.18688,Cloudy,0.25
447,2,Norris (McLaren),43.32786,85.51474,Cloudy,0.25
447,3,Norris (McLaren),43.06574,128.58047,Cloudy,0.25
447,4,Norris (McLaren),44.67723,173.2577,Cloudy,0.25
447,5,Norris (McLaren),42.56544,215.82314,Cloudy,0.25
447,1,Leclerc (Ferrari),41.24346,41.24346,Cloudy,0.25
447,2,Leclerc (Ferrari),42.33434,83.5778,Cloudy,0.25
447,3,Leclerc (Ferrari),41.72673,125.30453,Cloudy,0.25
447,4,Leclerc (Ferrari),42.5926,167.89714,Cloudy,0.25
447,5,Leclerc (Ferrari),42.15357,210.05071,Cloudy,0.25
448,1,Hamilton (Mercedes),43.03729,43.03729,Cloudy,0.25
448,2,Hamilton (Mercedes),42.92044,85.95773,Cloudy,0.25
448,3,Hamilton (Mercedes),42.42521,128.38294,Cloudy,0.25
448,4,Hamilton (Mercedes),42.7676,171.15055,Cloudy,0.25
448,5,Hamilton (Mercedes),42.69198,213.84252,Cloudy,0.25
448,1,Verstappen (Red Bull),42.84867,42.84867,Cloudy,0.25
448,2,Verstappen (Red Bull),42.60542,85.45409,Cloudy,0.25
448,3,Verstappen (Red Bull),42.79538,128.24947,Cloudy,0.25
448,4,Verstappen (Red Bull),42.49431,170.74378,Cloudy,0.25
448,5,Verstappen (Red Bull),42.62088,213.36465,Cloudy,0.25
448,1,Norris (McLaren),43.08144,43.08144,Cloudy,0.25
448,2,Norris (McLaren),43.539,86.62044,Cloudy,0.25
448,3,Norris (McLaren),42.4777,129.09814,Cloudy,0.25
448,4,Norris (McLaren),43.5938,172.69194,Cloudy,0.25
448,5,Norris (McLaren),42.6963,215.38824,Cloudy,0.25
448,1,Leclerc (Ferrari),42.09524,42.09524,Cloudy,0.25
448,2,Leclerc (Ferrari),42.22874,84.32399,Cloudy,0.25
448,3,Leclerc (Ferrari),42.60141,126.9254,Cloudy,0.25
448,4,Leclerc (Ferrari),42.08117,169.00657,Cloudy,0.25
448,5,Leclerc (Ferrari),42.01698,211.02355,Cloudy,0.25
449,1,Hamilton (Mercedes),43.75876,43.75876,Cloudy,0.25
449,2,Hamilton (Mercedes),43.29359,87.05235,Cloudy,0.25
449,3,Hamilton (Mercedes),42.20893,129.26128,Cloudy,0.25
449,4,Hamilton (Mercedes),42.49984,171.76112,Cloudy,0.25
449,5,Hamilton (Mercedes),43.00939,214.77051,Cloudy,0.25
449,1,Verstappen (Red Bull),43.34871,43.34871,Cloudy,0.25
449,2,Verstappen (Red Bull),42.39841,85.74711,Cloudy,0.25
449,3,Verstappen (Red Bull),43.72608,129.47319,Cloudy,0.25
449,4,Verstappen (Red Bull),41.87752,171.35071,Cloudy,0.25
449,5,Verstappen (Red Bull),42.09115,213.44186,Cloudy,0.25
449,1,Norris (McLaren),43.41063,43.41063,Cloudy,0.25
449,2,Norris (McLaren),42.14945,85.56008,Cloudy,0.25
449,3,Norris (McLaren),42.43044,127.99052,Cloudy,0.25
449,4,Norris (McLaren),42.27458,170.26509,Cloudy,0.25
449,5,Norris (McLaren),43.0857,213.35079,Cloudy,0.25
449,1,Leclerc (Ferrari),42.5818,42.5818,Cloudy,0.25
449,2,Leclerc (Ferrari),42.05221,84.63401,Cloudy,0.25
449,3,Leclerc (Ferrari),42.5736,127.2076,Cloudy,0.25
449,4,Leclerc (Ferrari),43.19011,170.39772,Cloudy,0.25
449,5,Leclerc (Ferrari),41.2379,211.63562,Cloudy,0.25
450,1,Hamilton (Mercedes),42.39627,42.39627,Cloudy,0.25
450,2,Hamilton (Mercedes),42.83986,85.23613,Cloudy,0.25
450,3,Hamilton (Mercedes),43.23066,128.46679,Cloudy,0.25
450,4,Hamilton (Mercedes),42.55626,171.02305,Cloudy,0.25
450,5,Hamilton (Mercedes),43.99444,215.01748,Cloudy,0.25
450,1,Verstappen (Red Bull),42.89114,42.89114,Cloudy,0.25
450,2,Verstappen (Red Bull),42.29281,85.18395,Cloudy,0.25
450,3,Verstappen (Red Bull),42.39901,127.58296,Cloudy,0.25
450,4,Verstappen (Red Bull),42.42935,170.01231,Cloudy,0.25
450,5,Verstappen (Red Bull),41.91119,211.92349,Cloudy,0.25
450,1,Norris (McLaren),42.43834,42.43834,Cloudy,0.25
450,2,Norris (McLaren),42.8969,85.33523,Cloudy,0.25
450,3,Norris (McLaren),41.94893,127.28416,Cloudy,0.25
450,4,Norris (McLaren),41.66609,168.95026,Cloudy,0.25
450,5,Norris (McLaren),42.36738,211.31764,Cloudy,0.25
450,1,Leclerc (Ferrari),42.27244,42.27244,Cloudy,0.25
450,2,Leclerc (Ferrari),42.29302,84.56546,Cloudy,0.25
450,3,Leclerc (Ferrari),42.9621,127.52756,Cloudy,0.25
450,4,Leclerc (Ferrari),41.23798,168.76553,Cloudy,0.25
450,5,Leclerc (Ferrari),41.65987,210.4254,Cloudy,0.25
451,1,Hamilton (Mercedes),42.39278,42.39278,Cloudy,0.25
451,2,Hamilton (Mercedes),42.67688,85.06966,Cloudy,0.25
451,3,Hamilton (Mercedes),43.18909,128.25875,Cloudy,0.25
451,4,Hamilton (Mercedes),43.17888,171.43763,Cloudy,0.25
451,5,Hamilton (Mercedes),42.78909,214.22671,Cloudy,0.25
451,1,Verstappen (Red Bull),42.29579,42.29579,Cloudy,0.25
451,2,Verstappen (Red Bull),43.24334,85.53913,Cloudy,0.25
451,3,Verstappen (Red Bull),41.67305,127.21218,Cloudy,0.25
451,4,Verstappen (Red Bull),42.76402,169.97619,Cloudy,0.25
451,5,Verstappen (Red Bull),42.60479,212.58098,Cloudy,0.25
451,1,Norris (McLaren),42.22693,42.22693,Cloudy,0.25
451,2,Norris (McLaren),43.82139,86.04832,Cloudy,0.25
451,3,Norris (McLaren),42.60776,128.65608,Cloudy,0.25
451,4,Norris (McLaren),43.19413,171.85021,Cloudy,0.25
451,5,Norris (McLaren),43.26161,215.11183,Cloudy,0.25
451,1,Leclerc (Ferrari),42.56259,42.56259,Cloudy,0.25
451,2,Leclerc (Ferrari),42.79328,85.35587,Cloudy,0.25
451,3,Leclerc (Ferrari),42.5947,127.95057,Cloudy,0.25
451,4,Leclerc (Ferrari),42.73842,170.68899,Cloudy,0.25
451,5,Leclerc (Ferrari),42.47995,213.16895,Cloudy,0.25
452,1,Hamilton (Mercedes),41.89426,41.89426,Cloudy,0.25
452,2,Hamilton (Mercedes),43.12113,85.01539,Cloudy,0.25
452,3,Hamilton (Mercedes),43.51549,128.53089,Cloudy,0.25
452,4,Hamilton (Mercedes),42.98569,171.51658,Cloudy,0.25
452,5,Hamilton (Mercedes),42.48315,213.99973,Cloudy,0.25
452,1,Verstappen (Red Bull),42.66944,42.66944,Cloudy,0.25
452,2,Verstappen (Red Bull),42.69076,85.3602,Cloudy,0.25
452,3,Verstappen (Red Bull),42.21202,127.57221,Cloudy,0.25
452,4,Verstappen (Red Bull),42.36001,169.93222,Cloudy,0.25
452,5,Verstappen (Red Bull),43.15802,213.09025,Cloudy,0.25
452,1,Norris (McLaren),42.47993,42.47993,Cloudy,0.25
452,2,Norris (McLaren),43.45225,85.93218,Cloudy,0.25
452,3,Norris (McLaren),41.93039,127.86257,Cloudy,0.25
452,4,Norris (McLaren),42.35568,170.21826,Cloudy,0.25
452,5,Norris (McLaren),44.44474,214.663,Cloudy,0.25
452,1,Leclerc (Ferrari),43.41185,43.41185,Cloudy,0.25
452,2,Leclerc (Ferrari),41.93856,85.35041,Cloudy,0.25
452,3,Leclerc (Ferrari),42.11393,127.46433,Cloudy,0.25
452,4,Leclerc (Ferrari),42.60497,170.0693,Cloudy,0.25
452,5,Leclerc (Ferrari),42.75456,212.82386,Cloudy,0.25
453,1,Hamilton (Mercedes),43.10203,43.10203,Cloudy,0.25
453,2,Hamilton (Mercedes),43.17964,86.28166,Cloudy,0.25
453,3,Hamilton (Mercedes),42.80444,129.0861,Cloudy,0.25
453,4,Hamilton (Mercedes),43.49803,172.58413,Cloudy,0.25
453,5,Hamilton (Mercedes),42.69991,215.28404,Cloudy,0.25
453,1,Verstappen (Red Bull),42.62046,42.62046,Cloudy,0.25
453,2,Verstappen (Red Bull),42.30077,84.92123,Cloudy,0.25
453,3,Verstappen (Red Bull),42.94111,127.86234,Cloudy,0.25
453,4,Verstappen (Red Bull),42.63139,170.49372,Cloudy,0.25
453,5,Verstappen (Red Bull),42.81559,213.30931,Cloudy,0.25
453,1,Norris (McLaren),43.15259,43.15259,Cloudy,0.25
453,2,Norris (McLaren),42.72359,85.87618,Cloudy,0.25
453,3,Norris (McLaren),43.49724,129.37341,Cloudy,0.25
453,4,Norris (McLaren),43.89584,173.26926,Cloudy,0.25
453,5,Norris (McLaren),42.70202,215.97128,Cloudy,0.25
453,1,Leclerc (Ferrari),42.28259,42.28259,Cloudy,0.25
453,2,Leclerc (Ferrari),42.12077,84.40336,Cloudy,0.25
453,3,Leclerc (Ferrari),42.57843,126.98179,Cloudy,0.25
453,4,Leclerc (Ferrari),42.4286,169.41039,Cloudy,0.25
453,5,Leclerc (Ferrari),41.50918,210.91957,Cloudy,0.25
454,1,Hamilton (Mercedes),42.33012,42.33012,Cloudy,0.25
454,2,Hamilton (Mercedes),42.93623,85.26635,Cloudy,0.25
454,3,Hamilton (Mercedes),43.47303,128.73937,Cloudy,0.25
454,4,Hamilton (Mercedes),42.21008,170.94945,Cloudy,0.25
454,5,Hamilton (Mercedes),43.48326,214.43271,Cloudy,0.25
454,1,Verstappen (Red Bull),42.8651,42.8651,Cloudy,0.25
454,2,Verstappen (Red Bull),42.54477,85.40987,Cloudy,0.25
454,3,Verstappen (Red Bull),42.07019,127.48006,Cloudy,0.25
454,4,Verstappen (Red Bull),42.40841,169.88847,Cloudy,0.25
454,5,Verstappen (Red Bull),43.00697,212.89543,Cloudy,0.25
454,1,Norris (McLaren),43.05028,43.05028,Cloudy,0.25
454,2,Norris (McLaren),42.17194,85.22222,Cloudy,0.25
454,3,Norris (McLaren),42.73489,127.95711,Cloudy,0.25
454,4,Norris (McLaren),42.72317,170.68028,Cloudy,0.25
454,5,Norris (McLaren),43.60823,214.28851,Cloudy,0.25
454,1,Leclerc (Ferrari),41.92544,41.92544,Cloudy,0.25
454,2,Leclerc (Ferrari),43.93154,85.85698,Cloudy,0.25
454,3,Leclerc (Ferrari),41.84057,127.69755,Cloudy,0.25
454,4,Leclerc (Ferrari),42.5633,170.26084,Cloudy,0.25
454,5,Leclerc (Ferrari),42.37574,212.63659,Cloudy,0.25
455,1,Hamilton (Mercedes),43.46405,43.46405,Cloudy,0.25
455,2,Hamilton (Mercedes),43.21566,86.67971,Cloudy,0.25
455,3,Hamilton (Mercedes),42.89916,129.57887,Cloudy,0.25
455,4,Hamilton (Mercedes),43.12991,172.70878,Cloudy,0.25
455,5,Hamilton (Mercedes),43.24675,215.95553,Cloudy,0.25
455,1,Verstappen (Red Bull),42.77349,42.77349,Cloudy,0.25
455,2,Verstappen (Red Bull),42.37774,85.15122,Cloudy,0.25
455,3,Verstappen (Red Bull),42.30079,127.45201,Cloudy,0.25
455,4,Verstappen (Red Bull),42.45167,169.90368,Cloudy,0.25
455,5,Verstappen (Red Bull),42.4365,212.34018,Cloudy,0.25
455,1,Norris (McLaren),43.3293,43.3293,Cloudy,0.25
455,2,Norris (McLaren),44.02451,87.35382,Cloudy,0.25
455,3,Norris (McLaren),43.3481,130.70191,Cloudy,0.25
455,4,Norris (McLaren),41.80084,172.50276,Cloudy,0.25
455,5,Norris (McLaren),42.52478,215.02754,Cloudy,0.25
455,1,Leclerc (Ferrari),43.6257,43.6257,Cloudy,0.25
455,2,Leclerc (Ferrari),43.42836,87.05406,Cloudy,0.25
455,3,Leclerc (Ferrari),42.69589,129.74995,Cloudy,0.25
455,4,Leclerc (Ferrari),43.70164,173.45159,Cloudy,0.25
455,5,Leclerc (Ferrari),42.05584,215.50743,Cloudy,0.25
456,1,Hamilton (Mercedes),43.29309,43.29309,Cloudy,0.25
456,2,Hamilton (Mercedes),43.0799,86.37299,Cloudy,0.25
456,3,Hamilton (Mercedes),42.81668,129.18966,Cloudy,0.25
456,4,Hamilton (Mercedes),43.6131,172.80276,Cloudy,0.25
456,5,Hamilton (Mercedes),43.06258,215.86534,Cloudy,0.25
456,1,Verstappen (Red Bull),42.12508,42.12508,Cloudy,0.25
456,2,Verstappen (Red Bull),42.66667,84.79176,Cloudy,0.25
456,3,Verstappen (Red Bull),42.11563,126.90739,Cloudy,0.25
456,4,Verstappen (Red Bull),42.771,169.67839,Cloudy,0.25
456,5,Verstappen (Red Bull),42.43739,212.11578,Cloudy,0.25
456,1,Norris (McLaren),43.1439,43.1439,Cloudy,0.25
456,2,Norris (McLaren),42.60688,85.75078,Cloudy,0.25
456,3,Norris (McLaren),41.57873,127.32951,Cloudy,0.25
456,4,Norris (McLaren),42.47693,169.80644,Cloudy,0.25
456,5,Norris (McLaren),43.13286,212.9393,Cloudy,0.25
456,1,Leclerc (Ferrari),42.13446,42.13446,Cloudy,0.25
456,2,Leclerc (Ferrari),42.53864,84.67311,Cloudy,0.25
456,3,Leclerc (Ferrari),41.66275,126.33586,Cloudy,0.25
456,4,Leclerc (Ferrari),44.08575,170.4216,Cloudy,0.25
456,5,Leclerc (Ferrari),41.79541,212.21701,Cloudy,0.25
457,1,Hamilton (Mercedes),43.23589,43.23589,Cloudy,0.25
457,2,Hamilton (Mercedes),42.5746,85.81049,Cloudy,0.25
457,3,Hamilton (Mercedes),43.69453,129.50502,Cloudy,0.25
457,4,Hamilton (Mercedes),42.52003,172.02505,Cloudy,0.25
457,5,Hamilton (Mercedes),42.89241,214.91746,Cloudy,0.25
457,1,Verstappen (Red Bull),43.04653,43.04653,Cloudy,0.25
457,2,Verstappen (Red Bull),42.2524,85.29893,Cloudy,0.25
457,3,Verstappen (Red Bull),42.92003,128.21896,Cloudy,0.25
457,4,Verstappen (Red Bull),42.57774,170.79669,Cloudy,0.25
457,5,Verstappen (Red Bull),42.5051,213.3018,Cloudy,0.25
457,1,Norris (McLaren),43.05491,43.05491,Cloudy,0.25
457,2,Norris (McLaren),43.37216,86.42708,Cloudy,0.25
457,3,Norris (McLaren),42.74929,129.17636,Cloudy,0.25
457,4,Norris (McLaren),42.53874,171.7151,Cloudy,0.25
457,5,Norris (McLaren),44.35244,216.06755,Cloudy,0.25
457,1,Leclerc (Ferrari),42.55024,42.55024,Cloudy,0.25
457,2,Leclerc (Ferrari),41.89465,84.44489,Cloudy,0.25
457,3,Leclerc (Ferrari),41.11914,125.56403,Cloudy,0.25
457,4,Leclerc (Ferrari),42.01342,167.57745,Cloudy,0.25
457,5,Leclerc (Ferrari),41.62524,209.20269,Cloudy,0.25
458,1,Hamilton (Mercedes),43.33219,43.33219,Cloudy,0.25
458,2,Hamilton (Mercedes),42.4003,85.73249,Cloudy,0.25
458,3,Hamilton (Mercedes),42.04523,127.77772,Cloudy,0.25
458,4,Hamilton (Mercedes),42.68845,170.46618,Cloudy,0.25
458,5,Hamilton (Mercedes),43.19915,213.66532,Cloudy,0.25
458,1,Verstappen (Red Bull),42.81849,42.81849,Cloudy,0.25
458,2,Verstappen (Red Bull),43.15702,85.97551,Cloudy,0.25
458,3,Verstappen (Red Bull),41.66539,127.6409,Cloudy,0.25
458,4,Verstappen (Red Bull),43.48865,171.12954,Cloudy,0.25
458,5,Verstappen (Red Bull),42.11474,213.24429,Cloudy,0.25
458,1,Norris (McLaren),42.86472,42.86472,Cloudy,0.25
458,2,Norris (McLaren),43.48892,86.35364,Cloudy,0.25
458,3,Norris (McLaren),41.70545,128.05909,Cloudy,0.25
458,4,Norris (McLaren),41.84363,169.90272,Cloudy,0.25
458,5,Norris (McLaren),42.47176,212.37448,Cloudy,0.25
458,1,Leclerc (Ferrari),41.82405,41.82405,Cloudy,0.25
458,2,Leclerc (Ferrari),42.6612,84.48526,Cloudy,0.25
458,3,Leclerc (Ferrari),42.05367,126.53893,Cloudy,0.25
458,4,Leclerc (Ferrari),42.71697,169.2559,Cloudy,0.25
458,5,Leclerc (Ferrari),43.3864,212.6423,Cloudy,0.25
459,1,Hamilton (Mercedes),41.92726,41.92726,Cloudy,0.25
459,2,Hamilton (Mercedes),43.07485,85.0021,Cloudy,0.25
459,3,Hamilton (Mercedes),42.62558,127.62768,Cloudy,0.25
459,4,Hamilton (Mercedes),43.26003,170.88772,Cloudy,0.25
459,5,Hamilton (Mercedes),43.9029,214.79062,Cloudy,0.25
459,1,Verstappen (Red Bull),42.69035,42.69035,Cloudy,0.25
459,2,Verstappen (Red Bull),41.55988,84.25023,Cloudy,0.25
459,3,Verstappen (Red Bull),42.36024,126.61047,Cloudy,0.25
459,4,Verstappen (Red Bull),42.31435,168.92481,Cloudy,0.25
459,5,Verstappen (Red Bull),42.86703,211.79185,Cloudy,0.25
459,1,Norris (McLaren),41.14079,41.14079,Cloudy,0.25
459,2,Norris (McLaren),43.86237,85.00316,Cloudy,0.25
459,3,Norris (McLaren),42.88608,127.88923,Cloudy,0.25
459,4,Norris (McLaren),43.45897,171.3482,Cloudy,0.25
459,5,Norris (McLaren),43.53801,214.88621,Cloudy,0.25
459,1,Leclerc (Ferrari),41.41018,41.41018,Cloudy,0.25
459,2,Leclerc (Ferrari),42.08123,83.49141,Cloudy,0.25
459,3,Leclerc (Ferrari),42.40315,125.89456,Cloudy,0.25
459,4,Leclerc (Ferrari),42.12731,168.02187,Cloudy,0.25
459,5,Leclerc (Ferrari),42.21803,210.2399,Cloudy,0.25
460,1,Hamilton (Mercedes),43.28817,43.28817,Cloudy,0.25
460,2,Hamilton (Mercedes),43.26351,86.55169,Cloudy,0.25
460,3,Hamilton (Mercedes),42.67852,129.2302,Cloudy,0.25
460,4,Hamilton (Mercedes),41.37937,170.60958,Cloudy,0.25
460,5,Hamilton (Mercedes),42.9965,213.60608,Cloudy,0.25
460,1,Verstappen (Red Bull),42.91737,42.91737,Cloudy,0.25
460,2,Verstappen (Red Bull),42.12291,85.04028,Cloudy,0.25
460,3,Verstappen (Red Bull),41.82869,126.86897,Cloudy,0.25
460,4,Verstappen (Red Bull),42.59499,169.46397,Cloudy,0.25
460,5,Verstappen (Red Bull),42.79343,212.2574,Cloudy,0.25
460,1,Norris (McLaren),42.75751,42.75751,Cloudy,0.25
460,2,Norris (McLaren),43.86166,86.61917,Cloudy,0.25
460,3,Norris (McLaren),42.89839,129.51756,Cloudy,0.25
460,4,Norris (McLaren),42.97661,172.49417,Cloudy,0.25
460,5,Norris (McLaren),42.9065,215.40066,Cloudy,0.25
460,1,Leclerc (Ferrari),43.26017,43.26017,Cloudy,0.25
460,2,Leclerc (Ferrari),42.56116,85.82134,Cloudy,0.25
460,3,Leclerc (Ferrari),42.66901,128.49035,Cloudy,0.25
460,4,Leclerc (Ferrari),42.22745,170.7178,Cloudy,0.25
460,5,Leclerc (Ferrari),41.36463,212.08243,Cloudy,0.25
461,1,Hamilton (Mercedes),43.19558,43.19558,Cloudy,0.25
461,2,Hamilton (Mercedes),42.30388,85.49946,Cloudy,0.25
461,3,Hamilton (Mercedes),43.19622,128.69568,Cloudy,0.25
461,4,Hamilton (Mercedes),42.06193,170.75761,Cloudy,0.25
461,5,Hamilton (Mercedes),43.38722,214.14483,Cloudy,0.25
461,1,Verstappen (Red Bull),41.9034,41.9034,Cloudy,0.25
461,2,Verstappen (Red Bull),41.62892,83.53233,Cloudy,0.25
461,3,Verstappen (Red Bull),41.90855,125.44088,Cloudy,0.25
461,4,Verstappen (Red Bull),43.49164,168.93252,Cloudy,0.25
461,5,Verstappen (Red Bull),42.9336,211.86611,Cloudy,0.25
461,1,Norris (McLaren),41.74355,41.74355,Cloudy,0.25
461,2,Norris (McLaren),42.32318,84.06673,Cloudy,0.25
461,3,Norris (McLaren),43.34613,127.41287,Cloudy,0.25
461,4,Norris (McLaren),41.83749,169.25036,Cloudy,0.25
461,5,Norris (McLaren),42.8687,212.11906,Cloudy,0.25
461,1,Leclerc (Ferrari),41.40602,41.40602,Cloudy,0.25
461,2,Leclerc (Ferrari),42.17861,83.58463,Cloudy,0.25
461,3,Leclerc (Ferrari),41.31345,124.89808,Cloudy,0.25
461,4,Leclerc (Ferrari),42.75586,167.65394,Cloudy,0.25
461,5,Leclerc (Ferrari),42.75337,210.40731,Cloudy,0.25
462,1,Hamilton (Mercedes),42.67983,42.67983,Cloudy,0.25
462,2,Hamilton (Mercedes),42.57059,85.25042,Cloudy,0.25
462,3,Hamilton (Mercedes),42.69374,127.94416,Cloudy,0.25
462,4,Hamilton (Mercedes),42.58451,170.52867,Cloudy,0.25
462,5,Hamilton (Mercedes),42.62111,213.14978,Cloudy,0.25
462,1,Verstappen (Red Bull),43.32291,43.32291,Cloudy,0.25
462,2,Verstappen (Red Bull),42.76008,86.08299,Cloudy,0.25
462,3,Verstappen (Red Bull),42.05216,128.13515,Cloudy,0.25
462,4,Verstappen (Red Bull),41.85567,169.99082,Cloudy,0.25
462,5,Verstappen (Red Bull),41.51101,211.50183,Cloudy,0.25
462,1,Norris (McLaren),43.21307,43.21307,Cloudy,0.25
462,2,Norris (McLaren),43.23856,86.45162,Cloudy,0.25
462,3,Norris (McLaren),43.66258,130.11421,Cloudy,0.25
462,4,Norris (McLaren),42.80632,172.92053,Cloudy,0.25
462,5,Norris (McLaren),42.34526,215.26579,Cloudy,0.25
462,1,Leclerc (Ferrari),41.77883,41.77883,Cloudy,0.25
462,2,Leclerc (Ferrari),42.62726,84.4061,Cloudy,0.25
462,3,Leclerc (Ferrari),42.48822,126.89431,Cloudy,0.25
462,4,Leclerc (Ferrari),41.46031,168.35462,Cloudy,0.25
462,5,Leclerc (Ferrari),41.49437,209.84899,Cloudy,0.25
463,1,Hamilton (Mercedes),42.29061,42.29061,Cloudy,0.25
463,2,Hamilton (Mercedes),43.2256,85.51621,Cloudy,0.25
463,3,Hamilton (Mercedes),43.23096,128.74717,Cloudy,0.25
463,4,Hamilton (Mercedes),42.66967,171.41684,Cloudy,0.25
463,5,Hamilton (Mercedes),42.83073,214.24756,Cloudy,0.25
463,1,Verstappen (Red Bull),42.34827,42.34827,Cloudy,0.25
463,2,Verstappen (Red Bull),43.48705,85.83533,Cloudy,0.25
463,3,Verstappen (Red Bull),42.49105,128.32638,Cloudy,0.25
463,4,Verstappen (Red Bull),42.4717,170.79808,Cloudy,0.25
463,5,Verstappen (Red Bull),42.03059,212.82867,Cloudy,0.25
463,1,Norris (McLaren),42.81865,42.81865,Cloudy,0.25
463,2,Norris (McLaren),43.01593,85.83458,Cloudy,0.25
463,3,Norris (McLaren),43.72875,129.56333,Cloudy,0.25
463,4,Norris (McLaren),42.58412,172.14745,Cloudy,0.25
463,5,Norris (McLaren),42.30899,214.45644,Cloudy,0.25
463,1,Leclerc (Ferrari),42.22059,42.22059,Cloudy,0.25
463,2,Leclerc (Ferrari),42.65177,84.87235,Cloudy,0.25
463,3,Leclerc (Ferrari),42.45014,127.32249,Cloudy,0.25
463,4,Leclerc (Ferrari),41.95347,169.27596,Cloudy,0.25
463,5,Leclerc (Ferrari),41.70635,210.98231,Cloudy,0.25
464,1,Hamilton (Mercedes),42.35958,42.35958,Cloudy,0.25
464,2,Hamilton (Mercedes),43.46123,85.8208,Cloudy,0.25
464,3,Hamilton (Mercedes),42.27673,128.09753,Cloudy,0.25
464,4,Hamilton (Mercedes),42.14708,170.24461,Cloudy,0.25
464,5,Hamilton (Mercedes),42.67803,212.92264,Cloudy,0.25
464,1,Verstappen (Red Bull),42.56162,42.56162,Cloudy,0.25
464,2,Verstappen (Red Bull),43.05367,85.61529,Cloudy,0.25
464,3,Verstappen (Red Bull),42.91718,128.53247,Cloudy,0.25
464,4,Verstappen (Red Bull),42.44108,170.97354,Cloudy,0.25
464,5,Verstappen (Red Bull),42.70676,213.6803,Cloudy,0.25
464,1,Norris (McLaren),43.59921,43.59921,Cloudy,0.25
464,2,Norris (McLaren),42.64943,86.24865,Cloudy,0.25
464,3,Norris (McLaren),42.88095,129.1296,Cloudy,0.25
464,4,Norris (McLaren),44.22761,173.35721,Cloudy,0.25
464,5,Norris (McLaren),42.98865,216.34586,Cloudy,0.25
464,1,Leclerc (Ferrari),41.61133,41.61133,Cloudy,0.25
464,2,Leclerc (Ferrari),41.49459,83.10592,Cloudy,0.25
464,3,Leclerc (Ferrari),41.96524,125.07116,Cloudy,0.25
464,4,Leclerc (Ferrari),41.99446,167.06561,Cloudy,0.25
464,5,Leclerc (Ferrari),42.70579,209.7714,Cloudy,0.25
465,1,Hamilton (Mercedes),42.21495,42.21495,Cloudy,0.25
465,2,Hamilton (Mercedes),42.43732,84.65227,Cloudy,0.25
465,3,Hamilton (Mercedes),43.18708,127.83935,Cloudy,0.25
465,4,Hamilton (Mercedes),43.84142,171.68077,Cloudy,0.25
465,5,Hamilton (Mercedes),41.65853,213.3393,Cloudy,0.25
465,1,Verstappen (Red Bull),42.24878,42.24878,Cloudy,0.25
465,2,Verstappen (Red Bull),42.45046,84.69924,Cloudy,0.25
465,3,Verstappen (Red Bull),42.55693,127.25616,Cloudy,0.25
465,4,Verstappen (Red Bull),42.48439,169.74055,Cloudy,0.25
465,5,Verstappen (Red Bull),42.13594,211.87649,Cloudy,0.25
465,1,Norris (McLaren),43.16702,43.16702,Cloudy,0.25
465,2,Norris (McLaren),42.08565,85.25267,Cloudy,0.25
465,3,Norris (McLaren),42.73212,127.98479,Cloudy,0.25
465,4,Norris (McLaren),42.50172,170.48651,Cloudy,0.25
465,5,Norris (McLaren),42.18096,212.66747,Cloudy,0.25
465,1,Leclerc (Ferrari),42.03631,42.03631,Cloudy,0.25
465,2,Leclerc (Ferrari),42.39075,84.42706,Cloudy,0.25
465,3,Leclerc (Ferrari),43.00395,127.43101,Cloudy,0.25
465,4,Leclerc (Ferrari),42.37026,169.80128,Cloudy,0.25
465,5,Leclerc (Ferrari),42.19864,211.99992,Cloudy,0.25
466,1,Hamilton (Mercedes),42.92012,42.92012,Cloudy,0.25
466,2,Hamilton (Mercedes),42.33301,85.25313,Cloudy,0.25
466,3,Hamilton (Mercedes),42.62715,127.88028,Cloudy,0.25
466,4,Hamilton (Mercedes),42.88682,170.7671,Cloudy,0.25
466,5,Hamilton (Mercedes),43.49446,214.26156,Cloudy,0.25
466,1,Verstappen (Red Bull),41.95937,41.95937,Cloudy,0.25
466,2,Verstappen (Red Bull),42.97384,84.9332,Cloudy,0.25
466,3,Verstappen (Red Bull),41.71526,126.64847,Cloudy,0.25
466,4,Verstappen (Red Bull),42.02222,168.67068,Cloudy,0.25
466,5,Verstappen (Red Bull),42.43971,211.1104,Cloudy,0.25
466,1,Norris (McLaren),43.94491,43.94491,Cloudy,0.25
466,2,Norris (McLaren),43.18284,87.12774,Cloudy,0.25
466,3,Norris (McLaren),43.88148,131.00922,Cloudy,0.25
466,4,Norris (McLaren),42.80212,173.81135,Cloudy,0.25
466,5,Norris (McLaren),42.50436,216.31571,Cloudy,0.25
466,1,Leclerc (Ferrari),42.41867,42.41867,Cloudy,0.25
466,2,Leclerc (Ferrari),42.08028,84.49895,Cloudy,0.25
466,3,Leclerc (Ferrari),42.30125,126.80021,Cloudy,0.25
466,4,Leclerc (Ferrari),43.03953,169.83973,Cloudy,0.25
466,5,Leclerc (Ferrari),42.83365,212.67339,Cloudy,0.25
467,1,Hamilton (Mercedes),43.4404,43.4404,Cloudy,0.25
467,2,Hamilton (Mercedes),43.4878,86.9282,Cloudy,0.25
467,3,Hamilton (Mercedes),42.74474,129.67294,Cloudy,0.25
467,4,Hamilton (Mercedes),43.46674,173.13967,Cloudy,0.25
467,5,Hamilton (Mercedes),43.30256,216.44223,Cloudy,0.25
467,1,Verstappen (Red Bull),42.08837,42.08837,Cloudy,0.25
467,2,Verstappen (Red Bull),42.40495,84.49332,Cloudy,0.25
467,3,Verstappen (Red Bull),44.073,128.56632,Cloudy,0.25
467,4,Verstappen (Red Bull),43.78508,172.3514,Cloudy,0.25
467,5,Verstappen (Red Bull),43.11273,215.46413,Cloudy,0.25
467,1,Norris (McLaren),43.50641,43.50641,Cloudy,0.25
467,2,Norris (McLaren),42.62881,86.13522,Cloudy,0.25
467,3,Norris (McLaren),42.73054,128.86575,Cloudy,0.25
467,4,Norris (McLaren),43.36079,172.22654,Cloudy,0.25
467,5,Norris (McLaren),43.30368,215.53022,Cloudy,0.25
467,1,Leclerc (Ferrari),41.76526,41.76526,Cloudy,0.25
467,2,Leclerc (Ferrari),42.4652,84.23046,Cloudy,0.25
467,3,Leclerc (Ferrari),41.23998,125.47044,Cloudy,0.25
467,4,Leclerc (Ferrari),41.88015,167.35059,Cloudy,0.25
467,5,Leclerc (Ferrari),42.48411,209.83471,Cloudy,0.25
468,1,Hamilton (Mercedes),42.44215,42.44215,Cloudy,0.25
468,2,Hamilton (Mercedes),43.84817,86.29032,Cloudy,0.25
468,3,Hamilton (Mercedes),42.7584,129.04872,Cloudy,0.25
468,4,Hamilton (Mercedes),43.79858,172.8473,Cloudy,0.25
468,5,Hamilton (Mercedes),43.44803,216.29532,Cloudy,0.25
468,1,Verstappen (Red Bull),41.76283,41.76283,Cloudy,0.25
468,2,Verstappen (Red Bull),41.98042,83.74325,Cloudy,0.25
468,3,Verstappen (Red Bull),42.45251,126.19576,Cloudy,0.25
468,4,Verstappen (Red Bull),42.68087,168.87663,Cloudy,0.25
468,5,Verstappen (Red Bull),42.04962,210.92624,Cloudy,0.25
468,1,Norris (McLaren),43.08247,43.08247,Cloudy,0.25
468,2,Norris (McLaren),43.49481,86.57728,Cloudy,0.25
468,3,Norris (McLaren),42.86516,129.44244,Cloudy,0.25
468,4,Norris (McLaren),40.97495,170.41739,Cloudy,0.25
468,5,Norris (McLaren),43.76078,214.17817,Cloudy,0.25
468,1,Leclerc (Ferrari),41.87462,41.87462,Cloudy,0.25
468,2,Leclerc (Ferrari),42.46529,84.33991,Cloudy,0.25
468,3,Leclerc (Ferrari),41.57249,125.9124,Cloudy,0.25
468,4,Leclerc (Ferrari),42.0921,168.0045,Cloudy,0.25
468,5,Leclerc (Ferrari),42.65191,210.65641,Cloudy,0.25
469,1,Hamilton (Mercedes),42.14476,42.14476,Cloudy,0.25
469,2,Hamilton (Mercedes),43.04818,85.19294,Cloudy,0.25
469,3,Hamilton (Mercedes),42.77972,127.97266,Cloudy,0.25
469,4,Hamilton (Mercedes),43.83311,171.80578,Cloudy,0.25
469,5,Hamilton (Mercedes),42.55819,214.36396,Cloudy,0.25
469,1,Verstappen (Red Bull),42.02491,42.02491,Cloudy,0.25
469,2,Verstappen (Red Bull),43.35964,85.38455,Cloudy,0.25
469,3,Verstappen (Red Bull),43.02846,128.41301,Cloudy,0.25
469,4,Verstappen (Red Bull),43.81258,172.22559,Cloudy,0.25
469,5,Verstappen (Red Bull),42.93892,215.16451,Cloudy,0.25
469,1,Norris (McLaren),43.43255,43.43255,Cloudy,0.25
469,2,Norris (McLaren),42.61762,86.05018,Cloudy,0.25
469,3,Norris (McLaren),43.06866,129.11883,Cloudy,0.25
469,4,Norris (McLaren),43.26184,172.38068,Cloudy,0.25
469,5,Norris (McLaren),43.59087,215.97154,Cloudy,0.25
469,1,Leclerc (Ferrari),42.38673,42.38673,Cloudy,0.25
469,2,Leclerc (Ferrari),42.7949,85.18162,Cloudy,0.25
469,3,Leclerc (Ferrari),41.71022,126.89184,Cloudy,0.25
469,4,Leclerc (Ferrari),43.27261,170.16446,Cloudy,0.25
469,5,Leclerc (Ferrari),42.32997,212.49443,Cloudy,0.25
470,1,Hamilton (Mercedes),42.64558,42.64558,Cloudy,0.25
470,2,Hamilton (Mercedes),43.40984,86.05541,Cloudy,0.25
470,3,Hamilton (Mercedes),43.229,129.28441,Cloudy,0.25
470,4,Hamilton (Mercedes),43.03275,172.31717,Cloudy,0.25
470,5,Hamilton (Mercedes),43.36883,215.68599,Cloudy,0.25
470,1,Verstappen (Red Bull),42.0114,42.0114,Cloudy,0.25
470,2,Verstappen (Red Bull),41.87696,83.88836,Cloudy,0.25
470,3,Verstappen (Red Bull),41.68862,125.57698,Cloudy,0.25
470,4,Verstappen (Red Bull),43.37318,168.95016,Cloudy,0.25
470,5,Verstappen (Red Bull),42.53571,211.48587,Cloudy,0.25
470,1,Norris (McLaren),42.57506,42.57506,Cloudy,0.25
470,2,Norris (McLaren),42.71099,85.28604,Cloudy,0.25
470,3,Norris (McLaren),42.30457,127.59061,Cloudy,0.25
470,4,Norris (McLaren),43.40537,170.99598,Cloudy,0.25
470,5,Norris (McLaren),42.99001,213.98599,Cloudy,0.25
470,1,Leclerc (Ferrari),42.40125,42.40125,Cloudy,0.25
470,2,Leclerc (Ferrari),41.38741,83.78866,Cloudy,0.25
470,3,Leclerc (Ferrari),42.27681,126.06547,Cloudy,0.25
470,4,Leclerc (Ferrari),42.55017,168.61563,Cloudy,0.25
470,5,Leclerc (Ferrari),42.95662,211.57225,Cloudy,0.25
471,1,Hamilton (Mercedes),42.71943,42.71943,Cloudy,0.25
471,2,Hamilton (Mercedes),42.58186,85.30129,Cloudy,0.25
471,3,Hamilton (Mercedes),42.83597,128.13726,Cloudy,0.25
471,4,Hamilton (Mercedes),43.53378,171.67104,Cloudy,0.25
471,5,Hamilton (Mercedes),42.82038,214.49142,Cloudy,0.25
471,1,Verstappen (Red Bull),41.50752,41.50752,Cloudy,0.25
471,2,Verstappen (Red Bull),42.941,84.44852,Cloudy,0.25
471,3,Verstappen (Red Bull),42.76967,127.21819,Cloudy,0.25
471,4,Verstappen (Red Bull),42.03982,169.25801,Cloudy,0.25
471,5,Verstappen (Red Bull),42.55398,211.81199,Cloudy,0.25
471,1,Norris (McLaren),41.7424,41.7424,Cloudy,0.25
471,2,Norris (McLaren),43.41874,85.16114,Cloudy,0.25
471,3,Norris (McLaren),42.62129,127.78243,Cloudy,0.25
471,4,Norris (McLaren),41.9149,169.69733,Cloudy,0.25
471,5,Norris (McLaren),42.26053,211.95786,Cloudy,0.25
471,1,Leclerc (Ferrari),41.83912,41.83912,Cloudy,0.25
471,2,Leclerc (Ferrari),41.89092,83.73004,Cloudy,0.25
471,3,Leclerc (Ferrari),42.48199,126.21203,Cloudy,0.25
471,4,Leclerc (Ferrari),43.02114,169.23317,Cloudy,0.25
471,5,Leclerc (Ferrari),42.22778,211.46095,Cloudy,0.25
472,1,Hamilton (Mercedes),42.6955,42.6955,Cloudy,0.25
472,2,Hamilton (Mercedes),43.39257,86.08807,Cloudy,0.25
472,3,Hamilton (Mercedes),43.25353,129.3416,Cloudy,0.25
472,4,Hamilton (Mercedes),42.59019,171.93179,Cloudy,0.25
472,5,Hamilton (Mercedes),43.08233,215.01412,Cloudy,0.25
472,1,Verstappen (Red Bull),41.80717,41.80717,Cloudy,0.25
472,2,Verstappen (Red Bull),43.61654,85.42372,Cloudy,0.25
472,3,Verstappen (Red Bull),43.15055,128.57427,Cloudy,0.25
472,4,Verstappen (Red Bull),43.04416,171.61843,Cloudy,0.25
472,5,Verstappen (Red Bull),42.51118,214.12961,Cloudy,0.25
472,1,Norris (McLaren),41.98675,41.98675,Cloudy,0.25
472,2,Norris (McLaren),42.88348,84.87023,Cloudy,0.25
472,3,Norris (McLaren),43.83049,128.70072,Cloudy,0.25
472,4,Norris (McLaren),41.79184,170.49256,Cloudy,0.25
472,5,Norris (McLaren),42.62895,213.12151,Cloudy,0.25
472,1,Leclerc (Ferrari),41.50655,41.50655,Cloudy,0.25
472,2,Leclerc (Ferrari),42.12552,83.63207,Cloudy,0.25
472,3,Leclerc (Ferrari),41.78617,125.41825,Cloudy,0.25
472,4,Leclerc (Ferrari),41.81527,167.23351,Cloudy,0.25
472,5,Leclerc (Ferrari),41.64222,208.87573,Cloudy,0.25
473,1,Hamilton (Mercedes),43.37932,43.37932,Cloudy,0.25
473,2,Hamilton (Mercedes),43.46385,86.84316,Cloudy,0.25
473,3,Hamilton (Mercedes),42.91114,129.7543,Cloudy,0.25
473,4,Hamilton (Mercedes),43.46161,173.21591,Cloudy,0.25
473,5,Hamilton (Mercedes),42.85077,216.06668,Cloudy,0.25
473,1,Verstappen (Red Bull),42.98301,42.98301,Cloudy,0.25
473,2,Verstappen (Red Bull),42.40181,85.38482,Cloudy,0.25
473,3,Verstappen (Red Bull),41.51051,126.89533,Cloudy,0.25
473,4,Verstappen (Red Bull),42.32292,169.21825,Cloudy,0.25
473,5,Verstappen (Red Bull),41.62719,210.84544,Cloudy,0.25
473,1,Norris (McLaren),42.74326,42.74326,Cloudy,0.25
473,2,Norris (McLaren),44.09953,86.84278,Cloudy,0.25
473,3,Norris (McLaren),43.44363,130.28641,Cloudy,0.25
473,4,Norris (McLaren),42.30799,172.5944,Cloudy,0.25
473,5,Norris (McLaren),42.38476,214.97916,Cloudy,0.25
473,1,Leclerc (Ferrari),41.91309,41.91309,Cloudy,0.25
473,2,Leclerc (Ferrari),42.29399,84.20708,Cloudy,0.25
473,3,Leclerc (Ferrari),42.2111,126.41818,Cloudy,0.25
473,4,Leclerc (Ferrari),42.78747,169.20565,Cloudy,0.25
473,5,Leclerc (Ferrari),41.92337,211.12902,Cloudy,0.25
474,1,Hamilton (Mercedes),43.60715,43.60715,Cloudy,0.25
474,2,Hamilton (Mercedes),43.15652,86.76367,Cloudy,0.25
474,3,Hamilton (Mercedes),42.98543,129.7491,Cloudy,0.25
474,4,Hamilton (Mercedes),43.2734,173.0225,Cloudy,0.25
474,5,Hamilton (Mercedes),42.65207,215.67457,Cloudy,0.25
474,1,Verstappen (Red Bull),42.77687,42.77687,Cloudy,0.25
474,2,Verstappen (Red Bull),42.01677,84.79365,Cloudy,0.25
474,3,Verstappen (Red Bull),42.22474,127.01839,Cloudy,0.25
474,4,Verstappen (Red Bull),41.27502,168.29341,Cloudy,0.25
474,5,Verstappen (Red Bull),41.44707,209.74048,Cloudy,0.25
474,1,Norris (McLaren),41.8187,41.8187,Cloudy,0.25
474,2,Norris (McLaren),42.8792,84.6979,Cloudy,0.25
474,3,Norris (McLaren),42.64169,127.33959,Cloudy,0.25
474,4,Norris (McLaren),41.16936,168.50894,Cloudy,0.25
474,5,Norris (McLaren),42.77332,211.28226,Cloudy,0.25
474,1,Leclerc (Ferrari),41.80912,41.80912,Cloudy,0.25
474,2,Leclerc (Ferrari),41.48258,83.29171,Cloudy,0.25
474,3,Leclerc (Ferrari),43.41208,126.70378,Cloudy,0.25
474,4,Leclerc (Ferrari),41.4763,168.18008,Cloudy,0.25
474,5,Leclerc (Ferrari),41.28243,209.46251,Cloudy,0.25
475,1,Hamilton (Mercedes),43.03776,43.03776,Cloudy,0.25
475,2,Hamilton (Mercedes),42.7961,85.83386,Cloudy,0.25
475,3,Hamilton (Mercedes),43.10712,128.94098,Cloudy,0.25
475,4,Hamilton (Mercedes),42.40485,171.34583,Cloudy,0.25
475,5,Hamilton (Mercedes),43.43974,214.78557,Cloudy,0.25
475,1,Verstappen (Red Bull),42.80418,42.80418,Cloudy,0.25
475,2,Verstappen (Red Bull),43.0907,85.89488,Cloudy,0.25
475,3,Verstappen (Red Bull),43.05526,128.95014,Cloudy,0.25
475,4,Verstappen (Red Bull),42.34644,171.29658,Cloudy,0.25
475,5,Verstappen (Red Bull),42.30258,213.59916,Cloudy,0.25
475,1,Norris (McLaren),43.22787,43.22787,Cloudy,0.25
475,2,Norris (McLaren),42.44224,85.67011,Cloudy,0.25
475,3,Norris (McLaren),41.93403,127.60413,Cloudy,0.25
475,4,Norris (McLaren),42.10149,169.70562,Cloudy,0.25
475,5,Norris (McLaren),42.48162,212.18725,Cloudy,0.25
475,1,Leclerc (Ferrari),41.47402,41.47402,Cloudy,0.25
475,2,Leclerc (Ferrari),40.59808,82.0721,Cloudy,0.25
475,3,Leclerc (Ferrari),42.25291,124.32501,Cloudy,0.25
475,4,Leclerc (Ferrari),42.57977,166.90478,Cloudy,0.25
475,5,Leclerc (Ferrari),42.34272,209.24751,Cloudy,0.25
476,1,Hamilton (Mercedes),43.27639,43.27639,Cloudy,0.25
476,2,Hamilton (Mercedes),42.13752,85.41391,Cloudy,0.25
476,3,Hamilton (Mercedes),42.46258,127.87648,Cloudy,0.25
476,4,Hamilton (Mercedes),43.01478,170.89126,Cloudy,0.25
476,5,Hamilton (Mercedes),43.4394,214.33067,Cloudy,0.25
476,1,Verstappen (Red Bull),43.0233,43.0233,Cloudy,0.25
476,2,Verstappen (Red Bull),42.30264,85.32594,Cloudy,0.25
476,3,Verstappen (Red Bull),42.36713,127.69308,Cloudy,0.25
476,4,Verstappen (Red Bull),42.32275,170.01582,Cloudy,0.25
476,5,Verstappen (Red Bull),42.30186,212.31768,Cloudy,0.25
476,1,Norris (McLaren),42.21603,42.21603,Cloudy,0.25
476,2,Norris (McLaren),43.0081,85.22413,Cloudy,0.25
476,3,Norris (McLaren),41.45401,126.67815,Cloudy,0.25
476,4,Norris (McLaren),42.67356,169.35171,Cloudy,0.25
476,5,Norris (McLaren),41.96025,211.31196,Cloudy,0.25
476,1,Leclerc (Ferrari),42.4712,42.4712,Cloudy,0.25
476,2,Leclerc (Ferrari),41.85422,84.32542,Cloudy,0.25
476,3,Leclerc (Ferrari),42.42695,126.75237,Cloudy,0.25
476,4,Leclerc (Ferrari),42.69412,169.44648,Cloudy,0.25
476,5,Leclerc (Ferrari),42.5984,212.04489,Cloudy,0.25
477,1,Hamilton (Mercedes),43.14774,43.14774,Cloudy,0.25
477,2,Hamilton (Mercedes),42.98156,86.1293,Cloudy,0.25
477,3,Hamilton (Mercedes),42.60063,128.72994,Cloudy,0.25
477,4,Hamilton (Mercedes),42.94725,171.67718,Cloudy,0.25
477,5,Hamilton (Mercedes),44.09486,215.77204,Cloudy,0.25
477,1,Verstappen (Red Bull),42.5133,42.5133,Cloudy,0.25
477,2,Verstappen (Red Bull),42.8411,85.3544,Cloudy,0.25
477,3,Verstappen (Red Bull),42.57734,127.93174,Cloudy,0.25
477,4,Verstappen (Red Bull),42.2432,170.17494,Cloudy,0.25
477,5,Verstappen (Red Bull),42.40823,212.58317,Cloudy,0.25
477,1,Norris (McLaren),41.97036,41.97036,Cloudy,0.25
477,2,Norris (McLaren),43.25124,85.2216,Cloudy,0.25
477,3,Norris (McLaren),42.58507,127.80666,Cloudy,0.25
477,4,Norris (McLaren),42.83951,170.64617,Cloudy,0.25
477,5,Norris (McLaren),43.10542,213.75159,Cloudy,0.25
477,1,Leclerc (Ferrari),42.32667,42.32667,Cloudy,0.25
477,2,Leclerc (Ferrari),41.77049,84.09715,Cloudy,0.25
477,3,Leclerc (Ferrari),42.69339,126.79055,Cloudy,0.25
477,4,Leclerc (Ferrari),41.58488,168.37543,Cloudy,0.25
477,5,Leclerc (Ferrari),42.17586,210.55129,Cloudy,0.25
478,1,Hamilton (Mercedes),43.45139,43.45139,Cloudy,0.25
478,2,Hamilton (Mercedes),42.50211,85.9535,Cloudy,0.25
478,3,Hamilton (Mercedes),42.82024,128.77373,Cloudy,0.25
478,4,Hamilton (Mercedes),42.50495,171.27868,Cloudy,0.25
478,5,Hamilton (Mercedes),43.75409,215.03277,Cloudy,0.25
478,1,Verstappen (Red Bull),42.57024,42.57024,Cloudy,0.25
478,2,Verstappen (Red Bull),42.46284,85.03308,Cloudy,0.25
478,3,Verstappen (Red Bull),42.01612,127.04921,Cloudy,0.25
478,4,Verstappen (Red Bull),42.93172,169.98093,Cloudy,0.25
478,5,Verstappen (Red Bull),42.5593,212.54023,Cloudy,0.25
478,1,Norris (McLaren),42.62139,42.62139,Cloudy,0.25
478,2,Norris (McLaren),43.28675,85.90814,Cloudy,0.25
478,3,Norris (McLaren),43.50868,129.41681,Cloudy,0.25
478,4,Norris (McLaren),43.24697,172.66378,Cloudy,0.25
478,5,Norris (McLaren),43.52245,216.18624,Cloudy,0.25
478,1,Leclerc (Ferrari),41.6869,41.6869,Cloudy,0.25
478,2,Leclerc (Ferrari),42.33547,84.02237,Cloudy,0.25
478,3,Leclerc (Ferrari),43.05327,127.07563,Cloudy,0.25
478,4,Leclerc (Ferrari),42.46871,169.54435,Cloudy,0.25
478,5,Leclerc (Ferrari),41.79857,211.34291,Cloudy,0.25
479,1,Hamilton (Mercedes),42.75781,42.75781,Cloudy,0.25
479,2,Hamilton (Mercedes),43.22437,85.98218,Cloudy,0.25
479,3,Hamilton (Mercedes),42.54219,128.52437,Cloudy,0.25
479,4,Hamilton (Mercedes),43.00842,171.53279,Cloudy,0.25
479,5,Hamilton (Mercedes),41.63949,213.17228,Cloudy,0.25
479,1,Verstappen (Red Bull),43.33386,43.33386,Cloudy,0.25
479,2,Verstappen (Red Bull),42.68695,86.02081,Cloudy,0.25
479,3,Verstappen (Red Bull),42.70745,128.72826,Cloudy,0.25
479,4,Verstappen (Red Bull),41.56478,170.29304,Cloudy,0.25
479,5,Verstappen (Red Bull),42.49747,212.79051,Cloudy,0.25
479,1,Norris (McLaren),42.39841,42.39841,Cloudy,0.25
479,2,Norris (McLaren),41.68795,84.08636,Cloudy,0.25
479,3,Norris (McLaren),42.16367,126.25003,Cloudy,0.25
479,4,Norris (McLaren),43.33569,169.58573,Cloudy,0.25
479,5,Norris (McLaren),43.61158,213.1973,Cloudy,0.25
479,1,Leclerc (Ferrari),43.25806,43.25806,Cloudy,0.25
479,2,Leclerc (Ferrari),41.95852,85.21658,Cloudy,0.25
479,3,Leclerc (Ferrari),41.29238,126.50896,Cloudy,0.25
479,4,Leclerc (Ferrari),41.65124,168.1602,Cloudy,0.25
479,5,Leclerc (Ferrari),42.98312,211.14332,Cloudy,0.25
480,1,Hamilton (Mercedes),42.38937,42.38937,Cloudy,0.25
480,2,Hamilton (Mercedes),43.02948,85.41886,Cloudy,0.25
480,3,Hamilton (Mercedes),43.0643,128.48316,Cloudy,0.25
480,4,Hamilton (Mercedes),43.77024,172.2534,Cloudy,0.25
480,5,Hamilton (Mercedes),42.97854,215.23193,Cloudy,0.25
480,1,Verstappen (Red Bull),42.36687,42.36687,Cloudy,0.25
480,2,Verstappen (Red Bull),43.09844,85.46531,Cloudy,0.25
480,3,Verstappen (Red Bull),41.99882,127.46413,Cloudy,0.25
480,4,Verstappen (Red Bull),42.55316,170.01728,Cloudy,0.25
480,5,Verstappen (Red Bull),42.71709,212.73437,Cloudy,0.25
480,1,Norris (McLaren),42.50259,42.50259,Cloudy,0.25
480,2,Norris (McLaren),43.34547,85.84806,Cloudy,0.25
480,3,Norris (McLaren),43.72039,129.56845,Cloudy,0.25
480,4,Norris (McLaren),43.14852,172.71697,Cloudy,0.25
480,5,Norris (McLaren),42.59605,215.31302,Cloudy,0.25
480,1,Leclerc (Ferrari),42.25062,42.25062,Cloudy,0.25
480,2,Leclerc (Ferrari),43.21101,85.46163,Cloudy,0.25
480,3,Leclerc (Ferrari),42.32756,127.78918,Cloudy,0.25
480,4,Leclerc (Ferrari),42.73246,170.52164,Cloudy,0.25
480,5,Leclerc (Ferrari),40.93096,211.4526,Cloudy,0.25
481,1,Hamilton (Mercedes),42.28112,42.28112,Cloudy,0.25
481,2,Hamilton (Mercedes),43.29599,85.57711,Cloudy,0.25
481,3,Hamilton (Mercedes),44.06929,129.64639,Cloudy,0.25
481,4,Hamilton (Mercedes),42.65316,172.29956,Cloudy,0.25
481,5,Hamilton (Mercedes),42.3271,214.62665,Cloudy,0.25
481,1,Verstappen (Red Bull),42.92377,42.92377,Cloudy,0.25
481,2,Verstappen (Red Bull),43.34243,86.26619,Cloudy,0.25
481,3,Verstappen (Red Bull),42.64026,128.90646,Cloudy,0.25
481,4,Verstappen (Red Bull),43.15743,172.06389,Cloudy,0.25
481,5,Verstappen (Red Bull),41.77159,213.83548,Cloudy,0.25
481,1,Norris (McLaren),42.3803,42.3803,Cloudy,0.25
481,2,Norris (McLaren),42.21841,84.59871,Cloudy,0.25
481,3,Norris (McLaren),42.78177,127.38048,Cloudy,0.25
481,4,Norris (McLaren),43.57316,170.95364,Cloudy,0.25
481,5,Norris (McLaren),43.43433,214.38797,Cloudy,0.25
481,1,Leclerc (Ferrari),41.89642,41.89642,Cloudy,0.25
481,2,Leclerc (Ferrari),41.1007,82.99711,Cloudy,0.25
481,3,Leclerc (Ferrari),41.56402,124.56113,Cloudy,0.25
481,4,Leclerc (Ferrari),41.90718,166.46831,Cloudy,0.25
481,5,Leclerc (Ferrari),42.30061,208.76892,Cloudy,0.25
482,1,Hamilton (Mercedes),43.31362,43.31362,Cloudy,0.25
482,2,Hamilton (Mercedes),42.56708,85.8807,Cloudy,0.25
482,3,Hamilton (Mercedes),43.13573,129.01643,Cloudy,0.25
482,4,Hamilton (Mercedes),43.02312,172.03955,Cloudy,0.25
482,5,Hamilton (Mercedes),43.1006,215.14016,Cloudy,0.25
482,1,Verstappen (Red Bull),41.95712,41.95712,Cloudy,0.25
482,2,Verstappen (Red Bull),43.54427,85.50139,Cloudy,0.25
482,3,Verstappen (Red Bull),43.33878,128.84017,Cloudy,0.25
482,4,Verstappen (Red Bull),43.26623,172.1064,Cloudy,0.25
482,5,Verstappen (Red Bull),42.26953,214.37593,Cloudy,0.25
482,1,Norris (McLaren),42.68431,42.68431,Cloudy,0.25
482,2,Norris (McLaren),42.82422,85.50853,Cloudy,0.25
482,3,Norris (McLaren),42.84844,128.35696,Cloudy,0.25
482,4,Norris (McLaren),41.93634,170.2933,Cloudy,0.25
482,5,Norris (McLaren),43.2349,213.5282,Cloudy,0.25
482,1,Leclerc (Ferrari),40.96404,40.96404,Cloudy,0.25
482,2,Leclerc (Ferrari),41.93601,82.90005,Cloudy,0.25
482,3,Leclerc (Ferrari),42.61868,125.51874,Cloudy,0.25
482,4,Leclerc (Ferrari),42.76331,168.28204,Cloudy,0.25
482,5,Leclerc (Ferrari),42.17352,210.45557,Cloudy,0.25
483,1,Hamilton (Mercedes),42.12474,42.12474,Cloudy,0.25
483,2,Hamilton (Mercedes),42.65425,84.77899,Cloudy,0.25
483,3,Hamilton (Mercedes),43.60688,128.38587,Cloudy,0.25
483,4,Hamilton (Mercedes),43.01375,171.39962,Cloudy,0.25
483,5,Hamilton (Mercedes),42.34234,213.74196,Cloudy,0.25
483,1,Verstappen (Red Bull),43.07595,43.07595,Cloudy,0.25
483,2,Verstappen (Red Bull),43.20236,86.27831,Cloudy,0.25
483,3,Verstappen (Red Bull),43.81685,130.09516,Cloudy,0.25
483,4,Verstappen (Red Bull),44.3,174.39516,Cloudy,0.25
483,5,Verstappen (Red Bull),42.42343,216.81859,Cloudy,0.25
483,1,Norris (McLaren),43.47944,43.47944,Cloudy,0.25
483,2,Norris (McLaren),42.54345,86.02289,Cloudy,0.25
483,3,Norris (McLaren),43.05002,129.07291,Cloudy,0.25
483,4,Norris (McLaren),42.95516,172.02807,Cloudy,0.25
483,5,Norris (McLaren),42.47866,214.50672,Cloudy,0.25
483,1,Leclerc (Ferrari),42.51384,42.51384,Cloudy,0.25
483,2,Leclerc (Ferrari),42.51491,85.02876,Cloudy,0.25
483,3,Leclerc (Ferrari),41.17707,126.20583,Cloudy,0.25
483,4,Leclerc (Ferrari),42.03437,168.2402,Cloudy,0.25
483,5,Leclerc (Ferrari),42.07576,210.31596,Cloudy,0.25
484,1,Hamilton (Mercedes),43.47099,43.47099,Cloudy,0.25
484,2,Hamilton (Mercedes),43.39338,86.86436,Cloudy,0.25
484,3,Hamilton (Mercedes),42.75118,129.61555,Cloudy,0.25
484,4,Hamilton (Mercedes),43.81516,173.4307,Cloudy,0.25
484,5,Hamilton (Mercedes),42.25703,215.68773,Cloudy,0.25
484,1,Verstappen (Red Bull),42.17371,42.17371,Cloudy,0.25
484,2,Verstappen (Red Bull),42.24391,84.41762,Cloudy,0.25
484,3,Verstappen (Red Bull),41.44112,125.85874,Cloudy,0.25
484,4,Verstappen (Red Bull),42.4889,168.34764,Cloudy,0.25
484,5,Verstappen (Red Bull),41.35194,209.69958,Cloudy,0.25
484,1,Norris (McLaren),41.59397,41.59397,Cloudy,0.25
484,2,Norris (McLaren),42.81659,84.41055,Cloudy,0.25
484,3,Norris (McLaren),43.54216,127.95271,Cloudy,0.25
484,4,Norris (McLaren),42.41745,170.37016,Cloudy,0.25
484,5,Norris (McLaren),42.54121,212.91137,Cloudy,0.25
484,1,Leclerc (Ferrari),41.96468,41.96468,Cloudy,0.25
484,2,Leclerc (Ferrari),41.95508,83.91976,Cloudy,0.25
484,3,Leclerc (Ferrari),41.99407,125.91383,Cloudy,0.25
484,4,Leclerc (Ferrari),42.53774,168.45156,Cloudy,0.25
484,5,Leclerc (Ferrari),41.94568,210.39725,Cloudy,0.25
485,1,Hamilton (Mercedes),42.76307,42.76307,Cloudy,0.25
485,2,Hamilton (Mercedes),43.39959,86.16266,Cloudy,0.25
485,3,Hamilton (Mercedes),43.46755,129.63021,Cloudy,0.25
485,4,Hamilton (Mercedes),41.68747,171.31768,Cloudy,0.25
485,5,Hamilton (Mercedes),42.92133,214.239,Cloudy,0.25
485,1,Verstappen (Red Bull),42.22765,42.22765,Cloudy,0.25
485,2,Verstappen (Red Bull),43.07394,85.30159,Cloudy,0.25
485,3,Verstappen (Red Bull),42.3595,127.66109,Cloudy,0.25
485,4,Verstappen (Red Bull),42.05689,169.71798,Cloudy,0.25
485,5,Verstappen (Red Bull),42.06246,211.78044,Cloudy,0.25
485,1,Norris (McLaren),42.2872,42.2872,Cloudy,0.25
485,2,Norris (McLaren),42.62022,84.90741,Cloudy,0.25
485,3,Norris (McLaren),42.39039,127.2978,Cloudy,0.25
485,4,Norris (McLaren),43.15163,170.44944,Cloudy,0.25
485,5,Norris (McLaren),43.20916,213.65859,Cloudy,0.25
485,1,Leclerc (Ferrari),43.20358,43.20358,Cloudy,0.25
485,2,Leclerc (Ferrari),42.73138,85.93496,Cloudy,0.25
485,3,Leclerc (Ferrari),42.44265,128.37761,Cloudy,0.25
485,4,Leclerc (Ferrari),42.37322,170.75083,Cloudy,0.25
485,5,Leclerc (Ferrari),41.76858,212.5194,Cloudy,0.25
486,1,Hamilton (Mercedes),42.55909,42.55909,Cloudy,0.25
486,2,Hamilton (Mercedes),42.59246,85.15155,Cloudy,0.25
486,3,Hamilton (Mercedes),42.0291,127.18065,Cloudy,0.25
486,4,Hamilton (Mercedes),43.46038,170.64103,Cloudy,0.25
486,5,Hamilton (Mercedes),42.47053,213.11156,Cloudy,0.25
486,1,Verstappen (Red Bull),42.53128,42.53128,Cloudy,0.25
486,2,Verstappen (Red Bull),42.50115,85.03243,Cloudy,0.25
486,3,Verstappen (Red Bull),43.84725,128.87968,Cloudy,0.25
486,4,Verstappen (Red Bull),43.1856,172.06528,Cloudy,0.25
486,5,Verstappen (Red Bull),42.49406,214.55934,Cloudy,0.25
486,1,Norris (McLaren),42.41344,42.41344,Cloudy,0.25
486,2,Norris (McLaren),43.2307,85.64413,Cloudy,0.25
486,3,Norris (McLaren),42.80333,128.44746,Cloudy,0.25
486,4,Norris (McLaren),43.0121,171.45956,Cloudy,0.25
486,5,Norris (McLaren),43.66169,215.12125,Cloudy,0.25
486,1,Leclerc (Ferrari),42.30059,42.30059,Cloudy,0.25
486,2,Leclerc (Ferrari),41.48957,83.79016,Cloudy,0.25
486,3,Leclerc (Ferrari),42.98304,126.7732,Cloudy,0.25
486,4,Leclerc (Ferrari),42.21468,168.98787,Cloudy,0.25
486,5,Leclerc (Ferrari),43.2918,212.27967,Cloudy,0.25
487,1,Hamilton (Mercedes),42.88159,42.88159,Cloudy,0.25
487,2,Hamilton (Mercedes),43.88783,86.76942,Cloudy,0.25
487,3,Hamilton (Mercedes),42.44713,129.21655,Cloudy,0.25
487,4,Hamilton (Mercedes),42.99233,172.20888,Cloudy,0.25
487,5,Hamilton (Mercedes),42.67966,214.88853,Cloudy,0.25
487,1,Verstappen (Red Bull),42.46312,42.46312,Cloudy,0.25
487,2,Verstappen (Red Bull),43.31287,85.77599,Cloudy,0.25
487,3,Verstappen (Red Bull),42.08811,127.8641,Cloudy,0.25
487,4,Verstappen (Red Bull),42.30074,170.16484,Cloudy,0.25
487,5,Verstappen (Red Bull),41.93712,212.10196,Cloudy,0.25
487,1,Norris (McLaren),42.14632,42.14632,Cloudy,0.25
487,2,Norris (McLaren),42.57733,84.72365,Cloudy,0.25
487,3,Norris (McLaren),42.61486,127.3385,Cloudy,0.25
487,4,Norris (McLaren),43.50693,170.84544,Cloudy,0.25
487,5,Norris (McLaren),42.63165,213.47709,Cloudy,0.25
487,1,Leclerc (Ferrari),42.247,42.247,Cloudy,0.25
487,2,Leclerc (Ferrari),43.41059,85.65759,Cloudy,0.25
487,3,Leclerc (Ferrari),43.18496,128.84256,Cloudy,0.25
487,4,Leclerc (Ferrari),41.84064,170.68319,Cloudy,0.25
487,5,Leclerc (Ferrari),43.10572,213.78892,Cloudy,0.25
488,1,Hamilton (Mercedes),43.93379,43.93379,Cloudy,0.25
488,2,Hamilton (Mercedes),43.01819,86.95198,Cloudy,0.25
488,3,Hamilton (Mercedes),43.00286,129.95484,Cloudy,0.25
488,4,Hamilton (Mercedes),42.83372,172.78856,Cloudy,0.25
488,5,Hamilton (Mercedes),44.46985,217.2584,Cloudy,0.25
488,1,Verstappen (Red Bull),42.47015,42.47015,Cloudy,0.25
488,2,Verstappen (Red Bull),41.73757,84.20772,Cloudy,0.25
488,3,Verstappen (Red Bull),42.32678,126.5345,Cloudy,0.25
488,4,Verstappen (Red Bull),42.40139,168.93589,Cloudy,0.25
488,5,Verstappen (Red Bull),43.47244,212.40832,Cloudy,0.25
488,1,Norris (McLaren),43.02366,43.02366,Cloudy,0.25
488,2,Norris (McLaren),41.63633,84.65998,Cloudy,0.25
488,3,Norris (McLaren),42.74417,127.40416,Cloudy,0.25
488,4,Norris (McLaren),42.1461,169.55026,Cloudy,0.25
488,5,Norris (McLaren),43.15575,212.70601,Cloudy,0.25
488,1,Leclerc (Ferrari),41.91784,41.91784,Cloudy,0.25
488,2,Leclerc (Ferrari),41.62278,83.54062,Cloudy,0.25
488,3,Leclerc (Ferrari),41.53844,125.07906,Cloudy,0.25
488,4,Leclerc (Ferrari),42.81885,167.8979,Cloudy,0.25
488,5,Leclerc (Ferrari),42.38543,210.28334,Cloudy,0.25
489,1,Hamilton (Mercedes),42.21155,42.21155,Cloudy,0.25
489,2,Hamilton (Mercedes),43.58727,85.79882,Cloudy,0.25
489,3,Hamilton (Mercedes),42.27272,128.07154,Cloudy,0.25
489,4,Hamilton (Mercedes),42.88905,170.96059,Cloudy,0.25
489,5,Hamilton (Mercedes),42.68056,213.64115,Cloudy,0.25
489,1,Verstappen (Red Bull),41.98247,41.98247,Cloudy,0.25
489,2,Verstappen (Red Bull),43.1359,85.11837,Cloudy,0.25
489,3,Verstappen (Red Bull),42.64403,127.76241,Cloudy,0.25
489,4,Verstappen (Red Bull),42.31715,170.07956,Cloudy,0.25
489,5,Verstappen (Red Bull),42.24747,212.32703,Cloudy,0.25
489,1,Norris (McLaren),43.42749,43.42749,Cloudy,0.25
489,2,Norris (McLaren),43.32054,86.74804,Cloudy,0.25
489,3,Norris (McLaren),42.56081,129.30885,Cloudy,0.25
489,4,Norris (McLaren),42.92756,172.23641,Cloudy,0.25
489,5,Norris (McLaren),42.27576,214.51217,Cloudy,0.25
489,1,Leclerc (Ferrari),42.94829,42.94829,Cloudy,0.25
489,2,Leclerc (Ferrari),42.43509,85.38338,Cloudy,0.25
489,3,Leclerc (Ferrari),42.35978,127.74316,Cloudy,0.25
489,4,Leclerc (Ferrari),41.72226,169.46542,Cloudy,0.25
489,5,Leclerc (Ferrari),40.89287,210.35829,Cloudy,0.25
490,1,Hamilton (Mercedes),43.16059,43.16059,Cloudy,0.25
490,2,Hamilton (Mercedes),43.26794,86.42853,Cloudy,0.25
490,3,Hamilton (Mercedes),42.47492,128.90345,Cloudy,0.25
490,4,Hamilton (Mercedes),43.54554,172.44899,Cloudy,0.25
490,5,Hamilton (Mercedes),42.67537,215.12436,Cloudy,0.25
490,1,Verstappen (Red Bull),42.09016,42.09016,Cloudy,0.25
490,2,Verstappen (Red Bull),43.10381,85.19397,Cloudy,0.25
490,3,Verstappen (Red Bull),41.95271,127.14668,Cloudy,0.25
490,4,Verstappen (Red Bull),42.76941,169.91609,Cloudy,0.25
490,5,Verstappen (Red Bull),41.95752,211.8736,Cloudy,0.25
490,1,Norris (McLaren),41.67304,41.67304,Cloudy,0.25
490,2,Norris (McLaren),42.48392,84.15696,Cloudy,0.25
490,3,Norris (McLaren),42.43036,126.58732,Cloudy,0.25
490,4,Norris (McLaren),43.00039,169.58771,Cloudy,0.25
490,5,Norris (McLaren),42.26601,211.85371,Cloudy,0.25
490,1,Leclerc (Ferrari),42.36831,42.36831,Cloudy,0.25
490,2,Leclerc (Ferrari),42.03203,84.40034,Cloudy,0.25
490,3,Leclerc (Ferrari),43.01542,127.41576,Cloudy,0.25
490,4,Leclerc (Ferrari),43.48589,170.90165,Cloudy,0.25
490,5,Leclerc (Ferrari),42.65866,213.56031,Cloudy,0.25
491,1,Hamilton (Mercedes),43.11517,43.11517,Cloudy,0.25
491,2,Hamilton (Mercedes),42.95515,86.07032,Cloudy,0.25
491,3,Hamilton (Mercedes),42.87312,128.94344,Cloudy,0.25
491,4,Hamilton (Mercedes),42.59647,171.53991,Cloudy,0.25
491,5,Hamilton (Mercedes),42.22401,213.76391,Cloudy,0.25
491,1,Verstappen (Red Bull),41.55031,41.55031,Cloudy,0.25
491,2,Verstappen (Red Bull),42.60422,84.15453,Cloudy,0.25
491,3,Verstappen (Red Bull),42.65176,126.80629,Cloudy,0.25
491,4,Verstappen (Red Bull),42.83165,169.63794,Cloudy,0.25
491,5,Verstappen (Red Bull),43.1251,212.76304,Cloudy,0.25
491,1,Norris (McLaren),42.86688,42.86688,Cloudy,0.25
491,2,Norris (McLaren),43.05073,85.91761,Cloudy,0.25
491,3,Norris (McLaren),44.35179,130.2694,Cloudy,0.25
491,4,Norris (McLaren),41.62633,171.89572,Cloudy,0.25
491,5,Norris (McLaren),43.42209,215.31782,Cloudy,0.25
491,1,Leclerc (Ferrari),42.56361,42.56361,Cloudy,0.25
491,2,Leclerc (Ferrari),42.25854,84.82215,Cloudy,0.25
491,3,Leclerc (Ferrari),41.76586,126.58801,Cloudy,0.25
491,4,Leclerc (Ferrari),42.82221,169.41022,Cloudy,0.25
491,5,Leclerc (Ferrari),42.66897,212.07919,Cloudy,0.25
492,1,Hamilton (Mercedes),43.57379,43.57379,Cloudy,0.25
492,2,Hamilton (Mercedes),44.18399,87.75778,Cloudy,0.25
492,3,Hamilton (Mercedes),42.82975,130.58753,Cloudy,0.25
492,4,Hamilton (Mercedes),43.13602,173.72355,Cloudy,0.25
492,5,Hamilton (Mercedes),42.93962,216.66316,Cloudy,0.25
492,1,Verstappen (Red Bull),42.13286,42.13286,Cloudy,0.25
492,2,Verstappen (Red Bull),41.89652,84.02937,Cloudy,0.25
492,3,Verstappen (Red Bull),42.17552,126.2049,Cloudy,0.25
492,4,Verstappen (Red Bull),42.65296,168.85786,Cloudy,0.25
492,5,Verstappen (Red Bull),42.40916,211.26702,Cloudy,0.25
492,1,Norris (McLaren),42.92378,42.92378,Cloudy,0.25
492,2,Norris (McLaren),42.3915,85.31528,Cloudy,0.25
492,3,Norris (McLaren),42.78257,128.09785,Cloudy,0.25
492,4,Norris (McLaren),42.25564,170.35348,Cloudy,0.25
492,5,Norris (McLaren),42.75428,213.10776,Cloudy,0.25
492,1,Leclerc (Ferrari),42.91171,42.91171,Cloudy,0.25
492,2,Leclerc (Ferrari),42.18607,85.09779,Cloudy,0.25
492,3,Leclerc (Ferrari),42.4424,127.54019,Cloudy,0.25
492,4,Leclerc (Ferrari),42.43184,169.97202,Cloudy,0.25
492,5,Leclerc (Ferrari),42.97379,212.94581,Cloudy,0.25
493,1,Hamilton (Mercedes),44.08232,44.08232,Cloudy,0.25
493,2,Hamilton (Mercedes),42.1632,86.24551,Cloudy,0.25
493,3,Hamilton (Mercedes),43.07367,129.31918,Cloudy,0.25
493,4,Hamilton (Mercedes),43.06442,172.3836,Cloudy,0.25
493,5,Hamilton (Mercedes),43.29664,215.68024,Cloudy,0.25
493,1,Verstappen (Red Bull),42.29126,42.29126,Cloudy,0.25
493,2,Verstappen (Red Bull),43.08221,85.37348,Cloudy,0.25
493,3,Verstappen (Red Bull),42.29033,127.6638,Cloudy,0.25
493,4,Verstappen (Red Bull),42.41422,170.07802,Cloudy,0.25
493,5,Verstappen (Red Bull),42.45234,212.53036,Cloudy,0.25
493,1,Norris (McLaren),42.14234,42.14234,Cloudy,0.25
493,2,Norris (McLaren),45.02463,87.16698,Cloudy,0.25
493,3,Norris (McLaren),43.83793,131.0049,Cloudy,0.25
493,4,Norris (McLaren),43.24701,174.25191,Cloudy,0.25
493,5,Norris (McLaren),43.60065,217.85256,Cloudy,0.25
493,1,Leclerc (Ferrari),42.53134,42.53134,Cloudy,0.25
493,2,Leclerc (Ferrari),41.44274,83.97408,Cloudy,0.25
493,3,Leclerc (Ferrari),43.53739,127.51146,Cloudy,0.25
493,4,Leclerc (Ferrari),42.75176,170.26323,Cloudy,0.25
493,5,Leclerc (Ferrari),43.07288,213.3361,Cloudy,0.25
494,1,Hamilton (Mercedes),43.41898,43.41898,Cloudy,0.25
494,2,Hamilton (Mercedes),42.70639,86.12537,Cloudy,0.25
494,3,Hamilton (Mercedes),42.96466,129.09003,Cloudy,0.25
494,4,Hamilton (Mercedes),42.46592,171.55595,Cloudy,0.25
494,5,Hamilton (Mercedes),42.48178,214.03774,Cloudy,0.25
494,1,Verstappen (Red Bull),41.87963,41.87963,Cloudy,0.25
494,2,Verstappen (Red Bull),41.71787,83.5975,Cloudy,0.25
494,3,Verstappen (Red Bull),42.37033,125.96783,Cloudy,0.25
494,4,Verstappen (Red Bull),42.22809,168.19593,Cloudy,0.25
494,5,Verstappen (Red Bull),42.37476,210.57069,Cloudy,0.25
494,1,Norris (McLaren),42.83029,42.83029,Cloudy,0.25
494,2,Norris (McLaren),43.27127,86.10155,Cloudy,0.25
494,3,Norris (McLaren),42.53263,128.63418,Cloudy,0.25
494,4,Norris (McLaren),43.70125,172.33543,Cloudy,0.25
494,5,Norris (McLaren),43.07643,215.41186,Cloudy,0.25
494,1,Leclerc (Ferrari),43.02487,43.02487,Cloudy,0.25
494,2,Leclerc (Ferrari),41.57725,84.60212,Cloudy,0.25
494,3,Leclerc (Ferrari),42.93245,127.53457,Cloudy,0.25
494,4,Leclerc (Ferrari),41.81819,169.35276,Cloudy,0.25
494,5,Leclerc (Ferrari),42.50736,211.86012,Cloudy,0.25
495,1,Hamilton (Mercedes),43.30463,43.30463,Cloudy,0.25
495,2,Hamilton (Mercedes),42.65798,85.96261,Cloudy,0.25
495,3,Hamilton (Mercedes),42.80962,128.77223,Cloudy,0.25
495,4,Hamilton (Mercedes),42.47328,171.24551,Cloudy,0.25
495,5,Hamilton (Mercedes),42.84189,214.0874,Cloudy,0.25
495,1,Verstappen (Red Bull),41.54348,41.54348,Cloudy,0.25
495,2,Verstappen (Red Bull),42.40547,83.94895,Cloudy,0.25
495,3,Verstappen (Red Bull),42.82061,126.76955,Cloudy,0.25
495,4,Verstappen (Red Bull),42.33783,169.10738,Cloudy,0.25
495,5,Verstappen (Red Bull),43.09364,212.20102,Cloudy,0.25
495,1,Norris (McLaren),42.72968,42.72968,Cloudy,0.25
495,2,Norris (McLaren),42.80606,85.53574,Cloudy,0.25
495,3,Norris (McLaren),42.35802,127.89376,Cloudy,0.25
495,4,Norris (McLaren),43.78534,171.6791,Cloudy,0.25
495,5,Norris (McLaren),42.95181,214.63091,Cloudy,0.25
495,1,Leclerc (Ferrari),43.45503,43.45503,Cloudy,0.25
495,2,Leclerc (Ferrari),42.19227,85.64729,Cloudy,0.25
495,3,Leclerc (Ferrari),42.68106,128.32835,Cloudy,0.25
495,4,Leclerc (Ferrari),41.55647,169.88482,Cloudy,0.25
495,5,Leclerc (Ferrari),42.2555,212.14032,Cloudy,0.25
496,1,Hamilton (Mercedes),43.35217,43.35217,Cloudy,0.25
496,2,Hamilton (Mercedes),42.92897,86.28114,Cloudy,0.25
496,3,Hamilton (Mercedes),43.82676,130.1079,Cloudy,0.25
496,4,Hamilton (Mercedes),42.21287,172.32077,Cloudy,0.25
496,5,Hamilton (Mercedes),43.18526,215.50603,Cloudy,0.25
496,1,Verstappen (Red Bull),41.49275,41.49275,Cloudy,0.25
496,2,Verstappen (Red Bull),41.72097,83.21372,Cloudy,0.25
496,3,Verstappen (Red Bull),42.3003,125.51402,Cloudy,0.25
496,4,Verstappen (Red Bull),42.81828,168.3323,Cloudy,0.25
496,5,Verstappen (Red Bull),42.8615,211.1938,Cloudy,0.25
496,1,Norris (McLaren),41.93819,41.93819,Cloudy,0.25
496,2,Norris (McLaren),41.17099,83.10919,Cloudy,0.25
496,3,Norris (McLaren),42.53123,125.64041,Cloudy,0.25
496,4,Norris (McLaren),41.33624,166.97665,Cloudy,0.25
496,5,Norris (McLaren),44.17169,211.14834,Cloudy,0.25
496,1,Leclerc (Ferrari),43.05198,43.05198,Cloudy,0.25
496,2,Leclerc (Ferrari),41.74126,84.79324,Cloudy,0.25
496,3,Leclerc (Ferrari),42.01075,126.80399,Cloudy,0.25
496,4,Leclerc (Ferrari),42.07152,168.87551,Cloudy,0.25
496,5,Leclerc (Ferrari),41.95577,210.83128,Cloudy,0.25
497,1,Hamilton (Mercedes),43.20231,43.20231,Cloudy,0.25
497,2,Hamilton (Mercedes),42.56641,85.76872,Cloudy,0.25
497,3,Hamilton (Mercedes),42.36034,128.12906,Cloudy,0.25
497,4,Hamilton (Mercedes),43.31468,171.44373,Cloudy,0.25
497,5,Hamilton (Mercedes),42.73844,214.18217,Cloudy,0.25
497,1,Verstappen (Red Bull),42.92952,42.92952,Cloudy,0.25
497,2,Verstappen (Red Bull),42.83754,85.76706,Cloudy,0.25
497,3,Verstappen (Red Bull),42.3407,128.10776,Cloudy,0.25
497,4,Verstappen (Red Bull),42.46107,170.56883,Cloudy,0.25
497,5,Verstappen (Red Bull),42.4208,212.98963,Cloudy,0.25
497,1,Norris (McLaren),42.47482,42.47482,Cloudy,0.25
497,2,Norris (McLaren),41.6286,84.10342,Cloudy,0.25
497,3,Norris (McLaren),42.57766,126.68108,Cloudy,0.25
497,4,Norris (McLaren),43.52921,170.21029,Cloudy,0.25
497,5,Norris (McLaren),42.0069,212.21719,Cloudy,0.25
497,1,Leclerc (Ferrari),43.42277,43.42277,Cloudy,0.25
497,2,Leclerc (Ferrari),42.09614,85.51891,Cloudy,0.25
497,3,Leclerc (Ferrari),42.86335,128.38226,Cloudy,0.25
497,4,Leclerc (Ferrari),42.60111,170.98337,Cloudy,0.25
497,5,Leclerc (Ferrari),43.44893,214.4323,Cloudy,0.25
498,1,Hamilton (Mercedes),43.05994,43.05994,Cloudy,0.25
498,2,Hamilton (Mercedes),43.42348,86.48342,Cloudy,0.25
498,3,Hamilton (Mercedes),42.74858,129.23201,Cloudy,0.25
498,4,Hamilton (Mercedes),42.70889,171.9409,Cloudy,0.25
498,5,Hamilton (Mercedes),42.85601,214.79691,Cloudy,0.25
498,1,Verstappen (Red Bull),42.60411,42.60411,Cloudy,0.25
498,2,Verstappen (Red Bull),41.94848,84.55259,Cloudy,0.25
498,3,Verstappen (Red Bull),43.12211,127.6747,Cloudy,0.25
498,4,Verstappen (Red Bull),42.89008,170.56478,Cloudy,0.25
498,5,Verstappen (Red Bull),42.24127,212.80605,Cloudy,0.25
498,1,Norris (McLaren),43.16965,43.16965,Cloudy,0.25
498,2,Norris (McLaren),42.56718,85.73682,Cloudy,0.25
498,3,Norris (McLaren),42.85278,128.5896,Cloudy,0.25
498,4,Norris (McLaren),41.55281,170.14241,Cloudy,0.25
498,5,Norris (McLaren),42.42629,212.5687,Cloudy,0.25
498,1,Leclerc (Ferrari),42.41269,42.41269,Cloudy,0.25
498,2,Leclerc (Ferrari),42.83438,85.24707,Cloudy,0.25
498,3,Leclerc (Ferrari),43.52925,128.77632,Cloudy,0.25
498,4,Leclerc (Ferrari),41.89241,170.66873,Cloudy,0.25
498,5,Leclerc (Ferrari),42.27443,212.94316,Cloudy,0.25
499,1,Hamilton (Mercedes),43.15967,43.15967,Cloudy,0.25
499,2,Hamilton (Mercedes),42.54055,85.70022,Cloudy,0.25
499,3,Hamilton (Mercedes),43.00886,128.70908,Cloudy,0.25
499,4,Hamilton (Mercedes),43.08916,171.79824,Cloudy,0.25
499,5,Hamilton (Mercedes),42.62967,214.42791,Cloudy,0.25
499,1,Verstappen (Red Bull),42.52042,42.52042,Cloudy,0.25
499,2,Verstappen (Red Bull),42.22653,84.74695,Cloudy,0.25
499,3,Verstappen (Red Bull),42.40019,127.14714,Cloudy,0.25
499,4,Verstappen (Red Bull),43.1473,170.29444,Cloudy,0.25
499,5,Verstappen (Red Bull),43.12881,213.42326,Cloudy,0.25
499,1,Norris (McLaren),42.44221,42.44221,Cloudy,0.25
499,2,Norris (McLaren),43.49775,85.93996,Cloudy,0.25
499,3,Norris (McLaren),42.32804,128.268,Cloudy,0.25
499,4,Norris (McLaren),43.98759,172.25559,Cloudy,0.25
499,5,Norris (McLaren),43.99518,216.25077,Cloudy,0.25
499,1,Leclerc (Ferrari),41.94703,41.94703,Cloudy,0.25
499,2,Leclerc (Ferrari),42.08831,84.03535,Cloudy,0.25
499,3,Leclerc (Ferrari),43.14075,127.1761,Cloudy,0.25
499,4,Leclerc (Ferrari),42.40439,169.58049,Cloudy,0.25
499,5,Leclerc (Ferrari),42.6312,212.21169,Cloudy,0.25
500,1,Hamilton (Mercedes),42.87174,42.87174,Cloudy,0.25
500,2,Hamilton (Mercedes),42.50081,85.37255,Cloudy,0.25
500,3,Hamilton (Mercedes),43.80426,129.17681,Cloudy,0.25
500,4,Hamilton (Mercedes),43.24852,172.42533,Cloudy,0.25
500,5,Hamilton (Mercedes),42.8541,215.27943,Cloudy,0.25
500,1,Verstappen (Red Bull),42.63951,42.63951,Cloudy,0.25
500,2,Verstappen (Red Bull),41.97773,84.61724,Cloudy,0.25
500,3,Verstappen (Red Bull),43.23789,127.85513,Cloudy,0.25
500,4,Verstappen (Red Bull),42.79524,170.65037,Cloudy,0.25
500,5,Verstappen (Red Bull),41.68469,212.33506,Cloudy,0.25
500,1,Norris (McLaren),43.5081,43.5081,Cloudy,0.25
500,2,Norris (McLaren),42.60855,86.11665,Cloudy,0.25
500,3,Norris (McLaren),41.55916,127.6758,Cloudy,0.25
500,4,Norris (McLaren),43.08353,170.75934,Cloudy,0.25
500,5,Norris (McLaren),43.40831,214.16765,Cloudy,0.25
500,1,Leclerc (Ferrari),43.43091,43.43091,Cloudy,0.25
500,2,Leclerc (Ferrari),42.37682,85.80773,Cloudy,0.25
500,3,Leclerc (Ferrari),42.32855,128.13629,Cloudy,0.25
500,4,Leclerc (Ferrari),42.22218,170.35847,Cloudy,0.25
500,5,Leclerc (Ferrari),42.63766,212.99613,Cloudy,0.25
