trial,lap,entrant,lap_time,cumulative_time,weather,wetness
1,1,Hamilton (Mercedes),41.84523,41.84523,Sunny,0.05
1,2,Hamilton (Mercedes),43.01163,84.85686,Sunny,0.05
1,3,Hamilton (Mercedes),42.59537,127.45222,Sunny,0.05
1,4,Hamilton (Mercedes),42.22619,169.67842,Sunny,0.05
1,5,Hamilton (Mercedes),43.01191,212.69033,Sunny,0.05
1,6,Hamilton (Mercedes),42.26926,254.95959,Sunny,0.05
1,7,Hamilton (Mercedes),42.2296,297.1892,Sunny,0.05
1,8,Hamilton (Mercedes),41.86822,339.05741,Sunny,0.05
1,9,Hamilton (Mercedes),42.66726,381.72467,Sunny,0.05
1,10,Hamilton (Mercedes),42.08829,423.81296,Sunny,0.05
1,1,Verstappen (Red Bull),41.94072,41.94072,Sunny,0.05
1,2,Verstappen (Red Bull),41.9937,83.93442,Sunny,0.05
1,3,Verstappen (Red Bull),41.7917,125.72612,Sunny,0.05
1,4,Verstappen (Red Bull),41.72289,167.44901,Sunny,0.05
1,5,Verstappen (Red Bull),41.73832,209.18733,Sunny,0.05
1,6,Verstappen (Red Bull),41.5465,250.73383,Sunny,0.05
1,7,Verstappen (Red Bull),41.10652,291.84034,Sunny,0.05
1,8,Verstappen (Red Bull),41.59569,333.43603,Sunny,0.05
1,9,Verstappen (Red Bull),42.54891,375.98495,Sunny,0.05
1,10,Verstappen (Red Bull),42.05706,418.04201,Sunny,0.05
1,1,Norris (McLaren),43.95113,43.95113,Sunny,0.05
1,2,Norris (McLaren),44.04191,87.99303,Sunny,0.05
1,3,Norris (McLaren),41.51971,129.51275,Sunny,0.05
1,4,Norris (McLaren),42.74272,172.25547,Sunny,0.05
1,5,Norris (McLaren),42.07574,214.3312,Sunny,0.05
1,6,Norris (McLaren),43.36571,257.69691,Sunny,0.05
1,7,Norris (McLaren),42.77317,300.47008,Sunny,0.05
1,8,Norris (McLaren),42.6223,343.09238,Sunny,0.05
1,9,Norris (McLaren),42.90993,386.00231,Sunny,0.05
1,10,Norris (McLaren),43.62171,429.62402,Sunny,0.05
2,1,Hamilton (Mercedes),41.46514,41.46514,Sunny,0.05
2,2,Hamilton (Mercedes),42.24221,83.70735,Sunny,0.05
2,3,Hamilton (Mercedes),42.067,125.77435,Sunny,0.05
2,4,Hamilton (Mercedes),42.33672,168.11107,Sunny,0.05
2,5,Hamilton (Mercedes),42.03232,210.14339,Sunny,0.05
2,6,Hamilton (Mercedes),43.22942,253.37281,Sunny,0.05
2,7,Hamilton (Mercedes),42.8384,296.21121,Sunny,0.05
2,8,Hamilton (Mercedes),43.13565,339.34686,Sunny,0.05
2,9,Hamilton (Mercedes),42.20011,381.54697,Sunny,0.05
2,10,Hamilton (Mercedes),42.60193,424.14891,Sunny,0.05
2,1,Verstappen (Red Bull),41.99815,41.99815,Sunny,0.05
2,2,Verstappen (Red Bull),41.92664,83.92479,Sunny,0.05
2,3,Verstappen (Red Bull),43.34041,127.2652,Sunny,0.05
2,4,Verstappen (Red Bull),41.14305,168.40825,Sunny,0.05
2,5,Verstappen (Red Bull),41.51592,209.92417,Sunny,0.05
2,6,Verstappen (Red Bull),41.88448,251.80865,Sunny,0.05
2,7,Verstappen (Red Bull),42.46051,294.26915,Sunny,0.05
2,8,Verstappen (Red Bull),42.79739,337.06654,Sunny,0.05
2,9,Verstappen (Red Bull),42.23307,379.29961,Sunny,0.05
2,10,Verstappen (Red Bull),42.98136,422.28097,Sunny,0.05
2,1,Norris (McLaren),42.63539,42.63539,Sunny,0.05
2,2,Norris (McLaren),42.84899,85.48439,Sunny,0.05
2,3,Norris (McLaren),42.98268,128.46707,Sunny,0.05
2,4,Norris (McLaren),41.75629,170.22336,Sunny,0.05
2,5,Norris (McLaren),41.12699,211.35036,Sunny,0.05
2,6,Norris (McLaren),42.48189,253.83225,Sunny,0.05
2,7,Norris (McLaren),42.87197,296.70422,Sunny,0.05
2,8,Norris (McLaren),42.4002,339.10441,Sunny,0.05
2,9,Norris (McLaren),43.12846,382.23287,Sunny,0.05
2,10,Norris (McLaren),43.76771,426.00058,Sunny,0.05
3,1,Hamilton (Mercedes),42.23652,42.23652,Sunny,0.05
3,2,Hamilton (Mercedes),40.92131,83.15783,Sunny,0.05
3,3,Hamilton (Mercedes),42.34681,125.50464,Sunny,0.05
3,4,Hamilton (Mercedes),42.08394,167.58858,Sunny,0.05
3,5,Hamilton (Mercedes),42.83463,210.42321,Sunny,0.05
3,6,Hamilton (Mercedes),42.02451,252.44773,Sunny,0.05
3,7,Hamilton (Mercedes),42.60602,295.05375,Sunny,0.05
3,8,Hamilton (Mercedes),42.57161,337.62536,Sunny,0.05
3,9,Hamilton (Mercedes),42.31936,379.94471,Sunny,0.05
3,10,Hamilton (Mercedes),41.88069,421.8254,Sunny,0.05
3,1,Verstappen (Red Bull),42.06503,42.06503,Sunny,0.05
3,2,Verstappen (Red Bull),41.31338,83.37842,Sunny,0.05
3,3,Verstappen (Red Bull),42.93312,126.31153,Sunny,0.05
3,4,Verstappen (Red Bull),43.35557,169.6671,Sunny,0.05
3,5,Verstappen (Red Bull),41.74734,211.41444,Sunny,0.05
3,6,Verstappen (Red Bull),41.79412,253.20856,Sunny,0.05
3,7,Verstappen (Red Bull),41.85958,295.06814,Sunny,0.05
3,8,Verstappen (Red Bull),42.91598,337.98412,Sunny,0.05
3,9,Verstappen (Red Bull),41.97667,379.96078,Sunny,0.05
3,10,Verstappen (Red Bull),42.66598,422.62676,Sunny,0.05
3,1,Norris (McLaren),42.02329,42.02329,Sunny,0.05
3,2,Norris (McLaren),42.34843,84.37171,Sunny,0.05
3,3,Norris (McLaren),43.42601,127.79773,Sunny,0.05
3,4,Norris (McLaren),42.96839,170.76612,Sunny,0.05
3,5,Norris (McLaren),41.84415,212.61027,Sunny,0.05
3,6,Norris (McLaren),42.59553,255.2058,Sunny,0.05
3,7,Norris (McLaren),41.75705,296.96285,Sunny,0.05
3,8,Norris (McLaren),43.49657,340.45943,Sunny,0.05
3,9,Norris (McLaren),43.16423,383.62366,Sunny,0.05
3,10,Norris (McLaren),43.75321,427.37687,Sunny,0.05
4,1,Hamilton (Mercedes),40.84128,40.84128,Sunny,0.05
4,2,Hamilton (Mercedes),42.35852,83.1998,Sunny,0.05
4,3,Hamilton (Mercedes),43.31268,126.51248,Sunny,0.05
4,4,Hamilton (Mercedes),43.00916,169.52163,Sunny,0.05
4,5,Hamilton (Mercedes),42.3931,211.91473,Sunny,0.05
4,6,Hamilton (Mercedes),42.11753,254.03226,Sunny,0.05
4,7,Hamilton (Mercedes),41.38079,295.41305,Sunny,0.05
4,8,Hamilton (Mercedes),42.82221,338.23526,Sunny,0.05
4,9,Hamilton (Mercedes),42.37608,380.61134,Sunny,0.05
4,10,Hamilton (Mercedes),41.92364,422.53498,Sunny,0.05
4,1,Verstappen (Red Bull),41.36438,41.36438,Sunny,0.05
4,2,Verstappen (Red Bull),41.87663,83.24101,Sunny,0.05
4,3,Verstappen (Red Bull),42.02615,125.26716,Sunny,0.05
4,4,Verstappen (Red Bull),41.49206,166.75922,Sunny,0.05
4,5,Verstappen (Red Bull),42.39076,209.14998,Sunny,0.05
4,6,Verstappen (Red Bull),40.85859,250.00858,Sunny,0.05
4,7,Verstappen (Red Bull),42.08146,292.09003,Sunny,0.05
4,8,Verstappen (Red Bull),41.73605,333.82608,Sunny,0.05
4,9,Verstappen (Red Bull),42.51308,376.33916,Sunny,0.05
4,10,Verstappen (Red Bull),42.04048,418.37964,Sunny,0.05
4,1,Norris (McLaren),42.58292,42.58292,Sunny,0.05
4,2,Norris (McLaren),42.76754,85.35046,Sunny,0.05
4,3,Norris (McLaren),43.18674,128.53721,Sunny,0.05
4,4,Norris (McLaren),41.91941,170.45662,Sunny,0.05
4,5,Norris (McLaren),41.08121,211.53783,Sunny,0.05
4,6,Norris (McLaren),42.60818,254.146,Sunny,0.05
4,7,Norris (McLaren),43.35316,297.49917,Sunny,0.05
4,8,Norris (McLaren),42.3779,339.87707,Sunny,0.05
4,9,Norris (McLaren),42.95582,382.83289,Sunny,0.05
4,10,Norris (McLaren),42.63844,425.47133,Sunny,0.05
5,1,Hamilton (Mercedes),42.06369,42.06369,Sunny,0.05
5,2,Hamilton (Mercedes),42.38801,84.4517,Sunny,0.05
5,3,Hamilton (Mercedes),42.2131,126.6648,Sunny,0.05
5,4,Hamilton (Mercedes),42.82892,169.49373,Sunny,0.05
5,5,Hamilton (Mercedes),42.58006,212.07379,Sunny,0.05
5,6,Hamilton (Mercedes),42.43026,254.50405,Sunny,0.05
5,7,Hamilton (Mercedes),41.87764,296.3817,Sunny,0.05
5,8,Hamilton (Mercedes),43.4702,339.8519,Sunny,0.05
5,9,Hamilton (Mercedes),42.48569,382.33759,Sunny,0.05
5,10,Hamilton (Mercedes),42.41531,424.7529,Sunny,0.05
5,1,Verstappen (Red Bull),41.45672,41.45672,Sunny,0.05
5,2,Verstappen (Red Bull),42.48715,83.94387,Sunny,0.05
5,3,Verstappen (Red Bull),42.96296,126.90683,Sunny,0.05
5,4,Verstappen (Red Bull),41.9791,168.88593,Sunny,0.05
5,5,Verstappen (Red Bull),42.64737,211.5333,Sunny,0.05
5,6,Verstappen (Red Bull),41.27368,252.80698,Sunny,0.05
5,7,Verstappen (Red Bull),42.06955,294.87653,Sunny,0.05
5,8,Verstappen (Red Bull),41.83452,336.71105,Sunny,0.05
5,9,Verstappen (Red Bull),41.36371,378.07476,Sunny,0.05
5,10,Verstappen (Red Bull),41.63425,419.70901,Sunny,0.05
5,1,Norris (McLaren),43.6257,43.6257,Sunny,0.05
5,2,Norris (McLaren),43.50624,87.13195,Sunny,0.05
5,3,Norris (McLaren),43.20688,130.33883,Sunny,0.05
5,4,Norris (McLaren),42.81336,173.15218,Sunny,0.05
5,5,Norris (McLaren),41.54886,214.70104,Sunny,0.05
5,6,Norris (McLaren),43.18897,257.89001,Sunny,0.05
5,7,Norris (McLaren),42.85929,300.7493,Sunny,0.05
5,8,Norris (McLaren),41.78176,342.53106,Sunny,0.05
5,9,Norris (McLaren),43.00354,385.5346,Sunny,0.05
5,10,Norris (McLaren),42.4388,427.9734,Sunny,0.05
6,1,Hamilton (Mercedes),42.85045,42.85045,Sunny,0.05
6,2,Hamilton (Mercedes),41.74692,84.59737,Sunny,0.05
6,3,Hamilton (Mercedes),42.32571,126.92308,Sunny,0.05
6,4,Hamilton (Mercedes),43.00526,169.92834,Sunny,0.05
6,5,Hamilton (Mercedes),42.46581,212.39415,Sunny,0.05
6,6,Hamilton (Mercedes),43.03648,255.43064,Sunny,0.05
6,7,Hamilton (Mercedes),42.27787,297.70851,Sunny,0.05
6,8,Hamilton (Mercedes),42.08569,339.7942,Sunny,0.05
6,9,Hamilton (Mercedes),42.63941,382.43361,Sunny,0.05
6,10,Hamilton (Mercedes),42.18069,424.61429,Sunny,0.05
6,1,Verstappen (Red Bull),42.17362,42.17362,Sunny,0.05
6,2,Verstappen (Red Bull),42.82364,84.99726,Sunny,0.05
6,3,Verstappen (Red Bull),41.76465,126.7619,Sunny,0.05
6,4,Verstappen (Red Bull),42.5567,169.31861,Sunny,0.05
6,5,Verstappen (Red Bull),41.1029,210.42151,Sunny,0.05
6,6,Verstappen (Red Bull),42.22019,252.64169,Sunny,0.05
6,7,Verstappen (Red Bull),42.0969,294.73859,Sunny,0.05
6,8,Verstappen (Red Bull),41.41156,336.15015,Sunny,0.05
6,9,Verstappen (Red Bull),42.62291,378.77306,Sunny,0.05
6,10,Verstappen (Red Bull),42.24391,421.01697,Sunny,0.05
6,1,Norris (McLaren),42.30841,42.30841,Sunny,0.05
6,2,Norris (McLaren),42.48813,84.79654,Sunny,0.05
6,3,Norris (McLaren),44.14175,128.93829,Sunny,0.05
6,4,Norris (McLaren),42.96458,171.90287,Sunny,0.05
6,5,Norris (McLaren),42.16832,214.0712,Sunny,0.05
6,6,Norris (McLaren),42.30428,256.37548,Sunny,0.05
6,7,Norris (McLaren),43.45292,299.8284,Sunny,0.05
6,8,Norris (McLaren),43.70362,343.53202,Sunny,0.05
6,9,Norris (McLaren),42.12332,385.65534,Sunny,0.05
6,10,Norris (McLaren),43.00773,428.66307,Sunny,0.05
7,1,Hamilton (Mercedes),42.09842,42.09842,Sunny,0.05
7,2,Hamilton (Mercedes),42.30348,84.4019,Sunny,0.05
7,3,Hamilton (Mercedes),42.04583,126.44774,Sunny,0.05
7,4,Hamilton (Mercedes),41.54833,167.99606,Sunny,0.05
7,5,Hamilton (Mercedes),43.19371,211.18977,Sunny,0.05
7,6,Hamilton (Mercedes),42.29208,253.48186,Sunny,0.05
7,7,Hamilton (Mercedes),41.64697,295.12883,Sunny,0.05
7,8,Hamilton (Mercedes),42.76511,337.89395,Sunny,0.05
7,9,Hamilton (Mercedes),42.56807,380.46201,Sunny,0.05
7,10,Hamilton (Mercedes),42.39756,422.85957,Sunny,0.05
7,1,Verstappen (Red Bull),42.39688,42.39688,Sunny,0.05
7,2,Verstappen (Red Bull),41.63926,84.03614,Sunny,0.05
7,3,Verstappen (Red Bull),41.96896,126.0051,Sunny,0.05
7,4,Verstappen (Red Bull),42.42455,168.42965,Sunny,0.05
7,5,Verstappen (Red Bull),41.10154,209.53119,Sunny,0.05
7,6,Verstappen (Red Bull),42.25243,251.78362,Sunny,0.05
7,7,Verstappen (Red Bull),41.87739,293.66101,Sunny,0.05
7,8,Verstappen (Red Bull),41.13592,334.79693,Sunny,0.05
7,9,Verstappen (Red Bull),41.59088,376.38781,Sunny,0.05
7,10,Verstappen (Red Bull),42.95097,419.33878,Sunny,0.05
7,1,Norris (McLaren),43.35977,43.35977,Sunny,0.05
7,2,Norris (McLaren),42.42423,85.784,Sunny,0.05
7,3,Norris (McLaren),40.97197,126.75597,Sunny,0.05
7,4,Norris (McLaren),42.95263,169.7086,Sunny,0.05
7,5,Norris (McLaren),42.63913,212.34773,Sunny,0.05
7,6,Norris (McLaren),42.28687,254.63459,Sunny,0.05
7,7,Norris (McLaren),44.29683,298.93143,Sunny,0.05
7,8,Norris (McLaren),43.09221,342.02364,Sunny,0.05
7,9,Norris (McLaren),42.18871,384.21235,Sunny,0.05
7,10,Norris (McLaren),43.04622,427.25857,Sunny,0.05
8,1,Hamilton (Mercedes),42.6767,42.6767,Sunny,0.05
8,2,Hamilton (Mercedes),42.17378,84.85048,Sunny,0.05
8,3,Hamilton (Mercedes),42.08645,126.93694,Sunny,0.05
8,4,Hamilton (Mercedes),43.58241,170.51934,Sunny,0.05
8,5,Hamilton (Mercedes),43.23069,213.75003,Sunny,0.05
8,6,Hamilton (Mercedes),41.90666,255.65668,Sunny,0.05
8,7,Hamilton (Mercedes),42.25388,297.91057,Sunny,0.05
8,8,Hamilton (Mercedes),41.66305,339.57362,Sunny,0.05
8,9,Hamilton (Mercedes),41.52797,381.10158,Sunny,0.05
8,10,Hamilton (Mercedes),41.92667,423.02825,Sunny,0.05
8,1,Verstappen (Red Bull),41.44651,41.44651,Sunny,0.05
8,2,Verstappen (Red Bull),41.33584,82.78235,Sunny,0.05
8,3,Verstappen (Red Bull),41.87913,124.66149,Sunny,0.05
8,4,Verstappen (Red Bull),42.92392,167.5854,Sunny,0.05
8,5,Verstappen (Red Bull),41.81491,209.40031,Sunny,0.05
8,6,Verstappen (Red Bull),42.34526,251.74557,Sunny,0.05
8,7,Verstappen (Red Bull),42.26955,294.01512,Sunny,0.05
8,8,Verstappen (Red Bull),42.15356,336.16868,Sunny,0.05
8,9,Verstappen (Red Bull),42.72781,378.89649,Sunny,0.05
8,10,Verstappen (Red Bull),41.83499,420.73148,Sunny,0.05
8,1,Norris (McLaren),43.22071,43.22071,Sunny,0.05
8,2,Norris (McLaren),43.11852,86.33922,Sunny,0.05
8,3,Norris (McLaren),42.02263,128.36185,Sunny,0.05
8,4,Norris (McLaren),42.77282,171.13467,Sunny,0.05
8,5,Norris (McLaren),41.76307,212.89774,Sunny,0.05
8,6,Norris (McLaren),43.32213,256.21987,Sunny,0.05
8,7,Norris (McLaren),42.77642,298.99629,Sunny,0.05
8,8,Norris (McLaren),41.55246,340.54875,Sunny,0.05
8,9,Norris (McLaren),41.57659,382.12534,Sunny,0.05
8,10,Norris (McLaren),43.86927,425.99461,Sunny,0.05
9,1,Hamilton (Mercedes),41.85159,41.85159,Sunny,0.05
9,2,Hamilton (Mercedes),42.06867,83.92026,Sunny,0.05
9,3,Hamilton (Mercedes),42.8387,126.75896,Sunny,0.05
9,4,Hamilton (Mercedes),42.64824,169.4072,Sunny,0.05
9,5,Hamilton (Mercedes),42.82124,212.22844,Sunny,0.05
9,6,Hamilton (Mercedes),41.82356,254.052,Sunny,0.05
9,7,Hamilton (Mercedes),42.29842,296.35042,Sunny,0.05
9,8,Hamilton (Mercedes),41.5802,337.93062,Sunny,0.05
9,9,Hamilton (Mercedes),41.88331,379.81393,Sunny,0.05
9,10,Hamilton (Mercedes),41.31223,421.12616,Sunny,0.05
9,1,Verstappen (Red Bull),42.53592,42.53592,Sunny,0.05
9,2,Verstappen (Red Bull),41.90179,84.43771,Sunny,0.05
9,3,Verstappen (Red Bull),42.39872,126.83643,Sunny,0.05
9,4,Verstappen (Red Bull),42.31962,169.15605,Sunny,0.05
9,5,Verstappen (Red Bull),42.18476,211.3408,Sunny,0.05
9,6,Verstappen (Red Bull),41.55516,252.89596,Sunny,0.05
9,7,Verstappen (Red Bull),42.8682,295.76416,Sunny,0.05
9,8,Verstappen (Red Bull),42.12187,337.88603,Sunny,0.05
9,9,Verstappen (Red Bull),42.55325,380.43929,Sunny,0.05
9,10,Verstappen (Red Bull),42.49084,422.93012,Sunny,0.05
9,1,Norris (McLaren),42.6911,42.6911,Sunny,0.05
9,2,Norris (McLaren),42.56,85.25109,Sunny,0.05
9,3,Norris (McLaren),42.82638,128.07747,Sunny,0.05
9,4,Norris (McLaren),43.98481,172.06228,Sunny,0.05
9,5,Norris (McLaren),43.13121,215.19349,Sunny,0.05
9,6,Norris (McLaren),43.24332,258.43681,Sunny,0.05
9,7,Norris (McLaren),42.5832,301.02001,Sunny,0.05
9,8,Norris (McLaren),40.74524,341.76525,Sunny,0.05
9,9,Norris (McLaren),42.14209,383.90734,Sunny,0.05
9,10,Norris (McLaren),43.39366,427.301,Sunny,0.05
10,1,Hamilton (Mercedes),42.79153,42.79153,Sunny,0.05
10,2,Hamilton (Mercedes),42.9637,85.75523,Sunny,0.05
10,3,Hamilton (Mercedes),42.28318,128.03841,Sunny,0.05
10,4,Hamilton (Mercedes),42.308,170.34641,Sunny,0.05
10,5,Hamilton (Mercedes),42.72928,213.07569,Sunny,0.05
10,6,Hamilton (Mercedes),42.44531,255.521,Sunny,0.05
10,7,Hamilton (Mercedes),42.5741,298.09511,Sunny,0.05
10,8,Hamilton (Mercedes),42.20534,340.30045,Sunny,0.05
10,9,Hamilton (Mercedes),41.8644,382.16485,Sunny,0.05
10,10,Hamilton (Mercedes),42.67136,424.8362,Sunny,0.05
10,1,Verstappen (Red Bull),41.26523,41.26523,Sunny,0.05
10,2,Verstappen (Red Bull),41.76912,83.03435,Sunny,0.05
10,3,Verstappen (Red Bull),42.48354,125.51789,Sunny,0.05
10,4,Verstappen (Red Bull),42.11428,167.63217,Sunny,0.05
10,5,Verstappen (Red Bull),42.73698,210.36915,Sunny,0.05
10,6,Verstappen (Red Bull),42.15493,252.52408,Sunny,0.05
10,7,Verstappen (Red Bull),40.79721,293.32129,Sunny,0.05
10,8,Verstappen (Red Bull),41.74003,335.06132,Sunny,0.05
10,9,Verstappen (Red Bull),42.12707,377.18839,Sunny,0.05
10,10,Verstappen (Red Bull),41.98206,419.17046,Sunny,0.05
10,1,Norris (McLaren),42.6073,42.6073,Sunny,0.05
10,2,Norris (McLaren),44.08483,86.69213,Sunny,0.05
10,3,Norris (McLaren),43.97704,130.66917,Sunny,0.05
10,4,Norris (McLaren),41.93153,172.6007,Sunny,0.05
10,5,Norris (McLaren),43.3464,215.9471,Sunny,0.05
10,6,Norris (McLaren),42.01512,257.96222,Sunny,0.05
10,7,Norris (McLaren),41.76431,299.72653,Sunny,0.05
10,8,Norris (McLaren),41.93715,341.66368,Sunny,0.05
10,9,Norris (McLaren),43.32666,384.99035,Sunny,0.05
10,10,Norris (McLaren),42.17822,427.16857,Sunny,0.05
11,1,Hamilton (Mercedes),42.91937,42.91937,Sunny,0.05
11,2,Hamilton (Mercedes),42.58635,85.50572,Sunny,0.05
11,3,Hamilton (Mercedes),42.85386,128.35959,Sunny,0.05
11,4,Hamilton (Mercedes),42.04559,170.40518,Sunny,0.05
11,5,Hamilton (Mercedes),41.92125,212.32643,Sunny,0.05
11,6,Hamilton (Mercedes),42.26588,254.59231,Sunny,0.05
11,7,Hamilton (Mercedes),42.14999,296.7423,Sunny,0.05
11,8,Hamilton (Mercedes),41.99857,338.74088,Sunny,0.05
11,9,Hamilton (Mercedes),43.26157,382.00245,Sunny,0.05
11,10,Hamilton (Mercedes),42.15082,424.15326,Sunny,0.05
11,1,Verstappen (Red Bull),42.36294,42.36294,Sunny,0.05
11,2,Verstappen (Red Bull),41.60148,83.96442,Sunny,0.05
11,3,Verstappen (Red Bull),43.48268,127.44711,Sunny,0.05
11,4,Verstappen (Red Bull),41.85133,169.29844,Sunny,0.05
11,5,Verstappen (Red Bull),42.24739,211.54583,Sunny,0.05
11,6,Verstappen (Red Bull),42.14258,253.68842,Sunny,0.05
11,7,Verstappen (Red Bull),41.64702,295.33544,Sunny,0.05
11,8,Verstappen (Red Bull),41.8697,337.20514,Sunny,0.05
11,9,Verstappen (Red Bull),41.66062,378.86575,Sunny,0.05
11,10,Verstappen (Red Bull),41.09723,419.96298,Sunny,0.05
11,1,Norris (McLaren),43.3021,43.3021,Sunny,0.05
11,2,Norris (McLaren),42.05309,85.35519,Sunny,0.05
11,3,Norris (McLaren),42.92317,128.27836,Sunny,0.05
11,4,Norris (McLaren),42.82892,171.10728,Sunny,0.05
11,5,Norris (McLaren),42.99758,214.10486,Sunny,0.05
11,6,Norris (McLaren),42.77883,256.8837,Sunny,0.05
11,7,Norris (McLaren),41.8248,298.70849,Sunny,0.05
11,8,Norris (McLaren),42.32036,341.02885,Sunny,0.05
11,9,Norris (McLaren),42.61053,383.63939,Sunny,0.05
11,10,Norris (McLaren),43.37058,427.00996,Sunny,0.05
12,1,Hamilton (Mercedes),42.52926,42.52926,Sunny,0.05
12,2,Hamilton (Mercedes),42.75252,85.28178,Sunny,0.05
12,3,Hamilton (Mercedes),41.92999,127.21177,Sunny,0.05
12,4,Hamilton (Mercedes),43.15746,170.36923,Sunny,0.05
12,5,Hamilton (Mercedes),42.92601,213.29523,Sunny,0.05
12,6,Hamilton (Mercedes),43.05779,256.35302,Sunny,0.05
12,7,Hamilton (Mercedes),42.31545,298.66847,Sunny,0.05
12,8,Hamilton (Mercedes),42.2724,340.94088,Sunny,0.05
12,9,Hamilton (Mercedes),42.2524,383.19328,Sunny,0.05
12,10,Hamilton (Mercedes),42.37426,425.56755,Sunny,0.05
12,1,Verstappen (Red Bull),42.21538,42.21538,Sunny,0.05
12,2,Verstappen (Red Bull),42.15617,84.37154,Sunny,0.05
12,3,Verstappen (Red Bull),41.19905,125.5706,Sunny,0.05
12,4,Verstappen (Red Bull),42.87849,168.44909,Sunny,0.05
12,5,Verstappen (Red Bull),42.44794,210.89703,Sunny,0.05
12,6,Verstappen (Red Bull),41.55797,252.455,Sunny,0.05
12,7,Verstappen (Red Bull),41.52255,293.97754,Sunny,0.05
12,8,Verstappen (Red Bull),41.4574,335.43494,Sunny,0.05
12,9,Verstappen (Red Bull),42.87725,378.31219,Sunny,0.05
12,10,Verstappen (Red Bull),42.7396,421.05179,Sunny,0.05
12,1,Norris (McLaren),42.22482,42.22482,Sunny,0.05
12,2,Norris (McLaren),43.12037,85.34519,Sunny,0.05
12,3,Norris (McLaren),42.73625,128.08144,Sunny,0.05
12,4,Norris (McLaren),43.27689,171.35833,Sunny,0.05
12,5,Norris (McLaren),42.06823,213.42657,Sunny,0.05
12,6,Norris (McLaren),43.04286,256.46942,Sunny,0.05
12,7,Norris (McLaren),42.82292,299.29234,Sunny,0.05
12,8,Norris (McLaren),41.72224,341.01458,Sunny,0.05
12,9,Norris (McLaren),43.05155,384.06613,Sunny,0.05
12,10,Norris (McLaren),42.42789,426.49402,Sunny,0.05
13,1,Hamilton (Mercedes),42.9132,42.9132,Sunny,0.05
13,2,Hamilton (Mercedes),42.46321,85.37641,Sunny,0.05
13,3,Hamilton (Mercedes),42.81716,128.19356,Sunny,0.05
13,4,Hamilton (Mercedes),42.61824,170.8118,Sunny,0.05
13,5,Hamilton (Mercedes),42.03441,212.84621,Sunny,0.05
13,6,Hamilton (Mercedes),42.17028,255.0165,Sunny,0.05
13,7,Hamilton (Mercedes),41.49397,296.51046,Sunny,0.05
13,8,Hamilton (Mercedes),41.54566,338.05612,Sunny,0.05
13,9,Hamilton (Mercedes),42.04531,380.10144,Sunny,0.05
13,10,Hamilton (Mercedes),41.9894,422.09084,Sunny,0.05
13,1,Verstappen (Red Bull),42.68338,42.68338,Sunny,0.05
13,2,Verstappen (Red Bull),41.85703,84.5404,Sunny,0.05
13,3,Verstappen (Red Bull),42.94869,127.48909,Sunny,0.05
13,4,Verstappen (Red Bull),42.4816,169.97069,Sunny,0.05
13,5,Verstappen (Red Bull),42.09696,212.06766,Sunny,0.05
13,6,Verstappen (Red Bull),42.60487,254.67253,Sunny,0.05
13,7,Verstappen (Red Bull),41.76423,296.43676,Sunny,0.05
13,8,Verstappen (Red Bull),42.05398,338.49074,Sunny,0.05
13,9,Verstappen (Red Bull),41.909,380.39974,Sunny,0.05
13,10,Verstappen (Red Bull),42.93713,423.33687,Sunny,0.05
13,1,Norris (McLaren),42.94637,42.94637,Sunny,0.05
13,2,Norris (McLaren),43.60754,86.55391,Sunny,0.05
13,3,Norris (McLaren),43.08304,129.63695,Sunny,0.05
13,4,Norris (McLaren),41.32305,170.96,Sunny,0.05
13,5,Norris (McLaren),42.18299,213.14299,Sunny,0.05
13,6,Norris (McLaren),42.36075,255.50374,Sunny,0.05
13,7,Norris (McLaren),43.18347,298.68722,Sunny,0.05
13,8,Norris (McLaren),42.14954,340.83675,Sunny,0.05
13,9,Norris (McLaren),42.39415,383.2309,Sunny,0.05
13,10,Norris (McLaren),42.67199,425.9029,Sunny,0.05
14,1,Hamilton (Mercedes),41.02799,41.02799,Sunny,0.05
14,2,Hamilton (Mercedes),42.93857,83.96655,Sunny,0.05
14,3,Hamilton (Mercedes),41.47713,125.44369,Sunny,0.05
14,4,Hamilton (Mercedes),42.5736,168.01729,Sunny,0.05
14,5,Hamilton (Mercedes),41.7808,209.7981,Sunny,0.05
14,6,Hamilton (Mercedes),43.61124,253.40933,Sunny,0.05
14,7,Hamilton (Mercedes),42.80827,296.21761,Sunny,0.05
14,8,Hamilton (Mercedes),43.40575,339.62335,Sunny,0.05
14,9,Hamilton (Mercedes),41.30361,380.92696,Sunny,0.05
14,10,Hamilton (Mercedes),42.84844,423.77541,Sunny,0.05
14,1,Verstappen (Red Bull),42.42425,42.42425,Sunny,0.05
14,2,Verstappen (Red Bull),42.65481,85.07906,Sunny,0.05
14,3,Verstappen (Red Bull),41.69941,126.77846,Sunny,0.05
14,4,Verstappen (Red Bull),41.9264,168.70486,Sunny,0.05
14,5,Verstappen (Red Bull),41.65344,210.3583,Sunny,0.05
14,6,Verstappen (Red Bull),41.71616,252.07446,Sunny,0.05
14,7,Verstappen (Red Bull),41.47307,293.54753,Sunny,0.05
14,8,Verstappen (Red Bull),42.36505,335.91258,Sunny,0.05
14,9,Verstappen (Red Bull),42.18351,378.09609,Sunny,0.05
14,10,Verstappen (Red Bull),42.21035,420.30644,Sunny,0.05
14,1,Norris (McLaren),42.85037,42.85037,Sunny,0.05
14,2,Norris (McLaren),44.89903,87.7494,Sunny,0.05
14,3,Norris (McLaren),43.52855,131.27795,Sunny,0.05
14,4,Norris (McLaren),42.40144,173.67939,Sunny,0.05
14,5,Norris (McLaren),42.57473,216.25412,Sunny,0.05
14,6,Norris (McLaren),43.99306,260.24718,Sunny,0.05
14,7,Norris (McLaren),42.32401,302.57119,Sunny,0.05
14,8,Norris (McLaren),42.49983,345.07102,Sunny,0.05
14,9,Norris (McLaren),43.13398,388.20499,Sunny,0.05
14,10,Norris (McLaren),42.70155,430.90654,Sunny,0.05
15,1,Hamilton (Mercedes),41.51122,41.51122,Sunny,0.05
15,2,Hamilton (Mercedes),42.00821,83.51943,Sunny,0.05
15,3,Hamilton (Mercedes),42.73747,126.25689,Sunny,0.05
15,4,Hamilton (Mercedes),42.73983,168.99672,Sunny,0.05
15,5,Hamilton (Mercedes),42.56973,211.56645,Sunny,0.05
15,6,Hamilton (Mercedes),42.65576,254.22221,Sunny,0.05
15,7,Hamilton (Mercedes),42.38588,296.6081,Sunny,0.05
15,8,Hamilton (Mercedes),42.70056,339.30866,Sunny,0.05
15,9,Hamilton (Mercedes),42.02748,381.33614,Sunny,0.05
15,10,Hamilton (Mercedes),42.31007,423.64622,Sunny,0.05
15,1,Verstappen (Red Bull),41.80932,41.80932,Sunny,0.05
15,2,Verstappen (Red Bull),41.29683,83.10615,Sunny,0.05
15,3,Verstappen (Red Bull),42.85375,125.9599,Sunny,0.05
15,4,Verstappen (Red Bull),41.75733,167.71723,Sunny,0.05
15,5,Verstappen (Red Bull),41.68292,209.40015,Sunny,0.05
15,6,Verstappen (Red Bull),41.08154,250.48169,Sunny,0.05
15,7,Verstappen (Red Bull),42.54698,293.02867,Sunny,0.05
15,8,Verstappen (Red Bull),43.05338,336.08205,Sunny,0.05
15,9,Verstappen (Red Bull),42.23275,378.3148,Sunny,0.05
15,10,Verstappen (Red Bull),42.71851,421.03331,Sunny,0.05
15,1,Norris (McLaren),42.15764,42.15764,Sunny,0.05
15,2,Norris (McLaren),41.92326,84.0809,Sunny,0.05
15,3,Norris (McLaren),43.68163,127.76252,Sunny,0.05
15,4,Norris (McLaren),43.348,171.11053,Sunny,0.05
15,5,Norris (McLaren),42.95671,214.06724,Sunny,0.05
15,6,Norris (McLaren),41.88685,255.95409,Sunny,0.05
15,7,Norris (McLaren),42.59545,298.54954,Sunny,0.05
15,8,Norris (McLaren),42.61758,341.16712,Sunny,0.05
15,9,Norris (McLaren),43.17224,384.33936,Sunny,0.05
15,10,Norris (McLaren),43.01573,427.35509,Sunny,0.05
16,1,Hamilton (Mercedes),42.59414,42.59414,Sunny,0.05
16,2,Hamilton (Mercedes),42.08578,84.67992,Sunny,0.05
16,3,Hamilton (Mercedes),42.96586,127.64578,Sunny,0.05
16,4,Hamilton (Mercedes),42.6036,170.24938,Sunny,0.05
16,5,Hamilton (Mercedes),42.09134,212.34072,Sunny,0.05
16,6,Hamilton (Mercedes),42.34679,254.68752,Sunny,0.05
16,7,Hamilton (Mercedes),42.99365,297.68117,Sunny,0.05
16,8,Hamilton (Mercedes),42.28587,339.96704,Sunny,0.05
16,9,Hamilton (Mercedes),43.19432,383.16136,Sunny,0.05
16,10,Hamilton (Mercedes),42.79467,425.95602,Sunny,0.05
16,1,Verstappen (Red Bull),41.52632,41.52632,Sunny,0.05
16,2,Verstappen (Red Bull),41.25468,82.78101,Sunny,0.05
16,3,Verstappen (Red Bull),42.4829,125.26391,Sunny,0.05
16,4,Verstappen (Red Bull),42.21502,167.47893,Sunny,0.05
16,5,Verstappen (Red Bull),42.10313,209.58205,Sunny,0.05
16,6,Verstappen (Red Bull),42.34689,251.92894,Sunny,0.05
16,7,Verstappen (Red Bull),41.38301,293.31195,Sunny,0.05
16,8,Verstappen (Red Bull),42.34375,335.6557,Sunny,0.05
16,9,Verstappen (Red Bull),42.34491,378.00061,Sunny,0.05
16,10,Verstappen (Red Bull),42.27303,420.27364,Sunny,0.05
16,1,Norris (McLaren),43.12851,43.12851,Sunny,0.05
16,2,Norris (McLaren),43.01347,86.14198,Sunny,0.05
16,3,Norris (McLaren),42.97696,129.11894,Sunny,0.05
16,4,Norris (McLaren),41.35952,170.47846,Sunny,0.05
16,5,Norris (McLaren),42.84259,213.32105,Sunny,0.05
16,6,Norris (McLaren),42.29092,255.61197,Sunny,0.05
16,7,Norris (McLaren),42.85147,298.46344,Sunny,0.05
16,8,Norris (McLaren),42.57013,341.03356,Sunny,0.05
16,9,Norris (McLaren),42.85166,383.88522,Sunny,0.05
16,10,Norris (McLaren),44.45885,428.34407,Sunny,0.05
17,1,Hamilton (Mercedes),42.29403,42.29403,Sunny,0.05
17,2,Hamilton (Mercedes),42.83193,85.12596,Sunny,0.05
17,3,Hamilton (Mercedes),43.00094,128.1269,Sunny,0.05
17,4,Hamilton (Mercedes),41.94137,170.06827,Sunny,0.05
17,5,Hamilton (Mercedes),43.02319,213.09146,Sunny,0.05
17,6,Hamilton (Mercedes),41.86794,254.9594,Sunny,0.05
17,7,Hamilton (Mercedes),41.93342,296.89282,Sunny,0.05
17,8,Hamilton (Mercedes),43.13629,340.02912,Sunny,0.05
17,9,Hamilton (Mercedes),43.09184,383.12095,Sunny,0.05
17,10,Hamilton (Mercedes),42.68778,425.80873,Sunny,0.05
17,1,Verstappen (Red Bull),41.85679,41.85679,Sunny,0.05
17,2,Verstappen (Red Bull),42.2238,84.08059,Sunny,0.05
17,3,Verstappen (Red Bull),41.39662,125.47721,Sunny,0.05
17,4,Verstappen (Red Bull),42.08482,167.56203,Sunny,0.05
17,5,Verstappen (Red Bull),42.34578,209.9078,Sunny,0.05
17,6,Verstappen (Red Bull),41.58693,251.49474,Sunny,0.05
17,7,Verstappen (Red Bull),42.83286,294.32759,Sunny,0.05
17,8,Verstappen (Red Bull),42.58456,336.91215,Sunny,0.05
17,9,Verstappen (Red Bull),42.09244,379.00459,Sunny,0.05
17,10,Verstappen (Red Bull),42.43394,421.43853,Sunny,0.05
17,1,Norris (McLaren),41.3693,41.3693,Sunny,0.05
17,2,Norris (McLaren),43.27016,84.63946,Sunny,0.05
17,3,Norris (McLaren),43.19739,127.83685,Sunny,0.05
17,4,Norris (McLaren),43.2084,171.04525,Sunny,0.05
17,5,Norris (McLaren),43.77073,214.81598,Sunny,0.05
17,6,Norris (McLaren),41.53312,256.3491,Sunny,0.05
17,7,Norris (McLaren),42.66904,299.01813,Sunny,0.05
17,8,Norris (McLaren),41.687,340.70514,Sunny,0.05
17,9,Norris (McLaren),41.84078,382.54592,Sunny,0.05
17,10,Norris (McLaren),43.11563,425.66155,Sunny,0.05
18,1,Hamilton (Mercedes),41.75251,41.75251,Sunny,0.05
18,2,Hamilton (Mercedes),41.98649,83.739,Sunny,0.05
18,3,Hamilton (Mercedes),42.18961,125.92861,Sunny,0.05
18,4,Hamilton (Mercedes),42.7246,168.6532,Sunny,0.05
18,5,Hamilton (Mercedes),42.29197,210.94518,Sunny,0.05
18,6,Hamilton (Mercedes),42.83258,253.77775,Sunny,0.05
18,7,Hamilton (Mercedes),43.13592,296.91368,Sunny,0.05
18,8,Hamilton (Mercedes),41.62444,338.53812,Sunny,0.05
18,9,Hamilton (Mercedes),41.85094,380.38905,Sunny,0.05
18,10,Hamilton (Mercedes),42.63565,423.02471,Sunny,0.05
18,1,Verstappen (Red Bull),41.63417,41.63417,Sunny,0.05
18,2,Verstappen (Red Bull),42.65883,84.29301,Sunny,0.05
18,3,Verstappen (Red Bull),42.10575,126.39876,Sunny,0.05
18,4,Verstappen (Red Bull),42.91992,169.31868,Sunny,0.05
18,5,Verstappen (Red Bull),41.6093,210.92798,Sunny,0.05
18,6,Verstappen (Red Bull),42.3952,253.32318,Sunny,0.05
18,7,Verstappen (Red Bull),42.31888,295.64206,Sunny,0.05
18,8,Verstappen (Red Bull),42.38277,338.02483,Sunny,0.05
18,9,Verstappen (Red Bull),43.09336,381.11819,Sunny,0.05
18,10,Verstappen (Red Bull),42.17316,423.29135,Sunny,0.05
18,1,Norris (McLaren),43.41725,43.41725,Sunny,0.05
18,2,Norris (McLaren),43.76785,87.18511,Sunny,0.05
18,3,Norris (McLaren),42.50633,129.69144,Sunny,0.05
18,4,Norris (McLaren),43.56291,173.25435,Sunny,0.05
18,5,Norris (McLaren),43.44905,216.7034,Sunny,0.05
18,6,Norris (McLaren),43.65176,260.35516,Sunny,0.05
18,7,Norris (McLaren),43.06376,303.41892,Sunny,0.05
18,8,Norris (McLaren),42.99218,346.41109,Sunny,0.05
18,9,Norris (McLaren),43.04316,389.45425,Sunny,0.05
18,10,Norris (McLaren),43.07025,432.52451,Sunny,0.05
19,1,Hamilton (Mercedes),42.67567,42.67567,Sunny,0.05
19,2,Hamilton (Mercedes),42.10927,84.78494,Sunny,0.05
19,3,Hamilton (Mercedes),42.19504,126.97998,Sunny,0.05
19,4,Hamilton (Mercedes),42.4447,169.42468,Sunny,0.05
19,5,Hamilton (Mercedes),42.97221,212.39689,Sunny,0.05
19,6,Hamilton (Mercedes),42.60344,255.00034,Sunny,0.05
19,7,Hamilton (Mercedes),42.29771,297.29805,Sunny,0.05
19,8,Hamilton (Mercedes),43.23981,340.53786,Sunny,0.05
19,9,Hamilton (Mercedes),41.97302,382.51088,Sunny,0.05
19,10,Hamilton (Mercedes),43.01457,425.52545,Sunny,0.05
19,1,Verstappen (Red Bull),42.08354,42.08354,Sunny,0.05
19,2,Verstappen (Red Bull),42.02132,84.10486,Sunny,0.05
19,3,Verstappen (Red Bull),42.14679,126.25165,Sunny,0.05
19,4,Verstappen (Red Bull),41.47805,167.7297,Sunny,0.05
19,5,Verstappen (Red Bull),42.42522,210.15492,Sunny,0.05
19,6,Verstappen (Red Bull),42.19109,252.34601,Sunny,0.05
19,7,Verstappen (Red Bull),42.09966,294.44567,Sunny,0.05
19,8,Verstappen (Red Bull),42.55873,337.00441,Sunny,0.05
19,9,Verstappen (Red Bull),41.25795,378.26236,Sunny,0.05
19,10,Verstappen (Red Bull),41.76234,420.0247,Sunny,0.05
19,1,Norris (McLaren),42.01316,42.01316,Sunny,0.05
19,2,Norris (McLaren),42.15182,84.16498,Sunny,0.05
19,3,Norris (McLaren),42.46935,126.63433,Sunny,0.05
19,4,Norris (McLaren),42.0684,168.70273,Sunny,0.05
19,5,Norris (McLaren),42.9242,211.62693,Sunny,0.05
19,6,Norris (McLaren),41.69858,253.32551,Sunny,0.05
19,7,Norris (McLaren),42.70381,296.02932,Sunny,0.05
19,8,Norris (McLaren),43.41437,339.44369,Sunny,0.05
19,9,Norris (McLaren),42.83461,382.2783,Sunny,0.05
19,10,Norris (McLaren),43.27617,425.55447,Sunny,0.05
20,1,Hamilton (Mercedes),42.12866,42.12866,Sunny,0.05
20,2,Hamilton (Mercedes),41.86846,83.99712,Sunny,0.05
20,3,Hamilton (Mercedes),42.72179,126.71891,Sunny,0.05
20,4,Hamilton (Mercedes),42.58451,169.30342,Sunny,0.05
20,5,Hamilton (Mercedes),42.77351,212.07693,Sunny,0.05
20,6,Hamilton (Mercedes),41.94122,254.01815,Sunny,0.05
20,7,Hamilton (Mercedes),42.17331,296.19146,Sunny,0.05
20,8,Hamilton (Mercedes),42.39566,338.58712,Sunny,0.05
20,9,Hamilton (Mercedes),43.21308,381.8002,Sunny,0.05
20,10,Hamilton (Mercedes),43.05929,424.85949,Sunny,0.05
20,1,Verstappen (Red Bull),42.40565,42.40565,Sunny,0.05
20,2,Verstappen (Red Bull),42.52604,84.93169,Sunny,0.05
20,3,Verstappen (Red Bull),42.86342,127.79511,Sunny,0.05
20,4,Verstappen (Red Bull),41.84714,169.64225,Sunny,0.05
20,5,Verstappen (Red Bull),41.99152,211.63378,Sunny,0.05
20,6,Verstappen (Red Bull),42.09173,253.72551,Sunny,0.05
20,7,Verstappen (Red Bull),43.20614,296.93166,Sunny,0.05
20,8,Verstappen (Red Bull),42.37089,339.30255,Sunny,0.05
20,9,Verstappen (Red Bull),41.29644,380.59898,Sunny,0.05
20,10,Verstappen (Red Bull),42.67018,423.26917,Sunny,0.05
20,1,Norris (McLaren),41.51697,41.51697,Sunny,0.05
20,2,Norris (McLaren),42.97421,84.49118,Sunny,0.05
20,3,Norris (McLaren),42.77625,127.26743,Sunny,0.05
20,4,Norris (McLaren),43.06244,170.32987,Sunny,0.05
20,5,Norris (McLaren),43.29788,213.62775,Sunny,0.05
20,6,Norris (McLaren),43.21414,256.84189,Sunny,0.05
20,7,Norris (McLaren),41.77735,298.61924,Sunny,0.05
20,8,Norris (McLaren),43.04152,341.66076,Sunny,0.05
20,9,Norris (McLaren),44.01471,385.67547,Sunny,0.05
20,10,Norris (McLaren),42.70108,428.37656,Sunny,0.05
21,1,Hamilton (Mercedes),42.5585,42.5585,Sunny,0.05
21,2,Hamilton (Mercedes),43.96623,86.52473,Sunny,0.05
21,3,Hamilton (Mercedes),42.84976,129.37449,Sunny,0.05
21,4,Hamilton (Mercedes),42.59349,171.96797,Sunny,0.05
21,5,Hamilton (Mercedes),42.23459,214.20257,Sunny,0.05
21,6,Hamilton (Mercedes),43.4142,257.61677,Sunny,0.05
21,7,Hamilton (Mercedes),42.07628,299.69305,Sunny,0.05
21,8,Hamilton (Mercedes),42.15586,341.84891,Sunny,0.05
21,9,Hamilton (Mercedes),42.77903,384.62795,Sunny,0.05
21,10,Hamilton (Mercedes),42.68086,427.30881,Sunny,0.05
21,1,Verstappen (Red Bull),42.50191,42.50191,Sunny,0.05
21,2,Verstappen (Red Bull),42.54388,85.04579,Sunny,0.05
21,3,Verstappen (Red Bull),42.17047,127.21625,Sunny,0.05
21,4,Verstappen (Red Bull),42.7563,169.97256,Sunny,0.05
21,5,Verstappen (Red Bull),41.94661,211.91917,Sunny,0.05
21,6,Verstappen (Red Bull),41.71006,253.62923,Sunny,0.05
21,7,Verstappen (Red Bull),41.33874,294.96797,Sunny,0.05
21,8,Verstappen (Red Bull),42.16896,337.13693,Sunny,0.05
21,9,Verstappen (Red Bull),42.1093,379.24624,Sunny,0.05
21,10,Verstappen (Red Bull),42.7126,421.95883,Sunny,0.05
21,1,Norris (McLaren),42.78816,42.78816,Sunny,0.05
21,2,Norris (McLaren),43.36354,86.15171,Sunny,0.05
21,3,Norris (McLaren),41.33888,127.49058,Sunny,0.05
21,4,Norris (McLaren),42.89863,170.38921,Sunny,0.05
21,5,Norris (McLaren),43.34425,213.73346,Sunny,0.05
21,6,Norris (McLaren),42.81781,256.55127,Sunny,0.05
21,7,Norris (McLaren),41.85498,298.40625,Sunny,0.05
21,8,Norris (McLaren),42.86947,341.27572,Sunny,0.05
21,9,Norris (McLaren),42.74976,384.02548,Sunny,0.05
21,10,Norris (McLaren),43.34675,427.37223,Sunny,0.05
22,1,Hamilton (Mercedes),43.13565,43.13565,Sunny,0.05
22,2,Hamilton (Mercedes),42.20266,85.33831,Sunny,0.05
22,3,Hamilton (Mercedes),42.68584,128.02415,Sunny,0.05
22,4,Hamilton (Mercedes),42.65676,170.68091,Sunny,0.05
22,5,Hamilton (Mercedes),42.8777,213.55861,Sunny,0.05
22,6,Hamilton (Mercedes),42.23665,255.79526,Sunny,0.05
22,7,Hamilton (Mercedes),42.74669,298.54196,Sunny,0.05
22,8,Hamilton (Mercedes),43.15731,341.69927,Sunny,0.05
22,9,Hamilton (Mercedes),43.32948,385.02875,Sunny,0.05
22,10,Hamilton (Mercedes),42.87774,427.90649,Sunny,0.05
22,1,Verstappen (Red Bull),42.45748,42.45748,Sunny,0.05
22,2,Verstappen (Red Bull),42.01348,84.47097,Sunny,0.05
22,3,Verstappen (Red Bull),42.70873,127.1797,Sunny,0.05
22,4,Verstappen (Red Bull),42.46674,169.64644,Sunny,0.05
22,5,Verstappen (Red Bull),42.30312,211.94956,Sunny,0.05
22,6,Verstappen (Red Bull),42.36212,254.31168,Sunny,0.05
22,7,Verstappen (Red Bull),43.24583,297.55752,Sunny,0.05
22,8,Verstappen (Red Bull),43.24435,340.80187,Sunny,0.05
22,9,Verstappen (Red Bull),42.18356,382.98544,Sunny,0.05
22,10,Verstappen (Red Bull),42.1277,425.11313,Sunny,0.05
22,1,Norris (McLaren),43.69886,43.69886,Sunny,0.05
22,2,Norris (McLaren),43.83614,87.53499,Sunny,0.05
22,3,Norris (McLaren),42.62651,130.1615,Sunny,0.05
22,4,Norris (McLaren),43.45758,173.61909,Sunny,0.05
22,5,Norris (McLaren),41.95612,215.5752,Sunny,0.05
22,6,Norris (McLaren),43.62364,259.19884,Sunny,0.05
22,7,Norris (McLaren),43.0524,302.25125,Sunny,0.05
22,8,Norris (McLaren),42.28464,344.53589,Sunny,0.05
22,9,Norris (McLaren),42.63602,387.17191,Sunny,0.05
22,10,Norris (McLaren),42.48752,429.65943,Sunny,0.05
23,1,Hamilton (Mercedes),42.44667,42.44667,Sunny,0.05
23,2,Hamilton (Mercedes),42.94798,85.39465,Sunny,0.05
23,3,Hamilton (Mercedes),42.18142,127.57607,Sunny,0.05
23,4,Hamilton (Mercedes),42.81909,170.39516,Sunny,0.05
23,5,Hamilton (Mercedes),42.50773,212.9029,Sunny,0.05
23,6,Hamilton (Mercedes),41.11306,254.01596,Sunny,0.05
23,7,Hamilton (Mercedes),42.32572,296.34168,Sunny,0.05
23,8,Hamilton (Mercedes),41.76885,338.11053,Sunny,0.05
23,9,Hamilton (Mercedes),42.21844,380.32897,Sunny,0.05
23,10,Hamilton (Mercedes),42.756,423.08497,Sunny,0.05
23,1,Verstappen (Red Bull),41.69174,41.69174,Sunny,0.05
23,2,Verstappen (Red Bull),41.50008,83.19182,Sunny,0.05
23,3,Verstappen (Red Bull),42.63101,125.82282,Sunny,0.05
23,4,Verstappen (Red Bull),41.81828,167.64111,Sunny,0.05
23,5,Verstappen (Red Bull),41.74715,209.38826,Sunny,0.05
23,6,Verstappen (Red Bull),41.96416,251.35241,Sunny,0.05
23,7,Verstappen (Red Bull),41.24813,292.60054,Sunny,0.05
23,8,Verstappen (Red Bull),42.43844,335.03898,Sunny,0.05
23,9,Verstappen (Red Bull),41.17885,376.21783,Sunny,0.05
23,10,Verstappen (Red Bull),41.8674,418.08523,Sunny,0.05
23,1,Norris (McLaren),43.56352,43.56352,Sunny,0.05
23,2,Norris (McLaren),41.8934,85.45692,Sunny,0.05
23,3,Norris (McLaren),42.92887,128.3858,Sunny,0.05
23,4,Norris (McLaren),41.30965,169.69545,Sunny,0.05
23,5,Norris (McLaren),42.90746,212.6029,Sunny,0.05
23,6,Norris (McLaren),43.10863,255.71153,Sunny,0.05
23,7,Norris (McLaren),42.73829,298.44983,Sunny,0.05
23,8,Norris (McLaren),41.86652,340.31635,Sunny,0.05
23,9,Norris (McLaren),43.54884,383.86519,Sunny,0.05
23,10,Norris (McLaren),42.77108,426.63627,Sunny,0.05
24,1,Hamilton (Mercedes),42.54055,42.54055,Sunny,0.05
24,2,Hamilton (Mercedes),42.34462,84.88517,Sunny,0.05
24,3,Hamilton (Mercedes),43.1046,127.98976,Sunny,0.05
24,4,Hamilton (Mercedes),42.24729,170.23705,Sunny,0.05
24,5,Hamilton (Mercedes),42.42133,212.65839,Sunny,0.05
24,6,Hamilton (Mercedes),42.45136,255.10975,Sunny,0.05
24,7,Hamilton (Mercedes),41.83525,296.94499,Sunny,0.05
24,8,Hamilton (Mercedes),41.90127,338.84626,Sunny,0.05
24,9,Hamilton (Mercedes),41.98275,380.82901,Sunny,0.05
24,10,Hamilton (Mercedes),43.21155,424.04057,Sunny,0.05
24,1,Verstappen (Red Bull),42.28261,42.28261,Sunny,0.05
24,2,Verstappen (Red Bull),43.1513,85.43392,Sunny,0.05
24,3,Verstappen (Red Bull),42.2485,127.68241,Sunny,0.05
24,4,Verstappen (Red Bull),41.50878,169.19119,Sunny,0.05
24,5,Verstappen (Red Bull),41.6073,210.79849,Sunny,0.05
24,6,Verstappen (Red Bull),42.56616,253.36465,Sunny,0.05
24,7,Verstappen (Red Bull),42.1871,295.55175,Sunny,0.05
24,8,Verstappen (Red Bull),42.84818,338.39993,Sunny,0.05
24,9,Verstappen (Red Bull),42.16301,380.56294,Sunny,0.05
24,10,Verstappen (Red Bull),41.92111,422.48405,Sunny,0.05
24,1,Norris (McLaren),43.00734,43.00734,Sunny,0.05
24,2,Norris (McLaren),42.17409,85.18143,Sunny,0.05
24,3,Norris (McLaren),41.76108,126.9425,Sunny,0.05
24,4,Norris (McLaren),42.12588,169.06838,Sunny,0.05
24,5,Norris (McLaren),42.53858,211.60696,Sunny,0.05
24,6,Norris (McLaren),43.12325,254.73021,Sunny,0.05
24,7,Norris (McLaren),42.03242,296.76263,Sunny,0.05
24,8,Norris (McLaren),42.73937,339.502,Sunny,0.05
24,9,Norris (McLaren),42.48192,381.98392,Sunny,0.05
24,10,Norris (McLaren),41.97901,423.96292,Sunny,0.05
25,1,Hamilton (Mercedes),42.73962,42.73962,Sunny,0.05
25,2,Hamilton (Mercedes),42.47968,85.21931,Sunny,0.05
25,3,Hamilton (Mercedes),41.34785,126.56716,Sunny,0.05
25,4,Hamilton (Mercedes),42.52212,169.08928,Sunny,0.05
25,5,Hamilton (Mercedes),42.89132,211.98061,Sunny,0.05
25,6,Hamilton (Mercedes),42.97529,254.9559,Sunny,0.05
25,7,Hamilton (Mercedes),42.00182,296.95773,Sunny,0.05
25,8,Hamilton (Mercedes),42.31181,339.26954,Sunny,0.05
25,9,Hamilton (Mercedes),42.81768,382.08722,Sunny,0.05
25,10,Hamilton (Mercedes),42.11617,424.20338,Sunny,0.05
25,1,Verstappen (Red Bull),41.85279,41.85279,Sunny,0.05
25,2,Verstappen (Red Bull),42.50983,84.36262,Sunny,0.05
25,3,Verstappen (Red Bull),41.63809,126.00071,Sunny,0.05
25,4,Verstappen (Red Bull),42.20495,168.20566,Sunny,0.05
25,5,Verstappen (Red Bull),42.2261,210.43176,Sunny,0.05
25,6,Verstappen (Red Bull),42.573,253.00475,Sunny,0.05
25,7,Verstappen (Red Bull),42.83435,295.8391,Sunny,0.05
25,8,Verstappen (Red Bull),43.09495,338.93405,Sunny,0.05
25,9,Verstappen (Red Bull),42.88478,381.81884,Sunny,0.05
25,10,Verstappen (Red Bull),41.46347,423.28231,Sunny,0.05
25,1,Norris (McLaren),43.42606,43.42606,Sunny,0.05
25,2,Norris (McLaren),43.22884,86.6549,Sunny,0.05
25,3,Norris (McLaren),42.28223,128.93713,Sunny,0.05
25,4,Norris (McLaren),41.17817,170.11531,Sunny,0.05
25,5,Norris (McLaren),41.74518,211.86049,Sunny,0.05
25,6,Norris (McLaren),42.78274,254.64323,Sunny,0.05
25,7,Norris (McLaren),42.42851,297.07174,Sunny,0.05
25,8,Norris (McLaren),42.83822,339.90996,Sunny,0.05
25,9,Norris (McLaren),42.45695,382.36691,Sunny,0.05
25,10,Norris (McLaren),42.54691,424.91382,Sunny,0.05
26,1,Hamilton (Mercedes),41.54452,41.54452,Sunny,0.05
26,2,Hamilton (Mercedes),42.40427,83.9488,Sunny,0.05
26,3,Hamilton (Mercedes),41.67294,125.62174,Sunny,0.05
26,4,Hamilton (Mercedes),42.39629,168.01803,Sunny,0.05
26,5,Hamilton (Mercedes),42.39008,210.40811,Sunny,0.05
26,6,Hamilton (Mercedes),42.77128,253.17939,Sunny,0.05
26,7,Hamilton (Mercedes),42.05035,295.22974,Sunny,0.05
26,8,Hamilton (Mercedes),42.18753,337.41727,Sunny,0.05
26,9,Hamilton (Mercedes),42.5869,380.00417,Sunny,0.05
26,10,Hamilton (Mercedes),43.3855,423.38967,Sunny,0.05
26,1,Verstappen (Red Bull),41.06941,41.06941,Sunny,0.05
26,2,Verstappen (Red Bull),41.47451,82.54393,Sunny,0.05
26,3,Verstappen (Red Bull),41.42306,123.96699,Sunny,0.05
26,4,Verstappen (Red Bull),42.38929,166.35628,Sunny,0.05
26,5,Verstappen (Red Bull),42.33132,208.6876,Sunny,0.05
26,6,Verstappen (Red Bull),42.52739,251.21498,Sunny,0.05
26,7,Verstappen (Red Bull),41.14994,292.36492,Sunny,0.05
26,8,Verstappen (Red Bull),43.59698,335.96191,Sunny,0.05
26,9,Verstappen (Red Bull),42.19597,378.15788,Sunny,0.05
26,10,Verstappen (Red Bull),42.41532,420.5732,Sunny,0.05
26,1,Norris (McLaren),43.70486,43.70486,Sunny,0.05
26,2,Norris (McLaren),43.4063,87.11116,Sunny,0.05
26,3,Norris (McLaren),42.79238,129.90354,Sunny,0.05
26,4,Norris (McLaren),42.726,172.62954,Sunny,0.05
26,5,Norris (McLaren),44.04691,216.67645,Sunny,0.05
26,6,Norris (McLaren),42.88403,259.56048,Sunny,0.05
26,7,Norris (McLaren),42.36164,301.92213,Sunny,0.05
26,8,Norris (McLaren),42.57626,344.49839,Sunny,0.05
26,9,Norris (McLaren),42.481,386.97939,Sunny,0.05
26,10,Norris (McLaren),43.95259,430.93198,Sunny,0.05
27,1,Hamilton (Mercedes),42.8202,42.8202,Sunny,0.05
27,2,Hamilton (Mercedes),42.51386,85.33405,Sunny,0.05
27,3,Hamilton (Mercedes),43.95109,129.28514,Sunny,0.05
27,4,Hamilton (Mercedes),41.97955,171.2647,Sunny,0.05
27,5,Hamilton (Mercedes),43.37999,214.64468,Sunny,0.05
27,6,Hamilton (Mercedes),42.44291,257.08759,Sunny,0.05
27,7,Hamilton (Mercedes),41.68284,298.77043,Sunny,0.05
27,8,Hamilton (Mercedes),42.33528,341.10571,Sunny,0.05
27,9,Hamilton (Mercedes),42.93728,384.043,Sunny,0.05
27,10,Hamilton (Mercedes),42.09107,426.13407,Sunny,0.05
27,1,Verstappen (Red Bull),40.55655,40.55655,Sunny,0.05
27,2,Verstappen (Red Bull),40.65932,81.21587,Sunny,0.05
27,3,Verstappen (Red Bull),42.37841,123.59428,Sunny,0.05
27,4,Verstappen (Red Bull),42.02967,165.62395,Sunny,0.05
27,5,Verstappen (Red Bull),42.58772,208.21167,Sunny,0.05
27,6,Verstappen (Red Bull),43.30813,251.5198,Sunny,0.05
27,7,Verstappen (Red Bull),42.31253,293.83234,Sunny,0.05
27,8,Verstappen (Red Bull),41.96635,335.79868,Sunny,0.05
27,9,Verstappen (Red Bull),41.64393,377.44261,Sunny,0.05
27,10,Verstappen (Red Bull),42.21461,419.65722,Sunny,0.05
27,1,Norris (McLaren),43.00196,43.00196,Sunny,0.05
27,2,Norris (McLaren),42.43259,85.43455,Sunny,0.05
27,3,Norris (McLaren),43.1509,128.58545,Sunny,0.05
27,4,Norris (McLaren),43.71064,172.29609,Sunny,0.05
27,5,Norris (McLaren),42.19504,214.49113,Sunny,0.05
27,6,Norris (McLaren),43.21305,257.70418,Sunny,0.05
27,7,Norris (McLaren),41.47566,299.17984,Sunny,0.05
27,8,Norris (McLaren),42.76028,341.94012,Sunny,0.05
27,9,Norris (McLaren),43.16282,385.10294,Sunny,0.05
27,10,Norris (McLaren),43.17119,428.27414,Sunny,0.05
28,1,Hamilton (Mercedes),43.32153,43.32153,Sunny,0.05
28,2,Hamilton (Mercedes),42.59467,85.9162,Sunny,0.05
28,3,Hamilton (Mercedes),42.3651,128.28131,Sunny,0.05
28,4,Hamilton (Mercedes),42.9754,171.25671,Sunny,0.05
28,5,Hamilton (Mercedes),41.52826,212.78497,Sunny,0.05
28,6,Hamilton (Mercedes),41.99508,254.78005,Sunny,0.05
28,7,Hamilton (Mercedes),43.19557,297.97562,Sunny,0.05
28,8,Hamilton (Mercedes),42.95253,340.92816,Sunny,0.05
28,9,Hamilton (Mercedes),42.74978,383.67794,Sunny,0.05
28,10,Hamilton (Mercedes),42.45363,426.13157,Sunny,0.05
28,1,Verstappen (Red Bull),41.85867,41.85867,Sunny,0.05
28,2,Verstappen (Red Bull),42.49732,84.35599,Sunny,0.05
28,3,Verstappen (Red Bull),42.03509,126.39108,Sunny,0.05
28,4,Verstappen (Red Bull),42.55904,168.95013,Sunny,0.05
28,5,Verstappen (Red Bull),42.25916,211.20929,Sunny,0.05
28,6,Verstappen (Red Bull),42.22105,253.43034,Sunny,0.05
28,7,Verstappen (Red Bull),41.64257,295.0729,Sunny,0.05
28,8,Verstappen (Red Bull),43.3615,338.43441,Sunny,0.05
28,9,Verstappen (Red Bull),42.35676,380.79117,Sunny,0.05
28,10,Verstappen (Red Bull),42.39937,423.19054,Sunny,0.05
28,1,Norris (McLaren),43.96535,43.96535,Sunny,0.05
28,2,Norris (McLaren),42.6105,86.57585,Sunny,0.05
28,3,Norris (McLaren),42.41655,128.9924,Sunny,0.05
28,4,Norris (McLaren),42.73289,171.72529,Sunny,0.05
28,5,Norris (McLaren),42.22901,213.95429,Sunny,0.05
28,6,Norris (McLaren),43.07405,257.02834,Sunny,0.05
28,7,Norris (McLaren),44.68228,301.71062,Sunny,0.05
28,8,Norris (McLaren),42.45604,344.16666,Sunny,0.05
28,9,Norris (McLaren),43.56074,387.7274,Sunny,0.05
28,10,Norris (McLaren),43.76481,431.49222,Sunny,0.05
29,1,Hamilton (Mercedes),42.01717,42.01717,Sunny,0.05
29,2,Hamilton (Mercedes),42.65391,84.67108,Sunny,0.05
29,3,Hamilton (Mercedes),41.75277,126.42385,Sunny,0.05
29,4,Hamilton (Mercedes),43.28196,169.70581,Sunny,0.05
29,5,Hamilton (Mercedes),43.0646,212.77041,Sunny,0.05
29,6,Hamilton (Mercedes),42.6314,255.40182,Sunny,0.05
29,7,Hamilton (Mercedes),42.25764,297.65946,Sunny,0.05
29,8,Hamilton (Mercedes),42.18894,339.8484,Sunny,0.05
29,9,Hamilton (Mercedes),42.64507,382.49347,Sunny,0.05
29,10,Hamilton (Mercedes),41.88216,424.37564,Sunny,0.05
29,1,Verstappen (Red Bull),41.32486,41.32486,Sunny,0.05
29,2,Verstappen (Red Bull),42.27026,83.59512,Sunny,0.05
29,3,Verstappen (Red Bull),42.51715,126.11227,Sunny,0.05
29,4,Verstappen (Red Bull),42.80143,168.9137,Sunny,0.05
29,5,Verstappen (Red Bull),41.28736,210.20107,Sunny,0.05
29,6,Verstappen (Red Bull),42.40833,252.6094,Sunny,0.05
29,7,Verstappen (Red Bull),40.25385,292.86325,Sunny,0.05
29,8,Verstappen (Red Bull),42.31285,335.1761,Sunny,0.05
29,9,Verstappen (Red Bull),41.3512,376.5273,Sunny,0.05
29,10,Verstappen (Red Bull),41.68163,418.20892,Sunny,0.05
29,1,Norris (McLaren),43.9982,43.9982,Sunny,0.05
29,2,Norris (McLaren),43.6216,87.6198,Sunny,0.05
29,3,Norris (McLaren),42.85714,130.47694,Sunny,0.05
29,4,Norris (McLaren),41.71325,172.19019,Sunny,0.05
29,5,Norris (McLaren),41.93579,214.12598,Sunny,0.05
29,6,Norris (McLaren),42.13878,256.26476,Sunny,0.05
29,7,Norris (McLaren),42.30533,298.57009,Sunny,0.05
29,8,Norris (McLaren),42.93207,341.50216,Sunny,0.05
29,9,Norris (McLaren),42.27137,383.77353,Sunny,0.05
29,10,Norris (McLaren),42.85413,426.62766,Sunny,0.05
30,1,Hamilton (Mercedes),42.52383,42.52383,Sunny,0.05
30,2,Hamilton (Mercedes),42.98728,85.51111,Sunny,0.05
30,3,Hamilton (Mercedes),43.5468,129.05791,Sunny,0.05
30,4,Hamilton (Mercedes),41.87436,170.93227,Sunny,0.05
30,5,Hamilton (Mercedes),41.70071,212.63298,Sunny,0.05
30,6,Hamilton (Mercedes),42.68324,255.31622,Sunny,0.05
30,7,Hamilton (Mercedes),41.80363,297.11985,Sunny,0.05
30,8,Hamilton (Mercedes),41.58475,338.7046,Sunny,0.05
30,9,Hamilton (Mercedes),43.15148,381.85608,Sunny,0.05
30,10,Hamilton (Mercedes),42.88466,424.74073,Sunny,0.05
30,1,Verstappen (Red Bull),40.72171,40.72171,Sunny,0.05
30,2,Verstappen (Red Bull),42.23472,82.95643,Sunny,0.05
30,3,Verstappen (Red Bull),42.72062,125.67704,Sunny,0.05
30,4,Verstappen (Red Bull),43.49418,169.17123,Sunny,0.05
30,5,Verstappen (Red Bull),42.32539,211.49661,Sunny,0.05
30,6,Verstappen (Red Bull),41.45738,252.95399,Sunny,0.05
30,7,Verstappen (Red Bull),40.93736,293.89135,Sunny,0.05
30,8,Verstappen (Red Bull),41.95974,335.85109,Sunny,0.05
30,9,Verstappen (Red Bull),42.71569,378.56677,Sunny,0.05
30,10,Verstappen (Red Bull),42.31037,420.87714,Sunny,0.05
30,1,Norris (McLaren),42.41222,42.41222,Sunny,0.05
30,2,Norris (McLaren),41.82419,84.23641,Sunny,0.05
30,3,Norris (McLaren),43.58592,127.82234,Sunny,0.05
30,4,Norris (McLaren),42.40992,170.23225,Sunny,0.05
30,5,Norris (McLaren),42.73917,212.97143,Sunny,0.05
30,6,Norris (McLaren),42.86938,255.84081,Sunny,0.05
30,7,Norris (McLaren),43.63565,299.47646,Sunny,0.05
30,8,Norris (McLaren),42.95868,342.43514,Sunny,0.05
30,9,Norris (McLaren),44.10193,386.53706,Sunny,0.05
30,10,Norris (McLaren),43.29019,429.82725,Sunny,0.05
31,1,Hamilton (Mercedes),42.40958,42.40958,Sunny,0.05
31,2,Hamilton (Mercedes),42.9627,85.37228,Sunny,0.05
31,3,Hamilton (Mercedes),41.97293,127.34521,Sunny,0.05
31,4,Hamilton (Mercedes),43.08162,170.42683,Sunny,0.05
31,5,Hamilton (Mercedes),43.33819,213.76501,Sunny,0.05
31,6,Hamilton (Mercedes),42.96788,256.73289,Sunny,0.05
31,7,Hamilton (Mercedes),41.75092,298.48382,Sunny,0.05
31,8,Hamilton (Mercedes),42.47837,340.96218,Sunny,0.05
31,9,Hamilton (Mercedes),43.01164,383.97382,Sunny,0.05
31,10,Hamilton (Mercedes),42.26776,426.24158,Sunny,0.05
31,1,Verstappen (Red Bull),42.3431,42.3431,Sunny,0.05
31,2,Verstappen (Red Bull),42.29397,84.63707,Sunny,0.05
31,3,Verstappen (Red Bull),42.11416,126.75123,Sunny,0.05
31,4,Verstappen (Red Bull),41.50171,168.25294,Sunny,0.05
31,5,Verstappen (Red Bull),43.93776,212.1907,Sunny,0.05
31,6,Verstappen (Red Bull),42.23381,254.42451,Sunny,0.05
31,7,Verstappen (Red Bull),41.57987,296.00439,Sunny,0.05
31,8,Verstappen (Red Bull),42.58529,338.58968,Sunny,0.05
31,9,Verstappen (Red Bull),42.02488,380.61456,Sunny,0.05
31,10,Verstappen (Red Bull),42.33531,422.94986,Sunny,0.05
31,1,Norris (McLaren),42.54109,42.54109,Sunny,0.05
31,2,Norris (McLaren),43.78167,86.32276,Sunny,0.05
31,3,Norris (McLaren),42.65484,128.9776,Sunny,0.05
31,4,Norris (McLaren),41.40695,170.38456,Sunny,0.05
31,5,Norris (McLaren),41.96094,212.3455,Sunny,0.05
31,6,Norris (McLaren),41.7356,254.0811,Sunny,0.05
31,7,Norris (McLaren),41.95442,296.03552,Sunny,0.05
31,8,Norris (McLaren),42.92351,338.95903,Sunny,0.05
31,9,Norris (McLaren),41.82044,380.77947,Sunny,0.05
31,10,Norris (McLaren),42.64967,423.42914,Sunny,0.05
32,1,Hamilton (Mercedes),42.76013,42.76013,Sunny,0.05
32,2,Hamilton (Mercedes),41.73355,84.49368,Sunny,0.05
32,3,Hamilton (Mercedes),42.53518,127.02886,Sunny,0.05
32,4,Hamilton (Mercedes),43.36297,170.39183,Sunny,0.05
32,5,Hamilton (Mercedes),42.86596,213.25779,Sunny,0.05
32,6,Hamilton (Mercedes),42.81281,256.0706,Sunny,0.05
32,7,Hamilton (Mercedes),42.15362,298.22422,Sunny,0.05
32,8,Hamilton (Mercedes),41.51801,339.74223,Sunny,0.05
32,9,Hamilton (Mercedes),42.51631,382.25854,Sunny,0.05
32,10,Hamilton (Mercedes),42.71788,424.97643,Sunny,0.05
32,1,Verstappen (Red Bull),41.11707,41.11707,Sunny,0.05
32,2,Verstappen (Red Bull),42.38469,83.50176,Sunny,0.05
32,3,Verstappen (Red Bull),42.47708,125.97884,Sunny,0.05
32,4,Verstappen (Red Bull),41.85489,167.83373,Sunny,0.05
32,5,Verstappen (Red Bull),43.38377,211.2175,Sunny,0.05
32,6,Verstappen (Red Bull),42.8522,254.06971,Sunny,0.05
32,7,Verstappen (Red Bull),42.16492,296.23463,Sunny,0.05
32,8,Verstappen (Red Bull),41.33793,337.57256,Sunny,0.05
32,9,Verstappen (Red Bull),41.4845,379.05706,Sunny,0.05
32,10,Verstappen (Red Bull),42.13965,421.19671,Sunny,0.05
32,1,Norris (McLaren),42.36587,42.36587,Sunny,0.05
32,2,Norris (McLaren),42.64111,85.00699,Sunny,0.05
32,3,Norris (McLaren),43.75032,128.7573,Sunny,0.05
32,4,Norris (McLaren),42.63215,171.38945,Sunny,0.05
32,5,Norris (McLaren),42.50303,213.89249,Sunny,0.05
32,6,Norris (McLaren),42.5044,256.39689,Sunny,0.05
32,7,Norris (McLaren),41.66795,298.06484,Sunny,0.05
32,8,Norris (McLaren),41.10463,339.16947,Sunny,0.05
32,9,Norris (McLaren),41.51513,380.68459,Sunny,0.05
32,10,Norris (McLaren),42.31222,422.99681,Sunny,0.05
33,1,Hamilton (Mercedes),42.46475,42.46475,Sunny,0.05
33,2,Hamilton (Mercedes),42.00129,84.46604,Sunny,0.05
33,3,Hamilton (Mercedes),42.9136,127.37964,Sunny,0.05
33,4,Hamilton (Mercedes),42.30607,169.68571,Sunny,0.05
33,5,Hamilton (Mercedes),42.46237,212.14808,Sunny,0.05
33,6,Hamilton (Mercedes),41.81845,253.96652,Sunny,0.05
33,7,Hamilton (Mercedes),42.24359,296.21011,Sunny,0.05
33,8,Hamilton (Mercedes),41.74866,337.95877,Sunny,0.05
33,9,Hamilton (Mercedes),42.65748,380.61625,Sunny,0.05
33,10,Hamilton (Mercedes),42.63867,423.25492,Sunny,0.05
33,1,Verstappen (Red Bull),41.58686,41.58686,Sunny,0.05
33,2,Verstappen (Red Bull),43.1657,84.75256,Sunny,0.05
33,3,Verstappen (Red Bull),42.22921,126.98177,Sunny,0.05
33,4,Verstappen (Red Bull),42.52467,169.50644,Sunny,0.05
33,5,Verstappen (Red Bull),42.10257,211.60901,Sunny,0.05
33,6,Verstappen (Red Bull),41.90282,253.51184,Sunny,0.05
33,7,Verstappen (Red Bull),42.01004,295.52188,Sunny,0.05
33,8,Verstappen (Red Bull),43.09322,338.6151,Sunny,0.05
33,9,Verstappen (Red Bull),41.68861,380.30371,Sunny,0.05
33,10,Verstappen (Red Bull),41.41118,421.71489,Sunny,0.05
33,1,Norris (McLaren),42.68048,42.68048,Sunny,0.05
33,2,Norris (McLaren),42.9414,85.62189,Sunny,0.05
33,3,Norris (McLaren),42.6405,128.26239,Sunny,0.05
33,4,Norris (McLaren),43.68055,171.94293,Sunny,0.05
33,5,Norris (McLaren),41.91958,213.86251,Sunny,0.05
33,6,Norris (McLaren),42.97851,256.84102,Sunny,0.05
33,7,Norris (McLaren),42.77947,299.62049,Sunny,0.05
33,8,Norris (McLaren),43.35518,342.97566,Sunny,0.05
33,9,Norris (McLaren),41.30974,384.2854,Sunny,0.05
33,10,Norris (McLaren),44.06516,428.35056,Sunny,0.05
34,1,Hamilton (Mercedes),42.25939,42.25939,Sunny,0.05
34,2,Hamilton (Mercedes),42.4661,84.72549,Sunny,0.05
34,3,Hamilton (Mercedes),43.03442,127.75991,Sunny,0.05
34,4,Hamilton (Mercedes),42.72485,170.48476,Sunny,0.05
34,5,Hamilton (Mercedes),43.30782,213.79258,Sunny,0.05
34,6,Hamilton (Mercedes),42.53131,256.32389,Sunny,0.05
34,7,Hamilton (Mercedes),42.52381,298.8477,Sunny,0.05
34,8,Hamilton (Mercedes),42.45839,341.30609,Sunny,0.05
34,9,Hamilton (Mercedes),43.10207,384.40816,Sunny,0.05
34,10,Hamilton (Mercedes),42.9435,427.35166,Sunny,0.05
34,1,Verstappen (Red Bull),41.06961,41.06961,Sunny,0.05
34,2,Verstappen (Red Bull),42.73104,83.80065,Sunny,0.05
34,3,Verstappen (Red Bull),41.61345,125.41409,Sunny,0.05
34,4,Verstappen (Red Bull),42.40666,167.82075,Sunny,0.05
34,5,Verstappen (Red Bull),42.65028,210.47103,Sunny,0.05
34,6,Verstappen (Red Bull),41.74185,252.21288,Sunny,0.05
34,7,Verstappen (Red Bull),42.25874,294.47162,Sunny,0.05
34,8,Verstappen (Red Bull),42.47979,336.95141,Sunny,0.05
34,9,Verstappen (Red Bull),41.97836,378.92977,Sunny,0.05
34,10,Verstappen (Red Bull),42.17495,421.10472,Sunny,0.05
34,1,Norris (McLaren),42.23602,42.23602,Sunny,0.05
34,2,Norris (McLaren),42.94896,85.18497,Sunny,0.05
34,3,Norris (McLaren),43.09147,128.27645,Sunny,0.05
34,4,Norris (McLaren),42.07784,170.35429,Sunny,0.05
34,5,Norris (McLaren),42.78079,213.13508,Sunny,0.05
34,6,Norris (McLaren),42.77446,255.90954,Sunny,0.05
34,7,Norris (McLaren),43.0819,298.99144,Sunny,0.05
34,8,Norris (McLaren),42.48176,341.4732,Sunny,0.05
34,9,Norris (McLaren),42.8329,384.30611,Sunny,0.05
34,10,Norris (McLaren),43.20979,427.5159,Sunny,0.05
35,1,Hamilton (Mercedes),42.20438,42.20438,Sunny,0.05
35,2,Hamilton (Mercedes),41.71213,83.91651,Sunny,0.05
35,3,Hamilton (Mercedes),41.41666,125.33317,Sunny,0.05
35,4,Hamilton (Mercedes),42.21845,167.55162,Sunny,0.05
35,5,Hamilton (Mercedes),42.28322,209.83484,Sunny,0.05
35,6,Hamilton (Mercedes),42.05883,251.89367,Sunny,0.05
35,7,Hamilton (Mercedes),42.76511,294.65877,Sunny,0.05
35,8,Hamilton (Mercedes),42.06694,336.72571,Sunny,0.05
35,9,Hamilton (Mercedes),42.50058,379.22629,Sunny,0.05
35,10,Hamilton (Mercedes),43.36634,422.59263,Sunny,0.05
35,1,Verstappen (Red Bull),42.6599,42.6599,Sunny,0.05
35,2,Verstappen (Red Bull),41.60126,84.26116,Sunny,0.05
35,3,Verstappen (Red Bull),41.85292,126.11408,Sunny,0.05
35,4,Verstappen (Red Bull),42.302,168.41607,Sunny,0.05
35,5,Verstappen (Red Bull),41.94391,210.35999,Sunny,0.05
35,6,Verstappen (Red Bull),42.595,252.95498,Sunny,0.05
35,7,Verstappen (Red Bull),41.11281,294.06779,Sunny,0.05
35,8,Verstappen (Red Bull),42.44002,336.50781,Sunny,0.05
35,9,Verstappen (Red Bull),42.42601,378.93382,Sunny,0.05
35,10,Verstappen (Red Bull),42.19515,421.12897,Sunny,0.05
35,1,Norris (McLaren),42.43758,42.43758,Sunny,0.05
35,2,Norris (McLaren),43.23545,85.67303,Sunny,0.05
35,3,Norris (McLaren),42.60501,128.27804,Sunny,0.05
35,4,Norris (McLaren),43.96268,172.24072,Sunny,0.05
35,5,Norris (McLaren),42.4166,214.65732,Sunny,0.05
35,6,Norris (McLaren),42.55144,257.20876,Sunny,0.05
35,7,Norris (McLaren),43.07146,300.28022,Sunny,0.05
35,8,Norris (McLaren),41.70693,341.98715,Sunny,0.05
35,9,Norris (McLaren),42.6285,384.61565,Sunny,0.05
35,10,Norris (McLaren),42.31606,426.93171,Sunny,0.05
36,1,Hamilton (Mercedes),43.46244,43.46244,Sunny,0.05
36,2,Hamilton (Mercedes),41.30035,84.76279,Sunny,0.05
36,3,Hamilton (Mercedes),42.94829,127.71108,Sunny,0.05
36,4,Hamilton (Mercedes),41.51229,169.22337,Sunny,0.05
36,5,Hamilton (Mercedes),43.06595,212.28932,Sunny,0.05
36,6,Hamilton (Mercedes),42.09853,254.38785,Sunny,0.05
36,7,Hamilton (Mercedes),42.41884,296.80669,Sunny,0.05
36,8,Hamilton (Mercedes),42.23961,339.0463,Sunny,0.05
36,9,Hamilton (Mercedes),42.52119,381.5675,Sunny,0.05
36,10,Hamilton (Mercedes),42.08492,423.65241,Sunny,0.05
36,1,Verstappen (Red Bull),41.75763,41.75763,Sunny,0.05
36,2,Verstappen (Red Bull),42.93936,84.697,Sunny,0.05
36,3,Verstappen (Red Bull),42.20168,126.89868,Sunny,0.05
36,4,Verstappen (Red Bull),42.13285,169.03153,Sunny,0.05
36,5,Verstappen (Red Bull),42.16698,211.19851,Sunny,0.05
36,6,Verstappen (Red Bull),41.46142,252.65993,Sunny,0.05
36,7,Verstappen (Red Bull),42.24065,294.90058,Sunny,0.05
36,8,Verstappen (Red Bull),42.25516,337.15574,Sunny,0.05
36,9,Verstappen (Red Bull),41.71177,378.86751,Sunny,0.05
36,10,Verstappen (Red Bull),42.79118,421.65869,Sunny,0.05
36,1,Norris (McLaren),43.64357,43.64357,Sunny,0.05
36,2,Norris (McLaren),41.97747,85.62104,Sunny,0.05
36,3,Norris (McLaren),42.2993,127.92034,Sunny,0.05
36,4,Norris (McLaren),42.81013,170.73048,Sunny,0.05
36,5,Norris (McLaren),41.45764,212.18812,Sunny,0.05
36,6,Norris (McLaren),43.4638,255.65192,Sunny,0.05
36,7,Norris (McLaren),43.56552,299.21744,Sunny,0.05
36,8,Norris (McLaren),41.34168,340.55912,Sunny,0.05
36,9,Norris (McLaren),43.54568,384.1048,Sunny,0.05
36,10,Norris (McLaren),43.75581,427.8606,Sunny,0.05
37,1,Hamilton (Mercedes),42.17255,42.17255,Sunny,0.05
37,2,Hamilton (Mercedes),42.97365,85.1462,Sunny,0.05
37,3,Hamilton (Mercedes),42.60751,127.75371,Sunny,0.05
37,4,Hamilton (Mercedes),42.42272,170.17643,Sunny,0.05
37,5,Hamilton (Mercedes),42.4974,212.67383,Sunny,0.05
37,6,Hamilton (Mercedes),42.17082,254.84465,Sunny,0.05
37,7,Hamilton (Mercedes),41.70091,296.54556,Sunny,0.05
37,8,Hamilton (Mercedes),42.50375,339.04931,Sunny,0.05
37,9,Hamilton (Mercedes),43.32137,382.37068,Sunny,0.05
37,10,Hamilton (Mercedes),42.07804,424.44871,Sunny,0.05
37,1,Verstappen (Red Bull),42.84626,42.84626,Sunny,0.05
37,2,Verstappen (Red Bull),42.64724,85.4935,Sunny,0.05
37,3,Verstappen (Red Bull),42.45405,127.94754,Sunny,0.05
37,4,Verstappen (Red Bull),41.68553,169.63308,Sunny,0.05
37,5,Verstappen (Red Bull),41.9279,211.56098,Sunny,0.05
37,6,Verstappen (Red Bull),41.53419,253.09517,Sunny,0.05
37,7,Verstappen (Red Bull),41.58877,294.68394,Sunny,0.05
37,8,Verstappen (Red Bull),42.08671,336.77065,Sunny,0.05
37,9,Verstappen (Red Bull),41.91641,378.68706,Sunny,0.05
37,10,Verstappen (Red Bull),41.17923,419.86629,Sunny,0.05
37,1,Norris (McLaren),42.40456,42.40456,Sunny,0.05
37,2,Norris (McLaren),41.94824,84.35279,Sunny,0.05
37,3,Norris (McLaren),44.0548,128.40759,Sunny,0.05
37,4,Norris (McLaren),43.08866,171.49625,Sunny,0.05
37,5,Norris (McLaren),41.6346,213.13085,Sunny,0.05
37,6,Norris (McLaren),42.09686,255.2277,Sunny,0.05
37,7,Norris (McLaren),42.06058,297.28828,Sunny,0.05
37,8,Norris (McLaren),40.99012,338.2784,Sunny,0.05
37,9,Norris (McLaren),42.1132,380.3916,Sunny,0.05
37,10,Norris (McLaren),43.83433,424.22593,Sunny,0.05
38,1,Hamilton (Mercedes),42.3239,42.3239,Sunny,0.05
38,2,Hamilton (Mercedes),42.62951,84.95341,Sunny,0.05
38,3,Hamilton (Mercedes),42.64503,127.59844,Sunny,0.05
38,4,Hamilton (Mercedes),42.28776,169.8862,Sunny,0.05
38,5,Hamilton (Mercedes),42.27193,212.15813,Sunny,0.05
38,6,Hamilton (Mercedes),42.72411,254.88224,Sunny,0.05
38,7,Hamilton (Mercedes),41.95002,296.83226,Sunny,0.05
38,8,Hamilton (Mercedes),42.72009,339.55235,Sunny,0.05
38,9,Hamilton (Mercedes),41.97823,381.53057,Sunny,0.05
38,10,Hamilton (Mercedes),42.56782,424.09839,Sunny,0.05
38,1,Verstappen (Red Bull),41.30382,41.30382,Sunny,0.05
38,2,Verstappen (Red Bull),42.17749,83.48131,Sunny,0.05
38,3,Verstappen (Red Bull),41.82525,125.30656,Sunny,0.05
38,4,Verstappen (Red Bull),42.46565,167.77222,Sunny,0.05
38,5,Verstappen (Red Bull),42.13292,209.90513,Sunny,0.05
38,6,Verstappen (Red Bull),41.75702,251.66215,Sunny,0.05
38,7,Verstappen (Red Bull),43.17152,294.83367,Sunny,0.05
38,8,Verstappen (Red Bull),41.87407,336.70774,Sunny,0.05
38,9,Verstappen (Red Bull),42.38482,379.09256,Sunny,0.05
38,10,Verstappen (Red Bull),42.44277,421.53532,Sunny,0.05
38,1,Norris (McLaren),43.66545,43.66545,Sunny,0.05
38,2,Norris (McLaren),43.35332,87.01877,Sunny,0.05
38,3,Norris (McLaren),42.23481,129.25358,Sunny,0.05
38,4,Norris (McLaren),42.81433,172.06791,Sunny,0.05
38,5,Norris (McLaren),42.07048,214.13839,Sunny,0.05
38,6,Norris (McLaren),40.89161,255.03,Sunny,0.05
38,7,Norris (McLaren),42.25564,297.28565,Sunny,0.05
38,8,Norris (McLaren),42.18049,339.46613,Sunny,0.05
38,9,Norris (McLaren),42.97822,382.44435,Sunny,0.05
38,10,Norris (McLaren),41.77004,424.2144,Sunny,0.05
39,1,Hamilton (Mercedes),42.54408,42.54408,Sunny,0.05
39,2,Hamilton (Mercedes),42.97675,85.52083,Sunny,0.05
39,3,Hamilton (Mercedes),42.87807,128.3989,Sunny,0.05
39,4,Hamilton (Mercedes),42.70689,171.10579,Sunny,0.05
39,5,Hamilton (Mercedes),41.62659,212.73237,Sunny,0.05
39,6,Hamilton (Mercedes),42.25178,254.98416,Sunny,0.05
39,7,Hamilton (Mercedes),42.51345,297.49761,Sunny,0.05
39,8,Hamilton (Mercedes),43.11364,340.61125,Sunny,0.05
39,9,Hamilton (Mercedes),41.86488,382.47613,Sunny,0.05
39,10,Hamilton (Mercedes),42.3807,424.85683,Sunny,0.05
39,1,Verstappen (Red Bull),41.94633,41.94633,Sunny,0.05
39,2,Verstappen (Red Bull),41.64736,83.59369,Sunny,0.05
39,3,Verstappen (Red Bull),42.12147,125.71516,Sunny,0.05
39,4,Verstappen (Red Bull),41.84074,167.5559,Sunny,0.05
39,5,Verstappen (Red Bull),42.75814,210.31404,Sunny,0.05
39,6,Verstappen (Red Bull),42.86137,253.17541,Sunny,0.05
39,7,Verstappen (Red Bull),41.96505,295.14046,Sunny,0.05
39,8,Verstappen (Red Bull),42.93778,338.07824,Sunny,0.05
39,9,Verstappen (Red Bull),42.14928,380.22751,Sunny,0.05
39,10,Verstappen (Red Bull),42.45406,422.68157,Sunny,0.05
39,1,Norris (McLaren),42.09057,42.09057,Sunny,0.05
39,2,Norris (McLaren),43.00792,85.09849,Sunny,0.05
39,3,Norris (McLaren),43.10434,128.20283,Sunny,0.05
39,4,Norris (McLaren),42.60553,170.80836,Sunny,0.05
39,5,Norris (McLaren),43.37628,214.18464,Sunny,0.05
39,6,Norris (McLaren),42.02765,256.21229,Sunny,0.05
39,7,Norris (McLaren),42.45977,298.67206,Sunny,0.05
39,8,Norris (McLaren),43.3829,342.05496,Sunny,0.05
39,9,Norris (McLaren),42.58618,384.64114,Sunny,0.05
39,10,Norris (McLaren),42.96439,427.60553,Sunny,0.05
40,1,Hamilton (Mercedes),42.55061,42.55061,Sunny,0.05
40,2,Hamilton (Mercedes),42.70668,85.25729,Sunny,0.05
40,3,Hamilton (Mercedes),42.32377,127.58106,Sunny,0.05
40,4,Hamilton (Mercedes),41.81745,169.39851,Sunny,0.05
40,5,Hamilton (Mercedes),41.71232,211.11082,Sunny,0.05
40,6,Hamilton (Mercedes),42.44065,253.55147,Sunny,0.05
40,7,Hamilton (Mercedes),42.20817,295.75964,Sunny,0.05
40,8,Hamilton (Mercedes),42.35327,338.11291,Sunny,0.05
40,9,Hamilton (Mercedes),42.80122,380.91413,Sunny,0.05
40,10,Hamilton (Mercedes),42.38584,423.29997,Sunny,0.05
40,1,Verstappen (Red Bull),41.72968,41.72968,Sunny,0.05
40,2,Verstappen (Red Bull),42.20596,83.93564,Sunny,0.05
40,3,Verstappen (Red Bull),41.4452,125.38084,Sunny,0.05
40,4,Verstappen (Red Bull),42.44276,167.8236,Sunny,0.05
40,5,Verstappen (Red Bull),42.78056,210.60416,Sunny,0.05
40,6,Verstappen (Red Bull),42.13021,252.73437,Sunny,0.05
40,7,Verstappen (Red Bull),41.9982,294.73257,Sunny,0.05
40,8,Verstappen (Red Bull),42.43766,337.17024,Sunny,0.05
40,9,Verstappen (Red Bull),41.14083,378.31106,Sunny,0.05
40,10,Verstappen (Red Bull),42.52073,420.83179,Sunny,0.05
40,1,Norris (McLaren),42.67647,42.67647,Sunny,0.05
40,2,Norris (McLaren),42.81268,85.48915,Sunny,0.05
40,3,Norris (McLaren),42.26015,127.7493,Sunny,0.05
40,4,Norris (McLaren),42.68115,170.43045,Sunny,0.05
40,5,Norris (McLaren),42.91946,213.34991,Sunny,0.05
40,6,Norris (McLaren),42.91778,256.26769,Sunny,0.05
40,7,Norris (McLaren),42.17879,298.44648,Sunny,0.05
40,8,Norris (McLaren),42.69104,341.13752,Sunny,0.05
40,9,Norris (McLaren),41.87923,383.01675,Sunny,0.05
40,10,Norris (McLaren),42.91439,425.93113,Sunny,0.05
41,1,Hamilton (Mercedes),42.64461,42.64461,Sunny,0.05
41,2,Hamilton (Mercedes),42.75744,85.40205,Sunny,0.05
41,3,Hamilton (Mercedes),41.39968,126.80173,Sunny,0.05
41,4,Hamilton (Mercedes),42.01271,168.81445,Sunny,0.05
41,5,Hamilton (Mercedes),41.95718,210.77163,Sunny,0.05
41,6,Hamilton (Mercedes),41.45437,252.226,Sunny,0.05
41,7,Hamilton (Mercedes),43.18779,295.4138,Sunny,0.05
41,8,Hamilton (Mercedes),41.37077,336.78457,Sunny,0.05
41,9,Hamilton (Mercedes),42.6909,379.47547,Sunny,0.05
41,10,Hamilton (Mercedes),42.08262,421.55809,Sunny,0.05
41,1,Verstappen (Red Bull),43.06517,43.06517,Sunny,0.05
41,2,Verstappen (Red Bull),42.24256,85.30773,Sunny,0.05
41,3,Verstappen (Red Bull),42.26785,127.57558,Sunny,0.05
41,4,Verstappen (Red Bull),41.99316,169.56873,Sunny,0.05
41,5,Verstappen (Red Bull),41.82497,211.3937,Sunny,0.05
41,6,Verstappen (Red Bull),42.48352,253.87723,Sunny,0.05
41,7,Verstappen (Red Bull),41.64897,295.52619,Sunny,0.05
41,8,Verstappen (Red Bull),42.33285,337.85904,Sunny,0.05
41,9,Verstappen (Red Bull),41.92442,379.78347,Sunny,0.05
41,10,Verstappen (Red Bull),42.12347,421.90694,Sunny,0.05
41,1,Norris (McLaren),43.42855,43.42855,Sunny,0.05
41,2,Norris (McLaren),42.8052,86.23375,Sunny,0.05
41,3,Norris (McLaren),44.12529,130.35904,Sunny,0.05
41,4,Norris (McLaren),43.06526,173.4243,Sunny,0.05
41,5,Norris (McLaren),42.18403,215.60833,Sunny,0.05
41,6,Norris (McLaren),41.70624,257.31456,Sunny,0.05
41,7,Norris (McLaren),43.60726,300.92183,Sunny,0.05
41,8,Norris (McLaren),42.76299,343.68482,Sunny,0.05
41,9,Norris (McLaren),42.45752,386.14234,Sunny,0.05
41,10,Norris (McLaren),42.67495,428.81729,Sunny,0.05
42,1,Hamilton (Mercedes),42.2297,42.2297,Sunny,0.05
42,2,Hamilton (Mercedes),41.65922,83.88892,Sunny,0.05
42,3,Hamilton (Mercedes),42.33154,126.22046,Sunny,0.05
42,4,Hamilton (Mercedes),42.5843,168.80475,Sunny,0.05
42,5,Hamilton (Mercedes),42.68241,211.48717,Sunny,0.05
42,6,Hamilton (Mercedes),42.49583,253.98299,Sunny,0.05
42,7,Hamilton (Mercedes),42.96884,296.95183,Sunny,0.05
42,8,Hamilton (Mercedes),43.00378,339.95562,Sunny,0.05
42,9,Hamilton (Mercedes),42.98527,382.94088,Sunny,0.05
42,10,Hamilton (Mercedes),42.74897,425.68985,Sunny,0.05
42,1,Verstappen (Red Bull),43.42447,43.42447,Sunny,0.05
42,2,Verstappen (Red Bull),42.60834,86.03281,Sunny,0.05
42,3,Verstappen (Red Bull),41.75265,127.78546,Sunny,0.05
42,4,Verstappen (Red Bull),42.81219,170.59765,Sunny,0.05
42,5,Verstappen (Red Bull),42.00148,212.59913,Sunny,0.05
42,6,Verstappen (Red Bull),42.65771,255.25684,Sunny,0.05
42,7,Verstappen (Red Bull),41.23088,296.48772,Sunny,0.05
42,8,Verstappen (Red Bull),41.63278,338.1205,Sunny,0.05
42,9,Verstappen (Red Bull),41.92123,380.04173,Sunny,0.05
42,10,Verstappen (Red Bull),42.39401,422.43574,Sunny,0.05
42,1,Norris (McLaren),43.64234,43.64234,Sunny,0.05
42,2,Norris (McLaren),42.46917,86.11151,Sunny,0.05
42,3,Norris (McLaren),43.04414,129.15565,Sunny,0.05
42,4,Norris (McLaren),42.42526,171.58092,Sunny,0.05
42,5,Norris (McLaren),42.29057,213.87149,Sunny,0.05
42,6,Norris (McLaren),42.39454,256.26603,Sunny,0.05
42,7,Norris (McLaren),41.69307,297.9591,Sunny,0.05
42,8,Norris (McLaren),41.96891,339.92802,Sunny,0.05
42,9,Norris (McLaren),41.95815,381.88617,Sunny,0.05
42,10,Norris (McLaren),42.93396,424.82012,Sunny,0.05
43,1,Hamilton (Mercedes),42.49083,42.49083,Sunny,0.05
43,2,Hamilton (Mercedes),42.08194,84.57277,Sunny,0.05
43,3,Hamilton (Mercedes),41.33422,125.90698,Sunny,0.05
43,4,Hamilton (Mercedes),41.42938,167.33637,Sunny,0.05
43,5,Hamilton (Mercedes),41.77128,209.10764,Sunny,0.05
43,6,Hamilton (Mercedes),42.88388,251.99152,Sunny,0.05
43,7,Hamilton (Mercedes),41.94961,293.94113,Sunny,0.05
43,8,Hamilton (Mercedes),43.1991,337.14023,Sunny,0.05
43,9,Hamilton (Mercedes),43.17432,380.31455,Sunny,0.05
43,10,Hamilton (Mercedes),42.67555,422.9901,Sunny,0.05
43,1,Verstappen (Red Bull),41.1591,41.1591,Sunny,0.05
43,2,Verstappen (Red Bull),41.31898,82.47808,Sunny,0.05
43,3,Verstappen (Red Bull),41.92449,124.40257,Sunny,0.05
43,4,Verstappen (Red Bull),41.85512,166.25769,Sunny,0.05
43,5,Verstappen (Red Bull),42.52101,208.7787,Sunny,0.05
43,6,Verstappen (Red Bull),42.51653,251.29523,Sunny,0.05
43,7,Verstappen (Red Bull),41.93618,293.23141,Sunny,0.05
43,8,Verstappen (Red Bull),42.17714,335.40855,Sunny,0.05
43,9,Verstappen (Red Bull),42.63422,378.04277,Sunny,0.05
43,10,Verstappen (Red Bull),41.56591,419.60868,Sunny,0.05
43,1,Norris (McLaren),42.55644,42.55644,Sunny,0.05
43,2,Norris (McLaren),42.86727,85.42371,Sunny,0.05
43,3,Norris (McLaren),43.30147,128.72518,Sunny,0.05
43,4,Norris (McLaren),41.68412,170.40931,Sunny,0.05
43,5,Norris (McLaren),42.54815,212.95746,Sunny,0.05
43,6,Norris (McLaren),42.6097,255.56716,Sunny,0.05
43,7,Norris (McLaren),42.47011,298.03727,Sunny,0.05
43,8,Norris (McLaren),41.6753,339.71256,Sunny,0.05
43,9,Norris (McLaren),42.65055,382.36311,Sunny,0.05
43,10,Norris (McLaren),41.78161,424.14472,Sunny,0.05
44,1,Hamilton (Mercedes),42.48357,42.48357,Sunny,0.05
44,2,Hamilton (Mercedes),43.31435,85.79792,Sunny,0.05
44,3,Hamilton (Mercedes),43.24246,129.04038,Sunny,0.05
44,4,Hamilton (Mercedes),42.99481,172.03519,Sunny,0.05
44,5,Hamilton (Mercedes),42.17675,214.21195,Sunny,0.05
44,6,Hamilton (Mercedes),42.71755,256.9295,Sunny,0.05
44,7,Hamilton (Mercedes),42.57167,299.50117,Sunny,0.05
44,8,Hamilton (Mercedes),42.82739,342.32857,Sunny,0.05
44,9,Hamilton (Mercedes),42.22934,384.5579,Sunny,0.05
44,10,Hamilton (Mercedes),43.02376,427.58167,Sunny,0.05
44,1,Verstappen (Red Bull),42.2482,42.2482,Sunny,0.05
44,2,Verstappen (Red Bull),41.22762,83.47581,Sunny,0.05
44,3,Verstappen (Red Bull),42.9159,126.39172,Sunny,0.05
44,4,Verstappen (Red Bull),41.85626,168.24797,Sunny,0.05
44,5,Verstappen (Red Bull),41.16367,209.41164,Sunny,0.05
44,6,Verstappen (Red Bull),42.88756,252.2992,Sunny,0.05
44,7,Verstappen (Red Bull),42.69619,294.9954,Sunny,0.05
44,8,Verstappen (Red Bull),42.24294,337.23834,Sunny,0.05
44,9,Verstappen (Red Bull),42.42142,379.65976,Sunny,0.05
44,10,Verstappen (Red Bull),42.14538,421.80514,Sunny,0.05
44,1,Norris (McLaren),41.7598,41.7598,Sunny,0.05
44,2,Norris (McLaren),43.13154,84.89134,Sunny,0.05
44,3,Norris (McLaren),43.65254,128.54389,Sunny,0.05
44,4,Norris (McLaren),42.38513,170.92901,Sunny,0.05
44,5,Norris (McLaren),41.90096,212.82997,Sunny,0.05
44,6,Norris (McLaren),43.47043,256.3004,Sunny,0.05
44,7,Norris (McLaren),42.04499,298.3454,Sunny,0.05
44,8,Norris (McLaren),41.9555,340.3009,Sunny,0.05
44,9,Norris (McLaren),43.31738,383.61828,Sunny,0.05
44,10,Norris (McLaren),41.97823,425.59652,Sunny,0.05
45,1,Hamilton (Mercedes),41.98136,41.98136,Sunny,0.05
45,2,Hamilton (Mercedes),41.82184,83.80319,Sunny,0.05
45,3,Hamilton (Mercedes),42.74719,126.55038,Sunny,0.05
45,4,Hamilton (Mercedes),41.82139,168.37177,Sunny,0.05
45,5,Hamilton (Mercedes),41.499,209.87077,Sunny,0.05
45,6,Hamilton (Mercedes),42.76991,252.64068,Sunny,0.05
45,7,Hamilton (Mercedes),41.73364,294.37432,Sunny,0.05
45,8,Hamilton (Mercedes),42.57808,336.95241,Sunny,0.05
45,9,Hamilton (Mercedes),42.59556,379.54796,Sunny,0.05
45,10,Hamilton (Mercedes),42.2909,421.83886,Sunny,0.05
45,1,Verstappen (Red Bull),41.61785,41.61785,Sunny,0.05
45,2,Verstappen (Red Bull),42.84534,84.46318,Sunny,0.05
45,3,Verstappen (Red Bull),43.63508,128.09826,Sunny,0.05
45,4,Verstappen (Red Bull),41.50122,169.59949,Sunny,0.05
45,5,Verstappen (Red Bull),41.75666,211.35614,Sunny,0.05
45,6,Verstappen (Red Bull),41.82599,253.18214,Sunny,0.05
45,7,Verstappen (Red Bull),41.96647,295.14861,Sunny,0.05
45,8,Verstappen (Red Bull),43.2603,338.4089,Sunny,0.05
45,9,Verstappen (Red Bull),42.52446,380.93336,Sunny,0.05
45,10,Verstappen (Red Bull),42.85887,423.79223,Sunny,0.05
45,1,Norris (McLaren),44.58139,44.58139,Sunny,0.05
45,2,Norris (McLaren),42.8079,87.38929,Sunny,0.05
45,3,Norris (McLaren),42.56116,129.95045,Sunny,0.05
45,4,Norris (McLaren),41.24399,171.19444,Sunny,0.05
45,5,Norris (McLaren),41.80313,212.99757,Sunny,0.05
45,6,Norris (McLaren),42.50663,255.5042,Sunny,0.05
45,7,Norris (McLaren),43.11957,298.62378,Sunny,0.05
45,8,Norris (McLaren),41.9575,340.58128,Sunny,0.05
45,9,Norris (McLaren),42.36845,382.94973,Sunny,0.05
45,10,Norris (McLaren),43.46552,426.41525,Sunny,0.05
46,1,Hamilton (Mercedes),42.65755,42.65755,Sunny,0.05
46,2,Hamilton (Mercedes),41.57176,84.22932,Sunny,0.05
46,3,Hamilton (Mercedes),42.34504,126.57435,Sunny,0.05
46,4,Hamilton (Mercedes),42.1727,168.74705,Sunny,0.05
46,5,Hamilton (Mercedes),42.6572,211.40426,Sunny,0.05
46,6,Hamilton (Mercedes),42.08809,253.49234,Sunny,0.05
46,7,Hamilton (Mercedes),42.47674,295.96908,Sunny,0.05
46,8,Hamilton (Mercedes),42.77723,338.74632,Sunny,0.05
46,9,Hamilton (Mercedes),42.74433,381.49065,Sunny,0.05
46,10,Hamilton (Mercedes),41.57577,423.06641,Sunny,0.05
46,1,Verstappen (Red Bull),41.72389,41.72389,Sunny,0.05
46,2,Verstappen (Red Bull),41.62961,83.3535,Sunny,0.05
46,3,Verstappen (Red Bull),42.19751,125.55101,Sunny,0.05
46,4,Verstappen (Red Bull),41.42577,166.97678,Sunny,0.05
46,5,Verstappen (Red Bull),42.03917,209.01595,Sunny,0.05
46,6,Verstappen (Red Bull),42.1599,251.17585,Sunny,0.05
46,7,Verstappen (Red Bull),42.40776,293.58361,Sunny,0.05
46,8,Verstappen (Red Bull),42.58496,336.16856,Sunny,0.05
46,9,Verstappen (Red Bull),41.45527,377.62384,Sunny,0.05
46,10,Verstappen (Red Bull),42.43845,420.06228,Sunny,0.05
46,1,Norris (McLaren),44.07734,44.07734,Sunny,0.05
46,2,Norris (McLaren),42.20922,86.28657,Sunny,0.05
46,3,Norris (McLaren),42.32592,128.61248,Sunny,0.05
46,4,Norris (McLaren),42.47031,171.08279,Sunny,0.05
46,5,Norris (McLaren),43.48116,214.56395,Sunny,0.05
46,6,Norris (McLaren),41.92139,256.48534,Sunny,0.05
46,7,Norris (McLaren),42.21912,298.70447,Sunny,0.05
46,8,Norris (McLaren),43.47728,342.18175,Sunny,0.05
46,9,Norris (McLaren),43.45885,385.6406,Sunny,0.05
46,10,Norris (McLaren),43.83746,429.47806,Sunny,0.05
47,1,Hamilton (Mercedes),41.7888,41.7888,Sunny,0.05
47,2,Hamilton (Mercedes),42.52503,84.31383,Sunny,0.05
47,3,Hamilton (Mercedes),42.64724,126.96106,Sunny,0.05
47,4,Hamilton (Mercedes),42.73354,169.6946,Sunny,0.05
47,5,Hamilton (Mercedes),41.74238,211.43698,Sunny,0.05
47,6,Hamilton (Mercedes),42.49349,253.93047,Sunny,0.05
47,7,Hamilton (Mercedes),42.58641,296.51688,Sunny,0.05
47,8,Hamilton (Mercedes),43.13016,339.64704,Sunny,0.05
47,9,Hamilton (Mercedes),41.93667,381.58371,Sunny,0.05
47,10,Hamilton (Mercedes),42.97209,424.55581,Sunny,0.05
47,1,Verstappen (Red Bull),42.03967,42.03967,Sunny,0.05
47,2,Verstappen (Red Bull),42.31315,84.35282,Sunny,0.05
47,3,Verstappen (Red Bull),42.15814,126.51096,Sunny,0.05
47,4,Verstappen (Red Bull),41.98658,168.49754,Sunny,0.05
47,5,Verstappen (Red Bull),42.9452,211.44274,Sunny,0.05
47,6,Verstappen (Red Bull),41.85137,253.29411,Sunny,0.05
47,7,Verstappen (Red Bull),42.32017,295.61429,Sunny,0.05
47,8,Verstappen (Red Bull),42.85491,338.46919,Sunny,0.05
47,9,Verstappen (Red Bull),42.18515,380.65434,Sunny,0.05
47,10,Verstappen (Red Bull),41.15724,421.81158,Sunny,0.05
47,1,Norris (McLaren),43.20263,43.20263,Sunny,0.05
47,2,Norris (McLaren),41.84783,85.05046,Sunny,0.05
47,3,Norris (McLaren),43.04331,128.09377,Sunny,0.05
47,4,Norris (McLaren),43.62545,171.71921,Sunny,0.05
47,5,Norris (McLaren),41.3601,213.07931,Sunny,0.05
47,6,Norris (McLaren),42.53677,255.61608,Sunny,0.05
47,7,Norris (McLaren),43.11208,298.72817,Sunny,0.05
47,8,Norris (McLaren),42.98599,341.71415,Sunny,0.05
47,9,Norris (McLaren),42.0928,383.80695,Sunny,0.05
47,10,Norris (McLaren),41.87207,425.67903,Sunny,0.05
48,1,Hamilton (Mercedes),41.62937,41.62937,Sunny,0.05
48,2,Hamilton (Mercedes),41.53885,83.16822,Sunny,0.05
48,3,Hamilton (Mercedes),41.87863,125.04685,Sunny,0.05
48,4,Hamilton (Mercedes),42.27444,167.3213,Sunny,0.05
48,5,Hamilton (Mercedes),42.58432,209.90562,Sunny,0.05
48,6,Hamilton (Mercedes),42.15958,252.0652,Sunny,0.05
48,7,Hamilton (Mercedes),42.54141,294.60661,Sunny,0.05
48,8,Hamilton (Mercedes),42.004,336.61061,Sunny,0.05
48,9,Hamilton (Mercedes),42.38711,378.99773,Sunny,0.05
48,10,Hamilton (Mercedes),42.66603,421.66375,Sunny,0.05
48,1,Verstappen (Red Bull),41.7029,41.7029,Sunny,0.05
48,2,Verstappen (Red Bull),42.97963,84.68253,Sunny,0.05
48,3,Verstappen (Red Bull),42.60543,127.28796,Sunny,0.05
48,4,Verstappen (Red Bull),41.96576,169.25372,Sunny,0.05
48,5,Verstappen (Red Bull),42.25768,211.51141,Sunny,0.05
48,6,Verstappen (Red Bull),41.56911,253.08052,Sunny,0.05
48,7,Verstappen (Red Bull),41.98998,295.0705,Sunny,0.05
48,8,Verstappen (Red Bull),42.62681,337.69731,Sunny,0.05
48,9,Verstappen (Red Bull),41.91632,379.61363,Sunny,0.05
48,10,Verstappen (Red Bull),41.62004,421.23366,Sunny,0.05
48,1,Norris (McLaren),42.39171,42.39171,Sunny,0.05
48,2,Norris (McLaren),42.68773,85.07944,Sunny,0.05
48,3,Norris (McLaren),42.2412,127.32064,Sunny,0.05
48,4,Norris (McLaren),40.59264,167.91329,Sunny,0.05
48,5,Norris (McLaren),43.51838,211.43166,Sunny,0.05
48,6,Norris (McLaren),42.60005,254.03172,Sunny,0.05
48,7,Norris (McLaren),42.503,296.53472,Sunny,0.05
48,8,Norris (McLaren),43.09998,339.6347,Sunny,0.05
48,9,Norris (McLaren),43.35813,382.99282,Sunny,0.05
48,10,Norris (McLaren),40.877,423.86982,Sunny,0.05
49,1,Hamilton (Mercedes),43.02276,43.02276,Sunny,0.05
49,2,Hamilton (Mercedes),42.68159,85.70435,Sunny,0.05
49,3,Hamilton (Mercedes),42.89962,128.60398,Sunny,0.05
49,4,Hamilton (Mercedes),41.6864,170.29038,Sunny,0.05
49,5,Hamilton (Mercedes),42.92972,213.22009,Sunny,0.05
49,6,Hamilton (Mercedes),42.58017,255.80026,Sunny,0.05
49,7,Hamilton (Mercedes),42.53966,298.33992,Sunny,0.05
49,8,Hamilton (Mercedes),42.38517,340.72509,Sunny,0.05
49,9,Hamilton (Mercedes),42.84778,383.57287,Sunny,0.05
49,10,Hamilton (Mercedes),42.36931,425.94218,Sunny,0.05
49,1,Verstappen (Red Bull),41.86004,41.86004,Sunny,0.05
49,2,Verstappen (Red Bull),42.61535,84.47539,Sunny,0.05
49,3,Verstappen (Red Bull),42.43067,126.90606,Sunny,0.05
49,4,Verstappen (Red Bull),42.27911,169.18517,Sunny,0.05
49,5,Verstappen (Red Bull),41.91357,211.09874,Sunny,0.05
49,6,Verstappen (Red Bull),42.05009,253.14883,Sunny,0.05
49,7,Verstappen (Red Bull),42.05698,295.20581,Sunny,0.05
49,8,Verstappen (Red Bull),41.59476,336.80056,Sunny,0.05
49,9,Verstappen (Red Bull),42.29206,379.09263,Sunny,0.05
49,10,Verstappen (Red Bull),42.24809,421.34072,Sunny,0.05
49,1,Norris (McLaren),41.51852,41.51852,Sunny,0.05
49,2,Norris (McLaren),41.99929,83.5178,Sunny,0.05
49,3,Norris (McLaren),43.86982,127.38762,Sunny,0.05
49,4,Norris (McLaren),43.58379,170.97141,Sunny,0.05
49,5,Norris (McLaren),43.18801,214.15942,Sunny,0.05
49,6,Norris (McLaren),43.11182,257.27124,Sunny,0.05
49,7,Norris (McLaren),42.58506,299.85631,Sunny,0.05
49,8,Norris (McLaren),42.59478,342.45109,Sunny,0.05
49,9,Norris (McLaren),42.9989,385.44998,Sunny,0.05
49,10,Norris (McLaren),42.78856,428.23855,Sunny,0.05
50,1,Hamilton (Mercedes),42.84946,42.84946,Sunny,0.05
50,2,Hamilton (Mercedes),42.61816,85.46762,Sunny,0.05
50,3,Hamilton (Mercedes),42.91236,128.37998,Sunny,0.05
50,4,Hamilton (Mercedes),42.0407,170.42068,Sunny,0.05
50,5,Hamilton (Mercedes),42.48112,212.9018,Sunny,0.05
50,6,Hamilton (Mercedes),43.04292,255.94472,Sunny,0.05
50,7,Hamilton (Mercedes),42.30054,298.24526,Sunny,0.05
50,8,Hamilton (Mercedes),42.88824,341.1335,Sunny,0.05
50,9,Hamilton (Mercedes),42.57048,383.70398,Sunny,0.05
50,10,Hamilton (Mercedes),42.80706,426.51105,Sunny,0.05
50,1,Verstappen (Red Bull),41.54131,41.54131,Sunny,0.05
50,2,Verstappen (Red Bull),41.75755,83.29886,Sunny,0.05
50,3,Verstappen (Red Bull),41.50651,124.80538,Sunny,0.05
50,4,Verstappen (Red Bull),42.24373,167.04911,Sunny,0.05
50,5,Verstappen (Red Bull),41.65808,208.70719,Sunny,0.05
50,6,Verstappen (Red Bull),42.05985,250.76704,Sunny,0.05
50,7,Verstappen (Red Bull),42.23814,293.00519,Sunny,0.05
50,8,Verstappen (Red Bull),42.16339,335.16858,Sunny,0.05
50,9,Verstappen (Red Bull),41.88748,377.05606,Sunny,0.05
50,10,Verstappen (Red Bull),42.3619,419.41796,Sunny,0.05
50,1,Norris (McLaren),42.62199,42.62199,Sunny,0.05
50,2,Norris (McLaren),42.46995,85.09194,Sunny,0.05
50,3,Norris (McLaren),42.27368,127.36562,Sunny,0.05
50,4,Norris (McLaren),42.55402,169.91964,Sunny,0.05
50,5,Norris (McLaren),42.7875,212.70714,Sunny,0.05
50,6,Norris (McLaren),42.4294,255.13654,Sunny,0.05
50,7,Norris (McLaren),42.41946,297.55601,Sunny,0.05
50,8,Norris (McLaren),43.1368,340.69281,Sunny,0.05
50,9,Norris (McLaren),42.08144,382.77425,Sunny,0.05
50,10,Norris (McLaren),42.26148,425.03573,Sunny,0.05
51,1,Hamilton (Mercedes),42.65666,42.65666,Sunny,0.05
51,2,Hamilton (Mercedes),43.0498,85.70646,Sunny,0.05
51,3,Hamilton (Mercedes),42.62659,128.33305,Sunny,0.05
51,4,Hamilton (Mercedes),41.96061,170.29366,Sunny,0.05
51,5,Hamilton (Mercedes),43.53002,213.82368,Sunny,0.05
51,6,Hamilton (Mercedes),42.53195,256.35564,Sunny,0.05
51,7,Hamilton (Mercedes),43.24696,299.6026,Sunny,0.05
51,8,Hamilton (Mercedes),41.72792,341.33052,Sunny,0.05
51,9,Hamilton (Mercedes),43.10837,384.43888,Sunny,0.05
51,10,Hamilton (Mercedes),41.69822,426.1371,Sunny,0.05
51,1,Verstappen (Red Bull),41.78813,41.78813,Sunny,0.05
51,2,Verstappen (Red Bull),41.73302,83.52115,Sunny,0.05
51,3,Verstappen (Red Bull),41.60657,125.12772,Sunny,0.05
51,4,Verstappen (Red Bull),41.96705,167.09476,Sunny,0.05
51,5,Verstappen (Red Bull),41.69587,208.79063,Sunny,0.05
51,6,Verstappen (Red Bull),42.42585,251.21649,Sunny,0.05
51,7,Verstappen (Red Bull),41.58458,292.80107,Sunny,0.05
51,8,Verstappen (Red Bull),42.38847,335.18955,Sunny,0.05
51,9,Verstappen (Red Bull),42.8202,378.00974,Sunny,0.05
51,10,Verstappen (Red Bull),43.0839,421.09364,Sunny,0.05
51,1,Norris (McLaren),43.26838,43.26838,Sunny,0.05
51,2,Norris (McLaren),43.29825,86.56663,Sunny,0.05
51,3,Norris (McLaren),42.66032,129.22695,Sunny,0.05
51,4,Norris (McLaren),42.32164,171.54859,Sunny,0.05
51,5,Norris (McLaren),43.47116,215.01975,Sunny,0.05
51,6,Norris (McLaren),42.97517,257.99492,Sunny,0.05
51,7,Norris (McLaren),41.54078,299.53571,Sunny,0.05
51,8,Norris (McLaren),42.19755,341.73325,Sunny,0.05
51,9,Norris (McLaren),43.8738,385.60706,Sunny,0.05
51,10,Norris (McLaren),43.20804,428.81509,Sunny,0.05
52,1,Hamilton (Mercedes),42.49623,42.49623,Sunny,0.05
52,2,Hamilton (Mercedes),42.56208,85.05831,Sunny,0.05
52,3,Hamilton (Mercedes),41.3845,126.44281,Sunny,0.05
52,4,Hamilton (Mercedes),42.33133,168.77415,Sunny,0.05
52,5,Hamilton (Mercedes),43.57329,212.34744,Sunny,0.05
52,6,Hamilton (Mercedes),42.62112,254.96856,Sunny,0.05
52,7,Hamilton (Mercedes),42.67966,297.64822,Sunny,0.05
52,8,Hamilton (Mercedes),42.68726,340.33548,Sunny,0.05
52,9,Hamilton (Mercedes),43.07456,383.41003,Sunny,0.05
52,10,Hamilton (Mercedes),41.84583,425.25587,Sunny,0.05
52,1,Verstappen (Red Bull),43.30023,43.30023,Sunny,0.05
52,2,Verstappen (Red Bull),42.84851,86.14874,Sunny,0.05
52,3,Verstappen (Red Bull),42.66142,128.81015,Sunny,0.05
52,4,Verstappen (Red Bull),41.66238,170.47253,Sunny,0.05
52,5,Verstappen (Red Bull),42.56576,213.0383,Sunny,0.05
52,6,Verstappen (Red Bull),42.61854,255.65684,Sunny,0.05
52,7,Verstappen (Red Bull),41.88517,297.54201,Sunny,0.05
52,8,Verstappen (Red Bull),41.95838,339.50039,Sunny,0.05
52,9,Verstappen (Red Bull),42.64242,382.14281,Sunny,0.05
52,10,Verstappen (Red Bull),41.8513,423.99411,Sunny,0.05
52,1,Norris (McLaren),43.07926,43.07926,Sunny,0.05
52,2,Norris (McLaren),42.44262,85.52188,Sunny,0.05
52,3,Norris (McLaren),43.0056,128.52748,Sunny,0.05
52,4,Norris (McLaren),43.17362,171.7011,Sunny,0.05
52,5,Norris (McLaren),43.58812,215.28922,Sunny,0.05
52,6,Norris (McLaren),41.76789,257.05711,Sunny,0.05
52,7,Norris (McLaren),41.6799,298.73701,Sunny,0.05
52,8,Norris (McLaren),43.01614,341.75314,Sunny,0.05
52,9,Norris (McLaren),42.69101,384.44415,Sunny,0.05
52,10,Norris (McLaren),41.95427,426.39842,Sunny,0.05
53,1,Hamilton (Mercedes),41.8877,41.8877,Sunny,0.05
53,2,Hamilton (Mercedes),42.71245,84.60015,Sunny,0.05
53,3,Hamilton (Mercedes),42.1934,126.79356,Sunny,0.05
53,4,Hamilton (Mercedes),42.73974,169.5333,Sunny,0.05
53,5,Hamilton (Mercedes),42.70994,212.24324,Sunny,0.05
53,6,Hamilton (Mercedes),43.44623,255.68947,Sunny,0.05
53,7,Hamilton (Mercedes),41.50868,297.19815,Sunny,0.05
53,8,Hamilton (Mercedes),42.87865,340.0768,Sunny,0.05
53,9,Hamilton (Mercedes),42.48755,382.56435,Sunny,0.05
53,10,Hamilton (Mercedes),41.93866,424.50301,Sunny,0.05
53,1,Verstappen (Red Bull),41.55925,41.55925,Sunny,0.05
53,2,Verstappen (Red Bull),42.5092,84.06845,Sunny,0.05
53,3,Verstappen (Red Bull),42.07199,126.14044,Sunny,0.05
53,4,Verstappen (Red Bull),42.79842,168.93886,Sunny,0.05
53,5,Verstappen (Red Bull),42.08704,211.0259,Sunny,0.05
53,6,Verstappen (Red Bull),42.50593,253.53183,Sunny,0.05
53,7,Verstappen (Red Bull),42.34076,295.8726,Sunny,0.05
53,8,Verstappen (Red Bull),41.94935,337.82195,Sunny,0.05
53,9,Verstappen (Red Bull),41.95321,379.77516,Sunny,0.05
53,10,Verstappen (Red Bull),42.56541,422.34057,Sunny,0.05
53,1,Norris (McLaren),42.58702,42.58702,Sunny,0.05
53,2,Norris (McLaren),41.4174,84.00442,Sunny,0.05
53,3,Norris (McLaren),43.31618,127.32061,Sunny,0.05
53,4,Norris (McLaren),42.21527,169.53588,Sunny,0.05
53,5,Norris (McLaren),42.72694,212.26282,Sunny,0.05
53,6,Norris (McLaren),43.13627,255.39909,Sunny,0.05
53,7,Norris (McLaren),42.79008,298.18917,Sunny,0.05
53,8,Norris (McLaren),41.99059,340.17975,Sunny,0.05
53,9,Norris (McLaren),42.4568,382.63656,Sunny,0.05
53,10,Norris (McLaren),41.98078,424.61733,Sunny,0.05
54,1,Hamilton (Mercedes),42.48551,42.48551,Sunny,0.05
54,2,Hamilton (Mercedes),42.00089,84.4864,Sunny,0.05
54,3,Hamilton (Mercedes),42.94256,127.42896,Sunny,0.05
54,4,Hamilton (Mercedes),43.50653,170.93548,Sunny,0.05
54,5,Hamilton (Mercedes),42.69783,213.63331,Sunny,0.05
54,6,Hamilton (Mercedes),42.39683,256.03014,Sunny,0.05
54,7,Hamilton (Mercedes),43.36242,299.39256,Sunny,0.05
54,8,Hamilton (Mercedes),42.42857,341.82113,Sunny,0.05
54,9,Hamilton (Mercedes),41.96815,383.78928,Sunny,0.05
54,10,Hamilton (Mercedes),42.96215,426.75144,Sunny,0.05
54,1,Verstappen (Red Bull),42.46774,42.46774,Sunny,0.05
54,2,Verstappen (Red Bull),41.33514,83.80288,Sunny,0.05
54,3,Verstappen (Red Bull),42.77173,126.57461,Sunny,0.05
54,4,Verstappen (Red Bull),42.57818,169.15279,Sunny,0.05
54,5,Verstappen (Red Bull),41.85475,211.00754,Sunny,0.05
54,6,Verstappen (Red Bull),41.56908,252.57662,Sunny,0.05
54,7,Verstappen (Red Bull),42.53911,295.11573,Sunny,0.05
54,8,Verstappen (Red Bull),42.12683,337.24256,Sunny,0.05
54,9,Verstappen (Red Bull),42.07612,379.31868,Sunny,0.05
54,10,Verstappen (Red Bull),42.0461,421.36477,Sunny,0.05
54,1,Norris (McLaren),43.71432,43.71432,Sunny,0.05
54,2,Norris (McLaren),42.29106,86.00538,Sunny,0.05
54,3,Norris (McLaren),42.72432,128.7297,Sunny,0.05
54,4,Norris (McLaren),41.66216,170.39186,Sunny,0.05
54,5,Norris (McLaren),43.13858,213.53044,Sunny,0.05
54,6,Norris (McLaren),43.87539,257.40584,Sunny,0.05
54,7,Norris (McLaren),42.77819,300.18402,Sunny,0.05
54,8,Norris (McLaren),41.74588,341.9299,Sunny,0.05
54,9,Norris (McLaren),42.00223,383.93213,Sunny,0.05
54,10,Norris (McLaren),42.02857,425.9607,Sunny,0.05
55,1,Hamilton (Mercedes),42.50305,42.50305,Sunny,0.05
55,2,Hamilton (Mercedes),43.14661,85.64966,Sunny,0.05
55,3,Hamilton (Mercedes),43.02659,128.67624,Sunny,0.05
55,4,Hamilton (Mercedes),42.68539,171.36163,Sunny,0.05
55,5,Hamilton (Mercedes),41.50976,212.87139,Sunny,0.05
55,6,Hamilton (Mercedes),42.05645,254.92784,Sunny,0.05
55,7,Hamilton (Mercedes),42.59362,297.52146,Sunny,0.05
55,8,Hamilton (Mercedes),42.15782,339.67928,Sunny,0.05
55,9,Hamilton (Mercedes),42.84538,382.52466,Sunny,0.05
55,10,Hamilton (Mercedes),42.431,424.95566,Sunny,0.05
55,1,Verstappen (Red Bull),42.03721,42.03721,Sunny,0.05
55,2,Verstappen (Red Bull),41.57171,83.60892,Sunny,0.05
55,3,Verstappen (Red Bull),41.41723,125.02615,Sunny,0.05
55,4,Verstappen (Red Bull),41.7491,166.77525,Sunny,0.05
55,5,Verstappen (Red Bull),42.04913,208.82438,Sunny,0.05
55,6,Verstappen (Red Bull),42.44595,251.27033,Sunny,0.05
55,7,Verstappen (Red Bull),42.34264,293.61297,Sunny,0.05
55,8,Verstappen (Red Bull),42.39162,336.00459,Sunny,0.05
55,9,Verstappen (Red Bull),41.6396,377.64419,Sunny,0.05
55,10,Verstappen (Red Bull),42.45142,420.09561,Sunny,0.05
55,1,Norris (McLaren),41.91089,41.91089,Sunny,0.05
55,2,Norris (McLaren),41.79537,83.70625,Sunny,0.05
55,3,Norris (McLaren),42.07611,125.78236,Sunny,0.05
55,4,Norris (McLaren),42.11983,167.90219,Sunny,0.05
55,5,Norris (McLaren),42.72554,210.62774,Sunny,0.05
55,6,Norris (McLaren),42.25685,252.88459,Sunny,0.05
55,7,Norris (McLaren),41.44226,294.32685,Sunny,0.05
55,8,Norris (McLaren),42.62487,336.95172,Sunny,0.05
55,9,Norris (McLaren),42.61411,379.56583,Sunny,0.05
55,10,Norris (McLaren),42.88463,422.45046,Sunny,0.05
56,1,Hamilton (Mercedes),42.39734,42.39734,Sunny,0.05
56,2,Hamilton (Mercedes),41.73489,84.13223,Sunny,0.05
56,3,Hamilton (Mercedes),42.18763,126.31986,Sunny,0.05
56,4,Hamilton (Mercedes),43.19921,169.51907,Sunny,0.05
56,5,Hamilton (Mercedes),42.28644,211.80551,Sunny,0.05
56,6,Hamilton (Mercedes),43.13048,254.93599,Sunny,0.05
56,7,Hamilton (Mercedes),42.71038,297.64637,Sunny,0.05
56,8,Hamilton (Mercedes),42.28298,339.92934,Sunny,0.05
56,9,Hamilton (Mercedes),43.15158,383.08093,Sunny,0.05
56,10,Hamilton (Mercedes),42.94897,426.0299,Sunny,0.05
56,1,Verstappen (Red Bull),43.07335,43.07335,Sunny,0.05
56,2,Verstappen (Red Bull),42.02618,85.09953,Sunny,0.05
56,3,Verstappen (Red Bull),42.06035,127.15988,Sunny,0.05
56,4,Verstappen (Red Bull),41.651,168.81089,Sunny,0.05
56,5,Verstappen (Red Bull),41.59069,210.40158,Sunny,0.05
56,6,Verstappen (Red Bull),42.0636,252.46518,Sunny,0.05
56,7,Verstappen (Red Bull),42.49188,294.95706,Sunny,0.05
56,8,Verstappen (Red Bull),42.1685,337.12556,Sunny,0.05
56,9,Verstappen (Red Bull),42.55097,379.67653,Sunny,0.05
56,10,Verstappen (Red Bull),41.11102,420.78755,Sunny,0.05
56,1,Norris (McLaren),42.99525,42.99525,Sunny,0.05
56,2,Norris (McLaren),42.27176,85.26702,Sunny,0.05
56,3,Norris (McLaren),42.1694,127.43641,Sunny,0.05
56,4,Norris (McLaren),43.17448,170.6109,Sunny,0.05
56,5,Norris (McLaren),43.04415,213.65504,Sunny,0.05
56,6,Norris (McLaren),42.41178,256.06682,Sunny,0.05
56,7,Norris (McLaren),43.04128,299.1081,Sunny,0.05
56,8,Norris (McLaren),43.50807,342.61618,Sunny,0.05
56,9,Norris (McLaren),42.93891,385.55509,Sunny,0.05
56,10,Norris (McLaren),43.46148,429.01657,Sunny,0.05
57,1,Hamilton (Mercedes),42.28126,42.28126,Sunny,0.05
57,2,Hamilton (Mercedes),43.54347,85.82473,Sunny,0.05
57,3,Hamilton (Mercedes),42.59681,128.42154,Sunny,0.05
57,4,Hamilton (Mercedes),42.00364,170.42518,Sunny,0.05
57,5,Hamilton (Mercedes),42.97671,213.40189,Sunny,0.05
57,6,Hamilton (Mercedes),42.58867,255.99056,Sunny,0.05
57,7,Hamilton (Mercedes),42.6239,298.61446,Sunny,0.05
57,8,Hamilton (Mercedes),43.11828,341.73274,Sunny,0.05
57,9,Hamilton (Mercedes),42.51186,384.24461,Sunny,0.05
57,10,Hamilton (Mercedes),41.92397,426.16858,Sunny,0.05
57,1,Verstappen (Red Bull),42.09953,42.09953,Sunny,0.05
57,2,Verstappen (Red Bull),41.56052,83.66005,Sunny,0.05
57,3,Verstappen (Red Bull),41.9569,125.61695,Sunny,0.05
57,4,Verstappen (Red Bull),41.42376,167.04071,Sunny,0.05
57,5,Verstappen (Red Bull),42.57056,209.61127,Sunny,0.05
57,6,Verstappen (Red Bull),41.88831,251.49958,Sunny,0.05
57,7,Verstappen (Red Bull),42.32376,293.82334,Sunny,0.05
57,8,Verstappen (Red Bull),42.26288,336.08622,Sunny,0.05
57,9,Verstappen (Red Bull),43.19214,379.27836,Sunny,0.05
57,10,Verstappen (Red Bull),42.64789,421.92625,Sunny,0.05
57,1,Norris (McLaren),42.89853,42.89853,Sunny,0.05
57,2,Norris (McLaren),42.41834,85.31686,Sunny,0.05
57,3,Norris (McLaren),43.44944,128.7663,Sunny,0.05
57,4,Norris (McLaren),43.05357,171.81987,Sunny,0.05
57,5,Norris (McLaren),43.36188,215.18175,Sunny,0.05
57,6,Norris (McLaren),42.90501,258.08676,Sunny,0.05
57,7,Norris (McLaren),43.91594,302.0027,Sunny,0.05
57,8,Norris (McLaren),42.92929,344.93199,Sunny,0.05
57,9,Norris (McLaren),42.6386,387.57059,Sunny,0.05
57,10,Norris (McLaren),41.66972,429.24031,Sunny,0.05
58,1,Hamilton (Mercedes),42.05347,42.05347,Sunny,0.05
58,2,Hamilton (Mercedes),42.43158,84.48505,Sunny,0.05
58,3,Hamilton (Mercedes),43.88117,128.36622,Sunny,0.05
58,4,Hamilton (Mercedes),42.88564,171.25186,Sunny,0.05
58,5,Hamilton (Mercedes),42.56878,213.82064,Sunny,0.05
58,6,Hamilton (Mercedes),43.03634,256.85698,Sunny,0.05
58,7,Hamilton (Mercedes),42.44029,299.29727,Sunny,0.05
58,8,Hamilton (Mercedes),42.26357,341.56084,Sunny,0.05
58,9,Hamilton (Mercedes),42.52512,384.08596,Sunny,0.05
58,10,Hamilton (Mercedes),41.98008,426.06604,Sunny,0.05
58,1,Verstappen (Red Bull),42.23418,42.23418,Sunny,0.05
58,2,Verstappen (Red Bull),41.2615,83.49568,Sunny,0.05
58,3,Verstappen (Red Bull),42.54762,126.0433,Sunny,0.05
58,4,Verstappen (Red Bull),43.22038,169.26368,Sunny,0.05
58,5,Verstappen (Red Bull),42.15851,211.42219,Sunny,0.05
58,6,Verstappen (Red Bull),42.77849,254.20067,Sunny,0.05
58,7,Verstappen (Red Bull),42.38279,296.58347,Sunny,0.05
58,8,Verstappen (Red Bull),42.03031,338.61378,Sunny,0.05
58,9,Verstappen (Red Bull),42.91018,381.52396,Sunny,0.05
58,10,Verstappen (Red Bull),42.61086,424.13482,Sunny,0.05
58,1,Norris (McLaren),41.14069,41.14069,Sunny,0.05
58,2,Norris (McLaren),42.10968,83.25037,Sunny,0.05
58,3,Norris (McLaren),42.10221,125.35258,Sunny,0.05
58,4,Norris (McLaren),42.35495,167.70753,Sunny,0.05
58,5,Norris (McLaren),43.3999,211.10743,Sunny,0.05
58,6,Norris (McLaren),42.0267,253.13413,Sunny,0.05
58,7,Norris (McLaren),43.32952,296.46364,Sunny,0.05
58,8,Norris (McLaren),43.51094,339.97459,Sunny,0.05
58,9,Norris (McLaren),42.74277,382.71736,Sunny,0.05
58,10,Norris (McLaren),42.97373,425.69109,Sunny,0.05
59,1,Hamilton (Mercedes),43.42558,43.42558,Sunny,0.05
59,2,Hamilton (Mercedes),42.73227,86.15785,Sunny,0.05
59,3,Hamilton (Mercedes),42.5169,128.67475,Sunny,0.05
59,4,Hamilton (Mercedes),43.20984,171.88458,Sunny,0.05
59,5,Hamilton (Mercedes),43.49494,215.37952,Sunny,0.05
59,6,Hamilton (Mercedes),41.8816,257.26113,Sunny,0.05
59,7,Hamilton (Mercedes),42.21042,299.47155,Sunny,0.05
59,8,Hamilton (Mercedes),42.36972,341.84126,Sunny,0.05
59,9,Hamilton (Mercedes),42.46225,384.30351,Sunny,0.05
59,10,Hamilton (Mercedes),42.5518,426.85531,Sunny,0.05
59,1,Verstappen (Red Bull),42.26068,42.26068,Sunny,0.05
59,2,Verstappen (Red Bull),41.82483,84.08551,Sunny,0.05
59,3,Verstappen (Red Bull),41.92347,126.00898,Sunny,0.05
59,4,Verstappen (Red Bull),41.67386,167.68284,Sunny,0.05
59,5,Verstappen (Red Bull),42.15565,209.83849,Sunny,0.05
59,6,Verstappen (Red Bull),42.43952,252.27801,Sunny,0.05
59,7,Verstappen (Red Bull),42.31343,294.59145,Sunny,0.05
59,8,Verstappen (Red Bull),42.0124,336.60384,Sunny,0.05
59,9,Verstappen (Red Bull),41.72558,378.32942,Sunny,0.05
59,10,Verstappen (Red Bull),40.51802,418.84744,Sunny,0.05
59,1,Norris (McLaren),41.05419,41.05419,Sunny,0.05
59,2,Norris (McLaren),43.60719,84.66139,Sunny,0.05
59,3,Norris (McLaren),43.16431,127.82569,Sunny,0.05
59,4,Norris (McLaren),42.90231,170.72801,Sunny,0.05
59,5,Norris (McLaren),43.08545,213.81345,Sunny,0.05
59,6,Norris (McLaren),42.92688,256.74033,Sunny,0.05
59,7,Norris (McLaren),41.948,298.68834,Sunny,0.05
59,8,Norris (McLaren),42.58925,341.27759,Sunny,0.05
59,9,Norris (McLaren),42.29203,383.56962,Sunny,0.05
59,10,Norris (McLaren),42.8416,426.41122,Sunny,0.05
60,1,Hamilton (Mercedes),42.68848,42.68848,Sunny,0.05
60,2,Hamilton (Mercedes),42.84182,85.5303,Sunny,0.05
60,3,Hamilton (Mercedes),41.7472,127.2775,Sunny,0.05
60,4,Hamilton (Mercedes),43.37276,170.65026,Sunny,0.05
60,5,Hamilton (Mercedes),43.08772,213.73798,Sunny,0.05
60,6,Hamilton (Mercedes),42.3201,256.05807,Sunny,0.05
60,7,Hamilton (Mercedes),42.52377,298.58185,Sunny,0.05
60,8,Hamilton (Mercedes),42.30291,340.88475,Sunny,0.05
60,9,Hamilton (Mercedes),41.79137,382.67612,Sunny,0.05
60,10,Hamilton (Mercedes),42.58799,425.26411,Sunny,0.05
60,1,Verstappen (Red Bull),42.18427,42.18427,Sunny,0.05
60,2,Verstappen (Red Bull),41.85702,84.04128,Sunny,0.05
60,3,Verstappen (Red Bull),42.01049,126.05177,Sunny,0.05
60,4,Verstappen (Red Bull),42.07404,168.12581,Sunny,0.05
60,5,Verstappen (Red Bull),42.4953,210.62111,Sunny,0.05
60,6,Verstappen (Red Bull),41.44518,252.06629,Sunny,0.05
60,7,Verstappen (Red Bull),42.17086,294.23715,Sunny,0.05
60,8,Verstappen (Red Bull),41.62018,335.85733,Sunny,0.05
60,9,Verstappen (Red Bull),42.14545,378.00279,Sunny,0.05
60,10,Verstappen (Red Bull),43.27065,421.27344,Sunny,0.05
60,1,Norris (McLaren),41.74709,41.74709,Sunny,0.05
60,2,Norris (McLaren),41.29724,83.04433,Sunny,0.05
60,3,Norris (McLaren),43.36482,126.40915,Sunny,0.05
60,4,Norris (McLaren),42.59935,169.0085,Sunny,0.05
60,5,Norris (McLaren),42.98215,211.99065,Sunny,0.05
60,6,Norris (McLaren),42.72587,254.71652,Sunny,0.05
60,7,Norris (McLaren),42.95603,297.67255,Sunny,0.05
60,8,Norris (McLaren),42.93871,340.61126,Sunny,0.05
60,9,Norris (McLaren),42.32669,382.93796,Sunny,0.05
60,10,Norris (McLaren),44.41455,427.35251,Sunny,0.05
61,1,Hamilton (Mercedes),41.70294,41.70294,Sunny,0.05
61,2,Hamilton (Mercedes),43.0333,84.73624,Sunny,0.05
61,3,Hamilton (Mercedes),42.86902,127.60526,Sunny,0.05
61,4,Hamilton (Mercedes),42.16488,169.77014,Sunny,0.05
61,5,Hamilton (Mercedes),42.46838,212.23852,Sunny,0.05
61,6,Hamilton (Mercedes),42.76913,255.00765,Sunny,0.05
61,7,Hamilton (Mercedes),41.55616,296.56381,Sunny,0.05
61,8,Hamilton (Mercedes),42.43417,338.99798,Sunny,0.05
61,9,Hamilton (Mercedes),43.25505,382.25303,Sunny,0.05
61,10,Hamilton (Mercedes),43.10347,425.3565,Sunny,0.05
61,1,Verstappen (Red Bull),42.23624,42.23624,Sunny,0.05
61,2,Verstappen (Red Bull),42.52106,84.7573,Sunny,0.05
61,3,Verstappen (Red Bull),42.22404,126.98134,Sunny,0.05
61,4,Verstappen (Red Bull),42.50486,169.48619,Sunny,0.05
61,5,Verstappen (Red Bull),42.03341,211.5196,Sunny,0.05
61,6,Verstappen (Red Bull),41.97744,253.49704,Sunny,0.05
61,7,Verstappen (Red Bull),41.68239,295.17944,Sunny,0.05
61,8,Verstappen (Red Bull),42.10302,337.28246,Sunny,0.05
61,9,Verstappen (Red Bull),42.51758,379.80004,Sunny,0.05
61,10,Verstappen (Red Bull),42.2704,422.07044,Sunny,0.05
61,1,Norris (McLaren),42.72542,42.72542,Sunny,0.05
61,2,Norris (McLaren),42.9477,85.67313,Sunny,0.05
61,3,Norris (McLaren),42.31718,127.99031,Sunny,0.05
61,4,Norris (McLaren),43.04862,171.03894,Sunny,0.05
61,5,Norris (McLaren),42.4495,213.48843,Sunny,0.05
61,6,Norris (McLaren),42.92917,256.4176,Sunny,0.05
61,7,Norris (McLaren),43.32989,299.74749,Sunny,0.05
61,8,Norris (McLaren),43.02151,342.769,Sunny,0.05
61,9,Norris (McLaren),42.9637,385.7327,Sunny,0.05
61,10,Norris (McLaren),41.66732,427.40003,Sunny,0.05
62,1,Hamilton (Mercedes),42.6037,42.6037,Sunny,0.05
62,2,Hamilton (Mercedes),41.93283,84.53653,Sunny,0.05
62,3,Hamilton (Mercedes),42.87789,127.41441,Sunny,0.05
62,4,Hamilton (Mercedes),42.65038,170.06479,Sunny,0.05
62,5,Hamilton (Mercedes),42.45443,212.51922,Sunny,0.05
62,6,Hamilton (Mercedes),42.1982,254.71741,Sunny,0.05
62,7,Hamilton (Mercedes),42.28951,297.00693,Sunny,0.05
62,8,Hamilton (Mercedes),43.94776,340.95469,Sunny,0.05
62,9,Hamilton (Mercedes),42.11904,383.07373,Sunny,0.05
62,10,Hamilton (Mercedes),42.57056,425.64429,Sunny,0.05
62,1,Verstappen (Red Bull),41.56088,41.56088,Sunny,0.05
62,2,Verstappen (Red Bull),42.28637,83.84725,Sunny,0.05
62,3,Verstappen (Red Bull),41.99287,125.84011,Sunny,0.05
62,4,Verstappen (Red Bull),41.94851,167.78862,Sunny,0.05
62,5,Verstappen (Red Bull),41.43925,209.22787,Sunny,0.05
62,6,Verstappen (Red Bull),41.77454,251.00241,Sunny,0.05
62,7,Verstappen (Red Bull),42.71937,293.72178,Sunny,0.05
62,8,Verstappen (Red Bull),43.03071,336.75249,Sunny,0.05
62,9,Verstappen (Red Bull),41.90088,378.65337,Sunny,0.05
62,10,Verstappen (Red Bull),42.90646,421.55983,Sunny,0.05
62,1,Norris (McLaren),42.83047,42.83047,Sunny,0.05
62,2,Norris (McLaren),42.27219,85.10266,Sunny,0.05
62,3,Norris (McLaren),41.20834,126.311,Sunny,0.05
62,4,Norris (McLaren),43.86444,170.17544,Sunny,0.05
62,5,Norris (McLaren),43.60603,213.78147,Sunny,0.05
62,6,Norris (McLaren),43.09261,256.87408,Sunny,0.05
62,7,Norris (McLaren),42.79849,299.67256,Sunny,0.05
62,8,Norris (McLaren),41.85098,341.52354,Sunny,0.05
62,9,Norris (McLaren),42.98281,384.50636,Sunny,0.05
62,10,Norris (McLaren),42.54997,427.05633,Sunny,0.05
63,1,Hamilton (Mercedes),43.17579,43.17579,Sunny,0.05
63,2,Hamilton (Mercedes),42.7816,85.95739,Sunny,0.05
63,3,Hamilton (Mercedes),42.0859,128.0433,Sunny,0.05
63,4,Hamilton (Mercedes),42.85433,170.89762,Sunny,0.05
63,5,Hamilton (Mercedes),41.83881,212.73643,Sunny,0.05
63,6,Hamilton (Mercedes),42.27118,255.00761,Sunny,0.05
63,7,Hamilton (Mercedes),42.46153,297.46914,Sunny,0.05
63,8,Hamilton (Mercedes),42.31274,339.78187,Sunny,0.05
63,9,Hamilton (Mercedes),42.51116,382.29304,Sunny,0.05
63,10,Hamilton (Mercedes),41.68736,423.98039,Sunny,0.05
63,1,Verstappen (Red Bull),41.2152,41.2152,Sunny,0.05
63,2,Verstappen (Red Bull),41.88409,83.0993,Sunny,0.05
63,3,Verstappen (Red Bull),42.4308,125.53009,Sunny,0.05
63,4,Verstappen (Red Bull),41.77457,167.30466,Sunny,0.05
63,5,Verstappen (Red Bull),41.70781,209.01247,Sunny,0.05
63,6,Verstappen (Red Bull),42.35214,251.36461,Sunny,0.05
63,7,Verstappen (Red Bull),42.63059,293.9952,Sunny,0.05
63,8,Verstappen (Red Bull),42.3223,336.3175,Sunny,0.05
63,9,Verstappen (Red Bull),41.08347,377.40097,Sunny,0.05
63,10,Verstappen (Red Bull),42.47114,419.87212,Sunny,0.05
63,1,Norris (McLaren),41.71446,41.71446,Sunny,0.05
63,2,Norris (McLaren),43.40053,85.11499,Sunny,0.05
63,3,Norris (McLaren),42.54069,127.65568,Sunny,0.05
63,4,Norris (McLaren),42.58361,170.23929,Sunny,0.05
63,5,Norris (McLaren),41.9762,212.2155,Sunny,0.05
63,6,Norris (McLaren),44.23108,256.44657,Sunny,0.05
63,7,Norris (McLaren),42.50447,298.95105,Sunny,0.05
63,8,Norris (McLaren),42.7691,341.72014,Sunny,0.05
63,9,Norris (McLaren),42.43486,384.155,Sunny,0.05
63,10,Norris (McLaren),43.75952,427.91452,Sunny,0.05
64,1,Hamilton (Mercedes),42.74886,42.74886,Sunny,0.05
64,2,Hamilton (Mercedes),42.60558,85.35444,Sunny,0.05
64,3,Hamilton (Mercedes),42.84249,128.19694,Sunny,0.05
64,4,Hamilton (Mercedes),42.69793,170.89487,Sunny,0.05
64,5,Hamilton (Mercedes),41.53321,212.42808,Sunny,0.05
64,6,Hamilton (Mercedes),42.97296,255.40104,Sunny,0.05
64,7,Hamilton (Mercedes),42.63437,298.0354,Sunny,0.05
64,8,Hamilton (Mercedes),42.34751,340.38291,Sunny,0.05
64,9,Hamilton (Mercedes),43.5227,383.90562,Sunny,0.05
64,10,Hamilton (Mercedes),42.68105,426.58666,Sunny,0.05
64,1,Verstappen (Red Bull),42.06597,42.06597,Sunny,0.05
64,2,Verstappen (Red Bull),42.58796,84.65393,Sunny,0.05
64,3,Verstappen (Red Bull),42.7478,127.40173,Sunny,0.05
64,4,Verstappen (Red Bull),42.31221,169.71394,Sunny,0.05
64,5,Verstappen (Red Bull),40.58381,210.29775,Sunny,0.05
64,6,Verstappen (Red Bull),42.76583,253.06357,Sunny,0.05
64,7,Verstappen (Red Bull),42.48162,295.54519,Sunny,0.05
64,8,Verstappen (Red Bull),42.12922,337.67441,Sunny,0.05
64,9,Verstappen (Red Bull),42.32494,379.99936,Sunny,0.05
64,10,Verstappen (Red Bull),42.48297,422.48232,Sunny,0.05
64,1,Norris (McLaren),41.81793,41.81793,Sunny,0.05
64,2,Norris (McLaren),43.2595,85.07743,Sunny,0.05
64,3,Norris (McLaren),43.03969,128.11712,Sunny,0.05
64,4,Norris (McLaren),42.23419,170.35132,Sunny,0.05
64,5,Norris (McLaren),43.81304,214.16435,Sunny,0.05
64,6,Norris (McLaren),41.63054,255.79489,Sunny,0.05
64,7,Norris (McLaren),42.12147,297.91636,Sunny,0.05
64,8,Norris (McLaren),44.15966,342.07601,Sunny,0.05
64,9,Norris (McLaren),42.13042,384.20644,Sunny,0.05
64,10,Norris (McLaren),43.4972,427.70364,Sunny,0.05
65,1,Hamilton (Mercedes),42.00859,42.00859,Sunny,0.05
65,2,Hamilton (Mercedes),42.77591,84.7845,Sunny,0.05
65,3,Hamilton (Mercedes),42.50163,127.28614,Sunny,0.05
65,4,Hamilton (Mercedes),41.41912,168.70526,Sunny,0.05
65,5,Hamilton (Mercedes),42.40174,211.107,Sunny,0.05
65,6,Hamilton (Mercedes),42.72032,253.82732,Sunny,0.05
65,7,Hamilton (Mercedes),42.04424,295.87157,Sunny,0.05
65,8,Hamilton (Mercedes),42.89478,338.76635,Sunny,0.05
65,9,Hamilton (Mercedes),42.24134,381.00769,Sunny,0.05
65,10,Hamilton (Mercedes),42.17244,423.18013,Sunny,0.05
65,1,Verstappen (Red Bull),42.27189,42.27189,Sunny,0.05
65,2,Verstappen (Red Bull),41.90154,84.17343,Sunny,0.05
65,3,Verstappen (Red Bull),42.55963,126.73306,Sunny,0.05
65,4,Verstappen (Red Bull),42.55032,169.28338,Sunny,0.05
65,5,Verstappen (Red Bull),43.15726,212.44064,Sunny,0.05
65,6,Verstappen (Red Bull),41.19187,253.63251,Sunny,0.05
65,7,Verstappen (Red Bull),42.82319,296.45571,Sunny,0.05
65,8,Verstappen (Red Bull),43.17059,339.6263,Sunny,0.05
65,9,Verstappen (Red Bull),42.21646,381.84276,Sunny,0.05
65,10,Verstappen (Red Bull),42.63101,424.47377,Sunny,0.05
65,1,Norris (McLaren),42.93985,42.93985,Sunny,0.05
65,2,Norris (McLaren),42.76986,85.70971,Sunny,0.05
65,3,Norris (McLaren),42.49576,128.20548,Sunny,0.05
65,4,Norris (McLaren),41.5653,169.77078,Sunny,0.05
65,5,Norris (McLaren),42.30368,212.07446,Sunny,0.05
65,6,Norris (McLaren),42.11606,254.19051,Sunny,0.05
65,7,Norris (McLaren),43.2242,297.41471,Sunny,0.05
65,8,Norris (McLaren),42.72652,340.14123,Sunny,0.05
65,9,Norris (McLaren),43.77989,383.92112,Sunny,0.05
65,10,Norris (McLaren),43.87177,427.7929,Sunny,0.05
66,1,Hamilton (Mercedes),42.80653,42.80653,Sunny,0.05
66,2,Hamilton (Mercedes),42.43329,85.23982,Sunny,0.05
66,3,Hamilton (Mercedes),42.09839,127.33822,Sunny,0.05
66,4,Hamilton (Mercedes),41.85618,169.1944,Sunny,0.05
66,5,Hamilton (Mercedes),42.27309,211.46749,Sunny,0.05
66,6,Hamilton (Mercedes),42.4472,253.91468,Sunny,0.05
66,7,Hamilton (Mercedes),42.95489,296.86958,Sunny,0.05
66,8,Hamilton (Mercedes),42.71599,339.58557,Sunny,0.05
66,9,Hamilton (Mercedes),42.49874,382.08431,Sunny,0.05
66,10,Hamilton (Mercedes),42.23141,424.31572,Sunny,0.05
66,1,Verstappen (Red Bull),41.99058,41.99058,Sunny,0.05
66,2,Verstappen (Red Bull),41.69438,83.68496,Sunny,0.05
66,3,Verstappen (Red Bull),43.02932,126.71428,Sunny,0.05
66,4,Verstappen (Red Bull),41.3426,168.05687,Sunny,0.05
66,5,Verstappen (Red Bull),42.67287,210.72974,Sunny,0.05
66,6,Verstappen (Red Bull),42.63189,253.36164,Sunny,0.05
66,7,Verstappen (Red Bull),42.44561,295.80725,Sunny,0.05
66,8,Verstappen (Red Bull),42.84842,338.65567,Sunny,0.05
66,9,Verstappen (Red Bull),42.45175,381.10742,Sunny,0.05
66,10,Verstappen (Red Bull),41.80743,422.91485,Sunny,0.05
66,1,Norris (McLaren),42.84648,42.84648,Sunny,0.05
66,2,Norris (McLaren),42.93418,85.78067,Sunny,0.05
66,3,Norris (McLaren),42.32691,128.10757,Sunny,0.05
66,4,Norris (McLaren),41.85346,169.96103,Sunny,0.05
66,5,Norris (McLaren),42.60882,212.56985,Sunny,0.05
66,6,Norris (McLaren),42.7019,255.27175,Sunny,0.05
66,7,Norris (McLaren),44.22525,299.497,Sunny,0.05
66,8,Norris (McLaren),41.38591,340.88291,Sunny,0.05
66,9,Norris (McLaren),42.29177,383.17468,Sunny,0.05
66,10,Norris (McLaren),42.90459,426.07927,Sunny,0.05
67,1,Hamilton (Mercedes),42.03166,42.03166,Sunny,0.05
67,2,Hamilton (Mercedes),42.76732,84.79897,Sunny,0.05
67,3,Hamilton (Mercedes),42.24983,127.0488,Sunny,0.05
67,4,Hamilton (Mercedes),42.63064,169.67945,Sunny,0.05
67,5,Hamilton (Mercedes),41.50213,211.18158,Sunny,0.05
67,6,Hamilton (Mercedes),42.21394,253.39552,Sunny,0.05
67,7,Hamilton (Mercedes),41.79622,295.19175,Sunny,0.05
67,8,Hamilton (Mercedes),42.71288,337.90463,Sunny,0.05
67,9,Hamilton (Mercedes),43.09982,381.00446,Sunny,0.05
67,10,Hamilton (Mercedes),43.18741,424.19187,Sunny,0.05
67,1,Verstappen (Red Bull),41.73433,41.73433,Sunny,0.05
67,2,Verstappen (Red Bull),42.44292,84.17725,Sunny,0.05
67,3,Verstappen (Red Bull),41.77462,125.95187,Sunny,0.05
67,4,Verstappen (Red Bull),41.84107,167.79294,Sunny,0.05
67,5,Verstappen (Red Bull),42.32893,210.12188,Sunny,0.05
67,6,Verstappen (Red Bull),42.81237,252.93424,Sunny,0.05
67,7,Verstappen (Red Bull),42.01982,294.95406,Sunny,0.05
67,8,Verstappen (Red Bull),41.97643,336.93049,Sunny,0.05
67,9,Verstappen (Red Bull),41.57113,378.50162,Sunny,0.05
67,10,Verstappen (Red Bull),42.01586,420.51748,Sunny,0.05
67,1,Norris (McLaren),41.54941,41.54941,Sunny,0.05
67,2,Norris (McLaren),41.96751,83.51692,Sunny,0.05
67,3,Norris (McLaren),43.35339,126.8703,Sunny,0.05
67,4,Norris (McLaren),42.80431,169.67461,Sunny,0.05
67,5,Norris (McLaren),41.7271,211.40171,Sunny,0.05
67,6,Norris (McLaren),42.18241,253.58412,Sunny,0.05
67,7,Norris (McLaren),43.32304,296.90716,Sunny,0.05
67,8,Norris (McLaren),42.68198,339.58914,Sunny,0.05
67,9,Norris (McLaren),42.81438,382.40353,Sunny,0.05
67,10,Norris (McLaren),42.2865,424.69003,Sunny,0.05
68,1,Hamilton (Mercedes),42.08666,42.08666,Sunny,0.05
68,2,Hamilton (Mercedes),42.75579,84.84245,Sunny,0.05
68,3,Hamilton (Mercedes),42.48087,127.32332,Sunny,0.05
68,4,Hamilton (Mercedes),42.72219,170.04551,Sunny,0.05
68,5,Hamilton (Mercedes),42.59705,212.64256,Sunny,0.05
68,6,Hamilton (Mercedes),42.76703,255.40959,Sunny,0.05
68,7,Hamilton (Mercedes),42.35365,297.76323,Sunny,0.05
68,8,Hamilton (Mercedes),42.67195,340.43519,Sunny,0.05
68,9,Hamilton (Mercedes),41.92185,382.35704,Sunny,0.05
68,10,Hamilton (Mercedes),41.9955,424.35254,Sunny,0.05
68,1,Verstappen (Red Bull),42.39682,42.39682,Sunny,0.05
68,2,Verstappen (Red Bull),41.88169,84.27852,Sunny,0.05
68,3,Verstappen (Red Bull),42.52699,126.8055,Sunny,0.05
68,4,Verstappen (Red Bull),42.46588,169.27138,Sunny,0.05
68,5,Verstappen (Red Bull),42.53987,211.81125,Sunny,0.05
68,6,Verstappen (Red Bull),42.47874,254.28999,Sunny,0.05
68,7,Verstappen (Red Bull),42.16714,296.45713,Sunny,0.05
68,8,Verstappen (Red Bull),40.98571,337.44284,Sunny,0.05
68,9,Verstappen (Red Bull),43.55609,380.99893,Sunny,0.05
68,10,Verstappen (Red Bull),42.54322,423.54215,Sunny,0.05
68,1,Norris (McLaren),42.2072,42.2072,Sunny,0.05
68,2,Norris (McLaren),42.19064,84.39785,Sunny,0.05
68,3,Norris (McLaren),43.52817,127.92601,Sunny,0.05
68,4,Norris (McLaren),43.14909,171.07511,Sunny,0.05
68,5,Norris (McLaren),43.83514,214.91024,Sunny,0.05
68,6,Norris (McLaren),43.32049,258.23074,Sunny,0.05
68,7,Norris (McLaren),41.86,300.09073,Sunny,0.05
68,8,Norris (McLaren),44.38623,344.47696,Sunny,0.05
68,9,Norris (McLaren),42.24256,386.71952,Sunny,0.05
68,10,Norris (McLaren),42.22965,428.94917,Sunny,0.05
69,1,Hamilton (Mercedes),43.3066,43.3066,Sunny,0.05
69,2,Hamilton (Mercedes),42.15016,85.45676,Sunny,0.05
69,3,Hamilton (Mercedes),43.12393,128.58069,Sunny,0.05
69,4,Hamilton (Mercedes),42.93387,171.51457,Sunny,0.05
69,5,Hamilton (Mercedes),41.70569,213.22025,Sunny,0.05
69,6,Hamilton (Mercedes),42.65864,255.87889,Sunny,0.05
69,7,Hamilton (Mercedes),41.80091,297.6798,Sunny,0.05
69,8,Hamilton (Mercedes),42.7885,340.4683,Sunny,0.05
69,9,Hamilton (Mercedes),43.2576,383.7259,Sunny,0.05
69,10,Hamilton (Mercedes),42.35234,426.07824,Sunny,0.05
69,1,Verstappen (Red Bull),42.18763,42.18763,Sunny,0.05
69,2,Verstappen (Red Bull),42.18575,84.37338,Sunny,0.05
69,3,Verstappen (Red Bull),42.92244,127.29582,Sunny,0.05
69,4,Verstappen (Red Bull),41.8989,169.19472,Sunny,0.05
69,5,Verstappen (Red Bull),41.70912,210.90383,Sunny,0.05
69,6,Verstappen (Red Bull),41.75113,252.65496,Sunny,0.05
69,7,Verstappen (Red Bull),41.74053,294.39549,Sunny,0.05
69,8,Verstappen (Red Bull),41.48757,335.88306,Sunny,0.05
69,9,Verstappen (Red Bull),41.44138,377.32444,Sunny,0.05
69,10,Verstappen (Red Bull),41.61599,418.94044,Sunny,0.05
69,1,Norris (McLaren),43.444,43.444,Sunny,0.05
69,2,Norris (McLaren),43.57817,87.02217,Sunny,0.05
69,3,Norris (McLaren),41.73889,128.76106,Sunny,0.05
69,4,Norris (McLaren),42.43385,171.19491,Sunny,0.05
69,5,Norris (McLaren),42.11569,213.3106,Sunny,0.05
69,6,Norris (McLaren),42.91971,256.23031,Sunny,0.05
69,7,Norris (McLaren),43.28034,299.51065,Sunny,0.05
69,8,Norris (McLaren),43.34729,342.85794,Sunny,0.05
69,9,Norris (McLaren),43.03421,385.89215,Sunny,0.05
69,10,Norris (McLaren),42.40714,428.29929,Sunny,0.05
70,1,Hamilton (Mercedes),42.2268,42.2268,Sunny,0.05
70,2,Hamilton (Mercedes),42.71209,84.93889,Sunny,0.05
70,3,Hamilton (Mercedes),42.49857,127.43746,Sunny,0.05
70,4,Hamilton (Mercedes),42.03635,169.47381,Sunny,0.05
70,5,Hamilton (Mercedes),42.65213,212.12594,Sunny,0.05
70,6,Hamilton (Mercedes),41.76587,253.89182,Sunny,0.05
70,7,Hamilton (Mercedes),42.664,296.55582,Sunny,0.05
70,8,Hamilton (Mercedes),41.65264,338.20846,Sunny,0.05
70,9,Hamilton (Mercedes),41.72423,379.93269,Sunny,0.05
70,10,Hamilton (Mercedes),42.7159,422.64859,Sunny,0.05
70,1,Verstappen (Red Bull),42.51784,42.51784,Sunny,0.05
70,2,Verstappen (Red Bull),43.27081,85.78865,Sunny,0.05
70,3,Verstappen (Red Bull),42.31515,128.1038,Sunny,0.05
70,4,Verstappen (Red Bull),41.54486,169.64865,Sunny,0.05
70,5,Verstappen (Red Bull),41.52637,211.17502,Sunny,0.05
70,6,Verstappen (Red Bull),41.59715,252.77217,Sunny,0.05
70,7,Verstappen (Red Bull),42.3119,295.08407,Sunny,0.05
70,8,Verstappen (Red Bull),42.04341,337.12747,Sunny,0.05
70,9,Verstappen (Red Bull),41.9441,379.07157,Sunny,0.05
70,10,Verstappen (Red Bull),42.5236,421.59517,Sunny,0.05
70,1,Norris (McLaren),42.36797,42.36797,Sunny,0.05
70,2,Norris (McLaren),42.78843,85.15641,Sunny,0.05
70,3,Norris (McLaren),43.04259,128.19899,Sunny,0.05
70,4,Norris (McLaren),43.20948,171.40848,Sunny,0.05
70,5,Norris (McLaren),42.98651,214.39499,Sunny,0.05
70,6,Norris (McLaren),42.30225,256.69724,Sunny,0.05
70,7,Norris (McLaren),42.74143,299.43868,Sunny,0.05
70,8,Norris (McLaren),42.56796,342.00664,Sunny,0.05
70,9,Norris (McLaren),42.73339,384.74003,Sunny,0.05
70,10,Norris (McLaren),42.46236,427.20238,Sunny,0.05
71,1,Hamilton (Mercedes),42.04842,42.04842,Sunny,0.05
71,2,Hamilton (Mercedes),42.77242,84.82084,Sunny,0.05
71,3,Hamilton (Mercedes),42.59602,127.41686,Sunny,0.05
71,4,Hamilton (Mercedes),43.26716,170.68401,Sunny,0.05
71,5,Hamilton (Mercedes),42.60529,213.28931,Sunny,0.05
71,6,Hamilton (Mercedes),42.19251,255.48182,Sunny,0.05
71,7,Hamilton (Mercedes),42.28858,297.7704,Sunny,0.05
71,8,Hamilton (Mercedes),43.15706,340.92746,Sunny,0.05
71,9,Hamilton (Mercedes),42.88299,383.81044,Sunny,0.05
71,10,Hamilton (Mercedes),42.67625,426.48669,Sunny,0.05
71,1,Verstappen (Red Bull),41.90065,41.90065,Sunny,0.05
71,2,Verstappen (Red Bull),42.00769,83.90833,Sunny,0.05
71,3,Verstappen (Red Bull),42.63315,126.54149,Sunny,0.05
71,4,Verstappen (Red Bull),43.53588,170.07737,Sunny,0.05
71,5,Verstappen (Red Bull),42.04319,212.12055,Sunny,0.05
71,6,Verstappen (Red Bull),42.32953,254.45009,Sunny,0.05
71,7,Verstappen (Red Bull),42.74556,297.19564,Sunny,0.05
71,8,Verstappen (Red Bull),42.54377,339.73942,Sunny,0.05
71,9,Verstappen (Red Bull),41.82079,381.5602,Sunny,0.05
71,10,Verstappen (Red Bull),41.15629,422.71649,Sunny,0.05
71,1,Norris (McLaren),43.40845,43.40845,Sunny,0.05
71,2,Norris (McLaren),42.88539,86.29384,Sunny,0.05
71,3,Norris (McLaren),43.27136,129.5652,Sunny,0.05
71,4,Norris (McLaren),42.42435,171.98955,Sunny,0.05
71,5,Norris (McLaren),43.52028,215.50983,Sunny,0.05
71,6,Norris (McLaren),42.87386,258.38369,Sunny,0.05
71,7,Norris (McLaren),43.0848,301.4685,Sunny,0.05
71,8,Norris (McLaren),41.5934,343.0619,Sunny,0.05
71,9,Norris (McLaren),41.84208,384.90398,Sunny,0.05
71,10,Norris (McLaren),43.21933,428.12331,Sunny,0.05
72,1,Hamilton (Mercedes),43.86098,43.86098,Sunny,0.05
72,2,Hamilton (Mercedes),42.88034,86.74131,Sunny,0.05
72,3,Hamilton (Mercedes),42.05809,128.7994,Sunny,0.05
72,4,Hamilton (Mercedes),42.94125,171.74065,Sunny,0.05
72,5,Hamilton (Mercedes),42.22106,213.96171,Sunny,0.05
72,6,Hamilton (Mercedes),42.43561,256.39731,Sunny,0.05
72,7,Hamilton (Mercedes),42.85947,299.25679,Sunny,0.05
72,8,Hamilton (Mercedes),43.39671,342.6535,Sunny,0.05
72,9,Hamilton (Mercedes),42.98905,385.64254,Sunny,0.05
72,10,Hamilton (Mercedes),42.2184,427.86094,Sunny,0.05
72,1,Verstappen (Red Bull),42.89858,42.89858,Sunny,0.05
72,2,Verstappen (Red Bull),41.55558,84.45416,Sunny,0.05
72,3,Verstappen (Red Bull),42.4177,126.87186,Sunny,0.05
72,4,Verstappen (Red Bull),42.31768,169.18954,Sunny,0.05
72,5,Verstappen (Red Bull),41.01848,210.20802,Sunny,0.05
72,6,Verstappen (Red Bull),42.78392,252.99194,Sunny,0.05
72,7,Verstappen (Red Bull),42.88478,295.87671,Sunny,0.05
72,8,Verstappen (Red Bull),41.29037,337.16708,Sunny,0.05
72,9,Verstappen (Red Bull),41.34325,378.51033,Sunny,0.05
72,10,Verstappen (Red Bull),42.8271,421.33744,Sunny,0.05
72,1,Norris (McLaren),42.07921,42.07921,Sunny,0.05
72,2,Norris (McLaren),43.35053,85.42974,Sunny,0.05
72,3,Norris (McLaren),44.072,129.50174,Sunny,0.05
72,4,Norris (McLaren),41.46607,170.96781,Sunny,0.05
72,5,Norris (McLaren),42.17605,213.14386,Sunny,0.05
72,6,Norris (McLaren),41.6209,254.76476,Sunny,0.05
72,7,Norris (McLaren),42.69876,297.46353,Sunny,0.05
72,8,Norris (McLaren),43.31514,340.77867,Sunny,0.05
72,9,Norris (McLaren),42.23018,383.00885,Sunny,0.05
72,10,Norris (McLaren),42.20868,425.21753,Sunny,0.05
73,1,Hamilton (Mercedes),42.42014,42.42014,Sunny,0.05
73,2,Hamilton (Mercedes),41.84646,84.2666,Sunny,0.05
73,3,Hamilton (Mercedes),41.75579,126.02239,Sunny,0.05
73,4,Hamilton (Mercedes),42.30625,168.32864,Sunny,0.05
73,5,Hamilton (Mercedes),43.40126,211.72989,Sunny,0.05
73,6,Hamilton (Mercedes),42.28914,254.01903,Sunny,0.05
73,7,Hamilton (Mercedes),42.97133,296.99036,Sunny,0.05
73,8,Hamilton (Mercedes),42.37433,339.36469,Sunny,0.05
73,9,Hamilton (Mercedes),42.93522,382.29991,Sunny,0.05
73,10,Hamilton (Mercedes),41.90858,424.20848,Sunny,0.05
73,1,Verstappen (Red Bull),42.30278,42.30278,Sunny,0.05
73,2,Verstappen (Red Bull),42.50328,84.80606,Sunny,0.05
73,3,Verstappen (Red Bull),41.16763,125.97369,Sunny,0.05
73,4,Verstappen (Red Bull),41.4503,167.42399,Sunny,0.05
73,5,Verstappen (Red Bull),41.74932,209.17331,Sunny,0.05
73,6,Verstappen (Red Bull),42.05296,251.22627,Sunny,0.05
73,7,Verstappen (Red Bull),41.38997,292.61623,Sunny,0.05
73,8,Verstappen (Red Bull),42.89428,335.51051,Sunny,0.05
73,9,Verstappen (Red Bull),41.17445,376.68496,Sunny,0.05
73,10,Verstappen (Red Bull),41.38108,418.06603,Sunny,0.05
73,1,Norris (McLaren),43.54848,43.54848,Sunny,0.05
73,2,Norris (McLaren),42.3041,85.85258,Sunny,0.05
73,3,Norris (McLaren),42.34956,128.20214,Sunny,0.05
73,4,Norris (McLaren),43.13021,171.33234,Sunny,0.05
73,5,Norris (McLaren),41.99647,213.32881,Sunny,0.05
73,6,Norris (McLaren),43.34316,256.67198,Sunny,0.05
73,7,Norris (McLaren),43.28205,299.95403,Sunny,0.05
73,8,Norris (McLaren),42.64072,342.59475,Sunny,0.05
73,9,Norris (McLaren),42.12304,384.71779,Sunny,0.05
73,10,Norris (McLaren),42.0379,426.75569,Sunny,0.05
74,1,Hamilton (Mercedes),41.68395,41.68395,Sunny,0.05
74,2,Hamilton (Mercedes),42.87942,84.56338,Sunny,0.05
74,3,Hamilton (Mercedes),43.37322,127.9366,Sunny,0.05
74,4,Hamilton (Mercedes),41.9388,169.8754,Sunny,0.05
74,5,Hamilton (Mercedes),43.15939,213.0348,Sunny,0.05
74,6,Hamilton (Mercedes),42.44698,255.48178,Sunny,0.05
74,7,Hamilton (Mercedes),42.8653,298.34708,Sunny,0.05
74,8,Hamilton (Mercedes),42.79584,341.14293,Sunny,0.05
74,9,Hamilton (Mercedes),42.66635,383.80928,Sunny,0.05
74,10,Hamilton (Mercedes),43.3085,427.11777,Sunny,0.05
74,1,Verstappen (Red Bull),41.72816,41.72816,Sunny,0.05
74,2,Verstappen (Red Bull),42.10745,83.83562,Sunny,0.05
74,3,Verstappen (Red Bull),43.22675,127.06237,Sunny,0.05
74,4,Verstappen (Red Bull),42.26061,169.32298,Sunny,0.05
74,5,Verstappen (Red Bull),42.42652,211.7495,Sunny,0.05
74,6,Verstappen (Red Bull),41.49856,253.24806,Sunny,0.05
74,7,Verstappen (Red Bull),42.41382,295.66188,Sunny,0.05
74,8,Verstappen (Red Bull),42.18413,337.84602,Sunny,0.05
74,9,Verstappen (Red Bull),43.16212,381.00814,Sunny,0.05
74,10,Verstappen (Red Bull),42.80143,423.80957,Sunny,0.05
74,1,Norris (McLaren),42.52309,42.52309,Sunny,0.05
74,2,Norris (McLaren),41.73136,84.25445,Sunny,0.05
74,3,Norris (McLaren),42.82901,127.08346,Sunny,0.05
74,4,Norris (McLaren),40.951,168.03446,Sunny,0.05
74,5,Norris (McLaren),41.88182,209.91629,Sunny,0.05
74,6,Norris (McLaren),42.95455,252.87084,Sunny,0.05
74,7,Norris (McLaren),42.3225,295.19334,Sunny,0.05
74,8,Norris (McLaren),43.40314,338.59648,Sunny,0.05
74,9,Norris (McLaren),42.86107,381.45755,Sunny,0.05
74,10,Norris (McLaren),43.58445,425.042,Sunny,0.05
75,1,Hamilton (Mercedes),43.15441,43.15441,Sunny,0.05
75,2,Hamilton (Mercedes),42.52936,85.68377,Sunny,0.05
75,3,Hamilton (Mercedes),42.80306,128.48683,Sunny,0.05
75,4,Hamilton (Mercedes),41.95275,170.43958,Sunny,0.05
75,5,Hamilton (Mercedes),43.07619,213.51577,Sunny,0.05
75,6,Hamilton (Mercedes),41.4104,254.92617,Sunny,0.05
75,7,Hamilton (Mercedes),42.80734,297.73351,Sunny,0.05
75,8,Hamilton (Mercedes),42.36668,340.10019,Sunny,0.05
75,9,Hamilton (Mercedes),42.82339,382.92357,Sunny,0.05
75,10,Hamilton (Mercedes),42.34249,425.26606,Sunny,0.05
75,1,Verstappen (Red Bull),43.4066,43.4066,Sunny,0.05
75,2,Verstappen (Red Bull),41.92305,85.32964,Sunny,0.05
75,3,Verstappen (Red Bull),41.71218,127.04182,Sunny,0.05
75,4,Verstappen (Red Bull),41.63324,168.67506,Sunny,0.05
75,5,Verstappen (Red Bull),42.10305,210.77811,Sunny,0.05
75,6,Verstappen (Red Bull),41.9401,252.7182,Sunny,0.05
75,7,Verstappen (Red Bull),41.21494,293.93315,Sunny,0.05
75,8,Verstappen (Red Bull),42.14091,336.07406,Sunny,0.05
75,9,Verstappen (Red Bull),42.24973,378.32379,Sunny,0.05
75,10,Verstappen (Red Bull),43.07101,421.39479,Sunny,0.05
75,1,Norris (McLaren),43.46379,43.46379,Sunny,0.05
75,2,Norris (McLaren),42.32842,85.79221,Sunny,0.05
75,3,Norris (McLaren),41.10675,126.89896,Sunny,0.05
75,4,Norris (McLaren),42.67463,169.57358,Sunny,0.05
75,5,Norris (McLaren),42.5164,212.08998,Sunny,0.05
75,6,Norris (McLaren),42.49675,254.58673,Sunny,0.05
75,7,Norris (McLaren),42.56526,297.15198,Sunny,0.05
75,8,Norris (McLaren),43.09154,340.24352,Sunny,0.05
75,9,Norris (McLaren),43.18788,383.4314,Sunny,0.05
75,10,Norris (McLaren),42.93978,426.37118,Sunny,0.05
76,1,Hamilton (Mercedes),42.59599,42.59599,Sunny,0.05
76,2,Hamilton (Mercedes),42.7078,85.30378,Sunny,0.05
76,3,Hamilton (Mercedes),42.75556,128.05935,Sunny,0.05
76,4,Hamilton (Mercedes),42.82093,170.88028,Sunny,0.05
76,5,Hamilton (Mercedes),42.33422,213.2145,Sunny,0.05
76,6,Hamilton (Mercedes),43.09779,256.31228,Sunny,0.05
76,7,Hamilton (Mercedes),43.1228,299.43509,Sunny,0.05
76,8,Hamilton (Mercedes),42.5088,341.94389,Sunny,0.05
76,9,Hamilton (Mercedes),42.81581,384.7597,Sunny,0.05
76,10,Hamilton (Mercedes),43.24626,428.00596,Sunny,0.05
76,1,Verstappen (Red Bull),41.83495,41.83495,Sunny,0.05
76,2,Verstappen (Red Bull),42.56017,84.39512,Sunny,0.05
76,3,Verstappen (Red Bull),42.20933,126.60446,Sunny,0.05
76,4,Verstappen (Red Bull),42.26247,168.86693,Sunny,0.05
76,5,Verstappen (Red Bull),40.80035,209.66728,Sunny,0.05
76,6,Verstappen (Red Bull),41.71805,251.38533,Sunny,0.05
76,7,Verstappen (Red Bull),41.95783,293.34315,Sunny,0.05
76,8,Verstappen (Red Bull),42.57268,335.91584,Sunny,0.05
76,9,Verstappen (Red Bull),42.89332,378.80916,Sunny,0.05
76,10,Verstappen (Red Bull),41.24558,420.05474,Sunny,0.05
76,1,Norris (McLaren),42.30603,42.30603,Sunny,0.05
76,2,Norris (McLaren),43.16829,85.47432,Sunny,0.05
76,3,Norris (McLaren),41.44363,126.91795,Sunny,0.05
76,4,Norris (McLaren),43.55039,170.46834,Sunny,0.05
76,5,Norris (McLaren),42.01208,212.48042,Sunny,0.05
76,6,Norris (McLaren),42.27172,254.75214,Sunny,0.05
76,7,Norris (McLaren),43.98089,298.73303,Sunny,0.05
76,8,Norris (McLaren),41.42703,340.16005,Sunny,0.05
76,9,Norris (McLaren),42.93016,383.09021,Sunny,0.05
76,10,Norris (McLaren),42.40379,425.49401,Sunny,0.05
77,1,Hamilton (Mercedes),41.83505,41.83505,Sunny,0.05
77,2,Hamilton (Mercedes),42.06422,83.89927,Sunny,0.05
77,3,Hamilton (Mercedes),43.01764,126.91691,Sunny,0.05
77,4,Hamilton (Mercedes),42.09855,169.01546,Sunny,0.05
77,5,Hamilton (Mercedes),42.90449,211.91995,Sunny,0.05
77,6,Hamilton (Mercedes),42.38004,254.29999,Sunny,0.05
77,7,Hamilton (Mercedes),42.77758,297.07758,Sunny,0.05
77,8,Hamilton (Mercedes),42.73133,339.8089,Sunny,0.05
77,9,Hamilton (Mercedes),42.71315,382.52205,Sunny,0.05
77,10,Hamilton (Mercedes),43.10624,425.62829,Sunny,0.05
77,1,Verstappen (Red Bull),42.40474,42.40474,Sunny,0.05
77,2,Verstappen (Red Bull),42.07181,84.47655,Sunny,0.05
77,3,Verstappen (Red Bull),42.11483,126.59138,Sunny,0.05
77,4,Verstappen (Red Bull),42.40824,168.99962,Sunny,0.05
77,5,Verstappen (Red Bull),42.76857,211.76819,Sunny,0.05
77,6,Verstappen (Red Bull),41.52867,253.29686,Sunny,0.05
77,7,Verstappen (Red Bull),42.66203,295.95889,Sunny,0.05
77,8,Verstappen (Red Bull),41.42888,337.38777,Sunny,0.05
77,9,Verstappen (Red Bull),41.85726,379.24503,Sunny,0.05
77,10,Verstappen (Red Bull),43.32492,422.56996,Sunny,0.05
77,1,Norris (McLaren),42.86329,42.86329,Sunny,0.05
77,2,Norris (McLaren),42.01835,84.88164,Sunny,0.05
77,3,Norris (McLaren),44.0495,128.93114,Sunny,0.05
77,4,Norris (McLaren),42.03712,170.96826,Sunny,0.05
77,5,Norris (McLaren),42.75446,213.72272,Sunny,0.05
77,6,Norris (McLaren),43.33146,257.05418,Sunny,0.05
77,7,Norris (McLaren),42.93369,299.98786,Sunny,0.05
77,8,Norris (McLaren),42.53346,342.52132,Sunny,0.05
77,9,Norris (McLaren),43.37103,385.89235,Sunny,0.05
77,10,Norris (McLaren),42.06349,427.95584,Sunny,0.05
78,1,Hamilton (Mercedes),42.70389,42.70389,Sunny,0.05
78,2,Hamilton (Mercedes),41.68012,84.38401,Sunny,0.05
78,3,Hamilton (Mercedes),42.87736,127.26137,Sunny,0.05
78,4,Hamilton (Mercedes),41.88865,169.15002,Sunny,0.05
78,5,Hamilton (Mercedes),42.41112,211.56113,Sunny,0.05
78,6,Hamilton (Mercedes),42.23701,253.79815,Sunny,0.05
78,7,Hamilton (Mercedes),43.1872,296.98535,Sunny,0.05
78,8,Hamilton (Mercedes),42.33319,339.31853,Sunny,0.05
78,9,Hamilton (Mercedes),42.75654,382.07507,Sunny,0.05
78,10,Hamilton (Mercedes),42.27501,424.35009,Sunny,0.05
78,1,Verstappen (Red Bull),41.18737,41.18737,Sunny,0.05
78,2,Verstappen (Red Bull),41.15408,82.34145,Sunny,0.05
78,3,Verstappen (Red Bull),42.46633,124.80778,Sunny,0.05
78,4,Verstappen (Red Bull),42.11854,166.92631,Sunny,0.05
78,5,Verstappen (Red Bull),41.40695,208.33327,Sunny,0.05
78,6,Verstappen (Red Bull),42.39864,250.7319,Sunny,0.05
78,7,Verstappen (Red Bull),42.31046,293.04237,Sunny,0.05
78,8,Verstappen (Red Bull),41.65222,334.69459,Sunny,0.05
78,9,Verstappen (Red Bull),42.89077,377.58535,Sunny,0.05
78,10,Verstappen (Red Bull),41.76893,419.35429,Sunny,0.05
78,1,Norris (McLaren),42.25955,42.25955,Sunny,0.05
78,2,Norris (McLaren),43.47509,85.73464,Sunny,0.05
78,3,Norris (McLaren),43.00478,128.73942,Sunny,0.05
78,4,Norris (McLaren),43.13137,171.8708,Sunny,0.05
78,5,Norris (McLaren),43.07366,214.94446,Sunny,0.05
78,6,Norris (McLaren),42.49102,257.43548,Sunny,0.05
78,7,Norris (McLaren),43.23675,300.67223,Sunny,0.05
78,8,Norris (McLaren),44.44021,345.11244,Sunny,0.05
78,9,Norris (McLaren),41.92046,387.03289,Sunny,0.05
78,10,Norris (McLaren),43.48939,430.52229,Sunny,0.05
79,1,Hamilton (Mercedes),42.29859,42.29859,Sunny,0.05
79,2,Hamilton (Mercedes),42.45912,84.75771,Sunny,0.05
79,3,Hamilton (Mercedes),42.32495,127.08266,Sunny,0.05
79,4,Hamilton (Mercedes),41.94284,169.0255,Sunny,0.05
79,5,Hamilton (Mercedes),41.63876,210.66426,Sunny,0.05
79,6,Hamilton (Mercedes),42.2094,252.87366,Sunny,0.05
79,7,Hamilton (Mercedes),42.64998,295.52364,Sunny,0.05
79,8,Hamilton (Mercedes),42.45636,337.98,Sunny,0.05
79,9,Hamilton (Mercedes),42.64759,380.62759,Sunny,0.05
79,10,Hamilton (Mercedes),42.47261,423.10019,Sunny,0.05
79,1,Verstappen (Red Bull),41.34127,41.34127,Sunny,0.05
79,2,Verstappen (Red Bull),41.78986,83.13113,Sunny,0.05
79,3,Verstappen (Red Bull),41.8885,125.01963,Sunny,0.05
79,4,Verstappen (Red Bull),42.62819,167.64782,Sunny,0.05
79,5,Verstappen (Red Bull),41.55184,209.19967,Sunny,0.05
79,6,Verstappen (Red Bull),42.42211,251.62178,Sunny,0.05
79,7,Verstappen (Red Bull),41.66793,293.28971,Sunny,0.05
79,8,Verstappen (Red Bull),41.03303,334.32274,Sunny,0.05
79,9,Verstappen (Red Bull),40.98802,375.31076,Sunny,0.05
79,10,Verstappen (Red Bull),42.63554,417.9463,Sunny,0.05
79,1,Norris (McLaren),42.02011,42.02011,Sunny,0.05
79,2,Norris (McLaren),41.90528,83.92539,Sunny,0.05
79,3,Norris (McLaren),44.14043,128.06581,Sunny,0.05
79,4,Norris (McLaren),42.68571,170.75153,Sunny,0.05
79,5,Norris (McLaren),41.74355,212.49508,Sunny,0.05
79,6,Norris (McLaren),42.75044,255.24552,Sunny,0.05
79,7,Norris (McLaren),42.66917,297.91469,Sunny,0.05
79,8,Norris (McLaren),43.04898,340.96367,Sunny,0.05
79,9,Norris (McLaren),42.77987,383.74353,Sunny,0.05
79,10,Norris (McLaren),42.25965,426.00318,Sunny,0.05
80,1,Hamilton (Mercedes),42.35383,42.35383,Sunny,0.05
80,2,Hamilton (Mercedes),42.42713,84.78096,Sunny,0.05
80,3,Hamilton (Mercedes),42.65241,127.43336,Sunny,0.05
80,4,Hamilton (Mercedes),42.31291,169.74627,Sunny,0.05
80,5,Hamilton (Mercedes),43.02923,212.7755,Sunny,0.05
80,6,Hamilton (Mercedes),43.70061,256.47611,Sunny,0.05
80,7,Hamilton (Mercedes),42.38429,298.8604,Sunny,0.05
80,8,Hamilton (Mercedes),42.23534,341.09574,Sunny,0.05
80,9,Hamilton (Mercedes),42.58718,383.68292,Sunny,0.05
80,10,Hamilton (Mercedes),42.20436,425.88729,Sunny,0.05
80,1,Verstappen (Red Bull),42.52141,42.52141,Sunny,0.05
80,2,Verstappen (Red Bull),41.43205,83.95346,Sunny,0.05
80,3,Verstappen (Red Bull),40.87145,124.82491,Sunny,0.05
80,4,Verstappen (Red Bull),42.83239,167.65731,Sunny,0.05
80,5,Verstappen (Red Bull),42.43762,210.09492,Sunny,0.05
80,6,Verstappen (Red Bull),41.82394,251.91887,Sunny,0.05
80,7,Verstappen (Red Bull),41.75011,293.66898,Sunny,0.05
80,8,Verstappen (Red Bull),42.35824,336.02721,Sunny,0.05
80,9,Verstappen (Red Bull),42.09357,378.12078,Sunny,0.05
80,10,Verstappen (Red Bull),41.39936,419.52014,Sunny,0.05
80,1,Norris (McLaren),42.63174,42.63174,Sunny,0.05
80,2,Norris (McLaren),43.81036,86.4421,Sunny,0.05
80,3,Norris (McLaren),42.40967,128.85176,Sunny,0.05
80,4,Norris (McLaren),42.69146,171.54322,Sunny,0.05
80,5,Norris (McLaren),43.18274,214.72596,Sunny,0.05
80,6,Norris (McLaren),44.62259,259.34855,Sunny,0.05
80,7,Norris (McLaren),43.08964,302.43819,Sunny,0.05
80,8,Norris (McLaren),42.90114,345.33933,Sunny,0.05
80,9,Norris (McLaren),42.33218,387.67151,Sunny,0.05
80,10,Norris (McLaren),43.56583,431.23735,Sunny,0.05
81,1,Hamilton (Mercedes),42.63624,42.63624,Sunny,0.05
81,2,Hamilton (Mercedes),43.19536,85.8316,Sunny,0.05
81,3,Hamilton (Mercedes),42.08871,127.92031,Sunny,0.05
81,4,Hamilton (Mercedes),42.29207,170.21238,Sunny,0.05
81,5,Hamilton (Mercedes),42.67701,212.88939,Sunny,0.05
81,6,Hamilton (Mercedes),42.66104,255.55044,Sunny,0.05
81,7,Hamilton (Mercedes),42.62032,298.17075,Sunny,0.05
81,8,Hamilton (Mercedes),42.09874,340.26949,Sunny,0.05
81,9,Hamilton (Mercedes),41.78142,382.05091,Sunny,0.05
81,10,Hamilton (Mercedes),42.09141,424.14232,Sunny,0.05
81,1,Verstappen (Red Bull),41.2152,41.2152,Sunny,0.05
81,2,Verstappen (Red Bull),42.16666,83.38186,Sunny,0.05
81,3,Verstappen (Red Bull),41.94116,125.32302,Sunny,0.05
81,4,Verstappen (Red Bull),41.78971,167.11273,Sunny,0.05
81,5,Verstappen (Red Bull),42.35526,209.46799,Sunny,0.05
81,6,Verstappen (Red Bull),41.76867,251.23666,Sunny,0.05
81,7,Verstappen (Red Bull),42.58267,293.81933,Sunny,0.05
81,8,Verstappen (Red Bull),42.42737,336.2467,Sunny,0.05
81,9,Verstappen (Red Bull),42.08352,378.33022,Sunny,0.05
81,10,Verstappen (Red Bull),42.82856,421.15878,Sunny,0.05
81,1,Norris (McLaren),41.56554,41.56554,Sunny,0.05
81,2,Norris (McLaren),42.20493,83.77047,Sunny,0.05
81,3,Norris (McLaren),42.75294,126.52341,Sunny,0.05
81,4,Norris (McLaren),42.03046,168.55387,Sunny,0.05
81,5,Norris (McLaren),42.39743,210.9513,Sunny,0.05
81,6,Norris (McLaren),42.30385,253.25515,Sunny,0.05
81,7,Norris (McLaren),43.51031,296.76545,Sunny,0.05
81,8,Norris (McLaren),41.46864,338.2341,Sunny,0.05
81,9,Norris (McLaren),43.26296,381.49706,Sunny,0.05
81,10,Norris (McLaren),42.78744,424.2845,Sunny,0.05
82,1,Hamilton (Mercedes),42.87863,42.87863,Sunny,0.05
82,2,Hamilton (Mercedes),41.54162,84.42025,Sunny,0.05
82,3,Hamilton (Mercedes),43.34052,127.76078,Sunny,0.05
82,4,Hamilton (Mercedes),42.61778,170.37855,Sunny,0.05
82,5,Hamilton (Mercedes),42.69316,213.07171,Sunny,0.05
82,6,Hamilton (Mercedes),42.58179,255.6535,Sunny,0.05
82,7,Hamilton (Mercedes),42.42138,298.07488,Sunny,0.05
82,8,Hamilton (Mercedes),41.84645,339.92133,Sunny,0.05
82,9,Hamilton (Mercedes),42.49054,382.41187,Sunny,0.05
82,10,Hamilton (Mercedes),43.10546,425.51733,Sunny,0.05
82,1,Verstappen (Red Bull),42.59813,42.59813,Sunny,0.05
82,2,Verstappen (Red Bull),41.90806,84.50618,Sunny,0.05
82,3,Verstappen (Red Bull),41.59615,126.10233,Sunny,0.05
82,4,Verstappen (Red Bull),41.27638,167.37871,Sunny,0.05
82,5,Verstappen (Red Bull),42.16582,209.54453,Sunny,0.05
82,6,Verstappen (Red Bull),42.2888,251.83333,Sunny,0.05
82,7,Verstappen (Red Bull),42.91307,294.74641,Sunny,0.05
82,8,Verstappen (Red Bull),42.92698,337.67339,Sunny,0.05
82,9,Verstappen (Red Bull),41.89519,379.56858,Sunny,0.05
82,10,Verstappen (Red Bull),42.74004,422.30862,Sunny,0.05
82,1,Norris (McLaren),41.6096,41.6096,Sunny,0.05
82,2,Norris (McLaren),42.43771,84.04731,Sunny,0.05
82,3,Norris (McLaren),42.80328,126.85059,Sunny,0.05
82,4,Norris (McLaren),42.83383,169.68443,Sunny,0.05
82,5,Norris (McLaren),43.22076,212.90519,Sunny,0.05
82,6,Norris (McLaren),42.31951,255.2247,Sunny,0.05
82,7,Norris (McLaren),43.3221,298.54679,Sunny,0.05
82,8,Norris (McLaren),42.11213,340.65892,Sunny,0.05
82,9,Norris (McLaren),42.80818,383.4671,Sunny,0.05
82,10,Norris (McLaren),42.92686,426.39396,Sunny,0.05
83,1,Hamilton (Mercedes),42.3406,42.3406,Sunny,0.05
83,2,Hamilton (Mercedes),41.48241,83.82302,Sunny,0.05
83,3,Hamilton (Mercedes),41.86664,125.68965,Sunny,0.05
83,4,Hamilton (Mercedes),42.62711,168.31676,Sunny,0.05
83,5,Hamilton (Mercedes),41.88042,210.19718,Sunny,0.05
83,6,Hamilton (Mercedes),41.89573,252.09291,Sunny,0.05
83,7,Hamilton (Mercedes),42.00594,294.09885,Sunny,0.05
83,8,Hamilton (Mercedes),41.97935,336.0782,Sunny,0.05
83,9,Hamilton (Mercedes),42.02818,378.10638,Sunny,0.05
83,10,Hamilton (Mercedes),42.72049,420.82687,Sunny,0.05
83,1,Verstappen (Red Bull),42.11383,42.11383,Sunny,0.05
83,2,Verstappen (Red Bull),42.44336,84.55718,Sunny,0.05
83,3,Verstappen (Red Bull),42.61654,127.17373,Sunny,0.05
83,4,Verstappen (Red Bull),42.12534,169.29907,Sunny,0.05
83,5,Verstappen (Red Bull),42.1221,211.42117,Sunny,0.05
83,6,Verstappen (Red Bull),41.61715,253.03832,Sunny,0.05
83,7,Verstappen (Red Bull),42.01338,295.0517,Sunny,0.05
83,8,Verstappen (Red Bull),42.14339,337.19509,Sunny,0.05
83,9,Verstappen (Red Bull),41.76204,378.95713,Sunny,0.05
83,10,Verstappen (Red Bull),42.10726,421.06439,Sunny,0.05
83,1,Norris (McLaren),42.78595,42.78595,Sunny,0.05
83,2,Norris (McLaren),42.2352,85.02115,Sunny,0.05
83,3,Norris (McLaren),42.41842,127.43957,Sunny,0.05
83,4,Norris (McLaren),41.57419,169.01375,Sunny,0.05
83,5,Norris (McLaren),42.88768,211.90143,Sunny,0.05
83,6,Norris (McLaren),42.79757,254.699,Sunny,0.05
83,7,Norris (McLaren),43.05526,297.75426,Sunny,0.05
83,8,Norris (McLaren),43.68214,341.43639,Sunny,0.05
83,9,Norris (McLaren),42.84493,384.28132,Sunny,0.05
83,10,Norris (McLaren),41.7241,426.00543,Sunny,0.05
84,1,Hamilton (Mercedes),42.35937,42.35937,Sunny,0.05
84,2,Hamilton (Mercedes),42.36024,84.7196,Sunny,0.05
84,3,Hamilton (Mercedes),42.42105,127.14065,Sunny,0.05
84,4,Hamilton (Mercedes),42.8311,169.97175,Sunny,0.05
84,5,Hamilton (Mercedes),42.86259,212.83433,Sunny,0.05
84,6,Hamilton (Mercedes),43.25897,256.0933,Sunny,0.05
84,7,Hamilton (Mercedes),43.25885,299.35215,Sunny,0.05
84,8,Hamilton (Mercedes),42.71858,342.07073,Sunny,0.05
84,9,Hamilton (Mercedes),42.93892,385.00965,Sunny,0.05
84,10,Hamilton (Mercedes),42.39887,427.40852,Sunny,0.05
84,1,Verstappen (Red Bull),42.35461,42.35461,Sunny,0.05
84,2,Verstappen (Red Bull),42.24354,84.59814,Sunny,0.05
84,3,Verstappen (Red Bull),41.82592,126.42406,Sunny,0.05
84,4,Verstappen (Red Bull),42.07762,168.50168,Sunny,0.05
84,5,Verstappen (Red Bull),42.37098,210.87266,Sunny,0.05
84,6,Verstappen (Red Bull),42.19043,253.0631,Sunny,0.05
84,7,Verstappen (Red Bull),41.02291,294.08601,Sunny,0.05
84,8,Verstappen (Red Bull),42.58325,336.66925,Sunny,0.05
84,9,Verstappen (Red Bull),42.10957,378.77883,Sunny,0.05
84,10,Verstappen (Red Bull),42.58451,421.36334,Sunny,0.05
84,1,Norris (McLaren),41.13268,41.13268,Sunny,0.05
84,2,Norris (McLaren),44.21533,85.34802,Sunny,0.05
84,3,Norris (McLaren),42.46376,127.81177,Sunny,0.05
84,4,Norris (McLaren),43.7892,171.60097,Sunny,0.05
84,5,Norris (McLaren),43.62965,215.23063,Sunny,0.05
84,6,Norris (McLaren),41.41588,256.6465,Sunny,0.05
84,7,Norris (McLaren),42.87357,299.52007,Sunny,0.05
84,8,Norris (McLaren),40.17248,339.69255,Sunny,0.05
84,9,Norris (McLaren),43.19258,382.88513,Sunny,0.05
84,10,Norris (McLaren),42.61564,425.50077,Sunny,0.05
85,1,Hamilton (Mercedes),43.21405,43.21405,Sunny,0.05
85,2,Hamilton (Mercedes),43.44698,86.66103,Sunny,0.05
85,3,Hamilton (Mercedes),41.48278,128.1438,Sunny,0.05
85,4,Hamilton (Mercedes),42.23651,170.38032,Sunny,0.05
85,5,Hamilton (Mercedes),42.55716,212.93747,Sunny,0.05
85,6,Hamilton (Mercedes),42.66921,255.60668,Sunny,0.05
85,7,Hamilton (Mercedes),42.48638,298.09306,Sunny,0.05
85,8,Hamilton (Mercedes),42.23214,340.32519,Sunny,0.05
85,9,Hamilton (Mercedes),43.03845,383.36364,Sunny,0.05
85,10,Hamilton (Mercedes),43.26336,426.627,Sunny,0.05
85,1,Verstappen (Red Bull),42.66159,42.66159,Sunny,0.05
85,2,Verstappen (Red Bull),42.89995,85.56154,Sunny,0.05
85,3,Verstappen (Red Bull),42.62764,128.18918,Sunny,0.05
85,4,Verstappen (Red Bull),42.84138,171.03056,Sunny,0.05
85,5,Verstappen (Red Bull),42.34841,213.37897,Sunny,0.05
85,6,Verstappen (Red Bull),42.60883,255.9878,Sunny,0.05
85,7,Verstappen (Red Bull),41.27491,297.26272,Sunny,0.05
85,8,Verstappen (Red Bull),42.17434,339.43706,Sunny,0.05
85,9,Verstappen (Red Bull),42.16241,381.59947,Sunny,0.05
85,10,Verstappen (Red Bull),43.59404,425.19351,Sunny,0.05
85,1,Norris (McLaren),42.13036,42.13036,Sunny,0.05
85,2,Norris (McLaren),43.14627,85.27663,Sunny,0.05
85,3,Norris (McLaren),43.70993,128.98657,Sunny,0.05
85,4,Norris (McLaren),42.40069,171.38726,Sunny,0.05
85,5,Norris (McLaren),43.70019,215.08745,Sunny,0.05
85,6,Norris (McLaren),42.14,257.22746,Sunny,0.05
85,7,Norris (McLaren),43.68994,300.9174,Sunny,0.05
85,8,Norris (McLaren),43.3405,344.25789,Sunny,0.05
85,9,Norris (McLaren),42.88175,387.13965,Sunny,0.05
85,10,Norris (McLaren),43.16168,430.30132,Sunny,0.05
86,1,Hamilton (Mercedes),41.98921,41.98921,Sunny,0.05
86,2,Hamilton (Mercedes),42.71823,84.70744,Sunny,0.05
86,3,Hamilton (Mercedes),42.43527,127.14271,Sunny,0.05
86,4,Hamilton (Mercedes),41.35586,168.49856,Sunny,0.05
86,5,Hamilton (Mercedes),43.50203,212.0006,Sunny,0.05
86,6,Hamilton (Mercedes),41.26394,253.26454,Sunny,0.05
86,7,Hamilton (Mercedes),42.65375,295.91829,Sunny,0.05
86,8,Hamilton (Mercedes),42.53878,338.45707,Sunny,0.05
86,9,Hamilton (Mercedes),43.32019,381.77726,Sunny,0.05
86,10,Hamilton (Mercedes),42.9804,424.75766,Sunny,0.05
86,1,Verstappen (Red Bull),42.53984,42.53984,Sunny,0.05
86,2,Verstappen (Red Bull),42.04704,84.58688,Sunny,0.05
86,3,Verstappen (Red Bull),42.44131,127.0282,Sunny,0.05
86,4,Verstappen (Red Bull),41.72595,168.75414,Sunny,0.05
86,5,Verstappen (Red Bull),42.53459,211.28873,Sunny,0.05
86,6,Verstappen (Red Bull),42.70271,253.99145,Sunny,0.05
86,7,Verstappen (Red Bull),43.33256,297.32401,Sunny,0.05
86,8,Verstappen (Red Bull),42.35826,339.68228,Sunny,0.05
86,9,Verstappen (Red Bull),41.07394,380.75622,Sunny,0.05
86,10,Verstappen (Red Bull),43.50588,424.2621,Sunny,0.05
86,1,Norris (McLaren),42.09446,42.09446,Sunny,0.05
86,2,Norris (McLaren),43.41257,85.50703,Sunny,0.05
86,3,Norris (McLaren),41.80512,127.31215,Sunny,0.05
86,4,Norris (McLaren),42.50922,169.82138,Sunny,0.05
86,5,Norris (McLaren),42.26133,212.08271,Sunny,0.05
86,6,Norris (McLaren),43.03642,255.11913,Sunny,0.05
86,7,Norris (McLaren),43.09109,298.21022,Sunny,0.05
86,8,Norris (McLaren),41.58007,339.79029,Sunny,0.05
86,9,Norris (McLaren),42.76051,382.5508,Sunny,0.05
86,10,Norris (McLaren),43.69074,426.24153,Sunny,0.05
87,1,Hamilton (Mercedes),42.01196,42.01196,Sunny,0.05
87,2,Hamilton (Mercedes),42.81321,84.82517,Sunny,0.05
87,3,Hamilton (Mercedes),43.41421,128.23937,Sunny,0.05
87,4,Hamilton (Mercedes),42.9648,171.20417,Sunny,0.05
87,5,Hamilton (Mercedes),42.36461,213.56878,Sunny,0.05
87,6,Hamilton (Mercedes),42.09214,255.66092,Sunny,0.05
87,7,Hamilton (Mercedes),42.4609,298.12182,Sunny,0.05
87,8,Hamilton (Mercedes),43.00958,341.1314,Sunny,0.05
87,9,Hamilton (Mercedes),42.54383,383.67524,Sunny,0.05
87,10,Hamilton (Mercedes),42.7129,426.38813,Sunny,0.05
87,1,Verstappen (Red Bull),43.70594,43.70594,Sunny,0.05
87,2,Verstappen (Red Bull),42.47273,86.17867,Sunny,0.05
87,3,Verstappen (Red Bull),42.13914,128.31781,Sunny,0.05
87,4,Verstappen (Red Bull),42.02703,170.34484,Sunny,0.05
87,5,Verstappen (Red Bull),42.16998,212.51481,Sunny,0.05
87,6,Verstappen (Red Bull),42.16988,254.6847,Sunny,0.05
87,7,Verstappen (Red Bull),41.69973,296.38442,Sunny,0.05
87,8,Verstappen (Red Bull),42.25024,338.63467,Sunny,0.05
87,9,Verstappen (Red Bull),42.64731,381.28197,Sunny,0.05
87,10,Verstappen (Red Bull),41.46184,422.74381,Sunny,0.05
87,1,Norris (McLaren),42.62193,42.62193,Sunny,0.05
87,2,Norris (McLaren),40.39347,83.0154,Sunny,0.05
87,3,Norris (McLaren),42.26965,125.28505,Sunny,0.05
87,4,Norris (McLaren),43.6752,168.96025,Sunny,0.05
87,5,Norris (McLaren),44.01722,212.97747,Sunny,0.05
87,6,Norris (McLaren),42.17844,255.15591,Sunny,0.05
87,7,Norris (McLaren),43.73154,298.88746,Sunny,0.05
87,8,Norris (McLaren),43.13601,342.02347,Sunny,0.05
87,9,Norris (McLaren),43.51823,385.54169,Sunny,0.05
87,10,Norris (McLaren),43.45513,428.99682,Sunny,0.05
88,1,Hamilton (Mercedes),41.85124,41.85124,Sunny,0.05
88,2,Hamilton (Mercedes),42.34965,84.20089,Sunny,0.05
88,3,Hamilton (Mercedes),43.51979,127.72068,Sunny,0.05
88,4,Hamilton (Mercedes),42.76413,170.48481,Sunny,0.05
88,5,Hamilton (Mercedes),43.06954,213.55435,Sunny,0.05
88,6,Hamilton (Mercedes),43.00337,256.55772,Sunny,0.05
88,7,Hamilton (Mercedes),42.54256,299.10028,Sunny,0.05
88,8,Hamilton (Mercedes),41.89324,340.99352,Sunny,0.05
88,9,Hamilton (Mercedes),42.54442,383.53794,Sunny,0.05
88,10,Hamilton (Mercedes),43.57513,427.11308,Sunny,0.05
88,1,Verstappen (Red Bull),41.60145,41.60145,Sunny,0.05
88,2,Verstappen (Red Bull),42.60791,84.20936,Sunny,0.05
88,3,Verstappen (Red Bull),41.54644,125.7558,Sunny,0.05
88,4,Verstappen (Red Bull),41.33255,167.08835,Sunny,0.05
88,5,Verstappen (Red Bull),41.82959,208.91795,Sunny,0.05
88,6,Verstappen (Red Bull),42.51619,251.43414,Sunny,0.05
88,7,Verstappen (Red Bull),41.80916,293.24329,Sunny,0.05
88,8,Verstappen (Red Bull),41.82749,335.07078,Sunny,0.05
88,9,Verstappen (Red Bull),42.83415,377.90494,Sunny,0.05
88,10,Verstappen (Red Bull),41.90397,419.80891,Sunny,0.05
88,1,Norris (McLaren),43.02096,43.02096,Sunny,0.05
88,2,Norris (McLaren),42.67899,85.69996,Sunny,0.05
88,3,Norris (McLaren),43.71604,129.416,Sunny,0.05
88,4,Norris (McLaren),41.86939,171.28538,Sunny,0.05
88,5,Norris (McLaren),42.12282,213.4082,Sunny,0.05
88,6,Norris (McLaren),44.1827,257.5909,Sunny,0.05
88,7,Norris (McLaren),43.33946,300.93036,Sunny,0.05
88,8,Norris (McLaren),42.6828,343.61316,Sunny,0.05
88,9,Norris (McLaren),42.95017,386.56334,Sunny,0.05
88,10,Norris (McLaren),43.49764,430.06098,Sunny,0.05
89,1,Hamilton (Mercedes),42.81679,42.81679,Sunny,0.05
89,2,Hamilton (Mercedes),43.28648,86.10326,Sunny,0.05
89,3,Hamilton (Mercedes),42.68686,128.79013,Sunny,0.05
89,4,Hamilton (Mercedes),42.06246,170.85258,Sunny,0.05
89,5,Hamilton (Mercedes),42.23007,213.08265,Sunny,0.05
89,6,Hamilton (Mercedes),43.20079,256.28344,Sunny,0.05
89,7,Hamilton (Mercedes),42.86199,299.14543,Sunny,0.05
89,8,Hamilton (Mercedes),42.68731,341.83274,Sunny,0.05
89,9,Hamilton (Mercedes),42.48457,384.31731,Sunny,0.05
89,10,Hamilton (Mercedes),42.91944,427.23675,Sunny,0.05
89,1,Verstappen (Red Bull),42.47576,42.47576,Sunny,0.05
89,2,Verstappen (Red Bull),42.34127,84.81702,Sunny,0.05
89,3,Verstappen (Red Bull),42.41086,127.22788,Sunny,0.05
89,4,Verstappen (Red Bull),42.09522,169.3231,Sunny,0.05
89,5,Verstappen (Red Bull),42.34514,211.66824,Sunny,0.05
89,6,Verstappen (Red Bull),41.86505,253.53329,Sunny,0.05
89,7,Verstappen (Red Bull),42.40656,295.93985,Sunny,0.05
89,8,Verstappen (Red Bull),42.3164,338.25625,Sunny,0.05
89,9,Verstappen (Red Bull),42.16534,380.42159,Sunny,0.05
89,10,Verstappen (Red Bull),41.48795,421.90954,Sunny,0.05
89,1,Norris (McLaren),43.12615,43.12615,Sunny,0.05
89,2,Norris (McLaren),41.71234,84.83849,Sunny,0.05
89,3,Norris (McLaren),41.92185,126.76034,Sunny,0.05
89,4,Norris (McLaren),42.30717,169.0675,Sunny,0.05
89,5,Norris (McLaren),42.78594,211.85344,Sunny,0.05
89,6,Norris (McLaren),41.85931,253.71275,Sunny,0.05
89,7,Norris (McLaren),43.41138,297.12412,Sunny,0.05
89,8,Norris (McLaren),43.35199,340.47611,Sunny,0.05
89,9,Norris (McLaren),43.48454,383.96066,Sunny,0.05
89,10,Norris (McLaren),41.93369,425.89434,Sunny,0.05
90,1,Hamilton (Mercedes),42.84675,42.84675,Sunny,0.05
90,2,Hamilton (Mercedes),41.97409,84.82084,Sunny,0.05
90,3,Hamilton (Mercedes),42.40707,127.22791,Sunny,0.05
90,4,Hamilton (Mercedes),41.24057,168.46848,Sunny,0.05
90,5,Hamilton (Mercedes),42.60442,211.0729,Sunny,0.05
90,6,Hamilton (Mercedes),42.37939,253.45228,Sunny,0.05
90,7,Hamilton (Mercedes),43.25092,296.7032,Sunny,0.05
90,8,Hamilton (Mercedes),42.84543,339.54863,Sunny,0.05
90,9,Hamilton (Mercedes),42.78037,382.329,Sunny,0.05
90,10,Hamilton (Mercedes),42.74598,425.07498,Sunny,0.05
90,1,Verstappen (Red Bull),42.6971,42.6971,Sunny,0.05
90,2,Verstappen (Red Bull),41.45026,84.14736,Sunny,0.05
90,3,Verstappen (Red Bull),42.58802,126.73538,Sunny,0.05
90,4,Verstappen (Red Bull),42.05272,168.7881,Sunny,0.05
90,5,Verstappen (Red Bull),41.81904,210.60714,Sunny,0.05
90,6,Verstappen (Red Bull),42.54717,253.15432,Sunny,0.05
90,7,Verstappen (Red Bull),42.36757,295.52188,Sunny,0.05
90,8,Verstappen (Red Bull),42.90235,338.42423,Sunny,0.05
90,9,Verstappen (Red Bull),41.17355,379.59778,Sunny,0.05
90,10,Verstappen (Red Bull),42.32807,421.92585,Sunny,0.05
90,1,Norris (McLaren),43.68509,43.68509,Sunny,0.05
90,2,Norris (McLaren),41.60613,85.29122,Sunny,0.05
90,3,Norris (McLaren),43.48582,128.77703,Sunny,0.05
90,4,Norris (McLaren),42.85474,171.63177,Sunny,0.05
90,5,Norris (McLaren),42.65005,214.28182,Sunny,0.05
90,6,Norris (McLaren),41.82833,256.11015,Sunny,0.05
90,7,Norris (McLaren),43.70383,299.81398,Sunny,0.05
90,8,Norris (McLaren),42.68942,342.5034,Sunny,0.05
90,9,Norris (McLaren),44.1591,386.6625,Sunny,0.05
90,10,Norris (McLaren),42.3826,429.0451,Sunny,0.05
91,1,Hamilton (Mercedes),42.51456,42.51456,Sunny,0.05
91,2,Hamilton (Mercedes),42.57346,85.08802,Sunny,0.05
91,3,Hamilton (Mercedes),42.38607,127.47409,Sunny,0.05
91,4,Hamilton (Mercedes),43.3051,170.77918,Sunny,0.05
91,5,Hamilton (Mercedes),42.27152,213.05071,Sunny,0.05
91,6,Hamilton (Mercedes),43.29898,256.34969,Sunny,0.05
91,7,Hamilton (Mercedes),42.83133,299.18101,Sunny,0.05
91,8,Hamilton (Mercedes),42.46957,341.65059,Sunny,0.05
91,9,Hamilton (Mercedes),42.42777,384.07836,Sunny,0.05
91,10,Hamilton (Mercedes),42.92446,427.00281,Sunny,0.05
91,1,Verstappen (Red Bull),41.68075,41.68075,Sunny,0.05
91,2,Verstappen (Red Bull),42.52495,84.20569,Sunny,0.05
91,3,Verstappen (Red Bull),42.76796,126.97365,Sunny,0.05
91,4,Verstappen (Red Bull),42.26852,169.24218,Sunny,0.05
91,5,Verstappen (Red Bull),42.41943,211.66161,Sunny,0.05
91,6,Verstappen (Red Bull),41.78822,253.44983,Sunny,0.05
91,7,Verstappen (Red Bull),42.77421,296.22404,Sunny,0.05
91,8,Verstappen (Red Bull),41.8766,338.10064,Sunny,0.05
91,9,Verstappen (Red Bull),41.19012,379.29077,Sunny,0.05
91,10,Verstappen (Red Bull),42.71464,422.00541,Sunny,0.05
91,1,Norris (McLaren),43.02064,43.02064,Sunny,0.05
91,2,Norris (McLaren),43.86073,86.88137,Sunny,0.05
91,3,Norris (McLaren),42.65663,129.538,Sunny,0.05
91,4,Norris (McLaren),42.63389,172.17189,Sunny,0.05
91,5,Norris (McLaren),42.42025,214.59213,Sunny,0.05
91,6,Norris (McLaren),42.26898,256.86111,Sunny,0.05
91,7,Norris (McLaren),43.60146,300.46258,Sunny,0.05
91,8,Norris (McLaren),41.39673,341.85931,Sunny,0.05
91,9,Norris (McLaren),42.03044,383.88975,Sunny,0.05
91,10,Norris (McLaren),43.75579,427.64554,Sunny,0.05
92,1,Hamilton (Mercedes),41.6064,41.6064,Sunny,0.05
92,2,Hamilton (Mercedes),41.91521,83.52161,Sunny,0.05
92,3,Hamilton (Mercedes),42.79299,126.3146,Sunny,0.05
92,4,Hamilton (Mercedes),42.69747,169.01207,Sunny,0.05
92,5,Hamilton (Mercedes),43.19071,212.20277,Sunny,0.05
92,6,Hamilton (Mercedes),42.81559,255.01836,Sunny,0.05
92,7,Hamilton (Mercedes),41.4138,296.43216,Sunny,0.05
92,8,Hamilton (Mercedes),42.63481,339.06697,Sunny,0.05
92,9,Hamilton (Mercedes),42.29986,381.36683,Sunny,0.05
92,10,Hamilton (Mercedes),42.84129,424.20812,Sunny,0.05
92,1,Verstappen (Red Bull),41.9017,41.9017,Sunny,0.05
92,2,Verstappen (Red Bull),42.6204,84.5221,Sunny,0.05
92,3,Verstappen (Red Bull),42.67537,127.19747,Sunny,0.05
92,4,Verstappen (Red Bull),41.32065,168.51812,Sunny,0.05
92,5,Verstappen (Red Bull),40.9333,209.45142,Sunny,0.05
92,6,Verstappen (Red Bull),42.72525,252.17667,Sunny,0.05
92,7,Verstappen (Red Bull),42.12242,294.29909,Sunny,0.05
92,8,Verstappen (Red Bull),42.2807,336.57979,Sunny,0.05
92,9,Verstappen (Red Bull),41.77825,378.35804,Sunny,0.05
92,10,Verstappen (Red Bull),42.03329,420.39134,Sunny,0.05
92,1,Norris (McLaren),42.22601,42.22601,Sunny,0.05
92,2,Norris (McLaren),42.85197,85.07798,Sunny,0.05
92,3,Norris (McLaren),41.66014,126.73812,Sunny,0.05
92,4,Norris (McLaren),43.74568,170.4838,Sunny,0.05
92,5,Norris (McLaren),42.09466,212.57845,Sunny,0.05
92,6,Norris (McLaren),42.58506,255.16351,Sunny,0.05
92,7,Norris (McLaren),42.85065,298.01416,Sunny,0.05
92,8,Norris (McLaren),43.19413,341.20829,Sunny,0.05
92,9,Norris (McLaren),42.76409,383.97238,Sunny,0.05
92,10,Norris (McLaren),44.15644,428.12882,Sunny,0.05
93,1,Hamilton (Mercedes),41.58546,41.58546,Sunny,0.05
93,2,Hamilton (Mercedes),41.71734,83.3028,Sunny,0.05
93,3,Hamilton (Mercedes),42.02705,125.32984,Sunny,0.05
93,4,Hamilton (Mercedes),42.36473,167.69457,Sunny,0.05
93,5,Hamilton (Mercedes),42.82645,210.52102,Sunny,0.05
93,6,Hamilton (Mercedes),43.18051,253.70153,Sunny,0.05
93,7,Hamilton (Mercedes),43.22551,296.92704,Sunny,0.05
93,8,Hamilton (Mercedes),42.84447,339.77151,Sunny,0.05
93,9,Hamilton (Mercedes),42.50018,382.27169,Sunny,0.05
93,10,Hamilton (Mercedes),42.19621,424.4679,Sunny,0.05
93,1,Verstappen (Red Bull),42.09856,42.09856,Sunny,0.05
93,2,Verstappen (Red Bull),42.6153,84.71386,Sunny,0.05
93,3,Verstappen (Red Bull),42.01607,126.72993,Sunny,0.05
93,4,Verstappen (Red Bull),42.35797,169.0879,Sunny,0.05
93,5,Verstappen (Red Bull),42.76224,211.85014,Sunny,0.05
93,6,Verstappen (Red Bull),41.98906,253.8392,Sunny,0.05
93,7,Verstappen (Red Bull),42.68808,296.52727,Sunny,0.05
93,8,Verstappen (Red Bull),42.4859,339.01317,Sunny,0.05
93,9,Verstappen (Red Bull),41.37508,380.38825,Sunny,0.05
93,10,Verstappen (Red Bull),42.11735,422.50559,Sunny,0.05
93,1,Norris (McLaren),42.31005,42.31005,Sunny,0.05
93,2,Norris (McLaren),42.28896,84.59901,Sunny,0.05
93,3,Norris (McLaren),42.81844,127.41746,Sunny,0.05
93,4,Norris (McLaren),41.21403,168.63148,Sunny,0.05
93,5,Norris (McLaren),43.48964,212.12112,Sunny,0.05
93,6,Norris (McLaren),43.31567,255.43679,Sunny,0.05
93,7,Norris (McLaren),41.79819,297.23498,Sunny,0.05
93,8,Norris (McLaren),43.72779,340.96277,Sunny,0.05
93,9,Norris (McLaren),42.55976,383.52253,Sunny,0.05
93,10,Norris (McLaren),42.98984,426.51237,Sunny,0.05
94,1,Hamilton (Mercedes),43.00461,43.00461,Sunny,0.05
94,2,Hamilton (Mercedes),41.95776,84.96237,Sunny,0.05
94,3,Hamilton (Mercedes),42.58321,127.54558,Sunny,0.05
94,4,Hamilton (Mercedes),42.73154,170.27711,Sunny,0.05
94,5,Hamilton (Mercedes),42.67912,212.95623,Sunny,0.05
94,6,Hamilton (Mercedes),41.00604,253.96226,Sunny,0.05
94,7,Hamilton (Mercedes),40.84094,294.80321,Sunny,0.05
94,8,Hamilton (Mercedes),42.61605,337.41926,Sunny,0.05
94,9,Hamilton (Mercedes),42.97218,380.39143,Sunny,0.05
94,10,Hamilton (Mercedes),42.53617,422.9276,Sunny,0.05
94,1,Verstappen (Red Bull),41.9225,41.9225,Sunny,0.05
94,2,Verstappen (Red Bull),42.07241,83.99492,Sunny,0.05
94,3,Verstappen (Red Bull),43.12598,127.1209,Sunny,0.05
94,4,Verstappen (Red Bull),42.64978,169.77068,Sunny,0.05
94,5,Verstappen (Red Bull),41.19798,210.96865,Sunny,0.05
94,6,Verstappen (Red Bull),42.05628,253.02493,Sunny,0.05
94,7,Verstappen (Red Bull),42.1382,295.16313,Sunny,0.05
94,8,Verstappen (Red Bull),41.34415,336.50728,Sunny,0.05
94,9,Verstappen (Red Bull),42.91192,379.4192,Sunny,0.05
94,10,Verstappen (Red Bull),42.30252,421.72172,Sunny,0.05
94,1,Norris (McLaren),41.59843,41.59843,Sunny,0.05
94,2,Norris (McLaren),42.51028,84.10871,Sunny,0.05
94,3,Norris (McLaren),41.5478,125.65651,Sunny,0.05
94,4,Norris (McLaren),42.29624,167.95275,Sunny,0.05
94,5,Norris (McLaren),42.83205,210.7848,Sunny,0.05
94,6,Norris (McLaren),43.09184,253.87663,Sunny,0.05
94,7,Norris (McLaren),42.69659,296.57323,Sunny,0.05
94,8,Norris (McLaren),42.55102,339.12425,Sunny,0.05
94,9,Norris (McLaren),42.03564,381.15989,Sunny,0.05
94,10,Norris (McLaren),43.02417,424.18407,Sunny,0.05
95,1,Hamilton (Mercedes),41.59952,41.59952,Sunny,0.05
95,2,Hamilton (Mercedes),42.18574,83.78526,Sunny,0.05
95,3,Hamilton (Mercedes),42.33261,126.11787,Sunny,0.05
95,4,Hamilton (Mercedes),41.43956,167.55743,Sunny,0.05
95,5,Hamilton (Mercedes),43.00156,210.55899,Sunny,0.05
95,6,Hamilton (Mercedes),42.88173,253.44072,Sunny,0.05
95,7,Hamilton (Mercedes),42.83069,296.27142,Sunny,0.05
95,8,Hamilton (Mercedes),42.80688,339.07829,Sunny,0.05
95,9,Hamilton (Mercedes),42.20775,381.28604,Sunny,0.05
95,10,Hamilton (Mercedes),42.64384,423.92989,Sunny,0.05
95,1,Verstappen (Red Bull),42.00868,42.00868,Sunny,0.05
95,2,Verstappen (Red Bull),42.28136,84.29005,Sunny,0.05
95,3,Verstappen (Red Bull),41.92071,126.21075,Sunny,0.05
95,4,Verstappen (Red Bull),41.46697,167.67772,Sunny,0.05
95,5,Verstappen (Red Bull),42.36895,210.04667,Sunny,0.05
95,6,Verstappen (Red Bull),42.31479,252.36146,Sunny,0.05
95,7,Verstappen (Red Bull),40.85819,293.21964,Sunny,0.05
95,8,Verstappen (Red Bull),42.01594,335.23558,Sunny,0.05
95,9,Verstappen (Red Bull),41.36656,376.60214,Sunny,0.05
95,10,Verstappen (Red Bull),41.6368,418.23894,Sunny,0.05
95,1,Norris (McLaren),43.9232,43.9232,Sunny,0.05
95,2,Norris (McLaren),42.49316,86.41636,Sunny,0.05
95,3,Norris (McLaren),42.06374,128.48011,Sunny,0.05
95,4,Norris (McLaren),41.88566,170.36577,Sunny,0.05
95,5,Norris (McLaren),41.76364,212.1294,Sunny,0.05
95,6,Norris (McLaren),42.6177,254.7471,Sunny,0.05
95,7,Norris (McLaren),42.38971,297.13681,Sunny,0.05
95,8,Norris (McLaren),42.84252,339.97933,Sunny,0.05
95,9,Norris (McLaren),42.38738,382.36671,Sunny,0.05
95,10,Norris (McLaren),42.81303,425.17974,Sunny,0.05
96,1,Hamilton (Mercedes),42.72533,42.72533,Sunny,0.05
96,2,Hamilton (Mercedes),42.45127,85.1766,Sunny,0.05
96,3,Hamilton (Mercedes),42.36433,127.54093,Sunny,0.05
96,4,Hamilton (Mercedes),43.03877,170.5797,Sunny,0.05
96,5,Hamilton (Mercedes),42.29324,212.87294,Sunny,0.05
96,6,Hamilton (Mercedes),41.87202,254.74495,Sunny,0.05
96,7,Hamilton (Mercedes),42.30087,297.04582,Sunny,0.05
96,8,Hamilton (Mercedes),42.55495,339.60077,Sunny,0.05
96,9,Hamilton (Mercedes),43.06535,382.66612,Sunny,0.05
96,10,Hamilton (Mercedes),42.81876,425.48488,Sunny,0.05
96,1,Verstappen (Red Bull),41.86038,41.86038,Sunny,0.05
96,2,Verstappen (Red Bull),42.99734,84.85772,Sunny,0.05
96,3,Verstappen (Red Bull),41.46678,126.3245,Sunny,0.05
96,4,Verstappen (Red Bull),42.08723,168.41173,Sunny,0.05
96,5,Verstappen (Red Bull),42.30382,210.71555,Sunny,0.05
96,6,Verstappen (Red Bull),41.37047,252.08603,Sunny,0.05
96,7,Verstappen (Red Bull),41.91699,294.00302,Sunny,0.05
96,8,Verstappen (Red Bull),42.20314,336.20616,Sunny,0.05
96,9,Verstappen (Red Bull),42.39702,378.60318,Sunny,0.05
96,10,Verstappen (Red Bull),42.24027,420.84345,Sunny,0.05
96,1,Norris (McLaren),43.29617,43.29617,Sunny,0.05
96,2,Norris (McLaren),42.8902,86.18636,Sunny,0.05
96,3,Norris (McLaren),43.18629,129.37265,Sunny,0.05
96,4,Norris (McLaren),42.56992,171.94257,Sunny,0.05
96,5,Norris (McLaren),42.82372,214.76629,Sunny,0.05
96,6,Norris (McLaren),42.5099,257.27619,Sunny,0.05
96,7,Norris (McLaren),43.26023,300.53641,Sunny,0.05
96,8,Norris (McLaren),43.01418,343.5506,Sunny,0.05
96,9,Norris (McLaren),42.86006,386.41066,Sunny,0.05
96,10,Norris (McLaren),42.7302,429.14086,Sunny,0.05
97,1,Hamilton (Mercedes),43.71918,43.71918,Sunny,0.05
97,2,Hamilton (Mercedes),42.41892,86.13811,Sunny,0.05
97,3,Hamilton (Mercedes),42.12821,128.26632,Sunny,0.05
97,4,Hamilton (Mercedes),43.2456,171.51192,Sunny,0.05
97,5,Hamilton (Mercedes),43.37074,214.88265,Sunny,0.05
97,6,Hamilton (Mercedes),42.35719,257.23985,Sunny,0.05
97,7,Hamilton (Mercedes),42.54409,299.78394,Sunny,0.05
97,8,Hamilton (Mercedes),42.46148,342.24542,Sunny,0.05
97,9,Hamilton (Mercedes),42.42262,384.66804,Sunny,0.05
97,10,Hamilton (Mercedes),42.39421,427.06225,Sunny,0.05
97,1,Verstappen (Red Bull),42.06591,42.06591,Sunny,0.05
97,2,Verstappen (Red Bull),41.30757,83.37348,Sunny,0.05
97,3,Verstappen (Red Bull),41.79566,125.16914,Sunny,0.05
97,4,Verstappen (Red Bull),42.81481,167.98394,Sunny,0.05
97,5,Verstappen (Red Bull),42.80865,210.79259,Sunny,0.05
97,6,Verstappen (Red Bull),40.83792,251.63051,Sunny,0.05
97,7,Verstappen (Red Bull),41.36938,292.99989,Sunny,0.05
97,8,Verstappen (Red Bull),41.18007,334.17996,Sunny,0.05
97,9,Verstappen (Red Bull),42.89839,377.07835,Sunny,0.05
97,10,Verstappen (Red Bull),42.69385,419.7722,Sunny,0.05
97,1,Norris (McLaren),43.06345,43.06345,Sunny,0.05
97,2,Norris (McLaren),41.61998,84.68343,Sunny,0.05
97,3,Norris (McLaren),42.00705,126.69048,Sunny,0.05
97,4,Norris (McLaren),40.95573,167.64621,Sunny,0.05
97,5,Norris (McLaren),42.68056,210.32677,Sunny,0.05
97,6,Norris (McLaren),42.46057,252.78735,Sunny,0.05
97,7,Norris (McLaren),42.89268,295.68003,Sunny,0.05
97,8,Norris (McLaren),41.72621,337.40624,Sunny,0.05
97,9,Norris (McLaren),43.93616,381.3424,Sunny,0.05
97,10,Norris (McLaren),43.14444,424.48684,Sunny,0.05
98,1,Hamilton (Mercedes),43.04784,43.04784,Sunny,0.05
98,2,Hamilton (Mercedes),41.59359,84.64144,Sunny,0.05
98,3,Hamilton (Mercedes),43.58768,128.22912,Sunny,0.05
98,4,Hamilton (Mercedes),42.74676,170.97588,Sunny,0.05
98,5,Hamilton (Mercedes),42.85784,213.83371,Sunny,0.05
98,6,Hamilton (Mercedes),42.09761,255.93132,Sunny,0.05
98,7,Hamilton (Mercedes),42.39711,298.32844,Sunny,0.05
98,8,Hamilton (Mercedes),43.16705,341.49549,Sunny,0.05
98,9,Hamilton (Mercedes),42.23707,383.73255,Sunny,0.05
98,10,Hamilton (Mercedes),42.17684,425.90939,Sunny,0.05
98,1,Verstappen (Red Bull),41.65196,41.65196,Sunny,0.05
98,2,Verstappen (Red Bull),42.47124,84.1232,Sunny,0.05
98,3,Verstappen (Red Bull),42.03048,126.15368,Sunny,0.05
98,4,Verstappen (Red Bull),41.78382,167.9375,Sunny,0.05
98,5,Verstappen (Red Bull),42.60273,210.54022,Sunny,0.05
98,6,Verstappen (Red Bull),42.134,252.67422,Sunny,0.05
98,7,Verstappen (Red Bull),41.25307,293.92729,Sunny,0.05
98,8,Verstappen (Red Bull),41.46709,335.39438,Sunny,0.05
98,9,Verstappen (Red Bull),41.94626,377.34064,Sunny,0.05
98,10,Verstappen (Red Bull),42.47378,419.81443,Sunny,0.05
98,1,Norris (McLaren),42.49556,42.49556,Sunny,0.05
98,2,Norris (McLaren),43.0544,85.54996,Sunny,0.05
98,3,Norris (McLaren),42.51093,128.06089,Sunny,0.05
98,4,Norris (McLaren),42.39013,170.45103,Sunny,0.05
98,5,Norris (McLaren),42.50929,212.96032,Sunny,0.05
98,6,Norris (McLaren),42.56629,255.52661,Sunny,0.05
98,7,Norris (McLaren),43.54077,299.06738,Sunny,0.05
98,8,Norris (McLaren),43.33706,342.40444,Sunny,0.05
98,9,Norris (McLaren),43.49329,385.89774,Sunny,0.05
98,10,Norris (McLaren),42.9328,428.83053,Sunny,0.05
99,1,Hamilton (Mercedes),43.04646,43.04646,Sunny,0.05
99,2,Hamilton (Mercedes),42.95272,85.99918,Sunny,0.05
99,3,Hamilton (Mercedes),42.64557,128.64475,Sunny,0.05
99,4,Hamilton (Mercedes),43.34073,171.98547,Sunny,0.05
99,5,Hamilton (Mercedes),42.23958,214.22505,Sunny,0.05
99,6,Hamilton (Mercedes),42.6,256.82505,Sunny,0.05
99,7,Hamilton (Mercedes),41.48398,298.30903,Sunny,0.05
99,8,Hamilton (Mercedes),42.53912,340.84815,Sunny,0.05
99,9,Hamilton (Mercedes),42.35946,383.20761,Sunny,0.05
99,10,Hamilton (Mercedes),43.41952,426.62713,Sunny,0.05
99,1,Verstappen (Red Bull),42.48423,42.48423,Sunny,0.05
99,2,Verstappen (Red Bull),42.05364,84.53786,Sunny,0.05
99,3,Verstappen (Red Bull),41.27629,125.81415,Sunny,0.05
99,4,Verstappen (Red Bull),42.15387,167.96803,Sunny,0.05
99,5,Verstappen (Red Bull),40.92836,208.89638,Sunny,0.05
99,6,Verstappen (Red Bull),41.91585,250.81224,Sunny,0.05
99,7,Verstappen (Red Bull),42.04212,292.85436,Sunny,0.05
99,8,Verstappen (Red Bull),41.8174,334.67176,Sunny,0.05
99,9,Verstappen (Red Bull),41.64796,376.31972,Sunny,0.05
99,10,Verstappen (Red Bull),42.72901,419.04873,Sunny,0.05
99,1,Norris (McLaren),42.84842,42.84842,Sunny,0.05
99,2,Norris (McLaren),42.46385,85.31227,Sunny,0.05
99,3,Norris (McLaren),41.63933,126.9516,Sunny,0.05
99,4,Norris (McLaren),42.56884,169.52044,Sunny,0.05
99,5,Norris (McLaren),43.5725,213.09294,Sunny,0.05
99,6,Norris (McLaren),42.42399,255.51693,Sunny,0.05
99,7,Norris (McLaren),42.61983,298.13676,Sunny,0.05
99,8,Norris (McLaren),42.78613,340.92289,Sunny,0.05
99,9,Norris (McLaren),42.75801,383.6809,Sunny,0.05
99,10,Norris (McLaren),43.2414,426.9223,Sunny,0.05
100,1,Hamilton (Mercedes),42.89387,42.89387,Sunny,0.05
100,2,Hamilton (Mercedes),43.51542,86.40929,Sunny,0.05
100,3,Hamilton (Mercedes),42.72817,129.13747,Sunny,0.05
100,4,Hamilton (Mercedes),42.03382,171.17129,Sunny,0.05
100,5,Hamilton (Mercedes),42.58066,213.75195,Sunny,0.05
100,6,Hamilton (Mercedes),41.98962,255.74157,Sunny,0.05
100,7,Hamilton (Mercedes),43.17784,298.91941,Sunny,0.05
100,8,Hamilton (Mercedes),42.83114,341.75056,Sunny,0.05
100,9,Hamilton (Mercedes),43.1959,384.94645,Sunny,0.05
100,10,Hamilton (Mercedes),42.04813,426.99458,Sunny,0.05
100,1,Verstappen (Red Bull),41.77854,41.77854,Sunny,0.05
100,2,Verstappen (Red Bull),41.8282,83.60674,Sunny,0.05
100,3,Verstappen (Red Bull),43.05941,126.66615,Sunny,0.05
100,4,Verstappen (Red Bull),42.52824,169.19439,Sunny,0.05
100,5,Verstappen (Red Bull),41.6137,210.8081,Sunny,0.05
100,6,Verstappen (Red Bull),42.29555,253.10365,Sunny,0.05
100,7,Verstappen (Red Bull),42.53063,295.63428,Sunny,0.05
100,8,Verstappen (Red Bull),41.98851,337.62279,Sunny,0.05
100,9,Verstappen (Red Bull),42.01039,379.63318,Sunny,0.05
100,10,Verstappen (Red Bull),41.97753,421.61071,Sunny,0.05
100,1,Norris (McLaren),43.08204,43.08204,Sunny,0.05
100,2,Norris (McLaren),43.31934,86.40138,Sunny,0.05
100,3,Norris (McLaren),42.67825,129.07963,Sunny,0.05
100,4,Norris (McLaren),42.64472,171.72435,Sunny,0.05
100,5,Norris (McLaren),43.07238,214.79673,Sunny,0.05
100,6,Norris (McLaren),42.78178,257.57851,Sunny,0.05
100,7,Norris (McLaren),43.75381,301.33232,Sunny,0.05
100,8,Norris (McLaren),42.67748,344.0098,Sunny,0.05
100,9,Norris (McLaren),41.50856,385.51836,Sunny,0.05
100,10,Norris (McLaren),42.70243,428.22078,Sunny,0.05
101,1,Hamilton (Mercedes),42.939,42.939,Sunny,0.05
101,2,Hamilton (Mercedes),42.2354,85.1744,Sunny,0.05
101,3,Hamilton (Mercedes),42.20217,127.37657,Sunny,0.05
101,4,Hamilton (Mercedes),42.90758,170.28414,Sunny,0.05
101,5,Hamilton (Mercedes),41.90883,212.19297,Sunny,0.05
101,6,Hamilton (Mercedes),41.88609,254.07907,Sunny,0.05
101,7,Hamilton (Mercedes),41.95892,296.03798,Sunny,0.05
101,8,Hamilton (Mercedes),43.32443,339.36242,Sunny,0.05
101,9,Hamilton (Mercedes),42.86387,382.22628,Sunny,0.05
101,10,Hamilton (Mercedes),42.24654,424.47283,Sunny,0.05
101,1,Verstappen (Red Bull),42.48942,42.48942,Sunny,0.05
101,2,Verstappen (Red Bull),42.83742,85.32684,Sunny,0.05
101,3,Verstappen (Red Bull),41.94521,127.27205,Sunny,0.05
101,4,Verstappen (Red Bull),41.91097,169.18303,Sunny,0.05
101,5,Verstappen (Red Bull),41.95076,211.13379,Sunny,0.05
101,6,Verstappen (Red Bull),42.44402,253.5778,Sunny,0.05
101,7,Verstappen (Red Bull),42.50504,296.08284,Sunny,0.05
101,8,Verstappen (Red Bull),42.23229,338.31514,Sunny,0.05
101,9,Verstappen (Red Bull),42.64014,380.95528,Sunny,0.05
101,10,Verstappen (Red Bull),42.83365,423.78893,Sunny,0.05
101,1,Norris (McLaren),44.14099,44.14099,Sunny,0.05
101,2,Norris (McLaren),42.81125,86.95224,Sunny,0.05
101,3,Norris (McLaren),42.06255,129.01479,Sunny,0.05
101,4,Norris (McLaren),42.87945,171.89425,Sunny,0.05
101,5,Norris (McLaren),41.97437,213.86861,Sunny,0.05
101,6,Norris (McLaren),42.92179,256.7904,Sunny,0.05
101,7,Norris (McLaren),42.0129,298.8033,Sunny,0.05
101,8,Norris (McLaren),42.67247,341.47577,Sunny,0.05
101,9,Norris (McLaren),42.28789,383.76366,Sunny,0.05
101,10,Norris (McLaren),43.15796,426.92162,Sunny,0.05
102,1,Hamilton (Mercedes),41.77667,41.77667,Sunny,0.05
102,2,Hamilton (Mercedes),42.73881,84.51548,Sunny,0.05
102,3,Hamilton (Mercedes),42.61113,127.12662,Sunny,0.05
102,4,Hamilton (Mercedes),42.05973,169.18635,Sunny,0.05
102,5,Hamilton (Mercedes),42.32504,211.51139,Sunny,0.05
102,6,Hamilton (Mercedes),42.08201,253.5934,Sunny,0.05
102,7,Hamilton (Mercedes),42.57871,296.17212,Sunny,0.05
102,8,Hamilton (Mercedes),42.81851,338.99062,Sunny,0.05
102,9,Hamilton (Mercedes),42.10791,381.09854,Sunny,0.05
102,10,Hamilton (Mercedes),42.63302,423.73155,Sunny,0.05
102,1,Verstappen (Red Bull),41.52431,41.52431,Sunny,0.05
102,2,Verstappen (Red Bull),42.27796,83.80227,Sunny,0.05
102,3,Verstappen (Red Bull),41.10281,124.90508,Sunny,0.05
102,4,Verstappen (Red Bull),41.23136,166.13644,Sunny,0.05
102,5,Verstappen (Red Bull),41.48694,207.62338,Sunny,0.05
102,6,Verstappen (Red Bull),42.14514,249.76852,Sunny,0.05
102,7,Verstappen (Red Bull),42.27996,292.04847,Sunny,0.05
102,8,Verstappen (Red Bull),42.04421,334.09268,Sunny,0.05
102,9,Verstappen (Red Bull),41.83989,375.93257,Sunny,0.05
102,10,Verstappen (Red Bull),43.16671,419.09928,Sunny,0.05
102,1,Norris (McLaren),41.64624,41.64624,Sunny,0.05
102,2,Norris (McLaren),42.88922,84.53546,Sunny,0.05
102,3,Norris (McLaren),42.30622,126.84167,Sunny,0.05
102,4,Norris (McLaren),43.18909,170.03076,Sunny,0.05
102,5,Norris (McLaren),42.63886,212.66962,Sunny,0.05
102,6,Norris (McLaren),43.18479,255.85441,Sunny,0.05
102,7,Norris (McLaren),44.3195,300.1739,Sunny,0.05
102,8,Norris (McLaren),42.37474,342.54864,Sunny,0.05
102,9,Norris (McLaren),42.99269,385.54133,Sunny,0.05
102,10,Norris (McLaren),42.68329,428.22462,Sunny,0.05
103,1,Hamilton (Mercedes),42.52233,42.52233,Sunny,0.05
103,2,Hamilton (Mercedes),42.16071,84.68305,Sunny,0.05
103,3,Hamilton (Mercedes),41.92474,126.60779,Sunny,0.05
103,4,Hamilton (Mercedes),42.0561,168.66389,Sunny,0.05
103,5,Hamilton (Mercedes),41.82313,210.48701,Sunny,0.05
103,6,Hamilton (Mercedes),43.08856,253.57557,Sunny,0.05
103,7,Hamilton (Mercedes),41.14652,294.72209,Sunny,0.05
103,8,Hamilton (Mercedes),42.45077,337.17287,Sunny,0.05
103,9,Hamilton (Mercedes),42.39471,379.56758,Sunny,0.05
103,10,Hamilton (Mercedes),42.0934,421.66098,Sunny,0.05
103,1,Verstappen (Red Bull),41.37867,41.37867,Sunny,0.05
103,2,Verstappen (Red Bull),41.59215,82.97083,Sunny,0.05
103,3,Verstappen (Red Bull),42.18,125.15082,Sunny,0.05
103,4,Verstappen (Red Bull),42.36711,167.51794,Sunny,0.05
103,5,Verstappen (Red Bull),41.99877,209.51671,Sunny,0.05
103,6,Verstappen (Red Bull),42.38919,251.9059,Sunny,0.05
103,7,Verstappen (Red Bull),42.28225,294.18815,Sunny,0.05
103,8,Verstappen (Red Bull),41.57574,335.76389,Sunny,0.05
103,9,Verstappen (Red Bull),42.68689,378.45078,Sunny,0.05
103,10,Verstappen (Red Bull),41.87047,420.32125,Sunny,0.05
103,1,Norris (McLaren),43.59154,43.59154,Sunny,0.05
103,2,Norris (McLaren),44.37346,87.965,Sunny,0.05
103,3,Norris (McLaren),42.43866,130.40366,Sunny,0.05
103,4,Norris (McLaren),42.43604,172.8397,Sunny,0.05
103,5,Norris (McLaren),42.76382,215.60352,Sunny,0.05
103,6,Norris (McLaren),42.12943,257.73294,Sunny,0.05
103,7,Norris (McLaren),42.9724,300.70535,Sunny,0.05
103,8,Norris (McLaren),43.38709,344.09244,Sunny,0.05
103,9,Norris (McLaren),41.4446,385.53704,Sunny,0.05
103,10,Norris (McLaren),42.5052,428.04224,Sunny,0.05
104,1,Hamilton (Mercedes),42.11678,42.11678,Sunny,0.05
104,2,Hamilton (Mercedes),42.83762,84.9544,Sunny,0.05
104,3,Hamilton (Mercedes),42.0892,127.0436,Sunny,0.05
104,4,Hamilton (Mercedes),42.951,169.9946,Sunny,0.05
104,5,Hamilton (Mercedes),41.83002,211.82462,Sunny,0.05
104,6,Hamilton (Mercedes),42.70505,254.52967,Sunny,0.05
104,7,Hamilton (Mercedes),41.93183,296.46151,Sunny,0.05
104,8,Hamilton (Mercedes),42.50529,338.96679,Sunny,0.05
104,9,Hamilton (Mercedes),42.44418,381.41097,Sunny,0.05
104,10,Hamilton (Mercedes),42.32707,423.73805,Sunny,0.05
104,1,Verstappen (Red Bull),42.76048,42.76048,Sunny,0.05
104,2,Verstappen (Red Bull),43.68809,86.44857,Sunny,0.05
104,3,Verstappen (Red Bull),41.45794,127.90651,Sunny,0.05
104,4,Verstappen (Red Bull),42.53029,170.4368,Sunny,0.05
104,5,Verstappen (Red Bull),41.94839,212.38519,Sunny,0.05
104,6,Verstappen (Red Bull),41.77616,254.16135,Sunny,0.05
104,7,Verstappen (Red Bull),42.42625,296.5876,Sunny,0.05
104,8,Verstappen (Red Bull),42.70273,339.29034,Sunny,0.05
104,9,Verstappen (Red Bull),42.66277,381.95311,Sunny,0.05
104,10,Verstappen (Red Bull),42.20559,424.1587,Sunny,0.05
104,1,Norris (McLaren),42.93886,42.93886,Sunny,0.05
104,2,Norris (McLaren),43.34824,86.2871,Sunny,0.05
104,3,Norris (McLaren),42.44109,128.72819,Sunny,0.05
104,4,Norris (McLaren),43.36036,172.08855,Sunny,0.05
104,5,Norris (McLaren),42.71039,214.79894,Sunny,0.05
104,6,Norris (McLaren),42.99254,257.79148,Sunny,0.05
104,7,Norris (McLaren),42.61878,300.41026,Sunny,0.05
104,8,Norris (McLaren),41.68255,342.09281,Sunny,0.05
104,9,Norris (McLaren),41.86269,383.9555,Sunny,0.05
104,10,Norris (McLaren),42.79721,426.75271,Sunny,0.05
105,1,Hamilton (Mercedes),43.03681,43.03681,Sunny,0.05
105,2,Hamilton (Mercedes),42.68277,85.71958,Sunny,0.05
105,3,Hamilton (Mercedes),42.58683,128.30641,Sunny,0.05
105,4,Hamilton (Mercedes),42.77479,171.0812,Sunny,0.05
105,5,Hamilton (Mercedes),43.30789,214.3891,Sunny,0.05
105,6,Hamilton (Mercedes),41.98374,256.37284,Sunny,0.05
105,7,Hamilton (Mercedes),43.10555,299.47839,Sunny,0.05
105,8,Hamilton (Mercedes),42.30911,341.7875,Sunny,0.05
105,9,Hamilton (Mercedes),42.86591,384.65341,Sunny,0.05
105,10,Hamilton (Mercedes),43.20203,427.85544,Sunny,0.05
105,1,Verstappen (Red Bull),42.19186,42.19186,Sunny,0.05
105,2,Verstappen (Red Bull),42.12686,84.31873,Sunny,0.05
105,3,Verstappen (Red Bull),41.86183,126.18055,Sunny,0.05
105,4,Verstappen (Red Bull),42.39738,168.57794,Sunny,0.05
105,5,Verstappen (Red Bull),42.15531,210.73324,Sunny,0.05
105,6,Verstappen (Red Bull),42.26052,252.99376,Sunny,0.05
105,7,Verstappen (Red Bull),42.88966,295.88342,Sunny,0.05
105,8,Verstappen (Red Bull),43.09454,338.97796,Sunny,0.05
105,9,Verstappen (Red Bull),41.80378,380.78174,Sunny,0.05
105,10,Verstappen (Red Bull),42.42251,423.20426,Sunny,0.05
105,1,Norris (McLaren),43.84419,43.84419,Sunny,0.05
105,2,Norris (McLaren),42.02436,85.86855,Sunny,0.05
105,3,Norris (McLaren),42.13921,128.00776,Sunny,0.05
105,4,Norris (McLaren),42.44727,170.45503,Sunny,0.05
105,5,Norris (McLaren),42.17763,212.63266,Sunny,0.05
105,6,Norris (McLaren),41.97352,254.60617,Sunny,0.05
105,7,Norris (McLaren),43.03608,297.64225,Sunny,0.05
105,8,Norris (McLaren),43.71925,341.3615,Sunny,0.05
105,9,Norris (McLaren),43.12368,384.48519,Sunny,0.05
105,10,Norris (McLaren),41.88652,426.3717,Sunny,0.05
106,1,Hamilton (Mercedes),43.01999,43.01999,Sunny,0.05
106,2,Hamilton (Mercedes),43.52754,86.54753,Sunny,0.05
106,3,Hamilton (Mercedes),42.50194,129.04947,Sunny,0.05
106,4,Hamilton (Mercedes),42.94849,171.99796,Sunny,0.05
106,5,Hamilton (Mercedes),42.21535,214.21331,Sunny,0.05
106,6,Hamilton (Mercedes),42.35954,256.57285,Sunny,0.05
106,7,Hamilton (Mercedes),42.26889,298.84174,Sunny,0.05
106,8,Hamilton (Mercedes),42.39464,341.23638,Sunny,0.05
106,9,Hamilton (Mercedes),42.39481,383.63119,Sunny,0.05
106,10,Hamilton (Mercedes),42.77229,426.40348,Sunny,0.05
106,1,Verstappen (Red Bull),42.26797,42.26797,Sunny,0.05
106,2,Verstappen (Red Bull),42.23856,84.50653,Sunny,0.05
106,3,Verstappen (Red Bull),42.53432,127.04085,Sunny,0.05
106,4,Verstappen (Red Bull),42.1322,169.17305,Sunny,0.05
106,5,Verstappen (Red Bull),42.29774,211.47079,Sunny,0.05
106,6,Verstappen (Red Bull),42.01165,253.48244,Sunny,0.05
106,7,Verstappen (Red Bull),42.0483,295.53074,Sunny,0.05
106,8,Verstappen (Red Bull),42.56609,338.09682,Sunny,0.05
106,9,Verstappen (Red Bull),42.53491,380.63173,Sunny,0.05
106,10,Verstappen (Red Bull),41.19129,421.82302,Sunny,0.05
106,1,Norris (McLaren),42.89629,42.89629,Sunny,0.05
106,2,Norris (McLaren),41.23806,84.13435,Sunny,0.05
106,3,Norris (McLaren),43.84007,127.97442,Sunny,0.05
106,4,Norris (McLaren),41.44022,169.41463,Sunny,0.05
106,5,Norris (McLaren),41.42824,210.84287,Sunny,0.05
106,6,Norris (McLaren),41.6975,252.54037,Sunny,0.05
106,7,Norris (McLaren),43.01301,295.55338,Sunny,0.05
106,8,Norris (McLaren),42.17309,337.72647,Sunny,0.05
106,9,Norris (McLaren),42.93976,380.66623,Sunny,0.05
106,10,Norris (McLaren),42.52149,423.18772,Sunny,0.05
107,1,Hamilton (Mercedes),43.29304,43.29304,Sunny,0.05
107,2,Hamilton (Mercedes),42.86112,86.15417,Sunny,0.05
107,3,Hamilton (Mercedes),42.74902,128.90319,Sunny,0.05
107,4,Hamilton (Mercedes),41.7172,170.62038,Sunny,0.05
107,5,Hamilton (Mercedes),41.71355,212.33394,Sunny,0.05
107,6,Hamilton (Mercedes),42.95279,255.28673,Sunny,0.05
107,7,Hamilton (Mercedes),42.70496,297.99169,Sunny,0.05
107,8,Hamilton (Mercedes),41.82749,339.81918,Sunny,0.05
107,9,Hamilton (Mercedes),42.01308,381.83226,Sunny,0.05
107,10,Hamilton (Mercedes),42.49632,424.32857,Sunny,0.05
107,1,Verstappen (Red Bull),42.44864,42.44864,Sunny,0.05
107,2,Verstappen (Red Bull),42.00151,84.45015,Sunny,0.05
107,3,Verstappen (Red Bull),42.01974,126.4699,Sunny,0.05
107,4,Verstappen (Red Bull),41.32078,167.79067,Sunny,0.05
107,5,Verstappen (Red Bull),41.34245,209.13312,Sunny,0.05
107,6,Verstappen (Red Bull),42.95698,252.0901,Sunny,0.05
107,7,Verstappen (Red Bull),41.65536,293.74546,Sunny,0.05
107,8,Verstappen (Red Bull),42.78453,336.52999,Sunny,0.05
107,9,Verstappen (Red Bull),41.69166,378.22166,Sunny,0.05
107,10,Verstappen (Red Bull),41.98615,420.20781,Sunny,0.05
107,1,Norris (McLaren),43.25126,43.25126,Sunny,0.05
107,2,Norris (McLaren),41.26652,84.51778,Sunny,0.05
107,3,Norris (McLaren),42.86077,127.37855,Sunny,0.05
107,4,Norris (McLaren),41.55515,168.9337,Sunny,0.05
107,5,Norris (McLaren),43.04984,211.98354,Sunny,0.05
107,6,Norris (McLaren),43.17989,255.16343,Sunny,0.05
107,7,Norris (McLaren),43.35776,298.52119,Sunny,0.05
107,8,Norris (McLaren),43.31682,341.83801,Sunny,0.05
107,9,Norris (McLaren),43.18251,385.02052,Sunny,0.05
107,10,Norris (McLaren),41.89091,426.91143,Sunny,0.05
108,1,Hamilton (Mercedes),42.93545,42.93545,Sunny,0.05
108,2,Hamilton (Mercedes),42.29316,85.22861,Sunny,0.05
108,3,Hamilton (Mercedes),42.08335,127.31196,Sunny,0.05
108,4,Hamilton (Mercedes),42.12537,169.43733,Sunny,0.05
108,5,Hamilton (Mercedes),41.69261,211.12993,Sunny,0.05
108,6,Hamilton (Mercedes),41.96686,253.09679,Sunny,0.05
108,7,Hamilton (Mercedes),43.22692,296.32372,Sunny,0.05
108,8,Hamilton (Mercedes),43.13638,339.46009,Sunny,0.05
108,9,Hamilton (Mercedes),41.37295,380.83305,Sunny,0.05
108,10,Hamilton (Mercedes),41.56606,422.39911,Sunny,0.05
108,1,Verstappen (Red Bull),41.70364,41.70364,Sunny,0.05
108,2,Verstappen (Red Bull),41.5131,83.21674,Sunny,0.05
108,3,Verstappen (Red Bull),42.43959,125.65634,Sunny,0.05
108,4,Verstappen (Red Bull),41.50448,167.16081,Sunny,0.05
108,5,Verstappen (Red Bull),41.96111,209.12193,Sunny,0.05
108,6,Verstappen (Red Bull),42.69987,251.8218,Sunny,0.05
108,7,Verstappen (Red Bull),42.18561,294.00741,Sunny,0.05
108,8,Verstappen (Red Bull),41.60634,335.61375,Sunny,0.05
108,9,Verstappen (Red Bull),42.89552,378.50927,Sunny,0.05
108,10,Verstappen (Red Bull),41.88752,420.3968,Sunny,0.05
108,1,Norris (McLaren),42.57536,42.57536,Sunny,0.05
108,2,Norris (McLaren),42.65623,85.23159,Sunny,0.05
108,3,Norris (McLaren),42.48493,127.71653,Sunny,0.05
108,4,Norris (McLaren),43.21821,170.93474,Sunny,0.05
108,5,Norris (McLaren),42.67402,213.60876,Sunny,0.05
108,6,Norris (McLaren),41.96708,255.57584,Sunny,0.05
108,7,Norris (McLaren),43.36417,298.94001,Sunny,0.05
108,8,Norris (McLaren),43.64089,342.5809,Sunny,0.05
108,9,Norris (McLaren),42.15948,384.74038,Sunny,0.05
108,10,Norris (McLaren),43.01415,427.75453,Sunny,0.05
109,1,Hamilton (Mercedes),41.70418,41.70418,Sunny,0.05
109,2,Hamilton (Mercedes),40.85923,82.56341,Sunny,0.05
109,3,Hamilton (Mercedes),42.79704,125.36045,Sunny,0.05
109,4,Hamilton (Mercedes),42.5778,167.93825,Sunny,0.05
109,5,Hamilton (Mercedes),43.08329,211.02154,Sunny,0.05
109,6,Hamilton (Mercedes),43.21274,254.23428,Sunny,0.05
109,7,Hamilton (Mercedes),41.81601,296.05028,Sunny,0.05
109,8,Hamilton (Mercedes),42.72793,338.77822,Sunny,0.05
109,9,Hamilton (Mercedes),41.83258,380.6108,Sunny,0.05
109,10,Hamilton (Mercedes),42.65977,423.27057,Sunny,0.05
109,1,Verstappen (Red Bull),41.77341,41.77341,Sunny,0.05
109,2,Verstappen (Red Bull),41.87254,83.64594,Sunny,0.05
109,3,Verstappen (Red Bull),41.79941,125.44535,Sunny,0.05
109,4,Verstappen (Red Bull),41.59203,167.03738,Sunny,0.05
109,5,Verstappen (Red Bull),43.58808,210.62546,Sunny,0.05
109,6,Verstappen (Red Bull),41.59339,252.21885,Sunny,0.05
109,7,Verstappen (Red Bull),42.70015,294.919,Sunny,0.05
109,8,Verstappen (Red Bull),41.09209,336.0111,Sunny,0.05
109,9,Verstappen (Red Bull),42.59,378.6011,Sunny,0.05
109,10,Verstappen (Red Bull),42.69059,421.2917,Sunny,0.05
109,1,Norris (McLaren),42.42729,42.42729,Sunny,0.05
109,2,Norris (McLaren),42.73541,85.16271,Sunny,0.05
109,3,Norris (McLaren),43.38355,128.54625,Sunny,0.05
109,4,Norris (McLaren),43.34264,171.88889,Sunny,0.05
109,5,Norris (McLaren),42.31215,214.20104,Sunny,0.05
109,6,Norris (McLaren),43.13425,257.33529,Sunny,0.05
109,7,Norris (McLaren),43.22397,300.55926,Sunny,0.05
109,8,Norris (McLaren),42.26449,342.82375,Sunny,0.05
109,9,Norris (McLaren),43.09146,385.91522,Sunny,0.05
109,10,Norris (McLaren),43.18842,429.10364,Sunny,0.05
110,1,Hamilton (Mercedes),42.37952,42.37952,Sunny,0.05
110,2,Hamilton (Mercedes),42.22206,84.60157,Sunny,0.05
110,3,Hamilton (Mercedes),42.84594,127.44751,Sunny,0.05
110,4,Hamilton (Mercedes),43.16017,170.60768,Sunny,0.05
110,5,Hamilton (Mercedes),43.50386,214.11155,Sunny,0.05
110,6,Hamilton (Mercedes),42.68344,256.79498,Sunny,0.05
110,7,Hamilton (Mercedes),42.20479,298.99978,Sunny,0.05
110,8,Hamilton (Mercedes),42.02216,341.02194,Sunny,0.05
110,9,Hamilton (Mercedes),42.71968,383.74161,Sunny,0.05
110,10,Hamilton (Mercedes),42.61895,426.36056,Sunny,0.05
110,1,Verstappen (Red Bull),43.65878,43.65878,Sunny,0.05
110,2,Verstappen (Red Bull),42.42043,86.07922,Sunny,0.05
110,3,Verstappen (Red Bull),41.32357,127.40279,Sunny,0.05
110,4,Verstappen (Red Bull),42.10896,169.51175,Sunny,0.05
110,5,Verstappen (Red Bull),41.5108,211.02254,Sunny,0.05
110,6,Verstappen (Red Bull),41.22043,252.24297,Sunny,0.05
110,7,Verstappen (Red Bull),42.56009,294.80306,Sunny,0.05
110,8,Verstappen (Red Bull),42.36084,337.1639,Sunny,0.05
110,9,Verstappen (Red Bull),42.00349,379.16738,Sunny,0.05
110,10,Verstappen (Red Bull),41.2437,420.41109,Sunny,0.05
110,1,Norris (McLaren),42.74695,42.74695,Sunny,0.05
110,2,Norris (McLaren),42.58366,85.33061,Sunny,0.05
110,3,Norris (McLaren),42.62832,127.95893,Sunny,0.05
110,4,Norris (McLaren),43.14607,171.105,Sunny,0.05
110,5,Norris (McLaren),43.37155,214.47654,Sunny,0.05
110,6,Norris (McLaren),43.20414,257.68069,Sunny,0.05
110,7,Norris (McLaren),43.27256,300.95325,Sunny,0.05
110,8,Norris (McLaren),42.39807,343.35132,Sunny,0.05
110,9,Norris (McLaren),43.31454,386.66585,Sunny,0.05
110,10,Norris (McLaren),42.90037,429.56622,Sunny,0.05
111,1,Hamilton (Mercedes),42.03585,42.03585,Sunny,0.05
111,2,Hamilton (Mercedes),42.0773,84.11315,Sunny,0.05
111,3,Hamilton (Mercedes),42.62259,126.73574,Sunny,0.05
111,4,Hamilton (Mercedes),43.23624,169.97198,Sunny,0.05
111,5,Hamilton (Mercedes),42.63167,212.60364,Sunny,0.05
111,6,Hamilton (Mercedes),43.29408,255.89772,Sunny,0.05
111,7,Hamilton (Mercedes),42.55959,298.45732,Sunny,0.05
111,8,Hamilton (Mercedes),41.96604,340.42336,Sunny,0.05
111,9,Hamilton (Mercedes),42.27421,382.69757,Sunny,0.05
111,10,Hamilton (Mercedes),42.88893,425.5865,Sunny,0.05
111,1,Verstappen (Red Bull),42.40132,42.40132,Sunny,0.05
111,2,Verstappen (Red Bull),40.61743,83.01875,Sunny,0.05
111,3,Verstappen (Red Bull),41.02745,124.04621,Sunny,0.05
111,4,Verstappen (Red Bull),42.44051,166.48671,Sunny,0.05
111,5,Verstappen (Red Bull),41.8374,208.32411,Sunny,0.05
111,6,Verstappen (Red Bull),42.73704,251.06115,Sunny,0.05
111,7,Verstappen (Red Bull),42.038,293.09916,Sunny,0.05
111,8,Verstappen (Red Bull),41.88169,334.98085,Sunny,0.05
111,9,Verstappen (Red Bull),42.01869,376.99953,Sunny,0.05
111,10,Verstappen (Red Bull),42.13489,419.13442,Sunny,0.05
111,1,Norris (McLaren),42.96643,42.96643,Sunny,0.05
111,2,Norris (McLaren),42.27491,85.24134,Sunny,0.05
111,3,Norris (McLaren),42.61349,127.85483,Sunny,0.05
111,4,Norris (McLaren),42.84681,170.70164,Sunny,0.05
111,5,Norris (McLaren),41.8596,212.56124,Sunny,0.05
111,6,Norris (McLaren),42.35003,254.91126,Sunny,0.05
111,7,Norris (McLaren),41.84034,296.75161,Sunny,0.05
111,8,Norris (McLaren),42.96722,339.71883,Sunny,0.05
111,9,Norris (McLaren),43.28709,383.00592,Sunny,0.05
111,10,Norris (McLaren),42.2533,425.25923,Sunny,0.05
112,1,Hamilton (Mercedes),41.35005,41.35005,Sunny,0.05
112,2,Hamilton (Mercedes),43.1834,84.53345,Sunny,0.05
112,3,Hamilton (Mercedes),43.22543,127.75888,Sunny,0.05
112,4,Hamilton (Mercedes),42.14942,169.90829,Sunny,0.05
112,5,Hamilton (Mercedes),41.88682,211.79511,Sunny,0.05
112,6,Hamilton (Mercedes),43.0804,254.87551,Sunny,0.05
112,7,Hamilton (Mercedes),42.33622,297.21173,Sunny,0.05
112,8,Hamilton (Mercedes),42.65178,339.86351,Sunny,0.05
112,9,Hamilton (Mercedes),41.82749,381.69101,Sunny,0.05
112,10,Hamilton (Mercedes),43.1545,424.84551,Sunny,0.05
112,1,Verstappen (Red Bull),41.90731,41.90731,Sunny,0.05
112,2,Verstappen (Red Bull),42.47728,84.38459,Sunny,0.05
112,3,Verstappen (Red Bull),43.17905,127.56365,Sunny,0.05
112,4,Verstappen (Red Bull),42.00536,169.569,Sunny,0.05
112,5,Verstappen (Red Bull),41.93471,211.50371,Sunny,0.05
112,6,Verstappen (Red Bull),42.03141,253.53512,Sunny,0.05
112,7,Verstappen (Red Bull),42.48402,296.01914,Sunny,0.05
112,8,Verstappen (Red Bull),42.28342,338.30256,Sunny,0.05
112,9,Verstappen (Red Bull),42.47263,380.77519,Sunny,0.05
112,10,Verstappen (Red Bull),42.17786,422.95305,Sunny,0.05
112,1,Norris (McLaren),43.21539,43.21539,Sunny,0.05
112,2,Norris (McLaren),42.15647,85.37186,Sunny,0.05
112,3,Norris (McLaren),42.68808,128.05994,Sunny,0.05
112,4,Norris (McLaren),43.54234,171.60228,Sunny,0.05
112,5,Norris (McLaren),41.83656,213.43884,Sunny,0.05
112,6,Norris (McLaren),42.50627,255.94511,Sunny,0.05
112,7,Norris (McLaren),42.81879,298.7639,Sunny,0.05
112,8,Norris (McLaren),43.01469,341.77859,Sunny,0.05
112,9,Norris (McLaren),43.16593,384.94452,Sunny,0.05
112,10,Norris (McLaren),42.92396,427.86848,Sunny,0.05
113,1,Hamilton (Mercedes),42.74581,42.74581,Sunny,0.05
113,2,Hamilton (Mercedes),42.9175,85.66331,Sunny,0.05
113,3,Hamilton (Mercedes),41.64271,127.30602,Sunny,0.05
113,4,Hamilton (Mercedes),42.64309,169.94912,Sunny,0.05
113,5,Hamilton (Mercedes),42.35627,212.30538,Sunny,0.05
113,6,Hamilton (Mercedes),42.437,254.74239,Sunny,0.05
113,7,Hamilton (Mercedes),43.03119,297.77357,Sunny,0.05
113,8,Hamilton (Mercedes),42.90226,340.67583,Sunny,0.05
113,9,Hamilton (Mercedes),42.66161,383.33744,Sunny,0.05
113,10,Hamilton (Mercedes),41.98973,425.32718,Sunny,0.05
113,1,Verstappen (Red Bull),41.6472,41.6472,Sunny,0.05
113,2,Verstappen (Red Bull),42.58765,84.23485,Sunny,0.05
113,3,Verstappen (Red Bull),42.3969,126.63176,Sunny,0.05
113,4,Verstappen (Red Bull),42.20968,168.84144,Sunny,0.05
113,5,Verstappen (Red Bull),42.41432,211.25576,Sunny,0.05
113,6,Verstappen (Red Bull),41.17293,252.42869,Sunny,0.05
113,7,Verstappen (Red Bull),41.93215,294.36084,Sunny,0.05
113,8,Verstappen (Red Bull),41.41038,335.77122,Sunny,0.05
113,9,Verstappen (Red Bull),41.9949,377.76611,Sunny,0.05
113,10,Verstappen (Red Bull),42.91198,420.67809,Sunny,0.05
113,1,Norris (McLaren),42.84189,42.84189,Sunny,0.05
113,2,Norris (McLaren),42.52809,85.36998,Sunny,0.05
113,3,Norris (McLaren),41.90194,127.27192,Sunny,0.05
113,4,Norris (McLaren),43.54116,170.81307,Sunny,0.05
113,5,Norris (McLaren),42.66394,213.47702,Sunny,0.05
113,6,Norris (McLaren),42.76586,256.24288,Sunny,0.05
113,7,Norris (McLaren),42.45101,298.69389,Sunny,0.05
113,8,Norris (McLaren),42.03699,340.73087,Sunny,0.05
113,9,Norris (McLaren),41.83018,382.56105,Sunny,0.05
113,10,Norris (McLaren),43.44901,426.01006,Sunny,0.05
114,1,Hamilton (Mercedes),42.71355,42.71355,Sunny,0.05
114,2,Hamilton (Mercedes),42.36315,85.0767,Sunny,0.05
114,3,Hamilton (Mercedes),43.06251,128.13921,Sunny,0.05
114,4,Hamilton (Mercedes),43.0603,171.19951,Sunny,0.05
114,5,Hamilton (Mercedes),42.33278,213.53229,Sunny,0.05
114,6,Hamilton (Mercedes),42.01247,255.54476,Sunny,0.05
114,7,Hamilton (Mercedes),42.09015,297.63491,Sunny,0.05
114,8,Hamilton (Mercedes),43.07931,340.71422,Sunny,0.05
114,9,Hamilton (Mercedes),41.93086,382.64508,Sunny,0.05
114,10,Hamilton (Mercedes),42.91786,425.56294,Sunny,0.05
114,1,Verstappen (Red Bull),42.27648,42.27648,Sunny,0.05
114,2,Verstappen (Red Bull),42.38837,84.66485,Sunny,0.05
114,3,Verstappen (Red Bull),42.64546,127.31031,Sunny,0.05
114,4,Verstappen (Red Bull),41.72881,169.03912,Sunny,0.05
114,5,Verstappen (Red Bull),42.37056,211.40968,Sunny,0.05
114,6,Verstappen (Red Bull),41.8212,253.23087,Sunny,0.05
114,7,Verstappen (Red Bull),41.97938,295.21026,Sunny,0.05
114,8,Verstappen (Red Bull),42.44213,337.65239,Sunny,0.05
114,9,Verstappen (Red Bull),43.22261,380.875,Sunny,0.05
114,10,Verstappen (Red Bull),43.0411,423.9161,Sunny,0.05
114,1,Norris (McLaren),42.97658,42.97658,Sunny,0.05
114,2,Norris (McLaren),43.00562,85.9822,Sunny,0.05
114,3,Norris (McLaren),42.60307,128.58527,Sunny,0.05
114,4,Norris (McLaren),43.06133,171.6466,Sunny,0.05
114,5,Norris (McLaren),43.77068,215.41727,Sunny,0.05
114,6,Norris (McLaren),42.93749,258.35476,Sunny,0.05
114,7,Norris (McLaren),41.8448,300.19956,Sunny,0.05
114,8,Norris (McLaren),42.46757,342.66713,Sunny,0.05
114,9,Norris (McLaren),42.87783,385.54496,Sunny,0.05
114,10,Norris (McLaren),43.70894,429.2539,Sunny,0.05
115,1,Hamilton (Mercedes),42.09255,42.09255,Sunny,0.05
115,2,Hamilton (Mercedes),42.17772,84.27027,Sunny,0.05
115,3,Hamilton (Mercedes),42.74015,127.01041,Sunny,0.05
115,4,Hamilton (Mercedes),42.54537,169.55578,Sunny,0.05
115,5,Hamilton (Mercedes),42.7987,212.35448,Sunny,0.05
115,6,Hamilton (Mercedes),42.81537,255.16985,Sunny,0.05
115,7,Hamilton (Mercedes),42.659,297.82885,Sunny,0.05
115,8,Hamilton (Mercedes),43.28362,341.11248,Sunny,0.05
115,9,Hamilton (Mercedes),41.83636,382.94884,Sunny,0.05
115,10,Hamilton (Mercedes),42.47772,425.42656,Sunny,0.05
115,1,Verstappen (Red Bull),41.9137,41.9137,Sunny,0.05
115,2,Verstappen (Red Bull),42.67884,84.59254,Sunny,0.05
115,3,Verstappen (Red Bull),41.01163,125.60417,Sunny,0.05
115,4,Verstappen (Red Bull),41.99191,167.59608,Sunny,0.05
115,5,Verstappen (Red Bull),42.0031,209.59917,Sunny,0.05
115,6,Verstappen (Red Bull),42.87083,252.47001,Sunny,0.05
115,7,Verstappen (Red Bull),42.34469,294.8147,Sunny,0.05
115,8,Verstappen (Red Bull),41.61552,336.43022,Sunny,0.05
115,9,Verstappen (Red Bull),42.48258,378.9128,Sunny,0.05
115,10,Verstappen (Red Bull),42.48147,421.39427,Sunny,0.05
115,1,Norris (McLaren),43.30609,43.30609,Sunny,0.05
115,2,Norris (McLaren),43.3625,86.66859,Sunny,0.05
115,3,Norris (McLaren),42.90561,129.57419,Sunny,0.05
115,4,Norris (McLaren),42.17435,171.74854,Sunny,0.05
115,5,Norris (McLaren),42.85347,214.60201,Sunny,0.05
115,6,Norris (McLaren),43.69745,258.29946,Sunny,0.05
115,7,Norris (McLaren),43.08926,301.38872,Sunny,0.05
115,8,Norris (McLaren),42.86726,344.25597,Sunny,0.05
115,9,Norris (McLaren),42.18196,386.43794,Sunny,0.05
115,10,Norris (McLaren),42.39997,428.83791,Sunny,0.05
116,1,Hamilton (Mercedes),41.39219,41.39219,Sunny,0.05
116,2,Hamilton (Mercedes),42.4228,83.81499,Sunny,0.05
116,3,Hamilton (Mercedes),42.90671,126.7217,Sunny,0.05
116,4,Hamilton (Mercedes),42.0209,168.7426,Sunny,0.05
116,5,Hamilton (Mercedes),43.53005,212.27264,Sunny,0.05
116,6,Hamilton (Mercedes),42.61421,254.88686,Sunny,0.05
116,7,Hamilton (Mercedes),42.239,297.12585,Sunny,0.05
116,8,Hamilton (Mercedes),42.25031,339.37616,Sunny,0.05
116,9,Hamilton (Mercedes),42.31991,381.69607,Sunny,0.05
116,10,Hamilton (Mercedes),41.91528,423.61136,Sunny,0.05
116,1,Verstappen (Red Bull),41.20523,41.20523,Sunny,0.05
116,2,Verstappen (Red Bull),41.85653,83.06176,Sunny,0.05
116,3,Verstappen (Red Bull),41.92894,124.9907,Sunny,0.05
116,4,Verstappen (Red Bull),41.7626,166.7533,Sunny,0.05
116,5,Verstappen (Red Bull),41.75814,208.51145,Sunny,0.05
116,6,Verstappen (Red Bull),42.12554,250.63698,Sunny,0.05
116,7,Verstappen (Red Bull),41.11917,291.75615,Sunny,0.05
116,8,Verstappen (Red Bull),42.0152,333.77135,Sunny,0.05
116,9,Verstappen (Red Bull),41.90448,375.67583,Sunny,0.05
116,10,Verstappen (Red Bull),42.5675,418.24333,Sunny,0.05
116,1,Norris (McLaren),43.3241,43.3241,Sunny,0.05
116,2,Norris (McLaren),44.6897,88.01379,Sunny,0.05
116,3,Norris (McLaren),42.70948,130.72328,Sunny,0.05
116,4,Norris (McLaren),43.07612,173.7994,Sunny,0.05
116,5,Norris (McLaren),42.25859,216.05798,Sunny,0.05
116,6,Norris (McLaren),42.25685,258.31483,Sunny,0.05
116,7,Norris (McLaren),43.16092,301.47575,Sunny,0.05
116,8,Norris (McLaren),42.66143,344.13719,Sunny,0.05
116,9,Norris (McLaren),43.17688,387.31407,Sunny,0.05
116,10,Norris (McLaren),44.5375,431.85157,Sunny,0.05
117,1,Hamilton (Mercedes),42.58515,42.58515,Sunny,0.05
117,2,Hamilton (Mercedes),41.59946,84.18461,Sunny,0.05
117,3,Hamilton (Mercedes),42.76405,126.94867,Sunny,0.05
117,4,Hamilton (Mercedes),42.13801,169.08667,Sunny,0.05
117,5,Hamilton (Mercedes),42.5789,211.66557,Sunny,0.05
117,6,Hamilton (Mercedes),41.57149,253.23706,Sunny,0.05
117,7,Hamilton (Mercedes),42.80278,296.03984,Sunny,0.05
117,8,Hamilton (Mercedes),42.84968,338.88952,Sunny,0.05
117,9,Hamilton (Mercedes),41.90737,380.79689,Sunny,0.05
117,10,Hamilton (Mercedes),42.36407,423.16096,Sunny,0.05
117,1,Verstappen (Red Bull),42.529,42.529,Sunny,0.05
117,2,Verstappen (Red Bull),42.16003,84.68903,Sunny,0.05
117,3,Verstappen (Red Bull),41.83168,126.52072,Sunny,0.05
117,4,Verstappen (Red Bull),42.70122,169.22194,Sunny,0.05
117,5,Verstappen (Red Bull),42.15846,211.3804,Sunny,0.05
117,6,Verstappen (Red Bull),41.51376,252.89416,Sunny,0.05
117,7,Verstappen (Red Bull),41.62776,294.52192,Sunny,0.05
117,8,Verstappen (Red Bull),43.25899,337.78091,Sunny,0.05
117,9,Verstappen (Red Bull),41.87843,379.65934,Sunny,0.05
117,10,Verstappen (Red Bull),42.52596,422.18529,Sunny,0.05
117,1,Norris (McLaren),43.10091,43.10091,Sunny,0.05
117,2,Norris (McLaren),42.73895,85.83986,Sunny,0.05
117,3,Norris (McLaren),43.10105,128.94091,Sunny,0.05
117,4,Norris (McLaren),42.93749,171.8784,Sunny,0.05
117,5,Norris (McLaren),43.53011,215.40851,Sunny,0.05
117,6,Norris (McLaren),43.34174,258.75025,Sunny,0.05
117,7,Norris (McLaren),42.70872,301.45897,Sunny,0.05
117,8,Norris (McLaren),43.05111,344.51008,Sunny,0.05
117,9,Norris (McLaren),42.47084,386.98092,Sunny,0.05
117,10,Norris (McLaren),41.22712,428.20803,Sunny,0.05
118,1,Hamilton (Mercedes),41.95494,41.95494,Sunny,0.05
118,2,Hamilton (Mercedes),42.24872,84.20365,Sunny,0.05
118,3,Hamilton (Mercedes),42.81987,127.02352,Sunny,0.05
118,4,Hamilton (Mercedes),42.51225,169.53577,Sunny,0.05
118,5,Hamilton (Mercedes),41.88952,211.42529,Sunny,0.05
118,6,Hamilton (Mercedes),43.31885,254.74413,Sunny,0.05
118,7,Hamilton (Mercedes),42.14847,296.8926,Sunny,0.05
118,8,Hamilton (Mercedes),42.35448,339.24709,Sunny,0.05
118,9,Hamilton (Mercedes),42.71898,381.96606,Sunny,0.05
118,10,Hamilton (Mercedes),42.69244,424.65851,Sunny,0.05
118,1,Verstappen (Red Bull),41.24312,41.24312,Sunny,0.05
118,2,Verstappen (Red Bull),43.13437,84.37749,Sunny,0.05
118,3,Verstappen (Red Bull),41.81447,126.19197,Sunny,0.05
118,4,Verstappen (Red Bull),42.73116,168.92312,Sunny,0.05
118,5,Verstappen (Red Bull),42.61666,211.53978,Sunny,0.05
118,6,Verstappen (Red Bull),41.95782,253.4976,Sunny,0.05
118,7,Verstappen (Red Bull),41.89827,295.39587,Sunny,0.05
118,8,Verstappen (Red Bull),42.43582,337.83169,Sunny,0.05
118,9,Verstappen (Red Bull),42.10498,379.93667,Sunny,0.05
118,10,Verstappen (Red Bull),42.22003,422.15669,Sunny,0.05
118,1,Norris (McLaren),41.84397,41.84397,Sunny,0.05
118,2,Norris (McLaren),43.00873,84.8527,Sunny,0.05
118,3,Norris (McLaren),43.30245,128.15515,Sunny,0.05
118,4,Norris (McLaren),43.48283,171.63798,Sunny,0.05
118,5,Norris (McLaren),43.04889,214.68687,Sunny,0.05
118,6,Norris (McLaren),43.54672,258.23358,Sunny,0.05
118,7,Norris (McLaren),42.15926,300.39284,Sunny,0.05
118,8,Norris (McLaren),41.68622,342.07906,Sunny,0.05
118,9,Norris (McLaren),42.73149,384.81055,Sunny,0.05
118,10,Norris (McLaren),41.90595,426.71649,Sunny,0.05
119,1,Hamilton (Mercedes),42.60303,42.60303,Sunny,0.05
119,2,Hamilton (Mercedes),42.21967,84.8227,Sunny,0.05
119,3,Hamilton (Mercedes),42.17698,126.99968,Sunny,0.05
119,4,Hamilton (Mercedes),42.88871,169.8884,Sunny,0.05
119,5,Hamilton (Mercedes),42.6998,212.58819,Sunny,0.05
119,6,Hamilton (Mercedes),43.09531,255.6835,Sunny,0.05
119,7,Hamilton (Mercedes),41.79871,297.48221,Sunny,0.05
119,8,Hamilton (Mercedes),42.1348,339.61701,Sunny,0.05
119,9,Hamilton (Mercedes),42.59592,382.21293,Sunny,0.05
119,10,Hamilton (Mercedes),42.72969,424.94262,Sunny,0.05
119,1,Verstappen (Red Bull),41.67873,41.67873,Sunny,0.05
119,2,Verstappen (Red Bull),42.23573,83.91446,Sunny,0.05
119,3,Verstappen (Red Bull),41.73399,125.64845,Sunny,0.05
119,4,Verstappen (Red Bull),41.77917,167.42762,Sunny,0.05
119,5,Verstappen (Red Bull),41.48471,208.91233,Sunny,0.05
119,6,Verstappen (Red Bull),42.86508,251.77741,Sunny,0.05
119,7,Verstappen (Red Bull),42.01435,293.79176,Sunny,0.05
119,8,Verstappen (Red Bull),41.31442,335.10618,Sunny,0.05
119,9,Verstappen (Red Bull),42.14524,377.25142,Sunny,0.05
119,10,Verstappen (Red Bull),42.47165,419.72307,Sunny,0.05
119,1,Norris (McLaren),42.5112,42.5112,Sunny,0.05
119,2,Norris (McLaren),42.81971,85.33091,Sunny,0.05
119,3,Norris (McLaren),42.18435,127.51526,Sunny,0.05
119,4,Norris (McLaren),43.08486,170.60013,Sunny,0.05
119,5,Norris (McLaren),42.95669,213.55681,Sunny,0.05
119,6,Norris (McLaren),43.31681,256.87362,Sunny,0.05
119,7,Norris (McLaren),43.33452,300.20814,Sunny,0.05
119,8,Norris (McLaren),42.08086,342.289,Sunny,0.05
119,9,Norris (McLaren),42.52498,384.81398,Sunny,0.05
119,10,Norris (McLaren),40.59324,425.40722,Sunny,0.05
120,1,Hamilton (Mercedes),42.64892,42.64892,Sunny,0.05
120,2,Hamilton (Mercedes),42.76708,85.41601,Sunny,0.05
120,3,Hamilton (Mercedes),42.06564,127.48164,Sunny,0.05
120,4,Hamilton (Mercedes),42.08003,169.56167,Sunny,0.05
120,5,Hamilton (Mercedes),43.02264,212.58432,Sunny,0.05
120,6,Hamilton (Mercedes),43.1185,255.70281,Sunny,0.05
120,7,Hamilton (Mercedes),42.1454,297.84822,Sunny,0.05
120,8,Hamilton (Mercedes),42.50585,340.35406,Sunny,0.05
120,9,Hamilton (Mercedes),42.38278,382.73684,Sunny,0.05
120,10,Hamilton (Mercedes),42.63179,425.36864,Sunny,0.05
120,1,Verstappen (Red Bull),41.49322,41.49322,Sunny,0.05
120,2,Verstappen (Red Bull),42.98955,84.48276,Sunny,0.05
120,3,Verstappen (Red Bull),42.36467,126.84744,Sunny,0.05
120,4,Verstappen (Red Bull),41.75449,168.60193,Sunny,0.05
120,5,Verstappen (Red Bull),41.61149,210.21342,Sunny,0.05
120,6,Verstappen (Red Bull),41.75917,251.97259,Sunny,0.05
120,7,Verstappen (Red Bull),42.99455,294.96713,Sunny,0.05
120,8,Verstappen (Red Bull),42.50496,337.4721,Sunny,0.05
120,9,Verstappen (Red Bull),42.3293,379.8014,Sunny,0.05
120,10,Verstappen (Red Bull),42.79106,422.59246,Sunny,0.05
120,1,Norris (McLaren),43.02683,43.02683,Sunny,0.05
120,2,Norris (McLaren),43.64371,86.67054,Sunny,0.05
120,3,Norris (McLaren),43.31462,129.98516,Sunny,0.05
120,4,Norris (McLaren),42.53267,172.51783,Sunny,0.05
120,5,Norris (McLaren),41.99634,214.51417,Sunny,0.05
120,6,Norris (McLaren),41.63278,256.14695,Sunny,0.05
120,7,Norris (McLaren),42.66508,298.81203,Sunny,0.05
120,8,Norris (McLaren),42.63974,341.45177,Sunny,0.05
120,9,Norris (McLaren),43.19856,384.65033,Sunny,0.05
120,10,Norris (McLaren),42.8285,427.47882,Sunny,0.05
121,1,Hamilton (Mercedes),42.63269,42.63269,Sunny,0.05
121,2,Hamilton (Mercedes),42.01415,84.64684,Sunny,0.05
121,3,Hamilton (Mercedes),42.65658,127.30342,Sunny,0.05
121,4,Hamilton (Mercedes),41.9416,169.24502,Sunny,0.05
121,5,Hamilton (Mercedes),42.33808,211.5831,Sunny,0.05
121,6,Hamilton (Mercedes),42.30637,253.88947,Sunny,0.05
121,7,Hamilton (Mercedes),41.94612,295.83559,Sunny,0.05
121,8,Hamilton (Mercedes),42.38054,338.21612,Sunny,0.05
121,9,Hamilton (Mercedes),42.1427,380.35882,Sunny,0.05
121,10,Hamilton (Mercedes),42.99286,423.35168,Sunny,0.05
121,1,Verstappen (Red Bull),42.68092,42.68092,Sunny,0.05
121,2,Verstappen (Red Bull),41.75259,84.43351,Sunny,0.05
121,3,Verstappen (Red Bull),41.86832,126.30183,Sunny,0.05
121,4,Verstappen (Red Bull),42.0081,168.30993,Sunny,0.05
121,5,Verstappen (Red Bull),42.72247,211.0324,Sunny,0.05
121,6,Verstappen (Red Bull),42.29128,253.32367,Sunny,0.05
121,7,Verstappen (Red Bull),41.92537,295.24904,Sunny,0.05
121,8,Verstappen (Red Bull),41.45731,336.70635,Sunny,0.05
121,9,Verstappen (Red Bull),42.12717,378.83352,Sunny,0.05
121,10,Verstappen (Red Bull),42.83108,421.6646,Sunny,0.05
121,1,Norris (McLaren),42.30393,42.30393,Sunny,0.05
121,2,Norris (McLaren),42.91501,85.21895,Sunny,0.05
121,3,Norris (McLaren),42.01961,127.23856,Sunny,0.05
121,4,Norris (McLaren),42.10573,169.34429,Sunny,0.05
121,5,Norris (McLaren),42.88261,212.2269,Sunny,0.05
121,6,Norris (McLaren),42.4902,254.7171,Sunny,0.05
121,7,Norris (McLaren),42.60034,297.31744,Sunny,0.05
121,8,Norris (McLaren),42.89757,340.21501,Sunny,0.05
121,9,Norris (McLaren),42.33124,382.54624,Sunny,0.05
121,10,Norris (McLaren),42.00344,424.54969,Sunny,0.05
122,1,Hamilton (Mercedes),43.14174,43.14174,Sunny,0.05
122,2,Hamilton (Mercedes),42.94447,86.0862,Sunny,0.05
122,3,Hamilton (Mercedes),42.54427,128.63048,Sunny,0.05
122,4,Hamilton (Mercedes),42.24643,170.8769,Sunny,0.05
122,5,Hamilton (Mercedes),42.31255,213.18945,Sunny,0.05
122,6,Hamilton (Mercedes),42.20388,255.39333,Sunny,0.05
122,7,Hamilton (Mercedes),42.00478,297.39811,Sunny,0.05
122,8,Hamilton (Mercedes),42.73295,340.13106,Sunny,0.05
122,9,Hamilton (Mercedes),43.43054,383.5616,Sunny,0.05
122,10,Hamilton (Mercedes),43.58891,427.15051,Sunny,0.05
122,1,Verstappen (Red Bull),42.18393,42.18393,Sunny,0.05
122,2,Verstappen (Red Bull),42.6312,84.81512,Sunny,0.05
122,3,Verstappen (Red Bull),41.76136,126.57649,Sunny,0.05
122,4,Verstappen (Red Bull),41.49847,168.07496,Sunny,0.05
122,5,Verstappen (Red Bull),41.83843,209.91339,Sunny,0.05
122,6,Verstappen (Red Bull),41.64603,251.55943,Sunny,0.05
122,7,Verstappen (Red Bull),42.75298,294.3124,Sunny,0.05
122,8,Verstappen (Red Bull),42.32243,336.63484,Sunny,0.05
122,9,Verstappen (Red Bull),41.51025,378.14508,Sunny,0.05
122,10,Verstappen (Red Bull),41.8062,419.95128,Sunny,0.05
122,1,Norris (McLaren),42.25367,42.25367,Sunny,0.05
122,2,Norris (McLaren),42.42314,84.67681,Sunny,0.05
122,3,Norris (McLaren),43.12299,127.79981,Sunny,0.05
122,4,Norris (McLaren),43.10196,170.90177,Sunny,0.05
122,5,Norris (McLaren),42.29712,213.1989,Sunny,0.05
122,6,Norris (McLaren),42.05668,255.25557,Sunny,0.05
122,7,Norris (McLaren),42.52908,297.78465,Sunny,0.05
122,8,Norris (McLaren),43.02198,340.80663,Sunny,0.05
122,9,Norris (McLaren),42.24022,383.04685,Sunny,0.05
122,10,Norris (McLaren),43.46127,426.50812,Sunny,0.05
123,1,Hamilton (Mercedes),42.89802,42.89802,Sunny,0.05
123,2,Hamilton (Mercedes),41.86618,84.7642,Sunny,0.05
123,3,Hamilton (Mercedes),42.5713,127.3355,Sunny,0.05
123,4,Hamilton (Mercedes),42.49549,169.83098,Sunny,0.05
123,5,Hamilton (Mercedes),42.92035,212.75133,Sunny,0.05
123,6,Hamilton (Mercedes),42.29958,255.05091,Sunny,0.05
123,7,Hamilton (Mercedes),42.6172,297.66811,Sunny,0.05
123,8,Hamilton (Mercedes),42.80146,340.46957,Sunny,0.05
123,9,Hamilton (Mercedes),41.90047,382.37004,Sunny,0.05
123,10,Hamilton (Mercedes),42.3959,424.76593,Sunny,0.05
123,1,Verstappen (Red Bull),42.25949,42.25949,Sunny,0.05
123,2,Verstappen (Red Bull),41.47418,83.73367,Sunny,0.05
123,3,Verstappen (Red Bull),42.24368,125.97736,Sunny,0.05
123,4,Verstappen (Red Bull),42.80836,168.78572,Sunny,0.05
123,5,Verstappen (Red Bull),41.77315,210.55887,Sunny,0.05
123,6,Verstappen (Red Bull),42.54832,253.10719,Sunny,0.05
123,7,Verstappen (Red Bull),42.31341,295.4206,Sunny,0.05
123,8,Verstappen (Red Bull),41.26474,336.68534,Sunny,0.05
123,9,Verstappen (Red Bull),42.24334,378.92868,Sunny,0.05
123,10,Verstappen (Red Bull),42.11857,421.04724,Sunny,0.05
123,1,Norris (McLaren),41.85975,41.85975,Sunny,0.05
123,2,Norris (McLaren),42.2964,84.15615,Sunny,0.05
123,3,Norris (McLaren),41.73664,125.89279,Sunny,0.05
123,4,Norris (McLaren),42.5652,168.45799,Sunny,0.05
123,5,Norris (McLaren),42.58827,211.04626,Sunny,0.05
123,6,Norris (McLaren),41.68099,252.72725,Sunny,0.05
123,7,Norris (McLaren),43.13554,295.8628,Sunny,0.05
123,8,Norris (McLaren),42.65728,338.52007,Sunny,0.05
123,9,Norris (McLaren),41.76314,380.28321,Sunny,0.05
123,10,Norris (McLaren),42.88229,423.1655,Sunny,0.05
124,1,Hamilton (Mercedes),42.6234,42.6234,Sunny,0.05
124,2,Hamilton (Mercedes),41.37528,83.99868,Sunny,0.05
124,3,Hamilton (Mercedes),42.15041,126.14909,Sunny,0.05
124,4,Hamilton (Mercedes),42.41508,168.56417,Sunny,0.05
124,5,Hamilton (Mercedes),41.76824,210.33241,Sunny,0.05
124,6,Hamilton (Mercedes),43.31469,253.6471,Sunny,0.05
124,7,Hamilton (Mercedes),42.5072,296.1543,Sunny,0.05
124,8,Hamilton (Mercedes),42.50533,338.65963,Sunny,0.05
124,9,Hamilton (Mercedes),42.83759,381.49721,Sunny,0.05
124,10,Hamilton (Mercedes),41.67644,423.17365,Sunny,0.05
124,1,Verstappen (Red Bull),43.01867,43.01867,Sunny,0.05
124,2,Verstappen (Red Bull),43.80296,86.82163,Sunny,0.05
124,3,Verstappen (Red Bull),43.09342,129.91505,Sunny,0.05
124,4,Verstappen (Red Bull),42.10687,172.02192,Sunny,0.05
124,5,Verstappen (Red Bull),41.36192,213.38384,Sunny,0.05
124,6,Verstappen (Red Bull),42.50312,255.88696,Sunny,0.05
124,7,Verstappen (Red Bull),42.8411,298.72807,Sunny,0.05
124,8,Verstappen (Red Bull),42.39894,341.127,Sunny,0.05
124,9,Verstappen (Red Bull),42.48082,383.60782,Sunny,0.05
124,10,Verstappen (Red Bull),41.7069,425.31472,Sunny,0.05
124,1,Norris (McLaren),42.32572,42.32572,Sunny,0.05
124,2,Norris (McLaren),43.24829,85.57401,Sunny,0.05
124,3,Norris (McLaren),43.5092,129.08321,Sunny,0.05
124,4,Norris (McLaren),42.62733,171.71054,Sunny,0.05
124,5,Norris (McLaren),41.65728,213.36782,Sunny,0.05
124,6,Norris (McLaren),42.21569,255.58351,Sunny,0.05
124,7,Norris (McLaren),42.74398,298.32749,Sunny,0.05
124,8,Norris (McLaren),42.57933,340.90682,Sunny,0.05
124,9,Norris (McLaren),42.35589,383.26271,Sunny,0.05
124,10,Norris (McLaren),43.71063,426.97334,Sunny,0.05
125,1,Hamilton (Mercedes),43.49274,43.49274,Sunny,0.05
125,2,Hamilton (Mercedes),42.53493,86.02767,Sunny,0.05
125,3,Hamilton (Mercedes),42.36107,128.38874,Sunny,0.05
125,4,Hamilton (Mercedes),42.32349,170.71223,Sunny,0.05
125,5,Hamilton (Mercedes),42.94817,213.6604,Sunny,0.05
125,6,Hamilton (Mercedes),42.2966,255.957,Sunny,0.05
125,7,Hamilton (Mercedes),42.92769,298.88469,Sunny,0.05
125,8,Hamilton (Mercedes),42.88193,341.76662,Sunny,0.05
125,9,Hamilton (Mercedes),42.19329,383.95991,Sunny,0.05
125,10,Hamilton (Mercedes),42.09243,426.05235,Sunny,0.05
125,1,Verstappen (Red Bull),42.74635,42.74635,Sunny,0.05
125,2,Verstappen (Red Bull),41.83975,84.58609,Sunny,0.05
125,3,Verstappen (Red Bull),43.22284,127.80893,Sunny,0.05
125,4,Verstappen (Red Bull),42.50646,170.31539,Sunny,0.05
125,5,Verstappen (Red Bull),42.97861,213.294,Sunny,0.05
125,6,Verstappen (Red Bull),42.08459,255.3786,Sunny,0.05
125,7,Verstappen (Red Bull),41.9116,297.2902,Sunny,0.05
125,8,Verstappen (Red Bull),42.23444,339.52463,Sunny,0.05
125,9,Verstappen (Red Bull),41.96933,381.49396,Sunny,0.05
125,10,Verstappen (Red Bull),43.064,424.55796,Sunny,0.05
125,1,Norris (McLaren),42.82926,42.82926,Sunny,0.05
125,2,Norris (McLaren),43.33213,86.16139,Sunny,0.05
125,3,Norris (McLaren),43.92716,130.08855,Sunny,0.05
125,4,Norris (McLaren),42.30577,172.39432,Sunny,0.05
125,5,Norris (McLaren),43.06513,215.45945,Sunny,0.05
125,6,Norris (McLaren),42.38152,257.84097,Sunny,0.05
125,7,Norris (McLaren),41.62334,299.46431,Sunny,0.05
125,8,Norris (McLaren),42.53591,342.00022,Sunny,0.05
125,9,Norris (McLaren),42.97627,384.97649,Sunny,0.05
125,10,Norris (McLaren),42.47084,427.44734,Sunny,0.05
126,1,Hamilton (Mercedes),42.74417,42.74417,Sunny,0.05
126,2,Hamilton (Mercedes),42.68216,85.42634,Sunny,0.05
126,3,Hamilton (Mercedes),42.24782,127.67416,Sunny,0.05
126,4,Hamilton (Mercedes),41.81908,169.49324,Sunny,0.05
126,5,Hamilton (Mercedes),42.75601,212.24925,Sunny,0.05
126,6,Hamilton (Mercedes),42.40127,254.65052,Sunny,0.05
126,7,Hamilton (Mercedes),43.45614,298.10666,Sunny,0.05
126,8,Hamilton (Mercedes),42.37558,340.48224,Sunny,0.05
126,9,Hamilton (Mercedes),41.60516,382.0874,Sunny,0.05
126,10,Hamilton (Mercedes),42.46482,424.55222,Sunny,0.05
126,1,Verstappen (Red Bull),41.57626,41.57626,Sunny,0.05
126,2,Verstappen (Red Bull),42.12573,83.70199,Sunny,0.05
126,3,Verstappen (Red Bull),42.54017,126.24216,Sunny,0.05
126,4,Verstappen (Red Bull),41.90028,168.14244,Sunny,0.05
126,5,Verstappen (Red Bull),43.28803,211.43047,Sunny,0.05
126,6,Verstappen (Red Bull),41.96912,253.39959,Sunny,0.05
126,7,Verstappen (Red Bull),41.50998,294.90957,Sunny,0.05
126,8,Verstappen (Red Bull),42.0492,336.95877,Sunny,0.05
126,9,Verstappen (Red Bull),42.49195,379.45073,Sunny,0.05
126,10,Verstappen (Red Bull),42.20068,421.6514,Sunny,0.05
126,1,Norris (McLaren),42.64166,42.64166,Sunny,0.05
126,2,Norris (McLaren),42.80281,85.44447,Sunny,0.05
126,3,Norris (McLaren),41.83248,127.27695,Sunny,0.05
126,4,Norris (McLaren),43.47582,170.75277,Sunny,0.05
126,5,Norris (McLaren),42.72453,213.4773,Sunny,0.05
126,6,Norris (McLaren),42.98036,256.45766,Sunny,0.05
126,7,Norris (McLaren),41.86503,298.32269,Sunny,0.05
126,8,Norris (McLaren),42.34748,340.67017,Sunny,0.05
126,9,Norris (McLaren),41.95485,382.62502,Sunny,0.05
126,10,Norris (McLaren),42.8531,425.47811,Sunny,0.05
127,1,Hamilton (Mercedes),42.29705,42.29705,Sunny,0.05
127,2,Hamilton (Mercedes),42.23815,84.5352,Sunny,0.05
127,3,Hamilton (Mercedes),43.35983,127.89503,Sunny,0.05
127,4,Hamilton (Mercedes),42.59332,170.48836,Sunny,0.05
127,5,Hamilton (Mercedes),42.80605,213.29441,Sunny,0.05
127,6,Hamilton (Mercedes),42.37729,255.6717,Sunny,0.05
127,7,Hamilton (Mercedes),41.92144,297.59314,Sunny,0.05
127,8,Hamilton (Mercedes),42.95177,340.54491,Sunny,0.05
127,9,Hamilton (Mercedes),42.82704,383.37195,Sunny,0.05
127,10,Hamilton (Mercedes),42.23533,425.60729,Sunny,0.05
127,1,Verstappen (Red Bull),41.95106,41.95106,Sunny,0.05
127,2,Verstappen (Red Bull),41.35672,83.30778,Sunny,0.05
127,3,Verstappen (Red Bull),42.41435,125.72213,Sunny,0.05
127,4,Verstappen (Red Bull),41.84969,167.57182,Sunny,0.05
127,5,Verstappen (Red Bull),41.94817,209.51999,Sunny,0.05
127,6,Verstappen (Red Bull),41.78389,251.30388,Sunny,0.05
127,7,Verstappen (Red Bull),42.20371,293.50759,Sunny,0.05
127,8,Verstappen (Red Bull),41.4461,334.95369,Sunny,0.05
127,9,Verstappen (Red Bull),42.59858,377.55227,Sunny,0.05
127,10,Verstappen (Red Bull),41.19783,418.75011,Sunny,0.05
127,1,Norris (McLaren),42.7111,42.7111,Sunny,0.05
127,2,Norris (McLaren),41.97052,84.68162,Sunny,0.05
127,3,Norris (McLaren),43.24698,127.92861,Sunny,0.05
127,4,Norris (McLaren),42.59642,170.52502,Sunny,0.05
127,5,Norris (McLaren),42.47041,212.99543,Sunny,0.05
127,6,Norris (McLaren),43.02702,256.02245,Sunny,0.05
127,7,Norris (McLaren),43.75443,299.77687,Sunny,0.05
127,8,Norris (McLaren),42.53568,342.31255,Sunny,0.05
127,9,Norris (McLaren),42.66842,384.98097,Sunny,0.05
127,10,Norris (McLaren),42.08549,427.06646,Sunny,0.05
128,1,Hamilton (Mercedes),41.74912,41.74912,Sunny,0.05
128,2,Hamilton (Mercedes),42.17327,83.92239,Sunny,0.05
128,3,Hamilton (Mercedes),42.90556,126.82794,Sunny,0.05
128,4,Hamilton (Mercedes),42.46573,169.29367,Sunny,0.05
128,5,Hamilton (Mercedes),41.77224,211.06591,Sunny,0.05
128,6,Hamilton (Mercedes),42.62161,253.68752,Sunny,0.05
128,7,Hamilton (Mercedes),41.92257,295.6101,Sunny,0.05
128,8,Hamilton (Mercedes),42.39573,338.00583,Sunny,0.05
128,9,Hamilton (Mercedes),42.56281,380.56863,Sunny,0.05
128,10,Hamilton (Mercedes),42.77896,423.34759,Sunny,0.05
128,1,Verstappen (Red Bull),42.75602,42.75602,Sunny,0.05
128,2,Verstappen (Red Bull),41.28075,84.03677,Sunny,0.05
128,3,Verstappen (Red Bull),42.02454,126.06131,Sunny,0.05
128,4,Verstappen (Red Bull),42.60697,168.66828,Sunny,0.05
128,5,Verstappen (Red Bull),41.67045,210.33874,Sunny,0.05
128,6,Verstappen (Red Bull),42.0559,252.39464,Sunny,0.05
128,7,Verstappen (Red Bull),42.15599,294.55063,Sunny,0.05
128,8,Verstappen (Red Bull),42.98785,337.53848,Sunny,0.05
128,9,Verstappen (Red Bull),41.17132,378.7098,Sunny,0.05
128,10,Verstappen (Red Bull),42.35435,421.06415,Sunny,0.05
128,1,Norris (McLaren),42.84375,42.84375,Sunny,0.05
128,2,Norris (McLaren),43.30936,86.15311,Sunny,0.05
128,3,Norris (McLaren),41.88502,128.03813,Sunny,0.05
128,4,Norris (McLaren),42.44245,170.48058,Sunny,0.05
128,5,Norris (McLaren),43.68021,214.16079,Sunny,0.05
128,6,Norris (McLaren),43.5343,257.69508,Sunny,0.05
128,7,Norris (McLaren),43.17614,300.87123,Sunny,0.05
128,8,Norris (McLaren),42.47914,343.35037,Sunny,0.05
128,9,Norris (McLaren),42.82758,386.17795,Sunny,0.05
128,10,Norris (McLaren),43.07797,429.25592,Sunny,0.05
129,1,Hamilton (Mercedes),42.03038,42.03038,Sunny,0.05
129,2,Hamilton (Mercedes),42.6038,84.63418,Sunny,0.05
129,3,Hamilton (Mercedes),43.26213,127.89631,Sunny,0.05
129,4,Hamilton (Mercedes),43.32533,171.22164,Sunny,0.05
129,5,Hamilton (Mercedes),42.87381,214.09546,Sunny,0.05
129,6,Hamilton (Mercedes),42.72388,256.81934,Sunny,0.05
129,7,Hamilton (Mercedes),42.18478,299.00412,Sunny,0.05
129,8,Hamilton (Mercedes),41.67577,340.67989,Sunny,0.05
129,9,Hamilton (Mercedes),42.1644,382.84429,Sunny,0.05
129,10,Hamilton (Mercedes),41.99,424.83429,Sunny,0.05
129,1,Verstappen (Red Bull),42.34975,42.34975,Sunny,0.05
129,2,Verstappen (Red Bull),42.63926,84.98901,Sunny,0.05
129,3,Verstappen (Red Bull),41.79508,126.7841,Sunny,0.05
129,4,Verstappen (Red Bull),41.71845,168.50254,Sunny,0.05
129,5,Verstappen (Red Bull),41.79146,210.294,Sunny,0.05
129,6,Verstappen (Red Bull),42.42827,252.72228,Sunny,0.05
129,7,Verstappen (Red Bull),41.97152,294.6938,Sunny,0.05
129,8,Verstappen (Red Bull),41.28821,335.98202,Sunny,0.05
129,9,Verstappen (Red Bull),42.55632,378.53833,Sunny,0.05
129,10,Verstappen (Red Bull),41.98089,420.51923,Sunny,0.05
129,1,Norris (McLaren),42.34986,42.34986,Sunny,0.05
129,2,Norris (McLaren),42.78222,85.13208,Sunny,0.05
129,3,Norris (McLaren),42.50719,127.63927,Sunny,0.05
129,4,Norris (McLaren),42.2784,169.91767,Sunny,0.05
129,5,Norris (McLaren),43.89431,213.81198,Sunny,0.05
129,6,Norris (McLaren),42.25428,256.06625,Sunny,0.05
129,7,Norris (McLaren),42.14192,298.20818,Sunny,0.05
129,8,Norris (McLaren),43.02833,341.23651,Sunny,0.05
129,9,Norris (McLaren),43.2791,384.51561,Sunny,0.05
129,10,Norris (McLaren),42.48373,426.99934,Sunny,0.05
130,1,Hamilton (Mercedes),40.7138,40.7138,Sunny,0.05
130,2,Hamilton (Mercedes),42.98159,83.69538,Sunny,0.05
130,3,Hamilton (Mercedes),42.83141,126.5268,Sunny,0.05
130,4,Hamilton (Mercedes),42.8958,169.4226,Sunny,0.05
130,5,Hamilton (Mercedes),42.54487,211.96747,Sunny,0.05
130,6,Hamilton (Mercedes),42.47059,254.43806,Sunny,0.05
130,7,Hamilton (Mercedes),43.30494,297.743,Sunny,0.05
130,8,Hamilton (Mercedes),42.74727,340.49026,Sunny,0.05
130,9,Hamilton (Mercedes),42.72383,383.21409,Sunny,0.05
130,10,Hamilton (Mercedes),42.85468,426.06877,Sunny,0.05
130,1,Verstappen (Red Bull),42.46981,42.46981,Sunny,0.05
130,2,Verstappen (Red Bull),42.27991,84.74971,Sunny,0.05
130,3,Verstappen (Red Bull),42.96903,127.71874,Sunny,0.05
130,4,Verstappen (Red Bull),42.86337,170.58211,Sunny,0.05
130,5,Verstappen (Red Bull),42.2616,212.84372,Sunny,0.05
130,6,Verstappen (Red Bull),42.20853,255.05225,Sunny,0.05
130,7,Verstappen (Red Bull),42.50883,297.56108,Sunny,0.05
130,8,Verstappen (Red Bull),41.71606,339.27714,Sunny,0.05
130,9,Verstappen (Red Bull),41.26716,380.54431,Sunny,0.05
130,10,Verstappen (Red Bull),42.55997,423.10428,Sunny,0.05
130,1,Norris (McLaren),42.21349,42.21349,Sunny,0.05
130,2,Norris (McLaren),41.99353,84.20702,Sunny,0.05
130,3,Norris (McLaren),43.76591,127.97293,Sunny,0.05
130,4,Norris (McLaren),41.60413,169.57706,Sunny,0.05
130,5,Norris (McLaren),43.33837,212.91543,Sunny,0.05
130,6,Norris (McLaren),43.09556,256.011,Sunny,0.05
130,7,Norris (McLaren),43.56797,299.57896,Sunny,0.05
130,8,Norris (McLaren),43.02824,342.6072,Sunny,0.05
130,9,Norris (McLaren),43.33091,385.93811,Sunny,0.05
130,10,Norris (McLaren),41.61237,427.55049,Sunny,0.05
131,1,Hamilton (Mercedes),42.07948,42.07948,Sunny,0.05
131,2,Hamilton (Mercedes),41.75701,83.83648,Sunny,0.05
131,3,Hamilton (Mercedes),42.48523,126.32171,Sunny,0.05
131,4,Hamilton (Mercedes),42.91077,169.23248,Sunny,0.05
131,5,Hamilton (Mercedes),43.12774,212.36022,Sunny,0.05
131,6,Hamilton (Mercedes),42.55454,254.91476,Sunny,0.05
131,7,Hamilton (Mercedes),42.25267,297.16743,Sunny,0.05
131,8,Hamilton (Mercedes),41.615,338.78243,Sunny,0.05
131,9,Hamilton (Mercedes),42.78855,381.57099,Sunny,0.05
131,10,Hamilton (Mercedes),41.82239,423.39338,Sunny,0.05
131,1,Verstappen (Red Bull),41.8394,41.8394,Sunny,0.05
131,2,Verstappen (Red Bull),42.08112,83.92052,Sunny,0.05
131,3,Verstappen (Red Bull),42.79996,126.72048,Sunny,0.05
131,4,Verstappen (Red Bull),42.30591,169.02639,Sunny,0.05
131,5,Verstappen (Red Bull),42.01708,211.04346,Sunny,0.05
131,6,Verstappen (Red Bull),42.3021,253.34556,Sunny,0.05
131,7,Verstappen (Red Bull),42.81587,296.16143,Sunny,0.05
131,8,Verstappen (Red Bull),42.21265,338.37408,Sunny,0.05
131,9,Verstappen (Red Bull),42.51301,380.88709,Sunny,0.05
131,10,Verstappen (Red Bull),40.61302,421.5001,Sunny,0.05
131,1,Norris (McLaren),43.08248,43.08248,Sunny,0.05
131,2,Norris (McLaren),42.6838,85.76629,Sunny,0.05
131,3,Norris (McLaren),42.82068,128.58697,Sunny,0.05
131,4,Norris (McLaren),42.35658,170.94355,Sunny,0.05
131,5,Norris (McLaren),42.60394,213.54749,Sunny,0.05
131,6,Norris (McLaren),42.9965,256.54399,Sunny,0.05
131,7,Norris (McLaren),42.32145,298.86544,Sunny,0.05
131,8,Norris (McLaren),42.61172,341.47717,Sunny,0.05
131,9,Norris (McLaren),43.41899,384.89616,Sunny,0.05
131,10,Norris (McLaren),41.9343,426.83045,Sunny,0.05
132,1,Hamilton (Mercedes),42.76701,42.76701,Sunny,0.05
132,2,Hamilton (Mercedes),42.45226,85.21927,Sunny,0.05
132,3,Hamilton (Mercedes),42.31555,127.53483,Sunny,0.05
132,4,Hamilton (Mercedes),43.46465,170.99948,Sunny,0.05
132,5,Hamilton (Mercedes),42.58123,213.58071,Sunny,0.05
132,6,Hamilton (Mercedes),42.68955,256.27026,Sunny,0.05
132,7,Hamilton (Mercedes),42.29997,298.57023,Sunny,0.05
132,8,Hamilton (Mercedes),42.59271,341.16294,Sunny,0.05
132,9,Hamilton (Mercedes),42.45255,383.6155,Sunny,0.05
132,10,Hamilton (Mercedes),42.30901,425.92451,Sunny,0.05
132,1,Verstappen (Red Bull),41.58796,41.58796,Sunny,0.05
132,2,Verstappen (Red Bull),41.96567,83.55363,Sunny,0.05
132,3,Verstappen (Red Bull),42.34096,125.89459,Sunny,0.05
132,4,Verstappen (Red Bull),42.26508,168.15967,Sunny,0.05
132,5,Verstappen (Red Bull),41.52292,209.68259,Sunny,0.05
132,6,Verstappen (Red Bull),41.02497,250.70756,Sunny,0.05
132,7,Verstappen (Red Bull),42.03512,292.74268,Sunny,0.05
132,8,Verstappen (Red Bull),42.64304,335.38571,Sunny,0.05
132,9,Verstappen (Red Bull),42.57618,377.96189,Sunny,0.05
132,10,Verstappen (Red Bull),42.37581,420.3377,Sunny,0.05
132,1,Norris (McLaren),43.03132,43.03132,Sunny,0.05
132,2,Norris (McLaren),42.80002,85.83134,Sunny,0.05
132,3,Norris (McLaren),43.3757,129.20704,Sunny,0.05
132,4,Norris (McLaren),42.84845,172.0555,Sunny,0.05
132,5,Norris (McLaren),42.3564,214.41189,Sunny,0.05
132,6,Norris (McLaren),43.24055,257.65245,Sunny,0.05
132,7,Norris (McLaren),42.60539,300.25784,Sunny,0.05
132,8,Norris (McLaren),43.28156,343.5394,Sunny,0.05
132,9,Norris (McLaren),40.96381,384.50321,Sunny,0.05
132,10,Norris (McLaren),41.7425,426.24572,Sunny,0.05
133,1,Hamilton (Mercedes),41.8064,41.8064,Sunny,0.05
133,2,Hamilton (Mercedes),42.27738,84.08378,Sunny,0.05
133,3,Hamilton (Mercedes),41.89099,125.97477,Sunny,0.05
133,4,Hamilton (Mercedes),41.78012,167.7549,Sunny,0.05
133,5,Hamilton (Mercedes),43.68468,211.43957,Sunny,0.05
133,6,Hamilton (Mercedes),42.44509,253.88467,Sunny,0.05
133,7,Hamilton (Mercedes),42.91002,296.79469,Sunny,0.05
133,8,Hamilton (Mercedes),42.38285,339.17754,Sunny,0.05
133,9,Hamilton (Mercedes),42.66936,381.8469,Sunny,0.05
133,10,Hamilton (Mercedes),43.18683,425.03373,Sunny,0.05
133,1,Verstappen (Red Bull),41.95651,41.95651,Sunny,0.05
133,2,Verstappen (Red Bull),41.84738,83.80389,Sunny,0.05
133,3,Verstappen (Red Bull),41.30822,125.11212,Sunny,0.05
133,4,Verstappen (Red Bull),42.51048,167.62259,Sunny,0.05
133,5,Verstappen (Red Bull),41.7899,209.41249,Sunny,0.05
133,6,Verstappen (Red Bull),41.98882,251.40132,Sunny,0.05
133,7,Verstappen (Red Bull),41.62524,293.02656,Sunny,0.05
133,8,Verstappen (Red Bull),42.2765,335.30306,Sunny,0.05
133,9,Verstappen (Red Bull),42.33938,377.64244,Sunny,0.05
133,10,Verstappen (Red Bull),43.14156,420.784,Sunny,0.05
133,1,Norris (McLaren),43.20906,43.20906,Sunny,0.05
133,2,Norris (McLaren),42.87485,86.08391,Sunny,0.05
133,3,Norris (McLaren),42.96581,129.04972,Sunny,0.05
133,4,Norris (McLaren),42.70049,171.75022,Sunny,0.05
133,5,Norris (McLaren),43.71707,215.46728,Sunny,0.05
133,6,Norris (McLaren),42.70026,258.16755,Sunny,0.05
133,7,Norris (McLaren),42.7341,300.90164,Sunny,0.05
133,8,Norris (McLaren),43.5639,344.46554,Sunny,0.05
133,9,Norris (McLaren),42.16622,386.63176,Sunny,0.05
133,10,Norris (McLaren),43.03912,429.67088,Sunny,0.05
134,1,Hamilton (Mercedes),42.23873,42.23873,Sunny,0.05
134,2,Hamilton (Mercedes),41.79364,84.03236,Sunny,0.05
134,3,Hamilton (Mercedes),42.69482,126.72718,Sunny,0.05
134,4,Hamilton (Mercedes),43.14202,169.8692,Sunny,0.05
134,5,Hamilton (Mercedes),43.15084,213.02004,Sunny,0.05
134,6,Hamilton (Mercedes),42.37465,255.39469,Sunny,0.05
134,7,Hamilton (Mercedes),42.48944,297.88413,Sunny,0.05
134,8,Hamilton (Mercedes),42.66601,340.55014,Sunny,0.05
134,9,Hamilton (Mercedes),42.4363,382.98644,Sunny,0.05
134,10,Hamilton (Mercedes),42.81524,425.80168,Sunny,0.05
134,1,Verstappen (Red Bull),42.94281,42.94281,Sunny,0.05
134,2,Verstappen (Red Bull),42.45273,85.39554,Sunny,0.05
134,3,Verstappen (Red Bull),41.74624,127.14178,Sunny,0.05
134,4,Verstappen (Red Bull),42.63716,169.77893,Sunny,0.05
134,5,Verstappen (Red Bull),41.90545,211.68438,Sunny,0.05
134,6,Verstappen (Red Bull),40.94245,252.62683,Sunny,0.05
134,7,Verstappen (Red Bull),42.17441,294.80124,Sunny,0.05
134,8,Verstappen (Red Bull),41.81337,336.6146,Sunny,0.05
134,9,Verstappen (Red Bull),41.96582,378.58043,Sunny,0.05
134,10,Verstappen (Red Bull),42.72239,421.30282,Sunny,0.05
134,1,Norris (McLaren),42.61253,42.61253,Sunny,0.05
134,2,Norris (McLaren),43.27056,85.88309,Sunny,0.05
134,3,Norris (McLaren),42.98672,128.86981,Sunny,0.05
134,4,Norris (McLaren),41.6033,170.47311,Sunny,0.05
134,5,Norris (McLaren),42.34741,212.82052,Sunny,0.05
134,6,Norris (McLaren),42.73988,255.5604,Sunny,0.05
134,7,Norris (McLaren),41.25705,296.81745,Sunny,0.05
134,8,Norris (McLaren),40.96293,337.78038,Sunny,0.05
134,9,Norris (McLaren),42.51259,380.29297,Sunny,0.05
134,10,Norris (McLaren),42.74226,423.03523,Sunny,0.05
135,1,Hamilton (Mercedes),42.84197,42.84197,Sunny,0.05
135,2,Hamilton (Mercedes),42.55997,85.40194,Sunny,0.05
135,3,Hamilton (Mercedes),42.64127,128.04321,Sunny,0.05
135,4,Hamilton (Mercedes),43.018,171.06121,Sunny,0.05
135,5,Hamilton (Mercedes),42.7427,213.8039,Sunny,0.05
135,6,Hamilton (Mercedes),41.84105,255.64495,Sunny,0.05
135,7,Hamilton (Mercedes),42.21433,297.85928,Sunny,0.05
135,8,Hamilton (Mercedes),42.37487,340.23415,Sunny,0.05
135,9,Hamilton (Mercedes),41.96104,382.19519,Sunny,0.05
135,10,Hamilton (Mercedes),42.38935,424.58454,Sunny,0.05
135,1,Verstappen (Red Bull),42.25222,42.25222,Sunny,0.05
135,2,Verstappen (Red Bull),42.24893,84.50115,Sunny,0.05
135,3,Verstappen (Red Bull),42.51604,127.01719,Sunny,0.05
135,4,Verstappen (Red Bull),41.72911,168.7463,Sunny,0.05
135,5,Verstappen (Red Bull),41.7189,210.4652,Sunny,0.05
135,6,Verstappen (Red Bull),41.25977,251.72497,Sunny,0.05
135,7,Verstappen (Red Bull),42.89699,294.62196,Sunny,0.05
135,8,Verstappen (Red Bull),42.1022,336.72416,Sunny,0.05
135,9,Verstappen (Red Bull),42.39686,379.12102,Sunny,0.05
135,10,Verstappen (Red Bull),41.80328,420.9243,Sunny,0.05
135,1,Norris (McLaren),42.77088,42.77088,Sunny,0.05
135,2,Norris (McLaren),42.67719,85.44807,Sunny,0.05
135,3,Norris (McLaren),43.79834,129.24641,Sunny,0.05
135,4,Norris (McLaren),43.12339,172.3698,Sunny,0.05
135,5,Norris (McLaren),42.74627,215.11607,Sunny,0.05
135,6,Norris (McLaren),43.79292,258.90899,Sunny,0.05
135,7,Norris (McLaren),42.53163,301.44062,Sunny,0.05
135,8,Norris (McLaren),42.08107,343.52169,Sunny,0.05
135,9,Norris (McLaren),42.66629,386.18798,Sunny,0.05
135,10,Norris (McLaren),42.51861,428.70659,Sunny,0.05
136,1,Hamilton (Mercedes),42.00753,42.00753,Sunny,0.05
136,2,Hamilton (Mercedes),42.56021,84.56774,Sunny,0.05
136,3,Hamilton (Mercedes),41.76032,126.32806,Sunny,0.05
136,4,Hamilton (Mercedes),40.72651,167.05457,Sunny,0.05
136,5,Hamilton (Mercedes),42.76914,209.8237,Sunny,0.05
136,6,Hamilton (Mercedes),41.86416,251.68787,Sunny,0.05
136,7,Hamilton (Mercedes),42.52398,294.21184,Sunny,0.05
136,8,Hamilton (Mercedes),42.13176,336.3436,Sunny,0.05
136,9,Hamilton (Mercedes),42.07934,378.42294,Sunny,0.05
136,10,Hamilton (Mercedes),43.02323,421.44617,Sunny,0.05
136,1,Verstappen (Red Bull),42.86318,42.86318,Sunny,0.05
136,2,Verstappen (Red Bull),42.88658,85.74976,Sunny,0.05
136,3,Verstappen (Red Bull),43.82596,129.57573,Sunny,0.05
136,4,Verstappen (Red Bull),41.72255,171.29828,Sunny,0.05
136,5,Verstappen (Red Bull),40.92578,212.22405,Sunny,0.05
136,6,Verstappen (Red Bull),41.60115,253.8252,Sunny,0.05
136,7,Verstappen (Red Bull),40.9217,294.74691,Sunny,0.05
136,8,Verstappen (Red Bull),41.75483,336.50173,Sunny,0.05
136,9,Verstappen (Red Bull),40.70193,377.20367,Sunny,0.05
136,10,Verstappen (Red Bull),41.83466,419.03833,Sunny,0.05
136,1,Norris (McLaren),42.16864,42.16864,Sunny,0.05
136,2,Norris (McLaren),42.34452,84.51315,Sunny,0.05
136,3,Norris (McLaren),40.82255,125.33571,Sunny,0.05
136,4,Norris (McLaren),43.60785,168.94356,Sunny,0.05
136,5,Norris (McLaren),42.25832,211.20188,Sunny,0.05
136,6,Norris (McLaren),41.53192,252.73379,Sunny,0.05
136,7,Norris (McLaren),43.28773,296.02152,Sunny,0.05
136,8,Norris (McLaren),41.98838,338.0099,Sunny,0.05
136,9,Norris (McLaren),42.76421,380.77411,Sunny,0.05
136,10,Norris (McLaren),42.99746,423.77158,Sunny,0.05
137,1,Hamilton (Mercedes),42.70008,42.70008,Sunny,0.05
137,2,Hamilton (Mercedes),42.43248,85.13256,Sunny,0.05
137,3,Hamilton (Mercedes),42.96387,128.09643,Sunny,0.05
137,4,Hamilton (Mercedes),41.97927,170.0757,Sunny,0.05
137,5,Hamilton (Mercedes),42.39318,212.46888,Sunny,0.05
137,6,Hamilton (Mercedes),43.03761,255.50649,Sunny,0.05
137,7,Hamilton (Mercedes),42.30446,297.81096,Sunny,0.05
137,8,Hamilton (Mercedes),42.60641,340.41737,Sunny,0.05
137,9,Hamilton (Mercedes),41.91677,382.33414,Sunny,0.05
137,10,Hamilton (Mercedes),43.04866,425.3828,Sunny,0.05
137,1,Verstappen (Red Bull),42.04875,42.04875,Sunny,0.05
137,2,Verstappen (Red Bull),42.23433,84.28308,Sunny,0.05
137,3,Verstappen (Red Bull),41.73508,126.01816,Sunny,0.05
137,4,Verstappen (Red Bull),42.90219,168.92035,Sunny,0.05
137,5,Verstappen (Red Bull),42.73723,211.65758,Sunny,0.05
137,6,Verstappen (Red Bull),42.80983,254.46741,Sunny,0.05
137,7,Verstappen (Red Bull),40.35287,294.82028,Sunny,0.05
137,8,Verstappen (Red Bull),42.9128,337.73308,Sunny,0.05
137,9,Verstappen (Red Bull),42.26139,379.99447,Sunny,0.05
137,10,Verstappen (Red Bull),42.89394,422.88841,Sunny,0.05
137,1,Norris (McLaren),43.34752,43.34752,Sunny,0.05
137,2,Norris (McLaren),43.94531,87.29284,Sunny,0.05
137,3,Norris (McLaren),42.26017,129.55301,Sunny,0.05
137,4,Norris (McLaren),41.85604,171.40905,Sunny,0.05
137,5,Norris (McLaren),43.08542,214.49447,Sunny,0.05
137,6,Norris (McLaren),42.4032,256.89768,Sunny,0.05
137,7,Norris (McLaren),43.01195,299.90962,Sunny,0.05
137,8,Norris (McLaren),44.23729,344.14691,Sunny,0.05
137,9,Norris (McLaren),43.38759,387.5345,Sunny,0.05
137,10,Norris (McLaren),42.12343,429.65793,Sunny,0.05
138,1,Hamilton (Mercedes),43.11473,43.11473,Sunny,0.05
138,2,Hamilton (Mercedes),42.59029,85.70502,Sunny,0.05
138,3,Hamilton (Mercedes),41.23322,126.93824,Sunny,0.05
138,4,Hamilton (Mercedes),42.18839,169.12663,Sunny,0.05
138,5,Hamilton (Mercedes),42.34488,211.4715,Sunny,0.05
138,6,Hamilton (Mercedes),42.6077,254.07921,Sunny,0.05
138,7,Hamilton (Mercedes),41.94951,296.02872,Sunny,0.05
138,8,Hamilton (Mercedes),42.77444,338.80315,Sunny,0.05
138,9,Hamilton (Mercedes),41.95741,380.76057,Sunny,0.05
138,10,Hamilton (Mercedes),42.71387,423.47444,Sunny,0.05
138,1,Verstappen (Red Bull),42.69887,42.69887,Sunny,0.05
138,2,Verstappen (Red Bull),43.37917,86.07803,Sunny,0.05
138,3,Verstappen (Red Bull),41.5853,127.66333,Sunny,0.05
138,4,Verstappen (Red Bull),41.75562,169.41895,Sunny,0.05
138,5,Verstappen (Red Bull),42.36361,211.78256,Sunny,0.05
138,6,Verstappen (Red Bull),41.76466,253.54722,Sunny,0.05
138,7,Verstappen (Red Bull),42.33528,295.8825,Sunny,0.05
138,8,Verstappen (Red Bull),41.27082,337.15332,Sunny,0.05
138,9,Verstappen (Red Bull),41.91061,379.06392,Sunny,0.05
138,10,Verstappen (Red Bull),43.17217,422.23609,Sunny,0.05
138,1,Norris (McLaren),41.9008,41.9008,Sunny,0.05
138,2,Norris (McLaren),41.86564,83.76644,Sunny,0.05
138,3,Norris (McLaren),43.82306,127.5895,Sunny,0.05
138,4,Norris (McLaren),43.07089,170.66039,Sunny,0.05
138,5,Norris (McLaren),43.24298,213.90338,Sunny,0.05
138,6,Norris (McLaren),41.78281,255.68618,Sunny,0.05
138,7,Norris (McLaren),43.22301,298.90919,Sunny,0.05
138,8,Norris (McLaren),43.16907,342.07826,Sunny,0.05
138,9,Norris (McLaren),43.16129,385.23956,Sunny,0.05
138,10,Norris (McLaren),41.7182,426.95776,Sunny,0.05
139,1,Hamilton (Mercedes),41.48736,41.48736,Sunny,0.05
139,2,Hamilton (Mercedes),42.91492,84.40228,Sunny,0.05
139,3,Hamilton (Mercedes),42.04464,126.44693,Sunny,0.05
139,4,Hamilton (Mercedes),43.18423,169.63116,Sunny,0.05
139,5,Hamilton (Mercedes),42.33439,211.96555,Sunny,0.05
139,6,Hamilton (Mercedes),41.90985,253.8754,Sunny,0.05
139,7,Hamilton (Mercedes),42.13617,296.01157,Sunny,0.05
139,8,Hamilton (Mercedes),41.07117,337.08273,Sunny,0.05
139,9,Hamilton (Mercedes),42.24465,379.32738,Sunny,0.05
139,10,Hamilton (Mercedes),42.38759,421.71497,Sunny,0.05
139,1,Verstappen (Red Bull),42.84117,42.84117,Sunny,0.05
139,2,Verstappen (Red Bull),41.74838,84.58955,Sunny,0.05
139,3,Verstappen (Red Bull),41.23919,125.82874,Sunny,0.05
139,4,Verstappen (Red Bull),42.52713,168.35588,Sunny,0.05
139,5,Verstappen (Red Bull),43.04277,211.39865,Sunny,0.05
139,6,Verstappen (Red Bull),42.05598,253.45462,Sunny,0.05
139,7,Verstappen (Red Bull),41.94653,295.40115,Sunny,0.05
139,8,Verstappen (Red Bull),41.71067,337.11182,Sunny,0.05
139,9,Verstappen (Red Bull),42.56065,379.67247,Sunny,0.05
139,10,Verstappen (Red Bull),42.57423,422.24669,Sunny,0.05
139,1,Norris (McLaren),43.42498,43.42498,Sunny,0.05
139,2,Norris (McLaren),41.80805,85.23303,Sunny,0.05
139,3,Norris (McLaren),41.40867,126.6417,Sunny,0.05
139,4,Norris (McLaren),41.18226,167.82396,Sunny,0.05
139,5,Norris (McLaren),42.73729,210.56125,Sunny,0.05
139,6,Norris (McLaren),43.5813,254.14255,Sunny,0.05
139,7,Norris (McLaren),44.9288,299.07136,Sunny,0.05
139,8,Norris (McLaren),44.22499,343.29635,Sunny,0.05
139,9,Norris (McLaren),43.04086,386.33721,Sunny,0.05
139,10,Norris (McLaren),41.88229,428.2195,Sunny,0.05
140,1,Hamilton (Mercedes),42.89605,42.89605,Sunny,0.05
140,2,Hamilton (Mercedes),42.47953,85.37558,Sunny,0.05
140,3,Hamilton (Mercedes),43.04707,128.42264,Sunny,0.05
140,4,Hamilton (Mercedes),42.47437,170.89702,Sunny,0.05
140,5,Hamilton (Mercedes),42.75112,213.64814,Sunny,0.05
140,6,Hamilton (Mercedes),42.59512,256.24325,Sunny,0.05
140,7,Hamilton (Mercedes),42.98679,299.23004,Sunny,0.05
140,8,Hamilton (Mercedes),42.45445,341.68449,Sunny,0.05
140,9,Hamilton (Mercedes),42.59595,384.28044,Sunny,0.05
140,10,Hamilton (Mercedes),42.26224,426.54268,Sunny,0.05
140,1,Verstappen (Red Bull),41.5786,41.5786,Sunny,0.05
140,2,Verstappen (Red Bull),42.42757,84.00617,Sunny,0.05
140,3,Verstappen (Red Bull),42.39843,126.40459,Sunny,0.05
140,4,Verstappen (Red Bull),42.15116,168.55575,Sunny,0.05
140,5,Verstappen (Red Bull),41.92966,210.48541,Sunny,0.05
140,6,Verstappen (Red Bull),41.88968,252.3751,Sunny,0.05
140,7,Verstappen (Red Bull),41.69772,294.07282,Sunny,0.05
140,8,Verstappen (Red Bull),41.83511,335.90793,Sunny,0.05
140,9,Verstappen (Red Bull),42.70388,378.61182,Sunny,0.05
140,10,Verstappen (Red Bull),42.49009,421.1019,Sunny,0.05
140,1,Norris (McLaren),43.11646,43.11646,Sunny,0.05
140,2,Norris (McLaren),42.80372,85.92018,Sunny,0.05
140,3,Norris (McLaren),43.01589,128.93607,Sunny,0.05
140,4,Norris (McLaren),43.06513,172.0012,Sunny,0.05
140,5,Norris (McLaren),43.03281,215.03401,Sunny,0.05
140,6,Norris (McLaren),44.81121,259.84522,Sunny,0.05
140,7,Norris (McLaren),43.04991,302.89513,Sunny,0.05
140,8,Norris (McLaren),42.0092,344.90433,Sunny,0.05
140,9,Norris (McLaren),43.39173,388.29606,Sunny,0.05
140,10,Norris (McLaren),43.13646,431.43252,Sunny,0.05
141,1,Hamilton (Mercedes),43.20482,43.20482,Sunny,0.05
141,2,Hamilton (Mercedes),43.31863,86.52344,Sunny,0.05
141,3,Hamilton (Mercedes),42.25712,128.78056,Sunny,0.05
141,4,Hamilton (Mercedes),42.83717,171.61773,Sunny,0.05
141,5,Hamilton (Mercedes),43.33192,214.94965,Sunny,0.05
141,6,Hamilton (Mercedes),42.55368,257.50333,Sunny,0.05
141,7,Hamilton (Mercedes),41.89831,299.40163,Sunny,0.05
141,8,Hamilton (Mercedes),42.81774,342.21937,Sunny,0.05
141,9,Hamilton (Mercedes),43.66396,385.88333,Sunny,0.05
141,10,Hamilton (Mercedes),42.77554,428.65887,Sunny,0.05
141,1,Verstappen (Red Bull),41.80926,41.80926,Sunny,0.05
141,2,Verstappen (Red Bull),41.98077,83.79003,Sunny,0.05
141,3,Verstappen (Red Bull),41.7687,125.55872,Sunny,0.05
141,4,Verstappen (Red Bull),41.04546,166.60419,Sunny,0.05
141,5,Verstappen (Red Bull),40.91231,207.51649,Sunny,0.05
141,6,Verstappen (Red Bull),41.64671,249.1632,Sunny,0.05
141,7,Verstappen (Red Bull),42.67587,291.83908,Sunny,0.05
141,8,Verstappen (Red Bull),42.15874,333.99782,Sunny,0.05
141,9,Verstappen (Red Bull),43.0509,377.04872,Sunny,0.05
141,10,Verstappen (Red Bull),41.48696,418.53568,Sunny,0.05
141,1,Norris (McLaren),42.42157,42.42157,Sunny,0.05
141,2,Norris (McLaren),41.22612,83.64769,Sunny,0.05
141,3,Norris (McLaren),41.97435,125.62204,Sunny,0.05
141,4,Norris (McLaren),43.3879,169.00994,Sunny,0.05
141,5,Norris (McLaren),40.83379,209.84373,Sunny,0.05
141,6,Norris (McLaren),41.7848,251.62852,Sunny,0.05
141,7,Norris (McLaren),43.32349,294.95202,Sunny,0.05
141,8,Norris (McLaren),41.99063,336.94265,Sunny,0.05
141,9,Norris (McLaren),43.54391,380.48656,Sunny,0.05
141,10,Norris (McLaren),42.72315,423.2097,Sunny,0.05
142,1,Hamilton (Mercedes),42.44152,42.44152,Sunny,0.05
142,2,Hamilton (Mercedes),42.91046,85.35197,Sunny,0.05
142,3,Hamilton (Mercedes),42.30949,127.66146,Sunny,0.05
142,4,Hamilton (Mercedes),42.29003,169.95148,Sunny,0.05
142,5,Hamilton (Mercedes),43.1371,213.08859,Sunny,0.05
142,6,Hamilton (Mercedes),42.87453,255.96311,Sunny,0.05
142,7,Hamilton (Mercedes),43.59237,299.55548,Sunny,0.05
142,8,Hamilton (Mercedes),43.66518,343.22066,Sunny,0.05
142,9,Hamilton (Mercedes),43.68412,386.90478,Sunny,0.05
142,10,Hamilton (Mercedes),42.29752,429.2023,Sunny,0.05
142,1,Verstappen (Red Bull),42.97009,42.97009,Sunny,0.05
142,2,Verstappen (Red Bull),41.46136,84.43145,Sunny,0.05
142,3,Verstappen (Red Bull),42.457,126.88844,Sunny,0.05
142,4,Verstappen (Red Bull),42.69732,169.58577,Sunny,0.05
142,5,Verstappen (Red Bull),42.22844,211.81421,Sunny,0.05
142,6,Verstappen (Red Bull),41.65982,253.47402,Sunny,0.05
142,7,Verstappen (Red Bull),42.25871,295.73273,Sunny,0.05
142,8,Verstappen (Red Bull),41.86656,337.59929,Sunny,0.05
142,9,Verstappen (Red Bull),42.08679,379.68608,Sunny,0.05
142,10,Verstappen (Red Bull),41.82108,421.50716,Sunny,0.05
142,1,Norris (McLaren),43.34443,43.34443,Sunny,0.05
142,2,Norris (McLaren),43.36203,86.70645,Sunny,0.05
142,3,Norris (McLaren),42.81107,129.51753,Sunny,0.05
142,4,Norris (McLaren),42.64743,172.16496,Sunny,0.05
142,5,Norris (McLaren),41.89214,214.0571,Sunny,0.05
142,6,Norris (McLaren),43.56982,257.62691,Sunny,0.05
142,7,Norris (McLaren),42.57973,300.20664,Sunny,0.05
142,8,Norris (McLaren),42.96467,343.17131,Sunny,0.05
142,9,Norris (McLaren),42.6129,385.78421,Sunny,0.05
142,10,Norris (McLaren),43.59645,429.38066,Sunny,0.05
143,1,Hamilton (Mercedes),42.17136,42.17136,Sunny,0.05
143,2,Hamilton (Mercedes),43.25698,85.42835,Sunny,0.05
143,3,Hamilton (Mercedes),42.38587,127.81421,Sunny,0.05
143,4,Hamilton (Mercedes),41.67311,169.48733,Sunny,0.05
143,5,Hamilton (Mercedes),42.87376,212.36108,Sunny,0.05
143,6,Hamilton (Mercedes),42.82906,255.19014,Sunny,0.05
143,7,Hamilton (Mercedes),41.84571,297.03585,Sunny,0.05
143,8,Hamilton (Mercedes),42.6163,339.65215,Sunny,0.05
143,9,Hamilton (Mercedes),42.57448,382.22662,Sunny,0.05
143,10,Hamilton (Mercedes),41.14975,423.37637,Sunny,0.05
143,1,Verstappen (Red Bull),42.41543,42.41543,Sunny,0.05
143,2,Verstappen (Red Bull),42.53917,84.9546,Sunny,0.05
143,3,Verstappen (Red Bull),42.21138,127.16598,Sunny,0.05
143,4,Verstappen (Red Bull),42.90471,170.07069,Sunny,0.05
143,5,Verstappen (Red Bull),42.10163,212.17232,Sunny,0.05
143,6,Verstappen (Red Bull),42.53746,254.70978,Sunny,0.05
143,7,Verstappen (Red Bull),41.2326,295.94238,Sunny,0.05
143,8,Verstappen (Red Bull),42.54529,338.48767,Sunny,0.05
143,9,Verstappen (Red Bull),42.2399,380.72757,Sunny,0.05
143,10,Verstappen (Red Bull),41.47616,422.20373,Sunny,0.05
143,1,Norris (McLaren),43.16081,43.16081,Sunny,0.05
143,2,Norris (McLaren),41.57875,84.73956,Sunny,0.05
143,3,Norris (McLaren),42.32733,127.06689,Sunny,0.05
143,4,Norris (McLaren),42.28179,169.34868,Sunny,0.05
143,5,Norris (McLaren),43.03675,212.38543,Sunny,0.05
143,6,Norris (McLaren),43.52515,255.91058,Sunny,0.05
143,7,Norris (McLaren),43.85177,299.76235,Sunny,0.05
143,8,Norris (McLaren),43.05122,342.81357,Sunny,0.05
143,9,Norris (McLaren),42.57692,385.39048,Sunny,0.05
143,10,Norris (McLaren),42.03086,427.42135,Sunny,0.05
144,1,Hamilton (Mercedes),43.68609,43.68609,Sunny,0.05
144,2,Hamilton (Mercedes),42.7008,86.38689,Sunny,0.05
144,3,Hamilton (Mercedes),42.80448,129.19137,Sunny,0.05
144,4,Hamilton (Mercedes),42.57213,171.7635,Sunny,0.05
144,5,Hamilton (Mercedes),42.66096,214.42446,Sunny,0.05
144,6,Hamilton (Mercedes),42.13094,256.5554,Sunny,0.05
144,7,Hamilton (Mercedes),42.3791,298.9345,Sunny,0.05
144,8,Hamilton (Mercedes),43.0273,341.9618,Sunny,0.05
144,9,Hamilton (Mercedes),42.34541,384.30721,Sunny,0.05
144,10,Hamilton (Mercedes),42.01853,426.32574,Sunny,0.05
144,1,Verstappen (Red Bull),41.76538,41.76538,Sunny,0.05
144,2,Verstappen (Red Bull),42.03041,83.7958,Sunny,0.05
144,3,Verstappen (Red Bull),41.79066,125.58645,Sunny,0.05
144,4,Verstappen (Red Bull),42.42515,168.0116,Sunny,0.05
144,5,Verstappen (Red Bull),42.3732,210.3848,Sunny,0.05
144,6,Verstappen (Red Bull),43.06777,253.45258,Sunny,0.05
144,7,Verstappen (Red Bull),42.2215,295.67408,Sunny,0.05
144,8,Verstappen (Red Bull),42.2466,337.92067,Sunny,0.05
144,9,Verstappen (Red Bull),42.07522,379.99589,Sunny,0.05
144,10,Verstappen (Red Bull),41.63412,421.63001,Sunny,0.05
144,1,Norris (McLaren),43.79698,43.79698,Sunny,0.05
144,2,Norris (McLaren),42.49315,86.29014,Sunny,0.05
144,3,Norris (McLaren),43.24949,129.53963,Sunny,0.05
144,4,Norris (McLaren),42.71062,172.25025,Sunny,0.05
144,5,Norris (McLaren),43.30544,215.5557,Sunny,0.05
144,6,Norris (McLaren),43.0387,258.59439,Sunny,0.05
144,7,Norris (McLaren),42.18057,300.77497,Sunny,0.05
144,8,Norris (McLaren),43.47549,344.25045,Sunny,0.05
144,9,Norris (McLaren),42.63257,386.88302,Sunny,0.05
144,10,Norris (McLaren),43.65679,430.53981,Sunny,0.05
145,1,Hamilton (Mercedes),41.80834,41.80834,Sunny,0.05
145,2,Hamilton (Mercedes),42.49107,84.29941,Sunny,0.05
145,3,Hamilton (Mercedes),41.96516,126.26456,Sunny,0.05
145,4,Hamilton (Mercedes),42.76956,169.03412,Sunny,0.05
145,5,Hamilton (Mercedes),41.98084,211.01497,Sunny,0.05
145,6,Hamilton (Mercedes),41.93611,252.95108,Sunny,0.05
145,7,Hamilton (Mercedes),41.68372,294.6348,Sunny,0.05
145,8,Hamilton (Mercedes),42.71158,337.34638,Sunny,0.05
145,9,Hamilton (Mercedes),43.40384,380.75022,Sunny,0.05
145,10,Hamilton (Mercedes),42.6557,423.40591,Sunny,0.05
145,1,Verstappen (Red Bull),41.52665,41.52665,Sunny,0.05
145,2,Verstappen (Red Bull),41.55816,83.08481,Sunny,0.05
145,3,Verstappen (Red Bull),42.27864,125.36345,Sunny,0.05
145,4,Verstappen (Red Bull),43.06725,168.4307,Sunny,0.05
145,5,Verstappen (Red Bull),43.40549,211.8362,Sunny,0.05
145,6,Verstappen (Red Bull),42.20746,254.04366,Sunny,0.05
145,7,Verstappen (Red Bull),41.04309,295.08674,Sunny,0.05
145,8,Verstappen (Red Bull),41.18452,336.27126,Sunny,0.05
145,9,Verstappen (Red Bull),42.62068,378.89194,Sunny,0.05
145,10,Verstappen (Red Bull),43.36059,422.25254,Sunny,0.05
145,1,Norris (McLaren),43.22503,43.22503,Sunny,0.05
145,2,Norris (McLaren),43.59825,86.82329,Sunny,0.05
145,3,Norris (McLaren),43.35642,130.1797,Sunny,0.05
145,4,Norris (McLaren),42.90362,173.08332,Sunny,0.05
145,5,Norris (McLaren),41.89139,214.97471,Sunny,0.05
145,6,Norris (McLaren),43.33088,258.30558,Sunny,0.05
145,7,Norris (McLaren),42.68974,300.99532,Sunny,0.05
145,8,Norris (McLaren),43.52101,344.51633,Sunny,0.05
145,9,Norris (McLaren),43.02605,387.54239,Sunny,0.05
145,10,Norris (McLaren),42.16924,429.71163,Sunny,0.05
146,1,Hamilton (Mercedes),42.23511,42.23511,Sunny,0.05
146,2,Hamilton (Mercedes),40.95675,83.19186,Sunny,0.05
146,3,Hamilton (Mercedes),43.01999,126.21185,Sunny,0.05
146,4,Hamilton (Mercedes),42.88423,169.09609,Sunny,0.05
146,5,Hamilton (Mercedes),43.43423,212.53032,Sunny,0.05
146,6,Hamilton (Mercedes),41.68599,254.21631,Sunny,0.05
146,7,Hamilton (Mercedes),43.08241,297.29872,Sunny,0.05
146,8,Hamilton (Mercedes),41.99314,339.29186,Sunny,0.05
146,9,Hamilton (Mercedes),42.81964,382.11149,Sunny,0.05
146,10,Hamilton (Mercedes),42.58501,424.6965,Sunny,0.05
146,1,Verstappen (Red Bull),42.10456,42.10456,Sunny,0.05
146,2,Verstappen (Red Bull),43.80592,85.91048,Sunny,0.05
146,3,Verstappen (Red Bull),41.48804,127.39852,Sunny,0.05
146,4,Verstappen (Red Bull),42.72835,170.12687,Sunny,0.05
146,5,Verstappen (Red Bull),42.09057,212.21744,Sunny,0.05
146,6,Verstappen (Red Bull),42.03034,254.24777,Sunny,0.05
146,7,Verstappen (Red Bull),42.01108,296.25885,Sunny,0.05
146,8,Verstappen (Red Bull),41.70317,337.96202,Sunny,0.05
146,9,Verstappen (Red Bull),42.13164,380.09366,Sunny,0.05
146,10,Verstappen (Red Bull),42.25822,422.35189,Sunny,0.05
146,1,Norris (McLaren),43.18921,43.18921,Sunny,0.05
146,2,Norris (McLaren),41.77645,84.96566,Sunny,0.05
146,3,Norris (McLaren),42.04662,127.01228,Sunny,0.05
146,4,Norris (McLaren),42.91877,169.93105,Sunny,0.05
146,5,Norris (McLaren),42.87352,212.80458,Sunny,0.05
146,6,Norris (McLaren),42.27888,255.08346,Sunny,0.05
146,7,Norris (McLaren),42.49728,297.58074,Sunny,0.05
146,8,Norris (McLaren),43.48336,341.06409,Sunny,0.05
146,9,Norris (McLaren),43.12905,384.19315,Sunny,0.05
146,10,Norris (McLaren),43.2254,427.41855,Sunny,0.05
147,1,Hamilton (Mercedes),42.79362,42.79362,Sunny,0.05
147,2,Hamilton (Mercedes),43.04953,85.84315,Sunny,0.05
147,3,Hamilton (Mercedes),43.48389,129.32703,Sunny,0.05
147,4,Hamilton (Mercedes),42.55106,171.87809,Sunny,0.05
147,5,Hamilton (Mercedes),42.79232,214.67041,Sunny,0.05
147,6,Hamilton (Mercedes),43.12686,257.79726,Sunny,0.05
147,7,Hamilton (Mercedes),42.54733,300.3446,Sunny,0.05
147,8,Hamilton (Mercedes),42.88564,343.23023,Sunny,0.05
147,9,Hamilton (Mercedes),42.16428,385.39452,Sunny,0.05
147,10,Hamilton (Mercedes),42.56227,427.95679,Sunny,0.05
147,1,Verstappen (Red Bull),42.56429,42.56429,Sunny,0.05
147,2,Verstappen (Red Bull),40.89013,83.45442,Sunny,0.05
147,3,Verstappen (Red Bull),42.92495,126.37938,Sunny,0.05
147,4,Verstappen (Red Bull),41.82098,168.20036,Sunny,0.05
147,5,Verstappen (Red Bull),43.14548,211.34583,Sunny,0.05
147,6,Verstappen (Red Bull),40.37358,251.71941,Sunny,0.05
147,7,Verstappen (Red Bull),42.30453,294.02394,Sunny,0.05
147,8,Verstappen (Red Bull),43.273,337.29694,Sunny,0.05
147,9,Verstappen (Red Bull),42.57286,379.8698,Sunny,0.05
147,10,Verstappen (Red Bull),41.53609,421.40589,Sunny,0.05
147,1,Norris (McLaren),43.03262,43.03262,Sunny,0.05
147,2,Norris (McLaren),42.98093,86.01355,Sunny,0.05
147,3,Norris (McLaren),43.21903,129.23259,Sunny,0.05
147,4,Norris (McLaren),43.23371,172.4663,Sunny,0.05
147,5,Norris (McLaren),41.72922,214.19552,Sunny,0.05
147,6,Norris (McLaren),43.18176,257.37728,Sunny,0.05
147,7,Norris (McLaren),41.9708,299.34808,Sunny,0.05
147,8,Norris (McLaren),43.10375,342.45182,Sunny,0.05
147,9,Norris (McLaren),43.63056,386.08239,Sunny,0.05
147,10,Norris (McLaren),44.51216,430.59454,Sunny,0.05
148,1,Hamilton (Mercedes),42.31281,42.31281,Sunny,0.05
148,2,Hamilton (Mercedes),42.09208,84.40489,Sunny,0.05
148,3,Hamilton (Mercedes),41.37944,125.78433,Sunny,0.05
148,4,Hamilton (Mercedes),41.77928,167.5636,Sunny,0.05
148,5,Hamilton (Mercedes),42.79106,210.35467,Sunny,0.05
148,6,Hamilton (Mercedes),42.18134,252.536,Sunny,0.05
148,7,Hamilton (Mercedes),41.94628,294.48229,Sunny,0.05
148,8,Hamilton (Mercedes),42.19986,336.68215,Sunny,0.05
148,9,Hamilton (Mercedes),43.09519,379.77734,Sunny,0.05
148,10,Hamilton (Mercedes),41.74554,421.52288,Sunny,0.05
148,1,Verstappen (Red Bull),42.5881,42.5881,Sunny,0.05
148,2,Verstappen (Red Bull),43.48983,86.07794,Sunny,0.05
148,3,Verstappen (Red Bull),41.9887,128.06663,Sunny,0.05
148,4,Verstappen (Red Bull),42.62739,170.69402,Sunny,0.05
148,5,Verstappen (Red Bull),41.21064,211.90466,Sunny,0.05
148,6,Verstappen (Red Bull),43.12648,255.03114,Sunny,0.05
148,7,Verstappen (Red Bull),42.86602,297.89716,Sunny,0.05
148,8,Verstappen (Red Bull),41.65721,339.55437,Sunny,0.05
148,9,Verstappen (Red Bull),41.51803,381.0724,Sunny,0.05
148,10,Verstappen (Red Bull),41.60892,422.68132,Sunny,0.05
148,1,Norris (McLaren),41.6902,41.6902,Sunny,0.05
148,2,Norris (McLaren),43.08008,84.77028,Sunny,0.05
148,3,Norris (McLaren),42.89627,127.66656,Sunny,0.05
148,4,Norris (McLaren),41.87985,169.54641,Sunny,0.05
148,5,Norris (McLaren),41.70143,211.24784,Sunny,0.05
148,6,Norris (McLaren),41.66636,252.9142,Sunny,0.05
148,7,Norris (McLaren),42.55538,295.46958,Sunny,0.05
148,8,Norris (McLaren),42.29767,337.76725,Sunny,0.05
148,9,Norris (McLaren),42.05689,379.82413,Sunny,0.05
148,10,Norris (McLaren),41.95932,421.78345,Sunny,0.05
149,1,Hamilton (Mercedes),42.68872,42.68872,Sunny,0.05
149,2,Hamilton (Mercedes),42.59944,85.28816,Sunny,0.05
149,3,Hamilton (Mercedes),42.0895,127.37766,Sunny,0.05
149,4,Hamilton (Mercedes),43.03765,170.41531,Sunny,0.05
149,5,Hamilton (Mercedes),43.19293,213.60824,Sunny,0.05
149,6,Hamilton (Mercedes),41.55718,255.16542,Sunny,0.05
149,7,Hamilton (Mercedes),42.38195,297.54738,Sunny,0.05
149,8,Hamilton (Mercedes),42.19563,339.74301,Sunny,0.05
149,9,Hamilton (Mercedes),43.59023,383.33324,Sunny,0.05
149,10,Hamilton (Mercedes),41.3712,424.70444,Sunny,0.05
149,1,Verstappen (Red Bull),42.18239,42.18239,Sunny,0.05
149,2,Verstappen (Red Bull),42.70975,84.89214,Sunny,0.05
149,3,Verstappen (Red Bull),42.14977,127.0419,Sunny,0.05
149,4,Verstappen (Red Bull),41.90815,168.95005,Sunny,0.05
149,5,Verstappen (Red Bull),42.49978,211.44983,Sunny,0.05
149,6,Verstappen (Red Bull),42.25358,253.70341,Sunny,0.05
149,7,Verstappen (Red Bull),43.50789,297.2113,Sunny,0.05
149,8,Verstappen (Red Bull),42.69416,339.90547,Sunny,0.05
149,9,Verstappen (Red Bull),41.77698,381.68245,Sunny,0.05
149,10,Verstappen (Red Bull),42.76983,424.45228,Sunny,0.05
149,1,Norris (McLaren),43.03509,43.03509,Sunny,0.05
149,2,Norris (McLaren),43.55478,86.58987,Sunny,0.05
149,3,Norris (McLaren),42.12474,128.71461,Sunny,0.05
149,4,Norris (McLaren),42.36285,171.07746,Sunny,0.05
149,5,Norris (McLaren),43.02276,214.10022,Sunny,0.05
149,6,Norris (McLaren),43.22416,257.32438,Sunny,0.05
149,7,Norris (McLaren),43.83705,301.16143,Sunny,0.05
149,8,Norris (McLaren),42.99848,344.15991,Sunny,0.05
149,9,Norris (McLaren),42.60577,386.76568,Sunny,0.05
149,10,Norris (McLaren),42.95851,429.72419,Sunny,0.05
150,1,Hamilton (Mercedes),44.06516,44.06516,Sunny,0.05
150,2,Hamilton (Mercedes),42.09613,86.16129,Sunny,0.05
150,3,Hamilton (Mercedes),43.2172,129.37849,Sunny,0.05
150,4,Hamilton (Mercedes),42.56473,171.94321,Sunny,0.05
150,5,Hamilton (Mercedes),41.99344,213.93665,Sunny,0.05
150,6,Hamilton (Mercedes),42.59952,256.53618,Sunny,0.05
150,7,Hamilton (Mercedes),42.73345,299.26963,Sunny,0.05
150,8,Hamilton (Mercedes),42.45714,341.72677,Sunny,0.05
150,9,Hamilton (Mercedes),42.04451,383.77128,Sunny,0.05
150,10,Hamilton (Mercedes),42.5656,426.33687,Sunny,0.05
150,1,Verstappen (Red Bull),41.81756,41.81756,Sunny,0.05
150,2,Verstappen (Red Bull),41.89616,83.71372,Sunny,0.05
150,3,Verstappen (Red Bull),41.62552,125.33924,Sunny,0.05
150,4,Verstappen (Red Bull),42.21737,167.55661,Sunny,0.05
150,5,Verstappen (Red Bull),41.93422,209.49083,Sunny,0.05
150,6,Verstappen (Red Bull),42.61358,252.10441,Sunny,0.05
150,7,Verstappen (Red Bull),41.40438,293.50879,Sunny,0.05
150,8,Verstappen (Red Bull),42.70226,336.21105,Sunny,0.05
150,9,Verstappen (Red Bull),43.28052,379.49157,Sunny,0.05
150,10,Verstappen (Red Bull),42.11143,421.60299,Sunny,0.05
150,1,Norris (McLaren),42.807,42.807,Sunny,0.05
150,2,Norris (McLaren),43.65182,86.45882,Sunny,0.05
150,3,Norris (McLaren),42.97455,129.43337,Sunny,0.05
150,4,Norris (McLaren),42.62086,172.05423,Sunny,0.05
150,5,Norris (McLaren),42.25902,214.31325,Sunny,0.05
150,6,Norris (McLaren),42.39309,256.70635,Sunny,0.05
150,7,Norris (McLaren),42.98031,299.68666,Sunny,0.05
150,8,Norris (McLaren),42.81789,342.50455,Sunny,0.05
150,9,Norris (McLaren),43.41581,385.92036,Sunny,0.05
150,10,Norris (McLaren),42.26863,428.18899,Sunny,0.05
151,1,Hamilton (Mercedes),42.31495,42.31495,Sunny,0.05
151,2,Hamilton (Mercedes),43.1496,85.46456,Sunny,0.05
151,3,Hamilton (Mercedes),41.79493,127.25949,Sunny,0.05
151,4,Hamilton (Mercedes),42.26918,169.52867,Sunny,0.05
151,5,Hamilton (Mercedes),42.35574,211.88441,Sunny,0.05
151,6,Hamilton (Mercedes),42.92734,254.81174,Sunny,0.05
151,7,Hamilton (Mercedes),42.36658,297.17833,Sunny,0.05
151,8,Hamilton (Mercedes),42.48839,339.66672,Sunny,0.05
151,9,Hamilton (Mercedes),43.22943,382.89615,Sunny,0.05
151,10,Hamilton (Mercedes),42.87895,425.7751,Sunny,0.05
151,1,Verstappen (Red Bull),42.42403,42.42403,Sunny,0.05
151,2,Verstappen (Red Bull),41.79939,84.22341,Sunny,0.05
151,3,Verstappen (Red Bull),42.40388,126.62729,Sunny,0.05
151,4,Verstappen (Red Bull),41.58029,168.20758,Sunny,0.05
151,5,Verstappen (Red Bull),42.41246,210.62004,Sunny,0.05
151,6,Verstappen (Red Bull),42.05068,252.67072,Sunny,0.05
151,7,Verstappen (Red Bull),42.66559,295.33631,Sunny,0.05
151,8,Verstappen (Red Bull),42.41672,337.75303,Sunny,0.05
151,9,Verstappen (Red Bull),42.33904,380.09207,Sunny,0.05
151,10,Verstappen (Red Bull),42.43811,422.53018,Sunny,0.05
151,1,Norris (McLaren),41.77093,41.77093,Sunny,0.05
151,2,Norris (McLaren),42.81263,84.58356,Sunny,0.05
151,3,Norris (McLaren),41.13298,125.71653,Sunny,0.05
151,4,Norris (McLaren),42.08954,167.80608,Sunny,0.05
151,5,Norris (McLaren),43.32505,211.13113,Sunny,0.05
151,6,Norris (McLaren),43.23634,254.36747,Sunny,0.05
151,7,Norris (McLaren),43.5131,297.88057,Sunny,0.05
151,8,Norris (McLaren),42.74835,340.62891,Sunny,0.05
151,9,Norris (McLaren),42.69551,383.32443,Sunny,0.05
151,10,Norris (McLaren),41.93819,425.26262,Sunny,0.05
152,1,Hamilton (Mercedes),42.29539,42.29539,Sunny,0.05
152,2,Hamilton (Mercedes),41.65582,83.9512,Sunny,0.05
152,3,Hamilton (Mercedes),42.21179,126.163,Sunny,0.05
152,4,Hamilton (Mercedes),43.12381,169.28681,Sunny,0.05
152,5,Hamilton (Mercedes),41.82038,211.10718,Sunny,0.05
152,6,Hamilton (Mercedes),42.09443,253.20161,Sunny,0.05
152,7,Hamilton (Mercedes),42.15435,295.35596,Sunny,0.05
152,8,Hamilton (Mercedes),42.13097,337.48693,Sunny,0.05
152,9,Hamilton (Mercedes),42.03622,379.52315,Sunny,0.05
152,10,Hamilton (Mercedes),42.86925,422.3924,Sunny,0.05
152,1,Verstappen (Red Bull),42.83648,42.83648,Sunny,0.05
152,2,Verstappen (Red Bull),42.51883,85.35531,Sunny,0.05
152,3,Verstappen (Red Bull),42.09457,127.44988,Sunny,0.05
152,4,Verstappen (Red Bull),41.77298,169.22286,Sunny,0.05
152,5,Verstappen (Red Bull),43.21077,212.43363,Sunny,0.05
152,6,Verstappen (Red Bull),41.6166,254.05023,Sunny,0.05
152,7,Verstappen (Red Bull),41.89141,295.94164,Sunny,0.05
152,8,Verstappen (Red Bull),41.72415,337.66579,Sunny,0.05
152,9,Verstappen (Red Bull),42.12042,379.78622,Sunny,0.05
152,10,Verstappen (Red Bull),42.50742,422.29363,Sunny,0.05
152,1,Norris (McLaren),42.88146,42.88146,Sunny,0.05
152,2,Norris (McLaren),42.35815,85.2396,Sunny,0.05
152,3,Norris (McLaren),42.42017,127.65977,Sunny,0.05
152,4,Norris (McLaren),42.96756,170.62733,Sunny,0.05
152,5,Norris (McLaren),42.65169,213.27902,Sunny,0.05
152,6,Norris (McLaren),42.54583,255.82485,Sunny,0.05
152,7,Norris (McLaren),42.30918,298.13403,Sunny,0.05
152,8,Norris (McLaren),43.28601,341.42004,Sunny,0.05
152,9,Norris (McLaren),42.67208,384.09212,Sunny,0.05
152,10,Norris (McLaren),41.90297,425.9951,Sunny,0.05
153,1,Hamilton (Mercedes),43.79974,43.79974,Sunny,0.05
153,2,Hamilton (Mercedes),41.96871,85.76845,Sunny,0.05
153,3,Hamilton (Mercedes),41.84522,127.61367,Sunny,0.05
153,4,Hamilton (Mercedes),41.84492,169.45859,Sunny,0.05
153,5,Hamilton (Mercedes),43.05875,212.51734,Sunny,0.05
153,6,Hamilton (Mercedes),42.55132,255.06866,Sunny,0.05
153,7,Hamilton (Mercedes),41.65998,296.72865,Sunny,0.05
153,8,Hamilton (Mercedes),42.99069,339.71933,Sunny,0.05
153,9,Hamilton (Mercedes),42.93696,382.6563,Sunny,0.05
153,10,Hamilton (Mercedes),43.14325,425.79955,Sunny,0.05
153,1,Verstappen (Red Bull),43.40531,43.40531,Sunny,0.05
153,2,Verstappen (Red Bull),41.977,85.38231,Sunny,0.05
153,3,Verstappen (Red Bull),42.78154,128.16385,Sunny,0.05
153,4,Verstappen (Red Bull),42.63224,170.79609,Sunny,0.05
153,5,Verstappen (Red Bull),42.44355,213.23964,Sunny,0.05
153,6,Verstappen (Red Bull),41.57967,254.81931,Sunny,0.05
153,7,Verstappen (Red Bull),42.74421,297.56352,Sunny,0.05
153,8,Verstappen (Red Bull),42.60575,340.16927,Sunny,0.05
153,9,Verstappen (Red Bull),41.82256,381.99183,Sunny,0.05
153,10,Verstappen (Red Bull),41.44958,423.44141,Sunny,0.05
153,1,Norris (McLaren),42.52585,42.52585,Sunny,0.05
153,2,Norris (McLaren),42.87398,85.39983,Sunny,0.05
153,3,Norris (McLaren),43.19988,128.59971,Sunny,0.05
153,4,Norris (McLaren),44.2458,172.84551,Sunny,0.05
153,5,Norris (McLaren),42.64372,215.48923,Sunny,0.05
153,6,Norris (McLaren),43.68882,259.17805,Sunny,0.05
153,7,Norris (McLaren),41.97564,301.15369,Sunny,0.05
153,8,Norris (McLaren),44.01737,345.17107,Sunny,0.05
153,9,Norris (McLaren),41.48939,386.66046,Sunny,0.05
153,10,Norris (McLaren),42.70726,429.36772,Sunny,0.05
154,1,Hamilton (Mercedes),43.03026,43.03026,Sunny,0.05
154,2,Hamilton (Mercedes),40.77243,83.80269,Sunny,0.05
154,3,Hamilton (Mercedes),43.12439,126.92708,Sunny,0.05
154,4,Hamilton (Mercedes),42.24054,169.16763,Sunny,0.05
154,5,Hamilton (Mercedes),42.78369,211.95132,Sunny,0.05
154,6,Hamilton (Mercedes),42.47516,254.42648,Sunny,0.05
154,7,Hamilton (Mercedes),42.19974,296.62622,Sunny,0.05
154,8,Hamilton (Mercedes),42.08021,338.70643,Sunny,0.05
154,9,Hamilton (Mercedes),42.39343,381.09986,Sunny,0.05
154,10,Hamilton (Mercedes),42.31735,423.41721,Sunny,0.05
154,1,Verstappen (Red Bull),41.65167,41.65167,Sunny,0.05
154,2,Verstappen (Red Bull),42.39542,84.04709,Sunny,0.05
154,3,Verstappen (Red Bull),42.05109,126.09817,Sunny,0.05
154,4,Verstappen (Red Bull),42.22842,168.32659,Sunny,0.05
154,5,Verstappen (Red Bull),42.32559,210.65218,Sunny,0.05
154,6,Verstappen (Red Bull),42.78895,253.44114,Sunny,0.05
154,7,Verstappen (Red Bull),42.69492,296.13606,Sunny,0.05
154,8,Verstappen (Red Bull),41.45223,337.58829,Sunny,0.05
154,9,Verstappen (Red Bull),41.74152,379.32981,Sunny,0.05
154,10,Verstappen (Red Bull),42.5861,421.91591,Sunny,0.05
154,1,Norris (McLaren),42.8468,42.8468,Sunny,0.05
154,2,Norris (McLaren),42.47097,85.31777,Sunny,0.05
154,3,Norris (McLaren),42.73045,128.04822,Sunny,0.05
154,4,Norris (McLaren),42.0496,170.09782,Sunny,0.05
154,5,Norris (McLaren),42.73693,212.83475,Sunny,0.05
154,6,Norris (McLaren),41.69236,254.52711,Sunny,0.05
154,7,Norris (McLaren),42.04924,296.57635,Sunny,0.05
154,8,Norris (McLaren),42.79102,339.36738,Sunny,0.05
154,9,Norris (McLaren),42.12997,381.49735,Sunny,0.05
154,10,Norris (McLaren),42.81969,424.31704,Sunny,0.05
155,1,Hamilton (Mercedes),42.2564,42.2564,Sunny,0.05
155,2,Hamilton (Mercedes),41.64467,83.90107,Sunny,0.05
155,3,Hamilton (Mercedes),42.67362,126.57469,Sunny,0.05
155,4,Hamilton (Mercedes),42.84394,169.41863,Sunny,0.05
155,5,Hamilton (Mercedes),41.51003,210.92866,Sunny,0.05
155,6,Hamilton (Mercedes),41.81224,252.7409,Sunny,0.05
155,7,Hamilton (Mercedes),42.39776,295.13866,Sunny,0.05
155,8,Hamilton (Mercedes),42.17804,337.31671,Sunny,0.05
155,9,Hamilton (Mercedes),42.68866,380.00537,Sunny,0.05
155,10,Hamilton (Mercedes),41.37614,421.38151,Sunny,0.05
155,1,Verstappen (Red Bull),42.58344,42.58344,Sunny,0.05
155,2,Verstappen (Red Bull),42.29897,84.88241,Sunny,0.05
155,3,Verstappen (Red Bull),42.37943,127.26184,Sunny,0.05
155,4,Verstappen (Red Bull),41.33727,168.59911,Sunny,0.05
155,5,Verstappen (Red Bull),42.30096,210.90007,Sunny,0.05
155,6,Verstappen (Red Bull),42.62937,253.52944,Sunny,0.05
155,7,Verstappen (Red Bull),42.78856,296.318,Sunny,0.05
155,8,Verstappen (Red Bull),41.93337,338.25137,Sunny,0.05
155,9,Verstappen (Red Bull),42.59563,380.847,Sunny,0.05
155,10,Verstappen (Red Bull),42.09512,422.94212,Sunny,0.05
155,1,Norris (McLaren),42.31157,42.31157,Sunny,0.05
155,2,Norris (McLaren),42.82587,85.13744,Sunny,0.05
155,3,Norris (McLaren),44.1749,129.31234,Sunny,0.05
155,4,Norris (McLaren),42.65249,171.96483,Sunny,0.05
155,5,Norris (McLaren),41.64965,213.61448,Sunny,0.05
155,6,Norris (McLaren),42.98703,256.6015,Sunny,0.05
155,7,Norris (McLaren),42.84245,299.44395,Sunny,0.05
155,8,Norris (McLaren),42.98144,342.42539,Sunny,0.05
155,9,Norris (McLaren),42.99644,385.42183,Sunny,0.05
155,10,Norris (McLaren),41.53384,426.95567,Sunny,0.05
156,1,Hamilton (Mercedes),42.63388,42.63388,Sunny,0.05
156,2,Hamilton (Mercedes),41.84624,84.48012,Sunny,0.05
156,3,Hamilton (Mercedes),42.19432,126.67444,Sunny,0.05
156,4,Hamilton (Mercedes),42.11985,168.7943,Sunny,0.05
156,5,Hamilton (Mercedes),42.09432,210.88862,Sunny,0.05
156,6,Hamilton (Mercedes),42.28874,253.17736,Sunny,0.05
156,7,Hamilton (Mercedes),42.53125,295.70861,Sunny,0.05
156,8,Hamilton (Mercedes),43.23624,338.94485,Sunny,0.05
156,9,Hamilton (Mercedes),42.52538,381.47023,Sunny,0.05
156,10,Hamilton (Mercedes),42.61239,424.08262,Sunny,0.05
156,1,Verstappen (Red Bull),42.90894,42.90894,Sunny,0.05
156,2,Verstappen (Red Bull),41.6848,84.59374,Sunny,0.05
156,3,Verstappen (Red Bull),42.43569,127.02943,Sunny,0.05
156,4,Verstappen (Red Bull),42.80675,169.83618,Sunny,0.05
156,5,Verstappen (Red Bull),41.741,211.57718,Sunny,0.05
156,6,Verstappen (Red Bull),41.96417,253.54134,Sunny,0.05
156,7,Verstappen (Red Bull),43.17058,296.71193,Sunny,0.05
156,8,Verstappen (Red Bull),43.34698,340.05891,Sunny,0.05
156,9,Verstappen (Red Bull),41.52009,381.579,Sunny,0.05
156,10,Verstappen (Red Bull),42.11758,423.69658,Sunny,0.05
156,1,Norris (McLaren),43.20219,43.20219,Sunny,0.05
156,2,Norris (McLaren),42.58129,85.78348,Sunny,0.05
156,3,Norris (McLaren),42.70475,128.48822,Sunny,0.05
156,4,Norris (McLaren),42.39818,170.8864,Sunny,0.05
156,5,Norris (McLaren),43.01146,213.89787,Sunny,0.05
156,6,Norris (McLaren),42.57496,256.47283,Sunny,0.05
156,7,Norris (McLaren),43.12071,299.59355,Sunny,0.05
156,8,Norris (McLaren),44.39501,343.98856,Sunny,0.05
156,9,Norris (McLaren),43.16051,387.14907,Sunny,0.05
156,10,Norris (McLaren),42.25223,429.4013,Sunny,0.05
157,1,Hamilton (Mercedes),42.17527,42.17527,Sunny,0.05
157,2,Hamilton (Mercedes),42.98843,85.16371,Sunny,0.05
157,3,Hamilton (Mercedes),42.10691,127.27061,Sunny,0.05
157,4,Hamilton (Mercedes),42.53183,169.80244,Sunny,0.05
157,5,Hamilton (Mercedes),42.49967,212.30212,Sunny,0.05
157,6,Hamilton (Mercedes),42.87255,255.17467,Sunny,0.05
157,7,Hamilton (Mercedes),42.31384,297.48851,Sunny,0.05
157,8,Hamilton (Mercedes),42.54601,340.03452,Sunny,0.05
157,9,Hamilton (Mercedes),42.44873,382.48325,Sunny,0.05
157,10,Hamilton (Mercedes),42.75222,425.23547,Sunny,0.05
157,1,Verstappen (Red Bull),42.18665,42.18665,Sunny,0.05
157,2,Verstappen (Red Bull),41.88002,84.06667,Sunny,0.05
157,3,Verstappen (Red Bull),42.18709,126.25376,Sunny,0.05
157,4,Verstappen (Red Bull),41.87254,168.1263,Sunny,0.05
157,5,Verstappen (Red Bull),41.49363,209.61993,Sunny,0.05
157,6,Verstappen (Red Bull),42.41849,252.03843,Sunny,0.05
157,7,Verstappen (Red Bull),42.07044,294.10886,Sunny,0.05
157,8,Verstappen (Red Bull),41.95674,336.0656,Sunny,0.05
157,9,Verstappen (Red Bull),42.74376,378.80937,Sunny,0.05
157,10,Verstappen (Red Bull),41.62405,420.43342,Sunny,0.05
157,1,Norris (McLaren),43.42699,43.42699,Sunny,0.05
157,2,Norris (McLaren),43.54912,86.97611,Sunny,0.05
157,3,Norris (McLaren),42.3641,129.34021,Sunny,0.05
157,4,Norris (McLaren),41.61156,170.95177,Sunny,0.05
157,5,Norris (McLaren),42.6949,213.64667,Sunny,0.05
157,6,Norris (McLaren),42.71288,256.35955,Sunny,0.05
157,7,Norris (McLaren),42.61575,298.9753,Sunny,0.05
157,8,Norris (McLaren),42.62296,341.59826,Sunny,0.05
157,9,Norris (McLaren),42.33483,383.93309,Sunny,0.05
157,10,Norris (McLaren),43.14655,427.07965,Sunny,0.05
158,1,Hamilton (Mercedes),42.81778,42.81778,Sunny,0.05
158,2,Hamilton (Mercedes),42.71982,85.5376,Sunny,0.05
158,3,Hamilton (Mercedes),42.77549,128.31309,Sunny,0.05
158,4,Hamilton (Mercedes),42.50752,170.82061,Sunny,0.05
158,5,Hamilton (Mercedes),42.57899,213.3996,Sunny,0.05
158,6,Hamilton (Mercedes),43.42356,256.82316,Sunny,0.05
158,7,Hamilton (Mercedes),43.01409,299.83725,Sunny,0.05
158,8,Hamilton (Mercedes),42.16143,341.99868,Sunny,0.05
158,9,Hamilton (Mercedes),42.53837,384.53705,Sunny,0.05
158,10,Hamilton (Mercedes),43.11175,427.6488,Sunny,0.05
158,1,Verstappen (Red Bull),42.03541,42.03541,Sunny,0.05
158,2,Verstappen (Red Bull),42.05466,84.09007,Sunny,0.05
158,3,Verstappen (Red Bull),42.44655,126.53662,Sunny,0.05
158,4,Verstappen (Red Bull),41.80633,168.34295,Sunny,0.05
158,5,Verstappen (Red Bull),42.15557,210.49852,Sunny,0.05
158,6,Verstappen (Red Bull),42.8038,253.30232,Sunny,0.05
158,7,Verstappen (Red Bull),42.11876,295.42108,Sunny,0.05
158,8,Verstappen (Red Bull),42.98074,338.40181,Sunny,0.05
158,9,Verstappen (Red Bull),42.30668,380.7085,Sunny,0.05
158,10,Verstappen (Red Bull),41.30848,422.01698,Sunny,0.05
158,1,Norris (McLaren),42.2782,42.2782,Sunny,0.05
158,2,Norris (McLaren),42.82515,85.10334,Sunny,0.05
158,3,Norris (McLaren),41.99843,127.10177,Sunny,0.05
158,4,Norris (McLaren),41.42457,168.52634,Sunny,0.05
158,5,Norris (McLaren),43.87289,212.39923,Sunny,0.05
158,6,Norris (McLaren),42.7546,255.15383,Sunny,0.05
158,7,Norris (McLaren),41.90202,297.05586,Sunny,0.05
158,8,Norris (McLaren),43.16447,340.22032,Sunny,0.05
158,9,Norris (McLaren),42.00817,382.22849,Sunny,0.05
158,10,Norris (McLaren),42.27695,424.50544,Sunny,0.05
159,1,Hamilton (Mercedes),42.85885,42.85885,Sunny,0.05
159,2,Hamilton (Mercedes),42.64012,85.49896,Sunny,0.05
159,3,Hamilton (Mercedes),43.112,128.61097,Sunny,0.05
159,4,Hamilton (Mercedes),42.86347,171.47443,Sunny,0.05
159,5,Hamilton (Mercedes),42.64888,214.12332,Sunny,0.05
159,6,Hamilton (Mercedes),42.90243,257.02575,Sunny,0.05
159,7,Hamilton (Mercedes),42.30055,299.32629,Sunny,0.05
159,8,Hamilton (Mercedes),42.3537,341.68,Sunny,0.05
159,9,Hamilton (Mercedes),42.72442,384.40442,Sunny,0.05
159,10,Hamilton (Mercedes),41.51126,425.91568,Sunny,0.05
159,1,Verstappen (Red Bull),41.21539,41.21539,Sunny,0.05
159,2,Verstappen (Red Bull),42.47868,83.69407,Sunny,0.05
159,3,Verstappen (Red Bull),43.16383,126.85789,Sunny,0.05
159,4,Verstappen (Red Bull),42.24725,169.10514,Sunny,0.05
159,5,Verstappen (Red Bull),41.86772,210.97287,Sunny,0.05
159,6,Verstappen (Red Bull),41.99821,252.97107,Sunny,0.05
159,7,Verstappen (Red Bull),42.57434,295.54541,Sunny,0.05
159,8,Verstappen (Red Bull),43.18231,338.72772,Sunny,0.05
159,9,Verstappen (Red Bull),41.83246,380.56018,Sunny,0.05
159,10,Verstappen (Red Bull),42.40208,422.96226,Sunny,0.05
159,1,Norris (McLaren),42.49709,42.49709,Sunny,0.05
159,2,Norris (McLaren),42.73497,85.23206,Sunny,0.05
159,3,Norris (McLaren),43.47948,128.71153,Sunny,0.05
159,4,Norris (McLaren),42.99108,171.70262,Sunny,0.05
159,5,Norris (McLaren),43.13503,214.83764,Sunny,0.05
159,6,Norris (McLaren),41.96148,256.79912,Sunny,0.05
159,7,Norris (McLaren),42.41236,299.21149,Sunny,0.05
159,8,Norris (McLaren),42.45068,341.66217,Sunny,0.05
159,9,Norris (McLaren),41.49965,383.16181,Sunny,0.05
159,10,Norris (McLaren),43.31036,426.47218,Sunny,0.05
160,1,Hamilton (Mercedes),42.23017,42.23017,Sunny,0.05
160,2,Hamilton (Mercedes),42.50855,84.73872,Sunny,0.05
160,3,Hamilton (Mercedes),42.95236,127.69109,Sunny,0.05
160,4,Hamilton (Mercedes),42.83903,170.53012,Sunny,0.05
160,5,Hamilton (Mercedes),42.66972,213.19984,Sunny,0.05
160,6,Hamilton (Mercedes),42.78398,255.98381,Sunny,0.05
160,7,Hamilton (Mercedes),42.7127,298.69651,Sunny,0.05
160,8,Hamilton (Mercedes),42.5961,341.29262,Sunny,0.05
160,9,Hamilton (Mercedes),42.56862,383.86123,Sunny,0.05
160,10,Hamilton (Mercedes),42.27883,426.14006,Sunny,0.05
160,1,Verstappen (Red Bull),41.89212,41.89212,Sunny,0.05
160,2,Verstappen (Red Bull),42.47695,84.36907,Sunny,0.05
160,3,Verstappen (Red Bull),41.42871,125.79778,Sunny,0.05
160,4,Verstappen (Red Bull),42.204,168.00177,Sunny,0.05
160,5,Verstappen (Red Bull),42.34005,210.34182,Sunny,0.05
160,6,Verstappen (Red Bull),41.9955,252.33732,Sunny,0.05
160,7,Verstappen (Red Bull),41.71397,294.05128,Sunny,0.05
160,8,Verstappen (Red Bull),42.5011,336.55239,Sunny,0.05
160,9,Verstappen (Red Bull),42.11089,378.66328,Sunny,0.05
160,10,Verstappen (Red Bull),41.22215,419.88543,Sunny,0.05
160,1,Norris (McLaren),42.80908,42.80908,Sunny,0.05
160,2,Norris (McLaren),43.27155,86.08063,Sunny,0.05
160,3,Norris (McLaren),42.98862,129.06925,Sunny,0.05
160,4,Norris (McLaren),42.31396,171.3832,Sunny,0.05
160,5,Norris (McLaren),42.15961,213.54281,Sunny,0.05
160,6,Norris (McLaren),43.10783,256.65064,Sunny,0.05
160,7,Norris (McLaren),43.57052,300.22116,Sunny,0.05
160,8,Norris (McLaren),43.05718,343.27834,Sunny,0.05
160,9,Norris (McLaren),42.44563,385.72397,Sunny,0.05
160,10,Norris (McLaren),41.72536,427.44933,Sunny,0.05
161,1,Hamilton (Mercedes),42.94173,42.94173,Sunny,0.05
161,2,Hamilton (Mercedes),42.50118,85.44292,Sunny,0.05
161,3,Hamilton (Mercedes),42.82395,128.26687,Sunny,0.05
161,4,Hamilton (Mercedes),42.55198,170.81884,Sunny,0.05
161,5,Hamilton (Mercedes),42.57949,213.39833,Sunny,0.05
161,6,Hamilton (Mercedes),42.94902,256.34736,Sunny,0.05
161,7,Hamilton (Mercedes),42.67471,299.02206,Sunny,0.05
161,8,Hamilton (Mercedes),42.97769,341.99975,Sunny,0.05
161,9,Hamilton (Mercedes),42.06007,384.05982,Sunny,0.05
161,10,Hamilton (Mercedes),42.02147,426.08129,Sunny,0.05
161,1,Verstappen (Red Bull),42.21139,42.21139,Sunny,0.05
161,2,Verstappen (Red Bull),42.57489,84.78629,Sunny,0.05
161,3,Verstappen (Red Bull),42.68096,127.46724,Sunny,0.05
161,4,Verstappen (Red Bull),42.40768,169.87493,Sunny,0.05
161,5,Verstappen (Red Bull),42.18151,212.05644,Sunny,0.05
161,6,Verstappen (Red Bull),42.43207,254.4885,Sunny,0.05
161,7,Verstappen (Red Bull),41.14755,295.63606,Sunny,0.05
161,8,Verstappen (Red Bull),41.73177,337.36782,Sunny,0.05
161,9,Verstappen (Red Bull),41.93013,379.29796,Sunny,0.05
161,10,Verstappen (Red Bull),41.94057,421.23853,Sunny,0.05
161,1,Norris (McLaren),41.90563,41.90563,Sunny,0.05
161,2,Norris (McLaren),42.33522,84.24084,Sunny,0.05
161,3,Norris (McLaren),42.90152,127.14236,Sunny,0.05
161,4,Norris (McLaren),43.37815,170.52051,Sunny,0.05
161,5,Norris (McLaren),41.41915,211.93967,Sunny,0.05
161,6,Norris (McLaren),43.28725,255.22692,Sunny,0.05
161,7,Norris (McLaren),42.68813,297.91505,Sunny,0.05
161,8,Norris (McLaren),42.64505,340.5601,Sunny,0.05
161,9,Norris (McLaren),42.54402,383.10412,Sunny,0.05
161,10,Norris (McLaren),43.56935,426.67347,Sunny,0.05
162,1,Hamilton (Mercedes),42.81117,42.81117,Sunny,0.05
162,2,Hamilton (Mercedes),42.92188,85.73305,Sunny,0.05
162,3,Hamilton (Mercedes),42.41808,128.15113,Sunny,0.05
162,4,Hamilton (Mercedes),42.50436,170.65549,Sunny,0.05
162,5,Hamilton (Mercedes),42.87026,213.52575,Sunny,0.05
162,6,Hamilton (Mercedes),43.17138,256.69713,Sunny,0.05
162,7,Hamilton (Mercedes),42.94654,299.64367,Sunny,0.05
162,8,Hamilton (Mercedes),41.18222,340.8259,Sunny,0.05
162,9,Hamilton (Mercedes),42.58973,383.41563,Sunny,0.05
162,10,Hamilton (Mercedes),44.31312,427.72875,Sunny,0.05
162,1,Verstappen (Red Bull),42.53148,42.53148,Sunny,0.05
162,2,Verstappen (Red Bull),41.72844,84.25993,Sunny,0.05
162,3,Verstappen (Red Bull),41.34775,125.60767,Sunny,0.05
162,4,Verstappen (Red Bull),41.45579,167.06346,Sunny,0.05
162,5,Verstappen (Red Bull),41.33146,208.39492,Sunny,0.05
162,6,Verstappen (Red Bull),42.4298,250.82472,Sunny,0.05
162,7,Verstappen (Red Bull),41.42895,292.25367,Sunny,0.05
162,8,Verstappen (Red Bull),42.26764,334.5213,Sunny,0.05
162,9,Verstappen (Red Bull),42.05527,376.57657,Sunny,0.05
162,10,Verstappen (Red Bull),42.66635,419.24292,Sunny,0.05
162,1,Norris (McLaren),42.98113,42.98113,Sunny,0.05
162,2,Norris (McLaren),43.33597,86.3171,Sunny,0.05
162,3,Norris (McLaren),42.23771,128.55481,Sunny,0.05
162,4,Norris (McLaren),44.61575,173.17056,Sunny,0.05
162,5,Norris (McLaren),41.61716,214.78772,Sunny,0.05
162,6,Norris (McLaren),44.50827,259.29599,Sunny,0.05
162,7,Norris (McLaren),43.71176,303.00775,Sunny,0.05
162,8,Norris (McLaren),42.21157,345.21932,Sunny,0.05
162,9,Norris (McLaren),42.03395,387.25327,Sunny,0.05
162,10,Norris (McLaren),42.31015,429.56342,Sunny,0.05
163,1,Hamilton (Mercedes),41.72856,41.72856,Sunny,0.05
163,2,Hamilton (Mercedes),42.77943,84.50799,Sunny,0.05
163,3,Hamilton (Mercedes),42.20561,126.7136,Sunny,0.05
163,4,Hamilton (Mercedes),42.8125,169.5261,Sunny,0.05
163,5,Hamilton (Mercedes),42.87256,212.39866,Sunny,0.05
163,6,Hamilton (Mercedes),42.57784,254.9765,Sunny,0.05
163,7,Hamilton (Mercedes),42.05602,297.03251,Sunny,0.05
163,8,Hamilton (Mercedes),42.28034,339.31285,Sunny,0.05
163,9,Hamilton (Mercedes),43.18314,382.49599,Sunny,0.05
163,10,Hamilton (Mercedes),42.60738,425.10337,Sunny,0.05
163,1,Verstappen (Red Bull),42.12848,42.12848,Sunny,0.05
163,2,Verstappen (Red Bull),42.07019,84.19867,Sunny,0.05
163,3,Verstappen (Red Bull),41.83599,126.03467,Sunny,0.05
163,4,Verstappen (Red Bull),41.92185,167.95652,Sunny,0.05
163,5,Verstappen (Red Bull),41.94838,209.9049,Sunny,0.05
163,6,Verstappen (Red Bull),41.12438,251.02928,Sunny,0.05
163,7,Verstappen (Red Bull),41.87112,292.9004,Sunny,0.05
163,8,Verstappen (Red Bull),43.07933,335.97974,Sunny,0.05
163,9,Verstappen (Red Bull),42.88687,378.86661,Sunny,0.05
163,10,Verstappen (Red Bull),42.4673,421.33391,Sunny,0.05
163,1,Norris (McLaren),42.52352,42.52352,Sunny,0.05
163,2,Norris (McLaren),42.88879,85.4123,Sunny,0.05
163,3,Norris (McLaren),42.47414,127.88644,Sunny,0.05
163,4,Norris (McLaren),42.29782,170.18427,Sunny,0.05
163,5,Norris (McLaren),43.70046,213.88473,Sunny,0.05
163,6,Norris (McLaren),43.54491,257.42963,Sunny,0.05
163,7,Norris (McLaren),43.6044,301.03404,Sunny,0.05
163,8,Norris (McLaren),43.11789,344.15193,Sunny,0.05
163,9,Norris (McLaren),42.4612,386.61313,Sunny,0.05
163,10,Norris (McLaren),42.17028,428.7834,Sunny,0.05
164,1,Hamilton (Mercedes),42.76211,42.76211,Sunny,0.05
164,2,Hamilton (Mercedes),43.1298,85.89191,Sunny,0.05
164,3,Hamilton (Mercedes),42.88586,128.77777,Sunny,0.05
164,4,Hamilton (Mercedes),44.37427,173.15204,Sunny,0.05
164,5,Hamilton (Mercedes),41.9698,215.12183,Sunny,0.05
164,6,Hamilton (Mercedes),42.83066,257.95249,Sunny,0.05
164,7,Hamilton (Mercedes),42.91952,300.87201,Sunny,0.05
164,8,Hamilton (Mercedes),42.38782,343.25984,Sunny,0.05
164,9,Hamilton (Mercedes),42.98237,386.24221,Sunny,0.05
164,10,Hamilton (Mercedes),43.75931,430.00152,Sunny,0.05
164,1,Verstappen (Red Bull),41.7879,41.7879,Sunny,0.05
164,2,Verstappen (Red Bull),42.00295,83.79085,Sunny,0.05
164,3,Verstappen (Red Bull),42.21731,126.00816,Sunny,0.05
164,4,Verstappen (Red Bull),41.41232,167.42048,Sunny,0.05
164,5,Verstappen (Red Bull),41.83823,209.2587,Sunny,0.05
164,6,Verstappen (Red Bull),42.318,251.5767,Sunny,0.05
164,7,Verstappen (Red Bull),42.59462,294.17132,Sunny,0.05
164,8,Verstappen (Red Bull),42.62824,336.79956,Sunny,0.05
164,9,Verstappen (Red Bull),42.13064,378.9302,Sunny,0.05
164,10,Verstappen (Red Bull),41.15193,420.08213,Sunny,0.05
164,1,Norris (McLaren),42.28289,42.28289,Sunny,0.05
164,2,Norris (McLaren),42.86905,85.15194,Sunny,0.05
164,3,Norris (McLaren),43.97299,129.12493,Sunny,0.05
164,4,Norris (McLaren),43.10586,172.23079,Sunny,0.05
164,5,Norris (McLaren),43.31848,215.54927,Sunny,0.05
164,6,Norris (McLaren),42.07723,257.6265,Sunny,0.05
164,7,Norris (McLaren),43.52185,301.14835,Sunny,0.05
164,8,Norris (McLaren),42.91144,344.05979,Sunny,0.05
164,9,Norris (McLaren),41.85563,385.91542,Sunny,0.05
164,10,Norris (McLaren),42.33425,428.24967,Sunny,0.05
165,1,Hamilton (Mercedes),42.79954,42.79954,Sunny,0.05
165,2,Hamilton (Mercedes),42.22093,85.02048,Sunny,0.05
165,3,Hamilton (Mercedes),41.75708,126.77756,Sunny,0.05
165,4,Hamilton (Mercedes),42.49203,169.26959,Sunny,0.05
165,5,Hamilton (Mercedes),42.3872,211.65679,Sunny,0.05
165,6,Hamilton (Mercedes),42.19475,253.85154,Sunny,0.05
165,7,Hamilton (Mercedes),43.03685,296.88839,Sunny,0.05
165,8,Hamilton (Mercedes),42.33652,339.22491,Sunny,0.05
165,9,Hamilton (Mercedes),42.36542,381.59033,Sunny,0.05
165,10,Hamilton (Mercedes),42.49767,424.088,Sunny,0.05
165,1,Verstappen (Red Bull),42.34078,42.34078,Sunny,0.05
165,2,Verstappen (Red Bull),42.16595,84.50673,Sunny,0.05
165,3,Verstappen (Red Bull),42.45841,126.96514,Sunny,0.05
165,4,Verstappen (Red Bull),42.86821,169.83334,Sunny,0.05
165,5,Verstappen (Red Bull),42.45025,212.28359,Sunny,0.05
165,6,Verstappen (Red Bull),42.35852,254.64211,Sunny,0.05
165,7,Verstappen (Red Bull),41.38098,296.02309,Sunny,0.05
165,8,Verstappen (Red Bull),41.89872,337.92181,Sunny,0.05
165,9,Verstappen (Red Bull),42.50592,380.42774,Sunny,0.05
165,10,Verstappen (Red Bull),41.34517,421.77291,Sunny,0.05
165,1,Norris (McLaren),42.45478,42.45478,Sunny,0.05
165,2,Norris (McLaren),42.83314,85.28793,Sunny,0.05
165,3,Norris (McLaren),42.84813,128.13606,Sunny,0.05
165,4,Norris (McLaren),42.1711,170.30716,Sunny,0.05
165,5,Norris (McLaren),44.22416,214.53132,Sunny,0.05
165,6,Norris (McLaren),41.95636,256.48768,Sunny,0.05
165,7,Norris (McLaren),41.30805,297.79574,Sunny,0.05
165,8,Norris (McLaren),43.03238,340.82811,Sunny,0.05
165,9,Norris (McLaren),42.34468,383.1728,Sunny,0.05
165,10,Norris (McLaren),43.00273,426.17553,Sunny,0.05
166,1,Hamilton (Mercedes),42.94917,42.94917,Sunny,0.05
166,2,Hamilton (Mercedes),43.44977,86.39894,Sunny,0.05
166,3,Hamilton (Mercedes),42.61536,129.0143,Sunny,0.05
166,4,Hamilton (Mercedes),42.8878,171.90211,Sunny,0.05
166,5,Hamilton (Mercedes),42.72097,214.62307,Sunny,0.05
166,6,Hamilton (Mercedes),41.97552,256.5986,Sunny,0.05
166,7,Hamilton (Mercedes),41.69624,298.29484,Sunny,0.05
166,8,Hamilton (Mercedes),42.91111,341.20595,Sunny,0.05
166,9,Hamilton (Mercedes),42.51752,383.72348,Sunny,0.05
166,10,Hamilton (Mercedes),43.01242,426.73589,Sunny,0.05
166,1,Verstappen (Red Bull),41.50658,41.50658,Sunny,0.05
166,2,Verstappen (Red Bull),42.07787,83.58444,Sunny,0.05
166,3,Verstappen (Red Bull),41.94513,125.52957,Sunny,0.05
166,4,Verstappen (Red Bull),42.1209,167.65048,Sunny,0.05
166,5,Verstappen (Red Bull),42.08069,209.73117,Sunny,0.05
166,6,Verstappen (Red Bull),43.06164,252.7928,Sunny,0.05
166,7,Verstappen (Red Bull),41.73137,294.52417,Sunny,0.05
166,8,Verstappen (Red Bull),42.21788,336.74205,Sunny,0.05
166,9,Verstappen (Red Bull),42.19241,378.93446,Sunny,0.05
166,10,Verstappen (Red Bull),41.45291,420.38737,Sunny,0.05
166,1,Norris (McLaren),43.78262,43.78262,Sunny,0.05
166,2,Norris (McLaren),42.21167,85.99429,Sunny,0.05
166,3,Norris (McLaren),42.62727,128.62156,Sunny,0.05
166,4,Norris (McLaren),43.68572,172.30728,Sunny,0.05
166,5,Norris (McLaren),41.8325,214.13978,Sunny,0.05
166,6,Norris (McLaren),42.88112,257.0209,Sunny,0.05
166,7,Norris (McLaren),43.13185,300.15275,Sunny,0.05
166,8,Norris (McLaren),42.01323,342.16598,Sunny,0.05
166,9,Norris (McLaren),42.84694,385.01292,Sunny,0.05
166,10,Norris (McLaren),42.40179,427.41472,Sunny,0.05
167,1,Hamilton (Mercedes),42.73863,42.73863,Sunny,0.05
167,2,Hamilton (Mercedes),42.96705,85.70568,Sunny,0.05
167,3,Hamilton (Mercedes),43.05016,128.75583,Sunny,0.05
167,4,Hamilton (Mercedes),42.60606,171.36189,Sunny,0.05
167,5,Hamilton (Mercedes),42.27784,213.63974,Sunny,0.05
167,6,Hamilton (Mercedes),43.17792,256.81766,Sunny,0.05
167,7,Hamilton (Mercedes),42.17349,298.99115,Sunny,0.05
167,8,Hamilton (Mercedes),41.9587,340.94985,Sunny,0.05
167,9,Hamilton (Mercedes),43.43444,384.38429,Sunny,0.05
167,10,Hamilton (Mercedes),43.05451,427.4388,Sunny,0.05
167,1,Verstappen (Red Bull),42.84058,42.84058,Sunny,0.05
167,2,Verstappen (Red Bull),42.29145,85.13203,Sunny,0.05
167,3,Verstappen (Red Bull),41.50591,126.63794,Sunny,0.05
167,4,Verstappen (Red Bull),42.10026,168.73819,Sunny,0.05
167,5,Verstappen (Red Bull),43.1558,211.894,Sunny,0.05
167,6,Verstappen (Red Bull),42.23662,254.13062,Sunny,0.05
167,7,Verstappen (Red Bull),43.14229,297.27291,Sunny,0.05
167,8,Verstappen (Red Bull),42.08774,339.36065,Sunny,0.05
167,9,Verstappen (Red Bull),41.18093,380.54158,Sunny,0.05
167,10,Verstappen (Red Bull),41.77847,422.32005,Sunny,0.05
167,1,Norris (McLaren),43.43565,43.43565,Sunny,0.05
167,2,Norris (McLaren),42.7305,86.16615,Sunny,0.05
167,3,Norris (McLaren),42.77582,128.94196,Sunny,0.05
167,4,Norris (McLaren),43.12031,172.06227,Sunny,0.05
167,5,Norris (McLaren),42.56736,214.62963,Sunny,0.05
167,6,Norris (McLaren),41.99198,256.62161,Sunny,0.05
167,7,Norris (McLaren),42.54082,299.16243,Sunny,0.05
167,8,Norris (McLaren),43.70609,342.86852,Sunny,0.05
167,9,Norris (McLaren),41.12737,383.9959,Sunny,0.05
167,10,Norris (McLaren),41.80088,425.79678,Sunny,0.05
168,1,Hamilton (Mercedes),43.48547,43.48547,Sunny,0.05
168,2,Hamilton (Mercedes),42.92377,86.40923,Sunny,0.05
168,3,Hamilton (Mercedes),42.00413,128.41336,Sunny,0.05
168,4,Hamilton (Mercedes),42.87346,171.28683,Sunny,0.05
168,5,Hamilton (Mercedes),42.22503,213.51186,Sunny,0.05
168,6,Hamilton (Mercedes),42.12494,255.6368,Sunny,0.05
168,7,Hamilton (Mercedes),42.08717,297.72396,Sunny,0.05
168,8,Hamilton (Mercedes),43.18818,340.91214,Sunny,0.05
168,9,Hamilton (Mercedes),42.76814,383.68028,Sunny,0.05
168,10,Hamilton (Mercedes),42.44376,426.12404,Sunny,0.05
168,1,Verstappen (Red Bull),41.38584,41.38584,Sunny,0.05
168,2,Verstappen (Red Bull),42.40565,83.79148,Sunny,0.05
168,3,Verstappen (Red Bull),41.37574,125.16722,Sunny,0.05
168,4,Verstappen (Red Bull),42.705,167.87222,Sunny,0.05
168,5,Verstappen (Red Bull),42.76996,210.64218,Sunny,0.05
168,6,Verstappen (Red Bull),41.14186,251.78404,Sunny,0.05
168,7,Verstappen (Red Bull),42.02411,293.80815,Sunny,0.05
168,8,Verstappen (Red Bull),41.54025,335.3484,Sunny,0.05
168,9,Verstappen (Red Bull),42.33668,377.68508,Sunny,0.05
168,10,Verstappen (Red Bull),42.29316,419.97824,Sunny,0.05
168,1,Norris (McLaren),43.06979,43.06979,Sunny,0.05
168,2,Norris (McLaren),41.88377,84.95356,Sunny,0.05
168,3,Norris (McLaren),42.34012,127.29368,Sunny,0.05
168,4,Norris (McLaren),41.49141,168.78509,Sunny,0.05
168,5,Norris (McLaren),43.3638,212.14889,Sunny,0.05
168,6,Norris (McLaren),41.25082,253.39971,Sunny,0.05
168,7,Norris (McLaren),42.43537,295.83508,Sunny,0.05
168,8,Norris (McLaren),41.57739,337.41246,Sunny,0.05
168,9,Norris (McLaren),42.98826,380.40073,Sunny,0.05
168,10,Norris (McLaren),42.94913,423.34986,Sunny,0.05
169,1,Hamilton (Mercedes),42.23257,42.23257,Sunny,0.05
169,2,Hamilton (Mercedes),43.75299,85.98557,Sunny,0.05
169,3,Hamilton (Mercedes),42.01074,127.99631,Sunny,0.05
169,4,Hamilton (Mercedes),43.0615,171.05781,Sunny,0.05
169,5,Hamilton (Mercedes),42.14254,213.20035,Sunny,0.05
169,6,Hamilton (Mercedes),41.4598,254.66015,Sunny,0.05
169,7,Hamilton (Mercedes),42.33245,296.9926,Sunny,0.05
169,8,Hamilton (Mercedes),43.07203,340.06463,Sunny,0.05
169,9,Hamilton (Mercedes),42.75557,382.8202,Sunny,0.05
169,10,Hamilton (Mercedes),41.69527,424.51547,Sunny,0.05
169,1,Verstappen (Red Bull),41.63136,41.63136,Sunny,0.05
169,2,Verstappen (Red Bull),41.77308,83.40444,Sunny,0.05
169,3,Verstappen (Red Bull),41.72512,125.12956,Sunny,0.05
169,4,Verstappen (Red Bull),42.46178,167.59134,Sunny,0.05
169,5,Verstappen (Red Bull),42.97945,210.57079,Sunny,0.05
169,6,Verstappen (Red Bull),42.7532,253.32399,Sunny,0.05
169,7,Verstappen (Red Bull),43.55134,296.87533,Sunny,0.05
169,8,Verstappen (Red Bull),41.30763,338.18295,Sunny,0.05
169,9,Verstappen (Red Bull),41.33398,379.51693,Sunny,0.05
169,10,Verstappen (Red Bull),42.86288,422.37981,Sunny,0.05
169,1,Norris (McLaren),42.31445,42.31445,Sunny,0.05
169,2,Norris (McLaren),42.39341,84.70785,Sunny,0.05
169,3,Norris (McLaren),43.40509,128.11295,Sunny,0.05
169,4,Norris (McLaren),42.25675,170.3697,Sunny,0.05
169,5,Norris (McLaren),42.97428,213.34398,Sunny,0.05
169,6,Norris (McLaren),43.20211,256.54609,Sunny,0.05
169,7,Norris (McLaren),43.2065,299.75259,Sunny,0.05
169,8,Norris (McLaren),42.6074,342.35999,Sunny,0.05
169,9,Norris (McLaren),42.24798,384.60798,Sunny,0.05
169,10,Norris (McLaren),43.28483,427.89281,Sunny,0.05
170,1,Hamilton (Mercedes),43.14198,43.14198,Sunny,0.05
170,2,Hamilton (Mercedes),42.46066,85.60265,Sunny,0.05
170,3,Hamilton (Mercedes),43.09071,128.69336,Sunny,0.05
170,4,Hamilton (Mercedes),43.11653,171.80988,Sunny,0.05
170,5,Hamilton (Mercedes),41.99364,213.80352,Sunny,0.05
170,6,Hamilton (Mercedes),42.75471,256.55823,Sunny,0.05
170,7,Hamilton (Mercedes),41.199,297.75723,Sunny,0.05
170,8,Hamilton (Mercedes),42.33453,340.09176,Sunny,0.05
170,9,Hamilton (Mercedes),43.05302,383.14478,Sunny,0.05
170,10,Hamilton (Mercedes),42.93991,426.0847,Sunny,0.05
170,1,Verstappen (Red Bull),41.77217,41.77217,Sunny,0.05
170,2,Verstappen (Red Bull),42.13515,83.90732,Sunny,0.05
170,3,Verstappen (Red Bull),42.0874,125.99472,Sunny,0.05
170,4,Verstappen (Red Bull),41.88915,167.88387,Sunny,0.05
170,5,Verstappen (Red Bull),42.77276,210.65663,Sunny,0.05
170,6,Verstappen (Red Bull),42.58986,253.24648,Sunny,0.05
170,7,Verstappen (Red Bull),42.28156,295.52804,Sunny,0.05
170,8,Verstappen (Red Bull),43.31264,338.84068,Sunny,0.05
170,9,Verstappen (Red Bull),42.03515,380.87583,Sunny,0.05
170,10,Verstappen (Red Bull),42.77555,423.65139,Sunny,0.05
170,1,Norris (McLaren),42.51319,42.51319,Sunny,0.05
170,2,Norris (McLaren),42.1867,84.69989,Sunny,0.05
170,3,Norris (McLaren),43.39671,128.0966,Sunny,0.05
170,4,Norris (McLaren),43.62234,171.71894,Sunny,0.05
170,5,Norris (McLaren),42.69243,214.41137,Sunny,0.05
170,6,Norris (McLaren),42.88668,257.29805,Sunny,0.05
170,7,Norris (McLaren),43.73163,301.02969,Sunny,0.05
170,8,Norris (McLaren),43.79478,344.82446,Sunny,0.05
170,9,Norris (McLaren),41.831,386.65547,Sunny,0.05
170,10,Norris (McLaren),44.17676,430.83223,Sunny,0.05
171,1,Hamilton (Mercedes),43.13775,43.13775,Sunny,0.05
171,2,Hamilton (Mercedes),42.01209,85.14984,Sunny,0.05
171,3,Hamilton (Mercedes),43.2919,128.44174,Sunny,0.05
171,4,Hamilton (Mercedes),42.66421,171.10595,Sunny,0.05
171,5,Hamilton (Mercedes),41.68841,212.79437,Sunny,0.05
171,6,Hamilton (Mercedes),41.58896,254.38333,Sunny,0.05
171,7,Hamilton (Mercedes),42.95673,297.34006,Sunny,0.05
171,8,Hamilton (Mercedes),42.25171,339.59177,Sunny,0.05
171,9,Hamilton (Mercedes),42.17853,381.7703,Sunny,0.05
171,10,Hamilton (Mercedes),42.52529,424.29558,Sunny,0.05
171,1,Verstappen (Red Bull),41.70625,41.70625,Sunny,0.05
171,2,Verstappen (Red Bull),41.82013,83.52638,Sunny,0.05
171,3,Verstappen (Red Bull),42.18832,125.71471,Sunny,0.05
171,4,Verstappen (Red Bull),41.91012,167.62483,Sunny,0.05
171,5,Verstappen (Red Bull),41.38464,209.00947,Sunny,0.05
171,6,Verstappen (Red Bull),43.28041,252.28988,Sunny,0.05
171,7,Verstappen (Red Bull),43.0469,295.33679,Sunny,0.05
171,8,Verstappen (Red Bull),43.08811,338.4249,Sunny,0.05
171,9,Verstappen (Red Bull),42.07397,380.49887,Sunny,0.05
171,10,Verstappen (Red Bull),42.61461,423.11348,Sunny,0.05
171,1,Norris (McLaren),41.89056,41.89056,Sunny,0.05
171,2,Norris (McLaren),43.15183,85.04239,Sunny,0.05
171,3,Norris (McLaren),41.42099,126.46338,Sunny,0.05
171,4,Norris (McLaren),42.79484,169.25822,Sunny,0.05
171,5,Norris (McLaren),42.87901,212.13723,Sunny,0.05
171,6,Norris (McLaren),42.50048,254.63771,Sunny,0.05
171,7,Norris (McLaren),40.95686,295.59457,Sunny,0.05
171,8,Norris (McLaren),43.12401,338.71858,Sunny,0.05
171,9,Norris (McLaren),42.54059,381.25917,Sunny,0.05
171,10,Norris (McLaren),41.3012,422.56037,Sunny,0.05
172,1,Hamilton (Mercedes),42.27192,42.27192,Sunny,0.05
172,2,Hamilton (Mercedes),42.75781,85.02972,Sunny,0.05
172,3,Hamilton (Mercedes),41.44564,126.47537,Sunny,0.05
172,4,Hamilton (Mercedes),42.12224,168.59761,Sunny,0.05
172,5,Hamilton (Mercedes),42.29059,210.88819,Sunny,0.05
172,6,Hamilton (Mercedes),41.72727,252.61547,Sunny,0.05
172,7,Hamilton (Mercedes),41.27586,293.89133,Sunny,0.05
172,8,Hamilton (Mercedes),42.22355,336.11488,Sunny,0.05
172,9,Hamilton (Mercedes),43.15995,379.27483,Sunny,0.05
172,10,Hamilton (Mercedes),42.89723,422.17205,Sunny,0.05
172,1,Verstappen (Red Bull),41.91577,41.91577,Sunny,0.05
172,2,Verstappen (Red Bull),42.39158,84.30735,Sunny,0.05
172,3,Verstappen (Red Bull),41.22552,125.53287,Sunny,0.05
172,4,Verstappen (Red Bull),42.68119,168.21406,Sunny,0.05
172,5,Verstappen (Red Bull),42.84161,211.05567,Sunny,0.05
172,6,Verstappen (Red Bull),41.4135,252.46917,Sunny,0.05
172,7,Verstappen (Red Bull),41.45335,293.92252,Sunny,0.05
172,8,Verstappen (Red Bull),42.40164,336.32416,Sunny,0.05
172,9,Verstappen (Red Bull),42.69226,379.01642,Sunny,0.05
172,10,Verstappen (Red Bull),41.30692,420.32334,Sunny,0.05
172,1,Norris (McLaren),42.60726,42.60726,Sunny,0.05
172,2,Norris (McLaren),43.54924,86.1565,Sunny,0.05
172,3,Norris (McLaren),42.03734,128.19384,Sunny,0.05
172,4,Norris (McLaren),42.25178,170.44563,Sunny,0.05
172,5,Norris (McLaren),42.03069,212.47632,Sunny,0.05
172,6,Norris (McLaren),42.6415,255.11782,Sunny,0.05
172,7,Norris (McLaren),43.17744,298.29526,Sunny,0.05
172,8,Norris (McLaren),41.91285,340.20811,Sunny,0.05
172,9,Norris (McLaren),42.47812,382.68624,Sunny,0.05
172,10,Norris (McLaren),42.39522,425.08145,Sunny,0.05
173,1,Hamilton (Mercedes),42.55263,42.55263,Sunny,0.05
173,2,Hamilton (Mercedes),42.24955,84.80218,Sunny,0.05
173,3,Hamilton (Mercedes),42.36138,127.16356,Sunny,0.05
173,4,Hamilton (Mercedes),42.40513,169.56869,Sunny,0.05
173,5,Hamilton (Mercedes),43.29248,212.86117,Sunny,0.05
173,6,Hamilton (Mercedes),41.938,254.79917,Sunny,0.05
173,7,Hamilton (Mercedes),43.15278,297.95195,Sunny,0.05
173,8,Hamilton (Mercedes),42.06561,340.01756,Sunny,0.05
173,9,Hamilton (Mercedes),44.2293,384.24686,Sunny,0.05
173,10,Hamilton (Mercedes),42.03264,426.2795,Sunny,0.05
173,1,Verstappen (Red Bull),41.6967,41.6967,Sunny,0.05
173,2,Verstappen (Red Bull),42.36218,84.05888,Sunny,0.05
173,3,Verstappen (Red Bull),42.32457,126.38345,Sunny,0.05
173,4,Verstappen (Red Bull),41.54593,167.92938,Sunny,0.05
173,5,Verstappen (Red Bull),42.36249,210.29186,Sunny,0.05
173,6,Verstappen (Red Bull),42.59239,252.88426,Sunny,0.05
173,7,Verstappen (Red Bull),42.22212,295.10637,Sunny,0.05
173,8,Verstappen (Red Bull),42.32766,337.43403,Sunny,0.05
173,9,Verstappen (Red Bull),42.24873,379.68276,Sunny,0.05
173,10,Verstappen (Red Bull),42.6571,422.33986,Sunny,0.05
173,1,Norris (McLaren),42.90691,42.90691,Sunny,0.05
173,2,Norris (McLaren),42.42171,85.32862,Sunny,0.05
173,3,Norris (McLaren),42.79519,128.12381,Sunny,0.05
173,4,Norris (McLaren),42.10495,170.22876,Sunny,0.05
173,5,Norris (McLaren),44.00499,214.23375,Sunny,0.05
173,6,Norris (McLaren),42.68885,256.9226,Sunny,0.05
173,7,Norris (McLaren),42.60875,299.53135,Sunny,0.05
173,8,Norris (McLaren),43.25937,342.79072,Sunny,0.05
173,9,Norris (McLaren),42.99282,385.78353,Sunny,0.05
173,10,Norris (McLaren),43.39416,429.17769,Sunny,0.05
174,1,Hamilton (Mercedes),42.82699,42.82699,Sunny,0.05
174,2,Hamilton (Mercedes),42.04246,84.86945,Sunny,0.05
174,3,Hamilton (Mercedes),42.91455,127.784,Sunny,0.05
174,4,Hamilton (Mercedes),42.7379,170.5219,Sunny,0.05
174,5,Hamilton (Mercedes),42.57257,213.09447,Sunny,0.05
174,6,Hamilton (Mercedes),42.7571,255.85156,Sunny,0.05
174,7,Hamilton (Mercedes),42.13735,297.98891,Sunny,0.05
174,8,Hamilton (Mercedes),42.7192,340.70811,Sunny,0.05
174,9,Hamilton (Mercedes),42.60372,383.31184,Sunny,0.05
174,10,Hamilton (Mercedes),40.97822,424.29006,Sunny,0.05
174,1,Verstappen (Red Bull),42.43806,42.43806,Sunny,0.05
174,2,Verstappen (Red Bull),41.55369,83.99175,Sunny,0.05
174,3,Verstappen (Red Bull),42.6705,126.66225,Sunny,0.05
174,4,Verstappen (Red Bull),42.1339,168.79615,Sunny,0.05
174,5,Verstappen (Red Bull),42.32228,211.11844,Sunny,0.05
174,6,Verstappen (Red Bull),43.33212,254.45056,Sunny,0.05
174,7,Verstappen (Red Bull),42.45367,296.90423,Sunny,0.05
174,8,Verstappen (Red Bull),43.41484,340.31907,Sunny,0.05
174,9,Verstappen (Red Bull),42.06391,382.38298,Sunny,0.05
174,10,Verstappen (Red Bull),42.99096,425.37394,Sunny,0.05
174,1,Norris (McLaren),42.90968,42.90968,Sunny,0.05
174,2,Norris (McLaren),42.57617,85.48585,Sunny,0.05
174,3,Norris (McLaren),43.04453,128.53038,Sunny,0.05
174,4,Norris (McLaren),42.01622,170.5466,Sunny,0.05
174,5,Norris (McLaren),41.93078,212.47738,Sunny,0.05
174,6,Norris (McLaren),43.16678,255.64416,Sunny,0.05
174,7,Norris (McLaren),42.46196,298.10612,Sunny,0.05
174,8,Norris (McLaren),42.31939,340.42551,Sunny,0.05
174,9,Norris (McLaren),43.28707,383.71258,Sunny,0.05
174,10,Norris (McLaren),41.65665,425.36923,Sunny,0.05
175,1,Hamilton (Mercedes),42.59037,42.59037,Sunny,0.05
175,2,Hamilton (Mercedes),41.82573,84.4161,Sunny,0.05
175,3,Hamilton (Mercedes),42.74718,127.16328,Sunny,0.05
175,4,Hamilton (Mercedes),42.43561,169.59889,Sunny,0.05
175,5,Hamilton (Mercedes),41.89245,211.49134,Sunny,0.05
175,6,Hamilton (Mercedes),43.84413,255.33546,Sunny,0.05
175,7,Hamilton (Mercedes),43.35547,298.69094,Sunny,0.05
175,8,Hamilton (Mercedes),43.28416,341.9751,Sunny,0.05
175,9,Hamilton (Mercedes),42.33078,384.30588,Sunny,0.05
175,10,Hamilton (Mercedes),42.46368,426.76956,Sunny,0.05
175,1,Verstappen (Red Bull),43.70938,43.70938,Sunny,0.05
175,2,Verstappen (Red Bull),42.08241,85.79179,Sunny,0.05
175,3,Verstappen (Red Bull),42.78209,128.57389,Sunny,0.05
175,4,Verstappen (Red Bull),42.36671,170.94059,Sunny,0.05
175,5,Verstappen (Red Bull),42.00686,212.94745,Sunny,0.05
175,6,Verstappen (Red Bull),42.86436,255.81182,Sunny,0.05
175,7,Verstappen (Red Bull),42.03219,297.844,Sunny,0.05
175,8,Verstappen (Red Bull),42.34286,340.18687,Sunny,0.05
175,9,Verstappen (Red Bull),42.86282,383.04968,Sunny,0.05
175,10,Verstappen (Red Bull),42.08876,425.13844,Sunny,0.05
175,1,Norris (McLaren),42.78201,42.78201,Sunny,0.05
175,2,Norris (McLaren),42.27993,85.06194,Sunny,0.05
175,3,Norris (McLaren),41.89504,126.95698,Sunny,0.05
175,4,Norris (McLaren),43.26055,170.21753,Sunny,0.05
175,5,Norris (McLaren),42.30067,212.5182,Sunny,0.05
175,6,Norris (McLaren),43.49603,256.01423,Sunny,0.05
175,7,Norris (McLaren),43.63905,299.65328,Sunny,0.05
175,8,Norris (McLaren),43.13087,342.78415,Sunny,0.05
175,9,Norris (McLaren),41.89427,384.67842,Sunny,0.05
175,10,Norris (McLaren),43.74879,428.42721,Sunny,0.05
176,1,Hamilton (Mercedes),41.2129,41.2129,Sunny,0.05
176,2,Hamilton (Mercedes),42.0432,83.2561,Sunny,0.05
176,3,Hamilton (Mercedes),42.94463,126.20073,Sunny,0.05
176,4,Hamilton (Mercedes),42.19657,168.3973,Sunny,0.05
176,5,Hamilton (Mercedes),41.45795,209.85525,Sunny,0.05
176,6,Hamilton (Mercedes),43.20336,253.05861,Sunny,0.05
176,7,Hamilton (Mercedes),42.18944,295.24805,Sunny,0.05
176,8,Hamilton (Mercedes),41.69847,336.94652,Sunny,0.05
176,9,Hamilton (Mercedes),43.34425,380.29077,Sunny,0.05
176,10,Hamilton (Mercedes),42.95027,423.24104,Sunny,0.05
176,1,Verstappen (Red Bull),42.42026,42.42026,Sunny,0.05
176,2,Verstappen (Red Bull),42.88223,85.30249,Sunny,0.05
176,3,Verstappen (Red Bull),42.13375,127.43624,Sunny,0.05
176,4,Verstappen (Red Bull),42.02761,169.46385,Sunny,0.05
176,5,Verstappen (Red Bull),42.17471,211.63856,Sunny,0.05
176,6,Verstappen (Red Bull),41.43022,253.06878,Sunny,0.05
176,7,Verstappen (Red Bull),42.84382,295.9126,Sunny,0.05
176,8,Verstappen (Red Bull),42.05257,337.96517,Sunny,0.05
176,9,Verstappen (Red Bull),42.53299,380.49816,Sunny,0.05
176,10,Verstappen (Red Bull),42.66906,423.16722,Sunny,0.05
176,1,Norris (McLaren),43.3337,43.3337,Sunny,0.05
176,2,Norris (McLaren),42.77859,86.11229,Sunny,0.05
176,3,Norris (McLaren),42.53391,128.6462,Sunny,0.05
176,4,Norris (McLaren),44.30422,172.95042,Sunny,0.05
176,5,Norris (McLaren),42.37161,215.32203,Sunny,0.05
176,6,Norris (McLaren),42.20931,257.53134,Sunny,0.05
176,7,Norris (McLaren),42.58338,300.11473,Sunny,0.05
176,8,Norris (McLaren),42.45284,342.56757,Sunny,0.05
176,9,Norris (McLaren),42.49328,385.06085,Sunny,0.05
176,10,Norris (McLaren),42.28185,427.3427,Sunny,0.05
177,1,Hamilton (Mercedes),42.74209,42.74209,Sunny,0.05
177,2,Hamilton (Mercedes),43.15308,85.89518,Sunny,0.05
177,3,Hamilton (Mercedes),42.57239,128.46756,Sunny,0.05
177,4,Hamilton (Mercedes),42.78778,171.25534,Sunny,0.05
177,5,Hamilton (Mercedes),42.44231,213.69765,Sunny,0.05
177,6,Hamilton (Mercedes),42.54222,256.23987,Sunny,0.05
177,7,Hamilton (Mercedes),42.44545,298.68532,Sunny,0.05
177,8,Hamilton (Mercedes),42.33275,341.01807,Sunny,0.05
177,9,Hamilton (Mercedes),42.09447,383.11254,Sunny,0.05
177,10,Hamilton (Mercedes),42.36013,425.47267,Sunny,0.05
177,1,Verstappen (Red Bull),42.73083,42.73083,Sunny,0.05
177,2,Verstappen (Red Bull),42.13067,84.8615,Sunny,0.05
177,3,Verstappen (Red Bull),41.82602,126.68752,Sunny,0.05
177,4,Verstappen (Red Bull),42.3846,169.07212,Sunny,0.05
177,5,Verstappen (Red Bull),41.79556,210.86768,Sunny,0.05
177,6,Verstappen (Red Bull),42.44716,253.31483,Sunny,0.05
177,7,Verstappen (Red Bull),41.84254,295.15737,Sunny,0.05
177,8,Verstappen (Red Bull),42.67161,337.82899,Sunny,0.05
177,9,Verstappen (Red Bull),42.844,380.67299,Sunny,0.05
177,10,Verstappen (Red Bull),42.16826,422.84125,Sunny,0.05
177,1,Norris (McLaren),42.6456,42.6456,Sunny,0.05
177,2,Norris (McLaren),43.11914,85.76473,Sunny,0.05
177,3,Norris (McLaren),42.50173,128.26647,Sunny,0.05
177,4,Norris (McLaren),42.53537,170.80184,Sunny,0.05
177,5,Norris (McLaren),42.23462,213.03646,Sunny,0.05
177,6,Norris (McLaren),41.8504,254.88685,Sunny,0.05
177,7,Norris (McLaren),41.60295,296.4898,Sunny,0.05
177,8,Norris (McLaren),42.63985,339.12965,Sunny,0.05
177,9,Norris (McLaren),42.17996,381.3096,Sunny,0.05
177,10,Norris (McLaren),42.12883,423.43844,Sunny,0.05
178,1,Hamilton (Mercedes),42.80234,42.80234,Sunny,0.05
178,2,Hamilton (Mercedes),42.67771,85.48005,Sunny,0.05
178,3,Hamilton (Mercedes),42.08817,127.56822,Sunny,0.05
178,4,Hamilton (Mercedes),43.52538,171.0936,Sunny,0.05
178,5,Hamilton (Mercedes),42.88948,213.98307,Sunny,0.05
178,6,Hamilton (Mercedes),42.02125,256.00432,Sunny,0.05
178,7,Hamilton (Mercedes),42.41711,298.42143,Sunny,0.05
178,8,Hamilton (Mercedes),43.0642,341.48563,Sunny,0.05
178,9,Hamilton (Mercedes),42.50772,383.99336,Sunny,0.05
178,10,Hamilton (Mercedes),42.47588,426.46924,Sunny,0.05
178,1,Verstappen (Red Bull),42.43897,42.43897,Sunny,0.05
178,2,Verstappen (Red Bull),42.00317,84.44214,Sunny,0.05
178,3,Verstappen (Red Bull),42.60912,127.05126,Sunny,0.05
178,4,Verstappen (Red Bull),41.86601,168.91727,Sunny,0.05
178,5,Verstappen (Red Bull),41.61723,210.5345,Sunny,0.05
178,6,Verstappen (Red Bull),41.6687,252.2032,Sunny,0.05
178,7,Verstappen (Red Bull),41.9859,294.18909,Sunny,0.05
178,8,Verstappen (Red Bull),42.28097,336.47007,Sunny,0.05
178,9,Verstappen (Red Bull),42.69561,379.16567,Sunny,0.05
178,10,Verstappen (Red Bull),41.85548,421.02116,Sunny,0.05
178,1,Norris (McLaren),42.44259,42.44259,Sunny,0.05
178,2,Norris (McLaren),42.07906,84.52166,Sunny,0.05
178,3,Norris (McLaren),42.09426,126.61591,Sunny,0.05
178,4,Norris (McLaren),41.26367,167.87959,Sunny,0.05
178,5,Norris (McLaren),41.18713,209.06672,Sunny,0.05
178,6,Norris (McLaren),42.07945,251.14617,Sunny,0.05
178,7,Norris (McLaren),42.36187,293.50804,Sunny,0.05
178,8,Norris (McLaren),42.14633,335.65438,Sunny,0.05
178,9,Norris (McLaren),42.94952,378.6039,Sunny,0.05
178,10,Norris (McLaren),43.35414,421.95804,Sunny,0.05
179,1,Hamilton (Mercedes),42.98824,42.98824,Sunny,0.05
179,2,Hamilton (Mercedes),42.79371,85.78194,Sunny,0.05
179,3,Hamilton (Mercedes),43.24723,129.02917,Sunny,0.05
179,4,Hamilton (Mercedes),43.1854,172.21457,Sunny,0.05
179,5,Hamilton (Mercedes),41.58038,213.79495,Sunny,0.05
179,6,Hamilton (Mercedes),42.53813,256.33308,Sunny,0.05
179,7,Hamilton (Mercedes),42.4573,298.79038,Sunny,0.05
179,8,Hamilton (Mercedes),42.87919,341.66957,Sunny,0.05
179,9,Hamilton (Mercedes),41.81699,383.48655,Sunny,0.05
179,10,Hamilton (Mercedes),42.68868,426.17523,Sunny,0.05
179,1,Verstappen (Red Bull),41.17694,41.17694,Sunny,0.05
179,2,Verstappen (Red Bull),42.33842,83.51536,Sunny,0.05
179,3,Verstappen (Red Bull),42.67319,126.18855,Sunny,0.05
179,4,Verstappen (Red Bull),42.13483,168.32338,Sunny,0.05
179,5,Verstappen (Red Bull),42.13753,210.46091,Sunny,0.05
179,6,Verstappen (Red Bull),41.81421,252.27513,Sunny,0.05
179,7,Verstappen (Red Bull),41.98166,294.25679,Sunny,0.05
179,8,Verstappen (Red Bull),42.51312,336.7699,Sunny,0.05
179,9,Verstappen (Red Bull),42.27231,379.04222,Sunny,0.05
179,10,Verstappen (Red Bull),41.82132,420.86354,Sunny,0.05
179,1,Norris (McLaren),43.06529,43.06529,Sunny,0.05
179,2,Norris (McLaren),42.79002,85.85532,Sunny,0.05
179,3,Norris (McLaren),43.69796,129.55328,Sunny,0.05
179,4,Norris (McLaren),42.38394,171.93721,Sunny,0.05
179,5,Norris (McLaren),42.65194,214.58915,Sunny,0.05
179,6,Norris (McLaren),42.5573,257.14646,Sunny,0.05
179,7,Norris (McLaren),42.14063,299.28709,Sunny,0.05
179,8,Norris (McLaren),41.87117,341.15826,Sunny,0.05
179,9,Norris (McLaren),43.13992,384.29818,Sunny,0.05
179,10,Norris (McLaren),41.32248,425.62067,Sunny,0.05
180,1,Hamilton (Mercedes),42.42433,42.42433,Sunny,0.05
180,2,Hamilton (Mercedes),42.40556,84.8299,Sunny,0.05
180,3,Hamilton (Mercedes),41.94064,126.77054,Sunny,0.05
180,4,Hamilton (Mercedes),42.7277,169.49824,Sunny,0.05
180,5,Hamilton (Mercedes),42.63525,212.13349,Sunny,0.05
180,6,Hamilton (Mercedes),42.61116,254.74465,Sunny,0.05
180,7,Hamilton (Mercedes),42.72067,297.46532,Sunny,0.05
180,8,Hamilton (Mercedes),42.82687,340.29219,Sunny,0.05
180,9,Hamilton (Mercedes),43.04439,383.33657,Sunny,0.05
180,10,Hamilton (Mercedes),43.5753,426.91187,Sunny,0.05
180,1,Verstappen (Red Bull),42.86039,42.86039,Sunny,0.05
180,2,Verstappen (Red Bull),42.07829,84.93868,Sunny,0.05
180,3,Verstappen (Red Bull),42.8659,127.80457,Sunny,0.05
180,4,Verstappen (Red Bull),42.18074,169.98532,Sunny,0.05
180,5,Verstappen (Red Bull),42.53969,212.52501,Sunny,0.05
180,6,Verstappen (Red Bull),42.81177,255.33677,Sunny,0.05
180,7,Verstappen (Red Bull),41.79576,297.13253,Sunny,0.05
180,8,Verstappen (Red Bull),42.31501,339.44754,Sunny,0.05
180,9,Verstappen (Red Bull),41.79579,381.24333,Sunny,0.05
180,10,Verstappen (Red Bull),41.92899,423.17232,Sunny,0.05
180,1,Norris (McLaren),41.44454,41.44454,Sunny,0.05
180,2,Norris (McLaren),42.91894,84.36348,Sunny,0.05
180,3,Norris (McLaren),42.19402,126.5575,Sunny,0.05
180,4,Norris (McLaren),42.79791,169.35541,Sunny,0.05
180,5,Norris (McLaren),43.01449,212.3699,Sunny,0.05
180,6,Norris (McLaren),42.83253,255.20243,Sunny,0.05
180,7,Norris (McLaren),41.68096,296.88339,Sunny,0.05
180,8,Norris (McLaren),42.4632,339.34659,Sunny,0.05
180,9,Norris (McLaren),43.51678,382.86337,Sunny,0.05
180,10,Norris (McLaren),42.39071,425.25408,Sunny,0.05
181,1,Hamilton (Mercedes),42.65664,42.65664,Sunny,0.05
181,2,Hamilton (Mercedes),42.83676,85.49341,Sunny,0.05
181,3,Hamilton (Mercedes),41.89125,127.38466,Sunny,0.05
181,4,Hamilton (Mercedes),41.78381,169.16847,Sunny,0.05
181,5,Hamilton (Mercedes),42.54908,211.71755,Sunny,0.05
181,6,Hamilton (Mercedes),41.98057,253.69812,Sunny,0.05
181,7,Hamilton (Mercedes),42.31915,296.01727,Sunny,0.05
181,8,Hamilton (Mercedes),41.80622,337.82349,Sunny,0.05
181,9,Hamilton (Mercedes),42.67466,380.49814,Sunny,0.05
181,10,Hamilton (Mercedes),42.46231,422.96046,Sunny,0.05
181,1,Verstappen (Red Bull),42.87347,42.87347,Sunny,0.05
181,2,Verstappen (Red Bull),41.65097,84.52444,Sunny,0.05
181,3,Verstappen (Red Bull),42.52333,127.04777,Sunny,0.05
181,4,Verstappen (Red Bull),42.36605,169.41382,Sunny,0.05
181,5,Verstappen (Red Bull),42.33906,211.75288,Sunny,0.05
181,6,Verstappen (Red Bull),42.57808,254.33096,Sunny,0.05
181,7,Verstappen (Red Bull),42.02142,296.35238,Sunny,0.05
181,8,Verstappen (Red Bull),43.24992,339.60229,Sunny,0.05
181,9,Verstappen (Red Bull),42.96624,382.56853,Sunny,0.05
181,10,Verstappen (Red Bull),41.51728,424.08581,Sunny,0.05
181,1,Norris (McLaren),43.15518,43.15518,Sunny,0.05
181,2,Norris (McLaren),43.11377,86.26895,Sunny,0.05
181,3,Norris (McLaren),42.2585,128.52746,Sunny,0.05
181,4,Norris (McLaren),41.57569,170.10315,Sunny,0.05
181,5,Norris (McLaren),42.27677,212.37992,Sunny,0.05
181,6,Norris (McLaren),43.29226,255.67219,Sunny,0.05
181,7,Norris (McLaren),41.25939,296.93157,Sunny,0.05
181,8,Norris (McLaren),42.03143,338.96301,Sunny,0.05
181,9,Norris (McLaren),43.48578,382.44879,Sunny,0.05
181,10,Norris (McLaren),42.0217,424.47049,Sunny,0.05
182,1,Hamilton (Mercedes),42.52858,42.52858,Sunny,0.05
182,2,Hamilton (Mercedes),42.73553,85.2641,Sunny,0.05
182,3,Hamilton (Mercedes),41.78454,127.04864,Sunny,0.05
182,4,Hamilton (Mercedes),42.20156,169.2502,Sunny,0.05
182,5,Hamilton (Mercedes),42.66821,211.91841,Sunny,0.05
182,6,Hamilton (Mercedes),42.04442,253.96283,Sunny,0.05
182,7,Hamilton (Mercedes),42.78205,296.74488,Sunny,0.05
182,8,Hamilton (Mercedes),41.95914,338.70403,Sunny,0.05
182,9,Hamilton (Mercedes),42.63477,381.3388,Sunny,0.05
182,10,Hamilton (Mercedes),42.42792,423.76671,Sunny,0.05
182,1,Verstappen (Red Bull),42.68065,42.68065,Sunny,0.05
182,2,Verstappen (Red Bull),42.46565,85.1463,Sunny,0.05
182,3,Verstappen (Red Bull),42.52826,127.67456,Sunny,0.05
182,4,Verstappen (Red Bull),41.3659,169.04046,Sunny,0.05
182,5,Verstappen (Red Bull),41.44966,210.49012,Sunny,0.05
182,6,Verstappen (Red Bull),42.18664,252.67676,Sunny,0.05
182,7,Verstappen (Red Bull),41.43622,294.11298,Sunny,0.05
182,8,Verstappen (Red Bull),42.05198,336.16496,Sunny,0.05
182,9,Verstappen (Red Bull),42.03156,378.19652,Sunny,0.05
182,10,Verstappen (Red Bull),40.76474,418.96126,Sunny,0.05
182,1,Norris (McLaren),42.75622,42.75622,Sunny,0.05
182,2,Norris (McLaren),42.03621,84.79244,Sunny,0.05
182,3,Norris (McLaren),42.50945,127.30189,Sunny,0.05
182,4,Norris (McLaren),42.62582,169.92771,Sunny,0.05
182,5,Norris (McLaren),42.08226,212.00997,Sunny,0.05
182,6,Norris (McLaren),43.29184,255.30182,Sunny,0.05
182,7,Norris (McLaren),42.65687,297.95869,Sunny,0.05
182,8,Norris (McLaren),43.0789,341.03758,Sunny,0.05
182,9,Norris (McLaren),42.94513,383.98271,Sunny,0.05
182,10,Norris (McLaren),43.60388,427.58658,Sunny,0.05
183,1,Hamilton (Mercedes),42.40007,42.40007,Sunny,0.05
183,2,Hamilton (Mercedes),43.80683,86.2069,Sunny,0.05
183,3,Hamilton (Mercedes),43.06963,129.27653,Sunny,0.05
183,4,Hamilton (Mercedes),42.94655,172.22308,Sunny,0.05
183,5,Hamilton (Mercedes),42.98468,215.20776,Sunny,0.05
183,6,Hamilton (Mercedes),41.88311,257.09086,Sunny,0.05
183,7,Hamilton (Mercedes),42.40205,299.49292,Sunny,0.05
183,8,Hamilton (Mercedes),42.02149,341.51441,Sunny,0.05
183,9,Hamilton (Mercedes),42.29987,383.81428,Sunny,0.05
183,10,Hamilton (Mercedes),42.87826,426.69253,Sunny,0.05
183,1,Verstappen (Red Bull),42.49325,42.49325,Sunny,0.05
183,2,Verstappen (Red Bull),42.59158,85.08483,Sunny,0.05
183,3,Verstappen (Red Bull),41.91378,126.99861,Sunny,0.05
183,4,Verstappen (Red Bull),41.24226,168.24086,Sunny,0.05
183,5,Verstappen (Red Bull),42.56082,210.80168,Sunny,0.05
183,6,Verstappen (Red Bull),41.96295,252.76463,Sunny,0.05
183,7,Verstappen (Red Bull),40.61375,293.37837,Sunny,0.05
183,8,Verstappen (Red Bull),43.13834,336.51671,Sunny,0.05
183,9,Verstappen (Red Bull),42.03746,378.55417,Sunny,0.05
183,10,Verstappen (Red Bull),43.13613,421.6903,Sunny,0.05
183,1,Norris (McLaren),43.5133,43.5133,Sunny,0.05
183,2,Norris (McLaren),42.61714,86.13044,Sunny,0.05
183,3,Norris (McLaren),43.76473,129.89518,Sunny,0.05
183,4,Norris (McLaren),42.87443,172.7696,Sunny,0.05
183,5,Norris (McLaren),41.70481,214.47441,Sunny,0.05
183,6,Norris (McLaren),42.05409,256.5285,Sunny,0.05
183,7,Norris (McLaren),42.11981,298.64831,Sunny,0.05
183,8,Norris (McLaren),43.10222,341.75053,Sunny,0.05
183,9,Norris (McLaren),42.34843,384.09896,Sunny,0.05
183,10,Norris (McLaren),42.93137,427.03033,Sunny,0.05
184,1,Hamilton (Mercedes),42.76966,42.76966,Sunny,0.05
184,2,Hamilton (Mercedes),42.61806,85.38771,Sunny,0.05
184,3,Hamilton (Mercedes),43.16492,128.55263,Sunny,0.05
184,4,Hamilton (Mercedes),42.74219,171.29482,Sunny,0.05
184,5,Hamilton (Mercedes),42.32387,213.61869,Sunny,0.05
184,6,Hamilton (Mercedes),42.36115,255.97984,Sunny,0.05
184,7,Hamilton (Mercedes),42.76782,298.74766,Sunny,0.05
184,8,Hamilton (Mercedes),42.55335,341.301,Sunny,0.05
184,9,Hamilton (Mercedes),42.10777,383.40877,Sunny,0.05
184,10,Hamilton (Mercedes),42.80466,426.21343,Sunny,0.05
184,1,Verstappen (Red Bull),41.46154,41.46154,Sunny,0.05
184,2,Verstappen (Red Bull),42.51944,83.98098,Sunny,0.05
184,3,Verstappen (Red Bull),42.71569,126.69667,Sunny,0.05
184,4,Verstappen (Red Bull),41.48604,168.18271,Sunny,0.05
184,5,Verstappen (Red Bull),42.01382,210.19653,Sunny,0.05
184,6,Verstappen (Red Bull),42.56476,252.76129,Sunny,0.05
184,7,Verstappen (Red Bull),42.71889,295.48019,Sunny,0.05
184,8,Verstappen (Red Bull),42.32658,337.80677,Sunny,0.05
184,9,Verstappen (Red Bull),42.33004,380.13681,Sunny,0.05
184,10,Verstappen (Red Bull),42.04527,422.18208,Sunny,0.05
184,1,Norris (McLaren),41.67384,41.67384,Sunny,0.05
184,2,Norris (McLaren),41.70416,83.378,Sunny,0.05
184,3,Norris (McLaren),42.13701,125.51501,Sunny,0.05
184,4,Norris (McLaren),43.44124,168.95625,Sunny,0.05
184,5,Norris (McLaren),43.06373,212.01997,Sunny,0.05
184,6,Norris (McLaren),42.73726,254.75723,Sunny,0.05
184,7,Norris (McLaren),42.68566,297.44289,Sunny,0.05
184,8,Norris (McLaren),42.54822,339.99111,Sunny,0.05
184,9,Norris (McLaren),41.81205,381.80316,Sunny,0.05
184,10,Norris (McLaren),42.02864,423.8318,Sunny,0.05
185,1,Hamilton (Mercedes),42.38106,42.38106,Sunny,0.05
185,2,Hamilton (Mercedes),42.57385,84.95492,Sunny,0.05
185,3,Hamilton (Mercedes),43.03827,127.99319,Sunny,0.05
185,4,Hamilton (Mercedes),42.77955,170.77274,Sunny,0.05
185,5,Hamilton (Mercedes),43.86286,214.6356,Sunny,0.05
185,6,Hamilton (Mercedes),42.89716,257.53275,Sunny,0.05
185,7,Hamilton (Mercedes),42.20329,299.73604,Sunny,0.05
185,8,Hamilton (Mercedes),42.58157,342.31762,Sunny,0.05
185,9,Hamilton (Mercedes),42.61223,384.92984,Sunny,0.05
185,10,Hamilton (Mercedes),42.12314,427.05298,Sunny,0.05
185,1,Verstappen (Red Bull),42.49985,42.49985,Sunny,0.05
185,2,Verstappen (Red Bull),41.6275,84.12736,Sunny,0.05
185,3,Verstappen (Red Bull),43.31475,127.44211,Sunny,0.05
185,4,Verstappen (Red Bull),42.45503,169.89714,Sunny,0.05
185,5,Verstappen (Red Bull),42.04133,211.93847,Sunny,0.05
185,6,Verstappen (Red Bull),41.83872,253.7772,Sunny,0.05
185,7,Verstappen (Red Bull),41.83578,295.61297,Sunny,0.05
185,8,Verstappen (Red Bull),42.65681,338.26978,Sunny,0.05
185,9,Verstappen (Red Bull),41.60792,379.8777,Sunny,0.05
185,10,Verstappen (Red Bull),41.82985,421.70755,Sunny,0.05
185,1,Norris (McLaren),42.06018,42.06018,Sunny,0.05
185,2,Norris (McLaren),43.55192,85.6121,Sunny,0.05
185,3,Norris (McLaren),42.44579,128.05789,Sunny,0.05
185,4,Norris (McLaren),41.94979,170.00768,Sunny,0.05
185,5,Norris (McLaren),42.37163,212.37931,Sunny,0.05
185,6,Norris (McLaren),43.0462,255.42551,Sunny,0.05
185,7,Norris (McLaren),42.94683,298.37234,Sunny,0.05
185,8,Norris (McLaren),42.18207,340.55441,Sunny,0.05
185,9,Norris (McLaren),41.62915,382.18357,Sunny,0.05
185,10,Norris (McLaren),43.14552,425.32909,Sunny,0.05
186,1,Hamilton (Mercedes),42.71295,42.71295,Sunny,0.05
186,2,Hamilton (Mercedes),42.16605,84.87901,Sunny,0.05
186,3,Hamilton (Mercedes),42.23727,127.11627,Sunny,0.05
186,4,Hamilton (Mercedes),42.53848,169.65475,Sunny,0.05
186,5,Hamilton (Mercedes),42.70968,212.36443,Sunny,0.05
186,6,Hamilton (Mercedes),42.5871,254.95153,Sunny,0.05
186,7,Hamilton (Mercedes),42.32382,297.27535,Sunny,0.05
186,8,Hamilton (Mercedes),42.80328,340.07863,Sunny,0.05
186,9,Hamilton (Mercedes),42.12291,382.20154,Sunny,0.05
186,10,Hamilton (Mercedes),42.46298,424.66452,Sunny,0.05
186,1,Verstappen (Red Bull),42.36855,42.36855,Sunny,0.05
186,2,Verstappen (Red Bull),42.26143,84.62998,Sunny,0.05
186,3,Verstappen (Red Bull),41.59255,126.22253,Sunny,0.05
186,4,Verstappen (Red Bull),42.61481,168.83733,Sunny,0.05
186,5,Verstappen (Red Bull),42.74863,211.58596,Sunny,0.05
186,6,Verstappen (Red Bull),42.78508,254.37104,Sunny,0.05
186,7,Verstappen (Red Bull),41.8996,296.27064,Sunny,0.05
186,8,Verstappen (Red Bull),42.14511,338.41575,Sunny,0.05
186,9,Verstappen (Red Bull),41.92815,380.3439,Sunny,0.05
186,10,Verstappen (Red Bull),42.30377,422.64767,Sunny,0.05
186,1,Norris (McLaren),42.52689,42.52689,Sunny,0.05
186,2,Norris (McLaren),42.31354,84.84043,Sunny,0.05
186,3,Norris (McLaren),42.71119,127.55163,Sunny,0.05
186,4,Norris (McLaren),43.01947,170.5711,Sunny,0.05
186,5,Norris (McLaren),43.68144,214.25254,Sunny,0.05
186,6,Norris (McLaren),43.08112,257.33366,Sunny,0.05
186,7,Norris (McLaren),42.51351,299.84717,Sunny,0.05
186,8,Norris (McLaren),43.91301,343.76018,Sunny,0.05
186,9,Norris (McLaren),42.6792,386.43938,Sunny,0.05
186,10,Norris (McLaren),43.32516,429.76454,Sunny,0.05
187,1,Hamilton (Mercedes),42.17941,42.17941,Sunny,0.05
187,2,Hamilton (Mercedes),42.59035,84.76976,Sunny,0.05
187,3,Hamilton (Mercedes),42.20204,126.9718,Sunny,0.05
187,4,Hamilton (Mercedes),42.59773,169.56953,Sunny,0.05
187,5,Hamilton (Mercedes),43.83087,213.4004,Sunny,0.05
187,6,Hamilton (Mercedes),41.82594,255.22634,Sunny,0.05
187,7,Hamilton (Mercedes),42.28261,297.50895,Sunny,0.05
187,8,Hamilton (Mercedes),41.94053,339.44948,Sunny,0.05
187,9,Hamilton (Mercedes),42.2081,381.65759,Sunny,0.05
187,10,Hamilton (Mercedes),43.6294,425.28698,Sunny,0.05
187,1,Verstappen (Red Bull),42.24602,42.24602,Sunny,0.05
187,2,Verstappen (Red Bull),42.01161,84.25763,Sunny,0.05
187,3,Verstappen (Red Bull),42.16169,126.41932,Sunny,0.05
187,4,Verstappen (Red Bull),42.58817,169.00749,Sunny,0.05
187,5,Verstappen (Red Bull),42.87736,211.88485,Sunny,0.05
187,6,Verstappen (Red Bull),42.90572,254.79057,Sunny,0.05
187,7,Verstappen (Red Bull),41.98716,296.77773,Sunny,0.05
187,8,Verstappen (Red Bull),43.02777,339.8055,Sunny,0.05
187,9,Verstappen (Red Bull),42.53816,382.34366,Sunny,0.05
187,10,Verstappen (Red Bull),42.08989,424.43355,Sunny,0.05
187,1,Norris (McLaren),42.16408,42.16408,Sunny,0.05
187,2,Norris (McLaren),42.54873,84.7128,Sunny,0.05
187,3,Norris (McLaren),43.66994,128.38274,Sunny,0.05
187,4,Norris (McLaren),41.88989,170.27264,Sunny,0.05
187,5,Norris (McLaren),42.86579,213.13842,Sunny,0.05
187,6,Norris (McLaren),42.46749,255.60591,Sunny,0.05
187,7,Norris (McLaren),43.08575,298.69165,Sunny,0.05
187,8,Norris (McLaren),41.65609,340.34775,Sunny,0.05
187,9,Norris (McLaren),42.01296,382.3607,Sunny,0.05
187,10,Norris (McLaren),43.17517,425.53587,Sunny,0.05
188,1,Hamilton (Mercedes),41.85988,41.85988,Sunny,0.05
188,2,Hamilton (Mercedes),42.21804,84.07792,Sunny,0.05
188,3,Hamilton (Mercedes),42.20513,126.28305,Sunny,0.05
188,4,Hamilton (Mercedes),42.42686,168.70991,Sunny,0.05
188,5,Hamilton (Mercedes),42.47216,211.18207,Sunny,0.05
188,6,Hamilton (Mercedes),42.35011,253.53217,Sunny,0.05
188,7,Hamilton (Mercedes),44.12023,297.65241,Sunny,0.05
188,8,Hamilton (Mercedes),42.91928,340.57169,Sunny,0.05
188,9,Hamilton (Mercedes),42.96775,383.53944,Sunny,0.05
188,10,Hamilton (Mercedes),41.93777,425.47721,Sunny,0.05
188,1,Verstappen (Red Bull),41.53634,41.53634,Sunny,0.05
188,2,Verstappen (Red Bull),42.15325,83.68958,Sunny,0.05
188,3,Verstappen (Red Bull),42.34729,126.03687,Sunny,0.05
188,4,Verstappen (Red Bull),42.57816,168.61503,Sunny,0.05
188,5,Verstappen (Red Bull),41.65374,210.26878,Sunny,0.05
188,6,Verstappen (Red Bull),42.89451,253.16329,Sunny,0.05
188,7,Verstappen (Red Bull),41.94379,295.10708,Sunny,0.05
188,8,Verstappen (Red Bull),42.2547,337.36178,Sunny,0.05
188,9,Verstappen (Red Bull),42.10793,379.46971,Sunny,0.05
188,10,Verstappen (Red Bull),42.58238,422.05209,Sunny,0.05
188,1,Norris (McLaren),42.8794,42.8794,Sunny,0.05
188,2,Norris (McLaren),41.15425,84.03365,Sunny,0.05
188,3,Norris (McLaren),43.56305,127.5967,Sunny,0.05
188,4,Norris (McLaren),42.08867,169.68536,Sunny,0.05
188,5,Norris (McLaren),42.74142,212.42679,Sunny,0.05
188,6,Norris (McLaren),42.69307,255.11986,Sunny,0.05
188,7,Norris (McLaren),43.22552,298.34538,Sunny,0.05
188,8,Norris (McLaren),41.85014,340.19552,Sunny,0.05
188,9,Norris (McLaren),42.05528,382.2508,Sunny,0.05
188,10,Norris (McLaren),40.85723,423.10803,Sunny,0.05
189,1,Hamilton (Mercedes),42.56714,42.56714,Sunny,0.05
189,2,Hamilton (Mercedes),42.12221,84.68934,Sunny,0.05
189,3,Hamilton (Mercedes),41.78517,126.47451,Sunny,0.05
189,4,Hamilton (Mercedes),42.29949,168.774,Sunny,0.05
189,5,Hamilton (Mercedes),43.2166,211.99061,Sunny,0.05
189,6,Hamilton (Mercedes),42.97875,254.96936,Sunny,0.05
189,7,Hamilton (Mercedes),43.21462,298.18397,Sunny,0.05
189,8,Hamilton (Mercedes),42.3947,340.57867,Sunny,0.05
189,9,Hamilton (Mercedes),42.72147,383.30014,Sunny,0.05
189,10,Hamilton (Mercedes),41.48651,424.78665,Sunny,0.05
189,1,Verstappen (Red Bull),41.66195,41.66195,Sunny,0.05
189,2,Verstappen (Red Bull),41.45028,83.11223,Sunny,0.05
189,3,Verstappen (Red Bull),42.52264,125.63487,Sunny,0.05
189,4,Verstappen (Red Bull),41.83949,167.47436,Sunny,0.05
189,5,Verstappen (Red Bull),41.92605,209.40042,Sunny,0.05
189,6,Verstappen (Red Bull),41.92634,251.32675,Sunny,0.05
189,7,Verstappen (Red Bull),42.60142,293.92818,Sunny,0.05
189,8,Verstappen (Red Bull),41.83185,335.76003,Sunny,0.05
189,9,Verstappen (Red Bull),42.31155,378.07158,Sunny,0.05
189,10,Verstappen (Red Bull),42.85903,420.93061,Sunny,0.05
189,1,Norris (McLaren),43.49027,43.49027,Sunny,0.05
189,2,Norris (McLaren),42.04074,85.53101,Sunny,0.05
189,3,Norris (McLaren),42.8181,128.34911,Sunny,0.05
189,4,Norris (McLaren),42.60557,170.95468,Sunny,0.05
189,5,Norris (McLaren),42.83395,213.78863,Sunny,0.05
189,6,Norris (McLaren),41.69434,255.48297,Sunny,0.05
189,7,Norris (McLaren),43.99949,299.48246,Sunny,0.05
189,8,Norris (McLaren),43.64209,343.12455,Sunny,0.05
189,9,Norris (McLaren),43.53188,386.65643,Sunny,0.05
189,10,Norris (McLaren),42.22146,428.87789,Sunny,0.05
190,1,Hamilton (Mercedes),43.42851,43.42851,Sunny,0.05
190,2,Hamilton (Mercedes),43.10591,86.53442,Sunny,0.05
190,3,Hamilton (Mercedes),41.77617,128.31059,Sunny,0.05
190,4,Hamilton (Mercedes),42.36568,170.67627,Sunny,0.05
190,5,Hamilton (Mercedes),42.79411,213.47038,Sunny,0.05
190,6,Hamilton (Mercedes),42.24487,255.71525,Sunny,0.05
190,7,Hamilton (Mercedes),42.29158,298.00683,Sunny,0.05
190,8,Hamilton (Mercedes),42.26349,340.27032,Sunny,0.05
190,9,Hamilton (Mercedes),42.92775,383.19807,Sunny,0.05
190,10,Hamilton (Mercedes),43.31456,426.51262,Sunny,0.05
190,1,Verstappen (Red Bull),42.18136,42.18136,Sunny,0.05
190,2,Verstappen (Red Bull),42.45284,84.6342,Sunny,0.05
190,3,Verstappen (Red Bull),42.04971,126.68391,Sunny,0.05
190,4,Verstappen (Red Bull),42.91884,169.60275,Sunny,0.05
190,5,Verstappen (Red Bull),42.20772,211.81047,Sunny,0.05
190,6,Verstappen (Red Bull),42.45026,254.26074,Sunny,0.05
190,7,Verstappen (Red Bull),41.24977,295.51051,Sunny,0.05
190,8,Verstappen (Red Bull),41.26052,336.77103,Sunny,0.05
190,9,Verstappen (Red Bull),42.07123,378.84226,Sunny,0.05
190,10,Verstappen (Red Bull),41.332,420.17426,Sunny,0.05
190,1,Norris (McLaren),43.80247,43.80247,Sunny,0.05
190,2,Norris (McLaren),42.11712,85.9196,Sunny,0.05
190,3,Norris (McLaren),42.31698,128.23658,Sunny,0.05
190,4,Norris (McLaren),44.08251,172.31909,Sunny,0.05
190,5,Norris (McLaren),42.94151,215.26059,Sunny,0.05
190,6,Norris (McLaren),42.85508,258.11568,Sunny,0.05
190,7,Norris (McLaren),42.82535,300.94103,Sunny,0.05
190,8,Norris (McLaren),42.54294,343.48397,Sunny,0.05
190,9,Norris (McLaren),43.06989,386.55386,Sunny,0.05
190,10,Norris (McLaren),42.08928,428.64313,Sunny,0.05
191,1,Hamilton (Mercedes),42.71134,42.71134,Sunny,0.05
191,2,Hamilton (Mercedes),43.14205,85.85339,Sunny,0.05
191,3,Hamilton (Mercedes),44.00066,129.85405,Sunny,0.05
191,4,Hamilton (Mercedes),42.43366,172.28771,Sunny,0.05
191,5,Hamilton (Mercedes),41.7547,214.04241,Sunny,0.05
191,6,Hamilton (Mercedes),41.88849,255.93091,Sunny,0.05
191,7,Hamilton (Mercedes),42.98325,298.91416,Sunny,0.05
191,8,Hamilton (Mercedes),42.47215,341.38631,Sunny,0.05
191,9,Hamilton (Mercedes),42.82127,384.20759,Sunny,0.05
191,10,Hamilton (Mercedes),42.028,426.23558,Sunny,0.05
191,1,Verstappen (Red Bull),42.54485,42.54485,Sunny,0.05
191,2,Verstappen (Red Bull),42.18024,84.72509,Sunny,0.05
191,3,Verstappen (Red Bull),41.27138,125.99647,Sunny,0.05
191,4,Verstappen (Red Bull),42.89588,168.89235,Sunny,0.05
191,5,Verstappen (Red Bull),41.33975,210.2321,Sunny,0.05
191,6,Verstappen (Red Bull),42.05209,252.28419,Sunny,0.05
191,7,Verstappen (Red Bull),42.73713,295.02132,Sunny,0.05
191,8,Verstappen (Red Bull),41.82566,336.84698,Sunny,0.05
191,9,Verstappen (Red Bull),41.88471,378.73169,Sunny,0.05
191,10,Verstappen (Red Bull),41.52236,420.25405,Sunny,0.05
191,1,Norris (McLaren),41.59523,41.59523,Sunny,0.05
191,2,Norris (McLaren),42.26394,83.85916,Sunny,0.05
191,3,Norris (McLaren),43.29762,127.15678,Sunny,0.05
191,4,Norris (McLaren),43.0954,170.25218,Sunny,0.05
191,5,Norris (McLaren),41.62713,211.87931,Sunny,0.05
191,6,Norris (McLaren),41.08511,252.96441,Sunny,0.05
191,7,Norris (McLaren),41.61839,294.58281,Sunny,0.05
191,8,Norris (McLaren),43.06037,337.64318,Sunny,0.05
191,9,Norris (McLaren),41.31921,378.96239,Sunny,0.05
191,10,Norris (McLaren),43.52073,422.48312,Sunny,0.05
192,1,Hamilton (Mercedes),43.0881,43.0881,Sunny,0.05
192,2,Hamilton (Mercedes),41.46793,84.55603,Sunny,0.05
192,3,Hamilton (Mercedes),43.55703,128.11306,Sunny,0.05
192,4,Hamilton (Mercedes),42.19001,170.30306,Sunny,0.05
192,5,Hamilton (Mercedes),42.23877,212.54183,Sunny,0.05
192,6,Hamilton (Mercedes),42.53468,255.07651,Sunny,0.05
192,7,Hamilton (Mercedes),42.71516,297.79167,Sunny,0.05
192,8,Hamilton (Mercedes),42.46005,340.25172,Sunny,0.05
192,9,Hamilton (Mercedes),41.90017,382.15189,Sunny,0.05
192,10,Hamilton (Mercedes),41.75006,423.90195,Sunny,0.05
192,1,Verstappen (Red Bull),41.51221,41.51221,Sunny,0.05
192,2,Verstappen (Red Bull),42.51553,84.02774,Sunny,0.05
192,3,Verstappen (Red Bull),41.73233,125.76006,Sunny,0.05
192,4,Verstappen (Red Bull),41.94075,167.70081,Sunny,0.05
192,5,Verstappen (Red Bull),42.35249,210.0533,Sunny,0.05
192,6,Verstappen (Red Bull),42.71745,252.77075,Sunny,0.05
192,7,Verstappen (Red Bull),43.43716,296.2079,Sunny,0.05
192,8,Verstappen (Red Bull),42.56112,338.76902,Sunny,0.05
192,9,Verstappen (Red Bull),42.95111,381.72012,Sunny,0.05
192,10,Verstappen (Red Bull),42.24537,423.96549,Sunny,0.05
192,1,Norris (McLaren),42.77693,42.77693,Sunny,0.05
192,2,Norris (McLaren),42.42654,85.20346,Sunny,0.05
192,3,Norris (McLaren),42.04473,127.24819,Sunny,0.05
192,4,Norris (McLaren),43.06878,170.31697,Sunny,0.05
192,5,Norris (McLaren),42.13036,212.44733,Sunny,0.05
192,6,Norris (McLaren),41.991,254.43833,Sunny,0.05
192,7,Norris (McLaren),43.77007,298.20839,Sunny,0.05
192,8,Norris (McLaren),41.9153,340.12369,Sunny,0.05
192,9,Norris (McLaren),42.35542,382.47911,Sunny,0.05
192,10,Norris (McLaren),43.22841,425.70752,Sunny,0.05
193,1,Hamilton (Mercedes),42.93112,42.93112,Sunny,0.05
193,2,Hamilton (Mercedes),42.87605,85.80717,Sunny,0.05
193,3,Hamilton (Mercedes),42.01923,127.8264,Sunny,0.05
193,4,Hamilton (Mercedes),42.31849,170.14489,Sunny,0.05
193,5,Hamilton (Mercedes),42.03177,212.17665,Sunny,0.05
193,6,Hamilton (Mercedes),42.86012,255.03678,Sunny,0.05
193,7,Hamilton (Mercedes),42.10459,297.14137,Sunny,0.05
193,8,Hamilton (Mercedes),42.37518,339.51655,Sunny,0.05
193,9,Hamilton (Mercedes),41.95499,381.47154,Sunny,0.05
193,10,Hamilton (Mercedes),42.12714,423.59868,Sunny,0.05
193,1,Verstappen (Red Bull),41.47538,41.47538,Sunny,0.05
193,2,Verstappen (Red Bull),42.43259,83.90797,Sunny,0.05
193,3,Verstappen (Red Bull),41.34194,125.24991,Sunny,0.05
193,4,Verstappen (Red Bull),42.84637,168.09628,Sunny,0.05
193,5,Verstappen (Red Bull),42.19793,210.29421,Sunny,0.05
193,6,Verstappen (Red Bull),42.20995,252.50416,Sunny,0.05
193,7,Verstappen (Red Bull),42.21956,294.72373,Sunny,0.05
193,8,Verstappen (Red Bull),41.10976,335.83349,Sunny,0.05
193,9,Verstappen (Red Bull),41.83411,377.6676,Sunny,0.05
193,10,Verstappen (Red Bull),42.99977,420.66737,Sunny,0.05
193,1,Norris (McLaren),41.87913,41.87913,Sunny,0.05
193,2,Norris (McLaren),42.36083,84.23996,Sunny,0.05
193,3,Norris (McLaren),41.33592,125.57588,Sunny,0.05
193,4,Norris (McLaren),42.77606,168.35194,Sunny,0.05
193,5,Norris (McLaren),43.24907,211.60101,Sunny,0.05
193,6,Norris (McLaren),43.20308,254.80409,Sunny,0.05
193,7,Norris (McLaren),41.61707,296.42116,Sunny,0.05
193,8,Norris (McLaren),42.47217,338.89333,Sunny,0.05
193,9,Norris (McLaren),40.72179,379.61512,Sunny,0.05
193,10,Norris (McLaren),41.7721,421.38721,Sunny,0.05
194,1,Hamilton (Mercedes),42.69647,42.69647,Sunny,0.05
194,2,Hamilton (Mercedes),42.44806,85.14452,Sunny,0.05
194,3,Hamilton (Mercedes),41.79613,126.94065,Sunny,0.05
194,4,Hamilton (Mercedes),42.21062,169.15127,Sunny,0.05
194,5,Hamilton (Mercedes),42.82744,211.97871,Sunny,0.05
194,6,Hamilton (Mercedes),41.97319,253.95189,Sunny,0.05
194,7,Hamilton (Mercedes),43.13726,297.08915,Sunny,0.05
194,8,Hamilton (Mercedes),42.75304,339.8422,Sunny,0.05
194,9,Hamilton (Mercedes),42.84288,382.68507,Sunny,0.05
194,10,Hamilton (Mercedes),43.05159,425.73666,Sunny,0.05
194,1,Verstappen (Red Bull),42.51686,42.51686,Sunny,0.05
194,2,Verstappen (Red Bull),41.50646,84.02333,Sunny,0.05
194,3,Verstappen (Red Bull),42.3,126.32332,Sunny,0.05
194,4,Verstappen (Red Bull),42.7059,169.02922,Sunny,0.05
194,5,Verstappen (Red Bull),42.70624,211.73547,Sunny,0.05
194,6,Verstappen (Red Bull),41.64638,253.38185,Sunny,0.05
194,7,Verstappen (Red Bull),42.93674,296.31859,Sunny,0.05
194,8,Verstappen (Red Bull),42.3761,338.69469,Sunny,0.05
194,9,Verstappen (Red Bull),42.17564,380.87033,Sunny,0.05
194,10,Verstappen (Red Bull),42.39365,423.26398,Sunny,0.05
194,1,Norris (McLaren),43.45959,43.45959,Sunny,0.05
194,2,Norris (McLaren),41.7202,85.17979,Sunny,0.05
194,3,Norris (McLaren),43.48975,128.66954,Sunny,0.05
194,4,Norris (McLaren),42.17825,170.84779,Sunny,0.05
194,5,Norris (McLaren),43.10681,213.9546,Sunny,0.05
194,6,Norris (McLaren),41.78804,255.74264,Sunny,0.05
194,7,Norris (McLaren),43.2908,299.03344,Sunny,0.05
194,8,Norris (McLaren),40.81991,339.85335,Sunny,0.05
194,9,Norris (McLaren),43.93016,383.78351,Sunny,0.05
194,10,Norris (McLaren),43.22285,427.00636,Sunny,0.05
195,1,Hamilton (Mercedes),43.01809,43.01809,Sunny,0.05
195,2,Hamilton (Mercedes),42.30476,85.32286,Sunny,0.05
195,3,Hamilton (Mercedes),42.36875,127.6916,Sunny,0.05
195,4,Hamilton (Mercedes),42.90611,170.59771,Sunny,0.05
195,5,Hamilton (Mercedes),42.77723,213.37493,Sunny,0.05
195,6,Hamilton (Mercedes),42.41133,255.78627,Sunny,0.05
195,7,Hamilton (Mercedes),42.83713,298.6234,Sunny,0.05
195,8,Hamilton (Mercedes),42.37557,340.99897,Sunny,0.05
195,9,Hamilton (Mercedes),42.52633,383.5253,Sunny,0.05
195,10,Hamilton (Mercedes),42.68033,426.20563,Sunny,0.05
195,1,Verstappen (Red Bull),42.09389,42.09389,Sunny,0.05
195,2,Verstappen (Red Bull),42.51387,84.60777,Sunny,0.05
195,3,Verstappen (Red Bull),42.23387,126.84163,Sunny,0.05
195,4,Verstappen (Red Bull),42.33181,169.17344,Sunny,0.05
195,5,Verstappen (Red Bull),42.6606,211.83404,Sunny,0.05
195,6,Verstappen (Red Bull),42.15121,253.98525,Sunny,0.05
195,7,Verstappen (Red Bull),42.07396,296.05922,Sunny,0.05
195,8,Verstappen (Red Bull),41.71921,337.77842,Sunny,0.05
195,9,Verstappen (Red Bull),42.05599,379.83442,Sunny,0.05
195,10,Verstappen (Red Bull),42.0904,421.92481,Sunny,0.05
195,1,Norris (McLaren),42.99699,42.99699,Sunny,0.05
195,2,Norris (McLaren),42.09492,85.0919,Sunny,0.05
195,3,Norris (McLaren),41.71846,126.81037,Sunny,0.05
195,4,Norris (McLaren),42.19426,169.00462,Sunny,0.05
195,5,Norris (McLaren),43.89578,212.9004,Sunny,0.05
195,6,Norris (McLaren),42.07638,254.97678,Sunny,0.05
195,7,Norris (McLaren),44.05149,299.02828,Sunny,0.05
195,8,Norris (McLaren),42.57532,341.6036,Sunny,0.05
195,9,Norris (McLaren),42.77712,384.38072,Sunny,0.05
195,10,Norris (McLaren),42.58124,426.96197,Sunny,0.05
196,1,Hamilton (Mercedes),42.28765,42.28765,Sunny,0.05
196,2,Hamilton (Mercedes),42.22827,84.51592,Sunny,0.05
196,3,Hamilton (Mercedes),41.72775,126.24367,Sunny,0.05
196,4,Hamilton (Mercedes),42.51641,168.76008,Sunny,0.05
196,5,Hamilton (Mercedes),42.43972,211.1998,Sunny,0.05
196,6,Hamilton (Mercedes),42.47786,253.67766,Sunny,0.05
196,7,Hamilton (Mercedes),42.43428,296.11194,Sunny,0.05
196,8,Hamilton (Mercedes),41.35217,337.46411,Sunny,0.05
196,9,Hamilton (Mercedes),42.7051,380.16921,Sunny,0.05
196,10,Hamilton (Mercedes),42.83186,423.00107,Sunny,0.05
196,1,Verstappen (Red Bull),41.73081,41.73081,Sunny,0.05
196,2,Verstappen (Red Bull),41.16371,82.89451,Sunny,0.05
196,3,Verstappen (Red Bull),42.43148,125.326,Sunny,0.05
196,4,Verstappen (Red Bull),42.31818,167.64418,Sunny,0.05
196,5,Verstappen (Red Bull),41.73944,209.38362,Sunny,0.05
196,6,Verstappen (Red Bull),41.82234,251.20595,Sunny,0.05
196,7,Verstappen (Red Bull),41.31347,292.51942,Sunny,0.05
196,8,Verstappen (Red Bull),42.18101,334.70044,Sunny,0.05
196,9,Verstappen (Red Bull),41.82836,376.5288,Sunny,0.05
196,10,Verstappen (Red Bull),41.47035,417.99914,Sunny,0.05
196,1,Norris (McLaren),42.10636,42.10636,Sunny,0.05
196,2,Norris (McLaren),42.88237,84.98874,Sunny,0.05
196,3,Norris (McLaren),40.96711,125.95585,Sunny,0.05
196,4,Norris (McLaren),41.82669,167.78253,Sunny,0.05
196,5,Norris (McLaren),43.8839,211.66644,Sunny,0.05
196,6,Norris (McLaren),42.80396,254.47039,Sunny,0.05
196,7,Norris (McLaren),43.12085,297.59125,Sunny,0.05
196,8,Norris (McLaren),43.43714,341.02839,Sunny,0.05
196,9,Norris (McLaren),43.01488,384.04326,Sunny,0.05
196,10,Norris (McLaren),43.33084,427.37411,Sunny,0.05
197,1,Hamilton (Mercedes),41.86526,41.86526,Sunny,0.05
197,2,Hamilton (Mercedes),42.14273,84.00799,Sunny,0.05
197,3,Hamilton (Mercedes),42.76103,126.76902,Sunny,0.05
197,4,Hamilton (Mercedes),42.57137,169.34039,Sunny,0.05
197,5,Hamilton (Mercedes),42.44853,211.78891,Sunny,0.05
197,6,Hamilton (Mercedes),42.27147,254.06039,Sunny,0.05
197,7,Hamilton (Mercedes),44.17005,298.23044,Sunny,0.05
197,8,Hamilton (Mercedes),43.42017,341.65061,Sunny,0.05
197,9,Hamilton (Mercedes),42.55264,384.20325,Sunny,0.05
197,10,Hamilton (Mercedes),42.76168,426.96493,Sunny,0.05
197,1,Verstappen (Red Bull),41.55007,41.55007,Sunny,0.05
197,2,Verstappen (Red Bull),43.55696,85.10703,Sunny,0.05
197,3,Verstappen (Red Bull),41.27414,126.38117,Sunny,0.05
197,4,Verstappen (Red Bull),42.94024,169.32141,Sunny,0.05
197,5,Verstappen (Red Bull),41.94955,211.27096,Sunny,0.05
197,6,Verstappen (Red Bull),42.33077,253.60173,Sunny,0.05
197,7,Verstappen (Red Bull),42.52732,296.12905,Sunny,0.05
197,8,Verstappen (Red Bull),41.86422,337.99327,Sunny,0.05
197,9,Verstappen (Red Bull),41.73592,379.72919,Sunny,0.05
197,10,Verstappen (Red Bull),42.39506,422.12425,Sunny,0.05
197,1,Norris (McLaren),43.0296,43.0296,Sunny,0.05
197,2,Norris (McLaren),42.05603,85.08563,Sunny,0.05
197,3,Norris (McLaren),42.40053,127.48616,Sunny,0.05
197,4,Norris (McLaren),42.11754,169.6037,Sunny,0.05
197,5,Norris (McLaren),40.79279,210.39649,Sunny,0.05
197,6,Norris (McLaren),42.99839,253.39488,Sunny,0.05
197,7,Norris (McLaren),42.26201,295.65689,Sunny,0.05
197,8,Norris (McLaren),42.33928,337.99617,Sunny,0.05
197,9,Norris (McLaren),42.5059,380.50207,Sunny,0.05
197,10,Norris (McLaren),42.9546,423.45666,Sunny,0.05
198,1,Hamilton (Mercedes),42.19872,42.19872,Sunny,0.05
198,2,Hamilton (Mercedes),43.17858,85.37729,Sunny,0.05
198,3,Hamilton (Mercedes),41.92967,127.30696,Sunny,0.05
198,4,Hamilton (Mercedes),42.43304,169.74001,Sunny,0.05
198,5,Hamilton (Mercedes),42.86525,212.60525,Sunny,0.05
198,6,Hamilton (Mercedes),42.07051,254.67577,Sunny,0.05
198,7,Hamilton (Mercedes),42.06169,296.73745,Sunny,0.05
198,8,Hamilton (Mercedes),42.27329,339.01074,Sunny,0.05
198,9,Hamilton (Mercedes),42.9611,381.97184,Sunny,0.05
198,10,Hamilton (Mercedes),41.97853,423.95037,Sunny,0.05
198,1,Verstappen (Red Bull),42.39189,42.39189,Sunny,0.05
198,2,Verstappen (Red Bull),41.53258,83.92446,Sunny,0.05
198,3,Verstappen (Red Bull),42.61357,126.53804,Sunny,0.05
198,4,Verstappen (Red Bull),42.54139,169.07943,Sunny,0.05
198,5,Verstappen (Red Bull),42.90655,211.98598,Sunny,0.05
198,6,Verstappen (Red Bull),41.86704,253.85301,Sunny,0.05
198,7,Verstappen (Red Bull),42.16765,296.02067,Sunny,0.05
198,8,Verstappen (Red Bull),42.28911,338.30978,Sunny,0.05
198,9,Verstappen (Red Bull),41.44583,379.75561,Sunny,0.05
198,10,Verstappen (Red Bull),42.77381,422.52942,Sunny,0.05
198,1,Norris (McLaren),41.97925,41.97925,Sunny,0.05
198,2,Norris (McLaren),41.83503,83.81428,Sunny,0.05
198,3,Norris (McLaren),42.90482,126.7191,Sunny,0.05
198,4,Norris (McLaren),42.6845,169.4036,Sunny,0.05
198,5,Norris (McLaren),43.12095,212.52455,Sunny,0.05
198,6,Norris (McLaren),42.19995,254.7245,Sunny,0.05
198,7,Norris (McLaren),42.04212,296.76662,Sunny,0.05
198,8,Norris (McLaren),41.23203,337.99865,Sunny,0.05
198,9,Norris (McLaren),42.42224,380.4209,Sunny,0.05
198,10,Norris (McLaren),43.52729,423.94819,Sunny,0.05
199,1,Hamilton (Mercedes),42.37265,42.37265,Sunny,0.05
199,2,Hamilton (Mercedes),42.3866,84.75925,Sunny,0.05
199,3,Hamilton (Mercedes),42.6463,127.40555,Sunny,0.05
199,4,Hamilton (Mercedes),41.60053,169.00607,Sunny,0.05
199,5,Hamilton (Mercedes),42.28542,211.2915,Sunny,0.05
199,6,Hamilton (Mercedes),43.38044,254.67194,Sunny,0.05
199,7,Hamilton (Mercedes),42.22664,296.89858,Sunny,0.05
199,8,Hamilton (Mercedes),41.78463,338.68321,Sunny,0.05
199,9,Hamilton (Mercedes),42.49363,381.17684,Sunny,0.05
199,10,Hamilton (Mercedes),43.17268,424.34951,Sunny,0.05
199,1,Verstappen (Red Bull),41.92987,41.92987,Sunny,0.05
199,2,Verstappen (Red Bull),42.78933,84.7192,Sunny,0.05
199,3,Verstappen (Red Bull),42.73862,127.45781,Sunny,0.05
199,4,Verstappen (Red Bull),41.97548,169.4333,Sunny,0.05
199,5,Verstappen (Red Bull),42.29295,211.72625,Sunny,0.05
199,6,Verstappen (Red Bull),41.34298,253.06922,Sunny,0.05
199,7,Verstappen (Red Bull),42.18565,295.25487,Sunny,0.05
199,8,Verstappen (Red Bull),41.74763,337.0025,Sunny,0.05
199,9,Verstappen (Red Bull),42.92398,379.92648,Sunny,0.05
199,10,Verstappen (Red Bull),41.53361,421.46008,Sunny,0.05
199,1,Norris (McLaren),42.0086,42.0086,Sunny,0.05
199,2,Norris (McLaren),42.99959,85.00818,Sunny,0.05
199,3,Norris (McLaren),42.61574,127.62393,Sunny,0.05
199,4,Norris (McLaren),42.31646,169.94039,Sunny,0.05
199,5,Norris (McLaren),42.20749,212.14788,Sunny,0.05
199,6,Norris (McLaren),41.63779,253.78566,Sunny,0.05
199,7,Norris (McLaren),41.48962,295.27529,Sunny,0.05
199,8,Norris (McLaren),43.58468,338.85997,Sunny,0.05
199,9,Norris (McLaren),41.85743,380.7174,Sunny,0.05
199,10,Norris (McLaren),43.23629,423.95368,Sunny,0.05
200,1,Hamilton (Mercedes),42.51323,42.51323,Sunny,0.05
200,2,Hamilton (Mercedes),42.38599,84.89921,Sunny,0.05
200,3,Hamilton (Mercedes),42.91781,127.81702,Sunny,0.05
200,4,Hamilton (Mercedes),43.29758,171.1146,Sunny,0.05
200,5,Hamilton (Mercedes),41.58571,212.70031,Sunny,0.05
200,6,Hamilton (Mercedes),41.35218,254.0525,Sunny,0.05
200,7,Hamilton (Mercedes),41.69549,295.74799,Sunny,0.05
200,8,Hamilton (Mercedes),42.04449,337.79248,Sunny,0.05
200,9,Hamilton (Mercedes),43.10573,380.89821,Sunny,0.05
200,10,Hamilton (Mercedes),42.59325,423.49146,Sunny,0.05
200,1,Verstappen (Red Bull),42.6128,42.6128,Sunny,0.05
200,2,Verstappen (Red Bull),41.42812,84.04093,Sunny,0.05
200,3,Verstappen (Red Bull),42.45228,126.49321,Sunny,0.05
200,4,Verstappen (Red Bull),42.67893,169.17214,Sunny,0.05
200,5,Verstappen (Red Bull),42.52325,211.69539,Sunny,0.05
200,6,Verstappen (Red Bull),42.27295,253.96834,Sunny,0.05
200,7,Verstappen (Red Bull),41.68733,295.65567,Sunny,0.05
200,8,Verstappen (Red Bull),43.2721,338.92776,Sunny,0.05
200,9,Verstappen (Red Bull),41.71653,380.64429,Sunny,0.05
200,10,Verstappen (Red Bull),41.82211,422.46641,Sunny,0.05
200,1,Norris (McLaren),43.36338,43.36338,Sunny,0.05
200,2,Norris (McLaren),43.18953,86.55291,Sunny,0.05
200,3,Norris (McLaren),42.5116,129.06451,Sunny,0.05
200,4,Norris (McLaren),42.15894,171.22345,Sunny,0.05
200,5,Norris (McLaren),43.30635,214.5298,Sunny,0.05
200,6,Norris (McLaren),43.45347,257.98327,Sunny,0.05
200,7,Norris (McLaren),42.86504,300.84832,Sunny,0.05
200,8,Norris (McLaren),42.89087,343.73919,Sunny,0.05
200,9,Norris (McLaren),42.76769,386.50687,Sunny,0.05
200,10,Norris (McLaren),43.83757,430.34445,Sunny,0.05
